homt-1	Y74C9A.3
nlp-40	Y74C9A.2
rcor-1	Y74C9A.4
sesn-1	Y74C9A.5
txt-7	Y74C9A.1
Y48G1C.12	Y48G1C.12
pgs-1	Y48G1C.4
Y48G1C.5	Y48G1C.5
csk-1	Y48G1C.2
Y48G1C.10	Y48G1C.10
Y48G1C.6	Y48G1C.6
natc-3	Y48G1C.9
pid-2	Y48G1C.1
Y48G1C.13	Y48G1C.13
Y48G1C.8	Y48G1C.8
rab-11.1	F53G12.1
rpl-7	F53G12.10
F53G12.9	F53G12.9
F53G12.8	F53G12.8
col-45	F53G12.7
spe-8	F53G12.6
mex-3	F53G12.5
F53G12.4	F53G12.4
duox-2	F53G12.3
F53G12.18	F53G12.18
bli-3	F56C11.1
ptr-11	F56C11.2
cest-27	F56C11.6
F56C11.5	F56C11.5
F56C11.3	F56C11.3
atm-1	Y48G1BL.2
Y48G1BL.7	Y48G1BL.7
Y48G1BL.8	Y48G1BL.8
Y48G1BM.10	Y48G1BM.10
Y48G1BM.6	Y48G1BM.6
snpc-3.2	Y48G1BM.1
Y48G1BR.1	Y48G1BR.1
marc-4	C53D5.2
ztf-3	C53D5.4
C53D5.1	C53D5.1
C53D5.5	C53D5.5
imb-3	C53D5.6
xpo-2	Y48G1A.5
nol-14	Y48G1A.4
daf-25	Y48G1A.3
mbtr-1	Y48G1A.6
Y48G1A.2	Y48G1A.2
Y48G1A.1	Y48G1A.1
rnp-8	R119.7
R119.2	R119.2
R119.3	R119.3
pqn-59	R119.4
taf-4	R119.6
R119.5	R119.5
otub-2	Y50C1A.1
Y50C1A.2	Y50C1A.2
C07F11.2	C07F11.2
tol-1	C07F11.1
W04C9.4	W04C9.4
W04C9.5	W04C9.5
cutl-13	W04C9.3
W04C9.9	W04C9.9
W04C9.6	W04C9.6
W04C9.2	W04C9.2
haf-4	W04C9.1
Y65B4BL.3	Y65B4BL.3
Y65B4BL.4	Y65B4BL.4
deps-1	Y65B4BL.2
Y65B4BL.7	Y65B4BL.7
acs-13	Y65B4BL.5
Y65B4BL.6	Y65B4BL.6
Y65B4BL.1	Y65B4BL.1
Y65B4BM.3	Y65B4BM.3
psf-3	Y65B4BR.8
icd-2	Y65B4BR.5
wwp-1	Y65B4BR.4
ptr-21	Y65B4BR.3
lpr-1	Y65B4BR.2
Y65B4BR.1	Y65B4BR.1
ceh-9	Y65B4BR.9
grl-16	Y65B4BR.6
F56A6.5	F56A6.5
F56A6.8	F56A6.8
hum-7	F56A6.2
eme-1	F56A6.4
sago-2	F56A6.1
Y65B4A.4	Y65B4A.4
Y65B4A.6	Y65B4A.6
vps-20	Y65B4A.3
Y65B4A.2	Y65B4A.2
Y65B4A.7	Y65B4A.7
cus-2	Y65B4A.1
Y65B4A.8	Y65B4A.8
Y65B4A.9	Y65B4A.9
Y18H1A.14	Y18H1A.14
Y18H1A.11	Y18H1A.11
hasp-2	Y18H1A.10
ptp-5.3	Y18H1A.1
Y18H1A.4	Y18H1A.4
Y18H1A.2	Y18H1A.2
hgap-1	Y18H1A.3
rec-1	Y18H1A.7
pif-1	Y18H1A.6
Y18H1A.15	Y18H1A.15
Y18H1A.18	Y18H1A.18
col-46	Y18H1A.13
col-47	Y18H1A.12
Y18H1A.9	Y18H1A.9
Y18H1A.8	Y18H1A.8
mps-3	T06A4.2
T06A4.3	T06A4.3
T06A4.1	T06A4.1
zfh-2	ZC123.3
ZC123.1	ZC123.1
cdk-14	ZC123.4
zfr-1	Y95B8A.8
pde-6	Y95B8A.10
Y95B8A.6	Y95B8A.6
him-19	Y95B8A.11
gpa-16	Y95B8A.5
Y95B8A.4	Y95B8A.4
prhg-1	Y95B8A.12
nas-30	Y95B8A.1
mig-1	Y34D9B.1
cutl-20	F54A5.2
shc-1	F54A5.3
hmbx-1	F54A5.1
C54G6.3	C54G6.3
C54G6.2	C54G6.2
madf-6	C54G6.1
C54G6.8	C54G6.8
spp-17	C54G6.5
spp-23	Y34D9A.11
mrpl-38	Y34D9A.1
spd-1	Y34D9A.4
Y34D9A.3	Y34D9A.3
Y34D9A.7	Y34D9A.7
glrx-10	Y34D9A.6
Y34D9A.8	Y34D9A.8
vps-4	Y34D9A.10
npr-23	Y34D9A.2
gsa-1	R06A10.2
R06A10.1	R06A10.1
R06A10.5	R06A10.5
R06A10.4	R06A10.4
ZK993.2	ZK993.2
ZK993.5	ZK993.5
ceh-45	ZK993.1
znf-236	Y48G8AL.10
aps-3	Y48G8AL.14
rpl-17	Y48G8AL.8
Y48G8AL.7	Y48G8AL.7
haf-6	Y48G8AL.11
smg-2	Y48G8AL.6
nsun-2	Y48G8AL.5
herc-1	Y48G8AL.1
Y48G8AL.16	Y48G8AL.16
Y48G8AL.12	Y48G8AL.12
Y48G8AL.13	Y48G8AL.13
Y48G8AL.15	Y48G8AL.15
grh-1	Y48G8AR.1
Y48G8AR.8	Y48G8AR.8
Y48G8AR.2	Y48G8AR.2
Y48G8AR.3	Y48G8AR.3
dapk-1	K12C11.4
K12C11.5	K12C11.5
K12C11.3	K12C11.3
K12C11.6	K12C11.6
K12C11.7	K12C11.7
smo-1	K12C11.2
K12C11.1	K12C11.1
Y92H12BL.1	Y92H12BL.1
Y92H12BL.5	Y92H12BL.5
Y92H12BL.6	Y92H12BL.6
Y92H12BL.7	Y92H12BL.7
Y92H12BL.4	Y92H12BL.4
Y92H12BM.1	Y92H12BM.1
Y92H12BR.7	Y92H12BR.7
set-29	Y92H12BR.6
Y92H12BR.2	Y92H12BR.2
Y92H12BR.3	Y92H12BR.3
mrpl-15	Y92H12BR.8
F37F2.2	F37F2.2
spe-15	F47G6.4
gst-25	F37F2.3
F47G6.3	F47G6.3
acs-16	F47G6.2
dyb-1	F47G6.1
Y92H12A.5	Y92H12A.5
ints-3	Y92H12A.4
Y92H12A.2	Y92H12A.2
src-1	Y92H12A.1
Y73E7A.3	Y73E7A.3
cpx-1	Y73E7A.4
aatf-1	Y73E7A.2
Y73E7A.6	Y73E7A.6
adpr-1	Y73E7A.9
bre-4	Y73E7A.7
Y73E7A.1	Y73E7A.1
Y73E7A.8	Y73E7A.8
mab-20	Y71G12B.20
Y71G12B.18	Y71G12B.18
pqn-88	Y71G12B.21
Y71G12B.33	Y71G12B.33
Y71G12B.22	Y71G12B.22
Y71G12B.17	Y71G12B.17
Y71G12B.23	Y71G12B.23
Y71G12B.35	Y71G12B.35
drag-1	Y71G12B.16
Y71G12B.31	Y71G12B.31
ubc-3	Y71G12B.15
lsm-6	Y71G12B.14
Y71G12B.13	Y71G12B.13
atg-5	Y71G12B.12
tln-1	Y71G12B.11
mppa-1	Y71G12B.24
Y71G12B.10	Y71G12B.10
lin-65	Y71G12B.9
ddx-27	Y71G12B.8
Y71G12B.25	Y71G12B.25
Y71G12B.26	Y71G12B.26
rml-5	Y71G12B.6
Y71G12B.27	Y71G12B.27
Y71G12B.5	Y71G12B.5
pghm-1	Y71G12B.4
Y71G12B.3	Y71G12B.3
Y71G12B.32	Y71G12B.32
Y71G12B.2	Y71G12B.2
Y71G12B.30	Y71G12B.30
chaf-2	Y71G12B.1
C53H9.3	C53H9.3
C53H9.2	C53H9.2
rpl-27	C53H9.1
egl-30	M01D7.7
C53H9.4	C53H9.4
emr-1	M01D7.6
nlp-12	M01D7.5
tag-96	M01D7.4
M01D7.9	M01D7.9
scm-1	M01D7.2
tub-2	Y71G12A.3
Y71G12A.5	Y71G12A.5
Y71G12A.4	Y71G12A.4
trpp-10	Y71G12A.2
Y51F10.7	Y51F10.7
hex-4	Y51F10.5
Y51F10.4	Y51F10.4
Y51F10.15	Y51F10.15
spe-48	Y51F10.10
Y51F10.11	Y51F10.11
Y51F10.3	Y51F10.3
Y51F10.2	Y51F10.2
gap-3	Y20F4.3
crtc-1	Y20F4.2
Y20F4.4	Y20F4.4
Y20F4.8	Y20F4.8
Y37E3.1	Y37E3.1
rpb-10	Y37E3.3
moag-4	Y37E3.4
arl-13	Y37E3.5
rla-1	Y37E3.7
Y37E3.8	Y37E3.8
phb-1	Y37E3.9
eif-2alpha	Y37E3.10
pcyt-2.1	Y37E3.11
iglr-3	Y37E3.13
npp-13	Y37E3.15
Y37E3.19	Y37E3.19
fpn-1.1	Y37E3.16
Y37E3.17	Y37E3.17
Y37E3.30	Y37E3.30
afd-1	W03F11.6
W03F11.5	W03F11.5
ule-1	W03F11.1
gcy-17	W03F11.2
dct-9	W03F11.3
W03F11.4	W03F11.4
lgc-51	F12B6.3
slc-17.6	F12B6.2
abt-2	F12B6.1
Y39G10AL.1	Y39G10AL.1
cdk-7	Y39G10AL.3
Y39G10AR.11	Y39G10AR.11
tpxl-1	Y39G10AR.12
epg-2	Y39G10AR.10
icp-1	Y39G10AR.13
Y39G10AR.9	Y39G10AR.9
nsun-4	Y39G10AR.21
tbca-1	Y39G10AR.20
eif-2gamma	Y39G10AR.8
ekl-7	Y39G10AR.7
mcm-4	Y39G10AR.14
Y39G10AR.32	Y39G10AR.32
Y39G10AR.15	Y39G10AR.15
srbc-64	Y39G10AR.22
Y39G10AR.16	Y39G10AR.16
ugt-31	Y39G10AR.6
zeel-1	Y39G10AR.5
peel-1	Y39G10AR.25
nekl-1	Y39G10AR.3
sydn-1	Y39G10AR.17
dot-1.1	Y39G10AR.18
zwl-1	Y39G10AR.2
F23C8.13	F23C8.13
F23C8.5	F23C8.5
did-2	F23C8.6
F23C8.7	F23C8.7
F23C8.8	F23C8.8
tipn-1	F23C8.9
ubxn-1	F23C8.4
F23C8.14	F23C8.14
F23C8.3	F23C8.3
inx-19	T16H5.1
Y74C10AL.2	Y74C10AL.2
abtm-1	Y74C10AR.3
Y74C10AR.2	Y74C10AR.2
eif-3.I	Y74C10AR.1
ddx-10	Y23H5B.6
Y23H5B.5	Y23H5B.5
dmsr-2	Y23H5B.4
Y23H5B.3	Y23H5B.3
Y23H5B.8	Y23H5B.8
nspd-8	Y23H5B.9
Y23H5B.1	Y23H5B.1
Y23H5B.12	Y23H5B.12
C55C2.4	C55C2.4
C55C2.3	C55C2.3
ssp-19	C55C2.2
scrt-1	C55C2.1
aat-5	C55C2.5
fbp-1	K07A3.1
ptr-12	K07A3.2
K07A3.3	K07A3.3
ctn-1	Y23H5A.5
spe-47	Y23H5A.4
pid-3	Y23H5A.3
Y23H5A.2	Y23H5A.2
cars-1	Y23H5A.7
Y23H5A.8	Y23H5A.8
F40E3.3	F40E3.3
mage-1	F40E3.2
F40E3.5	F40E3.5
F40E3.6	F40E3.6
F32B5.6	F32B5.6
F32B5.7	F32B5.7
cpz-1	F32B5.8
msrp-1	F32B5.4
F32B5.3	F32B5.3
F32B5.2	F32B5.2
F32B5.1	F32B5.1
lin-17	Y71F9B.5
dnj-30	Y71F9B.16
Y71F9B.6	Y71F9B.6
snr-7	Y71F9B.4
yop-1	Y71F9B.3
Y71F9B.2	Y71F9B.2
lron-11	Y71F9B.8
plk-2	Y71F9B.7
Y71F9B.9	Y71F9B.9
sop-3	Y71F9B.10
Y71F9B.1	Y71F9B.1
Y71F9B.13	Y71F9B.13
Y71F9B.15	Y71F9B.15
W03D8.9	W03D8.9
W03D8.14	W03D8.14
W03D8.1	W03D8.1
W03D8.8	W03D8.8
W03D8.7	W03D8.7
W03D8.2	W03D8.2
itx-1	W03D8.6
W03D8.5	W03D8.5
W03D8.11	W03D8.11
W03D8.3	W03D8.3
pop-1	W10C8.2
ccb-2	W10C8.1
W10C8.4	W10C8.4
W10C8.5	W10C8.5
W10C8.6	W10C8.6
Y71F9AL.10	Y71F9AL.10
Y71F9AL.12	Y71F9AL.12
rpl-1	Y71F9AL.13
Y71F9AL.9	Y71F9AL.9
Y71F9AL.8	Y71F9AL.8
dnc-5	Y71F9AL.14
arx-1	Y71F9AL.16
Y71F9AL.7	Y71F9AL.7
Y71F9AL.25	Y71F9AL.25
Y71F9AL.6	Y71F9AL.6
copa-1	Y71F9AL.17
gst-43	Y71F9AL.5
Y71F9AL.4	Y71F9AL.4
parp-1	Y71F9AL.18
Y71F9AL.2	Y71F9AL.2
Y71F9AL.1	Y71F9AL.1
trap-1	Y71F9AM.6
nxt-1	Y71F9AM.5
cogc-3	Y71F9AM.4
Y71F9AM.11	Y71F9AM.11
Y71F9AM.8	Y71F9AM.8
Y71F9AR.10	Y71F9AR.10
bam-2	Y71F9AR.1
Y71F9AR.4	Y71F9AR.4
Y71F9AR.2	Y71F9AR.2
supr-1	Y71F9AR.3
dnj-28	Y54E10BL.4
nduf-5	Y54E10BL.5
Y54E10BL.3	Y54E10BL.3
mek-2	Y54E10BL.6
col-48	Y54E10BL.2
Y54E10BR.4	Y54E10BR.4
Y54E10BR.3	Y54E10BR.3
sec-11	Y54E10BR.5
rpb-7	Y54E10BR.6
Y54E10BR.2	Y54E10BR.2
mod-5	Y54E10BR.7
ztf-23	Y54E10BR.8
pign-1	Y54E10BR.1
arx-7	M01B12.3
M01B12.4	M01B12.4
riok-1	M01B12.5
nhr-64	C45E1.1
C45E1.5	C45E1.5
C45E1.4	C45E1.4
K09H9.9	K09H9.9
col-49	K09H9.3
K09H9.8	K09H9.8
K09H9.5	K09H9.5
lpd-6	K09H9.6
dscc-1	K09H9.2
K09H9.7	K09H9.7
K09H9.1	K09H9.1
vbh-1	Y54E10A.9
mrpl-17	Y54E10A.7
Y54E10A.6	Y54E10A.6
dnc-6	Y54E10A.5
Y54E10A.10	Y54E10A.10
Y54E10A.11	Y54E10A.11
syp-5	Y54E10A.12
Y54E10A.17	Y54E10A.17
fog-1	Y54E10A.4
rom-5	Y54E10A.14
cdt-1	Y54E10A.15
txl-1	Y54E10A.3
cogc-1	Y54E10A.2
mab-31	Y54E10A.16
tyr-5	Y44E3B.2
zip-4	Y44E3B.1
nol-58	W01B11.3
pqn-72	W01B11.5
sulp-6	W01B11.2
W01B11.6	W01B11.6
W01B11.1	W01B11.1
ace-2	Y44E3A.2
Y44E3A.7	Y44E3A.7
trx-4	Y44E3A.3
cdap-2	Y44E3A.4
Y44E3A.1	Y44E3A.1
edc-4	Y44E3A.6
W05F2.7	W05F2.7
W05F2.8	W05F2.8
W05F2.3	W05F2.3
W05F2.6	W05F2.6
W05F2.4	W05F2.4
cdk-2	K03E5.3
clik-3	K03E5.2
neto-1	K03E5.1
sep-1	Y47G6A.12
nefr-1	Y47G6A.28
Y47G6A.13	Y47G6A.13
msh-6	Y47G6A.11
Y47G6A.14	Y47G6A.14
spg-7	Y47G6A.10
Y47G6A.15	Y47G6A.15
Y47G6A.9	Y47G6A.9
crn-1	Y47G6A.8
ccep-290	Y47G6A.17
Y47G6A.7	Y47G6A.7
Y47G6A.18	Y47G6A.18
pcaf-1	Y47G6A.6
Y47G6A.19	Y47G6A.19
Y47G6A.30	Y47G6A.30
Y47G6A.5	Y47G6A.5
rnp-6	Y47G6A.20
rde-10	Y47G6A.4
Y47G6A.21	Y47G6A.21
Y47G6A.22	Y47G6A.22
Y47G6A.33	Y47G6A.33
lpd-3	Y47G6A.23
Y47G6A.3	Y47G6A.3
Y47G6A.31	Y47G6A.31
mis-12	Y47G6A.24
Y47G6A.25	Y47G6A.25
inx-22	Y47G6A.2
inx-21	Y47G6A.1
Y47G6A.26	Y47G6A.26
Y47G6A.32	Y47G6A.32
cah-6	T28F2.3
jmjc-1	T28F2.4
T28F2.2	T28F2.2
T28F2.1	T28F2.1
ccb-1	T28F2.5
col-50	T28F2.6
col-51	T28F2.8
acd-5	T28F2.7
smp-2	D1037.2
ftn-2	D1037.3
rab-8	D1037.4
D1037.1	D1037.1
ipla-4	D1037.5
msh-2	H26D21.2
hus-1	H26D21.1
F21A9.2	F21A9.2
F21A9.1	F21A9.1
lin-59	T12F5.4
glh-4	T12F5.3
T12F5.2	T12F5.2
larp-5	T12F5.5
sld-2	T12F5.1
math-46	Y8G1A.1
inx-13	Y8G1A.2
inx-12	ZK770.3
asic-1	ZK770.1
C32E8.12	C32E8.12
C32E8.6	C32E8.6
C32E8.13	C32E8.13
ric-19	C32E8.7
pmlr-1	C32E8.5
C32E8.4	C32E8.4
tppp-1	C32E8.3
rpl-13	C32E8.2
ptr-2	C32E8.8
C32E8.9	C32E8.9
C32E8.1	C32E8.1
unc-11	C32E8.10
ubr-1	C32E8.11
npp-11	F53F10.5
unc-108	F53F10.4
mpc-2	F53F10.3
F53F10.8	F53F10.8
F53F10.2	F53F10.2
F53F10.1	F53F10.1
gsp-4	T03F1.5
T03F1.6	T03F1.6
T03F1.11	T03F1.11
tfbm-1	T03F1.7
guk-1	T03F1.8
hcp-4	T03F1.9
pgk-1	T03F1.3
coq-4	T03F1.2
clec-53	T03F1.10
uba-5	T03F1.1
T03F1.12	T03F1.12
syf-1	C50F2.3
C50F2.2	C50F2.2
abf-2	C50F2.10
abf-1	C50F2.9
C50F2.4	C50F2.4
C50F2.5	C50F2.5
fkb-5	C50F2.6
C50F2.7	C50F2.7
magu-3	C50F2.8
pbs-4	T20F5.2
mrrf-1	T20F5.3
T20F5.8	T20F5.8
T20F5.4	T20F5.4
T20F5.5	T20F5.5
T20F5.6	T20F5.6
T20F5.7	T20F5.7
T21E3.2	T21E3.2
egg-4	T21E3.1
lrp-2	T21E3.3
F47B3.4	F47B3.4
F47B3.5	F47B3.5
F47B3.3	F47B3.3
F47B3.6	F47B3.6
F47B3.7	F47B3.7
F47B3.2	F47B3.2
F47B3.1	F47B3.1
F28H1.4	F28H1.4
F28H1.5	F28H1.5
aars-2	F28H1.3
cpn-3	F28H1.2
F28H1.1	F28H1.1
unc-73	F55C7.7
F55C7.2	F55C7.2
unc-89	C09D1.1
clec-89	C09D1.2
acd-2	C24G7.4
acd-1	C24G7.2
delm-2	C24G7.1
cyb-2.2	H31G24.4
H31G24.3	H31G24.3
H31G24.1	H31G24.1
lin-44	E01A2.3
let-504	E01A2.4
E01A2.2	E01A2.2
dph-6	E01A2.5
akir-1	E01A2.6
E01A2.1	E01A2.1
poml-2	E01A2.7
poml-3	E01A2.10
E01A2.8	E01A2.8
R12E2.15	R12E2.15
R12E2.14	R12E2.14
R12E2.6	R12E2.6
R12E2.7	R12E2.7
R12E2.8	R12E2.8
inx-15	R12E2.9
inx-16	R12E2.5
inx-17	R12E2.4
egg-5	R12E2.10
R12E2.11	R12E2.11
mrps-6	R12E2.12
rpn-8	R12E2.3
R12E2.13	R12E2.13
suco-1	R12E2.2
kel-20	R12E2.1
ppw-1	C18E3.7
cas-2	C18E3.6
snrp-40.2	C18E3.5
C18E3.3	C18E3.3
hop-1	C18E3.8
swsn-2.2	C18E3.2
C18E3.1	C18E3.1
C18E3.9	C18E3.9
nab-1	C43E11.6
C43E11.5	C43E11.5
ndx-7	C43E11.7
exoc-7	C43E11.8
tufm-2	C43E11.4
cogc-5	C43E11.11
C43E11.12	C43E11.12
met-1	C43E11.3
mus-81	C43E11.2
C43E11.9	C43E11.9
cdc-6	C43E11.10
acin-1	C43E11.1
Y47D9A.4	Y47D9A.4
Y47D9A.3	Y47D9A.3
Y47D9A.5	Y47D9A.5
scpl-3	Y47D9A.2
Y47D9A.1	Y47D9A.1
Y47D9A.7	Y47D9A.7
anc-1	ZK973.6
acr-6	ZK973.5
ZK973.4	ZK973.4
ZK973.8	ZK973.8
pdp-1	ZK973.3
ZK973.9	ZK973.9
lpd-5	ZK973.10
cec-10	ZK973.2
ZK973.11	ZK973.11
ZK973.1	ZK973.1
dhc-1	T21E12.4
T21E12.3	T21E12.3
tiam-1	C11D9.1
T21E12.5	T21E12.5
C41D11.10	C41D11.10
C41D11.3	C41D11.3
eif-3.H	C41D11.2
cps-6	C41D11.8
C41D11.9	C41D11.9
cmt-1	C41D11.5
eri-7	C41D11.7
eri-6	C41D11.1
sosi-1	C41D11.6
T01A4.9	T01A4.9
gcy-28	T01A4.1
mrpl-19	Y119C1B.4
rnf-145	Y119C1B.5
Y119C1B.6	Y119C1B.6
Y119C1B.12	Y119C1B.12
bet-1	Y119C1B.8
zig-9	Y119C1B.9
Y119C1B.3	Y119C1B.3
Y119C1B.11	Y119C1B.11
Y119C1B.1	Y119C1B.1
Y119C1B.10	Y119C1B.10
D1007.15	D1007.15
pqn-24	D1007.14
D1007.13	D1007.13
ceh-17	D1007.1
col-52	D1007.2
D1007.3	D1007.3
D1007.18	D1007.18
D1007.4	D1007.4
tmem-39	D1007.5
rps-10	D1007.6
rpl-24.1	D1007.12
D1007.10	D1007.10
D1007.19	D1007.19
nrd-1	D1007.7
eaf-1	D1007.16
D1007.8	D1007.8
C44E4.5	C44E4.5
ubr-4	C44E4.1
ssb-1	C44E4.4
acbp-1	C44E4.6
got-2.1	C44E4.3
Y119C1A.1	Y119C1A.1
lmd-2	B0041.3
rpl-4	B0041.4
B0041.8	B0041.8
B0041.5	B0041.5
B0041.12	B0041.12
ptps-1	B0041.6
ain-2	B0041.2
B0041.11	B0041.11
B0041.1	B0041.1
xnp-1	B0041.7
unc-57	T04D1.3
T04D1.2	T04D1.2
chd-7	T04D1.4
W09C3.4	W09C3.4
W09C3.3	W09C3.3
gsp-3	W09C3.6
W09C3.2	W09C3.2
W09C3.7	W09C3.7
W09C3.8	W09C3.8
W09C3.1	W09C3.1
C10H11.7	C10H11.7
ugt-26	C10H11.6
ugt-27	C10H11.5
ugt-28	C10H11.4
ugt-25	C10H11.3
mlst-8	C10H11.8
let-502	C10H11.9
viln-1	C10H11.1
kca-1	C10H11.10
kin-35	M04F3.3
rpa-2	M04F3.1
M04F3.4	M04F3.4
M04F3.5	M04F3.5
rpl-41.1	F54D7.6
rpl-41.2	F54D7.7
zig-7	F54D7.4
gnrr-1	F54D7.3
ept-1	F54D7.2
F57C9.6	F57C9.6
tofu-4	F57C9.7
htp-3	F57C9.5
F57C9.4	F57C9.4
glo-2	F57C9.3
clec-90	F57C9.2
pdxk-1	F57C9.1
rga-6	C01F4.2
F25F8.1	F25F8.1
glc-2	F25F8.2
F21F3.4	F21F3.4
unc-38	F21F3.5
icmt-1	F21F3.3
F21F3.2	F21F3.2
pgal-1	F21F3.1
F21F3.6	F21F3.6
F21F3.7	F21F3.7
imb-1	F28B3.8
mfsd-13.1	F28B3.5
acl-11	F28B3.9
dip-2	F28B3.4
F28B3.10	F28B3.10
F28B3.6	F28B3.6
him-1	F28B3.7
mzt-1	W03G9.8
enu-3.3	W03G9.3
pid-4	W03G9.2
app-1	W03G9.4
W03G9.5	W03G9.5
W03G9.9	W03G9.9
snf-1	W03G9.1
W03G9.10	W03G9.10
paf-1	W03G9.6
cil-7	W03G9.7
dyf-1	F54C1.5
mes-3	F54C1.3
dom-3	F54C1.2
F54C1.8	F54C1.8
sst-20	F54C1.9
F54C1.1	F54C1.1
F54C1.6	F54C1.6
pat-10	F54C1.7
C46H11.6	C46H11.6
lfe-2	C46H11.4
C46H11.3	C46H11.3
C46H11.7	C46H11.7
phat-1	C46H11.8
phat-2	C46H11.9
C46H11.2	C46H11.2
C46H11.10	C46H11.10
C46H11.1	C46H11.1
fhod-1	C46H11.11
vha-16	C30F8.2
kin-32	C30F8.4
C30F8.3	C30F8.3
ift-20	Y110A7A.20
spe-5	Y110A7A.12
chp-1	Y110A7A.13
pas-3	Y110A7A.14
use-1	Y110A7A.11
aap-1	Y110A7A.10
Y110A7A.21	Y110A7A.21
Y110A7A.15	Y110A7A.15
elpc-1	Y110A7A.16
Y110A7A.9	Y110A7A.9
mat-1	Y110A7A.17
prp-31	Y110A7A.8
Y110A7A.7	Y110A7A.7
pfkb-1.1	Y110A7A.6
mtm-1	Y110A7A.5
tyms-1	Y110A7A.4
unc-63	Y110A7A.3
trf-2	Y110A7A.2
ppw-2	Y110A7A.18
let-630	Y110A7A.19
hcp-6	Y110A7A.1
spd-5	F56A3.4
npp-6	F56A3.3
slx-1	F56A3.2
bro-1	F56A3.5
fncm-1	F56A3.1
pde-5	C32E12.2
osr-1	C32E12.3
sem-2	C32E12.5
C32E12.4	C32E12.4
C32E12.1	C32E12.1
mrpl-47	B0261.4
let-363	B0261.2
B0261.5	B0261.5
B0261.6	B0261.6
B0261.1	B0261.1
B0261.9	B0261.9
B0261.7	B0261.7
B0261.8	B0261.8
C01G8.1	C01G8.1
cln-3.2	C01G8.2
dhs-1	C01G8.3
dnj-4	C01G8.4
erm-1	C01G8.5
hpo-32	C01G8.6
let-526	C01G8.9
F48C1.3	F48C1.3
F48C1.5	F48C1.5
F48C1.6	F48C1.6
fbxa-145	F48C1.2
aman-3	F48C1.1
spe-11	F48C1.7
F48C1.9	F48C1.9
F48C1.11	F48C1.11
F48C1.8	F48C1.8
F55A12.6	F55A12.6
F55A12.18	F55A12.18
apm-1	F55A12.7
F55A12.5	F55A12.5
nath-10	F55A12.8
dhs-2	F55A12.4
ppk-1	F55A12.3
F55A12.2	F55A12.2
zhp-1	F55A12.10
tent-5	F55A12.9
C24A11.1	C24A11.1
frm-4	C24A11.8
coq-1	C24A11.9
erp-44.1	C30H7.2
F27C1.6	F27C1.6
F27C1.4	F27C1.4
F27C1.3	F27C1.3
atp-3	F27C1.7
F27C1.2	F27C1.2
dpy-5	F27C1.8
F27C1.11	F27C1.11
F27C1.1	F27C1.1
F27C1.13	F27C1.13
hil-8	T05E8.2
let-355	T05E8.3
C09D4.4	C09D4.4
rpl-19	C09D4.5
C09D4.6	C09D4.6
C09D4.9	C09D4.9
C09D4.3	C09D4.3
C09D4.2	C09D4.2
C09D4.1	C09D4.1
mrpl-24	F59A3.3
zipt-11	F59A3.4
rpa-4	F59A3.6
F59A3.2	F59A3.2
F59A3.12	F59A3.12
F59A3.13	F59A3.13
F59A3.7	F59A3.7
cpd-1	F59A3.1
F59A3.8	F59A3.8
pup-3	F59A3.9
tom-1	M01A10.2
ostd-1	M01A10.3
fubl-4	M01A10.1
pqn-52	M01E11.4
cey-3	M01E11.5
rmh-1	M01E11.3
klp-15	M01E11.6
ctnb-1	M01E11.2
M01E11.1	M01E11.1
tns-1	M01E11.7
ubl-5	F46F11.4
vha-10	F46F11.5
trpp-8	F46F11.9
xrep-4	F46F11.6
cey-2	F46F11.2
F46F11.7	F46F11.7
F46F11.10	F46F11.10
F46F11.8	F46F11.8
F46F11.1	F46F11.1
M01A12.4	M01A12.4
col-53	M01A12.1
F55F8.2	F55F8.2
F55F8.3	F55F8.3
cir-1	F55F8.4
wdr-12	F55F8.5
mff-2	F55F8.6
F55F8.7	F55F8.7
ptr-10	F55F8.1
F55F8.8	F55F8.8
zipt-2.4	F55F8.9
T19B4.5	T19B4.5
dnj-21	T19B4.4
T19B4.3	T19B4.3
unc-40	T19B4.7
npp-7	T19B4.2
pamn-1	T19B4.1
lim-7	C04F1.3
C04F1.1	C04F1.1
F56H1.10	F56H1.10
rpt-5	F56H1.4
rad-8	F56H1.6
che-14	F56H1.1
ccpp-1	F56H1.5
oxy-5	F56H1.7
dhhc-11	T22E7.2
lron-8	T22E7.1
hil-5	B0414.3
rnt-1	B0414.2
cpb-3	B0414.5
glh-3	B0414.6
mtk-1	B0414.7
srz-4	B0414.1
vps-51	B0414.8
lin-35	C32F10.2
C32F10.4	C32F10.4
hmg-3	C32F10.5
nhr-2	C32F10.6
C32F10.8	C32F10.8
obr-4	C32F10.1
twk-47	F33D11.5
F33D11.16	F33D11.16
ceh-12	F33D11.4
col-54	F33D11.3
F33D11.6	F33D11.6
F33D11.2	F33D11.2
F33D11.7	F33D11.7
F33D11.1	F33D11.1
nlp-62	F33D11.8
gpaa-1	F33D11.9
dhhc-3	F33D11.12
F33D11.17	F33D11.17
F33D11.10	F33D11.10
vpr-1	F33D11.11
cdc-7	C34G6.5
noah-1	C34G6.6
pgp-2	C34G6.4
C34G6.3	C34G6.3
tyr-4	C34G6.2
stam-1	C34G6.7
hpo-27	C34G6.1
B0207.5	B0207.5
B0207.6	B0207.6
air-2	B0207.4
gpa-14	B0207.3
B0207.7	B0207.7
B0207.2	B0207.2
B0207.9	B0207.9
B0207.10	B0207.10
B0207.11	B0207.11
B0207.1	B0207.1
avr-14	B0207.12
simr-1	C06A5.6
C06A5.3	C06A5.3
sir-2.4	C06A5.11
unc-94	C06A5.7
C06A5.12	C06A5.12
C06A5.2	C06A5.2
C06A5.8	C06A5.8
rnf-1	C06A5.9
ints-1	C06A5.1
csn-2	B0025.2
B0025.5	B0025.5
B0025.4	B0025.4
vps-34	B0025.1
C27A12.4	C27A12.4
let-391	C27A12.3
szy-5	C27A12.2
ceh-2	C27A12.5
ari-1.3	C27A12.6
ari-1.2	C27A12.7
ari-1.1	C27A12.8
pigo-1	C27A12.9
mbd-2	C27A12.10
ZK484.3	ZK484.3
tres-1	ZK484.4
haf-9	ZK484.2
msrp-2	ZK484.5
ZK484.6	ZK484.6
oaz-1	ZK484.1
ZK484.7	ZK484.7
nspd-1	ZK484.8
spch-3	T27A3.4
T27A3.5	T27A3.5
ssp-16	T27A3.3
T27A3.8	T27A3.8
nmrk-1	T27A3.6
T27A3.7	T27A3.7
usp-5	T27A3.2
trak-1	T27A3.1
pept-3	F56F4.5
F56F4.4	F56F4.4
F56F4.3	F56F4.3
ttr-55	F56F4.2
ttr-56	F56F4.9
ttr-58	F56F4.1
F56F4.8	F56F4.8
T09B4.5	T09B4.5
T09B4.6	T09B4.6
T09B4.8	T09B4.8
T09B4.4	T09B4.4
T09B4.3	T09B4.3
tin-44	T09B4.9
chn-1	T09B4.10
T09B4.2	T09B4.2
pigv-1	T09B4.1
T05E7.3	T05E7.3
T05E7.4	T05E7.4
col-55	T05E7.2
vet-1	T05E7.5
T05E7.1	T05E7.1
ech-1.2	T08B2.7
mrpl-23	T08B2.8
fars-1	T08B2.9
T08B2.15	T08B2.15
rbm-5	T08B2.5
rps-17	T08B2.10
T08B2.11	T08B2.11
T08B2.4	T08B2.4
T08B2.12	T08B2.12
col-56	T08B2.2
C48E7.7	C48E7.7
C48E7.6	C48E7.6
spp-15	C48E7.10
cof-2	C48E7.5
cebp-2	C48E7.11
lpd-2	C48E7.3
let-611	C48E7.2
C48E7.1	C48E7.1
oac-9	C48E7.8
twk-37	C48E7.9
C10G11.8	C10G11.8
spch-2	C10G11.9
chdp-1	C10G11.7
C10G11.6	C10G11.6
pnk-1	C10G11.5
srh-49	C10G11.4
srh-51	C10G11.3
srh-50	C10G11.2
C10G11.10	C10G11.10
C10G11.1	C10G11.1
F26B1.5	F26B1.5
col-58	F26B1.4
srg-14	F26B1.6
ima-2	F26B1.3
hrpk-1	F26B1.2
let-381	F26B1.7
F26B1.1	F26B1.1
F26B1.8	F26B1.8
bli-4	K04F10.4
mut-2	K04F10.6
K04F10.3	K04F10.3
K04F10.2	K04F10.2
K04F10.1	K04F10.1
K04F10.7	K04F10.7
ZC308.4	ZC308.4
gld-2	ZC308.1
klu-2	ZC328.2
ZC328.8	ZC328.8
cuti-1	ZC328.1
ZC328.5	ZC328.5
san-1	ZC328.4
ZC328.3	ZC328.3
R10A10.1	R10A10.1
rbx-2	R10A10.2
ncbp-1	F37E3.1
lron-6	F37E3.2
comp-1	F37E3.3
snt-4	T23H2.2
T23H2.3	T23H2.3
npp-12	T23H2.1
mam-8	T23H2.4
rab-10	T23H2.5
knl-2	K06A5.4
acdh-3	K06A5.6
K06A5.3	K06A5.3
K06A5.2	K06A5.2
cdc-25.1	K06A5.7
uad-2	K06A5.1
nmtn-1	K06A5.8
sulp-1	C55B7.6
dbr-1	C55B7.8
mdt-18	C55B7.9
uri-1	C55B7.5
acdh-1	C55B7.4
C55B7.3	C55B7.3
C55B7.10	C55B7.10
gly-2	C55B7.2
C55B7.11	C55B7.11
glh-2	C55B7.1
che-1	C55B7.12
T10E9.5	T10E9.5
T10E9.4	T10E9.4
T10E9.6	T10E9.6
nuo-2	T10E9.7
T10E9.14	T10E9.14
cpg-22	T10E9.3
T10E9.8	T10E9.8
T10E9.2	T10E9.2
T10E9.1	T10E9.1
acdh-4	T10E9.9
F57B10.8	F57B10.8
spg-20	F57B10.9
ucr-11	F57B10.14
dad-1	F57B10.10
tre-1	F57B10.7
xpg-1	F57B10.6
tmed-3	F57B10.5
bag-1	F57B10.11
mei-2	F57B10.12
syp-6	F57B10.4
ipgm-1	F57B10.3
let-607	F57B10.1
try-6	F48A9.3
F48A9.2	F48A9.2
maco-1	D2092.5
D2092.4	D2092.4
tsp-19	D2092.7
D2092.8	D2092.8
acr-11	D2092.3
ppfr-2	D2092.2
D2092.10	D2092.10
mctp-1	D2092.1
try-7	ZC581.6
ZC581.10	ZC581.10
ZC581.3	ZC581.3
ZC581.2	ZC581.2
ZC581.7	ZC581.7
nekl-2	ZC581.1
ZC581.9	ZC581.9
C17F3.1	C17F3.1
C17F3.3	C17F3.3
ckr-1	T23B3.4
T23B3.5	T23B3.5
T23B3.6	T23B3.6
T23B3.8	T23B3.8
T23B3.2	T23B3.2
T23B3.1	T23B3.1
W02D3.4	W02D3.4
W02D3.13	W02D3.13
mec-6	W02D3.3
lbp-6	W02D3.5
ant-1.2	W02D3.6
lbp-5	W02D3.7
smg-5	W02D3.8
dhod-1	W02D3.2
cytb-5.2	W02D3.1
W02D3.12	W02D3.12
unc-37	W02D3.9
fnci-1	W02D3.10
hrpf-1	W02D3.11
gpc-2	F08B6.2
calu-2	F08B6.3
F08B6.1	F08B6.1
unc-87	F08B6.4
pqn-21	C37A2.5
cye-1	C37A2.4
acdh-5	C37A2.3
C37A2.6	C37A2.6
C37A2.7	C37A2.7
pqn-20	C37A2.2
C37A2.8	C37A2.8
mek-5	E02D9.1
E02D9.3	E02D9.3
K02F2.5	K02F2.5
ulp-5	K02F2.4
teg-4	K02F2.3
ser-3	K02F2.6
ahcy-1	K02F2.2
dpf-3	K02F2.1
dpy-14	H27M09.4
H27M09.5	H27M09.5
syp-4	H27M09.3
rpb-5	H27M09.2
sacy-1	H27M09.1
glh-1	T21G5.3
let-383	T21G5.6
T21G5.2	T21G5.2
T21G5.12	T21G5.12
smz-2	T21G5.4
T21G5.1	T21G5.1
asd-2	T21G5.5
C48B6.4	C48B6.4
srb-15	C48B6.5
smg-1	C48B6.6
C48B6.3	C48B6.3
C48B6.2	C48B6.2
bbs-9	C48B6.8
C48B6.10	C48B6.10
C48B6.9	C48B6.9
ztf-4	T10B11.3
cerk-1	T10B11.2
T10B11.4	T10B11.4
T10B11.5	T10B11.5
T10B11.6	T10B11.6
hrde-4	T10B11.7
pcbd-1	T10B11.1
T10B11.8	T10B11.8
rege-1	C30F12.1
C30F12.2	C30F12.2
C30F12.3	C30F12.3
C30F12.4	C30F12.4
idhg-2	C30F12.7
trhr-1	C30F12.6
C30F12.5	C30F12.5
ctg-1	H06O01.3
chd-1	H06O01.2
pdi-3	H06O01.1
ubql-1	F15C11.2
sem-4	F15C11.1
W01A8.8	W01A8.8
W01A8.2	W01A8.2
plin-1	W01A8.1
cutl-6	W01A8.3
nuo-6	W01A8.4
tofu-5	W01A8.5
W01A8.6	W01A8.6
kin-14	F22D6.1
F22D6.2	F22D6.2
nars-1	F22D6.3
nduf-6	F22D6.4
prpf-4	F22D6.5
ekl-1	F22D6.6
F22D6.8	F22D6.8
F22D6.9	F22D6.9
F22D6.15	F22D6.15
col-60	F22D6.10
gly-18	F22D6.11
gly-19	F22D6.12
K10D3.6	K10D3.6
glr-3	K10D3.1
K10D3.8	K10D3.8
unc-14	K10D3.2
taf-11.2	K10D3.3
K10D3.4	K10D3.4
hpo-11	H37N21.1
fecl-1	K07G5.6
crml-1	K07G5.1
xpa-1	K07G5.2
mks-6	K07G5.3
K07G5.4	K07G5.4
K07G5.5	K07G5.5
let-522	M05B5.2
M05B5.7	M05B5.7
M05B5.1	M05B5.1
trpa-2	M05B5.6
M05B5.3	M05B5.3
M05B5.4	M05B5.4
hlh-2	M05B5.5
col-61	C01H6.1
mlt-2	C01H6.2
C01H6.3	C01H6.3
C01H6.4	C01H6.4
nhr-23	C01H6.5
cnnm-4	C01H6.6
swsn-9	C01H6.7
C01H6.8	C01H6.8
hasp-1	C01H6.9
R06C7.2	R06C7.2
wago-1	R06C7.1
dhp-1	R06C7.3
cpg-3	R06C7.4
R06C7.6	R06C7.6
adsl-1	R06C7.5
lin-61	R06C7.7
bub-1	R06C7.8
ztf-15	R06C7.9
myo-1	R06C7.10
twk-1	F21C3.1
tyr-3	F21C3.2
F21C3.7	F21C3.7
hint-1	F21C3.3
rde-2	F21C3.4
pfd-6	F21C3.5
F21C3.6	F21C3.6
ztf-2	F13G3.1
srd-53	F13G3.2
F13G3.12	F13G3.12
F13G3.3	F13G3.3
dylt-1	F13G3.4
ttx-7	F13G3.5
F13G3.6	F13G3.6
F13G3.7	F13G3.7
F13G3.15	F13G3.15
mrpl-13	F13G3.11
eat-5	F13G3.8
mif-3	F13G3.9
F13G3.10	F13G3.10
F52A8.1	F52A8.1
gpb-2	F52A8.2
F52A8.3	F52A8.3
glb-18	F52A8.4
gcsh-2	F52A8.5
kbrl-1	F52A8.6
inx-14	F07A5.1
F07A5.2	F07A5.2
scav-6	F07A5.3
F07A5.4	F07A5.4
sue-1	F07A5.5
unc-15	F07A5.7
C15A11.2	C15A11.2
col-35	C15A11.1
sol-1	C15A11.3
C15A11.4	C15A11.4
col-7	C15A11.5
col-62	C15A11.6
C15A11.7	C15A11.7
unc-13	ZK524.2
spe-4	ZK524.1
lars-2	ZK524.3
ZK524.4	ZK524.4
T28F4.1	T28F4.1
asic-2	T28F4.2
T28F4.3	T28F4.3
T28F4.4	T28F4.4
T28F4.8	T28F4.8
T28F4.5	T28F4.5
pbrm-1	C26C6.1
C26C6.8	C26C6.8
C26C6.6	C26C6.6
glb-8	C26C6.7
C26C6.10	C26C6.10
C26C6.9	C26C6.9
goa-1	C26C6.2
nas-36	C26C6.3
C26C6.4	C26C6.4
dcp-66	C26C6.5
T25G3.1	T25G3.1
chs-1	T25G3.2
T25G3.3	T25G3.3
gpdh-3	T25G3.4
mans-1	D2030.1
D2030.2	D2030.2
D2030.3	D2030.3
D2030.4	D2030.4
mce-1	D2030.5
D2030.12	D2030.12
prg-1	D2030.6
D2030.7	D2030.7
D2030.11	D2030.11
D2030.8	D2030.8
wdr-23	D2030.9
aex-1	D2030.10
lrp-1	F29D11.1
capg-1	F29D11.2
F26A3.1	F26A3.1
ncbp-2	F26A3.2
rrf-1	F26A3.8
ego-1	F26A3.3
F26A3.4	F26A3.4
F26A3.5	F26A3.5
del-3	F26A3.6
F26A3.7	F26A3.7
T24B1.1	T24B1.1
T23G11.7	T23G11.7
rlbp-1	T23G11.5
lron-9	T23G11.6
T23G11.4	T23G11.4
gld-1	T23G11.3
T23G11.10	T23G11.10
gna-2	T23G11.2
T23G11.11	T23G11.11
T23G11.1	T23G11.1
F27D4.1	F27D4.1
lsy-22	F27D4.2
F27D4.12	F27D4.12
F27D4.7	F27D4.7
F27D4.4	F27D4.4
bckd-1B	F27D4.5
F27D4.8	F27D4.8
F27D4.6	F27D4.6
F58H10.1	F58H10.1
nsf-1	H15N14.2
adr-1	H15N14.1
VH15N14R.1	VH15N14R.1
D2005.1	D2005.1
D2005.6	D2005.6
nlp-8	D2005.2
D2005.3	D2005.3
D2005.4	D2005.4
D2005.7	D2005.7
drh-3	D2005.5
glna-3	F30F8.2
F30F8.1	F30F8.1
gras-1	F30F8.3
F30F8.9	F30F8.9
F30F8.10	F30F8.10
F30F8.5	F30F8.5
taf-5	F30F8.8
apb-3	R11A5.1
nud-2	R11A5.2
R11A5.3	R11A5.3
pck-2	R11A5.4
R11A5.6	R11A5.6
suro-1	R11A5.7
F55D12.1	F55D12.1
F55D12.2	F55D12.2
unc-55	F55D12.4
F55D12.6	F55D12.6
F55D12.5	F55D12.5
F20G4.2	F20G4.2
smgl-1	F20G4.1
nmy-2	F20G4.3
T22C1.1	T22C1.1
glb-26	T22C1.2
pigu-1	T22C1.3
ctf-8	T22C1.4
T22C1.5	T22C1.5
T22C1.6	T22C1.6
jph-1	T22C1.7
T22C1.8	T22C1.8
T22C1.9	T22C1.9
T22C1.12	T22C1.12
rbg-2	T22C1.10
T22C1.11	T22C1.11
H05L14.1	H05L14.1
H05L14.3	H05L14.3
H05L14.2	H05L14.2
C54G4.5	C54G4.5
C54G4.4	C54G4.4
C54G4.3	C54G4.3
C54G4.2	C54G4.2
rskn-2	C54G4.1
C54G4.7	C54G4.7
dod-18	C54G4.6
cyc-1	C54G4.8
C54G4.9	C54G4.9
eif-2beta	K04G2.1
aho-3	K04G2.2
cdc-48.3	K04G2.3
K04G2.4	K04G2.4
ath-1	K04G2.5
scbp-2	K04G2.11
vacl-14	K04G2.6
K04G2.12	K04G2.12
K04G2.7	K04G2.7
apr-1	K04G2.8
K04G2.9	K04G2.9
K04G2.10	K04G2.10
F18C12.4	F18C12.4
che-3	F18C12.1
rme-8	F18C12.2
F18C12.3	F18C12.3
spr-4	C09H6.1
lin-10	C09H6.2
mau-2	C09H6.3
T28B8.1	T28B8.1
del-4	T28B8.5
ins-18	T28B8.2
T28B8.6	T28B8.6
T28B8.3	T28B8.3
T28B8.4	T28B8.4
kcnl-2	F08A10.1
srz-3	F08A10.2
T02E1.7	T02E1.7
T02E1.6	T02E1.6
dhs-3	T02E1.5
gla-3	T02E1.3
T02E1.2	T02E1.2
spe-12	T02E1.1
kri-1	ZK265.1
T02E1.8	T02E1.8
nsph-2	ZK265.3
col-63	ZK265.2
ceh-8	ZK265.4
fitm-2	ZK265.9
nol-16	ZK265.6
sre-23	ZK265.5
ZK265.7	ZK265.7
cutl-8	ZK265.8
T01G9.2	T01G9.2
dma-1	T01G9.3
kin-10	T01G9.6
npp-2	T01G9.4
mei-1	T01G9.5
abts-1	F52B5.1
F52B5.7	F52B5.7
F52B5.2	F52B5.2
F52B5.3	F52B5.3
cep-1	F52B5.5
rpl-25.2	F52B5.6
C34B7.1	C34B7.1
mys-4	C34B7.4
figo-1	C34B7.2
cyp-36A1	C34B7.3
tba-5	F16D3.1
rsd-6	F16D3.2
tbcd-1	F16D3.4
F16D3.6	F16D3.6
T19A6.1	T19A6.1
ser-5	F16D3.7
ngp-1	T19A6.2
nepr-1	T19A6.3
T19A6.4	T19A6.4
F02E9.3	F02E9.3
F02E9.1	F02E9.1
lin-28	F02E9.2
F02E9.7	F02E9.7
sin-3	F02E9.4
F02E9.5	F02E9.5
F02E9.10	F02E9.10
dpt-1	F02E9.9
sod-2	F10D11.1
F10D11.2	F10D11.2
F10D11.3	F10D11.3
F10D11.4	F10D11.4
F10D11.5	F10D11.5
F10D11.6	F10D11.6
unc-120	D1081.2
D1081.19	D1081.19
D1081.3	D1081.3
D1081.10	D1081.10
D1081.11	D1081.11
D1081.12	D1081.12
D1081.4	D1081.4
D1081.5	D1081.5
D1081.20	D1081.20
D1081.6	D1081.6
zhp-2	D1081.9
lotr-1	D1081.7
cdc-5L	D1081.8
ceh-6	K02B12.1
sec-12	K02B12.3
K02B12.2	K02B12.2
axl-1	K02B12.4
tnsl-1	K02B12.5
K02B12.6	K02B12.6
K02B12.9	K02B12.9
K02B12.7	K02B12.7
zhp-3	K02B12.8
gpa-15	M04C7.1
M04C7.4	M04C7.4
M04C7.3	M04C7.3
gon-2	T01H8.5
serr-1	T01H8.2
rskn-1	T01H8.1
daf-8	R05D11.1
ran-4	R05D11.3
tmem-208	R05D11.5
R05D11.9	R05D11.9
paxt-1	R05D11.6
ddx-52	R05D11.4
snrp-27	R05D11.7
edc-3	R05D11.8
F43G9.13	F43G9.13
idha-1	F43G9.1
lmd-1	F43G9.2
F43G9.4	F43G9.4
slc-25A42	F43G9.3
cfim-1	F43G9.5
F43G9.21	F43G9.21
F43G9.8	F43G9.8
fer-1	F43G9.6
ces-1	F43G9.11
cpn-1	F43G9.9
mfap-1	F43G9.10
F43G9.12	F43G9.12
syx-17	VF39H2L.1
sig-7	F39H2.2
flp-22	F39H2.1
mrt-1	F39H2.5
syp-3	F39H2.4
F39H2.3	F39H2.3
K07A12.1	K07A12.1
K07A12.8	K07A12.8
egg-6	K07A12.2
hot-5	K07A12.6
hbs-1	K07A12.4
mrps-15	K07A12.7
asg-1	K07A12.3
K07A12.5	K07A12.5
pbs-7	F39H11.5
F39H11.1	F39H11.1
tlf-1	F39H11.2
cdk-8	F39H11.3
cle-1	C36B1.1
pas-4	C36B1.4
rpb-3	C36B1.3
C36B1.14	C36B1.14
C36B1.13	C36B1.13
C36B1.6	C36B1.6
prp-4	C36B1.5
dhfr-1	C36B1.7
gls-1	C36B1.8
C36B1.9	C36B1.9
gska-3	C36B1.10
imp-1	C36B1.12
C36B1.11	C36B1.11
DY3.8	DY3.8
tin-13	DY3.1
lmn-1	DY3.2
trt-1	DY3.4
hlh-16	DY3.3
pqn-26	DY3.5
mfb-1	DY3.6
sup-17	DY3.7
F36A2.3	F36A2.3
F36A2.2	F36A2.2
cids-2	F36A2.1
phip-1	F36A2.8
twk-30	F36A2.4
F36A2.7	F36A2.7
rps-15	F36A2.6
F36A2.9	F36A2.9
F36A2.10	F36A2.10
F36A2.11	F36A2.11
F36A2.14	F36A2.14
F36A2.12	F36A2.12
ubr-5	F36A2.13
F29D10.1	F29D10.1
F29D10.2	F29D10.2
F29D10.3	F29D10.3
hum-1	F29D10.4
ztf-26	F55H12.6
F55H12.7	F55H12.7
F55H12.2	F55H12.2
F55H12.5	F55H12.5
snf-2	F55H12.1
F55H12.3	F55H12.3
F55H12.4	F55H12.4
unc-29	T08G11.5
tgs-1	T08G11.4
T08G11.1	T08G11.1
T08G11.2	T08G11.2
T08G11.3	T08G11.3
tsp-15	F53B6.1
madd-4	F53B6.2
fip-6	F53B6.9
fipr-26	F53B6.8
F53B6.4	F53B6.4
F53B6.7	F53B6.7
F53B6.13	F53B6.13
F53B6.5	F53B6.5
cutl-7	F53B6.6
F32H2.11	F32H2.11
snpc-4	F32H2.1
mdt-31	F32H2.2
spd-2	F32H2.3
F32H2.10	F32H2.10
thoc-3	F32H2.4
F32H2.12	F32H2.12
fasn-1	F32H2.5
F32H2.8	F32H2.8
tba-6	F32H2.9
F32H2.7	F32H2.7
F32H2.6	F32H2.6
F36F2.7	F36F2.7
syx-7	F36F2.4
fcp-1	F36F2.6
rbpl-1	F36F2.3
F36F2.8	F36F2.8
F36F2.2	F36F2.2
F36F2.1	F36F2.1
tax-2	F36F2.5
C31H5.1	C31H5.1
acr-19	C31H5.3
C31H5.7	C31H5.7
C31H5.4	C31H5.4
C31H5.6	C31H5.6
C31H5.5	C31H5.5
hgo-1	W06D4.1
spe-46	W06D4.2
W06D4.3	W06D4.3
prmt-7	W06D4.4
snx-3	W06D4.5
rad-54.L	W06D4.6
rsbp-1	T06D10.1
T06D10.8	T06D10.8
chaf-1	T06D10.2
T06D10.3	T06D10.3
mef-2	W10D5.1
gei-17	W10D5.3
nduf-7	W10D5.2
gld-4	ZK858.1
ZK858.2	ZK858.2
ZK858.8	ZK858.8
clec-91	ZK858.3
mel-26	ZK858.4
ZK858.5	ZK858.5
ZK858.6	ZK858.6
ZK858.7	ZK858.7
slc-36.4	H32K16.1
H32K16.2	H32K16.2
F25H5.7	F25H5.7
F25H5.10	F25H5.10
mrpl-54	F25H5.6
clsp-1	F25H5.5
eef-2	F25H5.4
pyk-1	F25H5.3
F25H5.8	F25H5.8
F25H5.2	F25H5.2
lim-9	F25H5.1
aspm-1	C45G3.1
lipt-1	C45G3.3
gip-2	C45G3.5
aph-1	VF36H2L.1
tat-5	F36H2.1
ent-6	F36H2.2
F36H2.4	F36H2.4
F36H2.6	F36H2.6
cfh-1	F36H2.3
F14B4.1	F14B4.1
hxk-1	F14B4.2
rpoa-2	F14B4.3
prom-1	F26H9.1
F26H9.2	F26H9.2
nmat-2	F26H9.4
rab-5	F26H9.6
uev-3	F26H9.7
F26H9.5	F26H9.5
uggt-2	F26H9.8
hsp-70	C12C8.1
cbl-1	C12C8.2
lin-41	C12C8.3
M04C9.2	M04C9.2
M04C9.1	M04C9.1
M04C9.3	M04C9.3
M04C9.4	M04C9.4
dyf-5	M04C9.5
ppfr-1	F16A11.3
rtcb-1	F16A11.2
F16A11.1	F16A11.1
C17E4.1	C17E4.1
C17E4.19	C17E4.19
C17E4.2	C17E4.2
C17E4.20	C17E4.20
marc-3	C17E4.3
mjl-1	C17E4.4
C17E4.11	C17E4.11
pabp-2	C17E4.5
C17E4.6	C17E4.6
nkb-1	C17E4.9
C17E4.10	C17E4.10
mec-8	F46A9.6
F46A9.1	F46A9.1
F46A9.2	F46A9.2
twk-29	F46A9.3
skr-2	F46A9.4
skr-1	F46A9.5
calm-1	F30A10.1
F30A10.14	F30A10.14
F30A10.11	F30A10.11
F30A10.13	F30A10.13
F30A10.2	F30A10.2
F30A10.12	F30A10.12
F30A10.15	F30A10.15
F30A10.4	F30A10.4
stl-1	F30A10.5
sac-1	F30A10.6
F30A10.3	F30A10.3
stn-1	F30A10.8
F30A10.9	F30A10.9
usp-48	F30A10.10
smn-1	C41G7.1
klp-16	C41G7.2
tspo-1	C41G7.9
mina-1	C41G7.3
set-32	C41G7.4
ahr-1	C41G7.5
cylc-2	C41G7.6
C41G7.8	C41G7.8
C41G7.7	C41G7.7
C41G7.15	C41G7.15
irx-1	C36F7.1
swah-1	C36F7.2
rig-5	C36F7.4
C36F7.5	C36F7.5
F42H11.1	F42H11.1
lem-3	F42H11.2
K07A1.17	K07A1.17
K07A1.1	K07A1.1
K07A1.13	K07A1.13
dut-1	K07A1.2
K07A1.3	K07A1.3
K07A1.21	K07A1.21
K07A1.4	K07A1.4
K07A1.5	K07A1.5
K07A1.6	K07A1.6
cri-1	K07A1.7
K07A1.20	K07A1.20
aqp-9	K07A1.16
K07A1.15	K07A1.15
ile-1	K07A1.8
ate-1	K07A1.9
K07A1.10	K07A1.10
rba-1	K07A1.11
lin-53	K07A1.12
nra-2	T05F1.1
T05F1.2	T05F1.2
rps-19	T05F1.3
hsr-9	T05F1.6
T05F1.4	T05F1.4
T05F1.5	T05F1.5
T05F1.7	T05F1.7
T05F1.8	T05F1.8
T05F1.15	T05F1.15
T05F1.9	T05F1.9
dhs-4	T05F1.10
T05F1.13	T05F1.13
T05F1.11	T05F1.11
lab-1	C03D6.6
asfl-1	C03D6.5
C03D6.9	C03D6.9
npp-14	C03D6.4
cel-1	C03D6.3
C03D6.1	C03D6.1
rpl-24.2	C03D6.8
C04F12.1	C04F12.1
ikb-1	C04F12.3
rpl-14	C04F12.4
C04F12.5	C04F12.5
C04F12.12	C04F12.12
C04F12.7	C04F12.7
C04F12.8	C04F12.8
C04F12.16	C04F12.16
rnh-1.3	C04F12.9
fce-1	C04F12.10
C16C2.4	C16C2.4
ocrl-1	C16C2.3
eat-16	C16C2.2
ceh-5	C16C2.1
gfi-2	K02A11.1
K02A11.2	K02A11.2
endu-1	K02A11.3
K02A11.4	K02A11.4
sur-6	F26E4.1
F26E4.2	F26E4.2
F26E4.3	F26E4.3
F26E4.5	F26E4.5
F26E4.4	F26E4.4
cox-7C	F26E4.6
F26E4.7	F26E4.7
gpx-1	F26E4.12
drsh-1	F26E4.10
tba-1	F26E4.8
cox-5B	F26E4.9
hrdl-1	F26E4.11
ncx-4	F35C12.2
F35C12.7	F35C12.7
F35C12.3	F35C12.3
Y67A6A.1	Y67A6A.1
nhr-62	Y67A6A.2
zig-1	K10C3.3
ensa-1	K10C3.2
K10C3.4	K10C3.4
K10C3.5	K10C3.5
nhr-49	K10C3.6
inx-20	T23H4.1
nhr-69	T23H4.2
nas-5	T23H4.3
oct-1	F52F12.1
col-64	F52F12.2
mom-4	F52F12.3
lsl-1	F52F12.4
ztf-11	F52F12.6
F52F12.5	F52F12.5
F52F12.8	F52F12.8
F52F12.9	F52F12.9
strl-1	F52F12.7
Y106G6A.4	Y106G6A.4
epg-8	Y106G6A.2
dsbn-1	Y106G6A.5
mekk-3	Y106G6A.1
sqv-5	T24D1.1
T24D1.7	T24D1.7
T24D1.2	T24D1.2
har-2	T24D1.5
T24D1.3	T24D1.3
algn-10	T24D1.4
mom-5	T23D8.1
tsp-7	T23D8.2
T23D8.3	T23D8.3
eif-3.C	T23D8.4
sys-1	T23D8.9
his-67	T23D8.5
his-68	T23D8.6
alg-5	T23D8.7
cfi-1	T23D8.8
C03C11.1	C03C11.1
fog-3	C03C11.2
F10G8.1	F10G8.1
F10G8.2	F10G8.2
eak-6	F10G8.4
rae-1	F10G8.3
ercc-1	F10G8.7
ncs-2	F10G8.5
nubp-1	F10G8.6
F10G8.9	F10G8.9
F10G8.8	F10G8.8
B0379.2	B0379.2
B0379.7	B0379.7
B0379.1	B0379.1
mut-16	B0379.3
scpl-1	B0379.4
B0379.6	B0379.6
Y106G6D.1	Y106G6D.1
Y106G6D.2	Y106G6D.2
Y106G6D.3	Y106G6D.3
Y106G6D.4	Y106G6D.4
Y106G6D.8	Y106G6D.8
Y106G6D.6	Y106G6D.6
Y106G6D.5	Y106G6D.5
rbm-12	Y106G6D.7
F16C3.1	F16C3.1
F16C3.2	F16C3.2
F16C3.3	F16C3.3
F16C3.4	F16C3.4
tag-72	C25A1.3
C25A1.1	C25A1.1
fkh-10	C25A1.2
sup-46	C25A1.4
fath-1	C25A1.5
C25A1.16	C25A1.16
nola-3	C25A1.6
C25A1.20	C25A1.20
iars-2	C25A1.7
clec-87	C25A1.8
rsa-1	C25A1.9
dao-5	C25A1.10
lid-1	C25A1.12
mrpl-34	C25A1.13
aha-1	C25A1.11
C25A1.15	C25A1.15
Y106G6E.1	Y106G6E.1
Y106G6E.8	Y106G6E.8
Y106G6E.4	Y106G6E.4
ced-12	Y106G6E.5
csnk-1	Y106G6E.6
lin-11	ZC247.3
ZC247.2	ZC247.2
ZC247.1	ZC247.1
wts-1	T20F10.1
T20F10.2	T20F10.2
Y106G6G.2	Y106G6G.2
Y106G6G.4	Y106G6G.4
dlc-6	Y106G6G.3
Y106G6G.1	Y106G6G.1
rps-7	ZC434.2
ZC434.4	ZC434.4
ZC434.10	ZC434.10
ZC434.3	ZC434.3
ears-1	ZC434.5
aph-2	ZC434.6
coa-6	ZC434.7
ZC434.8	ZC434.8
ZC434.9	ZC434.9
sptf-1	F45H11.1
ned-8	F45H11.2
hpo-35	F45H11.3
F45H11.8	F45H11.8
F45H11.11	F45H11.11
cox-19	F45H11.5
maf-1	F45H11.6
mgl-2	F45H11.4
cup-2	F25D7.1
tag-353	F25D7.2
blmp-1	F25D7.3
maph-1.2	F25D7.4
F25D7.5	F25D7.5
Y106G6H.1	Y106G6H.1
pab-1	Y106G6H.2
rpl-30	Y106G6H.3
madf-10	Y106G6H.4
pdpr-1	Y106G6H.5
Y106G6H.6	Y106G6H.6
sec-8	Y106G6H.7
Y106G6H.8	Y106G6H.8
Y106G6H.9	Y106G6H.9
duo-3	Y106G6H.12
Y106G6H.13	Y106G6H.13
Y106G6H.14	Y106G6H.14
ska-1	Y106G6H.15
Y106G6H.16	Y106G6H.16
row-1	F37D6.2
mus-101	F37D6.1
F37D6.3	F37D6.3
F37D6.4	F37D6.4
tag-68	F37D6.6
che-13	F59C6.7
F59C6.8	F59C6.8
F59C6.16	F59C6.16
F59C6.18	F59C6.18
nlp-4	F59C6.6
exos-3	F59C6.4
F59C6.5	F59C6.5
F59C6.12	F59C6.12
dhhc-12	F59C6.2
F59C6.3	F59C6.3
F59C6.14	F59C6.14
F59C6.11	F59C6.11
tli-1	F25H2.1
snx-27	F25H2.2
F25H2.3	F25H2.3
F25H2.4	F25H2.4
ndk-1	F25H2.5
F25H2.6	F25H2.6
F25H2.7	F25H2.7
ubc-25	F25H2.8
pas-5	F25H2.9
rla-0	F25H2.10
tct-1	F25H2.11
F25H2.12	F25H2.12
rtel-1	F25H2.13
F29C6.1	F29C6.1
hsp-12.1	T22A3.2
lst-1	T22A3.3
set-18	T22A3.4
T22A3.12	T22A3.12
T22A3.6	T22A3.6
pash-1	T22A3.5
lam-3	T22A3.8
mafr-1	C43H8.2
arch-1	C43H8.1
B0511.6	B0511.6
cutl-14	B0511.5
B0511.7	B0511.7
B0511.19	B0511.19
mppe-1	B0511.13
mrps-30	B0511.8
cdc-26	B0511.9
eif-3.E	B0511.10
B0511.17	B0511.17
tag-344	B0511.4
fbxa-125	B0511.3
B0511.11	B0511.11
B0511.12	B0511.12
fkb-7	B0511.1
C34B2.4	C34B2.4
C34B2.3	C34B2.3
ttc-1	C34B2.5
lonp-1	C34B2.6
spcs-1	C34B2.10
sdha-2	C34B2.7
C34B2.8	C34B2.8
kbp-5	C34B2.2
tag-272	C34B2.1
C34B2.11	C34B2.11
C34B2.9	C34B2.9
B0205.10	B0205.10
B0205.1	B0205.1
B0205.9	B0205.9
srz-85	B0205.2
B0205.14	B0205.14
B0205.13	B0205.13
B0205.8	B0205.8
B0205.12	B0205.12
rpn-10	B0205.3
mrpl-9	B0205.11
kin-3	B0205.7
nfs-1	B0205.6
B0205.5	B0205.5
B0205.4	B0205.4
daf-16	R13H8.1
F55A3.6	F55A3.6
spt-16	F55A3.3
F55A3.2	F55A3.2
marc-6	F55A3.1
C35E7.9	C35E7.9
C35E7.8	C35E7.8
C35E7.10	C35E7.10
C35E7.7	C35E7.7
C35E7.6	C35E7.6
C35E7.5	C35E7.5
C35E7.12	C35E7.12
C35E7.4	C35E7.4
C35E7.3	C35E7.3
C35E7.2	C35E7.2
C35E7.11	C35E7.11
vet-2	C35E7.1
Y37F4.3	Y37F4.3
Y37F4.4	Y37F4.4
Y37F4.2	Y37F4.2
Y37F4.1	Y37F4.1
Y37F4.5	Y37F4.5
Y37F4.7	Y37F4.7
Y37F4.8	Y37F4.8
Y37F4.6	Y37F4.6
bath-25	T27C10.4
nspd-10	T27C10.7
T27C10.9	T27C10.9
lrk-1	T27C10.6
mop-25.3	T27C10.3
T27C10.8	T27C10.8
srt-62	T27C10.2
srt-61	T27C10.1
F49D11.6	F49D11.6
F49D11.4	F49D11.4
F49D11.3	F49D11.3
F49D11.11	F49D11.11
F49D11.2	F49D11.2
F49D11.7	F49D11.7
cpn-4	F49D11.8
F49D11.10	F49D11.10
tag-296	F49D11.9
F49D11.14	F49D11.14
prp-17	F49D11.1
Y95D11A.3	Y95D11A.3
Y95D11A.1	Y95D11A.1
Y95D11A.5	Y95D11A.5
spe-38	Y52B11A.1
impt-1	Y52B11A.2
Y52B11A.3	Y52B11A.3
Y52B11A.4	Y52B11A.4
Y52B11A.20	Y52B11A.20
Y52B11A.12	Y52B11A.12
clec-92	Y52B11A.5
mltn-2	Y52B11A.7
Y52B11A.8	Y52B11A.8
dxbp-1	Y52B11A.9
Y52B11A.10	Y52B11A.10
Y52B11A.19	Y52B11A.19
Y52B11A.11	Y52B11A.11
hmr-1	W02B9.1
Y52B11B.1	Y52B11B.1
clec-93	ZK39.4
clec-94	ZK39.3
clec-95	ZK39.2
clec-96	ZK39.5
clec-97	ZK39.6
clec-98	ZK39.7
clec-99	ZK39.8
ZK39.10	ZK39.10
pigl-1	Y52B11C.1
F28D9.4	F28D9.4
rsr-1	F28D9.1
sri-5	F28D9.2
ztf-6	W06H12.1
ins-36	Y53H1A.4
Y53H1A.7	Y53H1A.7
rsy-1	Y53H1A.1
Y53H1A.2	Y53H1A.2
nfya-2	Y53H1A.5
clec-100	Y53H1A.3
F46A8.8	F46A8.8
F46A8.7	F46A8.7
F46A8.5	F46A8.5
F46A8.4	F46A8.4
F46A8.3	F46A8.3
F46A8.6	F46A8.6
F46A8.11	F46A8.11
scrm-6	F46A8.10
F36D1.8	F36D1.8
F36D1.12	F36D1.12
F36D1.7	F36D1.7
F36D1.13	F36D1.13
F36D1.14	F36D1.14
F36D1.5	F36D1.5
F36D1.10	F36D1.10
F36D1.15	F36D1.15
F36D1.6	F36D1.6
F36D1.4	F36D1.4
F36D1.23	F36D1.23
F36D1.9	F36D1.9
madf-2	F36D1.1
sre-22	F36D1.2
sru-47	F36D1.3
Y53H1B.2	Y53H1B.2
cutl-10	Y53H1B.1
Y53H1B.4	Y53H1B.4
clpr-4	Y53H1B.6
H25P06.5	H25P06.5
clpr-3	H25P06.4
hxk-2	H25P06.1
cdk-9	H25P06.2
M04D5.1	M04D5.1
M04D5.3	M04D5.3
oac-34	F56G4.1
pes-2.1	F56G4.2
pes-2.2	F56G4.3
F56G4.7	F56G4.7
F56G4.6	F56G4.6
wbp-4	F56G4.4
png-1	F56G4.5
aat-9	Y53H1C.1
ego-2	Y53H1C.2
Y53H1C.3	Y53H1C.3
C27C7.7	C27C7.7
C27C7.5	C27C7.5
nhr-74	C27C7.3
nhr-73	C27C7.4
nhr-259	C27C7.8
C27C7.1	C27C7.1
ZK1025.2	ZK1025.2
nhr-244	ZK1025.6
ZK1025.4	ZK1025.4
ZK1025.3	ZK1025.3
bah-1	ZK1025.7
ZK1025.8	ZK1025.8
nhr-113	ZK1025.9
nhr-245	ZK1025.10
K08C9.5	K08C9.5
K08C9.1	K08C9.1
K08C9.2	K08C9.2
col-65	K08C9.4
K08C9.10	K08C9.10
K08C9.9	K08C9.9
K08C9.6	K08C9.6
F32B4.8	F32B4.8
F32B4.1	F32B4.1
F32B4.2	F32B4.2
abhd-11.1	F32B4.6
phm-2	F32B4.4
F32B4.5	F32B4.5
dys-1	F15D3.1
F15D3.9	F15D3.9
clec-101	F15D3.2
F15D3.4	F15D3.4
F15D3.5	F15D3.5
F15D3.6	F15D3.6
timm-23	F15D3.7
pals-1	F15D3.8
spe-9	C17D12.6
C17D12.5	C17D12.5
unc-75	C17D12.2
pcmd-1	C17D12.7
dhhc-7	C17D12.1
C17D12.3	C17D12.3
C17D12.9	C17D12.9
Y47H9A.1	Y47H9A.1
W04G5.3	W04G5.3
W04G5.4	W04G5.4
rab-11.2	W04G5.2
W04G5.5	W04G5.5
W04G5.10	W04G5.10
W04G5.9	W04G5.9
W04G5.16	W04G5.16
W04G5.8	W04G5.8
W04G5.7	W04G5.7
F11A6.16	F11A6.16
kpc-1	F11A6.1
scrm-4	F11A6.2
F11A6.15	F11A6.15
scrm-1	T22H2.5
sri-11	T22H2.3
T22H2.4	T22H2.4
sri-12	T22H2.1
pgrn-1	T22H2.6
oac-19	F35E2.6
F35E2.8	F35E2.8
F35E2.9	F35E2.9
F35E2.2	F35E2.2
F35E2.1	F35E2.1
F35E2.5	F35E2.5
Y47H9B.2	Y47H9B.2
vab-10	ZK1151.1
T02G6.4	T02G6.4
T02G6.3	T02G6.3
T02G6.5	T02G6.5
T02G6.6	T02G6.6
T02G6.11	T02G6.11
Y47H9C.1	Y47H9C.1
dhhc-2	Y47H9C.2
ced-1	Y47H9C.4
dnj-27	Y47H9C.5
csp-3	Y47H9C.6
eif-2Bbeta	Y47H9C.7
Y47H9C.8	Y47H9C.8
Y47H9C.12	Y47H9C.12
Y47H9C.9	Y47H9C.9
fbxa-216	Y47H9C.10
exo-3	R09B3.1
rbm-3.1	R09B3.2
rbm-3.2	R09B3.3
ubc-12	R09B3.4
mag-1	R09B3.5
hda-3	R06C1.1
fdps-1	R06C1.2
wve-1	R06C1.3
R06C1.4	R06C1.4
R06C1.6	R06C1.6
hsf-1	Y53C10A.12
Y53C10A.15	Y53C10A.15
rga-2	Y53C10A.4
tmem-189	Y53C10A.5
Y53C10A.6	Y53C10A.6
abt-5	Y53C10A.9
Y53C10A.10	Y53C10A.10
Y53C10A.24	Y53C10A.24
Y53C10A.25	Y53C10A.25
F58D5.8	F58D5.8
F58D5.7	F58D5.7
F58D5.5	F58D5.5
F58D5.9	F58D5.9
ksr-2	F58D5.4
hrpr-1	F58D5.1
F58D5.2	F58D5.2
F58D5.3	F58D5.3
clp-3	Y47H10A.1
Y47H10A.2	Y47H10A.2
Y47H10A.3	Y47H10A.3
Y47H10A.4	Y47H10A.4
Y47H10A.5	Y47H10A.5
rrf-2	M01G12.12
M01G12.14	M01G12.14
M01G12.9	M01G12.9
M01G12.7	M01G12.7
M01G12.16	M01G12.16
M01G12.10	M01G12.10
M01G12.15	M01G12.15
M01G12.6	M01G12.6
srw-111	M01G12.4
M01G12.5	M01G12.5
M01G12.2	M01G12.2
sri-14	M01G12.1
sri-13	M01G12.13
sri-17	F15H9.3
sri-16	F15H9.4
sri-15	F15H9.2
F15H9.1	F15H9.1
R05D7.1	R05D7.1
R05D7.2	R05D7.2
R05D7.3	R05D7.3
abhd-11.2	R05D7.4
nsph-1.2	R05D7.5
R05D7.7	R05D7.7
C15C6.1	C15C6.1
C15C6.2	C15C6.2
C15C6.3	C15C6.3
popl-4	C15C6.4
sdz-14	F14B6.1
F14B6.2	F14B6.2
F14B6.3	F14B6.3
F14B6.6	F14B6.6
F14B6.4	F14B6.4
oac-16	F14B6.5
nhr-82	F41D3.1
oac-26	F41D3.2
nhr-265	F41D3.3
oac-27	F41D3.4
oac-28	F41D3.5
F41D3.6	F41D3.6
F41D3.7	F41D3.7
F41D3.8	F41D3.8
oac-25	F41D3.10
F41D3.9	F41D3.9
F41D3.11	F41D3.11
F56H6.1	F56H6.1
F56H6.13	F56H6.13
F56H6.2	F56H6.2
F56H6.4	F56H6.4
gmd-2	F56H6.5
bgnt-1.6	F56H6.6
F56H6.7	F56H6.7
clec-18	F56H6.8
F56H6.9	F56H6.9
oac-35	F56H6.11
oac-36	F56H6.12
C47F8.3	C47F8.3
glct-4	C47F8.4
C47F8.6	C47F8.6
C47F8.5	C47F8.5
C47F8.7	C47F8.7
nhr-81	C47F8.8
nhr-165	C47F8.2
C47F8.1	C47F8.1
glct-1	T09E11.1
nhr-217	T09E11.2
T09E11.10	T09E11.10
T09E11.9	T09E11.9
T09E11.8	T09E11.8
oac-45	T09E11.7
oac-44	T09E11.5
oac-43	T09E11.4
T09E11.6	T09E11.6
T09E11.3	T09E11.3
T15D6.1	T15D6.1
bgnt-1.7	T15D6.4
gly-17	T15D6.3
gly-16	T15D6.2
T15D6.5	T15D6.5
nhr-77	T15D6.6
glct-3	T15D6.7
T15D6.8	T15D6.8
T15D6.9	T15D6.9
T15D6.10	T15D6.10
T15D6.11	T15D6.11
T15D6.12	T15D6.12
E03H4.2	E03H4.2
E03H4.3	E03H4.3
E03H4.4	E03H4.4
E03H4.5	E03H4.5
nhr-174	E03H4.6
oac-13	E03H4.7
E03H4.8	E03H4.8
clec-17	E03H4.10
E03H4.11	E03H4.11
glct-2	E03H4.12
nhr-89	E03H4.13
nhr-169	C54C8.1
bgnt-1.8	C54C8.2
C54C8.3	C54C8.3
C54C8.4	C54C8.4
glct-5	C54C8.5
lys-9	C54C8.6
C54C8.12	C54C8.12
clec-11	C54C8.7
nlp-39	C54C8.9
gly-15	C54C8.11
T27F6.1	T27F6.1
T27F6.10	T27F6.10
clec-12	T27F6.2
sygl-1	T27F6.4
pars-2	T27F6.5
T27F6.6	T27F6.6
T27F6.7	T27F6.7
T27F6.8	T27F6.8
K11D2.1	K11D2.1
asah-1	K11D2.2
unc-101	K11D2.3
mter-4	K11D2.5
K11D2.4	K11D2.4
pri-2	W02D9.1
W02D9.2	W02D9.2
hmg-20	W02D9.3
W02D9.4	W02D9.4
W02D9.10	W02D9.10
W02D9.9	W02D9.9
W02D9.8	W02D9.8
W02D9.7	W02D9.7
W02D9.6	W02D9.6
ssp-37	W02D9.5
C49G9.2	C49G9.2
mec-19	C49G9.1
dlk-1	F33E2.2
F33E2.10	F33E2.10
clec-102	F33E2.3
F33E2.4	F33E2.4
F33E2.7	F33E2.7
F33E2.6	F33E2.6
F33E2.5	F33E2.5
T07D10.1	T07D10.1
ntr-1	T07D10.2
flp-33	T07D10.6
T07D10.3	T07D10.3
clec-15	T07D10.4
clec-13	H16D19.1
H16D19.3	H16D19.3
mcrs-1	H28O16.2
atp-1	H28O16.1
T26E3.7	T26E3.7
T26E3.8	T26E3.8
T26E3.6	T26E3.6
T26E3.5	T26E3.5
T26E3.4	T26E3.4
par-6	T26E3.3
ndx-1	T26E3.2
T26E3.10	T26E3.10
clec-103	T26E3.1
sra-25	T26E3.9
sra-17	F28C12.1
sra-18	F28C12.2
sra-20	F28C12.4
sra-21	F28C12.5
sra-22	F28C12.7
sra-23	T06G6.1
sra-24	T06G6.2
T06G6.3	T06G6.3
T06G6.4	T06G6.4
T06G6.5	T06G6.5
T06G6.6	T06G6.6
srw-88	T06G6.7
T06G6.12	T06G6.12
pfd-3	T06G6.9
W02A11.1	W02A11.1
vps-25	W02A11.2
toe-4	W02A11.3
uba-2	W02A11.4
bath-34	W02A11.5
bath-35	W02A11.8
amx-2	B0019.1
B0019.2	B0019.2
attf-6	Y18D10A.1
Y18D10A.2	Y18D10A.2
Y18D10A.3	Y18D10A.3
Y18D10A.4	Y18D10A.4
gsk-3	Y18D10A.5
nhx-8	Y18D10A.6
ptr-17	Y18D10A.7
mxt-1	Y18D10A.8
ciao-1	Y18D10A.9
clec-104	Y18D10A.10
Y18D10A.11	Y18D10A.11
clec-105	Y18D10A.24
clec-106	Y18D10A.12
Y18D10A.23	Y18D10A.23
pad-1	Y18D10A.13
coa-5	Y18D10A.16
car-1	Y18D10A.17
fkb-8	Y18D10A.25
fkb-2	Y18D10A.19
pfn-1	Y18D10A.20
Y18D10A.21	Y18D10A.21
tag-138	F08A8.6
acox-1.1	F08A8.1
acox-1.2	F08A8.2
acox-1.3	F08A8.3
acox-1.4	F08A8.4
F08A8.8	F08A8.8
F08A8.5	F08A8.5
fbxa-101	F08A8.7
fbxa-140	C47B2.1
C47B2.2	C47B2.2
tba-2	C47B2.3
pbs-2	C47B2.4
eif-6	C47B2.5
gale-1	C47B2.6
prx-11	C47B2.8
efsc-1	C47B2.7
C47B2.9	C47B2.9
nlp-15	CC4.2
smu-1	CC4.3
pmr-1	ZK256.1
W05B5.1	W05B5.1
npr-14	W05B5.2
nhr-85	W05B5.3
hpo-2	Y26D4A.2
clec-107	Y26D4A.4
Y26D4A.3	Y26D4A.3
Y26D4A.5	Y26D4A.5
Y26D4A.17	Y26D4A.17
clec-108	Y26D4A.6
Y26D4A.12	Y26D4A.12
pals-13	Y26D4A.8
C17H1.2	C17H1.2
Y26D4A.21	Y26D4A.21
pals-2	C17H1.3
pals-10	C17H1.11
pals-12	C17H1.14
pals-3	C17H1.4
pals-4	C17H1.5
pals-8	C17H1.9
pals-11	C17H1.13
pals-7	C17H1.8
pals-5	C17H1.6
pals-9	C17H1.10
pals-6	C17H1.7
pals-14	F22G12.1
pals-15	F22G12.7
F22G12.3	F22G12.3
F22G12.4	F22G12.4
F22G12.5	F22G12.5
rgba-1	F17B5.9
F17B5.1	F17B5.1
F17B5.10	F17B5.10
F17B5.8	F17B5.8
oac-17	F17B5.2
clec-109	F17B5.3
F17B5.4	F17B5.4
F17B5.6	F17B5.6
clec-110	F17B5.5
ZK1225.1	ZK1225.1
ZK1225.2	ZK1225.2
ZK1225.4	ZK1225.4
ZK1225.5	ZK1225.5
ssp-31	ZK1225.6
ZK1053.1	ZK1053.1
ZK1053.2	ZK1053.2
scrm-2	ZK1053.5
ZK1053.6	ZK1053.6
ZK1053.4	ZK1053.4
ZK1053.3	ZK1053.3
clp-8	F44F1.3
F44F1.6	F44F1.6
F44F1.4	F44F1.4
vet-6	F44F1.7
M01E5.2	M01E5.2
M01E5.3	M01E5.3
M01E5.4	M01E5.4
top-1	M01E5.5
sepa-1	M01E5.6
T04D3.1	T04D3.1
sdz-30	T04D3.2
T04D3.8	T04D3.8
pde-1	T04D3.3
gcy-35	T04D3.4
T04D3.5	T04D3.5
casc-3	W08E3.2
W08E3.4	W08E3.4
snr-2	W08E3.1
ola-1	W08E3.3
wac-1.2	Y40B1A.1
wac-1.1	Y40B1A.3
sptf-3	Y40B1A.4
C01A2.9	C01A2.9
C01A2.6	C01A2.6
tads-1	C01A2.5
oxa-1	C01A2.3
C01A2.4	C01A2.4
C01A2.2	C01A2.2
nlp-38	C01A2.7
C01A2.1	C01A2.1
W05H12.4	W05H12.4
W05H12.1	W05H12.1
fbxb-66	Y40B1B.3
Y40B1B.7	Y40B1B.7
slc-25A46	Y40B1B.8
eif-3.J	Y40B1B.5
spr-5	Y40B1B.6
Y48G10A.6	Y48G10A.6
ints-8	Y48G10A.4
Y48G10A.3	Y48G10A.3
Y48G10A.2	Y48G10A.2
Y48G10A.1	Y48G10A.1
soem-1	Y87G2A.17
ndx-8	Y87G2A.14
Y87G2A.19	Y87G2A.19
Y87G2A.18	Y87G2A.18
Y87G2A.1	Y87G2A.1
Y87G2A.25	Y87G2A.25
Y87G2A.20	Y87G2A.20
Y87G2A.2	Y87G2A.2
atg-4.1	Y87G2A.3
aex-6	Y87G2A.4
glp-4	Y87G2A.5
Y87G2A.16	Y87G2A.16
grd-15	Y87G2A.15
cyn-15	Y87G2A.6
nyn-2	Y87G2A.7
gpi-1	Y87G2A.8
ubc-14	Y87G2A.9
vps-28	Y87G2A.10
eipr-1	Y87G2A.11
Y87G2A.13	Y87G2A.13
agef-1	Y6B3A.1
W09C5.1	W09C5.1
unc-59	W09C5.2
ins-33	W09C5.4
dkf-1	W09C5.5
rpl-31	W09C5.6
sac-2	W09C5.7
cox-4	W09C5.8
W09C5.12	W09C5.12
ints-4	W04A4.5
clpr-1	W04A4.4
W04A4.3	W04A4.3
W04A4.2	W04A4.2
W04A4.6	W04A4.6
Y6B3B.1	Y6B3B.1
hsd-1	Y6B3B.11
lagr-1	Y6B3B.10
Y6B3B.9	Y6B3B.9
Y6B3B.7	Y6B3B.7
gpap-1	Y6B3B.5
Y6B3B.4	Y6B3B.4
Y37H9A.1	Y37H9A.1
ccct-1	Y37H9A.3
ndx-4	Y37H9A.6
Y37H9A.5	Y37H9A.5
W09G3.7	W09G3.7
tag-229	W09G3.3
maea-1	W09G3.2
W09G3.8	W09G3.8
W09G3.6	W09G3.6
W09G3.1	W09G3.1
W04A8.1	W04A8.1
W04A8.2	W04A8.2
W04A8.4	W04A8.4
W04A8.3	W04A8.3
W04A8.5	W04A8.5
W04A8.9	W04A8.9
W04A8.6	W04A8.6
taf-1	W04A8.7
trp-4	Y71A12B.4
clec-111	Y71A12B.5
clec-112	Y71A12B.6
Y71A12B.24	Y71A12B.24
Y71A12B.23	Y71A12B.23
Y71A12B.8	Y71A12B.8
usp-3	Y71A12B.9
rps-6	Y71A12B.1
Y71A12B.10	Y71A12B.10
Y71A12B.11	Y71A12B.11
gadr-5	Y71A12B.17
Y71A12B.12	Y71A12B.12
ZC334.7	ZC334.7
ins-28	ZC334.9
ZC334.13	ZC334.13
ins-29	ZC334.10
ins-25	ZC334.8
ins-27	ZC334.11
ZC334.12	ZC334.12
ins-24	ZC334.3
ins-30	ZC334.2
ins-26	ZC334.1
nhr-276	Y71A12C.1
Y71A12C.2	Y71A12C.2
smd-1	F47G4.7
F47G4.14	F47G4.14
clec-113	F47G4.1
hmg-6	F47G4.6
F47G4.5	F47G4.5
F47G4.4	F47G4.4
gpdh-1	F47G4.3
gadr-6	F47G4.2
fbxb-93	Y63D3A.9
fbxb-56	Y63D3A.10
fbxb-101	Y63D3A.3
fbxb-100	Y63D3A.2
tdpt-1	Y63D3A.4
tfg-1	Y63D3A.5
dnj-29	Y63D3A.6
Y63D3A.7	Y63D3A.7
fld-1	Y63D3A.8
mys-2	K03D10.3
kal-1	K03D10.1
C37A5.6	C37A5.6
C37A5.5	C37A5.5
fipr-23	C37A5.4
C37A5.3	C37A5.3
fipr-22	C37A5.2
fipr-24	C37A5.8
best-8	C37A5.1
C37A5.7	C37A5.7
C37A5.11	C37A5.11
pry-1	C37A5.9
ZK849.1	ZK849.1
gopc-1	ZK849.2
ZK849.6	ZK849.6
best-26	ZK849.5
best-25	ZK849.4
best-10	C49A1.2
C49A1.1	C49A1.1
best-11	C49A1.3
eya-1	C49A1.4
clec-114	C49A1.9
C49A1.5	C49A1.5
C49A1.10	C49A1.10
clec-115	C49A1.6
clec-116	K04H8.1
K04H8.2	K04H8.2
K04H8.3	K04H8.3
pes-7	F09C3.1
F09C3.2	F09C3.2
fbxb-69	F09C3.5
fbxb-68	F09C3.3
fbxa-103	F09C3.4
fbxb-67	F49B2.2
fbxb-8	F49B2.1
F49B2.7	F49B2.7
F49B2.3	F49B2.3
F49B2.9	F49B2.9
src-2	F49B2.5
F49B2.6	F49B2.6
Y105E8A.1	Y105E8A.1
Y105E8A.2	Y105E8A.2
slc-30A5	Y105E8A.3
ech-7	Y105E8A.4
bbs-1	Y105E8A.5
Y105E8A.32	Y105E8A.32
unc-95	Y105E8A.6
lev-10	Y105E8A.7
eat-18	Y105E8A.7
tcab-1	Y105E8A.8
apg-1	Y105E8A.9
hpo-13	Y105E8A.10
Y105E8A.11	Y105E8A.11
catp-1	Y105E8A.12
Y105E8A.27	Y105E8A.27
Y105E8A.13	Y105E8A.13
Y105E8A.14	Y105E8A.14
rps-20	Y105E8A.16
ekl-4	Y105E8A.17
yars-1	Y105E8A.19
Y105E8A.20	Y105E8A.20
Y105E8A.28	Y105E8A.28
Y105E8A.21	Y105E8A.21
exc-4	Y105E8A.22
zoo-1	Y105E8A.26
rpom-1	Y105E8A.23
Y105E8A.25	Y105E8A.25
Y105E8B.11	Y105E8B.11
lev-11	Y105E8B.1
exoc-8	Y105E8B.2
Y105E8B.7	Y105E8B.7
bath-40	Y105E8B.4
riok-2	Y105E8B.3
hprt-1	Y105E8B.5
Y105E8B.6	Y105E8B.6
ero-1	Y105E8B.8
Y105E8B.9	Y105E8B.9
ttm-5	Y54E5A.1
Y54E5A.2	Y54E5A.2
npp-4	Y54E5A.4
Y54E5A.5	Y54E5A.5
dus-2	Y54E5A.6
gid-1	Y54E5A.7
Y54E5A.8	Y54E5A.8
pbs-5	K05C4.1
K05C4.2	K05C4.2
sol-2	K05C4.11
K05C4.10	K05C4.10
K05C4.9	K05C4.9
K05C4.8	K05C4.8
K05C4.4	K05C4.4
K05C4.7	K05C4.7
hmp-2	K05C4.6
K05C4.5	K05C4.5
K05C4.3	K05C4.3
mtx-1	F39B2.11
dnj-12	F39B2.10
tmem-107	F39B2.9
rps-26	F39B2.6
F39B2.8	F39B2.8
mtcu-1	F39B2.7
F39B2.5	F39B2.5
sur-2	F39B2.4
F39B2.3	F39B2.3
uev-1	F39B2.2
hinf-1	F39B2.1
mrps-27	K11B4.1
blos-9	K11B4.2
smp-1	Y54E5B.1
Y54E5B.2	Y54E5B.2
let-49	Y54E5B.3
ubc-16	Y54E5B.4
eva-1	F32A7.3
F32A7.8	F32A7.8
metl-17	F32A7.4
maph-1.1	F32A7.5
aex-5	F32A7.6
str-245	F32A7.7
unc-54	F11C3.3
F11C3.1	F11C3.1
unc-122	F11C3.2
frm-1	ZK270.2
ptr-23	ZK270.1
kin-1	ZK909.2
ZK909.3	ZK909.3
fbxb-70	ZK909.5
ces-2	ZK909.4
ZK909.6	ZK909.6
klu-1	ZK337.2
tag-4	ZK337.4
tep-1	ZK337.1
mtd-1	ZK337.5
pole-1	F33H2.5
F33H2.6	F33H2.6
dog-1	F33H2.1
F33H2.2	F33H2.2
set-10	F33H2.7
F33H2.8	F33H2.8
F33H2.3	F33H2.3
gldr-2	F31C3.2
cyn-5	F31C3.1
F31C3.3	F31C3.3
zipt-1	F31C3.4
psf-2	F31C3.5
F31C3.6	F31C3.6
2L52.1	2L52.1
osta-1	C01B12.4
best-4	C01B12.5
best-3	C01B12.3
gmeb-1	C01B12.2
sqt-2	C01B12.1
C01B12.8	C01B12.8
F23F1.4	F23F1.4
F23F1.5	F23F1.5
fbxc-54	F23F1.3
F23F1.2	F23F1.2
F23F1.6	F23F1.6
F23F1.7	F23F1.7
F23F1.10	F23F1.10
rpt-4	F23F1.8
nfyc-1	F23F1.1
rpoa-49	F23F1.9
C23H3.5	C23H3.5
sptl-1	C23H3.4
tre-5	C23H3.7
ascc-1	C23H3.3
C23H3.2	C23H3.2
egl-26	C23H3.1
C23H3.9	C23H3.9
C50D2.6	C50D2.6
C50D2.9	C50D2.9
C50D2.7	C50D2.7
luc-7L3	C50D2.8
sftb-6	C50D2.5
C50D2.10	C50D2.10
col-68	C50D2.4
txt-1	C50D2.3
C50D2.2	C50D2.2
C50D2.1	C50D2.1
K10B4.3	K10B4.3
srt-54	K10B4.2
nmur-2	K10B4.4
srd-3	K10B4.5
cwn-1	K10B4.6
K10B4.1	K10B4.1
T25D3.4	T25D3.4
T25D3.3	T25D3.3
mrpl-28	T25D3.2
etr-1	T01D1.2
T01D1.7	T01D1.7
T01D1.3	T01D1.3
T01D1.4	T01D1.4
T01D1.8	T01D1.8
T01D1.5	T01D1.5
abu-11	T01D1.6
chs-2	F48A11.1
F48A11.4	F48A11.4
ubxn-3	F48A11.5
Y43H11AL.1	Y43H11AL.1
laat-1	Y43H11AL.2
scc-2	Y43H11AL.3
cat-2	B0432.5
B0432.14	B0432.14
B0432.7	B0432.7
B0432.8	B0432.8
trul-1	B0432.13
B0432.9	B0432.9
B0432.10	B0432.10
misc-1	B0432.4
mrpl-41	B0432.3
djr-1.1	B0432.2
B0432.11	B0432.11
clec-117	B0432.12
B0432.1	B0432.1
K01A2.6	K01A2.6
K01A2.5	K01A2.5
col-69	K01A2.7
K01A2.4	K01A2.4
mps-2	K01A2.8
K01A2.9	K01A2.9
K01A2.12	K01A2.12
far-7	K01A2.2
K01A2.10	K01A2.10
sgcb-1	K01A2.1
cbn-1	K01A2.11
cpn-2	D1069.2
D1069.1	D1069.1
D1069.3	D1069.3
dmsr-4	D1069.4
ptr-3	C41D7.2
C03H5.4	C03H5.4
C03H5.9	C03H5.9
C03H5.7	C03H5.7
C03H5.5	C03H5.5
C03H5.3	C03H5.3
nstp-4	C03H5.2
C03H5.6	C03H5.6
clec-10	C03H5.1
dnsn-1	C24H12.5
C24H12.4	C24H12.4
C24H12.6	C24H12.6
C24H12.8	C24H12.8
C24H12.18	C24H12.18
C24H12.1	C24H12.1
W10D9.1	W10D9.1
W10D9.6	W10D9.6
W10D9.3	W10D9.3
nfyb-1	W10D9.4
tomm-22	W10D9.5
nsun-1	W07E6.1
W07E6.5	W07E6.5
W07E6.2	W07E6.2
prp-21	W07E6.4
sms-5	W07E6.3
T27A1.1	T27A1.1
srh-105	T27A1.7
mab-9	T27A1.6
slc-36.2	T27A1.5
lgc-34	T27A1.4
T27A1.2	T27A1.2
T27A1.3	T27A1.3
mlt-10	C09E8.3
lips-7	C09E8.2
C09E8.1	C09E8.1
C09E8.6	C09E8.6
W08F4.5	W08F4.5
mlt-8	W08F4.6
W08F4.7	W08F4.7
cdc-37	W08F4.8
W08F4.3	W08F4.3
fbxb-14	W08F4.9
W08F4.12	W08F4.12
W08F4.13	W08F4.13
fbxb-34	W08F4.2
W08F4.10	W08F4.10
W08F4.1	W08F4.1
nhl-3	W04H10.3
W04H10.2	W04H10.2
W04H10.5	W04H10.5
W04H10.6	W04H10.6
W04H10.1	W04H10.1
clec-118	W04H10.4
T04B8.5	T04B8.5
arrd-1	T04B8.3
T04B8.1	T04B8.1
K07E8.6	K07E8.6
K07E8.7	K07E8.7
frpr-14	K07E8.5
sdz-24	K07E8.3
sri-45	K07E8.9
sri-46	K07E8.11
Y39F10C.3	Y39F10C.3
Y39F10C.1	Y39F10C.1
T02H6.9	T02H6.9
T02H6.10	T02H6.10
T02H6.8	T02H6.8
T02H6.7	T02H6.7
T02H6.6	T02H6.6
T02H6.5	T02H6.5
T02H6.4	T02H6.4
T02H6.3	T02H6.3
T02H6.11	T02H6.11
thoc-1	T02H6.2
T02H6.1	T02H6.1
rfip-2	Y39F10B.1
fbxc-48	C08G5.2
snt-6	C08G5.4
C08G5.7	C08G5.7
C08G5.6	C08G5.6
Y39F10A.1	Y39F10A.1
Y39F10A.3	Y39F10A.3
Y39F10A.6	Y39F10A.6
F46F5.16	F46F5.16
F46F5.15	F46F5.15
F46F5.1	F46F5.1
F46F5.14	F46F5.14
F46F5.13	F46F5.13
F46F5.11	F46F5.11
F46F5.5	F46F5.5
msrp-3	F46F5.6
F46F5.7	F46F5.7
F46F5.8	F46F5.8
msrp-4	F46F5.9
F46F5.10	F46F5.10
F28A10.1	F28A10.1
F28A10.8	F28A10.8
F28A10.3	F28A10.3
F28A10.4	F28A10.4
F28A10.7	F28A10.7
acdh-9	F28A10.6
F28A10.13	F28A10.13
F28A10.5	F28A10.5
Y46B2A.4	Y46B2A.4
Y46B2A.3	Y46B2A.3
fbxc-51	Y46B2A.1
alg-2	T07D3.7
T07D3.4	T07D3.4
T07D3.9	T07D3.9
T07D3.2	T07D3.2
fbxc-24	R07C3.11
fbxc-27	R07C3.10
fbxc-31	R07C3.9
fbxc-33	R07C3.8
fbxc-29	R07C3.7
fbxc-30	R07C3.15
fbxc-28	R07C3.6
R07C3.13	R07C3.13
fbxc-34	R07C3.5
acs-15	R07C3.4
R07C3.3	R07C3.3
fbxc-36	R07C3.2
clec-43	R07C3.1
fbxc-32	C32B5.10
fbxc-7	C32B5.9
sdz-4	C32B5.16
C32B5.18	C32B5.18
C32B5.7	C32B5.7
C32B5.13	C32B5.13
fbxc-18	C32B5.14
C32B5.6	C32B5.6
C32B5.15	C32B5.15
fbxc-14	C32B5.5
fbxc-17	C32B5.17
fbxc-15	C32B5.4
srh-274	C32B5.2
fbxc-40	C32B5.1
fbxc-39	F45D11.10
fbxc-42	F45D11.9
F45D11.7	F45D11.7
F45D11.11	F45D11.11
fbxb-29	F45D11.12
fbxb-30	F45D11.13
F45D11.5	F45D11.5
F45D11.14	F45D11.14
F45D11.15	F45D11.15
F45D11.16	F45D11.16
btb-11	M01D1.3
M01D1.12	M01D1.12
math-34	M01D1.2
fbxb-39	M01D1.7
fbxb-41	M01D1.8
fbxb-45	M01D1.10
str-148	M01D1.1
fbxb-40	M01D1.9
K02E7.7	K02E7.7
btb-10	K02E7.9
K02E7.10	K02E7.10
K02E7.12	K02E7.12
K02E7.4	K02E7.4
K02E7.11	K02E7.11
K02E7.1	K02E7.1
snf-3	T13B5.1
pho-14	T13B5.3
T13B5.9	T13B5.9
col-40	T13B5.4
lips-11	T13B5.5
lips-12	T13B5.6
lips-13	T13B5.7
sut-1	T13B5.8
eri-3	W09B6.3
taf-6.1	W09B6.2
W09B6.4	W09B6.4
pod-2	W09B6.1
T23F4.2	T23F4.2
dlhd-1	T23F4.3
nas-27	T23F4.4
F53A10.2	F53A10.2
lin-42	F47F6.1
clec-119	F47F6.5
clpr-2	F47F6.9
oac-30	F47F6.3
srw-66	Y57G7A.4
Y57G7A.5	Y57G7A.5
Y57G7A.11	Y57G7A.11
srz-63	Y57G7A.12
Y57G7A.6	Y57G7A.6
Y57G7A.3	Y57G7A.3
srz-64	Y57G7A.7
Y57G7A.2	Y57G7A.2
Y57G7A.1	Y57G7A.1
glb-31	Y57G7A.9
emc-2	Y57G7A.10
alh-6	F56D12.1
fcho-1	F56D12.6
vig-1	F56D12.5
jip-1	F56D12.4
C13A10.1	C13A10.1
C13A10.2	C13A10.2
rog-1	F54D12.6
F54D12.10	F54D12.10
F54D12.9	F54D12.9
F54D12.7	F54D12.7
aat-7	F54D12.3
F54D12.8	F54D12.8
F54D12.2	F54D12.2
F54D12.1	F54D12.1
Y51H7C.8	Y51H7C.8
Y51H7C.7	Y51H7C.7
Y51H7C.41	Y51H7C.41
cogc-4	Y51H7C.6
Y51H7C.9	Y51H7C.9
alkb-1	Y51H7C.5
Y51H7C.10	Y51H7C.10
nol-6	Y51H7C.11
Y51H7C.3	Y51H7C.3
Y51H7C.12	Y51H7C.12
scl-17	Y51H7C.2
Y51H7C.13	Y51H7C.13
Y51H7C.1	Y51H7C.1
H17B01.2	H17B01.2
H17B01.5	H17B01.5
emc-1	H17B01.4
fgt-1	H17B01.1
math-45	Y51H7BM.1
Y51H7BR.8	Y51H7BR.8
Y51H7BR.7	Y51H7BR.7
Y51H7BR.4	Y51H7BR.4
fbxb-43	Y51H7BR.2
fbxb-42	Y51H7BR.1
fbxb-44	K05F6.5
poml-4	K05F6.11
K05F6.4	K05F6.4
K05F6.12	K05F6.12
fbxb-52	K05F6.6
fbxb-51	K05F6.3
fbxb-54	K05F6.7
fbxb-50	K05F6.2
K05F6.14	K05F6.14
K05F6.8	K05F6.8
fbxb-49	K05F6.1
fbxb-46	K05F6.9
K05F6.10	K05F6.10
math-38	T07H3.3
clec-21	T07H3.4
T07H3.8	T07H3.8
T07H3.7	T07H3.7
clec-20	T07H3.5
bath-46	T07H3.2
bath-26	T07H3.6
bath-47	T07H3.1
bath-33	C08E3.3
fbxa-163	C08E3.6
fbxa-164	C08E3.7
fbxa-165	C08E3.8
fbxa-166	C08E3.9
fbxa-158	C08E3.10
fbxa-160	C08E3.12
C08E3.14	C08E3.14
C08E3.15	C08E3.15
C08E3.13	C08E3.13
C08E3.1	C08E3.1
srg-20	ZC204.4
srh-72	ZC204.5
ZC204.6	ZC204.6
ZC204.17	ZC204.17
fbxb-21	ZC204.8
fbxb-20	ZC204.9
fbxb-16	ZC204.10
fbxb-15	ZC204.7
btb-12	ZC204.3
ZC204.12	ZC204.12
ZC204.13	ZC204.13
ZC204.14	ZC204.14
duxl-1	ZC204.2
ZC204.1	ZC204.1
srw-97	ZC204.15
nhx-6	F58E1.6
fbxb-17	F58E1.5
irld-36	F58E1.4
fbxb-26	F58E1.3
fbxb-25	F58E1.2
fbxb-18	F58E1.8
fbxb-19	F58E1.9
fbxc-22	F58E1.10
fbxc-21	F58E1.11
fbxc-26	F58E1.12
F58E1.13	F58E1.13
fbxb-47	F58E1.14
sdz-18	F45C12.11
fbxa-184	F45C12.8
btb-7	F45C12.12
btb-6	F45C12.7
fbxb-48	F45C12.13
fbxb-5	F45C12.14
btb-8	F45C12.6
fbxb-11	F45C12.5
F45C12.17	F45C12.17
btb-9	F45C12.4
ceh-81	F45C12.3
ceh-82	F45C12.2
ceh-83	F45C12.15
irld-9	F45C12.16
irld-33	F45C12.1
K07G6.1	K07G6.1
F36H5.12	F36H5.12
clec-19	F36H5.6
F36H5.13	F36H5.13
F36H5.8	F36H5.8
F36H5.9	F36H5.9
F36H5.17	F36H5.17
fbxb-53	F36H5.5
F36H5.10	F36H5.10
F36H5.18	F36H5.18
F36H5.4	F36H5.4
math-28	F36H5.3
math-26	F36H5.1
math-3	C08F1.4
F36H5.14	F36H5.14
math-4	C08F1.5
C08F1.11	C08F1.11
C08F1.10	C08F1.10
C08F1.6	C08F1.6
fbxb-13	C08F1.3
C08F1.12	C08F1.12
C08F1.8	C08F1.8
fbxb-10	T08E11.6
fbxa-3	T08E11.7
fbxc-19	T08E11.5
math-41	T08E11.4
math-40	T08E11.3
math-39	T08E11.2
T08E11.1	T08E11.1
C52E2.5	C52E2.5
C52E2.4	C52E2.4
fbxb-97	C52E2.6
fbxb-96	C52E2.7
C52E2.3	C52E2.3
C52E2.2	C52E2.2
fbxb-95	C52E2.1
C16C4.18	C16C4.18
fbxb-98	C16C4.6
C16C4.17	C16C4.17
math-15	C16C4.5
math-14	C16C4.4
math-10	C16C4.15
math-13	C16C4.3
math-16	C16C4.8
math-5	C16C4.10
math-6	C16C4.11
math-7	C16C4.12
math-8	C16C4.13
math-9	C16C4.14
C16C4.1	C16C4.1
C46F9.5	C46F9.5
math-25	C46F9.4
C46F9.6	C46F9.6
math-24	C46F9.3
math-23	C46F9.2
math-22	C46F9.1
math-31	F52C6.6
bath-4	F52C6.8
bath-7	F52C6.10
bath-2	F52C6.11
F52C6.4	F52C6.4
F52C6.3	F52C6.3
F52C6.2	F52C6.2
ZK250.13	ZK250.13
ZK250.14	ZK250.14
math-48	ZK250.6
ZK250.2	ZK250.2
math-49	ZK250.7
Y16E11A.4	Y16E11A.4
math-44	Y16E11A.1
math-21	C40D2.3
math-20	C40D2.2
math-19	C40D2.1
ceh-84	C40D2.4
F59H6.15	F59H6.15
bath-21	F59H6.8
cya-2	F59H6.7
bath-1	F59H6.9
bath-3	F59H6.10
bath-5	F59H6.11
btb-4	F59H6.12
F59H6.14	F59H6.14
bath-19	F59H6.1
bath-20	B0047.1
bath-24	B0047.3
math-1	B0047.4
fbxb-35	F07E5.2
F07E5.5	F07E5.5
F07E5.13	F07E5.13
fbxb-6	F07E5.1
F07E5.12	F07E5.12
F07E5.7	F07E5.7
F07E5.8	F07E5.8
F07E5.9	F07E5.9
T16A1.4	T16A1.4
T16A1.5	T16A1.5
fbxc-49	T16A1.3
trpl-5	T16A1.7
T16A1.10	T16A1.10
fbxb-37	T16A1.8
T16A1.2	T16A1.2
math-42	T16A1.1
R52.4	R52.4
R52.5	R52.5
R52.6	R52.6
srh-195	R52.7
math-37	R52.9
sdz-28	R52.1
hpo-7	C40A11.5
C40A11.4	C40A11.4
C40A11.3	C40A11.3
C40A11.6	C40A11.6
C40A11.2	C40A11.2
C40A11.7	C40A11.7
C40A11.8	C40A11.8
math-18	C40A11.1
C33C12.11	C33C12.11
C33C12.4	C33C12.4
fbxb-38	C33C12.5
C33C12.12	C33C12.12
C33C12.7	C33C12.7
gba-1	C33C12.3
gba-2	C33C12.8
mtq-2	C33C12.9
Y59C2A.2	Y59C2A.2
C33C12.1	C33C12.1
Y59C2A.1	Y59C2A.1
Y59C2A.3	Y59C2A.3
cbs-2	F54A3.4
F54A3.5	F54A3.5
F54A3.6	F54A3.6
cct-3	F54A3.3
F54A3.2	F54A3.2
K09F6.3	K09F6.3
K09F6.15	K09F6.15
K09F6.6	K09F6.6
K09F6.11	K09F6.11
K09F6.9	K09F6.9
K09F6.10	K09F6.10
K09F6.13	K09F6.13
K09F6.7	K09F6.7
fbxc-25	K09F6.8
B0281.4	B0281.4
B0281.5	B0281.5
B0281.6	B0281.6
B0281.3	B0281.3
B0281.8	B0281.8
B0281.1	B0281.1
ZK1240.5	ZK1240.5
ZK1240.9	ZK1240.9
ZK1240.3	ZK1240.3
ZK1240.6	ZK1240.6
ZK1240.2	ZK1240.2
ZK1240.11	ZK1240.11
ZK1240.8	ZK1240.8
ZK1240.1	ZK1240.1
F43C11.8	F43C11.8
F43C11.7	F43C11.7
enri-1	F43C11.9
F43C11.6	F43C11.6
F43C11.4	F43C11.4
F43C11.10	F43C11.10
decr-1.1	F43C11.3
F43C11.2	F43C11.2
F43C11.1	F43C11.1
F43C11.16	F43C11.16
F43C11.11	F43C11.11
F43C11.12	F43C11.12
F16G10.5	F16G10.5
hpo-25	F16G10.4
F16G10.3	F16G10.3
F16G10.2	F16G10.2
F16G10.6	F16G10.6
F16G10.7	F16G10.7
F16G10.8	F16G10.8
F16G10.9	F16G10.9
F16G10.10	F16G10.10
F16G10.11	F16G10.11
F16G10.13	F16G10.13
F16G10.14	F16G10.14
F16G10.1	F16G10.1
fbxa-182	F42G2.4
fbxa-4	F42G2.8
F42G2.5	F42G2.5
F42G2.7	F42G2.7
fbxc-20	F42G2.3
F42G2.2	F42G2.2
ceh-86	F42G2.6
vab-19	T22D2.1
pqn-42	F53G2.4
tsr-1	F53G2.6
mnat-1	F53G2.7
F53G2.12	F53G2.12
F53G2.3	F53G2.3
F53G2.2	F53G2.2
F53G2.13	F53G2.13
F53G2.1	F53G2.1
gbas-1	F59H5.1
bath-13	F40B1.1
K02F6.7	K02F6.7
K02F6.6	K02F6.6
K02F6.8	K02F6.8
K02F6.5	K02F6.5
K02F6.4	K02F6.4
K02F6.3	K02F6.3
K02F6.1	K02F6.1
nep-18	K02F6.9
usp-39	F09D1.1
sri-74	F33H12.4
sri-36	F33H12.5
F33H12.7	F33H12.7
sri-39	F33H12.2
F33H12.1	F33H12.1
sri-77	D2062.9
sri-38	D2062.8
D2062.13	D2062.13
msrp-5	D2062.7
msrp-6	D2062.6
D2062.5	D2062.5
D2062.4	D2062.4
lgc-28	D2062.12
sri-71	D2062.3
sri-37	D2062.2
D2062.1	D2062.1
F22E5.21	F22E5.21
F22E5.9	F22E5.9
F22E5.8	F22E5.8
F22E5.23	F22E5.23
F22E5.7	F22E5.7
F22E5.11	F22E5.11
F22E5.12	F22E5.12
F22E5.13	F22E5.13
F22E5.6	F22E5.6
sri-47	F22E5.4
gcy-21	F22E5.3
F22E5.2	F22E5.2
F22E5.22	F22E5.22
sri-57	F22E5.16
F22E5.20	F22E5.20
F22E5.1	F22E5.1
F22E5.17	F22E5.17
F34D6.1	F34D6.1
ceh-87	F34D6.2
sup-9	F34D6.3
nspf-1	F34D6.7
nspf-2	F34D6.8
nspf-3	F34D6.9
set-11	F34D6.4
sri-62	F34D6.5
sri-61	F34D6.6
sri-60	Y47G7B.3
srh-128	Y47G7B.1
Y47G7B.2	Y47G7B.2
T05A8.1	T05A8.1
T05A8.2	T05A8.2
T05A8.3	T05A8.3
nep-2	T05A8.4
T05A8.11	T05A8.11
T05A8.5	T05A8.5
T05A8.8	T05A8.8
T05A8.6	T05A8.6
T05A8.7	T05A8.7
F29A7.4	F29A7.4
F29A7.6	F29A7.6
F29A7.3	F29A7.3
F29A7.8	F29A7.8
fbxb-107	F29A7.2
fbxb-106	F29A7.1
fbxb-108	F08D12.6
F08D12.15	F08D12.15
F08D12.7	F08D12.7
fbxb-105	F08D12.8
sdz-10	F08D12.9
sdz-9	F08D12.10
fbxb-111	F08D12.11
F08D12.4	F08D12.4
F08D12.3	F08D12.3
F08D12.2	F08D12.2
F08D12.12	F08D12.12
srpa-72	F08D12.1
nhr-119	K12H6.1
K12H6.12	K12H6.12
K12H6.2	K12H6.2
set-13	K12H6.11
fut-4	K12H6.3
K12H6.10	K12H6.10
K12H6.4	K12H6.4
K12H6.9	K12H6.9
K12H6.5	K12H6.5
K12H6.8	K12H6.8
K12H6.6	K12H6.6
K12H6.7	K12H6.7
Y110A2AL.4	Y110A2AL.4
Y110A2AL.6	Y110A2AL.6
Y110A2AL.7	Y110A2AL.7
ptc-3	Y110A2AL.8
Y110A2AL.5	Y110A2AL.5
Y110A2AL.9	Y110A2AL.9
Y110A2AL.3	Y110A2AL.3
Y110A2AL.2	Y110A2AL.2
Y110A2AL.10	Y110A2AL.10
Y110A2AL.1	Y110A2AL.1
pigw-1	Y110A2AL.12
pinn-1	Y110A2AL.13
sqv-2	Y110A2AL.14
ubc-26	Y110A2AM.3
ubc-15	Y110A2AR.2
ncap-1	Y110A2AR.3
Y110A2AR.1	Y110A2AR.1
ZK355.2	ZK355.2
ZK355.3	ZK355.3
ZK355.8	ZK355.8
irld-64	ZK355.4
irld-63	ZK355.1
irld-67	ZK355.7
irld-65	ZK355.5
irld-66	ZK355.6
irld-50	T11F1.7
irld-49	T11F1.6
srw-79	T11F1.5
irld-51	T11F1.9
irld-48	T11F1.2
srw-60	T11F1.1
nhr-88	K08A2.5
lido-7	K08A2.4
K08A2.2	K08A2.2
lido-8	K08A2.1
lido-9	C41H7.6
lido-10	C41H7.5
lido-11	C41H7.4
lido-12	C41H7.3
sdz-5	C41H7.8
C41H7.9	C41H7.9
C41H7.2	C41H7.2
clec-3	C41H7.7
clec-2	B0454.7
B0454.6	B0454.6
B0454.26	B0454.26
B0454.5	B0454.5
B0454.8	B0454.8
sri-29	B0454.4
sri-30	B0454.10
sri-28	B0454.3
sri-31	B0454.2
lido-13	B0454.9
lin-8	B0454.1
Y25C1A.6	Y25C1A.6
Y25C1A.7	Y25C1A.7
Y25C1A.8	Y25C1A.8
copb-1	Y25C1A.5
srg-21	Y25C1A.9
srg-22	Y25C1A.10
srg-23	Y25C1A.11
Y25C1A.14	Y25C1A.14
srg-24	Y25C1A.12
clec-121	Y25C1A.4
clec-122	Y25C1A.3
Y25C1A.13	Y25C1A.13
Y25C1A.2	Y25C1A.2
clec-123	Y25C1A.1
T10D4.7	T10D4.7
T10D4.6	T10D4.6
srh-71	T10D4.5
ins-19	T10D4.13
ins-31	T10D4.4
chil-24	T10D4.3
sri-54	T10D4.8
sri-42	T10D4.9
sri-43	T10D4.10
T10D4.15	T10D4.15
T10D4.11	T10D4.11
T10D4.1	T10D4.1
T10D4.14	T10D4.14
T10D4.19	T10D4.19
sri-32	T10D4.12
sri-33	Y27F2A.4
sri-34	Y27F2A.7
fbxc-55	Y27F2A.5
Y27F2A.10	Y27F2A.10
sri-40	Y27F2A.3
Y27F2A.6	Y27F2A.6
Y27F2A.8	Y27F2A.8
sri-78	Y27F2A.2
Y27F2A.11	Y27F2A.11
Y27F2A.9	Y27F2A.9
gcy-15	ZC239.7
sri-51	ZC239.8
sri-48	ZC239.9
sri-53	ZC239.10
sri-50	ZC239.19
ZC239.20	ZC239.20
ZC239.21	ZC239.21
sdz-35	ZC239.12
ZC239.6	ZC239.6
ZC239.5	ZC239.5
ZC239.4	ZC239.4
ZC239.3	ZC239.3
ZC239.22	ZC239.22
ZC239.14	ZC239.14
ZC239.13	ZC239.13
ZC239.15	ZC239.15
ZC239.16	ZC239.16
ZC239.17	ZC239.17
srh-297	C17F4.4
C17F4.8	C17F4.8
srz-67	C17F4.10
C17F4.11	C17F4.11
C17F4.3	C17F4.3
C17F4.12	C17F4.12
C17F4.7	C17F4.7
fbxc-50	C17F4.5
C17F4.2	C17F4.2
clec-124	C17F4.1
gcy-19	C17F4.6
F02E11.2	F02E11.2
F02E11.7	F02E11.7
F02E11.3	F02E11.3
F02E11.4	F02E11.4
wht-4	F02E11.1
nep-13	F39E9.4
scl-15	F02E11.5
sri-63	F39E9.3
F39E9.14	F39E9.14
btb-17	F39E9.11
btb-16	F39E9.2
btb-18	F39E9.12
btb-22	F39E9.27
F39E9.6	F39E9.6
Y46D2A.2	Y46D2A.2
Y46D2A.1	Y46D2A.1
Y46D2A.3	Y46D2A.3
irld-27	F14D2.17
F14D2.19	F14D2.19
F14D2.7	F14D2.7
F14D2.5	F14D2.5
F14D2.11	F14D2.11
F14D2.15	F14D2.15
bath-28	F14D2.13
bath-30	F14D2.12
F14D2.14	F14D2.14
F14D2.8	F14D2.8
bath-29	F14D2.4
lido-14	F14D2.2
bath-27	F14D2.1
Y49F6C.6	Y49F6C.6
Y49F6C.7	Y49F6C.7
Y49F6C.8	Y49F6C.8
bath-23	Y49F6C.5
bath-10	Y49F6C.4
bath-9	Y49F6C.3
Y49F6C.2	Y49F6C.2
T06D4.1	T06D4.1
T06D4.2	T06D4.2
T06D4.6	T06D4.6
nep-20	T06D4.4
nep-9	F18A12.5
nep-10	F18A12.6
nep-8	F18A12.4
F18A12.7	F18A12.7
F18A12.2	F18A12.2
nep-6	F18A12.1
nep-11	F18A12.8
C16C8.18	C16C8.18
skpo-2	C16C8.2
C16C8.17	C16C8.17
C16C8.27	C16C8.27
C16C8.22	C16C8.22
C16C8.4	C16C8.4
C16C8.5	C16C8.5
C16C8.16	C16C8.16
C16C8.20	C16C8.20
C16C8.13	C16C8.13
C16C8.21	C16C8.21
C16C8.25	C16C8.25
C16C8.14	C16C8.14
C16C8.12	C16C8.12
C16C8.11	C16C8.11
C16C8.26	C16C8.26
C16C8.19	C16C8.19
C16C8.7	C16C8.7
C16C8.8	C16C8.8
C16C8.9	C16C8.9
C16C8.10	C16C8.10
Y49F6B.20	Y49F6B.20
Y49F6B.13	Y49F6B.13
Y49F6B.12	Y49F6B.12
Y49F6B.6	Y49F6B.6
sdz-32	Y49F6B.5
fbxb-104	Y49F6B.7
Y49F6B.8	Y49F6B.8
smu-2	Y49F6B.4
fbxb-112	Y49F6B.3
Y49F6B.9	Y49F6B.9
col-71	Y49F6B.10
Y49F6B.2	Y49F6B.2
cyh-1	Y49F6B.1
Y49F6B.19	Y49F6B.19
srz-5	Y49F6B.11
Y49F6B.14	Y49F6B.14
clec-125	W09G10.6
clec-126	W09G10.5
col-72	W09G10.1
W09G10.9	W09G10.9
ncs-6	W09G10.3
apd-3	W09G10.4
W10G11.19	W10G11.19
dnc-3	W10G11.20
lgc-45	W10G11.16
W10G11.1	W10G11.1
W10G11.2	W10G11.2
W10G11.3	W10G11.3
clec-127	W10G11.5
clec-128	W10G11.6
clec-129	W10G11.15
clec-130	W10G11.14
clec-132	W10G11.13
clec-133	W10G11.12
clec-134	W10G11.11
srh-59	W10G11.10
srh-60	W10G11.9
srh-57	Y49F6A.2
srh-305	Y49F6A.3
Y49F6A.12	Y49F6A.12
Y49F6A.11	Y49F6A.11
Y49F6A.5	Y49F6A.5
F40E12.1	F40E12.1
M151.7	M151.7
M151.3	M151.3
M151.2	M151.2
fbxb-31	M151.5
M151.10	M151.10
M151.1	M151.1
fbxb-33	M151.8
F19B10.5	F19B10.5
F19B10.4	F19B10.4
F19B10.13	F19B10.13
F19B10.6	F19B10.6
F19B10.3	F19B10.3
srx-97	F19B10.7
srx-98	F19B10.8
sea-1	F19B10.9
F19B10.2	F19B10.2
F19B10.10	F19B10.10
F19B10.1	F19B10.1
ifas-1	F40H7.12
srx-101	F40H7.4
srx-102	F40H7.5
srx-104	F40H7.7
srx-105	F40H7.8
srx-108	F40H7.2
srx-110	C46E10.6
fbxc-53	C46E10.5
srh-100	C46E10.10
srh-99	C46E10.7
fbxc-52	C46E10.4
C46E10.3	C46E10.3
C46E10.1	C46E10.1
C46E10.8	C46E10.8
sdz-12	F12E12.5
bath-31	F12E12.4
F12E12.6	F12E12.6
F12E12.2	F12E12.2
F12E12.1	F12E12.1
F12E12.11	F12E12.11
fbxb-92	F12E12.9
fbxb-90	F12E12.10
fbxb-91	F12E12.8
sdz-11	F12E12.7
T24E12.5	T24E12.5
srx-111	T24E12.4
T24E12.12	T24E12.12
T24E12.6	T24E12.6
srx-112	T24E12.8
T24E12.10	T24E12.10
T24E12.3	T24E12.3
T24E12.11	T24E12.11
T24E12.2	T24E12.2
T24E12.1	T24E12.1
T24E12.13	T24E12.13
Y8A9A.4	Y8A9A.4
Y8A9A.3	Y8A9A.3
fbxb-99	Y8A9A.5
Y8A9A.2	Y8A9A.2
ins-32	Y8A9A.6
F54D10.4	F54D10.4
F54D10.5	F54D10.5
lido-15	F54D10.3
fbxa-24	F54D10.2
F54D10.7	F54D10.7
skr-15	F54D10.1
F54D10.8	F54D10.8
F54D10.9	F54D10.9
oac-4	C17A2.5
C17A2.4	C17A2.4
C17A2.7	C17A2.7
C17A2.3	C17A2.3
C17A2.2	C17A2.2
nhr-72	C17A2.8
nhr-257	C17A2.1
oac-11	C49D10.8
nhr-261	C49D10.9
oac-10	C49D10.4
nep-3	C49D10.10
sdz-7	C49D10.11
srh-250	C49D10.3
nhr-166	C49D10.2
F53C3.8	F53C3.8
F53C3.7	F53C3.7
F53C3.6	F53C3.6
F53C3.4	F53C3.4
F53C3.3	F53C3.3
F53C3.11	F53C3.11
fbxb-103	F53C3.2
bcmo-2	F53C3.12
F53C3.1	F53C3.1
plpp-1.1	F53C3.13
Y14H12B.2	Y14H12B.2
Y14H12B.1	Y14H12B.1
sea-2	K10G6.3
K10G6.9	K10G6.9
cank-26	K10G6.4
dos-2	K10G6.2
lin-31	K10G6.1
K10G6.5	K10G6.5
Y14H12A.2	Y14H12A.2
Y14H12A.1	Y14H12A.1
Y14H12A.5	Y14H12A.5
ephx-1	K07D4.7
K07D4.6	K07D4.6
K07D4.5	K07D4.5
K07D4.9	K07D4.9
K07D4.4	K07D4.4
pqn-48	K07D4.8
rpn-11	K07D4.3
K07D4.2	K07D4.2
gadr-4	W06A11.2
fbxb-118	W06A11.3
W06A11.1	W06A11.1
R11F4.2	R11F4.2
R11F4.1	R11F4.1
rhgf-2	T08H4.1
ast-1	T08H4.3
F56D3.1	F56D3.1
R03H10.2	R03H10.2
R03H10.4	R03H10.4
R03H10.5	R03H10.5
R03H10.6	R03H10.6
R03H10.7	R03H10.7
R03H10.1	R03H10.1
R03H10.11	R03H10.11
cpna-1	F31D5.3
mth-2	F31D5.4
mth-1	F31D5.5
F31D5.6	F31D5.6
F31D5.7	F31D5.7
F31D5.2	F31D5.2
F31D5.1	F31D5.1
C16A11.5	C16A11.5
C16A11.4	C16A11.4
C16A11.3	C16A11.3
C16A11.10	C16A11.10
fbxc-43	C16A11.9
fbxc-44	C16A11.6
C16A11.2	C16A11.2
gpa-11	C16A11.1
C16A11.7	C16A11.7
clec-135	C16A11.8
C01F1.4	C01F1.4
C01F1.5	C01F1.5
C01F1.6	C01F1.6
rml-4	C01F1.3
sco-1	C01F1.2
gtf-2F1	C01F1.1
Y52E8A.3	Y52E8A.3
plep-1	Y52E8A.4
srw-40	Y52E8A.5
Y52E8A.6	Y52E8A.6
Y52E8A.2	Y52E8A.2
Y52E8A.1	Y52E8A.1
H20J04.6	H20J04.6
mog-2	H20J04.8
pfd-2	H20J04.5
H20J04.4	H20J04.4
madf-3	H20J04.3
athp-2	H20J04.2
H20J04.9	H20J04.9
H20J04.7	H20J04.7
H20J04.1	H20J04.1
lat-2	B0286.2
try-9	B0286.6
paic-1	B0286.3
ntl-2	B0286.4
B0286.1	B0286.1
fkh-6	B0286.5
mlt-7	ZK430.8
ZK430.5	ZK430.5
sod-5	ZK430.3
bpnt-1	ZK430.2
ZK430.7	ZK430.7
toe-1	ZK430.1
nhr-109	T12C9.5
nhr-273	T12C9.1
nhr-16	T12C9.6
twk-2	T12C9.3
T12C9.7	T12C9.7
vps-18	W06B4.3
W06B4.2	W06B4.2
W06B4.1	W06B4.1
T05C1.1	T05C1.1
T05C1.2	T05C1.2
T05C1.3	T05C1.3
T05C1.5	T05C1.5
camt-1	T05C1.4
cyp-23A1	B0304.3
hlh-1	B0304.1
B0304.4	B0304.4
B0304.2	B0304.2
sra-35	B0304.8
sra-32	B0304.5
sra-33	B0304.6
sra-36	B0304.9
sra-34	B0304.7
K07E1.1	K07E1.1
M03A1.3	M03A1.3
M03A1.8	M03A1.8
dao-2	M03A1.7
vab-1	M03A1.1
ipla-1	M03A1.6
coa-3	F35D11.5
F35D11.4	F35D11.4
F35D11.3	F35D11.3
pqn-35	F35D11.2
clec-136	F35D11.7
clec-137	F35D11.8
clec-138	F35D11.9
clec-139	F35D11.10
F35D11.1	F35D11.1
che-10	F35D11.11
lgc-27	Y74E4A.1
fut-6	T05A7.5
T05A7.13	T05A7.13
T05A7.12	T05A7.12
T05A7.11	T05A7.11
fut-5	T05A7.10
T05A7.6	T05A7.6
clec-140	T05A7.2
hmg-11	T05A7.4
T05A7.3	T05A7.3
T05A7.1	T05A7.1
T05A7.7	T05A7.7
sre-40	T05A7.8
sre-39	F10G7.7
F10G7.12	F10G7.12
F10G7.5	F10G7.5
rpn-5	F10G7.8
scc-1	F10G7.4
unc-85	F10G7.3
F10G7.9	F10G7.9
tsn-1	F10G7.2
tag-151	F10G7.1
F10G7.10	F10G7.10
F41C3.8	F41C3.8
ttr-41	F10G7.11
F41C3.7	F41C3.7
F41C3.11	F41C3.11
ctsa-1.1	F41C3.5
eas-1	F41C3.4
acs-11	F41C3.3
F41C3.2	F41C3.2
F41C3.1	F41C3.1
C27D9.1	C27D9.1
C27D9.2	C27D9.2
F26G1.3	F26G1.3
F26G1.2	F26G1.2
ttm-2	F26G1.4
F26G1.5	F26G1.5
F26G1.9	F26G1.9
F26G1.10	F26G1.10
nep-12	F26G1.6
F26G1.11	F26G1.11
msp-3	F26G1.7
F26G1.15	F26G1.15
F26G1.1	F26G1.1
C33F10.4	C33F10.4
C33F10.14	C33F10.14
rig-6	C33F10.5
lact-5	C33F10.7
C33F10.8	C33F10.8
msp-40	C33F10.9
fbxb-88	C33F10.13
tbck-1	C33F10.2
C33F10.11	C33F10.11
C33F10.1	C33F10.1
C33F10.12	C33F10.12
T23B7.2	T23B7.2
nspd-4	T23B7.1
T23B7.3	T23B7.3
dnj-9	F11G11.7
F11G11.5	F11G11.5
nspd-5	F11G11.8
F11G11.4	F11G11.4
mpst-4	F11G11.9
F11G11.14	F11G11.14
col-17	F11G11.10
col-20	F11G11.11
col-73	F11G11.12
F11G11.15	F11G11.15
F11G11.13	F11G11.13
gst-6	F11G11.3
gst-7	F11G11.2
gst-8	F11G11.1
R05F9.7	R05F9.7
R05F9.6	R05F9.6
gst-9	R05F9.5
msp-33	R05F9.8
msp-32	R05F9.3
R05F9.9	R05F9.9
sgt-1	R05F9.10
btbd-10	R05F9.1
R05F9.11	R05F9.11
aagr-2	R05F9.12
msp-31	R05F9.13
msp-152	ZK546.6
gst-30	ZK546.11
ZK546.5	ZK546.5
ZK546.4	ZK546.4
cblc-1	ZK546.17
ZK546.19	ZK546.19
mdt-4	ZK546.13
ZK546.14	ZK546.14
ZK546.2	ZK546.2
try-1	ZK546.15
zyg-12	ZK546.1
ndx-3	Y38A8.1
pbs-3	Y38A8.2
ulp-2	Y38A8.3
shc-2	T27F7.2
T27F7.12	T27F7.12
eif-1	T27F7.3
pigb-1	T27F7.4
vps-24	T27F7.1
rnh-1.0	F59A6.6
F59A6.11	F59A6.11
F59A6.5	F59A6.5
F59A6.10	F59A6.10
F59A6.4	F59A6.4
F59A6.3	F59A6.3
F59A6.12	F59A6.12
F59A6.2	F59A6.2
nsy-1	F59A6.1
F59A6.13	F59A6.13
wdr-83	F33G12.2
F33G12.3	F33G12.3
lrr-1	F33G12.4
golg-2	F33G12.5
F33G12.7	F33G12.7
F33G12.6	F33G12.6
ify-1	C27A2.3
rpl-22	C27A2.2
C27A2.12	C27A2.12
pho-12	C27A2.4
smc-5	C27A2.1
C27A2.8	C27A2.8
C27A2.5	C27A2.5
C27A2.7	C27A2.7
dsh-2	C27A2.6
C04G6.4	C04G6.4
pld-1	C04G6.3
txt-9	C04G6.5
C04G6.2	C04G6.2
C04G6.13	C04G6.13
C04G6.6	C04G6.6
C04G6.7	C04G6.7
C04G6.10	C04G6.10
C04G6.11	C04G6.11
mpk-2	C04G6.1
F09C12.2	F09C12.2
F09C12.8	F09C12.8
msp-74	F09C12.7
F09C12.6	F09C12.6
lgc-56	F09C12.1
F58A6.2	F58A6.2
nas-29	F58A6.4
F58A6.1	F58A6.1
F58A6.5	F58A6.5
srb-16	F58A6.6
srb-12	F58A6.10
srb-13	F58A6.11
msp-45	F58A6.8
F58A6.9	F58A6.9
C27D6.11	C27D6.11
srb-5	C27D6.6
srb-3	C27D6.8
srb-1	C27D6.10
C27D6.15	C27D6.15
C27D6.1	C27D6.1
C27D6.3	C27D6.3
C27D6.12	C27D6.12
crh-2	C27D6.4
msp-49	C34F11.6
C34F11.5	C34F11.5
msp-50	C34F11.4
ampd-1	C34F11.3
C34F11.8	C34F11.8
C34F11.2	C34F11.2
C34F11.1	C34F11.1
dsh-1	C34F11.9
EGAP2.2	EGAP2.2
EGAP2.1	EGAP2.1
pho-1	EGAP2.3
pho-4	T16D1.2
T16D1.1	T16D1.1
ptr-6	C54A12.1
frpr-4	C54A12.2
drn-1	C54A12.4
pmt-1	ZK622.3
gur-5	ZK622.2
ZK622.5	ZK622.5
ZK622.4	ZK622.4
ZK622.1	ZK622.1
gcy-12	F08B1.2
vhp-1	F08B1.1
F09E5.14	F09E5.14
F09E5.8	F09E5.8
F09E5.7	F09E5.7
srg-69	F09E5.4
F09E5.11	F09E5.11
bmy-1	F09E5.17
sec-6	F09E5.5
F09E5.16	F09E5.16
F09E5.12	F09E5.12
agt-2	F09E5.13
F09E5.3	F09E5.3
algn-2	F09E5.2
prdx-2	F09E5.15
pkc-3	F09E5.1
ccpp-6	EEED8.6
rsp-4	EEED8.7
ndx-6	EEED8.8
brap-2	EEED8.16
pink-1	EEED8.9
EEED8.10	EEED8.10
mog-5	EEED8.5
clec-141	EEED8.11
EEED8.12	EEED8.12
EEED8.4	EEED8.4
EEED8.13	EEED8.13
EEED8.18	EEED8.18
EEED8.14	EEED8.14
EEED8.3	EEED8.3
EEED8.2	EEED8.2
EEED8.15	EEED8.15
tofu-6	EEED8.1
F07F6.7	F07F6.7
F07F6.8	F07F6.8
F07F6.4	F07F6.4
F07F6.2	F07F6.2
srx-114	F07F6.9
dct-5	F07F6.5
F07F6.1	F07F6.1
nmr-1	F07F6.6
cex-1	F56D1.6
dhs-5	F56D1.5
daz-1	F56D1.7
clr-1	F56D1.4
mrps-16	F56D1.3
ilcr-2	F56D1.2
F56D1.1	F56D1.1
cal-8	F12A10.5
nep-5	F12A10.4
F12A10.6	F12A10.6
F12A10.1	F12A10.1
suex-1	F12A10.7
F12A10.9	F12A10.9
F12A10.8	F12A10.8
fzy-1	ZK177.6
cyp-44A1	ZK177.5
npp-24	ZK177.4
ZK177.8	ZK177.8
ZK177.3	ZK177.3
ZK177.9	ZK177.9
ZK177.2	ZK177.2
ZK177.12	ZK177.12
ZK177.11	ZK177.11
tbx-35	ZK177.10
ZK177.1	ZK177.1
C17C3.9	C17C3.9
hlh-26	C17C3.8
hlh-25	C17C3.7
C17C3.11	C17C3.11
hlh-27	C17C3.10
C17C3.24	C17C3.24
ins-13	C17C3.18
acdh-2	C17C3.12
C17C3.6	C17C3.6
C17C3.5	C17C3.5
ins-12	C17C3.19
ins-11	C17C3.4
C17C3.3	C17C3.3
C17C3.2	C17C3.2
C17C3.13	C17C3.13
C17C3.1	C17C3.1
C17C3.15	C17C3.15
T25E4.1	T25E4.1
T25E4.2	T25E4.2
lys-8	C17G10.5
C17G10.13	C17G10.13
cdc-14	C17G10.4
ttc-4	C17G10.2
C17G10.1	C17G10.1
C17G10.10	C17G10.10
C17G10.6	C17G10.6
C17G10.7	C17G10.7
dhs-6	C17G10.8
eif-3.L	C17G10.9
npl-4.2	F59E12.5
F59E12.15	F59E12.15
F59E12.6	F59E12.6
npl-4.1	F59E12.4
F59E12.8	F59E12.8
F59E12.3	F59E12.3
F59E12.9	F59E12.9
ddl-1	F59E12.10
sam-4	F59E12.11
F59E12.17	F59E12.17
zyg-1	F59E12.2
bli-2	F59E12.12
F59E12.1	F59E12.1
fut-3	F59E12.13
ift-43	C25H3.12
mdt-26	C25H3.6
C25H3.15	C25H3.15
C25H3.16	C25H3.16
C25H3.7	C25H3.7
C25H3.17	C25H3.17
C25H3.11	C25H3.11
flp-27	C25H3.5
C25H3.9	C25H3.9
eif-2D	C25H3.4
C25H3.3	C25H3.3
C25H3.14	C25H3.14
C25H3.10	C25H3.10
C25H3.1	C25H3.1
osta-2	C18A3.4
tiar-1	C18A3.5
C18A3.9	C18A3.9
C18A3.10	C18A3.10
C18A3.3	C18A3.3
zipt-3	C18A3.2
damt-1	C18A3.1
rab-3	C18A3.6
C18A3.7	C18A3.7
C18A3.11	C18A3.11
hlh-14	C18A3.8
F10C1.9	F10C1.9
ifb-2	F10C1.7
F10C1.8	F10C1.8
F10C1.3	F10C1.3
F10C1.23	F10C1.23
ifb-1	F10C1.2
dmd-5	F10C1.5
F10C1.1	F10C1.1
K05F1.6	K05F1.6
K05F1.13	K05F1.13
lect-2	K05F1.5
K05F1.14	K05F1.14
acdh-8	K05F1.3
msp-63	K05F1.7
msp-142	K05F1.2
K05F1.8	K05F1.8
K05F1.9	K05F1.9
K05F1.1	K05F1.1
K05F1.10	K05F1.10
msp-64	ZK1248.6
ZK1248.5	ZK1248.5
wago-5	ZK1248.7
ZK1248.20	ZK1248.20
ZK1248.4	ZK1248.4
ehs-1	ZK1248.3
tbc-2	ZK1248.10
ZK1248.11	ZK1248.11
gtap-1	ZK1248.13
col-74	ZK1248.2
fzo-1	ZK1248.14
ZK1248.15	ZK1248.15
ZK1248.19	ZK1248.19
lec-5	ZK1248.16
nep-25	ZK1248.1
ZK1248.17	ZK1248.17
H41C03.3	H41C03.3
H41C03.2	H41C03.2
H41C03.1	H41C03.1
F55C12.4	F55C12.4
tag-234	F55C12.7
F55C12.19	F55C12.19
F55C12.5	F55C12.5
F55C12.6	F55C12.6
F55C12.2	F55C12.2
rfip-1	F55C12.1
F59G1.4	F59G1.4
tsp-18	F59G1.2
F59G1.8	F59G1.8
vps-35	F59G1.3
cgt-3	F59G1.1
frh-1	F59G1.7
ptp-2	F59G1.5
vrk-1	F28B12.3
egl-44	F28B12.2
F28B12.6	F28B12.6
F28B12.1	F28B12.1
B0034.2	B0034.2
casy-1	B0034.3
B0034.7	B0034.7
B0034.4	B0034.4
B0034.1	B0034.1
B0034.5	B0034.5
ins-2	ZK75.2
ins-3	ZK75.3
ins-4	ZK75.1
ins-5	ZK84.3
ins-6	ZK84.6
ZK84.4	ZK84.4
ins-20	ZK84.7
ZK84.2	ZK84.2
ZK84.5	ZK84.5
ZK84.1	ZK84.1
R12C12.9	R12C12.9
frpr-16	R12C12.3
R12C12.10	R12C12.10
R12C12.5	R12C12.5
R12C12.6	R12C12.6
ran-5	R12C12.2
gldc-1	R12C12.1
R12C12.7	R12C12.7
H12I13.1	H12I13.1
H12I13.6	H12I13.6
fbf-1	H12I13.4
F21H12.3	F21H12.3
fbf-2	F21H12.5
nspg-3	F21H12.7
tpp-2	F21H12.6
rbbp-5	F21H12.1
rgs-3	C29H12.3
heri-1	C29H12.5
C29H12.6	C29H12.6
C29H12.2	C29H12.2
rars-2	C29H12.1
abts-3	F57F10.1
exp-1	H35N03.1
hst-3.1	F40H3.5
F40H3.3	F40H3.3
F40H3.2	F40H3.2
F40H3.1	F40H3.1
fkh-8	F40H3.4
cpb-2	C30B5.3
rbmx-2	C30B5.4
C30B5.2	C30B5.2
szy-4	C30B5.1
C30B5.17	C30B5.17
daf-37	C30B5.5
mks-2	C30B5.9
C30B5.6	C30B5.6
C30B5.7	C30B5.7
T24H7.9	T24H7.9
tat-4	T24H7.5
T24H7.8	T24H7.8
blos-4	T24H7.4
T24H7.3	T24H7.3
T24H7.2	T24H7.2
phb-2	T24H7.1
F13H8.5	F13H8.5
F13H8.11	F13H8.11
nmgp-1	F13H8.4
F13H8.12	F13H8.12
F13H8.3	F13H8.3
F13H8.8	F13H8.8
F13H8.2	F13H8.2
bpl-1	F13H8.10
F13H8.9	F13H8.9
F13H8.1	F13H8.1
F13H8.6	F13H8.6
upb-1	F13H8.7
C29F5.3	C29F5.3
mps-1	C29F5.4
C29F5.1	C29F5.1
C29F5.8	C29F5.8
glb-10	C29F5.7
efr-3	C32D5.3
C32D5.4	C32D5.4
sma-6	C32D5.2
set-4	C32D5.5
C32D5.6	C32D5.6
C32D5.14	C32D5.14
C32D5.7	C32D5.7
C32D5.8	C32D5.8
txt-18	C32D5.1
lgg-1	C32D5.9
C32D5.10	C32D5.10
C32D5.11	C32D5.11
C32D5.12	C32D5.12
K10B2.4	K10B2.4
ani-2	K10B2.5
clec-88	K10B2.3
ctsa-4.1	K10B2.2
lin-23	K10B2.1
F58F12.1	F58F12.1
F58F12.4	F58F12.4
F58F12.2	F58F12.2
F58F12.3	F58F12.3
zig-10	T25D10.2
btb-2	T25D10.5
T25D10.1	T25D10.1
spp-11	T25D10.3
T25D10.4	T25D10.4
K03H9.3	K03H9.3
col-75	K03H9.2
cutl-16	K06A1.3
K06A1.2	K06A1.2
nhr-22	K06A1.4
atg-16.2	K06A1.5
aptf-1	K06A1.1
dgk-5	K06A1.6
del-10	T28D9.7
T28D9.16	T28D9.16
T28D9.4	T28D9.4
lido-16	T28D9.9
plpp-1.2	T28D9.3
snr-3	T28D9.10
rsp-5	T28D9.2
T28D9.11	T28D9.11
T28D9.1	T28D9.1
twk-49	R05G9.2
R05G9.5	R05G9.5
R05G9.3	R05G9.3
R05G9.1	R05G9.1
R05G9R.1	R05G9R.1
C56E6.7	C56E6.7
toe-2	C56E6.3
C56E6.2	C56E6.2
C56E6.4	C56E6.4
abch-1	C56E6.5
abcx-1	C56E6.1
utp-20	F18C5.3
lron-15	C56E6.6
wrn-1	F18C5.2
F18C5.10	F18C5.10
mpz-3	F18C5.4
F18C5.5	F18C5.5
F18C5.9	F18C5.9
sra-27	F18C5.1
sra-28	F18C5.6
sra-29	F18C5.8
sra-31	C56C10.5
C56C10.6	C56C10.6
C56C10.4	C56C10.4
C56C10.7	C56C10.7
icd-1	C56C10.8
vps-32.1	C56C10.3
C56C10.9	C56C10.9
aipr-1	C56C10.10
dnj-8	C56C10.13
epg-5	C56C10.12
vps-33.2	C56C10.1
klf-3	F54H5.4
F54H5.3	F54H5.3
F54H5.14	F54H5.14
F54H5.5	F54H5.5
F54H5.2	F54H5.2
T19D12.4	T19D12.4
T19D12.5	T19D12.5
T19D12.6	T19D12.6
oig-8	T19D12.7
sra-26	T19D12.8
T19D12.9	T19D12.9
T19D12.10	T19D12.10
T19D12.2	T19D12.2
T19D12.1	T19D12.1
H43E16.1	H43E16.1
ift-74	C18H9.8
gyf-1	C18H9.3
C18H9.5	C18H9.5
C18H9.1	C18H9.1
C18H9.6	C18H9.6
rpy-1	C18H9.7
dpy-10	T14B4.7
T14B4.19	T14B4.19
dpy-2	T14B4.6
T14B4.5	T14B4.5
T14B4.20	T14B4.20
tsp-10	T14B4.4
T14B4.8	T14B4.8
T14B4.9	T14B4.9
T14B4.3	T14B4.3
mrps-18.C	T14B4.2
T14B4.1	T14B4.1
exos-8	F41G3.14
F41G3.6	F41G3.6
ins-15	F41G3.17
ins-14	F41G3.16
F41G3.5	F41G3.5
F41G3.10	F41G3.10
F41G3.20	F41G3.20
F41G3.19	F41G3.19
F41G3.21	F41G3.21
srx-95	F41G3.11
fis-1	F41G3.4
F41G3.3	F41G3.3
agr-1	F41G3.12
nlp-50	F41G3.1
F41G3.18	F41G3.18
ssup-72	T13C2.4
T13C2.7	T13C2.7
T13C2.6	T13C2.6
T13C2.3	T13C2.3
T13C2.2	T13C2.2
F31E8.4	F31E8.4
tab-1	F31E8.3
F31E8.5	F31E8.5
snt-1	F31E8.2
egl-27	C04A2.3
tbc-6	C04A2.1
C04A2.15	C04A2.15
dnj-5	C04A2.7
aff-1	C44B7.3
clhm-1	C44B7.4
C44B7.5	C44B7.5
slc-36.5	C44B7.6
C44B7.7	C44B7.7
pmp-1	C44B7.8
pmp-2	C44B7.9
acer-1	C44B7.10
adal-1	C44B7.12
C44B7.11	C44B7.11
hrpl-1	C44B7.2
psmd-9	C44B7.1
B0252.3	B0252.3
asm-1	B0252.2
cyn-10	B0252.4
B0252.8	B0252.8
B0252.11	B0252.11
B0252.5	B0252.5
B0252.1	B0252.1
F22D3.4	F22D3.4
flcn-1	F22D3.2
malt-1	F22D3.6
ceh-38	F22D3.1
tra-2	C15F1.3
eif-2Bgamma	C15F1.4
C15F1.5	C15F1.5
art-1	C15F1.6
sod-1	C15F1.7
C15F1.8	C15F1.8
C15F1.2	C15F1.2
C15F1.1	C15F1.1
unc-104	C52E12.2
sqv-7	C52E12.3
lst-6	C52E12.4
lst-5	C52E12.6
znf-598	C52E12.1
cin-4	ZK1127.7
tcer-1	ZK1127.9
ZK1127.5	ZK1127.5
ZK1127.12	ZK1127.12
ZK1127.13	ZK1127.13
ZK1127.4	ZK1127.4
ZK1127.3	ZK1127.3
cth-2	ZK1127.10
acs-6	ZK1127.2
him-14	ZK1127.11
nos-2	ZK1127.1
kars-1	T02G5.9
kat-1	T02G5.8
T02G5.7	T02G5.7
T02G5.15	T02G5.15
T02G5.14	T02G5.14
T02G5.3	T02G5.3
mct-5	T02G5.12
mmaa-1	T02G5.13
farl-11	F10E7.8
rpl-33	F10E7.7
F10E7.9	F10E7.9
F10E7.5	F10E7.5
F10E7.6	F10E7.6
cutl-5	F10E7.10
spon-1	F10E7.4
F10E7.11	F10E7.11
F10E7.2	F10E7.2
F10E7.1	F10E7.1
T07F8.4	T07F8.4
gld-3	T07F8.3
npr-31	T07F8.2
T07F8.1	T07F8.1
fust-1	C27H5.3
C27H5.2	C27H5.2
C27H5.12	C27H5.12
mfsd-13.2	C27H5.4
col-36	C27H5.5
dyf-13	C27H5.7
glc-4	C27H5.8
pdl-1	C27H5.1
C27H5.6	C27H5.6
E04F6.4	E04F6.4
acdh-12	E04F6.5
maoc-1	E04F6.3
E04F6.6	E04F6.6
pcrg-1	E04F6.2
srd-56	E04F6.14
srd-58	E04F6.13
srd-59	E04F6.1
dhs-7	E04F6.7
E04F6.15	E04F6.15
E04F6.8	E04F6.8
E04F6.9	E04F6.9
E04F6.10	E04F6.10
clh-3	E04F6.11
F32A5.4	F32A5.4
ctsa-3.1	F32A5.3
aqp-1	F32A5.5
skpo-3	F32A5.2
prx-13	F32A5.6
lsm-4	F32A5.7
ada-2	F32A5.1
F32A5.8	F32A5.8
C30G12.4	C30G12.4
C30G12.2	C30G12.2
C30G12.6	C30G12.6
puf-8	C30G12.7
C30G12.1	C30G12.1
cul-4	F45E12.3
brf-1	F45E12.2
mrpl-14	F45E12.5
cnep-1	F45E12.1
F45E12.6	F45E12.6
F21D12.2	F21D12.2
F21D12.3	F21D12.3
npax-1	F21D12.5
nhr-21	F21D12.1
hsp-4	F43E2.8
haf-2	F43E2.4
insc-1	F43E2.3
msra-1	F43E2.5
F43E2.6	F43E2.6
F43E2.11	F43E2.11
mtch-1	F43E2.7
rpb-4	F43E2.2
F43E2.1	F43E2.1
C07D10.6	C07D10.6
C07D10.5	C07D10.5
sre-3	C07D10.3
bath-44	C07D10.2
C07D10.1	C07D10.1
nas-7	C07D10.4
srd-55	K02A2.2
K02A2.5	K02A2.5
kcc-3	K02A2.3
srd-54	K02A2.7
K02A2.1	K02A2.1
D1022.3	D1022.3
D1022.4	D1022.4
D1022.5	D1022.5
D1022.2	D1022.2
sro-1	D1022.6
aka-1	D1022.7
ubc-6	D1022.1
cah-2	D1022.8
D1022.9	D1022.9
nas-23	R10H1.5
R10H1.1	R10H1.1
spi-1	R10H1.4
srab-14	R10H1.2
C28F5.1	C28F5.1
glb-9	C28F5.2
ZK1290.15	ZK1290.15
ZK1290.7	ZK1290.7
rnh-1.1	ZK1290.6
ZK1290.5	ZK1290.5
wrt-1	ZK1290.12
wrt-10	ZK1290.8
ZK1290.13	ZK1290.13
nfi-1	ZK1290.4
rol-8	ZK1290.3
fbxa-224	ZK1290.9
tph-1	ZK1290.2
ZK1290.10	ZK1290.10
ZK1290.14	ZK1290.14
ZK1290.11	ZK1290.11
ZK1290.1	ZK1290.1
F35D2.3	F35D2.3
F35D2.2	F35D2.2
F35D2.1	F35D2.1
F35D2.6	F35D2.6
mks-3	F35D2.4
syd-1	F35D2.5
pgam-5	R07G3.5
npp-21	R07G3.3
osm-8	R07G3.6
lips-17	R07G3.2
R07G3.7	R07G3.7
oig-4	R07G3.9
cdc-42	R07G3.1
R07G3.8	R07G3.8
pde-4	R153.1
alfa-1	F18A1.6
F18A1.7	F18A1.7
rpa-1	F18A1.5
lir-2	F18A1.4
lir-1	F18A1.3
lin-26	F18A1.2
F18A1.1	F18A1.1
pid-1	F18A1.8
nhx-2	B0495.4
B0495.5	B0495.5
moa-2	B0495.6
cdk-11.1	B0495.2
B0495.7	B0495.7
luc-7L	B0495.8
B0495.9	B0495.9
sre-1	B0495.1
cpna-5	B0495.10
cpna-2	B0228.4
trx-1	B0228.5
B0228.6	B0228.6
B0228.1	B0228.1
B0228.7	B0228.7
B0228.8	B0228.8
B0228.9	B0228.9
srh-39	C06A8.7
C06A8.8	C06A8.8
C06A8.6	C06A8.6
mthf-1	C06A8.1
snpc-1.1	C06A8.2
spdl-1	C06A8.5
skr-17	C06A8.4
glr-4	C06A8.9
nlp-77	C06A8.3
cki-1	T05A6.1
cki-2	T05A6.2
irld-47	T05A6.4
srw-62	T05A6.6
T09A5.14	T09A5.14
cex-2	T09A5.1
klp-3	T09A5.2
acr-7	T09A5.3
T09A5.4	T09A5.4
T09A5.5	T09A5.5
mdt-10	T09A5.6
mdmh-35	T09A5.7
cec-3	T09A5.8
T09A5.15	T09A5.15
sds-22	T09A5.9
lin-5	T09A5.10
ostb-1	T09A5.11
ztf-17	T09A5.12
T01H3.3	T01H3.3
T01H3.2	T01H3.2
vha-4	T01H3.1
T01H3.5	T01H3.5
perm-1	T01H3.4
ptc-1	ZK675.1
rev-1	ZK675.2
best-23	ZK675.3
ZK675.4	ZK675.4
spv-1	ZK669.1
ZK669.2	ZK669.2
ZK669.3	ZK669.3
dbt-1	ZK669.4
ZK669.5	ZK669.5
C04H4.1	C04H4.1
DH11.5	DH11.5
pgp-11	DH11.3
glna-2	DH11.1
DH11.2	DH11.2
zyg-11	C08B11.1
hda-2	C08B11.2
swsn-7	C08B11.3
nrf-6	C08B11.4
sap-49	C08B11.5
arp-6	C08B11.6
C08B11.9	C08B11.9
ubh-4	C08B11.7
algn-6	C08B11.8
T05H10.1	T05H10.1
apn-1	T05H10.2
T05H10.3	T05H10.3
T05H10.4	T05H10.4
T05H10.8	T05H10.8
ufd-2	T05H10.5
pdha-1	T05H10.6
gpcp-2	T05H10.7
K02C4.2	K02C4.2
K02C4.5	K02C4.5
K02C4.3	K02C4.3
ltd-1	K02C4.4
sre-2	C41C4.2
sfxn-5	C41C4.10
chst-1	C41C4.1
C41C4.9	C41C4.9
lron-4	C41C4.3
ire-1	C41C4.4
unc-105	C41C4.5
ulp-4	C41C4.6
ctns-1	C41C4.7
cdc-48.2	C41C4.8
ints-11	F10B5.8
rpl-10	F10B5.1
F10B5.2	F10B5.2
F10B5.3	F10B5.3
tub-1	F10B5.4
tmem-138	F10B5.9
pch-2	F10B5.5
emb-27	F10B5.6
rrf-3	F10B5.7
T05C12.11	T05C12.11
T05C12.15	T05C12.15
decr-1.3	T05C12.3
T05C12.1	T05C12.1
acr-14	T05C12.2
T05C12.4	T05C12.4
dylt-3	T05C12.5
mig-5	T05C12.6
cct-1	T05C12.7
T05C12.8	T05C12.8
T05C12.9	T05C12.9
qua-1	T05C12.10
col-76	M110.1
M110.8	M110.8
twk-3	M110.2
M110.10	M110.10
M110.3	M110.3
ifg-1	M110.4
dab-1	M110.5
M110.9	M110.9
M110.7	M110.7
nlp-5	F35C11.1
F35C11.2	F35C11.2
F35C11.3	F35C11.3
F35C11.4	F35C11.4
F35C11.5	F35C11.5
F35C11.7	F35C11.7
F35C11.6	F35C11.6
K01C8.1	K01C8.1
K01C8.2	K01C8.2
tdc-1	K01C8.3
gei-14	K01C8.5
slc-25A32	K01C8.7
mrpl-10	K01C8.6
clec-142	K01C8.8
nst-1	K01C8.9
cct-4	K01C8.10
nlp-55	F14F11.2
shw-1	F14F11.1
ran-3	C26D10.1
C26D10.3	C26D10.3
hel-1	C26D10.2
C26D10.4	C26D10.4
C26D10.7	C26D10.7
eff-1	C26D10.5
C26D10.6	C26D10.6
col-77	M195.1
M195.2	M195.2
amt-3	M195.3
F49E12.12	F49E12.12
drd-1	F49E12.9
F49E12.10	F49E12.10
F49E12.8	F49E12.8
F49E12.7	F49E12.7
dod-23	F49E12.2
skpo-1	F49E12.1
ubc-24	F49E12.4
sra-13	F49E12.5
efl-3	F49E12.6
F14E5.1	F14E5.1
F14E5.8	F14E5.8
F14E5.2	F14E5.2
acp-2	F14E5.4
acp-4	F14E5.6
acp-3	F14E5.3
lips-10	F14E5.5
eif-3.G	F22B5.2
evl-20	F22B5.1
cut-3	F22B5.3
F22B5.4	F22B5.4
F22B5.5	F22B5.5
F22B5.6	F22B5.6
zyg-9	F22B5.7
fars-3	F22B5.9
F22B5.10	F22B5.10
M05D6.2	M05D6.2
M05D6.8	M05D6.8
M05D6.1	M05D6.1
M05D6.3	M05D6.3
lact-4	M05D6.4
M05D6.5	M05D6.5
taap-1	M05D6.6
gbh-2	M05D6.7
T13H5.1	T13H5.1
M05D6.9	M05D6.9
ctg-2	T13H5.2
rnh-2	T13H5.7
T13H5.8	T13H5.8
cht-2	T13H5.3
prp-9	T13H5.4
mrps-18B	T13H5.5
T13H5.6	T13H5.6
W01C9.1	W01C9.1
W01C9.2	W01C9.2
pqn-73	W01C9.3
decr-1.2	W01C9.4
glb-27	W01C9.5
iff-2	F54C9.1
F54C9.14	F54C9.14
stc-1	F54C9.2
F54C9.3	F54C9.3
col-38	F54C9.4
rpl-5	F54C9.5
bcs-1	F54C9.6
F54C9.7	F54C9.7
puf-5	F54C9.8
F54C9.9	F54C9.9
arl-1	F54C9.10
F54C9.11	F54C9.11
aptf-4	F28C6.1
aptf-3	F28C6.2
pigg-1	F28C6.4
F28C6.5	F28C6.5
cpf-1	F28C6.3
rpl-26	F28C6.7
suf-1	F28C6.6
F28C6.8	F28C6.8
F28C6.10	F28C6.10
F28C6.9	F28C6.9
T22C8.1	T22C8.1
chhy-1	T22C8.2
T22C8.3	T22C8.3
T22C8.4	T22C8.4
sptf-2	T22C8.5
T22C8.6	T22C8.6
cutl-12	T22C8.7
vab-9	T22C8.8
D2085.7	D2085.7
pyr-1	D2085.1
atg-10	D2085.2
piga-1	D2085.6
eif-2Bepsilon	D2085.3
etc-1	D2085.4
hgap-2	D2085.5
C34C6.9	C34C6.9
C34C6.3	C34C6.3
C34C6.10	C34C6.10
chdh-1	C34C6.4
sphk-1	C34C6.5
ceh-7	C34C6.8
prx-5	C34C6.6
cup-16	C34C6.7
srg-15	C34C6.1
rab-21	T01B7.3
cyn-11	T01B7.4
T01B7.13	T01B7.13
T01B7.5	T01B7.5
trcs-2	T01B7.6
T01B7.9	T01B7.9
rol-6	T01B7.7
T01B7.8	T01B7.8
mak-1	K08F8.1
atf-2	K08F8.2
K08F8.7	K08F8.7
fut-1	K08F8.3
pah-1	K08F8.4
nsph-1.1	K08F8.5
K08F8.15	K08F8.15
let-19	K08F8.6
sgn-1	F07H5.2
F07H5.13	F07H5.13
F07H5.6	F07H5.6
F07H5.7	F07H5.7
F07H5.8	F07H5.8
pho-13	F07H5.9
F07H5.10	F07H5.10
F46C5.9	F46C5.9
rer-1	F46C5.8
F46C5.10	F46C5.10
F46C5.1	F46C5.1
nas-25	F46C5.3
F46C5.2	F46C5.2
F46C5.4	F46C5.4
F46C5.7	F46C5.7
F46C5.6	F46C5.6
agxt-1	T14D7.1
oac-46	T14D7.2
snb-6	T14D7.3
npr-20	T07D4.1
T07D4.2	T07D4.2
rha-1	T07D4.3
T07D4.5	T07D4.5
ddx-19	T07D4.4
lat-1	B0457.1
B0457.4	B0457.4
B0457.6	B0457.6
B0457.2	B0457.2
cct-2	T21B10.7
mrpl-50	T21B10.1
enol-1	T21B10.2
T21B10.3	T21B10.3
set-17	T21B10.5
T21B10.4	T21B10.4
cutl-15	T21B10.6
sftd-3	C18E9.10
cal-2	C18E9.1
C18E9.4	C18E9.4
C18E9.2	C18E9.2
szy-20	C18E9.3
C18E9.5	C18E9.5
tomm-40	C18E9.6
C18E9.7	C18E9.7
C18E9.8	C18E9.8
C18E9.9	C18E9.9
ooc-5	C18E9.11
F44G4.1	F44G4.1
F44G4.2	F44G4.2
F44G4.3	F44G4.3
tdp-1	F44G4.4
F44G4.5	F44G4.5
F44G4.6	F44G4.6
F44G4.7	F44G4.7
dep-1	F44G4.8
F37B12.1	F37B12.1
gcs-1	F37B12.2
F37B12.3	F37B12.3
T24B8.7	T24B8.7
chmp-7	T24B8.2
rpl-32	T24B8.1
T24B8.3	T24B8.3
T24B8.4	T24B8.4
sysm-1	T24B8.5
hlh-3	T24B8.6
C07H4.1	C07H4.1
clh-5	C07H4.2
T24H10.1	T24H10.1
T24H10.5	T24H10.5
dyrb-1	T24H10.6
dnj-23	T24H10.3
T24H10.4	T24H10.4
jun-1	T24H10.7
C16D2.1	C16D2.1
nlp-78	C16D2.2
C16D2.3	C16D2.3
Y9C2UA.1	Y9C2UA.1
W07A12.4	W07A12.4
col-78	W07A12.5
oac-54	W07A12.6
rhy-1	W07A12.7
W07A12.8	W07A12.8
T23G7.3	T23G7.3
T23G7.2	T23G7.2
dpl-1	T23G7.1
sec-5	T23G7.4
pir-1	T23G7.5
sym-2	ZK1067.6
twk-4	ZK1067.5
let-23	ZK1067.1
ZK1067.4	ZK1067.4
znfx-1	ZK1067.2
ZK1067.3	ZK1067.3
abu-14	ZK1067.7
gst-13	T26C5.1
T26C5.2	T26C5.2
T26C5.3	T26C5.3
T26C5.5	T26C5.5
T26C5.4	T26C5.4
nlp-82	H32K21.1
aqp-2	C01G6.1
C01G6.2	C01G6.2
C01G6.3	C01G6.3
C01G6.4	C01G6.4
C01G6.5	C01G6.5
mtrr-1	C01G6.6
acs-7	C01G6.7
C01G6.9	C01G6.9
cam-1	C01G6.8
csa-1	D2013.3
wdfy-2	D2013.2
rab-39	D2013.1
egli-1	D2013.10
eat-3	D2013.5
wbp-2	D2013.6
eif-3.F	D2013.7
scp-1	D2013.8
ttll-12	D2013.9
F42A8.1	F42A8.1
sdhb-1	F42A8.2
cup-15	F42A8.3
mel-11	C06C3.1
C06C3.3	C06C3.3
C06C3.4	C06C3.4
C06C3.12	C06C3.12
C06C3.10	C06C3.10
srh-48	C06C3.6
C06C3.7	C06C3.7
lido-17	C06C3.8
Y51B9A.9	Y51B9A.9
Y51B9A.14	Y51B9A.14
Y51B9A.8	Y51B9A.8
Y51B9A.7	Y51B9A.7
Y51B9A.6	Y51B9A.6
Y51B9A.5	Y51B9A.5
mpz-6	Y51B9A.3
arrd-2	Y51B9A.4
M176.9	M176.9
arrd-3	M176.1
gss-1	M176.2
chch-3	M176.3
M176.4	M176.4
M176.16	M176.16
M176.11	M176.11
M176.10	M176.10
M176.5	M176.5
kin-15	M176.6
kin-16	M176.7
chil-13	M176.8
chil-17	R09D1.3
chil-16	R09D1.2
chil-15	R09D1.1
R09D1.13	R09D1.13
chil-18	R09D1.5
R09D1.12	R09D1.12
chil-19	R09D1.6
R09D1.14	R09D1.14
chil-21	R09D1.8
chil-22	R09D1.10
chil-23	R09D1.11
T19H5.6	T19H5.6
chil-25	T19H5.1
chil-26	T19H5.2
chil-27	T19H5.3
T19H5.7	T19H5.7
T19H5.4	T19H5.4
gcy-3	R134.1
gcy-1	AH6.1
sfxn-1.1	AH6.2
AH6.3	AH6.3
sra-1	AH6.4
AH6.17	AH6.17
mex-6	AH6.5
sra-2	AH6.6
sra-9	AH6.14
sra-8	AH6.12
sra-3	AH6.7
sra-4	AH6.8
sra-7	AH6.11
sra-6	AH6.10
F35H8.12	F35H8.12
F35H8.1	F35H8.1
F35H8.2	F35H8.2
zfp-2	F35H8.3
F35H8.4	F35H8.4
exc-7	F35H8.5
wee-1.1	F35H8.7
ugt-58	F35H8.6
eral-1	E02H1.2
E02H1.1	E02H1.1
tag-124	E02H1.3
parp-2	E02H1.4
E02H1.5	E02H1.5
E02H1.6	E02H1.6
mrpl-53	E02H1.8
nhr-19	E02H1.7
pap-2	T15H9.6
T15H9.5	T15H9.5
T15H9.4	T15H9.4
hlh-6	T15H9.3
hal-3	T15H9.2
dnj-20	T15H9.7
ZK1307.8	ZK1307.8
ZK1307.7	ZK1307.7
fzr-1	ZK1307.6
sqv-8	ZK1307.5
ZK1307.9	ZK1307.9
ZK1307.4	ZK1307.4
ZK1307.3	ZK1307.3
ZK1307.2	ZK1307.2
ZK1307.1	ZK1307.1
gstk-1	ZK1320.1
ZK1320.2	ZK1320.2
ZK1320.3	ZK1320.3
cyp-13A10	ZK1320.4
ZK1320.5	ZK1320.5
ZK1320.11	ZK1320.11
taf-8	ZK1320.12
ZK1320.7	ZK1320.7
arc-1	ZK1320.6
ZK1320.13	ZK1320.13
ZK1320.9	ZK1320.9
nlp-11	ZK1320.10
Y53C12A.8	Y53C12A.8
Y53C12A.7	Y53C12A.7
mop-25.2	Y53C12A.4
Y53C12A.10	Y53C12A.10
Y53C12A.3	Y53C12A.3
glt-5	Y53C12A.2
wee-1.3	Y53C12A.1
Y53C12A.6	Y53C12A.6
Y53C12A.11	Y53C12A.11
cutl-2	Y53C12B.6
mab-3	Y53C12B.5
pno-1	Y53C12B.2
Y53C12B.1	Y53C12B.1
nos-3	Y53C12B.3
Y53C12B.7	Y53C12B.7
ZK1321.1	ZK1321.1
shk-1	ZK1321.2
aqp-10	ZK1321.3
ZK1321.4	ZK1321.4
T10B9.9	T10B9.9
cyp-13A1	T10B9.8
T10B9.14	T10B9.14
cyp-13A2	T10B9.7
cyp-13A3	T10B9.5
cyp-13A4	T10B9.1
cyp-13A5	T10B9.2
cyp-13A6	T10B9.3
cyp-13A7	T10B9.10
cyp-13A8	T10B9.4
eyg-1	Y53C12C.1
ZK938.1	ZK938.1
ZK938.12	ZK938.12
ZK938.3	ZK938.3
arrd-5	ZK938.4
arrd-4	ZK938.2
ZK938.11	ZK938.11
rnh-1.2	ZK938.7
chil-9	ZK938.6
old-2	ZK938.5
ZK938.10	ZK938.10
chil-4	C08H9.10
chil-6	C08H9.12
chil-5	C08H9.11
chil-3	C08H9.7
C08H9.18	C08H9.18
chil-1	C08H9.4
old-1	C08H9.5
chil-7	C08H9.13
chil-8	C08H9.14
chil-2	C08H9.6
ctsa-3.2	C08H9.1
C08H9.15	C08H9.15
algn-8	C08H9.3
vgln-1	C08H9.2
C08H9.16	C08H9.16
F26C11.1	F26C11.1
unc-4	F26C11.2
F26C11.3	F26C11.3
F26C11.4	F26C11.4
C05C10.8	C05C10.8
pho-10	C05C10.1
C05C10.2	C05C10.2
pho-11	C05C10.4
C05C10.3	C05C10.3
C05C10.7	C05C10.7
C05C10.5	C05C10.5
ufd-3	C05C10.6
flad-1	R53.1
egl-43	R53.3
dtmk-1	R53.2
R53.4	R53.4
psf-1	R53.6
R53.5	R53.5
aakg-5	R53.7
R53.8	R53.8
ZK892.6	ZK892.6
sdz-38	ZK892.7
lec-3	ZK892.1
nlt-1	ZK892.2
ZK892.3	ZK892.3
ZK892.4	ZK892.4
ZK892.5	ZK892.5
lec-2	F52H3.7
F52H3.6	F52H3.6
ttc-36	F52H3.5
mtcu-2	F52H3.2
let-268	F52H3.1
ogr-2	F52H3.4
bath-38	F52H3.3
F52H3.11	F52H3.11
flp-4	C18D1.3
stg-1	C18D1.4
C18D1.2	C18D1.2
die-1	C18D1.1
lact-2	ZK945.1
pas-7	ZK945.2
puf-12	ZK945.3
ZK945.4	ZK945.4
ZK945.6	ZK945.6
ZK945.7	ZK945.7
ZK945.8	ZK945.8
lov-1	ZK945.9
F27E5.7	F27E5.7
F27E5.8	F27E5.8
F27E5.5	F27E5.5
F27E5.9	F27E5.9
phg-1	F27E5.4
asah-2	F27E5.1
F27E5.3	F27E5.3
pax-3	F27E5.2
nlp-63	F33H1.6
daf-19	F33H1.1
gpd-4	F33H1.2
wbp-11	F33H1.3
F33H1.4	F33H1.4
srd-1	F33H1.5
srd-2	R05H5.1
cdc-25.4	R05H5.2
R05H5.7	R05H5.7
srb-6	R05H5.6
R05H5.3	R05H5.3
R05H5.4	R05H5.4
arv-1	R05H5.5
T01E8.1	T01E8.1
ref-1	T01E8.2
plc-3	T01E8.3
srh-135	T01E8.7
T01E8.8	T01E8.8
ubxn-5	T01E8.9
mec-15	T01E8.4
mrps-14	T01E8.6
nrde-2	T01E8.5
atad-3	F54B3.3
F54B3.1	F54B3.1
F54B3.2	F54B3.2
F54B3.4	F54B3.4
ZK971.1	ZK971.1
nep-26	ZK970.1
clpp-1	ZK970.2
mdt-22	ZK970.3
vha-9	ZK970.4
gcy-4	ZK970.5
ZK970.8	ZK970.8
gcy-5	ZK970.6
ZK970.7	ZK970.7
M02G9.3	M02G9.3
M02G9.4	M02G9.4
M02G9.2	M02G9.2
M02G9.1	M02G9.1
pro-2	C07E3.2
C07E3.10	C07E3.10
stip-1	C07E3.1
C07E3.9	C07E3.9
C07E3.8	C07E3.8
C07E3.3	C07E3.3
C07E3.4	C07E3.4
ceh-57	C07E3.5
ceh-58	C07E3.6
ztf-27	T09F3.1
T09F3.2	T09F3.2
T09F3.7	T09F3.7
gpd-1	T09F3.3
T09F3.4	T09F3.4
T09F3.5	T09F3.5
E04D5.5	E04D5.5
eif-2A	E04D5.1
E04D5.2	E04D5.2
cut-4	E04D5.3
E04D5.4	E04D5.4
ZK673.1	ZK673.1
ZK673.2	ZK673.2
lin-56	ZK673.3
ZK673.4	ZK673.4
ZK673.11	ZK673.11
ZK673.5	ZK673.5
ZK673.6	ZK673.6
sdz-37	ZK673.10
tnc-2	ZK673.7
clec-143	ZK673.9
ZK666.1	ZK666.1
ZK666.2	ZK666.2
clec-58	ZK666.3
ZK666.4	ZK666.4
clec-59	ZK666.5
clec-60	ZK666.6
ZK666.11	ZK666.11
ZK666.15	ZK666.15
clec-61	ZK666.7
ZK666.8	ZK666.8
ZK666.14	ZK666.14
ZK666.12	ZK666.12
myrf-1	F59B10.1
F59B10.2	F59B10.2
F59B10.3	F59B10.3
F59B10.4	F59B10.4
F59B10.5	F59B10.5
F59B10.6	F59B10.6
mab-10	R166.1
R166.2	R166.2
R166.3	R166.3
pro-1	R166.4
mnk-1	R166.5
cdc-48.1	C06A1.1
C06A1.6	C06A1.6
C06A1.7	C06A1.7
txt-13	C06A1.2
C06A1.3	C06A1.3
rpb-6	C06A1.5
dohh-1	C14A4.1
dap-3	C14A4.2
mrps-22	C14A4.14
algn-9	C14A4.3
crn-3	C14A4.4
crn-5	C14A4.5
C14A4.6	C14A4.6
C14A4.7	C14A4.7
C14A4.8	C14A4.8
C14A4.9	C14A4.9
srv-2	C14A4.15
taf-13	C14A4.10
ccm-3	C14A4.11
C14A4.12	C14A4.12
C14A4.13	C14A4.13
cutl-9	M28.1
M28.8	M28.8
M28.9	M28.9
M28.4	M28.4
M28.10	M28.10
nphp-1	M28.7
lact-3	M28.6
snu-13	M28.5
rsp-7	D2089.1
marc-2	D2089.2
D2089.8	D2089.8
D2089.3	D2089.3
ptb-1	D2089.4
gbh-1	D2089.5
lgc-57	C09G5.1
dph-2	C09G5.2
col-79	C09G5.3
col-39	C09G5.4
col-80	C09G5.5
bli-1	C09G5.6
C09G5.7	C09G5.7
C09G5.13	C09G5.13
mks-5	C09G5.8
C09G5.14	C09G5.14
glb-12	C52A11.2
C52A11.3	C52A11.3
mpz-1	C52A11.4
ect-2	T19E10.1
cdl-1	R06F6.1
tag-209	R06F6.11
vps-11	R06F6.2
set-14	R06F6.4
npp-19	R06F6.5
ceh-62	R06F6.6
R06F6.14	R06F6.14
msrp-7	R06F6.7
R06F6.8	R06F6.8
ech-4	R06F6.9
R06F6.12	R06F6.12
mix-1	M106.1
VM106R.1	VM106R.1
M106.8	M106.8
M106.2	M106.2
M106.7	M106.7
M106.3	M106.3
gmps-1	M106.4
cap-2	M106.5
cyn-4	F59E10.2
copz-1	F59E10.3
orc-2	F59E10.1
lurp-1	F44F4.1
egg-3	F44F4.2
F44F4.3	F44F4.3
ptr-8	F44F4.4
sra-10	F44F4.5
gly-1	F44F4.6
sra-12	F44F4.7
sra-11	F44F4.13
F44F4.15	F44F4.15
F44F4.9	F44F4.9
F44F4.10	F44F4.10
tba-4	F44F4.11
Y19D2B.1	Y19D2B.1
Y19D2B.2	Y19D2B.2
metr-1	R03D7.1
R03D7.2	R03D7.2
R03D7.15	R03D7.15
tceb-3	R03D7.4
R03D7.5	R03D7.5
gst-5	R03D7.6
nos-1	R03D7.7
R03D7.8	R03D7.8
ptp-3	C09D8.1
col-81	F38A3.1
ram-2	F38A3.2
let-858	F33A8.1
F33A8.7	F33A8.7
nlp-18	F33A8.2
F33A8.10	F33A8.10
cey-1	F33A8.3
col-83	F33A8.9
F33A8.4	F33A8.4
sdhd-1	F33A8.5
ilkp-1	F33A8.6
F45E10.2	F45E10.2
unc-53	F45E10.1
rpl-42	C09H10.1
nbs-1	C09H10.10
rpl-36.A	C09H10.2
nuo-1	C09H10.3
C09H10.4	C09H10.4
C09H10.5	C09H10.5
C09H10.9	C09H10.9
nasp-1	C09H10.6
apc-17	C09H10.7
glb-4	C09H10.8
mat-2	W10C6.1
W10C6.2	W10C6.2
rps-9	F40F8.10
lsm-1	F40F8.9
F40F8.1	F40F8.1
F40F8.3	F40F8.3
F40F8.12	F40F8.12
F40F8.11	F40F8.11
F40F8.5	F40F8.5
F40F8.4	F40F8.4
arrd-6	F40F8.8
pqm-1	F40F8.7
ptr-13	K07C10.1
F37H8.6	F37H8.6
bigr-1	F37H8.3
lir-3	F37H8.1
sfxn-1.2	F37H8.4
F37H8.5	F37H8.5
srap-1	T06D8.1
plpr-1	T06D8.3
T06D8.2	T06D8.2
cox-15	T06D8.5
cchl-1	T06D8.6
fndc-1	T06D8.7
rpn-9	T06D8.8
T06D8.9	T06D8.9
T06D8.10	T06D8.10
T05B9.2	T05B9.2
T05B9.1	T05B9.1
cut-1	C47G2.1
unc-130	C47G2.2
C47G2.3	C47G2.3
C47G2.4	C47G2.4
saps-1	C47G2.5
raga-1	T24F1.1
samp-1	T24F1.2
rsf-1	T24F1.3
T24F1.7	T24F1.7
T24F1.4	T24F1.4
nlp-51	T24F1.5
tag-180	T24F1.6
sqt-1	B0491.2
rmd-3	B0491.3
lgc-20	B0491.4
nduf-11	B0491.5
B0491.6	B0491.6
pigm-1	B0491.1
dph-5	B0491.7
clh-2	B0491.8
C33B4.2	C33B4.2
C33B4.4	C33B4.4
C33B4.5	C33B4.5
shn-1	C33B4.3
C05D12.7	C05D12.7
C05D12.1	C05D12.1
C05D12.2	C05D12.2
C05D12.3	C05D12.3
C05D12.4	C05D12.4
C05D12.5	C05D12.5
vha-6	VW02B12L.1
VW02B12L.2	VW02B12L.2
ebp-2	VW02B12L.3
adbp-1	VW02B12L.4
W02B12.13	W02B12.13
W02B12.1	W02B12.1
rsp-2	W02B12.2
rsp-1	W02B12.3
aars-1	W02B12.6
rga-1	W02B12.8
klp-17	W02B12.7
cisd-1	W02B12.15
mfn-1	W02B12.9
metl-1	W02B12.10
W02B12.11	W02B12.11
W02B12.16	W02B12.16
W02B12.12	W02B12.12
twk-5	B0334.2
ttr-18	B0334.1
B0334.13	B0334.13
hacl-1	B0334.3
ooc-3	B0334.11
B0334.4	B0334.4
emc-5	B0334.15
B0334.5	B0334.5
B0334.20	B0334.20
B0334.6	B0334.6
srh-44	B0334.7
B0334.10	B0334.10
age-1	B0334.8
Y62F5A.10	Y62F5A.10
mdt-8	Y62F5A.1
Y62F5A.12	Y62F5A.12
Y62F5A.9	Y62F5A.9
F54D5.12	F54D5.12
gtf-2E2	F54D5.11
F54D5.9	F54D5.9
dnj-13	F54D5.8
F54D5.7	F54D5.7
F54D5.24	F54D5.24
F54D5.17	F54D5.17
F54D5.15	F54D5.15
F54D5.5	F54D5.5
F54D5.23	F54D5.23
F54D5.4	F54D5.4
F54D5.3	F54D5.3
F54D5.2	F54D5.2
pcs-1	F54D5.1
smc-6	F54D5.14
ints-7	D1043.1
F07A11.1	F07A11.1
gfat-1	F07A11.2
npp-5	F07A11.3
F07A11.4	F07A11.4
F07A11.5	F07A11.5
din-1	F07A11.6
ghi-1	ZK20.1
coa-7	ZK20.4
rad-23	ZK20.3
rpn-12	ZK20.5
nep-1	ZK20.6
trr-1	C47D12.1
C47D12.2	C47D12.2
sfxn-1.4	C47D12.3
C47D12.4	C47D12.4
C47D12.5	C47D12.5
kel-1	C47D12.7
tars-1	C47D12.6
xpf-1	C47D12.8
inos-1	VF13D12L.1
VF13D12L.3	VF13D12L.3
F13D12.9	F13D12.9
F13D12.10	F13D12.10
F13D12.3	F13D12.3
ldh-1	F13D12.2
F13D12.5	F13D12.5
alh-8	F13D12.4
F13D12.8	F13D12.8
ctsa-1.2	F13D12.6
gpb-1	F13D12.7
F44E5.17	F44E5.17
F44E5.4	F44E5.4
F44E5.5	F44E5.5
F44E5.2	F44E5.2
F44E5.15	F44E5.15
F44E5.1	F44E5.1
patr-1	F43G6.9
dna-2	F43G6.1
F43G6.16	F43G6.16
F43G6.4	F43G6.4
hda-5	F43G6.11
F43G6.17	F43G6.17
jmjd-1.1	F43G6.6
F43G6.10	F43G6.10
F43G6.7	F43G6.7
F43G6.8	F43G6.8
pap-3	F43G6.5
Y6D1A.2	Y6D1A.2
Y6D1A.1	Y6D1A.1
pes-5	T27D12.4
clec-144	T27D12.3
T27D12.6	T27D12.6
T27D12.1	T27D12.1
clh-1	T27D12.2
K12D12.5	K12D12.5
K12D12.4	K12D12.4
npp-3	K12D12.2
col-84	K12D12.3
top-2	K12D12.1
ZK930.6	ZK930.6
ZK930.2	ZK930.2
vab-23	ZK930.3
ZK930.4	ZK930.4
vps-15	ZK930.1
ZK930.7	ZK930.7
hmg-12	Y17G7A.1
lin-29	W03C9.4
W03C9.8	W03C9.8
W03C9.6	W03C9.6
W03C9.1	W03C9.1
W03C9.2	W03C9.2
rab-7	W03C9.3
W03C9.5	W03C9.5
mex-1	W03C9.7
acbp-6	Y17G7B.1
Y17G7B.21	Y17G7B.21
Y17G7B.20	Y17G7B.20
ash-2	Y17G7B.2
Y17G7B.3	Y17G7B.3
dhps-1	Y17G7B.4
Y17G7B.23	Y17G7B.23
mcm-2	Y17G7B.5
glb-29	Y17G7B.6
Y17G7B.12	Y17G7B.12
Y17G7B.8	Y17G7B.8
cyn-16	Y17G7B.9
tpi-1	Y17G7B.7
ippk-1	Y17G7B.13
nadk-2	Y17G7B.10
arrd-7	Y17G7B.11
arrd-8	Y17G7B.14
Y17G7B.22	Y17G7B.22
cnt-1	Y17G7B.15
Y17G7B.17	Y17G7B.17
Y17G7B.18	Y17G7B.18
Y43F11A.1	Y43F11A.1
set-24	Y43F11A.5
Y43F11A.4	Y43F11A.4
Y57A10A.2	Y57A10A.2
Y57A10A.4	Y57A10A.4
Y57A10A.5	Y57A10A.5
Y57A10A.8	Y57A10A.8
rol-1	Y57A10A.11
Y57A10A.13	Y57A10A.13
Y57A10A.14	Y57A10A.14
polg-1	Y57A10A.15
trpp-5	Y57A10A.16
aqp-12	Y57A10A.35
pqn-87	Y57A10A.18
rsr-2	Y57A10A.19
sinh-1	Y57A10A.20
txdc-12.1	Y57A10A.23
Y57A10A.24	Y57A10A.24
tag-276	Y57A10A.9
parn-2	Y57A10A.25
tric-1B.1	Y57A10A.10
Y57A10A.26	Y57A10A.26
Y57A10A.27	Y57A10A.27
tric-1B.2	Y57A10A.28
Y57A10A.29	Y57A10A.29
ife-5	Y57A10A.30
Y57A10A.31	Y57A10A.31
C50E10.1	C50E10.1
sre-50	C50E10.11
C50E10.2	C50E10.2
sre-51	C50E10.10
sre-49	C50E10.9
sre-53	C50E10.3
sre-56	C50E10.8
sre-55	C50E10.7
sre-54	C50E10.6
sre-52	C50E10.5
sop-2	C50E10.4
C44C11.6	C44C11.6
ras-1	C44C11.1
marc-5	Y57A10B.1
btb-14	Y57A10B.3
sre-42	Y57A10B.4
sre-41	Y57A10B.5
Y57A10B.6	Y57A10B.6
Y57A10B.7	Y57A10B.7
F57G9.7	F57G9.7
sre-29	F57G9.4
sre-30	F57G9.2
sre-31	F57G9.1
F57G9.3	F57G9.3
Y57A10C.1	Y57A10C.1
Y57A10C.11	Y57A10C.11
sre-27	Y57A10C.3
sre-26	Y57A10C.4
daf-22	Y57A10C.6
Y57A10C.8	Y57A10C.8
dct-12	Y57A10C.7
Y57A10C.9	Y57A10C.9
Y57A10C.10	Y57A10C.10
W05H5.1	W05H5.1
pitr-6	W05H5.3
srh-27	W05H5.4
sre-34	W05H5.8
sre-35	W05H5.5
sre-33	W05H5.6
sre-32	W05H5.7
sre-38	F15A4.1
tag-281	F15A4.11
tag-280	F15A4.12
F15A4.2	F15A4.2
sre-37	F15A4.3
srg-16	F15A4.4
F15A4.5	F15A4.5
phat-8	F15A4.6
srg-17	F15A4.7
arrd-9	F15A4.9
fbxb-102	F15A4.13
F15A4.10	F15A4.10
T21B4.15	T21B4.15
srz-6	T21B4.1
col-85	T21B4.2
T21B4.3	T21B4.3
ador-1	T21B4.4
srh-68	T21B4.5
srh-67	T21B4.6
srh-73	T21B4.14
srh-69	T21B4.7
srh-61	T21B4.8
srh-70	T21B4.9
ceh-99	T21B4.17
srx-118	T21B4.12
srx-119	F49C5.1
srx-120	F49C5.2
F49C5.4	F49C5.4
F49C5.3	F49C5.3
F49C5.9	F49C5.9
F49C5.5	F49C5.5
F49C5.10	F49C5.10
F49C5.16	F49C5.16
F49C5.11	F49C5.11
F49C5.12	F49C5.12
F49C5.7	F49C5.7
Y38E10A.1	Y38E10A.1
Y38E10A.35	Y38E10A.35
Y38E10A.2	Y38E10A.2
Y38E10A.3	Y38E10A.3
clec-8	Y38E10A.4
clec-4	Y38E10A.5
ceh-100	Y38E10A.6
lips-15	Y38E10A.7
Y38E10A.8	Y38E10A.8
Y38E10A.9	Y38E10A.9
nspe-4	Y38E10A.11
nspe-6	Y38E10A.25
nspe-3	Y38E10A.12
nspe-2	Y38E10A.26
nspe-1	Y38E10A.13
nspe-8	Y38E10A.29
Y38E10A.14	Y38E10A.14
nspe-7	Y38E10A.15
nspe-5	Y38E10A.16
Y38E10A.28	Y38E10A.28
Y38E10A.34	Y38E10A.34
Y38E10A.17	Y38E10A.17
nhr-234	Y38E10A.18
nhr-235	Y38E10A.19
rgs-4	Y38E10A.21
Y38E10A.22	Y38E10A.22
Y38E10A.24	Y38E10A.24
Y38E10A.33	Y38E10A.33
cox-10	Y46G5A.2
tbc-17	Y46G5A.1
snrp-200	Y46G5A.4
pisy-1	Y46G5A.5
Y46G5A.39	Y46G5A.39
Y46G5A.7	Y46G5A.7
Y46G5A.8	Y46G5A.8
cnp-2	Y46G5A.10
vps-2	Y46G5A.12
tiar-2	Y46G5A.13
Y46G5A.14	Y46G5A.14
Y46G5A.34	Y46G5A.34
Y46G5A.15	Y46G5A.15
alkb-7	Y46G5A.35
cpt-1	Y46G5A.17
Y46G5A.18	Y46G5A.18
Y46G5A.47	Y46G5A.47
spds-1	Y46G5A.19
Y46G5A.20	Y46G5A.20
acl-7	Y46G5A.21
Y46G5A.22	Y46G5A.22
Y46G5A.36	Y46G5A.36
Y46G5A.38	Y46G5A.38
Y46G5A.23	Y46G5A.23
bcmo-1	Y46G5A.24
lgc-35	Y46G5A.26
pes-10	Y46G5A.27
Y46G5A.28	Y46G5A.28
Y46G5A.29	Y46G5A.29
snf-5	Y46G5A.30
gsy-1	Y46G5A.31
F35C5.1	F35C5.1
sra-14	F35C5.2
F35C5.3	F35C5.3
clec-62	F35C5.5
clec-63	F35C5.6
clec-64	F35C5.7
clec-65	F35C5.8
clec-66	F35C5.9
nspb-11	F35C5.10
ddn-2	F35C5.11
F35C5.12	F35C5.12
F58G1.2	F58G1.2
wago-4	F58G1.1
F58G1.8	F58G1.8
F58G1.3	F58G1.3
dct-18	F58G1.4
lips-9	F58G1.5
arrd-10	F58G1.6
F58G1.7	F58G1.7
Y38F1A.1	Y38F1A.1
Y38F1A.2	Y38F1A.2
ptr-18	Y38F1A.3
Y38F1A.4	Y38F1A.4
cyd-1	Y38F1A.5
hphd-1	Y38F1A.6
Y38F1A.7	Y38F1A.7
Y38F1A.8	Y38F1A.8
oig-2	Y38F1A.9
F18A11.5	F18A11.5
max-2	Y38F1A.10
F18A11.2	F18A11.2
F18A11.3	F18A11.3
puf-6	F18A11.1
F42G4.7	F42G4.7
F42G4.2	F42G4.2
zyx-1	F42G4.3
F42G4.5	F42G4.5
F42G4.6	F42G4.6
Y81G3A.2	Y81G3A.2
Y81G3A.6	Y81G3A.6
Y81G3A.1	Y81G3A.1
gcn-2	Y81G3A.3
Y81G3A.4	Y81G3A.4
col-86	Y81G3A.5
rict-1	F29C12.3
pqn-32	F29C12.1
gfm-1	F29C12.4
bath-45	F29C12.5
F29C12.6	F29C12.6
mltn-1	F32A11.7
F32A11.3	F32A11.3
hpr-17	F32A11.2
F32A11.1	F32A11.1
moe-3	F32A11.6
W09H1.1	W09H1.1
W09H1.4	W09H1.4
his-73	W09H1.2
W09H1.3	W09H1.3
mecr-1	W09H1.5
lec-1	W09H1.6
btf-1	F15D4.1
F15D4.2	F15D4.2
flp-16	F15D4.8
romo-1	F15D4.3
F15D4.4	F15D4.4
F15D4.5	F15D4.5
F15D4.6	F15D4.6
Y48C3A.5	Y48C3A.5
ztf-22	Y48C3A.4
Y48C3A.3	Y48C3A.3
mac-1	Y48C3A.7
sam-10	Y48C3A.8
mrpl-20	Y48C3A.10
dmsr-3	Y48C3A.11
Y48C3A.20	Y48C3A.20
Y48C3A.12	Y48C3A.12
Y48C3A.14	Y48C3A.14
pinn-4	Y48C3A.16
efl-2	Y48C3A.17
Y48C3A.18	Y48C3A.18
Y48E1C.1	Y48E1C.1
Y48E1C.2	Y48E1C.2
Y48E1C.4	Y48E1C.4
tbc-14	E01G4.1
pqn-27	E01G4.4
E01G4.3	E01G4.3
E01G4.5	E01G4.5
E01G4.6	E01G4.6
alh-7	F45H10.1
F45H10.2	F45H10.2
F45H10.3	F45H10.3
drr-1	F45H10.4
F45H10.5	F45H10.5
F54F11.1	F54F11.1
nep-17	F54F11.2
sre-45	F54F11.3
snx-14	Y48E1B.14
noa-1	Y48E1B.2
Y48E1B.17	Y48E1B.17
ddl-2	Y48E1B.1
Y48E1B.3	Y48E1B.3
mrpl-37	Y48E1B.5
lin-38	Y48E1B.7
Y48E1B.8	Y48E1B.8
clec-145	Y48E1B.16
clec-146	Y48E1B.9
fbxc-23	Y48E1B.11
csc-1	Y48E1B.12
csp-1	Y48E1B.13
gst-20	Y48E1B.10
gst-24	F37B1.1
gst-15	F37B1.4
gst-14	F37B1.3
gst-12	F37B1.2
gst-16	F37B1.5
gst-19	F37B1.8
gst-17	F37B1.6
gst-18	F37B1.7
tag-10	C31C9.1
C31C9.2	C31C9.2
fbxa-167	C31C9.3
fbxa-169	C31C9.8
C31C9.9	C31C9.9
C31C9.6	C31C9.6
C31C9.7	C31C9.7
rpoa-1	Y48E1A.1
kqt-3	Y54G9A.3
zipt-2.3	Y54G9A.4
sre-46	Y54G9A.10
Y54G9A.5	Y54G9A.5
Y54G9A.7	Y54G9A.7
bub-3	Y54G9A.6
Y54G9A.9	Y54G9A.9
R06B9.5	R06B9.5
mig-14	R06B9.6
arrd-14	R06B9.4
arrd-13	R06B9.3
arrd-11	R06B9.1
arrd-12	R06B9.2
C01B9.4	C01B9.4
C01B9.1	C01B9.1
ZK131.11	ZK131.11
his-16	ZK131.10
his-15	ZK131.9
his-14	ZK131.8
his-13	ZK131.7
his-12	ZK131.6
his-11	ZK131.5
his-10	ZK131.4
his-9	ZK131.3
his-25	ZK131.2
his-26	ZK131.1
his-44	F08G2.1
his-43	F08G2.2
his-42	F08G2.3
F08G2.4	F08G2.4
F08G2.5	F08G2.5
ins-37	F08G2.6
F08G2.7	F08G2.7
F08G2.8	F08G2.8
cup-14	Y51H1A.2
Y51H1A.3	Y51H1A.3
ing-3	Y51H1A.4
hda-10	Y51H1A.5
mcd-1	Y51H1A.6
W02B8.1	W02B8.1
W02B8.2	W02B8.2
mltn-3	W02B8.3
mltn-5	W02B8.6
hot-3	W02B8.5
W07G1.1	W07G1.1
sre-44	W07G1.2
zip-3	W07G1.3
rpi-1	W07G1.5
W07G1.7	W07G1.7
sre-43	W07G1.6
Y39G8B.1	Y39G8B.1
Y39G8B.2	Y39G8B.2
sre-48	Y39G8B.3
Y39G8B.9	Y39G8B.9
Y39G8B.10	Y39G8B.10
Y39G8B.13	Y39G8B.13
sre-47	Y39G8B.4
Y39G8B.5	Y39G8B.5
Y39G8B.7	Y39G8B.7
F01D5.1	F01D5.1
F01D5.2	F01D5.2
F01D5.3	F01D5.3
F01D5.5	F01D5.5
F01D5.6	F01D5.6
F01D5.7	F01D5.7
F01D5.8	F01D5.8
cyp-37A1	F01D5.9
F01D5.10	F01D5.10
daf-5	W01G7.1
rpb-11	W01G7.3
W01G7.4	W01G7.4
lem-2	W01G7.5
xrn-1	Y39G8C.1
col-87	Y39G8C.4
Y39G8C.2	Y39G8C.2
bkip-1	Y39G8C.3
gur-4	K09E4.5
cpg-7	K09E4.6
K09E4.4	K09E4.4
K09E4.3	K09E4.3
algn-3	K09E4.2
cacn-1	W03H9.4
K09E4.1	K09E4.1
W03H9.2	W03H9.2
W03H9.1	W03H9.1
Y48B6A.1	Y48B6A.1
rpl-43	Y48B6A.2
xrn-2	Y48B6A.3
eat-2	Y48B6A.4
Y48B6A.5	Y48B6A.5
efhd-1	Y48B6A.6
ace-4	Y48B6A.7
ace-3	Y48B6A.8
hot-7	Y48B6A.9
Y48B6A.10	Y48B6A.10
Y48B6A.13	Y48B6A.13
men-1	Y48B6A.12
jmjd-2	Y48B6A.11
hmg-1.1	Y48B6A.14
Y54G11A.2	Y54G11A.2
Y54G11A.19	Y54G11A.19
Y54G11A.1	Y54G11A.1
Y54G11A.3	Y54G11A.3
srh-41	Y54G11A.12
srh-42	Y54G11A.15
Y54G11A.4	Y54G11A.4
Y54G11A.7	Y54G11A.7
ctl-2	Y54G11A.5
ctl-1	Y54G11A.6
ctl-3	Y54G11A.13
Y54G11A.14	Y54G11A.14
ddl-3	Y54G11A.8
Y54G11A.9	Y54G11A.9
lin-7	Y54G11A.10
Y54G11A.17	Y54G11A.17
elof-1	Y54G11A.11
agl-1	R06A4.8
pfs-2	R06A4.9
tebp-1	R06A4.2
imb-2	R06A4.4
acr-20	R06A4.10
sdz-26	R06A4.6
mes-2	R06A4.7
F26H11.8	F26H11.8
kbp-3	F26H11.1
nurf-1	F26H11.2
F26H11.4	F26H11.4
dsb-2	F26H11.6
exl-1	F26H11.5
plx-2	K04B12.1
K04B12.2	K04B12.2
smg-8	K04B12.3
dmsr-6	Y54G11B.1
C13B4.1	C13B4.1
usp-14	C13B4.2
vnut-1	K10H10.1
cysl-2	K10H10.2
dhs-8	K10H10.3
K10H10.4	K10H10.4
K10H10.5	K10H10.5
K10H10.6	K10H10.6
K10H10.12	K10H10.12
K10H10.7	K10H10.7
K10H10.10	K10H10.10
K10H10.13	K10H10.13
K10H10.9	K10H10.9
btb-19	F57C2.2
btb-20	F57C2.1
pot-2	F57C2.3
F57C2.4	F57C2.4
F57C2.5	F57C2.5
spat-1	F57C2.6
C04H5.1	C04H5.1
clec-147	C04H5.2
C04H5.7	C04H5.7
gcy-29	C04H5.3
nlp-41	C04H5.8
mog-4	C04H5.6
madf-5	C01G12.1
C01G12.13	C01G12.13
nspb-7	C01G12.2
C01G12.9	C01G12.9
nspb-8	C01G12.10
nspb-9	C01G12.11
C01G12.3	C01G12.3
C01G12.5	C01G12.5
nspb-10	C01G12.6
C01G12.7	C01G12.7
catp-4	C01G12.8
tps-2	F19H8.1
F19H8.2	F19H8.2
arl-3	F19H8.3
mltn-9	F19H8.4
mltn-10	F19H8.5
tag-297	C38C6.6
C38C6.3	C38C6.3
sre-13	C38C6.4
atgp-2	C38C6.2
unc-52	ZC101.2
hhat-1	ZC101.3
K02B7.3	K02B7.3
C09F9.1	C09F9.1
C09F9.2	C09F9.2
glna-1	C09F9.3
npr-34	Y54E2A.1
smg-9	Y54E2A.2
tac-1	Y54E2A.3
Y54E2A.4	Y54E2A.4
Y54E2A.5	Y54E2A.5
Y54E2A.7	Y54E2A.7
Y54E2A.8	Y54E2A.8
Y54E2A.9	Y54E2A.9
Y54E2A.10	Y54E2A.10
eif-3.B	Y54E2A.11
tbc-20	Y54E2A.12
W01D2.3	W01D2.3
srt-11	W01D2.4
W01D2.6	W01D2.6
osta-3	W01D2.5
W01D2.1	W01D2.1
nhr-61	W01D2.2
cdh-7	R05H10.6
R05H10.1	R05H10.1
R05H10.7	R05H10.7
rbm-28	R05H10.2
gpx-2	R05H10.5
R05H10.3	R05H10.3
Y53F4A.2	Y53F4A.2
cog-1	R03C1.3
R03C1.1	R03C1.1
pde-3	E01F3.1
Y53F4B.1	Y53F4B.1
elo-9	Y53F4B.2
pole-4	Y53F4B.3
nsun-5	Y53F4B.4
metl-2	Y53F4B.42
Y53F4B.5	Y53F4B.5
Y53F4B.43	Y53F4B.43
Y53F4B.7	Y53F4B.7
Y53F4B.10	Y53F4B.10
Y53F4B.9	Y53F4B.9
Y53F4B.11	Y53F4B.11
Y53F4B.51	Y53F4B.51
Y53F4B.12	Y53F4B.12
cmtr-1	Y53F4B.13
Y53F4B.14	Y53F4B.14
trip-4	Y53F4B.15
Y53F4B.17	Y53F4B.17
Y53F4B.18	Y53F4B.18
Y53F4B.19	Y53F4B.19
Y53F4B.20	Y53F4B.20
Y53F4B.21	Y53F4B.21
Y53F4B.39	Y53F4B.39
arp-1	Y53F4B.22
Y53F4B.23	Y53F4B.23
Y53F4B.62	Y53F4B.62
Y53F4B.24	Y53F4B.24
Y53F4B.25	Y53F4B.25
Y53F4B.26	Y53F4B.26
Y53F4B.27	Y53F4B.27
ptr-20	Y53F4B.28
gst-26	Y53F4B.29
gst-27	Y53F4B.30
gst-28	Y53F4B.31
gst-29	Y53F4B.32
gst-39	Y53F4B.33
gst-31	Y53F4B.35
Y53F4B.36	Y53F4B.36
gst-32	Y53F4B.37
gst-34	Y1H11.1
gst-35	Y1H11.2
spsb-1	Y46E12BL.4
spsb-2	Y46E12BL.3
Y46E12BL.2	Y46E12BL.2
tig-3	Y46E12BL.1
rga-9	2RSSE.1
fbxa-6	cTel54X.1
cTel54X.2	cTel54X.2
npr-30	H10E21.2
nhr-80	H10E21.3
H10E21.1	H10E21.1
H10E21.4	H10E21.4
H10E21.5	H10E21.5
clp-10	W05G11.4
col-88	W05G11.3
btb-5	W05G11.5
pck-1	W05G11.6
spt-4	F54C4.2
attf-3	F54C4.3
F54C4.4	F54C4.4
mrpl-40	F54C4.1
pat-4	C29F9.7
C29F9.8	C29F9.8
C29F9.9	C29F9.9
C29F9.6	C29F9.6
C29F9.5	C29F9.5
pals-24	C29F9.4
C29F9.12	C29F9.12
pals-23	C29F9.3
nhr-280	C29F9.13
C29F9.2	C29F9.2
pals-22	C29F9.1
pals-25	T17A3.2
fbxb-81	T17A3.3
fbxb-82	T17A3.4
fbxb-83	T17A3.6
T17A3.12	T17A3.12
fbxb-84	T17A3.7
sqst-5	T17A3.13
zig-13	T17A3.10
ver-1	T17A3.1
F40G9.8	F40G9.8
F40G9.7	F40G9.7
F40G9.18	F40G9.18
F40G9.9	F40G9.9
F40G9.12	F40G9.12
F40G9.19	F40G9.19
clec-148	F40G9.10
F40G9.14	F40G9.14
F40G9.6	F40G9.6
F40G9.5	F40G9.5
F40G9.15	F40G9.15
mxl-2	F40G9.11
ubc-20	F40G9.3
cox-17	F40G9.2
sec-20	F40G9.1
F40G9.17	F40G9.17
W10C4.1	W10C4.1
klp-20	Y50D7A.6
hpo-38	Y50D7A.5
hpo-29	Y50D7A.4
Y50D7A.3	Y50D7A.3
xpd-1	Y50D7A.2
taco-1	Y50D7A.9
Y50D7A.13	Y50D7A.13
Y50D7A.1	Y50D7A.1
ads-1	Y50D7A.7
Y50D7A.10	Y50D7A.10
Y50D7A.8	Y50D7A.8
gei-4	W07B3.2
pll-1	K10F12.3
gsto-3	K10F12.4
K10F12.7	K10F12.7
Y55B1BL.1	Y55B1BL.1
Y55B1BL.2	Y55B1BL.2
stim-1	Y55B1BM.1
cec-8	Y55B1BR.3
affl-2	Y55B1BR.2
affl-1	Y55B1BR.1
Y55B1BR.8	Y55B1BR.8
Y55B1BR.6	Y55B1BR.6
magu-1	Y55B1BR.4
nemp-1	F10C5.2
mat-3	F10C5.1
F10C5.3	F10C5.3
nlp-32	F30H5.2
F30H5.5	F30H5.5
unc-45	F30H5.1
F30H5.3	F30H5.3
T22F7.3	T22F7.3
T22F7.4	T22F7.4
T22F7.1	T22F7.1
B0353.1	B0353.1
gtf-2H5	Y55B1AL.2
helq-1	Y55B1AL.3
Y55B1AR.2	Y55B1AR.2
lec-6	Y55B1AR.1
Y55B1AR.4	Y55B1AR.4
ttr-7	T19C3.9
best-17	T19C3.1
T19C3.3	T19C3.3
T19C3.2	T19C3.2
T19C3.4	T19C3.4
T19C3.5	T19C3.5
T19C3.6	T19C3.6
fem-2	T19C3.8
T19C3.7	T19C3.7
sbds-1	W06E11.4
tag-266	W06E11.5
tag-267	W06E11.2
W06E11.1	W06E11.1
orai-1	C09F5.2
C09F5.1	C09F5.1
C09F5.3	C09F5.3
W02B3.3	W02B3.3
grk-2	W02B3.2
W02B3.4	W02B3.4
W02B3.7	W02B3.7
elf-1	C24A1.2
sel-15	C24A1.3
flp-24	C24A1.1
pat-12	T17H7.4
T17H7.1	T17H7.1
T17H7.7	T17H7.7
nlp-52	F42G9.4
ptl-1	F42G9.9
tpst-2	F42G9.8
cyn-6	F42G9.2
alh-11	F42G9.5
dagl-2	F42G9.6
ppm-1.G	F42G9.1
snt-2	F42G9.7
rps-29	B0412.4
trpp-11	B0412.3
daf-7	B0412.2
dac-1	B0412.1
clec-149	K02F3.5
ceeh-1	K02F3.6
zip-2	K02F3.4
dos-3	K02F3.8
K02F3.9	K02F3.9
far-8	K02F3.3
K02F3.2	K02F3.2
moma-1	K02F3.10
rnp-5	K02F3.11
tag-51	K02F3.1
K02F3.12	K02F3.12
exos-4.2	Y6D11A.1
arx-4	Y6D11A.2
T24C4.2	T24C4.2
T24C4.3	T24C4.3
T24C4.8	T24C4.8
T24C4.4	T24C4.4
T24C4.5	T24C4.5
ucr-2.3	T24C4.1
zer-1	T24C4.6
T24C4.10	T24C4.10
ztf-18	T24C4.7
F23H11.2	F23H11.2
sucl-2	F23H11.3
F23H11.4	F23H11.4
crls-1	F23H11.9
F23H11.5	F23H11.5
bra-2	F23H11.1
F23H11.6	F23H11.6
F23H11.7	F23H11.7
pef-1	F23H11.8
fbxa-55	T12B5.6
fbxa-56	T12B5.7
fbxa-22	T12B5.5
fbxa-59	T12B5.8
fbxa-60	T12B5.10
fbxa-67	T12B5.11
fbxa-11	T12B5.4
fbxa-10	T12B5.3
T12B5.15	T12B5.15
T12B5.14	T12B5.14
fbxa-54	T12B5.2
fbxa-51	T12B5.1
tbc-10	R06B10.5
trp-2	R06B10.4
R06B10.7	R06B10.7
clec-150	R06B10.3
Y34F4.6	Y34F4.6
Y34F4.2	Y34F4.2
Y34F4.3	Y34F4.3
Y34F4.1	Y34F4.1
Y34F4.4	Y34F4.4
Y34F4.5	Y34F4.5
E_BE45912.2	E_BE45912.2
chin-1	BE0003N10.2
BE0003N10.1	BE0003N10.1
BE0003N10.3	BE0003N10.3
BE0003N10.6	BE0003N10.6
uaf-1	Y92C3B.2
rab-18	Y92C3B.3
kbp-4	Y92C3B.1
par-2	F58B6.3
exc-6	F58B6.2
F58B6.1	F58B6.1
acsd-1	Y71D11A.3
lgc-46	Y71D11A.5
smr-1	Y71D11A.2
cdh-12	Y71D11A.1
eak-3	Y92C3A.3
nspg-8	Y119D3B.13
Y119D3B.14	Y119D3B.14
dss-1	Y119D3B.15
mrpl-45	Y119D3B.16
Y119D3B.12	Y119D3B.12
orc-3	Y119D3B.11
Y119D3B.21	Y119D3B.21
pes-4	Y119D3B.17
fbxa-61	Y119D3B.8
fbxa-63	Y119D3B.7
fbxa-76	Y119D3B.22
fbxa-77	Y119D3B.6
fbxa-208	Y119D3B.4
fbxa-78	Y119D3B.19
srz-9	Y119D3B.3
fbxa-151	ZC47.7
fbxa-32	ZC47.6
fbxa-31	ZC47.5
fbxa-29	ZC47.3
fbxa-30	ZC47.4
fbxa-37	ZC47.14
fbxa-50	ZC47.13
fbxa-36	Y119D3A.4
fbxa-35	Y119D3A.3
fbxa-28	Y119D3A.2
fbxa-75	Y119D3A.1
fbxa-79	Y82E9BL.13
Y82E9BL.12	Y82E9BL.12
fbxa-80	Y82E9BL.14
fbxa-19	Y82E9BL.15
fbxa-15	Y82E9BL.11
fbxa-14	Y82E9BL.10
Y82E9BL.18	Y82E9BL.18
Y82E9BL.19	Y82E9BL.19
fbxa-5	Y82E9BL.8
fbxa-26	Y82E9BL.7
fbxa-27	Y82E9BL.17
Y82E9BL.6	Y82E9BL.6
Y82E9BL.5	Y82E9BL.5
fbxa-25	Y82E9BL.4
Y82E9BL.3	Y82E9BL.3
Y82E9BL.1	Y82E9BL.1
Y82E9BR.8	Y82E9BR.8
Y82E9BR.9	Y82E9BR.9
Y82E9BR.20	Y82E9BR.20
Y82E9BR.10	Y82E9BR.10
pals-40	Y82E9BR.11
pals-21	Y82E9BR.32
Y82E9BR.6	Y82E9BR.6
fbxa-138	Y82E9BR.12
Y82E9BR.5	Y82E9BR.5
pals-20	Y82E9BR.25
pals-17	Y82E9BR.13
pals-16	Y82E9BR.4
pals-19	Y82E9BR.23
pals-18	Y82E9BR.21
Y82E9BR.22	Y82E9BR.22
Y82E9BR.14	Y82E9BR.14
elc-1	Y82E9BR.15
Y82E9BR.3	Y82E9BR.3
Y82E9BR.16	Y82E9BR.16
Y82E9BR.17	Y82E9BR.17
Y82E9BR.18	Y82E9BR.18
Y82E9BR.19	Y82E9BR.19
ave-1	M01G5.6
M01G5.1	M01G5.1
tmem-120	M01G5.3
snf-6	M01G5.5
mtg-1	Y67D2.4
Y67D2.5	Y67D2.5
cisd-3.2	Y67D2.3
ddx-35	Y67D2.6
Y67D2.7	Y67D2.7
Y67D2.2	Y67D2.2
rep-1	Y67D2.1
Y22D7AL.7	Y22D7AL.7
sms-3	Y22D7AL.8
Y22D7AL.6	Y22D7AL.6
Y22D7AL.9	Y22D7AL.9
Y22D7AL.10	Y22D7AL.10
hsp-60	Y22D7AL.5
Y22D7AL.4	Y22D7AL.4
Y22D7AL.11	Y22D7AL.11
Y22D7AL.3	Y22D7AL.3
Y22D7AL.1	Y22D7AL.1
cht-4	Y22D7AL.14
Y22D7AL.15	Y22D7AL.15
Y22D7AL.16	Y22D7AL.16
Y22D7AR.3	Y22D7AR.3
glb-30	Y22D7AR.5
Y22D7AR.6	Y22D7AR.6
Y22D7AR.7	Y22D7AR.7
Y22D7AR.14	Y22D7AR.14
srd-64	Y22D7AR.8
fbxa-74	Y22D7AR.9
Y22D7AR.10	Y22D7AR.10
fbxa-13	Y22D7AR.11
Y22D7AR.2	Y22D7AR.2
ser-4	Y22D7AR.13
Y46E12A.3	Y46E12A.3
Y46E12A.5	Y46E12A.5
Y46E12A.2	Y46E12A.2
cnc-6	Y46E12A.1
tbx-43	Y46E12A.4
Y39A3CL.4	Y39A3CL.4
Y39A3CL.3	Y39A3CL.3
rimb-1	Y39A3CL.2
clp-4	Y39A3CL.5
pvf-1	Y39A3CL.6
Y39A3CL.7	Y39A3CL.7
Y39A3CL.1	Y39A3CL.1
pqn-82	Y39A3CR.7
hlh-33	Y39A3CR.6
ddp-1	Y39A3CR.4
ttc-7	Y39A3CR.3
smi-1	Y39A3CR.1
B0524.3	B0524.3
B0524.5	B0524.5
B0524.2	B0524.2
B0524.6	B0524.6
pqn-41	F53A3.4
F53A3.1	F53A3.1
polh-1	F53A3.2
rps-22	F53A3.3
F53A3.7	F53A3.7
mboa-6	R155.1
moa-1	R155.2
R155.5	R155.5
R155.3	R155.3
srd-66	Y39A3B.4
Y39A3B.7	Y39A3B.7
Y39A3B.8	Y39A3B.8
lgc-42	Y39A3B.2
Y39A3B.1	Y39A3B.1
ckr-2	Y39A3B.5
dpy-1	M01E10.2
M01E10.3	M01E10.3
Y39A3A.2	Y39A3A.2
ins-16	Y39A3A.5
Y39A3A.3	Y39A3A.3
Y39A3A.4	Y39A3A.4
cpt-3	Y48G9A.10
Y48G9A.9	Y48G9A.9
ppk-2	Y48G9A.8
Y48G9A.7	Y48G9A.7
Y48G9A.11	Y48G9A.11
Y48G9A.6	Y48G9A.6
frl-1	Y48G9A.4
gcn-1	Y48G9A.3
C39B5.6	C39B5.6
C39B5.5	C39B5.5
C39B5.14	C39B5.14
fbxa-12	C39B5.7
srd-65	C39B5.12
fbxa-38	C39B5.4
fbxa-62	C39B5.3
fbxa-47	C39B5.9
C39B5.2	C39B5.2
C39B5.10	C39B5.10
srz-56	C39B5.1
srd-67	C39B5.11
fbxa-7	T20H9.1
fbxa-73	T20H9.4
fbxa-71	T20H9.3
fbxa-43	T20H9.2
fbxa-42	Y54F10BL.1
Y54F10BM.6	Y54F10BM.6
fbxa-9	Y54F10BM.5
fbxa-48	Y54F10BM.7
fbxa-39	Y54F10BM.4
Y54F10BM.21	Y54F10BM.21
Y54F10BM.23	Y54F10BM.23
Y54F10BM.22	Y54F10BM.22
Y54F10BM.3	Y54F10BM.3
fbxa-219	Y54F10BM.15
Y54F10BM.9	Y54F10BM.9
fbxa-1	Y54F10BM.10
Y54F10BM.20	Y54F10BM.20
fbxa-66	Y54F10BM.11
iffb-1	Y54F10BM.2
Y54F10BM.12	Y54F10BM.12
Y54F10BM.13	Y54F10BM.13
ppm-1.D	Y54F10BM.1
phf-5	Y54F10BM.14
gip-1	H04J21.3
srd-69	H04J21.2
H04J21.4	H04J21.4
H04J21.1	H04J21.1
H14E04.2	H14E04.2
H14E04.3	H14E04.3
cic-1	H14E04.5
strm-1	H14E04.1
mrpl-30	W04B5.4
W04B5.5	W04B5.5
W04B5.3	W04B5.3
W04B5.8	W04B5.8
W04B5.9	W04B5.9
W04B5.6	W04B5.6
E02H9.6	E02H9.6
E02H9.13	E02H9.13
E02H9.7	E02H9.7
klo-2	E02H9.5
nhr-121	E02H9.8
E02H9.3	E02H9.3
E02H9.9	E02H9.9
E02H9.1	E02H9.1
smg-6	Y54F10AL.2
Y54F10AL.1	Y54F10AL.1
Y54F10AM.8	Y54F10AM.8
Y54F10AM.6	Y54F10AM.6
rbc-2	Y54F10AM.10
Y54F10AM.15	Y54F10AM.15
Y54F10AM.5	Y54F10AM.5
ceh-44	Y54F10AM.4
feh-1	Y54F10AM.2
nhr-239	Y54F10AM.1
Y54F10AM.11	Y54F10AM.11
Y54F10AR.2	Y54F10AR.2
Y54F10AR.1	Y54F10AR.1
Y71H2B.8	Y71H2B.8
apb-1	Y71H2B.10
gpa-17	Y71H2B.7
mdt-19	Y71H2B.6
Y71H2B.11	Y71H2B.11
Y71H2B.5	Y71H2B.5
Y71H2B.4	Y71H2B.4
ppfr-4	Y71H2B.3
Y71H2B.2	Y71H2B.2
Y71H2B.1	Y71H2B.1
zmp-2	H19M22.3
let-805	H19M22.2
pbo-1	Y71H2AL.1
Y71H2AL.2	Y71H2AL.2
Y71H2AL.4	Y71H2AL.4
slc-30A9	Y71H2AM.9
cox-6B	Y71H2AM.5
set-27	Y71H2AM.8
Y71H2AM.10	Y71H2AM.10
Y71H2AM.11	Y71H2AM.11
cosa-1	Y71H2AM.7
Y71H2AM.12	Y71H2AM.12
cest-25	Y71H2AM.13
Y71H2AM.14	Y71H2AM.14
Y71H2AM.15	Y71H2AM.15
pho-9	Y71H2AM.16
swsn-3	Y71H2AM.17
laf-1	Y71H2AM.19
Y71H2AM.6	Y71H2AM.6
Y71H2AM.20	Y71H2AM.20
Y71H2AM.4	Y71H2AM.4
tbcc-1	Y71H2AM.24
twk-45	Y71H2AM.22
Y71H2AM.25	Y71H2AM.25
Y71H2AM.3	Y71H2AM.3
tufm-1	Y71H2AM.23
Y71H2AM.2	Y71H2AM.2
Y71H2AM.1	Y71H2AM.1
Y71H2AM.29	Y71H2AM.29
txdc-17	Y71H2AR.1
josd-1	Y71H2AR.3
Y71H2AR.2	Y71H2AR.2
H34I24.2	H34I24.2
H34I24.1	H34I24.1
F56F11.4	F56F11.4
klf-1	F56F11.3
F56F11.2	F56F11.2
F56F11.1	F56F11.1
T20B6.3	T20B6.3
cdh-1	R10F2.1
R10F2.4	R10F2.4
R10F2.5	R10F2.5
R10F2.6	R10F2.6
H05C05.4	H05C05.4
H05C05.1	H05C05.1
H05C05.2	H05C05.2
Y55D5A.3	Y55D5A.3
Y55D5A.1	Y55D5A.1
Y55D5A.4	Y55D5A.4
daf-2	Y55D5A.5
cutl-25	Y55D5A.6
fipr-29	H06I04.7
H06I04.6	H06I04.6
ubl-1	H06I04.4
H06I04.3	H06I04.3
sft-1	H06I04.2
H06I04.1	H06I04.1
Y53G8B.2	Y53G8B.2
nipa-1	Y53G8B.4
Y53G8B.1	Y53G8B.1
mec-12	C44B11.3
C44B11.4	C44B11.4
C44B11.6	C44B11.6
C44B11.1	C44B11.1
R148.5	R148.5
R148.4	R148.4
R148.3	R148.3
lmtr-5	R148.2
mks-1	R148.1
R148.8	R148.8
R148.7	R148.7
heh-1	R148.6
frm-8	H09G03.2
Y53G8AL.1	Y53G8AL.1
nduf-9	Y53G8AL.2
Y53G8AL.4	Y53G8AL.4
Y53G8AL.3	Y53G8AL.3
Y53G8AM.4	Y53G8AM.4
nspg-7.2	Y53G8AM.5
Y53G8AM.6	Y53G8AM.6
Y53G8AM.7	Y53G8AM.7
Y53G8AM.8	Y53G8AM.8
mfsd-8	Y53G8AR.7
Y53G8AR.8	Y53G8AR.8
Y53G8AR.6	Y53G8AR.6
Y53G8AR.5	Y53G8AR.5
ral-1	Y53G8AR.3
Y53G8AR.9	Y53G8AR.9
phf-15	Y53G8AR.2
Y53G8AR.1	Y53G8AR.1
gei-1	F45H7.2
prk-2	F45H7.4
hecw-1	F45H7.6
C56G7.3	C56G7.3
mlc-4	C56G7.1
cri-3	F59A2.3
clpf-1	F59A2.4
npp-9	F59A2.1
F59A2.5	F59A2.5
golg-4	F59A2.6
metl-18	K01A11.2
K01A11.1	K01A11.1
spe-41	K01A11.4
K01A11.3	K01A11.3
C34C12.12	C34C12.12
C34C12.2	C34C12.2
C34C12.1	C34C12.1
C34C12.8	C34C12.8
pph-6	C34C12.3
C34C12.4	C34C12.4
rsu-1	C34C12.5
C34C12.9	C34C12.9
C34C12.6	C34C12.6
C34C12.7	C34C12.7
gly-14	M01F1.1
M01F1.9	M01F1.9
M01F1.8	M01F1.8
rpl-16	M01F1.2
lias-1	M01F1.3
M01F1.4	M01F1.4
mrpl-35	M01F1.6
hmit-1.3	M01F1.5
pitp-1	M01F1.7
rpl-37	C54C6.1
C54C6.6	C54C6.6
ben-1	C54C6.2
C54C6.7	C54C6.7
C54C6.11	C54C6.11
C54C6.5	C54C6.5
C54C6.4	C54C6.4
nhr-6	C48D5.1
C48D5.3	C48D5.3
ptp-1	C48D5.2
sel-8	C32A3.1
mrps-31	C32A3.2
rilp-1	C32A3.3
unc-93	C46F11.1
madf-8	C46F11.3
gsr-1	C46F11.2
C46F11.5	C46F11.5
C46F11.4	C46F11.4
C46F11.6	C46F11.6
npr-15	T27D1.3
cyn-9	T27D1.1
pdi-1	C14B1.1
C14B1.2	C14B1.2
C14B1.3	C14B1.3
wdr-5.1	C14B1.4
dph-1	C14B1.5
alkb-8	C14B1.10
nrde-1	C14B1.6
C14B1.8	C14B1.8
C14B1.12	C14B1.12
C14B1.9	C14B1.9
F34D10.9	F34D10.9
evl-18	F34D10.2
F34D10.8	F34D10.8
F34D10.3	F34D10.3
F34D10.4	F34D10.4
lin-48	F34D10.5
arcp-1	F34D10.6
C44F1.1	C44F1.1
gmeb-3	C44F1.2
lec-4	C44F1.3
acy-3	C44F1.5
mtm-3	T24A11.1
xbx-5	T24A11.2
toh-1	T24A11.3
dpy-27	R13G10.1
amx-1	R13G10.2
cnnm-5	R13G10.4
C36A4.10	C36A4.10
cyp-25A1	C36A4.1
cyp-25A2	C36A4.2
cyp-25A3	C36A4.3
C36A4.11	C36A4.11
C36A4.4	C36A4.4
maph-1.3	C36A4.5
cyp-25A4	C36A4.6
brc-1	C36A4.8
acs-19	C36A4.9
rpl-3	F13B10.2
tir-1	F13B10.1
mmcm-1	ZK1058.1
pat-3	ZK1058.2
ccdc-47	ZK1058.4
ZK1058.3	ZK1058.3
metl-6	ZK1058.5
nit-1	ZK1058.6
ZK1058.9	ZK1058.9
F37A8.1	F37A8.1
F37A8.2	F37A8.2
nlp-10	F37A8.4
F37A8.5	F37A8.5
R10E9.3	R10E9.3
R10E9.2	R10E9.2
msi-1	R10E9.1
R10E9.4	R10E9.4
Y1A5A.1	Y1A5A.1
C36E8.6	C36E8.6
glb-11	C36E8.2
C36E8.1	C36E8.1
pxd-1	C36E8.3
C36E8.4	C36E8.4
tbb-2	C36E8.5
snpc-3.4	T02C12.2
tftc-5	T02C12.3
T02C12.5	T02C12.5
hum-5	T02C12.1
rcq-5	E03A3.2
his-69	E03A3.3
his-70	E03A3.4
unc-79	E03A3.6
kin-19	C03C10.1
C03C10.5	C03C10.5
C03C10.2	C03C10.2
rnr-2	C03C10.3
C03C10.7	C03C10.7
rei-1	C03C10.4
unc-103	C30D11.1
wht-3	C16C10.12
har-1	C16C10.11
glod-4	C16C10.10
C16C10.9	C16C10.9
C01G12.16	C01G12.16
C16C10.8	C16C10.8
rnf-5	C16C10.7
ccdc-55	C16C10.6
rnf-121	C16C10.5
C16C10.4	C16C10.4
hrde-1	C16C10.3
C16C10.13	C16C10.13
C16C10.2	C16C10.2
C16C10.1	C16C10.1
lars-1	R74.1
R74.2	R74.2
R74.10	R74.10
dnj-16	R74.4
xbp-1	R74.3
asd-1	R74.5
pelo-1	R74.6
R74.7	R74.7
R74.8	R74.8
phlp-2	F43C1.1
mpk-1	F43C1.2
F43C1.5	F43C1.5
nhr-20	F43C1.4
F43C1.7	F43C1.7
mrpl-21	F43C1.6
zhit-2	F43C1.3
Y44F5A.1	Y44F5A.1
T08A11.1	T08A11.1
sftb-1	T08A11.2
R10E4.1	R10E4.1
sup-26	R10E4.2
R10E4.3	R10E4.3
mcm-5	R10E4.4
nth-1	R10E4.5
R10E4.6	R10E4.6
R10E4.7	R10E4.7
R10E4.11	R10E4.11
R10E4.9	R10E4.9
evl-14	H38K22.1
dcn-1	H38K22.2
tag-131	H38K22.3
H38K22.6	H38K22.6
H38K22.7	H38K22.7
H38K22.9	H38K22.9
gly-6	H38K22.5
cdk-12	B0285.1
B0285.3	B0285.3
lcmt-1	B0285.4
hse-5	B0285.5
B0285.6	B0285.6
mnp-1	B0285.7
ckb-1	B0285.8
ckb-2	B0285.9
ckb-3	B0285.10
pals-26	B0284.1
B0284.3	B0284.3
pals-27	B0284.2
pals-28	B0284.4
R07E5.4	R07E5.4
R07E5.5	R07E5.5
R07E5.6	R07E5.6
R07E5.15	R07E5.15
R07E5.17	R07E5.17
snfc-5	R07E5.3
rnp-4	R07E5.14
prdx-3	R07E5.2
gpch-1	R07E5.1
mpc-1	R07E5.13
R07E5.11	R07E5.11
pdcd-2	R07E5.10
R07E5.19	R07E5.19
R07E5.7	R07E5.7
cku-80	R07E5.8
C28A5.6	C28A5.6
C28A5.1	C28A5.1
C28A5.2	C28A5.2
nex-3	C28A5.3
ceh-43	C28A5.4
ndg-4	F56F3.2
F56F3.4	F56F3.4
ifet-1	F56F3.1
rps-1	F56F3.5
ins-17	F56F3.6
cpg-1	C07G2.1
atf-7	C07G2.2
C07G2.5	C07G2.5
cct-5	C07G2.3
F25F2.1	F25F2.1
cdh-4	F25F2.2
ugt-62	M88.1
mrps-34	M88.2
cisd-3.1	M88.7
M88.3	M88.3
M88.4	M88.4
imph-1	M88.5
pan-1	M88.6
mlcd-1	F35G12.1
idhg-1	F35G12.2
sel-5	F35G12.3
wdr-48	F35G12.4
F35G12.12	F35G12.12
F35G12.5	F35G12.5
F35G12.7	F35G12.7
smc-4	F35G12.8
erh-2	F35G12.11
apc-11	F35G12.9
asb-1	F35G12.10
sel-2	F10F2.1
mab-21	F35G12.6
lips-3	F10F2.3
pfas-1	F10F2.2
lron-5	F10F2.4
clec-151	F10F2.7
clec-153	F10F2.8
pqn-29	F10F2.9
T23F11.6	T23F11.6
ppm-2	T23F11.1
T23F11.2	T23F11.2
cdka-1	T23F11.3
T23F11.4	T23F11.4
T23F11.11	T23F11.11
srg-13	T23F11.5
srg-10	T04A8.1
srg-11	T04A8.2
tag-243	T04A8.4
ppat-1	T04A8.5
nifk-1	T04A8.6
T04A8.8	T04A8.8
T04A8.7	T04A8.7
dnj-18	T04A8.9
sel-13	T04A8.10
clp-2	T04A8.16
mrpl-16	T04A8.11
pgap-2	T04A8.12
T04A8.13	T04A8.13
T04A8.18	T04A8.18
him-18	T04A8.15
emb-5	T04A8.14
acy-1	F17C8.1
F17C8.3	F17C8.3
F17C8.9	F17C8.9
F17C8.7	F17C8.7
ras-2	F17C8.4
twk-6	F17C8.5
F17C8.6	F17C8.6
col-89	F17C8.2
VB0393L.2	VB0393L.2
B0393.8	B0393.8
rps-0	B0393.1
rbg-3	B0393.2
B0393.3	B0393.3
B0393.4	B0393.4
B0393.5	B0393.5
B0393.7	B0393.7
B0393.9	B0393.9
B0393.6	B0393.6
C38D4.10	C38D4.10
enu-3.2	C38D4.1
mel-28	C38D4.3
mip-1	C38D4.4
tag-325	C38D4.5
metl-5	C38D4.9
pal-1	C38D4.6
C38D4.7	C38D4.7
arl-6	C38D4.8
F26A1.7	F26A1.7
F26A1.4	F26A1.4
F26A1.8	F26A1.8
F26A1.9	F26A1.9
F26A1.3	F26A1.3
nspd-9	F26A1.10
acbp-7	F26A1.15
F26A1.19	F26A1.19
clec-156	F26A1.11
clec-157	F26A1.12
fkh-5	F26A1.2
nonu-1	F26A1.13
F26A1.1	F26A1.1
ced-4	C35D10.9
C35D10.8	C35D10.8
C35D10.7	C35D10.7
C35D10.6	C35D10.6
C35D10.10	C35D10.10
C35D10.5	C35D10.5
coq-8	C35D10.4
C35D10.17	C35D10.17
msd-4	C35D10.11
C35D10.3	C35D10.3
gipc-1	C35D10.2
C35D10.12	C35D10.12
tost-1	C35D10.13
arx-6	C35D10.16
C35D10.1	C35D10.1
clec-5	C35D10.14
clec-6	C35D10.15
F26F4.5	F26F4.5
F26F4.6	F26F4.6
nhl-2	F26F4.7
tag-340	F26F4.4
kbp-2	F26F4.13
F26F4.8	F26F4.8
rom-1	F26F4.3
F26F4.12	F26F4.12
F26F4.9	F26F4.9
F26F4.2	F26F4.2
cee-1	F26F4.1
rars-1	F26F4.10
rpb-8	F26F4.11
ula-1	C26E6.8
mmab-1	C26E6.11
set-2	C26E6.9
C26E6.12	C26E6.12
eri-9	C26E6.7
mrps-18C	C26E6.6
fsn-1	C26E6.5
rpb-2	C26E6.4
ntl-9	C26E6.3
flh-2	C26E6.2
C26E6.1	C26E6.1
C27F2.4	C27F2.4
vps-22	C27F2.5
C27F2.9	C27F2.9
nca-2	C27F2.2
C27F2.6	C27F2.6
C27F2.7	C27F2.7
C27F2.10	C27F2.10
wdr-60	C27F2.1
tmem-131	C27F2.8
smcr-8	R144.5
R144.10	R144.10
R144.6	R144.6
R144.12	R144.12
R144.11	R144.11
larp-1	R144.7
wip-1	R144.4
mdt-11	R144.9
R144.3	R144.3
R144.13	R144.13
pcf-11	R144.2
klp-6	R144.1
C45G9.6	C45G9.6
nlp-43	C45G9.13
C45G9.14	C45G9.14
txbp-3	C45G9.7
C45G9.5	C45G9.5
C45G9.15	C45G9.15
C45G9.8	C45G9.8
C45G9.9	C45G9.9
C45G9.10	C45G9.10
C45G9.4	C45G9.4
C45G9.11	C45G9.11
C45G9.2	C45G9.2
C45G9.12	C45G9.12
ttbk-6	C45G9.1
alh-1	F54D8.3
cox-6A	F54D8.2
cah-1	F54D8.4
F54D8.10	F54D8.10
F54D8.6	F54D8.6
dpy-17	F54D8.1
sax-2	F21H11.2
tbx-2	F21H11.3
Y54H5A.2	Y54H5A.2
rbm-42	Y54H5A.3
Y54H5A.1	Y54H5A.1
oxy-4	Y54H5A.4
T10F2.5	T10F2.5
gars-1	T10F2.1
T10F2.2	T10F2.2
ulp-1	T10F2.3
prp-19	T10F2.4
K10D2.5	K10D2.5
emb-1	K10D2.4
cid-1	K10D2.3
pup-2	K10D2.2
K10D2.8	K10D2.8
hira-1	K10D2.1
K10D2.7	K10D2.7
emb-8	K10D2.6
morc-1	ZC155.3
syx-16	ZC155.7
ZC155.4	ZC155.4
cutl-19	ZC155.5
ZC155.2	ZC155.2
nex-1	ZC155.1
C34E10.10	C34E10.10
C34E10.12	C34E10.12
atp-2	C34E10.6
prmt-5	C34E10.5
mrps-26	C34E10.11
prx-10	C34E10.4
cnd-1	C34E10.7
sumv-1	C34E10.8
gop-1	C34E10.3
gop-2	C34E10.2
gop-3	C34E10.1
C34E10.9	C34E10.9
hap-1	ZC395.7
gro-1	ZC395.6
ZC395.5	ZC395.5
ztf-8	ZC395.8
ZC395.4	ZC395.4
daf-41	ZC395.10
toc-1	ZC395.3
clk-1	ZC395.2
ZC395.11	ZC395.11
T15B12.1	T15B12.1
T15B12.2	T15B12.2
F52C9.5	F52C9.5
mog-3	F52C9.7
pqe-1	F52C9.8
F52C9.3	F52C9.3
sorf-2	F52C9.1
ZK121.2	ZK121.2
glrx-21	ZK121.1
thoc-5	Y32H12A.2
Y32H12A.1	Y32H12A.1
dhs-9	Y32H12A.3
szy-2	Y32H12A.4
paqr-2	Y32H12A.5
Y32H12A.6	Y32H12A.6
Y32H12A.7	Y32H12A.7
Y32H12A.8	Y32H12A.8
W03A5.2	W03A5.2
W03A5.1	W03A5.1
grl-22	W03A5.3
dnj-24	W03A5.7
W03A5.6	W03A5.6
T24G10.2	T24G10.2
disl-2	F48E8.6
skpt-1	F48E8.7
F48E8.8	F48E8.8
paa-1	F48E8.5
F48E8.4	F48E8.4
F48E8.3	F48E8.3
F48E8.2	F48E8.2
lon-1	F48E8.1
R02F2.10	R02F2.10
R02F2.6	R02F2.6
R02F2.5	R02F2.5
R02F2.7	R02F2.7
R02F2.4	R02F2.4
osg-1	R02F2.2
R02F2.8	R02F2.8
R02F2.9	R02F2.9
R02F2.1	R02F2.1
D1044.7	D1044.7
pqn-25	D1044.3
nekl-4	D1044.8
D1044.4	D1044.4
dex-1	D1044.2
D1044.6	D1044.6
D1044.1	D1044.1
F09F7.5	F09F7.5
F09F7.6	F09F7.6
nmad-1	F09F7.7
hach-1	F09F7.4
rpc-2	F09F7.3
mlc-3	F09F7.2
nspb-12	F09F7.8
molo-1	F09F7.1
F56D2.5	F56D2.5
F56D2.8	F56D2.8
uev-2	F56D2.4
F56D2.3	F56D2.3
F56D2.2	F56D2.2
ddx-15	F56D2.6
ucr-1	F56D2.1
ced-6	F56D2.7
wdr-37	C05D2.10
madf-11	C05D2.6
xnd-1	C05D2.5
C05D2.8	C05D2.8
bas-1	C05D2.4
basl-1	C05D2.3
daf-4	C05D2.1
ckk-1	C05H8.1
sdz-21	F54E7.5
F54E7.6	F54E7.6
par-3	F54E7.3
F54E7.9	F54E7.9
ska-3	F54E7.8
rps-12	F54E7.2
pst-2	F54E7.1
rcan-1	F54E7.7
abi-1	B0336.6
arle-14	B0336.5
B0336.13	B0336.13
B0336.7	B0336.7
lgg-3	B0336.8
rgs-5	B0336.4
swp-1	B0336.9
rpl-23	B0336.10
hpo-28	B0336.11
B0336.12	B0336.12
rbm-26	B0336.3
arf-1	B0336.2
wrm-1	B0336.1
egg-1	B0244.8
B0244.9	B0244.9
B0244.7	B0244.7
B0244.17	B0244.17
B0244.10	B0244.10
B0244.6	B0244.6
B0244.16	B0244.16
B0244.15	B0244.15
B0244.5	B0244.5
B0244.4	B0244.4
ida-1	B0244.2
cutl-23	Y37B11A.1
rev-3	Y37B11A.2
Y37B11A.3	Y37B11A.3
polq-1	W03A3.2
ceh-10	W03A3.1
him-10	R12B2.4
R12B2.3	R12B2.3
R12B2.2	R12B2.2
R12B2.7	R12B2.7
sma-4	R12B2.1
R12B2.8	R12B2.8
mdt-15	R12B2.5
R12B2.13	R12B2.13
R12B2.6	R12B2.6
W04D12.1	W04D12.1
ddx-23	F01F1.7
cct-6	F01F1.8
alh-9	F01F1.6
dpf-4	F01F1.5
dnpp-1	F01F1.9
rabn-5	F01F1.4
eng-1	F01F1.10
F01F1.15	F01F1.15
F01F1.11	F01F1.11
F01F1.3	F01F1.3
aldo-2	F01F1.12
mig-21	F01F1.13
F01F1.2	F01F1.2
hpo-10	F01F1.1
F01F1.14	F01F1.14
C28H8.5	C28H8.5
C28H8.7	C28H8.7
C28H8.8	C28H8.8
pxl-1	C28H8.6
dpff-1	C28H8.9
erd-2.2	C28H8.4
C28H8.3	C28H8.3
tdo-2	C28H8.11
C28H8.2	C28H8.2
dnc-2	C28H8.12
bcl-7	C28H8.1
zmp-1	EGAP1.3
EGAP1.5	EGAP1.5
EGAP1.1	EGAP1.1
ubq-1	F25B5.4
F25B5.5	F25B5.5
F25B5.6	F25B5.6
F25B5.3	F25B5.3
nono-1	F25B5.7
nop-1	F25B5.2
dct-6	F25B5.1
mlp-1	T04C9.4
frm-2	T04C9.6
T04C9.3	T04C9.3
T04C9.2	T04C9.2
T04C9.1	T04C9.1
gcna-1	ZK328.4
eftu-2	ZK328.2
npp-10	ZK328.5
cyk-3	ZK328.1
tbx-7	ZK328.8
ZK328.6	ZK328.6
ift-139	ZK328.7
tbx-11	F40H6.4
F40H6.5	F40H6.5
F40H6.1	F40H6.1
mapk-15	C05D10.2
attf-4	C05D10.1
wht-1	C05D10.3
C05D10.4	C05D10.4
nmt-1	T17E9.2
kin-18	T17E9.1
mvk-1	Y42G9A.4
wht-7	Y42G9A.6
Y42G9A.3	Y42G9A.3
Y42G9A.2	Y42G9A.2
Y42G9A.1	Y42G9A.1
anmt-2	F42A10.3
nfm-1	F42A10.2
F42A10.9	F42A10.9
efk-1	F42A10.4
F42A10.5	F42A10.5
abcf-3	F42A10.1
F42A10.6	F42A10.6
F42A10.7	F42A10.7
nas-28	F42A10.8
C23G10.5	C23G10.5
ugt-66	C23G10.6
C23G10.7	C23G10.7
rpn-2	C23G10.4
sna-3	C23G10.8
rps-3	C23G10.3
C23G10.2	C23G10.2
C23G10.1	C23G10.1
C23G10.10	C23G10.10
C23G10.11	C23G10.11
hot-4	T12A2.16
esyt-2	T12A2.15
T12A2.21	T12A2.21
T12A2.3	T12A2.3
bcas-2	T12A2.7
gen-1	T12A2.8
stt-3	T12A2.2
amdh-1	T12A2.1
srg-8	T12A2.9
srg-9	T12A2.10
srg-1	C18F10.4
srg-2	C18F10.5
srg-4	T12A2.12
srg-5	T12A2.11
srg-6	T12A2.13
srg-7	C18F10.8
srg-3	C18F10.6
C18F10.2	C18F10.2
C18F10.7	C18F10.7
hmg-1.2	F47D12.4
gadr-3	F47D12.5
F47D12.6	F47D12.6
F47D12.7	F47D12.7
F47D12.3	F47D12.3
F47D12.9	F47D12.9
gar-2	F47D12.1
C56G2.5	C56G2.5
C56G2.4	C56G2.4
let-767	C56G2.6
rpn-13	C56G2.7
C56G2.9	C56G2.9
C56G2.3	C56G2.3
C56G2.22	C56G2.22
akap-1	C56G2.1
C56G2.15	C56G2.15
thoc-2	C16A3.8
rps-13	C16A3.9
nfx-1	C16A3.7
C16A3.6	C16A3.6
C16A3.5	C16A3.5
znf-622	C16A3.4
let-716	C16A3.3
C16A3.2	C16A3.2
smrc-1	C16A3.1
oatr-1	C16A3.10
let-756	C05D11.4
C05D11.5	C05D11.5
nas-4	C05D11.6
atgl-1	C05D11.7
C05D11.8	C05D11.8
popl-1	C05D11.9
mrps-17	C05D11.10
txdc-9	C05D11.3
vps-16	C05D11.2
C05D11.1	C05D11.1
mel-32	C05D11.11
C05D11.13	C05D11.13
let-721	C05D11.12
T26A5.6	T26A5.6
set-1	T26A5.7
jhdm-1	T26A5.5
algn-1	T26A5.4
T26A5.8	T26A5.8
dlc-1	T26A5.9
nduf-2.2	T26A5.3
T26A5.2	T26A5.2
wht-6	T26A5.1
zip-8	F23F12.9
F23F12.8	F23F12.8
rpt-3	F23F12.6
srb-11	F23F12.10
F23F12.13	F23F12.13
sdz-15	F23F12.4
F23F12.3	F23F12.3
F23F12.12	F23F12.12
acr-5	K03F8.2
C09E7.10	C09E7.10
oig-1	C09E7.3
pqn-10	C09E7.2
C09E7.11	C09E7.11
srxa-5	C09E7.1
C09E7.4	C09E7.4
C09E7.7	C09E7.7
C09E7.8	C09E7.8
F27B3.6	F27B3.6
F27B3.8	F27B3.8
acr-21	F27B3.2
ddo-3	F20H11.5
F20H11.1	F20H11.1
let-765	F20H11.2
mdh-2	F20H11.3
F20H11.4	F20H11.4
srh-40	Y40D12A.3
ctsa-4.2	Y40D12A.2
Y40D12A.1	Y40D12A.1
C13B9.2	C13B9.2
copd-1	C13B9.3
pdfr-1	C13B9.4
rbf-1	F37A4.7
isw-1	F37A4.8
F37A4.6	F37A4.6
F37A4.5	F37A4.5
F37A4.4	F37A4.4
F37A4.3	F37A4.3
bath-41	F37A4.9
F37A4.2	F37A4.2
F37A4.1	F37A4.1
wdr-4	Y102E9.2
Y102E9.5	Y102E9.5
odr-4	Y102E9.1
Y102E9.3	Y102E9.3
Y102E9.6	Y102E9.6
K07E12.2	K07E12.2
dig-1	K07E12.1
R05H11.1	R05H11.1
R05H11.2	R05H11.2
lim-8	F28F5.3
F28F5.4	F28F5.4
F28F5.6	F28F5.6
ten-1	R13F6.4
dhhc-5	R13F6.5
srv-1	R13F6.3
zak-1	R13F6.6
clec-158	R13F6.8
sma-3	R13F6.9
cra-1	R13F6.10
kbp-1	R13F6.1
K04C2.8	K04C2.8
K04C2.3	K04C2.3
K04C2.7	K04C2.7
med-2	K04C2.6
brd-1	K04C2.4
K04C2.2	K04C2.2
K04C2.5	K04C2.5
T07E3.4	T07E3.4
brc-2	T07E3.5
T07E3.3	T07E3.3
T07E3.2	T07E3.2
pdf-1	T07E3.6
flap-1	F57B9.7
inf-1	F57B9.6
byn-1	F57B9.5
F57B9.8	F57B9.8
coq-2	F57B9.4
F57B9.3	F57B9.3
abu-13	F57B9.9
let-711	F57B9.2
rpn-6.1	F57B9.10
F57B9.1	F57B9.1
panl-2	F31E3.4
F31E3.12	F31E3.12
eef-1A.1	F31E3.5
rfc-4	F31E3.3
F31E3.2	F31E3.2
ceh-20	F31E3.1
F31E3.6	F31E3.6
prk-1	C06E8.3
C06E8.5	C06E8.5
lgc-38	F11H8.2
col-8	F11H8.3
rfl-1	F11H8.1
cyk-1	F11H8.4
R01H2.7	R01H2.7
R01H2.2	R01H2.2
egg-2	R01H2.3
R01H2.4	R01H2.4
R01H2.1	R01H2.1
ger-1	R01H2.5
ubc-18	R01H2.6
R01H2.8	R01H2.8
tmem-17	ZK418.3
lin-37	ZK418.4
ZK418.5	ZK418.5
ZK418.13	ZK418.13
ZK418.6	ZK418.6
ZK418.7	ZK418.7
tofu-7	ZK418.8
fubl-2	ZK418.9
ZK418.10	ZK418.10
ZK418.2	ZK418.2
nhr-9	ZK418.1
ZK418.11	ZK418.11
cpg-2	B0280.5
odd-1	B0280.4
B0280.7	B0280.7
nhr-10	B0280.8
B0280.9	B0280.9
rpia-1	B0280.3
B0280.2	B0280.2
viro-2	B0280.13
pot-1	B0280.10
ggtb-1	B0280.1
B0280.17	B0280.17
B0280.11	B0280.11
glr-2	B0280.12
ogt-1	K04G7.3
nuo-4	K04G7.4
rnp-7	K04G7.10
syf-2	K04G7.11
K04G7.1	K04G7.1
acs-4	F37C12.7
rps-14	F37C12.9
rpl-36	F37C12.4
F37C12.3	F37C12.3
epg-4	F37C12.2
yju-2	F37C12.1
F37C12.14	F37C12.14
F37C12.10	F37C12.10
F37C12.21	F37C12.21
rps-21	F37C12.11
mec-14	F37C12.12
F37C12.18	F37C12.18
exos-9	F37C12.13
pfd-5	R151.9
dpy-31	R151.5
rpl-6	R151.3
R151.2	R151.2
R151.1	R151.1
der-2	R151.6
hsp-75	R151.7
R151.8	R151.8
R151.10	R151.10
adr-2	T20H4.4
T20H4.5	T20H4.5
pars-1	T20H4.3
ztf-31	T20H4.2
osm-10	T20H4.1
zmp-6	T21D11.1
B0361.4	B0361.4
psd-1	B0361.5
B0361.6	B0361.6
B0361.11	B0361.11
B0361.3	B0361.3
pho-5	B0361.7
ykt-6	B0361.10
algn-11	B0361.8
cwf-19L2	B0361.2
B0361.9	B0361.9
B0361.14	B0361.14
acbp-4	F56C9.5
F56C9.6	F56C9.6
F56C9.3	F56C9.3
nspg-6	F56C9.7
F56C9.8	F56C9.8
lab-2	F56C9.11
F56C9.10	F56C9.10
gsp-2	F56C9.1
kap-1	F08F8.3
F08F8.6	F08F8.6
F08F8.7	F08F8.7
gos-28	F08F8.8
F08F8.9	F08F8.9
F08F8.10	F08F8.10
F08F8.4	F08F8.4
hmgr-1	F08F8.2
numr-1	F08F8.5
numr-2	F08F8.1
F08F8.11	F08F8.11
T20B12.5	T20B12.5
T20B12.4	T20B12.4
mml-1	T20B12.6
T20B12.7	T20B12.7
hmg-4	T20B12.8
T20B12.3	T20B12.3
tbp-1	T20B12.2
trd-1	T20B12.1
lgc-50	T20B12.9
alh-12	Y69F12A.2
Y69F12A.1	Y69F12A.1
fipr-19	Y69F12A.3
fipr-18	H14A12.7
mls-1	H14A12.4
fipr-20	H14A12.6
H14A12.3	H14A12.3
fum-1	H14A12.2
H14A12.5	H14A12.5
mup-4	K07D8.1
cgh-1	C07H6.5
C07H6.9	C07H6.9
sap-140	C07H6.4
cls-1	C07H6.3
clk-2	C07H6.6
cux-7	C07H6.8
C07H6.2	C07H6.2
lig-4	C07H6.1
lin-39	C07H6.7
ceh-13	R13A5.5
lgc-12	R13A5.4
ttr-8	R13A5.6
ttr-32	R13A5.3
R13A5.7	R13A5.7
rpl-9	R13A5.8
lpd-7	R13A5.12
mfsd-6	R13A5.9
R13A5.10	R13A5.10
cup-5	R13A5.1
R13A5.15	R13A5.15
R13A5.11	R13A5.11
Y80D4G.2	Y80D4G.2
T04A6.3	T04A6.3
nsph-4.3	T04A6.4
T04A6.2	T04A6.2
T04A6.1	T04A6.1
fbn-1	ZK783.1
upp-1	ZK783.2
baz-2	ZK783.4
ZK783.7	ZK783.7
lido-18	C18H2.1
C18H2.5	C18H2.5
lin-13	C03B8.4
C03B8.3	C03B8.3
ncl-1	ZK112.2
ZK112.4	ZK112.4
ZK112.5	ZK112.5
ZK112.6	ZK112.6
cdh-3	ZK112.7
pcp-1	ZK112.1
mtx-2	ZC97.1
ZK686.2	ZK686.2
ZK686.5	ZK686.5
ZK686.3	ZK686.3
snu-23	ZK686.4
ZK686.6	ZK686.6
ZK686.1	ZK686.1
bath-15	C08C3.2
mab-5	C08C3.3
cyk-7	C08C3.4
egl-5	C08C3.1
egl-45	C27D11.1
kcmf-1	ZK652.6
ceh-23	ZK652.5
ZK652.8	ZK652.8
rpl-35	ZK652.4
tag-307	ZK652.10
coq-5	ZK652.9
ufm-1	ZK652.3
tomm-7	ZK652.2
cuc-1	ZK652.11
snr-5	ZK652.1
slc-17.3	C02C2.4
cup-4	C02C2.3
tyr-1	C02C2.1
sup-18	C02C2.5
ZK688.9	ZK688.9
ZK688.11	ZK688.11
ZK688.5	ZK688.5
fahd-1	ZK688.3
ZK688.4	ZK688.4
ZK688.10	ZK688.10
best-24	ZK688.2
pcp-5	ZK688.6
ZK688.1	ZK688.1
ZK688.7	ZK688.7
ZK688.12	ZK688.12
gly-3	ZK688.8
tag-250	C29E4.5
C29E4.14	C29E4.14
C29E4.17	C29E4.17
C29E4.13	C29E4.13
npp-15	C29E4.4
ran-2	C29E4.3
C29E4.10	C29E4.10
C29E4.12	C29E4.12
kle-2	C29E4.2
gsto-1	C29E4.7
col-90	C29E4.1
let-754	C29E4.8
C29E4.15	C29E4.15
C29E4.9	C29E4.9
C29E4.11	C29E4.11
F54H12.10	F54H12.10
F54H12.4	F54H12.4
F54H12.2	F54H12.2
F54H12.8	F54H12.8
F54H12.7	F54H12.7
F54H12.5	F54H12.5
eef-1B.1	F54H12.6
aco-2	F54H12.1
C06G4.4	C06G4.4
clp-1	C06G4.2
hrpk-2	C06G4.1
npr-17	C06G4.5
C06G4.6	C06G4.6
cit-1.1	F44B9.4
cit-1.2	F44B9.3
F44B9.5	F44B9.5
lin-36	F44B9.6
F44B9.2	F44B9.2
mdt-30	F44B9.7
F44B9.8	F44B9.8
F44B9.9	F44B9.9
F44B9.10	F44B9.10
dpf-6	F44B9.1
K12H4.6	K12H4.6
K12H4.5	K12H4.5
spcs-3	K12H4.4
K12H4.3	K12H4.3
K12H4.2	K12H4.2
K12H4.7	K12H4.7
pros-1	K12H4.1
dcr-1	K12H4.8
apc-2	K06H7.6
K06H7.7	K06H7.7
grp-1	K06H7.4
vms-1	K06H7.3
idi-1	K06H7.9
K06H7.2	K06H7.2
K06H7.8	K06H7.8
K06H7.1	K06H7.1
plk-1	C14B9.4
C14B9.3	C14B9.3
gei-8	C14B9.6
rpl-21	C14B9.7
C14B9.10	C14B9.10
C14B9.2	C14B9.2
hsp-12.2	C14B9.1
C14B9.8	C14B9.8
mrpl-18	D2007.4
D2007.2	D2007.2
D2007.1	D2007.1
atg-13	D2007.5
cil-1	C50C3.7
bath-42	C50C3.8
prp-8	C50C3.6
C50C3.12	C50C3.12
C50C3.5	C50C3.5
C50C3.2	C50C3.2
C50C3.19	C50C3.19
C50C3.1	C50C3.1
unc-36	C50C3.9
snb-5	C30A5.5
C30A5.10	C30A5.10
unc-86	C30A5.7
C30A5.16	C30A5.16
mob-4	C30A5.3
rfs-1	C30A5.2
fbxl-1	C02F5.7
henn-1	C02F5.6
C02F5.14	C02F5.14
C02F5.5	C02F5.5
tsp-2	C02F5.11
tsp-1	C02F5.8
C02F5.12	C02F5.12
pbs-6	C02F5.9
cids-1	C02F5.4
C02F5.3	C02F5.3
C02F5.13	C02F5.13
C02F5.10	C02F5.10
C02F5.2	C02F5.2
knl-1	C02F5.1
F09G8.5	F09G8.5
ncr-2	F09G8.4
col-91	F09G8.6
mrps-9	F09G8.3
F09G8.7	F09G8.7
crn-7	F09G8.2
mps-4	F09G8.9
F09G8.10	F09G8.10
clec-160	F09G8.8
mig-10	F10E9.6
F10E9.7	F10E9.7
F10E9.5	F10E9.5
F10E9.4	F10E9.4
F10E9.3	F10E9.3
F10E9.2	F10E9.2
sas-4	F10E9.8
F10E9.11	F10E9.11
F10E9.10	F10E9.10
F10E9.1	F10E9.1
F10E9.12	F10E9.12
ZC262.13	ZC262.13
iglr-2	ZC262.3
mrps-18A	ZC262.8
ZC262.2	ZC262.2
ZC262.4	ZC262.4
ZC262.9	ZC262.9
ZC262.11	ZC262.11
ZC262.5	ZC262.5
ZC262.7	ZC262.7
ZC262.10	ZC262.10
ZC262.12	ZC262.12
R05D3.6	R05D3.6
unc-116	R05D3.7
R05D3.8	R05D3.8
rfp-1	R05D3.4
R05D3.9	R05D3.9
R05D3.3	R05D3.3
R05D3.2	R05D3.2
met-2	R05D3.11
R05D3.12	R05D3.12
ZK353.4	ZK353.4
ZK353.10	ZK353.10
ZK353.3	ZK353.3
ZK353.2	ZK353.2
lap-1	ZK353.6
cutc-1	ZK353.7
ubxn-4	ZK353.8
cyy-1	ZK353.1
ZK353.9	ZK353.9
sor-1	ZK1236.3
cec-1	ZK1236.2
ZK1236.1	ZK1236.1
ZK1236.5	ZK1236.5
ZK1236.9	ZK1236.9
pqn-96	ZK1236.6
ufbp-1	ZK1236.7
hsp-110	C30C11.4
rpn-3	C30C11.2
mrpl-32	C30C11.1
mig-39	F42H10.5
F42H10.6	F42H10.6
F42H10.3	F42H10.3
ess-2	F42H10.7
F42H10.2	F42H10.2
pac-1	C04D8.1
ZC21.8	ZC21.8
ZC21.3	ZC21.3
ZC21.10	ZC21.10
trp-1	ZC21.2
ZC21.6	ZC21.6
C02D5.4	C02D5.4
gsto-2	C02D5.3
C02D5.2	C02D5.2
acdh-6	C02D5.1
doxa-1	C06E1.3
glr-1	C06E1.4
fip-3	C06E1.5
fipr-16	C06E1.6
C06E1.7	C06E1.7
ztf-30	C06E1.8
C06E1.1	C06E1.1
C06E1.9	C06E1.9
rha-2	C06E1.10
C06E1.11	C06E1.11
C13G5.2	C13G5.2
ceh-16	C13G5.1
polk-1	F22B7.6
gpr-1	F22B7.13
dnj-10	F22B7.5
twk-7	F22B7.7
fip-1	F22B7.4
F22B7.3	F22B7.3
flp-23	F22B7.2
F22B7.9	F22B7.9
dpy-19	F22B7.10
F22B7.1	F22B7.1
pgl-2	B0523.3
fli-1	B0523.5
anmt-1	B0303.2
B0303.3	B0303.3
B0303.4	B0303.4
B0303.7	B0303.7
sdz-1	B0303.8
vps-33.1	B0303.9
B0303.11	B0303.11
B0303.16	B0303.16
B0303.14	B0303.14
mrpl-11	B0303.15
hipr-1	ZK370.3
ZK370.4	ZK370.4
pdhk-2	ZK370.5
ZK370.6	ZK370.6
ugtp-1	ZK370.7
sma-2	ZK370.2
tomm-70	ZK370.8
aak-1	PAR2.3
mig-22	PAR2.4
mtss-1	PAR2.1
K02D10.1	K02D10.1
K02D10.2	K02D10.2
K02D10.3	K02D10.3
snap-29	K02D10.5
K02D10.4	K02D10.4
K02D10.8	K02D10.8
ztf-1	F54F2.5
zfp-1	F54F2.2
F54F2.14	F54F2.14
F54F2.6	F54F2.6
F54F2.7	F54F2.7
prx-19	F54F2.8
pat-2	F54F2.1
F54F2.9	F54F2.9
F44E2.3	F44E2.3
F44E2.10	F44E2.10
F44E2.4	F44E2.4
F44E2.6	F44E2.6
F44E2.7	F44E2.7
F44E2.8	F44E2.8
F44E2.9	F44E2.9
plg-1	F44E2.11
K01F9.2	K01F9.2
svop-1	ZK637.1
ZK637.2	ZK637.2
ZK637.14	ZK637.14
lnkn-1	ZK637.3
ZK637.4	ZK637.4
asna-1	ZK637.5
lin-9	ZK637.7
unc-32	ZK637.8
tpk-1	ZK637.9
trxr-2	ZK637.10
cdc-25.3	ZK637.11
ZK637.15	ZK637.15
glb-1	ZK637.13
ZK637.12	ZK637.12
arrd-15	ZK643.1
seb-2	ZK643.3
ZK643.5	ZK643.5
ZK643.2	ZK643.2
ZK643.6	ZK643.6
grl-25	ZK643.8
bud-13	R08D7.1
rpap-2	R08D7.2
eif-3.D	R08D7.3
R08D7.4	R08D7.4
R08D7.5	R08D7.5
pde-2	R08D7.6
R08D7.7	R08D7.7
skat-1	F59B2.2
F59B2.3	F59B2.3
rpn-6.2	F59B2.5
F59B2.15	F59B2.15
zif-1	F59B2.6
rab-6.1	F59B2.7
F59B2.8	F59B2.8
F59B2.9	F59B2.9
F59B2.12	F59B2.12
F59B2.14	F59B2.14
F59B2.13	F59B2.13
R107.9	R107.9
nac-2	R107.1
R107.2	R107.2
ikke-1	R107.4
R107.5	R107.5
cls-2	R107.6
gst-1	R107.7
lin-12	R107.8
F02A9.7	F02A9.7
F02A9.1	F02A9.1
far-1	F02A9.2
far-2	F02A9.3
mrpl-44	F02A9.4
mccc-2	F02A9.10
glp-1	F02A9.6
ZK507.1	ZK507.1
dos-1	ZK507.4
cya-1	ZK507.6
ZK512.1	ZK512.1
grl-11	ZK512.9
ced-11	ZK512.3
sec-16A.1	ZK512.5
ZK512.10	ZK512.10
eat-4	ZK512.6
ZK512.7	ZK512.7
ZK512.2	ZK512.2
ZK512.11	ZK512.11
ZK512.4	ZK512.4
ZK512.8	ZK512.8
nhl-1	F54G8.4
irld-34	F54G8.1
ptr-9	F54G8.5
dgk-3	F54G8.2
ina-1	F54G8.3
tax-4	ZC84.2
ZC84.7	ZC84.7
cls-3	ZC84.3
ZC84.6	ZC84.6
ZC84.1	ZC84.1
npr-29	ZC84.4
rnr-1	T23G5.1
T23G5.3	T23G5.3
T23G5.2	T23G5.2
saeg-2	T23G5.6
dat-1	T23G5.5
T02C1.1	T02C1.1
T02C1.2	T02C1.2
M01A8.1	M01A8.1
clip-1	M01A8.2
fozi-1	K01B6.1
K01B6.4	K01B6.4
K01B6.3	K01B6.3
srx-45	K01B6.2
C40H1.8	C40H1.8
C40H1.9	C40H1.9
cpb-1	C40H1.1
C40H1.7	C40H1.7
C40H1.3	C40H1.3
ttr-5	C40H1.5
ufc-1	C40H1.6
elo-4	C40H1.4
emb-9	K04H4.1
K04H4.2	K04H4.2
K04H4.5	K04H4.5
flp-25	K04H4.7
crn-6	K04H4.6
tkr-1	C38C10.1
C38C10.3	C38C10.3
slc-17.2	C38C10.2
gpr-2	C38C10.4
rgr-1	C38C10.5
nlp-48	C38C10.6
T26G10.1	T26G10.1
T26G10.3	T26G10.3
T26G10.9	T26G10.9
T26G10.8	T26G10.8
T26G10.4	T26G10.4
T26G10.5	T26G10.5
cpar-1	F54C8.2
emb-30	F54C8.3
F54C8.1	F54C8.1
F54C8.4	F54C8.4
F54C8.6	F54C8.6
F54C8.7	F54C8.7
rheb-1	F54C8.5
spk-1	B0464.5
B0464.6	B0464.6
B0464.9	B0464.9
baf-1	B0464.7
tag-342	B0464.8
bre-3	B0464.4
nlp-36	B0464.3
dars-1	B0464.1
ctr-9	B0464.2
sod-4	F55H2.1
vha-14	F55H2.2
F55H2.5	F55H2.5
F55H2.7	F55H2.7
F55H2.8	F55H2.8
clu-1	F55H2.6
prp-40	ZK1098.1
mrps-23	ZK1098.7
trpp-3	ZK1098.5
ZK1098.6	ZK1098.6
ZK1098.2	ZK1098.2
ZK1098.3	ZK1098.3
mut-7	ZK1098.8
eif-2Balpha	ZK1098.4
ZK1098.9	ZK1098.9
ZK1098.12	ZK1098.12
unc-16	ZK1098.10
ZK1098.11	ZK1098.11
C48B4.6	C48B4.6
C48B4.7	C48B4.7
C48B4.8	C48B4.8
C48B4.9	C48B4.9
C48B4.10	C48B4.10
C48B4.11	C48B4.11
C48B4.13	C48B4.13
ced-7	C48B4.4
C48B4.3	C48B4.3
acox-1.5	C48B4.1
rom-2	C48B4.2
C48B4.12	C48B4.12
F58A4.1	F58A4.1
F58A4.2	F58A4.2
clec-161	F58A4.5
bbs-4	F58A4.14
pri-1	F58A4.4
F58A4.6	F58A4.6
hcp-3	F58A4.3
hlh-11	F58A4.7
tbg-1	F58A4.8
rpac-19	F58A4.9
ubc-7	F58A4.10
gei-13	F58A4.11
C15H7.3	C15H7.3
C15H7.4	C15H7.4
C07A9.9	C07A9.9
ugt-60	C07A9.6
C07A9.13	C07A9.13
C07A9.5	C07A9.5
C07A9.10	C07A9.10
best-5	C07A9.8
set-3	C07A9.7
bud-31	C07A9.2
tlk-1	C07A9.3
ncx-6	C07A9.4
ncx-7	C07A9.11
clec-162	C07A9.1
C07A9.12	C07A9.12
dao-6	T05G5.12
hlh-4	T05G5.2
T05G5.1	T05G5.1
iff-1	T05G5.10
cdk-1	T05G5.3
T05G5.4	T05G5.4
T05G5.5	T05G5.5
ech-6	T05G5.6
vps-53	T05G5.8
gcc-2	T05G5.9
rmd-1	T05G5.7
cbp-1	R10E11.1
usp-46	R10E11.3
sqv-3	R10E11.4
vha-1	R10E11.8
vha-2	R10E11.2
R10E11.6	R10E11.6
R10E11.5	R10E11.5
R10E11.9	R10E11.9
mcm-6	ZK632.1
srxa-10	R10E11.7
ZK632.2	ZK632.2
riok-3	ZK632.3
ZK632.4	ZK632.4
gtap-2	ZK632.5
ZK632.14	ZK632.14
cnx-1	ZK632.6
panl-3	ZK632.7
arl-5	ZK632.8
lin-52	ZK632.13
ZK632.9	ZK632.9
ZK632.10	ZK632.10
ZK632.11	ZK632.11
ZK632.12	ZK632.12
K11H3.8	K11H3.8
K11H3.5	K11H3.5
K11H3.2	K11H3.2
mrpl-36	K11H3.6
K11H3.3	K11H3.3
gpdh-2	K11H3.1
twk-48	K11H3.7
dhhc-4	ZK757.4
ZK757.1	ZK757.1
ZK757.2	ZK757.2
ZK757.10	ZK757.10
alg-4	ZK757.3
mam-7	F40F12.4
cyld-1	F40F12.5
F40F12.9	F40F12.9
cbp-3	F40F12.7
F40F12.3	F40F12.3
cbp-2	K03H1.10
ttr-3	K03H1.3
ttr-2	K03H1.4
ttr-1	K03H1.6
K03H1.5	K03H1.5
K03H1.9	K03H1.9
K03H1.12	K03H1.12
gln-2	K03H1.1
K03H1.7	K03H1.7
K03H1.13	K03H1.13
K03H1.11	K03H1.11
mog-1	K03H1.2
alx-1	R10E12.1
R10E12.2	R10E12.2
C05B5.12	C05B5.12
C05B5.1	C05B5.1
C05B5.4	C05B5.4
pqn-8	C05B5.3
C05B5.17	C05B5.17
C05B5.2	C05B5.2
C05B5.5	C05B5.5
C05B5.11	C05B5.11
C05B5.8	C05B5.8
fbxa-155	C05B5.6
C05B5.16	C05B5.16
rgs-1	C05B5.7
ins-21	M04D8.1
ins-22	M04D8.2
ins-23	M04D8.3
M04D8.4	M04D8.4
M04D8.5	M04D8.5
M04D8.8	M04D8.8
xbx-3	M04D8.6
M04D8.7	M04D8.7
T16G12.7	T16G12.7
T16G12.1	T16G12.1
T16G12.3	T16G12.3
T16G12.12	T16G12.12
T16G12.10	T16G12.10
T16G12.4	T16G12.4
T16G12.8	T16G12.8
T16G12.13	T16G12.13
ekl-6	T16G12.5
T16G12.6	T16G12.6
T16G12.9	T16G12.9
T16H12.3	T16H12.3
T16H12.13	T16H12.13
T16H12.2	T16H12.2
hal-2	T16H12.11
gtf-2H2C	T16H12.4
spop-1	T16H12.5
kel-10	T16H12.6
srt-55	T16H12.8
T16H12.9	T16H12.9
vps-29	ZK1128.8
ZK1128.1	ZK1128.1
mett-10	ZK1128.2
ZK1128.3	ZK1128.3
gtf-2H3	ZK1128.4
ham-3	ZK1128.5
ttll-4	ZK1128.6
ZK1128.7	ZK1128.7
K08E5.6	K08E5.6
K08E5.1	K08E5.1
nac-3	K08E5.2
K08E5.5	K08E5.5
mua-3	K08E5.3
unc-47	T20G5.6
epac-1	T20G5.5
dod-6	T20G5.7
T20G5.8	T20G5.8
T20G5.13	T20G5.13
T20G5.12	T20G5.12
chc-1	T20G5.1
T20G5.9	T20G5.9
blos-1	T20G5.10
best-18	T20G5.4
cts-1	T20G5.2
rde-4	T20G5.11
cox-14	T20G5.14
Y70G10A.4	Y70G10A.4
Y70G10A.2	Y70G10A.2
Y70G10A.3	Y70G10A.3
div-1	R01H10.1
cor-1	R01H10.3
R01H10.4	R01H10.4
rip-1	R01H10.5
bbs-5	R01H10.6
R01H10.7	R01H10.7
cnk-1	R01H10.8
pad-2	K10G9.3
K10G9.2	K10G9.2
vglu-2	K10G9.1
vglu-3	T07A5.3
T07A5.1	T07A5.1
T07A5.7	T07A5.7
unc-50	T07A5.2
ostf-4	T07A5.5
unc-69	T07A5.6
sas-7	T07C4.10
nex-2	T07C4.9
T07C4.12	T07C4.12
jmjd-4	T07C4.11
mev-1	T07C4.7
ced-9	T07C4.8
ttr-15	T07C4.5
tbx-9	T07C4.6
tbx-8	T07C4.2
T07C4.3	T07C4.3
spp-1	T07C4.4
umps-1	T07C4.1
tbc-8	C38H2.1
C38H2.2	C38H2.2
C38H2.3	C38H2.3
M03C11.9	M03C11.9
M03C11.1	M03C11.1
chl-1	M03C11.2
M03C11.3	M03C11.3
hat-1	M03C11.4
ymel-1	M03C11.5
M03C11.6	M03C11.6
prp-3	M03C11.7
M03C11.8	M03C11.8
enu-3.1	H04D03.1
H04D03.6	H04D03.6
H04D03.2	H04D03.2
ecps-2	H04D03.3
H04D03.7	H04D03.7
H04D03.4	H04D03.4
ecps-1	D2045.2
atx-2	D2045.1
D2045.5	D2045.5
cul-1	D2045.6
D2045.9	D2045.9
D2045.7	D2045.7
D2045.8	D2045.8
F43D9.1	F43D9.1
rab-33	F43D9.2
taf-11.3	F43D9.5
urm-1	F43D9.6
sip-1	F43D9.4
sly-1	F43D9.3
unc-49	T21C12.1
hpd-1	T21C12.2
nlp-68	T21C12.3
T21C12.8	T21C12.8
T21C12.4	T21C12.4
Y45F3A.1	Y45F3A.1
rab-30	Y45F3A.2
acdh-11	Y45F3A.3
Y45F3A.4	Y45F3A.4
Y45F3A.5	Y45F3A.5
Y45F3A.8	Y45F3A.8
Y45F3A.9	Y45F3A.9
Y39A1A.3	Y39A1A.3
epg-6	Y39A1A.1
Y39A1A.2	Y39A1A.2
rabx-5	Y39A1A.5
Y39A1A.24	Y39A1A.24
mrpl-22	Y39A1A.6
lron-10	Y39A1A.7
hpr-9	Y39A1A.23
swt-4	Y39A1A.8
Y39A1A.9	Y39A1A.9
Y39A1A.10	Y39A1A.10
Y39A1A.27	Y39A1A.27
dhs-11	Y39A1A.11
orc-1	Y39A1A.12
orc-4	Y39A1A.13
Y39A1A.14	Y39A1A.14
cnt-2	Y39A1A.15
Y39A1A.16	Y39A1A.16
Y39A1A.31	Y39A1A.31
Y39A1A.17	Y39A1A.17
Y39A1A.18	Y39A1A.18
fmo-3	Y39A1A.19
Y39A1A.20	Y39A1A.20
Y39A1A.21	Y39A1A.21
Y39A1A.22	Y39A1A.22
mrpl-12	W09D10.3
W09D10.5	W09D10.5
W09D10.4	W09D10.4
tat-3	W09D10.2
W09D10.1	W09D10.1
K01G5.8	K01G5.8
tbb-1	K01G5.7
rib-2	K01G5.6
ran-1	K01G5.4
K01G5.5	K01G5.5
enu-3.6	K01G5.3
hpl-2	K01G5.2
rnf-113	K01G5.1
K01G5.10	K01G5.10
tasp-1	K01G5.9
dpy-28	Y39A1B.3
ptr-19	Y39A1B.2
clec-163	Y39A1B.1
K11D9.3	K11D9.3
klp-7	K11D9.1
sca-1	K11D9.2
sbsp-1	R17.3
pde-12	R17.2
fbxb-85	R17.1
hex-3	Y39A1C.4
Y39A1C.1	Y39A1C.1
oxi-1	Y39A1C.2
cey-4	Y39A1C.3
vps-50	C44B9.1
C44B9.2	C44B9.2
C44B9.3	C44B9.3
athp-1	C44B9.4
fbxb-87	C44B9.6
com-1	C44B9.5
unc-119	M142.1
cut-6	M142.2
vab-7	M142.4
M142.5	M142.5
M142.8	M142.8
rle-1	M142.6
strd-1	Y52D3.1
zig-5	Y48A6A.1
W05B2.2	W05B2.2
dhc-4	W05B2.4
col-92	W05B2.6
col-93	W05B2.5
col-94	W05B2.1
dmsr-5	Y48A6B.1
fipr-17	Y48A6B.4
Y48A6B.3	Y48A6B.3
exos-1	Y48A6B.5
kvs-4	Y48A6B.6
Y48A6B.7	Y48A6B.7
Y48A6B.8	Y48A6B.8
Y48A6B.14	Y48A6B.14
Y48A6B.9	Y48A6B.9
spat-2	Y48A6B.13
rsa-2	Y48A6B.11
W09D6.1	W09D6.1
str-261	W09D6.2
str-246	W09D6.3
W09D6.4	W09D6.4
W09D6.5	W09D6.5
hmt-1	W09D6.6
sup-35	Y48A6C.3
Y48A6C.4	Y48A6C.4
Y48A6C.8	Y48A6C.8
pha-1	Y48A6C.5
fbxa-128	Y47D3A.2
Y47D3A.1	Y47D3A.1
pola-1	Y47D3A.29
cku-70	Y47D3A.4
Y47D3A.31	Y47D3A.31
tra-1	Y47D3A.6
tbx-34	Y47D3A.10
wht-8	Y47D3A.11
Y47D3A.13	Y47D3A.13
tbx-37	Y47D3A.12
elo-8	Y47D3A.30
Y47D3A.34	Y47D3A.34
Y47D3A.14	Y47D3A.14
aakb-2	Y47D3A.15
rsks-1	Y47D3A.16
Y47D3A.32	Y47D3A.32
obr-1	Y47D3A.17
Y47D3A.20	Y47D3A.20
Y47D3A.21	Y47D3A.21
gly-9	Y47D3A.23
mib-1	Y47D3A.22
smc-3	Y47D3A.26
rab-35	Y47D3A.25
teg-1	Y47D3A.27
mcm-10	Y47D3A.28
T28D6.6	T28D6.6
T28D6.5	T28D6.5
pen-2	T28D6.9
T28D6.7	T28D6.7
T28D6.4	T28D6.4
T28D6.3	T28D6.3
tba-7	T28D6.2
dpy-18	Y47D3B.10
subs-4	Y47D3B.1
nlp-21	Y47D3B.2
Y47D3B.3	Y47D3B.3
Y47D3B.12	Y47D3B.12
Y47D3B.4	Y47D3B.4
twk-31	Y47D3B.5
Y47D3B.6	Y47D3B.6
sbp-1	Y47D3B.7
plr-1	Y47D3B.11
bed-2	Y47D3B.9
fbxa-220	Y66A7A.1
popl-5	Y66A7A.2
nars-2	Y66D12A.23
Y66D12A.24	Y66D12A.24
tin-10	Y66D12A.22
Y66D12A.21	Y66D12A.21
spe-6	Y66D12A.20
Y66D12A.19	Y66D12A.19
such-1	Y66D12A.17
Y66D12A.16	Y66D12A.16
xpb-1	Y66D12A.15
nrps-1	Y66D12A.14
Y66D12A.13	Y66D12A.13
ztf-29	Y66D12A.12
Y66D12A.11	Y66D12A.11
Y66D12A.10	Y66D12A.10
Y66D12A.9	Y66D12A.9
Y66D12A.8	Y66D12A.8
Y66D12A.7	Y66D12A.7
Y66D12A.6	Y66D12A.6
ceh-92	Y66D12A.5
Y66D12A.3	Y66D12A.3
Y66D12A.1	Y66D12A.1
Y66D12A.30	Y66D12A.30
Y66A7A.9	Y66A7A.9
Y66A7A.4	Y66A7A.4
ceh-91	Y66A7A.5
gly-8	Y66A7A.6
Y66A7A.7	Y66A7A.7
tbx-33	Y66A7A.8
faah-6	Y41C4A.2
crh-1	Y41C4A.4
Y41C4A.22	Y41C4A.22
Y41C4A.6	Y41C4A.6
Y41C4A.7	Y41C4A.7
pqn-84	Y41C4A.5
col-95	Y41C4A.16
col-96	Y41C4A.19
Y41C4A.8	Y41C4A.8
Y41C4A.9	Y41C4A.9
elb-1	Y41C4A.10
Y41C4A.11	Y41C4A.11
Y41C4A.32	Y41C4A.32
Y41C4A.12	Y41C4A.12
Y41C4A.18	Y41C4A.18
Y41C4A.21	Y41C4A.21
sup-1	Y41C4A.13
mrt-2	Y41C4A.14
gbf-1	C24H11.7
immp-1	C24H11.6
mdt-21	C24H11.9
C24H11.5	C24H11.5
srd-74	C24H11.4
tbx-38	C24H11.3
C24H11.1	C24H11.1
C24H11.2	C24H11.2
twk-39	C24H11.8
C18D11.7	C18D11.7
C18D11.10	C18D11.10
C18D11.9	C18D11.9
C18D11.6	C18D11.6
C18D11.1	C18D11.1
maa-1	C18D11.2
C18D11.3	C18D11.3
rsp-8	C18D11.4
ntl-3	Y56A3A.1
mif-1	Y56A3A.3
Y56A3A.2	Y56A3A.2
taf-12	Y56A3A.4
Y56A3A.6	Y56A3A.6
fbxb-22	Y56A3A.10
faah-5	Y56A3A.5
Y56A3A.41	Y56A3A.41
tsen-2	Y56A3A.11
faah-4	Y56A3A.12
sdz-33	Y56A3A.14
fbxb-24	Y56A3A.15
Y56A3A.16	Y56A3A.16
Y56A3A.19	Y56A3A.19
npp-16	Y56A3A.17
znf-593	Y56A3A.18
ccf-1	Y56A3A.20
trap-4	Y56A3A.21
Y56A3A.22	Y56A3A.22
nft-1	Y56A3A.13
dolk-1	Y56A3A.36
Y56A3A.7	Y56A3A.7
top-3	Y56A3A.27
Y56A3A.28	Y56A3A.28
ung-1	Y56A3A.29
Y56A3A.30	Y56A3A.30
Y56A3A.31	Y56A3A.31
wah-1	Y56A3A.32
Y56A3A.33	Y56A3A.33
brp-1	Y79H2A.1
Y79H2A.12	Y79H2A.12
Y79H2A.2	Y79H2A.2
Y79H2A.3	Y79H2A.3
Y79H2A.4	Y79H2A.4
arx-3	Y79H2A.6
zyg-8	Y79H2A.11
php-3	Y75B8A.1
nob-1	Y75B8A.2
cest-12	Y75B8A.3
lonp-2	Y75B8A.4
lron-12	Y75B8A.5
Y75B8A.6	Y75B8A.6
Y75B8A.7	Y75B8A.7
Y75B8A.8	Y75B8A.8
gly-11	Y75B8A.9
Y75B8A.10	Y75B8A.10
lury-1	Y75B8A.11
osm-12	Y75B8A.12
Y75B8A.44	Y75B8A.44
Y75B8A.13	Y75B8A.13
Y75B8A.14	Y75B8A.14
Y75B8A.16	Y75B8A.16
gmn-1	Y75B8A.17
Y75B8A.18	Y75B8A.18
Y75B8A.19	Y75B8A.19
grl-15	Y75B8A.20
fbxa-89	Y75B8A.21
tim-1	Y75B8A.22
Y75B8A.23	Y75B8A.23
Y75B8A.24	Y75B8A.24
Y75B8A.25	Y75B8A.25
mrp-8	Y75B8A.26
pqn-92	Y75B8A.27
Y75B8A.39	Y75B8A.39
Y75B8A.37	Y75B8A.37
Y75B8A.28	Y75B8A.28
zip-12	Y75B8A.29
Y75B8A.63	Y75B8A.63
zip-1	Y75B8A.35
pph-4.1	Y75B8A.30
Y75B8A.31	Y75B8A.31
Y75B8A.32	Y75B8A.32
Y75B8A.34	Y75B8A.34
Y75B8A.33	Y75B8A.33
his-72	Y49E10.6
rpt-6	Y49E10.1
glrx-5	Y49E10.2
pph-4.2	Y49E10.3
Y49E10.4	Y49E10.4
Y49E10.30	Y49E10.30
Y49E10.10	Y49E10.10
tat-1	Y49E10.11
pie-1	Y49E10.14
snr-6	Y49E10.15
Y49E10.16	Y49E10.16
Y49E10.27	Y49E10.27
fbxa-218	Y49E10.17
Y49E10.18	Y49E10.18
ani-1	Y49E10.19
scav-3	Y49E10.20
Y49E10.21	Y49E10.21
pstk-1	Y49E10.22
Y49E10.29	Y49E10.29
cccp-1	Y49E10.23
arrd-16	Y49E10.24
Y49E10.25	Y49E10.25
Y111B2A.1	Y111B2A.1
Y111B2A.2	Y111B2A.2
Y111B2A.3	Y111B2A.3
sql-1	Y111B2A.4
aakg-1	Y111B2A.8
Y111B2A.10	Y111B2A.10
epc-1	Y111B2A.11
Y111B2A.12	Y111B2A.12
gtf-2A2	Y111B2A.13
pqn-80	Y111B2A.14
tpst-1	Y111B2A.15
taf-7.2	Y111B2A.16
elpc-2	Y111B2A.17
rsp-3	Y111B2A.18
spin-4	Y111B2A.19
sas-1	Y111B2A.24
hut-1	Y111B2A.20
ssl-1	Y111B2A.22
Y111B2A.21	Y111B2A.21
irld-60	ZC482.2
irld-20	ZC482.7
srw-10	ZC482.6
srw-9	ZC482.8
irld-19	ZC482.3
irld-61	ZC482.4
gab-1	ZC482.1
lgc-37	ZC482.5
BE10.1	BE10.1
agmo-1	BE10.2
BE10.5	BE10.5
BE10.3	BE10.3
BE10.4	BE10.4
arx-5	Y37D8A.1
Y37D8A.25	Y37D8A.25
Y37D8A.2	Y37D8A.2
Y37D8A.3	Y37D8A.3
Y37D8A.4	Y37D8A.4
Y37D8A.5	Y37D8A.5
Y37D8A.26	Y37D8A.26
Y37D8A.6	Y37D8A.6
Y37D8A.8	Y37D8A.8
mrg-1	Y37D8A.9
spcs-2	Y37D8A.10
cec-7	Y37D8A.11
enu-3.5	Y37D8A.12
unc-71	Y37D8A.13
Y37D8A.29	Y37D8A.29
cox-5A	Y37D8A.14
flp-14	Y37D8A.15
Y37D8A.16	Y37D8A.16
npp-25	Y37D8A.17
mrps-10	Y37D8A.18
rbm-7	Y37D8A.21
Y37D8A.19	Y37D8A.19
epg-3	Y37D8A.22
unc-25	Y37D8A.23
Y39E4A.1	Y39E4A.1
ttm-1	Y39E4A.2
bckd-1A	Y39E4A.3
ZK1010.2	ZK1010.2
ubq-2	ZK1010.1
frg-1	ZK1010.3
ZK1010.4	ZK1010.4
ZK1010.5	ZK1010.5
ZK1010.12	ZK1010.12
col-97	ZK1010.7
ZK1010.8	ZK1010.8
ZK1010.10	ZK1010.10
snf-7	ZK1010.9
col-98	F14F7.1
cyp-13A11	F14F7.2
cyp-13A12	F14F7.3
F14F7.4	F14F7.4
F14F7.7	F14F7.7
F14F7.5	F14F7.5
F54F12.2	F54F12.2
F54F12.1	F54F12.1
Y39E4B.6	Y39E4B.6
pqn-83	Y39E4B.3
Y39E4B.13	Y39E4B.13
dhhc-8	Y39E4B.7
zig-8	Y39E4B.8
bre-2	Y39E4B.9
Y39E4B.10	Y39E4B.10
abce-1	Y39E4B.1
snpc-1.2	Y39E4B.2
Y39E4B.5	Y39E4B.5
gly-5	Y39E4B.12
Y39E4B.11	Y39E4B.11
tsp-3	Y39E4B.4
Y43F4A.1	Y43F4A.1
Y43F4A.3	Y43F4A.3
Y43F4A.4	Y43F4A.4
anoh-1	F56A8.1
F56A8.9	F56A8.9
F56A8.3	F56A8.3
F56A8.4	F56A8.4
F56A8.5	F56A8.5
cpf-2	F56A8.6
unc-64	F56A8.7
set-25	Y43F4B.3
F56A8.8	F56A8.8
npp-18	Y43F4B.4
Y43F4B.5	Y43F4B.5
klp-19	Y43F4B.6
slc-36.1	Y43F4B.7
Y43F4B.10	Y43F4B.10
dph-7	Y43F4B.9
F53A2.11	F53A2.11
F53A2.1	F53A2.1
sdz-20	F53A2.2
F53A2.3	F53A2.3
nud-1	F53A2.4
dro-1	F53A2.5
ife-1	F53A2.6
acaa-2	F53A2.7
mtm-6	F53A2.8
F53A2.9	F53A2.9
T03F6.9	T03F6.9
lis-1	T03F6.5
T03F6.10	T03F6.10
T03F6.6	T03F6.6
T03F6.4	T03F6.4
T03F6.3	T03F6.3
dnj-17	T03F6.2
qdpr-1	T03F6.1
F11F1.1	F11F1.1
F11F1.4	F11F1.4
F11F1.5	F11F1.5
mig-18	F11F1.6
ttr-52	F11F1.7
nas-1	F45G2.1
myo-6	F45G2.2
exo-1	F45G2.3
cope-1	F45G2.4
bli-5	F45G2.5
trf-1	F45G2.6
F45G2.7	F45G2.7
F45G2.8	F45G2.8
F45G2.9	F45G2.9
ciao-2B	F45G2.10
cua-1	Y76A2A.2
abcf-2	T27E9.7
tag-164	Y76A2A.1
T27E9.2	T27E9.2
ant-1.1	T27E9.1
cdk-5	T27E9.3
kel-3	T27E9.4
pssy-2	T27E9.5
T27E9.6	T27E9.6
acc-4	T27E9.9
twk-40	T28A8.1
T28A8.2	T28A8.2
T28A8.6	T28A8.6
T28A8.5	T28A8.5
T28A8.8	T28A8.8
T28A8.4	T28A8.4
T28A8.3	T28A8.3
mlh-1	T28A8.7
pod-1	Y76A2B.1
lron-13	Y76A2B.2
acs-5	Y76A2B.3
Y76A2B.4	Y76A2B.4
Y76A2B.5	Y76A2B.5
scav-2	Y76A2B.6
T05D4.2	T05D4.2
aldo-1	T05D4.1
exc-12	T05D4.3
osm-7	T05D4.4
T05D4.5	T05D4.5
act-5	T25C8.2
shpk-1	T25C8.1
hip-1	T12D8.8
T12D8.9	T12D8.9
mlc-5	T12D8.6
taf-9	T12D8.7
T12D8.5	T12D8.5
arrd-17	T12D8.4
acbp-5	T12D8.3
T12D8.10	T12D8.10
drr-2	T12D8.2
set-16	T12D8.1
flp-15	ZK525.1
aqp-11	ZK525.2
dyf-2	ZK520.3
sid-2	ZK520.2
cul-2	ZK520.4
cyn-2	ZK520.5
lit-1	W06F12.1
W06F12.2	W06F12.2
W06F12.3	W06F12.3
tyr-2	K08E3.1
K08E3.2	K08E3.2
mlc-7	K08E3.10
toca-2	K08E3.3
dbn-1	K08E3.4
rml-1	K08E3.5
cyk-4	K08E3.6
pdr-1	K08E3.7
mdt-29	K08E3.8
pot-3	3R5.1
frm-5.2	Y38C1AB.4
Y38C1AB.5	Y38C1AB.5
trpl-4	Y38C1AB.6
Y38C1AB.3	Y38C1AB.3
Y38C1AB.7	Y38C1AB.7
trpl-3	Y38C1AB.2
frm-5.1	Y38C1AB.8
Y38C1AB.1	Y38C1AB.1
T05C7.4	T05C7.4
T05C7.5	T05C7.5
T05C7.7	T05C7.7
T05C7.8	T05C7.8
T05C7.9	T05C7.9
scl-23	B0545.3
tpa-1	B0545.1
B0545.4	B0545.4
F29C4.4	F29C4.4
tut-1	F29C4.6
grld-1	F29C4.7
cox-6C	F29C4.2
daf-1	F29C4.1
col-99	F29C4.8
Y38C1AA.9	Y38C1AA.9
Y38C1AA.7	Y38C1AA.7
Y38C1AA.19	Y38C1AA.19
Y38C1AA.6	Y38C1AA.6
cutl-24	Y38C1AA.5
tcl-2	Y38C1AA.4
pnc-1	Y38C1AA.3
Y38C1AA.12	Y38C1AA.12
csn-3	Y38C1AA.2
gfrp-1	Y38C1AA.13
coa-1	Y38C1AA.14
Y38C1AA.1	Y38C1AA.1
prdx-6	Y38C1AA.11
gtf-2H1	R02D3.3
ints-13	R02D3.4
fnta-1	R02D3.5
cogc-8	R02D3.2
aass-1	R02D3.1
grl-19	R02D3.6
R02D3.7	R02D3.7
R02D3.8	R02D3.8
dpy-9	T21D12.2
pqbp-1.1	T21D12.3
pat-6	T21D12.4
T21D12.12	T21D12.12
T21D12.11	T21D12.11
srh-282	T21D12.5
sma-10	T21D12.9
best-19	T21D12.15
T21D12.14	T21D12.14
T21D12.7	T21D12.7
pnp-1	K02D7.1
swt-1	K02D7.5
snai-1	K02D7.2
dsc-4	K02D7.4
grl-26	K02D7.6
drl-1	F18F11.5
col-101	K02D7.3
F18F11.4	F18F11.4
pxmp-4	F18F11.1
cdh-8	F18F11.3
fln-1	Y66H1B.2
spl-1	Y66H1B.4
rps-24	T07A9.11
T07A9.14	T07A9.14
ssna-1	T07A9.13
ears-2	T07A9.2
T07A9.10	T07A9.10
T07A9.15	T07A9.15
nog-1	T07A9.9
rrp-8	T07A9.8
gpa-4	T07A9.7
kgb-1	T07A9.3
T07A9.12	T07A9.12
eri-1	T07A9.5
daf-18	T07A9.6
Y66H1A.4	Y66H1A.4
Y66H1A.5	Y66H1A.5
hum-8	Y66H1A.6
mrpl-55	Y66H1A.3
dpm-1	Y66H1A.2
Y66H1A.8	Y66H1A.8
M04G7.5	M04G7.5
M04G7.1	M04G7.1
M04G7.2	M04G7.2
M04G7.3	M04G7.3
W03G1.5	W03G1.5
pig-1	W03G1.6
asm-3	W03G1.7
W03G1.2	W03G1.2
glt-7	W03G1.1
F56A11.4	F56A11.4
efn-4	F56A11.3
F56A11.5	F56A11.5
gex-2	F56A11.1
F56A11.6	F56A11.6
C18H7.12	C18H7.12
C18H7.6	C18H7.6
C18H7.4	C18H7.4
C18H7.7	C18H7.7
C18H7.11	C18H7.11
srt-59	C18H7.8
prmt-4	C18H7.9
col-102	C18H7.3
inx-18	C18H7.2
C18H7.1	C18H7.1
nhr-76	C05G6.1
K11H12.9	K11H12.9
K11H12.1	K11H12.1
rpl-15	K11H12.2
K11H12.8	K11H12.8
K11H12.7	K11H12.7
K11H12.6	K11H12.6
K11H12.11	K11H12.11
K11H12.3	K11H12.3
K11H12.4	K11H12.4
K11H12.10	K11H12.10
K11H12.5	K11H12.5
cutl-28	F41A4.1
Y55F3C.17	Y55F3C.17
cutl-26	Y55F3C.7
clec-164	Y55F3C.5
Y55F3C.10	Y55F3C.10
Y55F3C.9	Y55F3C.9
srt-24	Y55F3C.8
kvs-5	Y55F3C.3
srt-23	Y55F3C.2
gst-40	F56B3.10
col-103	F56B3.1
F56B3.2	F56B3.2
F56B3.9	F56B3.9
mrpl-2	F56B3.8
ugt-52	F56B3.7
F56B3.4	F56B3.4
F56B3.6	F56B3.6
skr-18	F56B3.12
F56B3.11	F56B3.11
ech-5	F56B3.5
mrpl-46	Y55F3BL.1
Y55F3BL.4	Y55F3BL.4
Y55F3BL.6	Y55F3BL.6
zipt-15	Y55F3BL.2
madf-1	Y55F3BR.5
Y55F3BR.10	Y55F3BR.10
Y55F3BR.6	Y55F3BR.6
lgc-33	Y55F3BR.4
lem-4	Y55F3BR.8
Y55F3BR.11	Y55F3BR.11
Y55F3BR.2	Y55F3BR.2
Y55F3BR.1	Y55F3BR.1
mak-2	C44C8.6
fbxc-1	C44C8.4
fbxc-9	C44C8.10
fbxc-2	C44C8.3
fbxc-10	C44C8.9
fbxc-4	C44C8.2
fbxc-11	C44C8.8
fbxc-5	C44C8.1
fbxc-12	C44C8.7
fbxc-3	F58H7.8
fbxc-8	F58H7.7
F58H7.5	F58H7.5
lgc-30	F58H7.3
F58H7.1	F58H7.1
faah-3	F58H7.2
plx-1	Y55F3AL.1
egrh-2	Y55F3AM.7
lep-2	Y55F3AM.6
Y55F3AM.5	Y55F3AM.5
immp-2	Y55F3AM.8
Y55F3AM.9	Y55F3AM.9
atg-3	Y55F3AM.4
rbm-39	Y55F3AM.3
abhd-14	Y55F3AM.10
Y55F3AM.11	Y55F3AM.11
srx-12	Y55F3AM.2
Y55F3AM.21	Y55F3AM.21
dcap-1	Y55F3AM.12
Y55F3AM.13	Y55F3AM.13
mrps-25	Y55F3AM.1
znf-782	Y55F3AM.14
csn-4	Y55F3AM.15
cct-8	Y55F3AR.3
Y55F3AR.2	Y55F3AR.2
cox-18	Y55F3AR.1
C44B12.9	C44B12.9
C44B12.3	C44B12.3
ost-1	C44B12.2
srx-14	C44B12.8
srx-13	C44B12.4
perm-4	C44B12.5
perm-2	C44B12.1
C44B12.6	C44B12.6
C50A2.3	C50A2.3
ets-8	C50A2.4
C50A2.7	C50A2.7
cec-2	C50A2.2
Y104H12D.2	Y104H12D.2
Y104H12D.4	Y104H12D.4
mdt-20	Y104H12D.1
spl-3	Y104H12D.3
dsl-2	W09G12.1
dsl-1	W09G12.4
W09G12.9	W09G12.9
W09G12.10	W09G12.10
W09G12.8	W09G12.8
W09G12.7	W09G12.7
W09G12.6	W09G12.6
F38A1.8	F38A1.8
F38A1.15	F38A1.15
F38A1.9	F38A1.9
clec-165	F38A1.10
F38A1.11	F38A1.11
clec-166	F38A1.5
F38A1.6	F38A1.6
clec-167	F38A1.4
clec-168	F38A1.7
clec-169	F38A1.14
F38A1.13	F38A1.13
clec-170	F38A1.1
C09E9.1	C09E9.1
plst-1	Y104H12BR.1
ddx-46	F53H1.1
F53H1.4	F53H1.4
F53H1.3	F53H1.3
F58F6.6	F58F6.6
F58F6.5	F58F6.5
rfc-2	F58F6.4
col-104	F58F6.1
col-105	F58F6.2
nhr-41	Y104H12A.1
Y77E11A.14	Y77E11A.14
rpc-11	Y77E11A.6
Y77E11A.7	Y77E11A.7
jtr-1	Y77E11A.4
Y77E11A.8	Y77E11A.8
clec-171	Y77E11A.9
Y77E11A.23	Y77E11A.23
clp-6	Y77E11A.10
clp-7	Y77E11A.11
nadk-1	Y77E11A.2
col-106	Y77E11A.15
Y77E11A.12	Y77E11A.12
Y77E11A.16	Y77E11A.16
npp-20	Y77E11A.13
hxk-3	Y77E11A.1
txt-4	K03H6.2
clec-172	K03H6.7
K03H6.4	K03H6.4
K03H6.1	K03H6.1
K03H6.5	K03H6.5
C34H4.5	C34H4.5
col-107	C34H4.4
tag-244	C34H4.3
C34H4.2	C34H4.2
C34H4.1	C34H4.1
Y41D4B.17	Y41D4B.17
hpo-6	Y41D4B.16
Y41D4B.15	Y41D4B.15
npp-8	Y41D4B.19
Y41D4B.14	Y41D4B.14
ced-2	Y41D4B.13
set-23	Y41D4B.12
Y41D4B.11	Y41D4B.11
dsl-3	Y41D4B.10
nhr-122	Y41D4B.9
nhr-92	Y41D4B.8
nhr-87	Y41D4B.7
nhr-146	Y41D4B.27
cpg-24	Y41D4B.26
Y41D4B.6	Y41D4B.6
nhr-274	Y41D4B.21
rps-28	Y41D4B.5
Y41D4B.4	Y41D4B.4
Y41D4B.1	Y41D4B.1
Y41D4B.24	Y41D4B.24
bus-2	K08D12.5
K08D12.4	K08D12.4
pbs-1	K08D12.1
K08D12.3	K08D12.3
rpi-2	K08D12.2
K08D12.6	K08D12.6
K08D12.7	K08D12.7
K08D12.8	K08D12.8
ptpn-22	Y41D4A.5
Y41D4A.6	Y41D4A.6
Y41D4A.4	Y41D4A.4
Y41D4A.7	Y41D4A.7
Y41D4A.3	Y41D4A.3
col-108	Y41D4A.2
Y41D4A.1	Y41D4A.1
frpr-19	Y41D4A.8
Y38C1BA.1	Y38C1BA.1
snn-1	Y38C1BA.2
col-109	Y38C1BA.3
Y38C1BA.4	Y38C1BA.4
cmk-1	K07A9.2
ccm-2	K07A9.3
egl-4	F55A8.2
egl-18	F55A8.1
elt-6	F52C12.5
denn-4	F52C12.4
tsen-54	F52C12.3
F52C12.2	F52C12.2
F52C12.6	F52C12.6
tdpo-1	F52C12.1
ulp-3	Y48A5A.2
Y48A5A.1	Y48A5A.1
Y48A5A.3	Y48A5A.3
Y76B12C.4	Y76B12C.4
Y76B12C.3	Y76B12C.3
Y76B12C.8	Y76B12C.8
Y76B12C.6	Y76B12C.6
xpc-1	Y76B12C.2
cpsf-1	Y76B12C.7
Y76B12C.9	Y76B12C.9
cng-2	Y76B12C.1
R05C11.4	R05C11.4
R05C11.2	R05C11.2
arrd-26	R05C11.1
mca-2	R05C11.3
C23H5.11	C23H5.11
C23H5.15	C23H5.15
che-6	C23H5.7
C23H5.8	C23H5.8
xbx-4	C23H5.3
glb-7	C23H5.2
grl-20	C23H5.9
prmt-6	C23H5.1
C23H5.12	C23H5.12
test-1	C54E4.2
C54E4.12	C54E4.12
C54E4.5	C54E4.5
gcy-37	C54E4.3
C54E4.4	C54E4.4
C54E4.1	C54E4.1
hrpu-2	Y71G10AL.1
Y71G10AR.4	Y71G10AR.4
T04C4.3	T04C4.3
fnip-2	T04C4.1
M70.3	M70.3
M70.2	M70.2
M70.1	M70.1
M70.4	M70.4
M70.5	M70.5
lin-1	C37F5.1
mksr-2	Y38F2AL.2
vha-11	Y38F2AL.3
vha-3	Y38F2AL.4
Y38F2AL.12	Y38F2AL.12
nsy-4	Y38F2AL.1
nhr-236	Y38F2AL.5
ppgn-1	Y38F2AR.7
tftc-1	Y38F2AR.5
Y38F2AR.3	Y38F2AR.3
sec-61.B	Y38F2AR.9
trap-3	Y38F2AR.2
eri-5	Y38F2AR.1
Y38F2AR.10	Y38F2AR.10
Y38F2AR.12	Y38F2AR.12
C45G7.4	C45G7.4
cdh-10	C45G7.5
C45G7.13	C45G7.13
ilys-3	C45G7.3
ilys-2	C45G7.2
ilys-1	C45G7.1
grd-16	Y69A2AL.1
Y69A2AL.2	Y69A2AL.2
Y69A2AR.19	Y69A2AR.19
ccdc-12	Y69A2AR.21
Y69A2AR.18	Y69A2AR.18
Y69A2AR.16	Y69A2AR.16
Y69A2AR.22	Y69A2AR.22
sprr-3	Y69A2AR.15
Y69A2AR.23	Y69A2AR.23
Y69A2AR.46	Y69A2AR.46
Y69A2AR.50	Y69A2AR.50
Y69A2AR.24	Y69A2AR.24
Y69A2AR.25	Y69A2AR.25
Y69A2AR.12	Y69A2AR.12
Y69A2AR.51	Y69A2AR.51
nhr-242	Y69A2AR.26
Y69A2AR.47	Y69A2AR.47
epg-9	Y69A2AR.7
vamp-7	Y69A2AR.6
Y69A2AR.32	Y69A2AR.32
Y69A2AR.28	Y69A2AR.28
daao-1	Y69A2AR.5
smf-3	Y69A2AR.4
ngn-1	Y69A2AR.29
mdf-2	Y69A2AR.30
Y69A2AR.3	Y69A2AR.3
ric-8	Y69A2AR.2
Y69A2AR.31	Y69A2AR.31
Y69A2AR.1	Y69A2AR.1
gpx-4	Y94H6A.4
Y94H6A.3	Y94H6A.3
egrh-3	Y94H6A.11
Y94H6A.5	Y94H6A.5
ubc-8	Y94H6A.6
Y94H6A.10	Y94H6A.10
Y94H6A.12	Y94H6A.12
Y94H6A.7	Y94H6A.7
Y94H6A.8	Y94H6A.8
ubxn-2	Y94H6A.9
Y94H6A.2	Y94H6A.2
nhr-277	Y94H6A.1
Y54G2A.41	Y54G2A.41
Y54G2A.38	Y54G2A.38
Y54G2A.77	Y54G2A.77
Y54G2A.11	Y54G2A.11
Y54G2A.12	Y54G2A.12
Y54G2A.72	Y54G2A.72
atln-1	Y54G2A.2
Y54G2A.52	Y54G2A.52
Y54G2A.10	Y54G2A.10
Y54G2A.44	Y54G2A.44
Y54G2A.32	Y54G2A.32
Y54G2A.45	Y54G2A.45
Y54G2A.76	Y54G2A.76
Y54G2A.13	Y54G2A.13
Y54G2A.37	Y54G2A.37
clec-80	Y54G2A.39
Y54G2A.48	Y54G2A.48
pudl-1	Y54G2A.46
pudl-2	Y54G2A.47
clec-82	Y54G2A.8
Y54G2A.7	Y54G2A.7
clec-83	Y54G2A.14
clec-84	Y54G2A.33
Y54G2A.15	Y54G2A.15
Y54G2A.40	Y54G2A.40
clec-85	Y54G2A.6
Y54G2A.49	Y54G2A.49
Y54G2A.16	Y54G2A.16
nprt-1	Y54G2A.17
dml-1	Y54G2A.5
dib-1	Y54G2A.75
Y54G2A.18	Y54G2A.18
Y54G2A.19	Y54G2A.19
Y54G2A.36	Y54G2A.36
Y54G2A.50	Y54G2A.50
fbxc-45	Y54G2A.22
ubc-13	Y54G2A.31
manf-1	Y54G2A.23
samt-1	Y54G2A.4
ser-6	Y54G2A.35
lad-2	Y54G2A.25
Y54G2A.57	Y54G2A.57
Y54G2A.26	Y54G2A.26
Y54G2A.73	Y54G2A.73
Y54G2A.28	Y54G2A.28
vrp-1	Y54G2A.3
lin-22	Y54G2A.1
ndnf-1	Y54G2A.29
eel-1	Y67D8C.5
ivph-3	Y67D8C.3
Y67D8C.6	Y67D8C.6
Y67D8C.7	Y67D8C.7
cpg-9	Y67D8C.8
Y67D8C.22	Y67D8C.22
Y67D8C.2	Y67D8C.2
Y67D8C.9	Y67D8C.9
mca-3	Y67D8C.10
T23E1.3	T23E1.3
T23E1.1	T23E1.1
Y67D8B.1	Y67D8B.1
nlp-81	Y67D8B.4
Y67D8B.2	Y67D8B.2
Y67D8B.3	Y67D8B.3
Y67D8B.5	Y67D8B.5
M4.1	M4.1
Y67D8A.2	Y67D8A.2
dmd-9	Y67D8A.3
T26C12.1	T26C12.1
T26C12.2	T26C12.2
clec-173	T26C12.6
T26C12.3	T26C12.3
gcy-23	T26C12.4
W08E12.8	W08E12.8
W08E12.7	W08E12.7
W08E12.6	W08E12.6
W08E12.5	W08E12.5
W08E12.4	W08E12.4
W08E12.3	W08E12.3
W08E12.2	W08E12.2
W08E12.9	W08E12.9
zip-11	W08E12.1
F42A6.5	F42A6.5
F42A6.6	F42A6.6
hrpa-1	F42A6.7
F42A6.2	F42A6.2
elks-1	F42A6.9
F42A6.1	F42A6.1
Y55H10A.2	Y55H10A.2
vha-19	Y55H10A.1
otub-4	B0546.2
B0546.3	B0546.3
B0546.4	B0546.4
mai-2	B0546.1
B0546.5	B0546.5
C04C3.4	C04C3.4
C04C3.14	C04C3.14
dyf-3	C04C3.5
pdhb-1	C04C3.3
lgc-9	C04C3.2
C04C3.6	C04C3.6
C04C3.9	C04C3.9
srz-60	C04C3.1
C04C3.7	C04C3.7
srz-32	W05E7.2
grd-13	W05E7.3
grd-3	W05E7.1
grd-10	F09D12.1
F09D12.2	F09D12.2
F58E2.5	F58E2.5
srz-23	F58E2.9
F58E2.4	F58E2.4
F58E2.3	F58E2.3
F58E2.2	F58E2.2
srz-69	C09G12.15
srz-70	C09G12.6
C09G12.5	C09G12.5
srz-37	C09G12.16
srz-82	C09G12.11
srz-78	C09G12.3
srz-79	C09G12.2
C09G12.17	C09G12.17
ceh-53	C09G12.1
srz-83	C09G12.10
ced-10	C09G12.8
tsg-101	C09G12.9
unc-33	Y37E11C.1
M57.2	M57.2
M57.1	M57.1
B0212.3	B0212.3
nstp-6	B0212.4
osm-9	B0212.5
sre-5	B0212.2
otpl-1	B0212.1
Y37E11B.2	Y37E11B.2
Y37E11B.1	Y37E11B.1
blos-7	Y37E11B.3
taf-2	Y37E11B.4
Y37E11B.5	Y37E11B.5
Y37E11B.6	Y37E11B.6
Y37E11B.7	Y37E11B.7
Y37E11B.10	Y37E11B.10
kgb-2	ZC416.4
ltah-1.2	ZC416.6
cha-1	ZC416.8
unc-17	ZC416.8
ZC416.2	ZC416.2
madf-9	ZC416.1
CC8.3	CC8.3
CC8.2	CC8.2
fmil-1	Y37E11AL.6
map-1	Y37E11AL.7
taf-6.2	Y37E11AL.8
Y37E11AL.3	Y37E11AL.3
Y37E11AL.2	Y37E11AL.2
Y37E11AL.9	Y37E11AL.9
Y37E11AL.12	Y37E11AL.12
Y37E11AL.1	Y37E11AL.1
Y37E11AM.3	Y37E11AM.3
Y37E11AM.4	Y37E11AM.4
Y37E11AM.2	Y37E11AM.2
smgl-2	Y37E11AM.1
nape-2	Y37E11AR.3
nape-1	Y37E11AR.4
siah-1	Y37E11AR.2
ugt-45	Y37E11AR.5
Y37E11AR.7	Y37E11AR.7
best-20	Y37E11AR.1
vab-2	Y37E11AR.6
glct-6	W07G9.2
K09B3.1	K09B3.1
osm-3	M02B7.3
algn-14	M02B7.4
M02B7.2	M02B7.2
fbxc-47	M02B7.1
M02B7.7	M02B7.7
bris-1	M02B7.5
F28F9.3	F28F9.3
cal-3	M02B7.6
F28F9.2	F28F9.2
zag-1	F28F9.1
aat-8	F28F9.4
F37C4.4	F37C4.4
F37C4.5	F37C4.5
F37C4.6	F37C4.6
F37C4.8	F37C4.8
oac-23	F37C4.3
oac-22	F37C4.2
oac-21	F37C4.1
F56D6.9	F56D6.9
F56D6.8	F56D6.8
dct-8	F56D6.10
srz-62	F56D6.7
F56D6.6	F56D6.6
F56D6.21	F56D6.21
F56D6.11	F56D6.11
F56D6.22	F56D6.22
F56D6.12	F56D6.12
F56D6.13	F56D6.13
F56D6.18	F56D6.18
F56D6.20	F56D6.20
F56D6.19	F56D6.19
srz-20	F56D6.5
F56D6.14	F56D6.14
F56D6.23	F56D6.23
srz-19	F56D6.4
clec-67	F56D6.2
clec-68	F56D6.1
clec-70	Y46C8AL.3
clec-71	Y46C8AL.4
clec-174	Y46C8AL.2
Y46C8AL.11	Y46C8AL.11
clec-72	Y46C8AL.5
clec-73	Y46C8AL.1
clec-74	Y46C8AL.8
clec-75	Y46C8AL.9
Y46C8AM.1	Y46C8AM.1
clec-76	Y46C8AR.1
clec-79	F47C12.4
srh-220	F47C12.5
srh-222	F47C12.10
srh-223	F47C12.3
clec-78	F47C12.2
F47C12.6	F47C12.6
F47C12.13	F47C12.13
F47C12.7	F47C12.7
F47C12.8	F47C12.8
W02C12.2	W02C12.2
hlh-30	W02C12.3
F35F11.2	F35F11.2
cdc-73	F35F11.1
pcn-1	W03D2.4
wrt-5	W03D2.5
ilys-6	W03D2.7
fbxb-55	W03D2.2
pqn-75	W03D2.1
W03D2.9	W03D2.9
C35B1.8	C35B1.8
C35B1.4	C35B1.4
C35B1.9	C35B1.9
C35B1.3	C35B1.3
C35B1.5	C35B1.5
C35B1.2	C35B1.2
ubc-1	C35B1.1
C35B1.7	C35B1.7
F49F1.14	F49F1.14
F49F1.15	F49F1.15
F49F1.4	F49F1.4
F49F1.2	F49F1.2
drd-50	F49F1.1
F49F1.5	F49F1.5
mul-1	F49F1.6
F49F1.7	F49F1.7
F49F1.17	F49F1.17
F49F1.9	F49F1.9
F49F1.10	F49F1.10
F49F1.18	F49F1.18
F49F1.11	F49F1.11
F49F1.12	F49F1.12
R07C12.3	R07C12.3
K08D10.10	K08D10.10
R07C12.1	R07C12.1
K08D10.14	K08D10.14
scrm-5	K08D10.8
scrm-8	K08D10.7
K08D10.13	K08D10.13
rnp-2	K08D10.4
rnp-3	K08D10.3
dnj-15	K08D10.2
tsen-34	K08D10.12
K08D10.11	K08D10.11
K06B9.6	K06B9.6
cyp-25A6	K06B9.1
pax-2	K06B9.5
F30B5.4	F30B5.4
F30B5.11	F30B5.11
srbc-71	F30B5.8
srbc-70	F30B5.6
zipt-2.2	F30B5.7
dpy-13	F30B5.1
col-34	F36A4.10
ttr-20	F36A4.8
ama-1	F36A4.7
col-33	F36A4.6
F36A4.5	F36A4.5
F36A4.4	F36A4.4
F36A4.3	F36A4.3
F36A4.2	F36A4.2
F36A4.1	F36A4.1
nhr-78	F36A4.14
F15E6.6	F15E6.6
srv-4	F15E6.7
F15E6.5	F15E6.5
dct-7	F15E6.8
F15E6.4	F15E6.4
F15E6.10	F15E6.10
F15E6.9	F15E6.9
F15E6.3	F15E6.3
lgc-22	F15E6.2
set-9	F15E6.1
Y24D9B.1	Y24D9B.1
trpl-2	W03B1.2
W03B1.3	W03B1.3
oac-51	W03B1.7
oac-52	W03B1.8
W03B1.5	W03B1.5
W03B1.9	W03B1.9
sars-2	W03B1.4
F55F10.3	F55F10.3
F55F10.1	F55F10.1
tald-1	Y24D9A.8
rpl-7A	Y24D9A.4
set-21	Y24D9A.2
ell-1	Y24D9A.1
Y24D9A.6	Y24D9A.6
Y24D9A.7	Y24D9A.7
clec-175	R08C7.6
str-185	R08C7.7
R08C7.5	R08C7.5
R08C7.8	R08C7.8
R08C7.4	R08C7.4
fbxb-74	R08C7.9
fbxb-75	R08C7.13
wapl-1	R08C7.10
htz-1	R08C7.3
chat-1	R08C7.2
R08C7.12	R08C7.12
R08C7.1	R08C7.1
R08C7.11	R08C7.11
M01H9.2	M01H9.2
M01H9.5	M01H9.5
M01H9.3	M01H9.3
M01H9.10	M01H9.10
M01H9.4	M01H9.4
trx-3	M01H9.1
gbb-2	ZK180.1
ZK180.7	ZK180.7
rfth-1	ZK180.3
ZK180.8	ZK180.8
sar-1	ZK180.4
ZK180.5	ZK180.5
ZK180.6	ZK180.6
ZK185.3	ZK185.3
ZK185.4	ZK185.4
ZK185.2	ZK185.2
ZK185.5	ZK185.5
ZK185.1	ZK185.1
igeg-1	F28E10.2
F28E10.4	F28E10.4
F28E10.1	F28E10.1
F19C7.3	F19C7.3
F19C7.2	F19C7.2
F19C7.4	F19C7.4
nspg-10	F19C7.1
col-110	F19C7.7
F19C7.8	F19C7.8
R105.1	R105.1
R105.5	R105.5
F29B9.8	F29B9.8
F29B9.7	F29B9.7
ubc-9	F29B9.6
F29B9.5	F29B9.5
psr-1	F29B9.4
col-111	F29B9.9
mrps-21	F29B9.10
F29B9.11	F29B9.11
jmjd-1.2	F29B9.2
F29B9.1	F29B9.1
F29B9.12	F29B9.12
kin-36	T22B11.4
bus-4	T22B11.2
T22B11.1	T22B11.1
ogdh-1	T22B11.5
cif-1	K08F11.3
yars-2	K08F11.4
miro-1	K08F11.5
K08F11.1	K08F11.1
fbxb-78	E04A4.1
hoe-1	E04A4.4
timm-17B.1	E04A4.5
tctn-1	E04A4.6
cyc-2.1	E04A4.7
rpl-20	E04A4.8
Y17G9B.5	Y17G9B.5
Y17G9B.4	Y17G9B.4
fbxb-77	Y17G9B.7
Y17G9B.11	Y17G9B.11
Y17G9B.8	Y17G9B.8
memi-1	Y17G9B.9
cyp-31A3	Y17G9B.3
Y17G9B.2	Y17G9B.2
npp-26	Y17G9B.1
R11E3.2	R11E3.2
R11E3.19	R11E3.19
set-15	R11E3.4
nhr-104	R11E3.5
R11E3.1	R11E3.1
eor-1	R11E3.6
dpf-7	R11E3.7
dpf-5	R11E3.8
H06H21.11	H06H21.11
ubxn-6	H06H21.6
H06H21.37	H06H21.37
eif-1.A	H06H21.3
srw-95	H06H21.2
srw-94	H06H21.1
H06H21.8	H06H21.8
mpz-4	H06H21.9
tat-2	H06H21.10
Y17G9A.2	Y17G9A.2
Y17G9A.3	Y17G9A.3
Y17G9A.4	Y17G9A.4
str-173	Y17G9A.1
str-172	Y17G9A.5
str-175	Y17G9A.6
str-174	Y17G9A.7
str-170	T08B6.7
str-166	T08B6.6
T08B6.1	T08B6.1
sgnh-1	T08B6.5
T08B6.9	T08B6.9
str-161	T08B6.3
T08B6.4	T08B6.4
str-159	Y9C9A.18
str-156	Y9C9A.11
str-155	Y9C9A.10
str-158	Y9C9A.9
Y9C9A.8	Y9C9A.8
str-153	Y9C9A.7
fbxa-86	Y9C9A.12
str-168	Y9C9A.6
Y9C9A.5	Y9C9A.5
str-169	Y9C9A.4
str-163	Y9C9A.3
str-164	Y9C9A.2
txt-3	Y9C9A.1
Y9C9A.13	Y9C9A.13
Y9C9A.16	Y9C9A.16
E03H12.5	E03H12.5
srz-24	E03H12.6
E03H12.4	E03H12.4
clec-176	E03H12.3
clec-177	E03H12.2
E03H12.7	E03H12.7
str-162	E03H12.1
ssp-9	E03H12.10
ssq-2	T28H11.5
ssp-11	T28H11.6
pes-1	T28H11.4
srm-2	T28H11.3
srm-1	T28H11.2
T28H11.7	T28H11.7
ssq-4	T28H11.1
T28H11.8	T28H11.8
C09B9.85	C09B9.85
best-6	C09B9.3
C09B9.2	C09B9.2
C09B9.4	C09B9.4
C09B9.1	C09B9.1
hot-9	C09B9.8
msp-55	C09B9.6
C09B9.7	C09B9.7
msp-57	R13H9.2
msp-53	R13H9.4
R13H9.5	R13H9.5
R13H9.6	R13H9.6
rmd-6	R13H9.1
C02B10.6	C02B10.6
C02B10.5	C02B10.5
ivd-1	C02B10.1
snpn-1	C02B10.2
C02B10.4	C02B10.4
C02B10.3	C02B10.3
AC7.3	AC7.3
tkr-3	AC7.1
soc-2	AC7.2
C24D10.5	C24D10.5
C24D10.49	C24D10.49
C24D10.6	C24D10.6
C24D10.4	C24D10.4
nspd-3	C24D10.7
C24D10.2	C24D10.2
nspd-6	C24D10.8
ptp-5.1	C24D10.1
lam-1	W03F8.5
W03F8.4	W03F8.4
W03F8.6	W03F8.6
mtrf-1L	W03F8.3
gpa-18	W03F8.9
tni-4	W03F8.1
Y59E9AL.36	Y59E9AL.36
nbet-1	Y59E9AL.7
Y59E9AL.4	Y59E9AL.4
nsph-4.2	Y59E9AL.3
Y59E9AL.8	Y59E9AL.8
cylc-1	Y59E9AL.6
nsph-4.1	Y59E9AL.2
thn-6	Y59E9AL.1
thn-5	Y59E9AR.4
tbx-42	Y59E9AR.5
tbx-30	Y59E9AR.3
Y59E9AR.7	Y59E9AR.7
Y59E9AR.2	Y59E9AR.2
Y59E9AR.8	Y59E9AR.8
Y59E9AR.1	Y59E9AR.1
F36H12.10	F36H12.10
F36H12.9	F36H12.9
ttbk-2	F36H12.8
msp-19	F36H12.7
F36H12.5	F36H12.5
F36H12.17	F36H12.17
F36H12.4	F36H12.4
F36H12.3	F36H12.3
F36H12.2	F36H12.2
nlp-47	F36H12.1
msp-51	ZK354.5
ZK354.6	ZK354.6
msp-113	ZK354.4
ZK354.7	ZK354.7
ZK354.8	ZK354.8
ZK354.9	ZK354.9
msp-58	ZK354.10
ZK354.3	ZK354.3
msp-59	ZK354.11
ZK354.2	ZK354.2
msp-65	ZK354.1
slc-46A	Y4C6B.5
Y4C6B.4	Y4C6B.4
Y4C6B.3	Y4C6B.3
Y4C6B.2	Y4C6B.2
gba-4	Y4C6B.6
Y4C6B.7	Y4C6B.7
Y4C6B.1	Y4C6B.1
hda-6	F41H10.6
F41H10.5	F41H10.5
F41H10.4	F41H10.4
sand-1	F41H10.11
F41H10.3	F41H10.3
elo-5	F41H10.7
F41H10.2	F41H10.2
F41H10.1	F41H10.1
F41H10.12	F41H10.12
elo-6	F41H10.8
htp-1	F41H10.10
ZK616.5	ZK616.5
perm-3	ZK616.6
swsn-6	ZK616.4
ZK616.3	ZK616.3
ZK616.2	ZK616.2
ZK616.1	ZK616.1
ZK616.61	ZK616.61
ZK616.65	ZK616.65
ZK616.8	ZK616.8
spp-7	ZK616.9
ehn-3	ZK616.10
mgl-3	Y4C6A.2
Y4C6A.3	Y4C6A.3
Y4C6A.4	Y4C6A.4
Y52D5A.2	Y52D5A.2
rme-2	T11F8.3
T11F8.4	T11F8.4
T11F8.1	T11F8.1
T11F8.12	T11F8.12
T11F8.5	T11F8.5
snpc-3.1	B0273.3
puf-7	B0273.2
B0273.115	B0273.115
B0273.1	B0273.1
unc-5	B0273.4
fem-1	F35D6.1
drp-1	T12E12.4
tebp-2	T12E12.3
cec-6	T12E12.2
ari-2	T12E12.1
T12E12.6	T12E12.6
fkh-7	F26D12.1
C39H7.4	C39H7.4
srsx-16	C39H7.9
srsx-15	C39H7.8
srsx-14	C39H7.5
srd-12	C39H7.6
C39H7.1	C39H7.1
srd-13	C39H7.7
srd-8	B0547.4
B0547.2	B0547.2
csn-5	B0547.1
skn-1	T19E7.2
clec-178	T19E7.1
bec-1	T19E7.3
T19E7.6	T19E7.6
srd-5	T19E7.5
C55C3.4	C55C3.4
C55C3.7	C55C3.7
C55C3.6	C55C3.6
C55C3.3	C55C3.3
C55C3.8	C55C3.8
perm-5	C55C3.5
C55C3.73	C55C3.73
C55C3.1	C55C3.1
H35B03.1	H35B03.1
H35B03.2	H35B03.2
cpg-18	C45E5.4
chil-11	C45E5.2
C45E5.1	C45E5.1
nhr-46	C45E5.6
C31H1.2	C31H1.2
C31H1.5	C31H1.5
C31H1.1	C31H1.1
lntl-1	C31H1.6
oops-1	C31H1.8
egal-1	C10G6.1
C06E7.2	C06E7.2
sams-4	C06E7.3
sams-3	C06E7.1
C06E7.4	C06E7.4
spe-27	C06E7.6
C06E7.88	C06E7.88
srv-17	C06E7.7
srv-19	H04M03.6
srv-21	H04M03.8
srv-22	H04M03.9
H04M03.11	H04M03.11
glf-1	H04M03.4
H04M03.3	H04M03.3
nspb-6	H04M03.2
pck-3	H04M03.1
H04M03.12	H04M03.12
dhhc-13	H32C10.3
lin-33	H32C10.2
H32C10.1	H32C10.1
mcu-1	K02B2.3
pfkb-1.2	K02B2.1
inx-7	K02B2.4
rps-25	K02B2.5
K02B2.6	K02B2.6
unc-44	B0350.2
C46G7.5	C46G7.5
C46G7.2	C46G7.2
C46G7.1	C46G7.1
pqn-22	C46G7.4
kcc-2	H16O14.1
cpg-20	K08B4.2
ugt-19	K08B4.3
ugt-20	K08B4.4
K08B4.7	K08B4.7
cpi-1	K08B4.6
lag-1	K08B4.1
M03D4.3	M03D4.3
zen-4	M03D4.1
M03D4.4	M03D4.4
C11D2.3	C11D2.3
C11D2.7	C11D2.7
C11D2.4	C11D2.4
unc-77	C11D2.6
asp-9	C11D2.2
tkr-2	C49A9.7
C49A9.10	C49A9.10
ugt-24	C49A9.8
C49A9.6	C49A9.6
C49A9.5	C49A9.5
C49A9.9	C49A9.9
C49A9.4	C49A9.4
C49A9.3	C49A9.3
C49A9.2	C49A9.2
C49A9.1	C49A9.1
F58F9.4	F58F9.4
F58F9.3	F58F9.3
F58F9.6	F58F9.6
F58F9.8	F58F9.8
F58F9.9	F58F9.9
acox-3	F58F9.7
F58F9.1	F58F9.1
T13A10.2	T13A10.2
T13A10.64	T13A10.64
nlp-16	T13A10.5
srv-28	T13A10.14
srv-29	T13A10.6
srv-30	T13A10.7
srv-31	T13A10.9
aat-4	T13A10.10
T13A10.1	T13A10.1
sams-5	T13A10.11
srv-32	T13A10.12
ops-1	T13A10.13
srv-24	Y73B6BL.10
hil-2	Y73B6BL.9
srv-27	Y73B6BL.41
srv-26	Y73B6BL.40
srv-25	Y73B6BL.11
csp-2	Y73B6BL.7
Y73B6BL.12	Y73B6BL.12
Y73B6BL.29	Y73B6BL.29
sqd-1	Y73B6BL.6
lsm-8	Y73B6BL.32
seu-1	Y73B6BL.5
blos-2	Y73B6BL.30
mif-4	Y73B6BL.13
ipla-6	Y73B6BL.4
Y73B6BL.288	Y73B6BL.288
Y73B6BL.14	Y73B6BL.14
Y73B6BL.289	Y73B6BL.289
Y73B6BL.47	Y73B6BL.47
smg-3	Y73B6BL.18
Y73B6BL.270	Y73B6BL.270
hrpf-2	Y73B6BL.33
bli-6	Y73B6BL.34
shl-1	Y73B6BL.19
sfrp-1	Y73B6BL.21
srv-13	Y73B6BL.39
nlp-71	Y73B6BL.35
exos-2	Y73B6BL.3
Y73B6BL.22	Y73B6BL.22
Y73B6BL.23	Y73B6BL.23
htp-2	Y73B6BL.2
puf-11	Y73B6BL.38
acp-6	Y73B6BL.24
acp-7	Y73B6BL.25
dlc-5	Y73B6BL.43
Y73B6BL.31	Y73B6BL.31
lgc-10	Y73B6BL.26
acr-25	Y73B6BL.42
tmed-13	Y73B6BL.36
Y73B6BL.27	Y73B6BL.27
tyr-6	Y73B6BL.1
Y73B6BL.37	Y73B6BL.37
Y73B6BL.44	Y73B6BL.44
pqn-89	Y73B6BR.1
C01G5.7	C01G5.7
C01G5.9	C01G5.9
ddi-1	C01G5.6
C01G5.5	C01G5.5
C01G5.4	C01G5.4
C01G5.3	C01G5.3
C01G5.25	C01G5.25
fan-1	C01G5.8
paqr-1	C43G2.1
try-3	C43G2.5
best-9	C43G2.4
bicd-1	C43G2.2
C43G2.3	C43G2.3
odr-8	F38A5.1
F38A5.2	F38A5.2
dnj-11	F38A5.13
lec-11	F38A5.3
irld-7	F38A5.11
nspb-1	F38A5.14
nspb-2	F38A5.12
nspb-3	F38A5.5
F38A5.22	F38A5.22
F38A5.6	F38A5.6
nspb-4	F38A5.10
nspb-5	F38A5.9
F38A5.8	F38A5.8
sup-36	F38A5.7
F15B10.3	F15B10.3
nstp-2	F15B10.1
drh-1	F15B10.2
C01B10.3	C01B10.3
C01B10.44	C01B10.44
cest-5.2	C01B10.10
cest-5.1	C01B10.4
C01B10.9	C01B10.9
C01B10.8	C01B10.8
C01B10.7	C01B10.7
C01B10.6	C01B10.6
hil-7	C01B10.5
C01B10.11	C01B10.11
Y73B6A.1	Y73B6A.1
Y73B6A.3	Y73B6A.3
smg-7	Y73B6A.4
lin-45	Y73B6A.5
H34C03.2	H34C03.2
spd-3	H34C03.1
anat-1	C17H12.13
dyci-1	C17H12.1
C17H12.2	C17H12.2
vha-8	C17H12.14
C17H12.3	C17H12.3
C17H12.12	C17H12.12
cest-4	C17H12.4
C17H12.11	C17H12.11
C17H12.37	C17H12.37
C17H12.10	C17H12.10
ceh-48	C17H12.9
C17H12.5	C17H12.5
C17H12.8	C17H12.8
C17H12.6	C17H12.6
H20E11.3	H20E11.3
H20E11.2	H20E11.2
H20E11.1	H20E11.1
lip-1	C05B10.1
R13H7.2	R13H7.2
srx-20	R13H7.1
srx-19	T05A12.1
tre-2	T05A12.2
T05A12.3	T05A12.3
T05A12.4	T05A12.4
T22D1.8	T22D1.8
T22D1.5	T22D1.5
T22D1.17	T22D1.17
rpn-1	T22D1.9
ribo-1	T22D1.4
T22D1.3	T22D1.3
ruvb-2	T22D1.10
T22D1.18	T22D1.18
T22D1.1	T22D1.1
cest-6	T22D1.11
npr-12	T22D1.12
jnk-1	B0478.1
B0478.3	B0478.3
ZK381.2	ZK381.2
ZK381.8	ZK381.8
ZK381.62	ZK381.62
nhr-249	ZK381.3
pgl-1	ZK381.4
him-3	ZK381.1
prkl-1	ZK381.5
C25A8.5	C25A8.5
cht-3	C25A8.4
C25A8.2	C25A8.2
C25A8.1	C25A8.1
trxr-1	C06G3.7
C06G3.6	C06G3.6
adah-1	C06G3.5
C06G3.8	C06G3.8
ufl-1	C06G3.9
C06G3.3	C06G3.3
cogc-2	C06G3.10
klp-18	C06G3.2
tin-9.1	C06G3.11
nhr-105	C06G3.1
srx-50	Y43B11AL.2
Y43B11AL.1	Y43B11AL.1
srg-48	Y43B11AR.5
srg-50	Y43B11AR.2
Y43B11AR.1	Y43B11AR.1
Y43B11AR.3	Y43B11AR.3
rps-4	Y43B11AR.4
deb-1	ZC477.9
ZC477.4	ZC477.4
rde-8	ZC477.5
ZC477.3	ZC477.3
ZC477.2	ZC477.2
ZC477.7	ZC477.7
ssq-3	ZC477.1
nas-8	C34D4.9
C34D4.10	C34D4.10
str-48	C34D4.8
grsp-3	C34D4.11
cyn-12	C34D4.12
mutd-1	C34D4.13
hecd-1	C34D4.14
C34D4.4	C34D4.4
col-113	C34D4.15
C34D4.3	C34D4.3
C34D4.2	C34D4.2
maph-9	C34D4.1
rpc-1	C42D4.8
C42D4.18	C42D4.18
skr-16	C42D4.6
str-220	C42D4.9
str-1	C42D4.5
C42D4.19	C42D4.19
str-44	C42D4.4
C42D4.3	C42D4.3
cest-10	C42D4.2
clec-179	C42D4.11
str-249	C42D4.12
C42D4.13	C42D4.13
C42D4.1	C42D4.1
R13A1.5	R13A1.5
best-16	R13A1.9
unc-8	R13A1.4
R13A1.3	R13A1.3
kcc-1	R13A1.2
glb-23	R13A1.8
R13A1.1	R13A1.1
R13A1.10	R13A1.10
D2024.5	D2024.5
cap-1	D2024.6
D2024.4	D2024.4
elo-3	D2024.3
gstk-2	D2024.7
afmd-1	D2024.2
col-114	D2024.8
D2024.1	D2024.1
D2024.18	D2024.18
C06E4.5	C06E4.5
C06E4.6	C06E4.6
C06E4.3	C06E4.3
glb-2	C06E4.7
C06E4.2	C06E4.2
C06E4.1	C06E4.1
C06E4.8	C06E4.8
F42C5.3	F42C5.3
F42C5.4	F42C5.4
F42C5.5	F42C5.5
npr-27	F42C5.2
F42C5.6	F42C5.6
grl-4	F42C5.7
rps-8	F42C5.8
F42C5.9	F42C5.9
ifo-1	F42C5.10
sqst-2	Y40C5A.1
ocr-4	Y40C5A.2
daf-42	Y40C5A.3
Y40C5A.4	Y40C5A.4
T12B3.3	T12B3.3
T12B3.2	T12B3.2
T12B3.1	T12B3.1
mob-3	T12B3.4
pitr-1	C48A7.2
C48A7.16	C48A7.16
egl-19	C48A7.1
B0496.6	B0496.6
srtx-1	B0496.5
unc-82	B0496.3
B0496.11	B0496.11
valv-1	B0496.7
B0496.1	B0496.1
B0496.2	B0496.2
tes-1	B0496.8
F13B6.1	F13B6.1
F13B6.2	F13B6.2
F13B6.3	F13B6.3
F55G1.7	F55G1.7
plk-3	F55G1.8
F55G1.6	F55G1.6
slc-25A18.2	F55G1.5
pycr-4	F55G1.9
rod-1	F55G1.4
his-61	F55G1.10
his-62	F55G1.3
his-60	F55G1.11
his-59	F55G1.2
F55G1.1	F55G1.1
egas-4	F55G1.13
F55G1.15	F55G1.15
glt-6	R05G6.6
vdac-1	R05G6.7
R05G6.5	R05G6.5
plc-4	R05G6.8
R05G6.4	R05G6.4
R05G6.9	R05G6.9
R05G6.3	R05G6.3
R05G6.10	R05G6.10
R05G6.1	R05G6.1
pam-1	F49E8.3
cdd-2	F49E8.4
oef-1	F49E8.2
dif-1	F49E8.5
F49E8.6	F49E8.6
F49E8.7	F49E8.7
F49E8.8	F49E8.8
nprl-2	F49E8.1
ima-3	F32E10.4
F32E10.9	F32E10.9
F32E10.8	F32E10.8
clec-180	F32E10.3
F32E10.5	F32E10.5
cec-4	F32E10.2
cec-5	F32E10.6
nol-10	F32E10.1
cla-1	F45E4.3
F45E4.5	F45E4.5
F45E4.6	F45E4.6
plp-1	F45E4.2
warf-1	F45E4.1
nep-16	F45E4.7
nlp-20	F45E4.8
hmg-5	F45E4.9
nrde-4	F45E4.10
cima-1	F45E4.11
C08G9.1	C08G9.1
C08G9.2	C08G9.2
itr-1	F33D4.2
flp-13	F33D4.3
F33D4.4	F33D4.4
mrpl-1	F33D4.5
emc-6	F33D4.7
mrps-24	F33D4.8
nhr-8	F33D4.1
F33D4.6	F33D4.6
C50F7.6	C50F7.6
C50F7.5	C50F7.5
sucg-1	C50F7.4
C50F7.9	C50F7.9
C50F7.3	C50F7.3
clx-1	C50F7.2
npr-35	C50F7.1
klo-1	C50F7.10
C46A5.4	C46A5.4
col-14	C46A5.3
dsb-3	C46A5.5
C46A5.6	C46A5.6
del-7	C46A5.2
C46A5.1	C46A5.1
rdl-1	C46A5.8
hcf-1	C46A5.9
swd-2.2	C33H5.7
swd-2.1	C33H5.6
rpap-3	C33H5.8
sec-10	C33H5.9
tag-321	C33H5.19
tag-322	C33H5.10
imp-3	C33H5.11
rsp-6	C33H5.12
C33H5.13	C33H5.13
ntp-1	C33H5.14
sgo-1	C33H5.15
C33H5.16	C33H5.16
C33H5.2	C33H5.2
C33H5.1	C33H5.1
zgpa-1	C33H5.17
cdgs-1	C33H5.18
ric-3	T14A8.1
T14A8.2	T14A8.2
C06A6.4	C06A6.4
mvb-12	C06A6.3
erp-44.2	C06A6.5
C06A6.7	C06A6.7
C06A6.2	C06A6.2
flp-10	T06C10.4
T06C10.3	T06C10.3
kin-26	T06C10.6
srt-73	T06C10.2
atic-1	C55F2.1
ilys-4	C55F2.2
arp-11	C49H3.8
C49H3.6	C49H3.6
C49H3.9	C49H3.9
ntl-4	C49H3.5
C49H3.4	C49H3.4
xpo-3	C49H3.10
C49H3.16	C49H3.16
C49H3.3	C49H3.3
rps-2	C49H3.11
C49H3.12	C49H3.12
gcy-8	C49H3.1
bbs-2	F20D12.3
F20D12.7	F20D12.7
exc-9	F20D12.5
czw-1	F20D12.4
F20D12.12	F20D12.12
F20D12.2	F20D12.2
ceh-19	F20D12.6
csr-1	F20D12.1
frpr-10	F57H12.4
F57H12.5	F57H12.5
F57H12.6	F57H12.6
ora-1	F57H12.3
unc-24	F57H12.2
arf-5	F57H12.1
mec-17	F57H12.7
col-115	Y42H9B.1
rig-4	Y42H9B.2
Y42H9B.3	Y42H9B.3
C26B2.8	C26B2.8
C26B2.7	C26B2.7
elpc-4	C26B2.6
dnc-4	C26B2.1
C26B2.2	C26B2.2
nhr-31	C26B2.3
nhr-258	C26B2.4
sax-7	C18F3.2
nsy-7	C18F3.4
Y42H9AR.2	Y42H9AR.2
Y42H9AR.5	Y42H9AR.5
rabs-5	Y42H9AR.3
Y42H9AR.4	Y42H9AR.4
Y42H9AR.1	Y42H9AR.1
irld-8	F42G8.9
F42G8.8	F42G8.8
erp-44.3	F42G8.7
ceph-41	F42G8.19
F42G8.10	F42G8.10
moc-3	F42G8.6
sph-1	F42G8.11
isp-1	F42G8.12
islo-1	F42G8.5
pmk-3	F42G8.4
pmk-2	F42G8.3
pmk-1	B0218.3
faah-2	B0218.2
B0218.5	B0218.5
faah-1	B0218.1
clec-51	B0218.6
B0218.7	B0218.7
clec-52	B0218.8
C07G1.15	C07G1.15
pct-1	C07G1.3
wsp-1	C07G1.4
glrx-22	C07G1.8
hgrs-1	C07G1.5
svh-1	C07G1.1
C07G1.6	C07G1.6
C07G1.7	C07G1.7
ocr-2	T09A12.3
gpx-6	T09A12.2
serp-1.2	T09A12.5
nhr-66	T09A12.4
T09A12.8	T09A12.8
T09A12.1	T09A12.1
K07H8.7	K07H8.7
vit-6	K07H8.6
K07H8.8	K07H8.8
K07H8.5	K07H8.5
K07H8.11	K07H8.11
K07H8.12	K07H8.12
K07H8.9	K07H8.9
nucl-1	K07H8.10
daf-31	K07H8.3
K07H8.2	K07H8.2
tbce-1	K07H8.1
nprl-3	F35H10.7
F35H10.6	F35H10.6
F35H10.5	F35H10.5
vha-5	F35H10.4
F35H10.10	F35H10.10
F35H10.3	F35H10.3
F35H10.2	F35H10.2
his-29	F35H10.11
his-30	F35H10.1
lys-10	F17E9.11
his-31	F17E9.12
his-32	F17E9.10
his-33	F17E9.13
his-34	F17E9.9
lgc-6	F17E9.8
lgc-5	F17E9.7
F17E9.5	F17E9.5
F17E9.18	F17E9.18
F17E9.15	F17E9.15
F17E9.4	F17E9.4
F17E9.16	F17E9.16
F17E9.3	F17E9.3
F17E9.2	F17E9.2
col-116	F17E9.1
D2096.13	D2096.13
D2096.5	D2096.5
sqv-1	D2096.4
D2096.12	D2096.12
aagr-1	D2096.3
D2096.6	D2096.6
D2096.7	D2096.7
nap-1	D2096.8
praf-3	D2096.2
D2096.9	D2096.9
D2096.10	D2096.10
D2096.11	D2096.11
timm-17B.2	D2096.1
sdz-25	M116.4
M116.1	M116.1
M116.5	M116.5
T26A8.3	T26A8.3
tmem-231	T26A8.2
T26A8.4	T26A8.4
T26A8.1	T26A8.1
T01B11.1	T01B11.1
eppl-1	T01B11.2
syx-4	T01B11.3
ant-1.4	T01B11.4
str-176	T01B11.5
oat-1	T01B11.7
C28C12.11	C28C12.11
spp-10	C28C12.7
hlh-12	C28C12.8
spp-8	C28C12.5
C28C12.4	C28C12.4
C28C12.3	C28C12.3
sru-7	C28C12.13
C28C12.12	C28C12.12
acdh-13	C28C12.9
mesp-1	C28C12.2
C28C12.1	C28C12.1
tag-77	C28C12.10
mes-6	C09G4.5
C09G4.4	C09G4.4
cks-1	C09G4.3
pkg-2	C09G4.2
hyl-1	C09G4.1
npr-22	Y59H11AL.1
mpst-6	Y59H11AM.3
mpst-5	Y59H11AM.2
Y59H11AM.4	Y59H11AM.4
Y59H11AM.1	Y59H11AM.1
catp-7	Y59H11AR.2
Y59H11AR.3	Y59H11AR.3
clec-181	Y59H11AR.5
Y59H11AR.4	Y59H11AR.4
Y59H11AR.10	Y59H11AR.10
F42A9.6	F42A9.6
F42A9.17	F42A9.17
cyp-33E2	F42A9.5
cyp-33E3	F42A9.4
F42A9.7	F42A9.7
F42A9.3	F42A9.3
F42A9.8	F42A9.8
lin-49	F42A9.2
F42A9.11	F42A9.11
dgk-4	F42A9.1
F42A9.9	F42A9.9
C49C8.3	C49C8.3
cyp-33E1	C49C8.4
C49C8.5	C49C8.5
C49C8.2	C49C8.2
C49C8.8	C49C8.8
C49C8.1	C49C8.1
C49C8.6	C49C8.6
cdh-5	F08B4.2
F08B4.8	F08B4.8
nlp-60	F08B4.4
pole-2	F08B4.5
snrp-3	F08B4.7
hst-1	F08B4.6
ints-6	F08B4.1
ttll-11	H23L24.3
H23L24.4	H23L24.4
parg-2	H23L24.5
ipla-5	H23L24.2
H23L24.1	H23L24.1
F21D5.9	F21D5.9
F21D5.1	F21D5.1
otub-3	F21D5.2
F21D5.3	F21D5.3
F21D5.5	F21D5.5
F21D5.4	F21D5.4
mrps-33	F21D5.8
F21D5.6	F21D5.6
F21D5.7	F21D5.7
F20C5.7	F20C5.7
parg-1	F20C5.1
elli-1	F20C5.3
F20C5.11	F20C5.11
klp-11	F20C5.2
cdc-50.B	F20C5.4
F20C5.5	F20C5.5
F20C5.6	F20C5.6
C33D9.6	C33D9.6
C33D9.13	C33D9.13
C33D9.8	C33D9.8
C33D9.10	C33D9.10
sru-35	C33D9.4
C33D9.3	C33D9.3
clec-182	C33D9.2
exc-5	C33D9.1
grsp-2	T28C6.1
T28C6.10	T28C6.10
T28C6.3	T28C6.3
T28C6.5	T28C6.5
col-117	T28C6.4
col-3	T28C6.6
T28C6.7	T28C6.7
T28C6.8	T28C6.8
T28C6.11	T28C6.11
T11B7.1	T11B7.1
T11B7.2	T11B7.2
col-118	T11B7.3
alp-1	T11B7.4
T11B7.5	T11B7.5
C09G9.1	C09G9.1
npp-23	C09G9.2
C09G9.3	C09G9.3
hdl-2	C09G9.4
npax-4	C09G9.7
C09G9.8	C09G9.8
C09G9.5	C09G9.5
oma-1	C09G9.6
spr-2	C27B7.1
C27B7.2	C27B7.2
rad-26	C27B7.4
C27B7.5	C27B7.5
C27B7.6	C27B7.6
C27B7.7	C27B7.7
C27B7.9	C27B7.9
rap-1	C27B7.8
D1046.16	D1046.16
D1046.2	D1046.2
cfim-2	D1046.1
D1046.18	D1046.18
slc-25A26	D1046.3
D1046.4	D1046.4
tpra-1	D1046.5
C53B4.2	C53B4.2
suex-2	C53B4.1
C53B4.3	C53B4.3
pdzd-8	C53B4.4
col-119	C53B4.5
nstp-1	C53B4.6
bre-1	C53B4.7
mltn-12	C53B4.8
C53D6.8	C53D6.8
unc-129	C53D6.2
C53D6.11	C53D6.11
acc-2	C53D6.3
C53D6.4	C53D6.4
C53D6.6	C53D6.6
C53D6.10	C53D6.10
C53D6.7	C53D6.7
Y73F4A.3	Y73F4A.3
Y73F4A.2	Y73F4A.2
Y73F4A.1	Y73F4A.1
nhr-11	ZC410.1
mppb-1	ZC410.2
mans-4	ZC410.3
twk-8	ZC410.4
msa-1	ZC410.5
lpl-1	ZC410.7
mrpl-42	ZC410.10
icln-1	C01F6.8
znf-706	C01F6.9
cpna-3	C01F6.1
C01F6.2	C01F6.2
C01F6.14	C01F6.14
fem-3	C01F6.4
aly-1	C01F6.5
nrfl-1	C01F6.6
delm-1	F23B2.3
daf-10	F23B2.4
flp-1	F23B2.5
rpb-12	F23B2.13
aly-2	F23B2.6
F23B2.7	F23B2.7
F23B2.10	F23B2.10
pcp-3	F23B2.11
pcp-2	F23B2.12
C07C7.3	C07C7.3
C07C7.1	C07C7.1
C46C2.5	C46C2.5
C46C2.7	C46C2.7
wnk-1	C46C2.1
C46C2.6	C46C2.6
C46C2.2	C46C2.2
C46C2.3	C46C2.3
Y11D7A.3	Y11D7A.3
rab-28	Y11D7A.4
Y11D7A.5	Y11D7A.5
Y11D7A.7	Y11D7A.7
Y11D7A.8	Y11D7A.8
Y11D7A.9	Y11D7A.9
Y11D7A.10	Y11D7A.10
col-120	Y11D7A.11
flh-1	Y11D7A.12
Y11D7A.19	Y11D7A.19
flh-3	Y11D7A.13
nmy-3	Y11D7A.14
nhr-267	H22D14.1
nhr-264	F14A5.1
F49C12.1	F49C12.1
F49C12.2	F49C12.2
F49C12.3	F49C12.3
F49C12.4	F49C12.4
F49C12.5	F49C12.5
F49C12.6	F49C12.6
F49C12.7	F49C12.7
F49C12.9	F49C12.9
rpn-7	F49C12.8
F49C12.10	F49C12.10
F49C12.11	F49C12.11
F49C12.12	F49C12.12
vha-17	F49C12.13
nspg-11	F49C12.14
F49C12.15	F49C12.15
clec-183	T20D3.1
nspg-7.1	T20D3.2
coa-4	T20D3.3
T20D3.14	T20D3.14
T20D3.5	T20D3.5
T20D3.6	T20D3.6
vps-26	T20D3.7
pigc-1	T20D3.8
pezo-1	C10C5.1
fbxc-58	C10C5.2
C10C5.3	C10C5.3
C10C5.4	C10C5.4
C10C5.5	C10C5.5
C10C5.7	C10C5.7
daf-15	C10C5.6
col-121	F56D5.1
F56D5.2	F56D5.2
F56D5.3	F56D5.3
F56D5.6	F56D5.6
F56D5.5	F56D5.5
F56D5.9	F56D5.9
srxa-2	F56D5.10
F59B8.1	F59B8.1
idh-1	F59B8.2
F38E11.9	F38E11.9
hsp-12.3	F38E11.1
hsp-12.6	F38E11.2
cutl-17	F38E11.4
cpin-1	F38E11.3
copb-2	F38E11.5
F38E11.6	F38E11.6
wrt-3	F38E11.7
cng-3	F38E11.12
gadr-2	C33A12.12
sru-2	C33A12.13
sru-1	C33A12.14
sru-6	C33A12.8
sru-3	C33A12.11
sru-4	C33A12.10
ugt-21	C33A12.6
ttr-9	C33A12.15
ethe-1	C33A12.7
C33A12.4	C33A12.4
C33A12.3	C33A12.3
C33A12.19	C33A12.19
nlp-35	C33A12.2
C33A12.1	C33A12.1
elo-1	F56H11.4
elo-7	F56H11.3
F56H11.2	F56H11.2
fbl-1	F56H11.1
T05A1.5	T05A1.5
lron-14	T05A1.3
col-122	T05A1.2
npr-2	T05A1.1
trcs-1	F27C8.6
pei-1	F27C8.5
spp-18	F27C8.4
F27C8.3	F27C8.3
F27C8.2	F27C8.2
aat-1	F27C8.1
elt-1	W09C2.1
W09C2.7	W09C2.7
W09C2.9	W09C2.9
W09C2.8	W09C2.8
W09C2.10	W09C2.10
mca-1	W09C2.3
del-2	F58G6.6
F58G6.8	F58G6.8
amph-1	F58G6.1
srm-3	F58G6.2
F58G6.9	F58G6.9
F58G6.3	F58G6.3
F58G6.7	F58G6.7
acc-1	F58G6.4
nhr-34	F58G6.5
ins-8	ZK1251.11
ins-7	ZK1251.2
htas-1	ZK1251.1
ZK1251.3	ZK1251.3
msp-76	ZK1251.6
sdz-36	ZK1251.7
twk-9	ZK1251.8
dcaf-1	ZK1251.9
dph-3	K01H12.1
ant-1.3	K01H12.2
nhr-38	K01H12.3
K01H12.4	K01H12.4
nhr-138	C28D4.9
C28D4.18	C28D4.18
nhr-100	C28D4.1
cka-1	C28D4.2
C28D4.10	C28D4.10
gln-6	C28D4.3
C28D4.7	C28D4.7
C28D4.4	C28D4.4
C28D4.5	C28D4.5
C28D4.8	C28D4.8
nhr-97	H27C11.1
ssp-36	T13F2.12
msp-79	T13F2.10
msp-78	T13F2.11
cav-1	T13F2.8
sna-2	T13F2.7
T13F2.6	T13F2.6
sre-4	T13F2.5
T13F2.4	T13F2.4
pis-1	T13F2.3
T13F2.2	T13F2.2
fat-4	T13F2.1
fat-3	W08D2.4
dct-15	W08D2.3
egl-20	W08D2.1
catp-6	W08D2.5
col-123	W08D2.6
mtr-4	W08D2.7
kin-21	W08D2.8
msp-81	K07F5.1
msp-10	K07F5.2
kin-24	K07F5.4
msp-56	K07F5.3
K07F5.17	K07F5.17
nspd-2	K07F5.5
K07F5.6	K07F5.6
K07F5.7	K07F5.7
K07F5.8	K07F5.8
ssp-10	K07F5.9
ssq-1	K07F5.11
K07F5.12	K07F5.12
npp-1	K07F5.13
K07F5.14	K07F5.14
K07F5.16	K07F5.16
K07F5.22	K07F5.22
K07F5.15	K07F5.15
nhr-4	F32B6.1
prp-18	F32B6.3
mccc-1	F32B6.2
ttbk-3	F32B6.10
F32B6.4	F32B6.4
sss-1	F32B6.5
msp-77	F32B6.6
ssp-32	F32B6.7
tbc-3	F32B6.8
best-13	F32B6.9
bed-3	F25H8.6
dur-1	F25H8.5
F25H8.1	F25H8.1
F25H8.2	F25H8.2
spe-29	F25H8.7
gon-1	F25H8.3
T13H10.2	T13H10.2
kin-5	T13H10.1
C47E12.11	C47E12.11
C47E12.12	C47E12.12
C47E12.10	C47E12.10
C47E12.9	C47E12.9
C47E12.14	C47E12.14
dhp-2	C47E12.8
rrp-1	C47E12.7
mam-2	C47E12.6
uba-1	C47E12.5
pyp-1	C47E12.4
C47E12.3	C47E12.3
C47E12.2	C47E12.2
sars-1	C47E12.1
C47E12.13	C47E12.13
magu-4	F44D12.1
F44D12.2	F44D12.2
ent-7	F44D12.9
F44D12.19	F44D12.19
msd-1	F44D12.3
F44D12.8	F44D12.8
gipc-2	F44D12.4
F44D12.16	F44D12.16
msd-2	F44D12.5
F44D12.6	F44D12.6
msd-3	F44D12.7
F44D12.10	F44D12.10
dhs-31	T04B2.6
frk-1	T04B2.2
T04B2.3	T04B2.3
T04B2.8	T04B2.8
srv-12	T04B2.4
T04B2.7	T04B2.7
ipla-7	T04B2.5
cwn-2	W01B6.1
W01B6.3	W01B6.3
ttbk-4	W01B6.2
W01B6.4	W01B6.4
W01B6.5	W01B6.5
W01B6.6	W01B6.6
W01B6.8	W01B6.8
col-2	W01B6.7
ndc-80	W01B6.9
ttr-39	C04G2.1
ttbk-5	C04G2.2
C04G2.5	C04G2.5
msp-36	C04G2.4
dis-3	C04G2.6
egl-38	C04G2.7
spch-1	C04G2.8
nsph-3.2	C04G2.9
C04G2.10	C04G2.10
irld-21	C04G2.11
ctf-18	K08F4.1
gtbp-1	K08F4.2
K08F4.3	K08F4.3
glt-3	K08F4.4
K08F4.5	K08F4.5
K08F4.12	K08F4.12
gst-3	K08F4.11
gst-2	K08F4.6
gst-4	K08F4.7
dhs-12	K08F4.9
msp-38	K08F4.8
T14G10.8	T14G10.8
pigs-1	T14G10.7
tsp-12	T14G10.6
copg-1	T14G10.5
ttr-54	T14G10.4
ttr-53	T14G10.3
pps-1	T14G10.1
pxf-1	T14G10.2
rack-1	K04D7.1
mspn-1	K04D7.2
gta-1	K04D7.3
ptp-4	K04D7.4
gon-4	K04D7.5
K04D7.6	K04D7.6
abt-1	C24F3.5
qns-1	C24F3.4
col-124	C24F3.6
tram-1	C24F3.1
C24F3.2	C24F3.2
nas-12	C24F3.3
F01G10.6	F01G10.6
F01G10.5	F01G10.5
F01G10.4	F01G10.4
ech-9	F01G10.3
ech-8	F01G10.2
lipl-7	F01G10.7
tkt-1	F01G10.1
F01G10.10	F01G10.10
daf-14	F01G10.8
F01G10.9	F01G10.9
nspd-7	Y43C5A.1
Y43C5A.2	Y43C5A.2
Y43C5A.3	Y43C5A.3
Y43C5A.7	Y43C5A.7
Y43C5A.4	Y43C5A.4
thk-1	Y43C5A.5
rad-51	Y43C5A.6
ebax-1	R09E10.7
R09E10.6	R09E10.6
R09E10.13	R09E10.13
R09E10.5	R09E10.5
R09E10.8	R09E10.8
acs-18	R09E10.3
R09E10.2	R09E10.2
R09E10.1	R09E10.1
unc-43	K11E8.1
Y43C5B.3	Y43C5B.3
Y43C5B.2	Y43C5B.2
R11A8.1	R11A8.1
gkow-1	R11A8.2
ugt-59	R11A8.3
sir-2.1	R11A8.4
pges-2	R11A8.5
iars-1	R11A8.6
mpz-5	R11A8.8
mask-1	R11A8.7
nfu-1	R10H10.1
R10H10.3	R10H10.3
spe-26	R10H10.2
R10H10.4	R10H10.4
gpa-7	R10H10.5
rfk-1	R10H10.6
R10H10.7	R10H10.7
F13B12.6	F13B12.6
F13B12.1	F13B12.1
F13B12.2	F13B12.2
ins-1	F13B12.5
F13B12.3	F13B12.3
F13B12.7	F13B12.7
F13B12.4	F13B12.4
F01D4.8	F01D4.8
srb-17	F01D4.7
mec-3	F01D4.6
ugt-43	F01D4.1
ugt-44	F01D4.2
bgnt-1.1	F01D4.9
egl-21	F01D4.4
F01D4.5	F01D4.5
ced-5	C02F4.1
tax-6	C02F4.2
C02F4.4	C02F4.4
cal-4	T07G12.1
C02F4.5	C02F4.5
T07G12.2	T07G12.2
T07G12.3	T07G12.3
T07G12.4	T07G12.4
T07G12.5	T07G12.5
zim-1	T07G12.6
zim-2	T07G12.10
zim-3	T07G12.11
him-8	T07G12.12
efn-2	C43F9.8
lgc-43	C43F9.9
oac-8	C43F9.10
C43F9.4	C43F9.4
C43F9.5	C43F9.5
nkb-2	C43F9.6
C43F9.7	C43F9.7
C43F9.11	C43F9.11
R09H10.1	R09H10.1
R09H10.2	R09H10.2
R09H10.3	R09H10.3
R09H10.6	R09H10.6
ptr-14	R09H10.4
R09H10.7	R09H10.7
R09H10.5	R09H10.5
F56C4.4	F56C4.4
F56C4.1	F56C4.1
F56C4.2	F56C4.2
glb-19	F56C4.3
K08C7.1	K08C7.1
fmo-1	K08C7.2
K08C7.7	K08C7.7
epi-1	K08C7.3
K08C7.4	K08C7.4
fmo-2	K08C7.5
K08C7.6	K08C7.6
R102.1	R102.1
R102.2	R102.2
R102.3	R102.3
R102.8	R102.8
R102.4	R102.4
allo-1	R102.5
R102.11	R102.11
R102.6	R102.6
R102.10	R102.10
glb-21	R102.9
ncx-3	ZC168.1
ZC168.2	ZC168.2
orc-5	ZC168.3
cyb-1	ZC168.4
grl-21	ZC168.5
ssp-34	ZC168.6
T25B9.3	T25B9.3
T25B9.1	T25B9.1
T25B9.2	T25B9.2
T25B9.5	T25B9.5
T25B9.4	T25B9.4
T25B9.6	T25B9.6
ugt-54	T25B9.7
T25B9.11	T25B9.11
T25B9.12	T25B9.12
T25B9.8	T25B9.8
T25B9.9	T25B9.9
inpp-1	T25B9.10
swt-3	C06G8.1
srd-7	C06G8.4
pept-2	C06G8.2
zipt-2.1	C06G8.3
miz-1	R13.4
npax-3	R13.2
best-15	R13.3
T11G6.5	T11G6.5
T11G6.4	T11G6.4
T11G6.3	T11G6.3
T11G6.2	T11G6.2
hars-1	T11G6.1
rbm-22	T11G6.8
nish-1	F13E9.1
F13E9.11	F13E9.11
F13E9.12	F13E9.12
fipr-14	F13E9.2
sdz-13	F13E9.6
fipr-15	F13E9.3
F13E9.13	F13E9.13
F13E9.5	F13E9.5
F13E9.10	F13E9.10
F13E9.16	F13E9.16
F13E9.15	F13E9.15
F13E9.14	F13E9.14
F13E9.8	F13E9.8
F13E9.4	F13E9.4
F13E9.9	F13E9.9
F13E9.19	F13E9.19
ZK596.1	ZK596.1
ZK596.3	ZK596.3
ZK596.2	ZK596.2
pyk-2	ZK593.1
ZK593.2	ZK593.2
ZK593.3	ZK593.3
rbr-2	ZK593.4
dnc-1	ZK593.5
lsm-7	ZK593.7
lgg-2	ZK593.6
fic-1	ZK593.8
Y69E1A.1	Y69E1A.1
nsph-3.1	Y69E1A.2
Y69E1A.3	Y69E1A.3
Y69E1A.4	Y69E1A.4
Y69E1A.5	Y69E1A.5
sri-19	Y69E1A.6
aqp-3	Y69E1A.7
Y69E1A.8	Y69E1A.8
Y43E12A.2	Y43E12A.2
cyb-2.1	Y43E12A.1
Y43E12A.3	Y43E12A.3
F13H10.5	F13H10.5
F13H10.9	F13H10.9
F13H10.1	F13H10.1
F13H10.6	F13H10.6
ndx-9	F13H10.2
F13H10.3	F13H10.3
mogs-1	F13H10.4
F13H10.8	F13H10.8
alh-3	F36H1.6
hrg-5	F36H1.9
hrg-4	F36H1.5
hrg-6	F36H1.10
fkb-1	F36H1.1
kdin-1	F36H1.2
F36H1.11	F36H1.11
F36H1.3	F36H1.3
F36H1.12	F36H1.12
lin-3	F36H1.4
ttr-16	Y5F2A.1
ttr-17	Y5F2A.2
Y5F2A.4	Y5F2A.4
atg-7	M7.5
let-70	M7.1
klc-1	M7.2
bcc-1	M7.3
M7.7	M7.7
M7.8	M7.8
M7.12	M7.12
str-3	M7.13
M7.9	M7.9
M7.10	M7.10
T05E11.8	T05E11.8
pigk-1	T05E11.6
rps-5	T05E11.1
clc-9	T05E11.2
imp-2	T05E11.5
enpl-1	T05E11.3
spo-11	T05E11.4
swsn-4	F01G4.1
ard-1	F01G4.2
skih-2	F01G4.3
F01G4.4	F01G4.4
pigq-1	F01G4.5
F01G4.6	F01G4.6
pfd-1	C08F8.1
C08F8.2	C08F8.2
C08F8.3	C08F8.3
mboa-4	C08F8.4
C08F8.15	C08F8.15
fbxb-9	C08F8.5
C08F8.6	C08F8.6
nhr-67	C08F8.8
rap-3	C08F8.7
C08F8.9	C08F8.9
cpt-2	R07H5.2
prx-14	R07H5.1
nuaf-3	R07H5.3
sdz-27	R07H5.4
fbxb-79	R07H5.7
R07H5.16	R07H5.16
R07H5.11	R07H5.11
R07H5.9	R07H5.9
adk-1	R07H5.8
zip-6	R07H5.10
C29F4.3	C29F4.3
col-125	C29F4.1
best-7	C29F4.2
C05C12.6	C05C12.6
C05C12.4	C05C12.4
gtl-1	C05C12.3
C05C12.1	C05C12.1
C05C12.5	C05C12.5
F54D1.1	F54D1.1
col-126	F54D1.2
col-127	F54D1.3
nhr-7	F54D1.4
gtl-2	F54D1.5
F54D1.6	F54D1.6
mttu-1	B0035.16
B0035.15	B0035.15
dnj-1	B0035.14
B0035.13	B0035.13
znf-207	B0035.1
dnj-2	B0035.2
B0035.3	B0035.3
B0035.22	B0035.22
pfd-4	B0035.4
gspd-1	B0035.5
B0035.18	B0035.18
edg-1	B0035.6
his-47	B0035.7
his-48	B0035.8
his-46	B0035.9
his-45	B0035.10
B0035.21	B0035.21
leo-1	B0035.11
sart-3	B0035.12
F54E12.2	F54E12.2
his-55	F54E12.1
his-56	F54E12.3
his-58	F54E12.4
his-57	F54E12.5
klp-12	T01G1.1
T01G1.2	T01G1.2
T01G1.4	T01G1.4
sec-31	T01G1.3
cbd-1	H02I12.1
fbxb-76	H02I12.2
tag-89	H02I12.3
dsl-6	H02I12.4
his-66	H02I12.6
his-65	H02I12.7
memi-3	H02I12.5
cyp-31A2	H02I12.8
his-63	F22B3.2
his-64	F22B3.1
gfat-2	F22B3.4
F22B3.10	F22B3.10
F22B3.5	F22B3.5
F22B3.7	F22B3.7
F22B3.8	F22B3.8
kin-4	C10C6.1
npr-3	C10C6.2
C10C6.3	C10C6.3
C10C6.7	C10C6.7
C10C6.13	C10C6.13
wht-2	C10C6.5
catp-8	C10C6.6
mbf-1	H21P03.1
H21P03.2	H21P03.2
sms-1	H21P03.3
H21P03.10	H21P03.10
twk-25	M04B2.5
M04B2.6	M04B2.6
M04B2.4	M04B2.4
gfl-1	M04B2.3
mep-1	M04B2.1
M04B2.2	M04B2.2
M04B2.7	M04B2.7
col-128	F12F6.9
F12F6.7	F12F6.7
sec-24.1	F12F6.6
srgp-1	F12F6.5
rib-1	F12F6.3
F12F6.1	F12F6.1
F40F11.4	F40F11.4
F40F11.3	F40F11.3
mig-38	F40F11.2
rps-11	F40F11.1
ragc-1	Y24F12A.2
Y24F12A.1	Y24F12A.1
dsl-5	F58B3.8
lys-4	F58B3.1
lys-5	F58B3.2
lys-6	F58B3.3
F58B3.4	F58B3.4
mars-1	F58B3.5
F58B3.6	F58B3.6
rbm-17	F58B3.7
ttr-50	F58B3.9
ZK809.1	ZK809.1
prx-2	ZK809.7
ZK809.8	ZK809.8
acl-3	ZK809.2
ZK809.3	ZK809.3
ent-1	ZK809.4
ZK809.5	ZK809.5
ZK792.1	ZK792.1
ZK809.9	ZK809.9
atg-4.2	ZK792.8
inx-8	ZK792.2
inx-9	ZK792.3
ZK792.4	ZK792.4
ZK792.5	ZK792.5
let-60	ZK792.6
ZK792.12	ZK792.12
ZK792.7	ZK792.7
dpy-20	T22B3.1
T22B3.3	T22B3.3
alg-3	T22B3.2
magi-1	K01A6.2
K01A6.6	K01A6.6
K01A6.8	K01A6.8
K01A6.7	K01A6.7
K01A6.4	K01A6.4
K01A6.5	K01A6.5
gem-4	T12A7.1
T12A7.6	T12A7.6
scl-18	T12A7.3
T12A7.10	T12A7.10
T12A7.9	T12A7.9
T12A7.2	T12A7.2
lips-5	T12A7.4
lpr-2	T12A7.5
H01G02.3	H01G02.3
dyf-18	H01G02.2
H01G02.4	H01G02.4
H01G02.1	H01G02.1
M117.1	M117.1
par-5	M117.2
M117.3	M117.3
M117.6	M117.6
M117.4	M117.4
fbxb-3	F38H4.2
F38H4.3	F38H4.3
F38H4.6	F38H4.6
F38H4.4	F38H4.4
tag-30	F38H4.7
F38H4.5	F38H4.5
ech-2	F38H4.8
let-92	F38H4.9
mob-1	F38H4.10
trpa-1	C29E6.2
pph-2	C29E6.3
cutl-27	C29E6.4
let-653	C29E6.1
nhr-43	C29E6.5
VZK822L.2	VZK822L.2
fat-6	VZK822L.1
ZK822.9	ZK822.9
ZK822.10	ZK822.10
ZK822.1	ZK822.1
ZK822.2	ZK822.2
ZK822.6	ZK822.6
ZK822.4	ZK822.4
nhx-9	ZK822.3
ZK822.5	ZK822.5
ZK829.1	ZK829.1
ZK829.3	ZK829.3
hdl-1	ZK829.2
tbx-36	ZK829.5
gdh-1	ZK829.4
tgt-1	ZK829.6
ZK829.7	ZK829.7
srj-1	ZK829.8
ZK829.9	ZK829.9
unc-22	ZK617.1
ZK617.26	ZK617.26
spe-17	ZK617.3
lips-6	ZK617.2
tgn-38	T12G3.7
T12G3.11	T12G3.11
T12G3.6	T12G3.6
mrpl-51	T12G3.5
sqst-1	T12G3.1
T12G3.2	T12G3.2
T12G3.4	T12G3.4
bre-5	T12G3.8
spt-5	K08E4.1
K08E4.2	K08E4.2
K08E4.3	K08E4.3
K08E4.8	K08E4.8
bath-37	K08E4.5
K08E4.7	K08E4.7
tmed-1	K08E4.6
lex-1	F11A10.1
repo-1	F11A10.2
rbm-34	F11A10.7
F11A10.6	F11A10.6
mig-32	F11A10.3
cpsf-4	F11A10.8
F11A10.5	F11A10.5
mon-2	F11A10.4
M18.3	M18.3
col-129	M18.1
dlc-2	M18.2
ddb-1	M18.5
M18.6	M18.6
aly-3	M18.7
dhhc-6	M18.8
lin-24	B0001.1
B0001.4	B0001.4
B0001.8	B0001.8
B0001.5	B0001.5
B0001.3	B0001.3
B0001.2	B0001.2
B0001.7	B0001.7
eri-12	B0001.6
F20B10.3	F20B10.3
nlr-1	F20B10.1
F35G2.1	F35G2.1
marb-1	F35G2.2
F35G2.3	F35G2.3
phy-2	F35G2.4
F35G2.5	F35G2.5
mlt-3	Y39C12A.1
sre-18	Y39C12A.3
sre-16	Y39C12A.5
sre-19	Y39C12A.6
sre-15	Y39C12A.7
dnj-26	Y39C12A.8
Y39C12A.9	Y39C12A.9
sre-14	C42C1.1
ppm-1.H	C42C1.2
rpl-34	C42C1.14
C42C1.3	C42C1.3
vps-8	C42C1.4
tag-335	C42C1.5
C42C1.13	C42C1.13
ltah-1.1	C42C1.11
C42C1.12	C42C1.12
C42C1.19	C42C1.19
hpo-12	C42C1.10
erl-1	C42C1.15
C42C1.9	C42C1.9
C42C1.8	C42C1.8
oac-59	C42C1.7
oac-57	K09E10.1
oac-58	K09E10.2
F19B6.3	F19B6.3
ufd-1	F19B6.2
F19B6.1	F19B6.1
F19B6.10	F19B6.10
wht-5	F19B6.4
best-22	ZC518.1
sec-24.2	ZC518.2
ccr-4	ZC518.3
ZC518.8	ZC518.8
wdr-46	F28D1.1
atz-1	F28D1.2
thn-1	F28D1.3
thn-2	F28D1.5
F28D1.6	F28D1.6
spe-45	F28D1.8
rps-23	F28D1.7
dpm-3	F28D1.11
acs-20	F28D1.9
gex-3	F28D1.10
dsb-1	F08G5.1
acl-13	F08G5.2
F08G5.3	F08G5.3
ugt-65	F08G5.5
col-130	F08G5.4
clec-184	F08G5.7
irg-4	F08G5.6
clec-185	C25G4.1
C25G4.17	C25G4.17
C25G4.2	C25G4.2
C25G4.3	C25G4.3
dpy-26	C25G4.5
spe-44	C25G4.4
smz-1	C25G4.6
C25G4.7	C25G4.7
C25G4.8	C25G4.8
igdb-2	C25G4.10
T04A11.1	T04A11.1
T04A11.2	T04A11.2
igdb-1	T04A11.3
T04A11.4	T04A11.4
T04A11.5	T04A11.5
sru-26	T04A11.12
him-6	T04A11.6
sru-20	T04A11.7
sru-19	T04A11.8
sru-18	T04A11.9
sru-17	T04A11.10
tsp-4	F53B2.2
sru-13	F53B2.4
eak-4	F53B2.3
F53B2.8	F53B2.8
F53B2.5	F53B2.5
ham-1	F53B2.6
ipmk-1	ZK795.1
ZK795.2	ZK795.2
ZK795.3	ZK795.3
snb-7	ZK795.4
eak-7	K08E7.1
hsb-1	K08E7.2
let-99	K08E7.3
K08E7.4	K08E7.4
K08E7.5	K08E7.5
K08E7.6	K08E7.6
K08E7.8	K08E7.8
cul-6	K08E7.7
pgp-1	K08E7.9
Y55D9A.2	Y55D9A.2
efa-6	Y55D9A.1
ark-1	C01C7.1
C26H9A.3	C26H9A.3
vha-7	C26H9A.1
wdfy-3	C26H9A.2
C26H9A.4	C26H9A.4
T23B5.4	T23B5.4
T23B5.6	T23B5.6
prmt-9	T23B5.1
T23B5.3	T23B5.3
C27D8.4	C27D8.4
C27D8.3	C27D8.3
C27D8.2	C27D8.2
C27D8.1	C27D8.1
T23F6.1	T23F6.1
T23F6.2	T23F6.2
T23F6.3	T23F6.3
rbd-1	T23F6.4
T23F6.5	T23F6.5
C36H8.1	C36H8.1
inx-6	C36H8.2
flp-9	C36H8.3
ZK897.10	ZK897.10
unc-31	ZK897.1
F07C6.3	F07C6.3
F07C6.2	F07C6.2
F07C6.6	F07C6.6
pin-2	F07C6.1
F07C6.4	F07C6.4
M02B1.4	M02B1.4
M02B1.3	M02B1.3
txt-19	M02B1.2
srf-3	M02B1.1
nstp-5	ZK896.9
gcy-18	ZK896.8
clec-186	ZK896.7
clec-187	ZK896.6
ZK896.1	ZK896.1
ZK896.5	ZK896.5
ZK896.4	ZK896.4
K08D8.6	K08D8.6
K08D8.1	K08D8.1
K08D8.12	K08D8.12
K08D8.11	K08D8.11
K08D8.7	K08D8.7
K08D8.9	K08D8.9
K08D8.10	K08D8.10
K08D8.2	K08D8.2
K08D8.3	K08D8.3
K08D8.4	K08D8.4
K08D8.5	K08D8.5
irg-6	C32H11.1
srz-15	C32H11.2
C32H11.3	C32H11.3
C32H11.4	C32H11.4
C32H11.5	C32H11.5
C32H11.6	C32H11.6
C32H11.8	C32H11.8
C32H11.9	C32H11.9
dod-21	C32H11.10
C32H11.11	C32H11.11
dod-24	C32H11.12
dct-19	C32H11.13
F55G11.1	F55G11.1
F55G11.10	F55G11.10
F55G11.6	F55G11.6
F55G11.7	F55G11.7
F55G11.8	F55G11.8
dod-22	F55G11.5
F55G11.2	F55G11.2
F55G11.4	F55G11.4
dod-17	K10D11.1
K10D11.2	K10D11.2
K10D11.3	K10D11.3
K10D11.6	K10D11.6
K10D11.5	K10D11.5
K10D11.4	K10D11.4
K10D11.7	K10D11.7
mbk-2	F49E11.1
F49E11.2	F49E11.2
amt-2	F49E11.3
scl-9	F49E11.4
scl-10	F49E11.5
scl-11	F49E11.6
F49E11.7	F49E11.7
scl-1	F49E11.9
scl-2	F49E11.10
scl-3	F49E11.11
scl-5	C39E9.2
col-131	C39E9.3
scl-6	C39E9.4
scl-7	C39E9.5
scl-8	C39E9.6
C39E9.7	C39E9.7
C39E9.8	C39E9.8
spin-2	C39E9.10
col-132	C39E9.9
prcc-1	C39E9.11
C39E9.12	C39E9.12
rfc-3	C39E9.13
dli-1	C39E9.14
tin-9.2	B0564.1
exos-4.1	B0564.1
fask-1	B0564.7
rde-11	B0564.11
B0564.2	B0564.2
best-1	B0564.3
best-2	B0564.4
unc-30	B0564.10
B0564.6	B0564.6
B0564.9	B0564.9
spe-43	F09E8.1
nlp-79	F09E8.8
crld-1	F09E8.2
msh-5	F09E8.3
scl-14	F09E8.5
nas-14	F09E8.6
lev-1	F09E8.7
F58D2.3	F58D2.3
F58D2.4	F58D2.4
F58D2.5	F58D2.5
F58D2.2	F58D2.2
C48D1.1	C48D1.1
ced-3	C48D1.2
C48D1.9	C48D1.9
cho-1	C48D1.3
C48D1.5	C48D1.5
JC8.2	JC8.2
tag-115	JC8.13
rpl-12	JC8.3
lin-54	JC8.6
JC8.4	JC8.4
cox-11	JC8.5
JC8.7	JC8.7
ttr-51	JC8.8
ttr-45	JC8.14
bus-12	JC8.12
JC8.16	JC8.16
unc-26	JC8.10
cpsf-3	Y67H2A.1
Y67H2A.10	Y67H2A.10
Y67H2A.2	Y67H2A.2
micu-1	Y67H2A.4
kdp-1	Y67H2A.5
csn-6	Y67H2A.6
Y67H2A.7	Y67H2A.7
fat-1	Y67H2A.8
fat-2	W02A2.1
far-6	W02A2.2
pqn-74	W02A2.3
W02A2.5	W02A2.5
W02A2.9	W02A2.9
W02A2.12	W02A2.12
rec-8	W02A2.6
mex-5	W02A2.7
W02A2.8	W02A2.8
Y62E10A.3	Y62E10A.3
srsx-25	Y62E10A.4
agt-1	Y62E10A.5
rla-2	Y62E10A.1
popl-7	Y62E10A.2
Y62E10A.24	Y62E10A.24
Y62E10A.6	Y62E10A.6
mau-8	Y62E10A.8
emc-3	Y62E10A.10
rab-19	Y62E10A.9
Y62E10A.20	Y62E10A.20
Y62E10A.23	Y62E10A.23
mdt-9	Y62E10A.11
lsm-3	Y62E10A.12
Y62E10A.13	Y62E10A.13
memi-2	Y62E10A.14
cyp-31A5	Y62E10A.15
Y62E10A.19	Y62E10A.19
gcl-1	Y62E10A.16
aptf-2	Y62E10A.17
pik-1	K09B11.1
nol-9	K09B11.2
K09B11.4	K09B11.4
K09B11.5	K09B11.5
mam-3	K09B11.10
uso-1	K09B11.9
Y38H8A.7	Y38H8A.7
Y38H8A.12	Y38H8A.12
fezf-1	Y38H8A.5
Y38H8A.4	Y38H8A.4
Y38H8A.3	Y38H8A.3
Y38H8A.2	Y38H8A.2
tbc-9	Y45F10A.6
Y38H8A.1	Y38H8A.1
Y45F10A.7	Y45F10A.7
nlp-17	Y45F10A.5
seld-1	Y45F10A.4
afmd-2	Y45F10A.3
puf-3	Y45F10A.2
dcap-2	F52G2.1
rsd-2	F52G2.2
F52G2.3	F52G2.3
Y45F10B.13	Y45F10B.13
qui-1	Y45F10B.10
srd-10	Y45F10B.14
Y45F10B.8	Y45F10B.8
sru-16	Y45F10B.4
sru-12	Y45F10B.5
sru-11	Y45F10B.6
Y45F10B.12	Y45F10B.12
sru-9	Y45F10B.11
tsp-5	Y45F10B.1
Y45F10B.3	Y45F10B.3
Y45F10B.9	Y45F10B.9
Y45F10B.59	Y45F10B.59
C08F11.13	C08F11.13
C08F11.3	C08F11.3
C08F11.1	C08F11.1
sru-21	C08F11.4
fbxa-98	C08F11.5
C08F11.7	C08F11.7
ugt-22	C08F11.8
srz-29	C08F11.9
ule-4	C08F11.11
C08F11.10	C08F11.10
C08F11.17	C08F11.17
C08F11.12	C08F11.12
Y45F10C.6	Y45F10C.6
Y45F10C.1	Y45F10C.1
Y45F10C.2	Y45F10C.2
Y45F10C.4	Y45F10C.4
fbxa-215	Y45F10C.3
oac-48	T23G4.4
T23G4.5	T23G4.5
nyn-1	T23G4.3
T23G4.2	T23G4.2
T23G4.127	T23G4.127
tlp-1	T23G4.1
C47A4.1	C47A4.1
ent-4	C47A4.2
C47A4.3	C47A4.3
C47A4.5	C47A4.5
sorb-1	Y45F10D.13
Y45F10D.2	Y45F10D.2
Y45F10D.16	Y45F10D.16
rpl-18	Y45F10D.12
gly-10	Y45F10D.3
lact-9	Y45F10D.11
iscu-1	Y45F10D.4
icap-1	Y45F10D.10
sas-6	Y45F10D.9
Y45F10D.7	Y45F10D.7
Y45F10D.6	Y45F10D.6
Y45F10D.14	Y45F10D.14
Y45F10D.15	Y45F10D.15
rga-5	H08M01.2
H08M01.1	H08M01.1
vamp-8	B0513.9
B0513.90	B0513.90
prdh-1	B0513.5
B0513.4	B0513.4
rpl-29	B0513.3
thoc-7	B0513.2
lin-66	B0513.1
Y37A1A.3	Y37A1A.3
Y37A1A.2	Y37A1A.2
Y37A1A.4	Y37A1A.4
Y37A1B.17	Y37A1B.17
gei-18	Y37A1B.15
tor-2	Y37A1B.13
tor-1	Y37A1B.12
egl-23	Y37A1B.11
srw-63	Y37A1B.10
irld-56	Y37A1B.9
irld-55	Y37A1B.8
Y37A1B.7	Y37A1B.7
semo-1	Y37A1B.5
Y37A1B.4	Y37A1B.4
lst-4	Y37A1B.2
ccar-1	Y37A1B.1
cfp-1	F52B11.1
F52B11.2	F52B11.2
noah-2	F52B11.3
col-133	F52B11.4
F52B11.5	F52B11.5
ins-34	F52B11.6
nkcc-1	Y37A1C.1
H12I19.115	H12I19.115
srz-42	H12I19.1
srz-59	H12I19.7
srz-31	H12I19.2
oac-37	H12I19.4
oac-38	H12I19.5
R05A10.8	R05A10.8
R05A10.7	R05A10.7
R05A10.6	R05A10.6
R05A10.4	R05A10.4
R05A10.3	R05A10.3
R05A10.2	R05A10.2
R05A10.1	R05A10.1
K01G12.22	K01G12.22
K01G12.3	K01G12.3
F02H6.2	F02H6.2
F02H6.3	F02H6.3
sqrd-1	F02H6.5
F02H6.7	F02H6.7
F02H6.6	F02H6.6
Y64G10A.1	Y64G10A.1
Y64G10A.10	Y64G10A.10
Y64G10A.2	Y64G10A.2
srab-24	Y64G10A.8
ilcr-1	Y64G10A.6
Y64G10A.7	Y64G10A.7
fbxa-126	Y67A10A.5
fbxa-83	Y67A10A.4
Y67A10A.3	Y67A10A.3
Y67A10A.2	Y67A10A.2
Y67A10A.11	Y67A10A.11
Y67A10A.10	Y67A10A.10
oac-56	Y67A10A.1
ssu-2	Y67A10A.6
Y67A10A.7	Y67A10A.7
paqr-3	Y67A10A.8
clc-8	Y67A10A.9
xdh-1	F55B11.1
F55B11.6	F55B11.6
F55B11.7	F55B11.7
F55B11.2	F55B11.2
F55B11.3	F55B11.3
F55B11.5	F55B11.5
F55B11.4	F55B11.4
tra-3	LLC1.1
nspg-9	LLC1.2
dld-1	LLC1.3
Y57G11A.4	Y57G11A.4
tag-273	Y57G11A.1
Y57G11A.5	Y57G11A.5
Y57G11A.2	Y57G11A.2
T27E7.1	T27E7.1
srh-63	T27E7.8
T27E7.3	T27E7.3
T27E7.4	T27E7.4
T27E7.5	T27E7.5
pals-29	T27E7.6
T27E7.9	T27E7.9
pals-30	Y57G11B.1
Y57G11B.6	Y57G11B.6
Y57G11B.2	Y57G11B.2
glb-34	Y57G11B.97
Y57G11B.3	Y57G11B.3
Y57G11B.5	Y57G11B.5
Y57G11B.8	Y57G11B.8
irld-18	Y57G11B.7
dmd-6	F13G11.1
irld-4	F13G11.2
ule-2	F13G11.3
Y57G11C.39	Y57G11C.39
talp-3	Y57G11C.32
Y57G11C.33	Y57G11C.33
anoh-2	Y57G11C.37
Y57G11C.31	Y57G11C.31
haf-8	Y57G11C.1
Y57G11C.40	Y57G11C.40
Y57G11C.41	Y57G11C.41
lgc-7	Y57G11C.2
lgc-8	Y57G11C.49
Y57G11C.42	Y57G11C.42
Y57G11C.499	Y57G11C.499
ptp-5.2	Y57G11C.6
Y57G11C.5	Y57G11C.5
vti-1	Y57G11C.4
mrps-7	Y57G11C.34
Y57G11C.3	Y57G11C.3
Y57G11C.43	Y57G11C.43
Y57G11C.44	Y57G11C.44
Y57G11C.36	Y57G11C.36
Y57G11C.51	Y57G11C.51
Y57G11C.8	Y57G11C.8
Y57G11C.1130	Y57G11C.1130
nlp-56	Y57G11C.45
Y57G11C.9	Y57G11C.9
gdi-1	Y57G11C.10
coq-3	Y57G11C.11
nuo-3	Y57G11C.12
Y57G11C.1147	Y57G11C.1147
arl-8	Y57G11C.13
Y57G11C.14	Y57G11C.14
Y57G11C.1142	Y57G11C.1142
oig-5	Y57G11C.50
Y57G11C.46	Y57G11C.46
sec-61.A	Y57G11C.15
rps-18	Y57G11C.16
hhat-2	Y57G11C.17
Y57G11C.22	Y57G11C.22
Y57G11C.20	Y57G11C.20
Y57G11C.52	Y57G11C.52
Y57G11C.23	Y57G11C.23
Y57G11C.38	Y57G11C.38
eps-8	Y57G11C.24
pnc-2	Y57G11C.47
ccch-5	Y57G11C.25
Y57G11C.28	Y57G11C.28
Y57G11C.1131	Y57G11C.1131
Y57G11C.1144	Y57G11C.1144
Y57G11C.30	Y57G11C.30
Y57G11C.48	Y57G11C.48
Y41E3.22	Y41E3.22
Y41E3.1	Y41E3.1
atln-2	Y41E3.3
dpy-4	Y41E3.2
Y41E3.6	Y41E3.6
qars-1	Y41E3.4
Y41E3.7	Y41E3.7
fcd-2	Y41E3.9
Y41E3.8	Y41E3.8
eef-1B.2	Y41E3.10
hrpu-1	Y41E3.11
srt-47	Y41E3.12
Y41E3.19	Y41E3.19
Y41E3.13	Y41E3.13
Y41E3.18	Y41E3.18
srt-48	Y41E3.15
srt-50	Y41E3.17
srt-49	Y41E3.14
srt-44	M199.1
M199.2	M199.2
M199.134	M199.134
M199.135	M199.135
M199.136	M199.136
clec-189	M199.6
M199.7	M199.7
clec-190	M199.4
M199.9	M199.9
col-135	M199.5
M199.8	M199.8
srg-51	Y40H7A.8
str-78	Y40H7A.1
Y40H7A.2	Y40H7A.2
Y40H7A.3	Y40H7A.3
Y40H7A.4	Y40H7A.4
srd-23	Y40H7A.5
sra-30	Y40H7A.6
Y40H7A.10	Y40H7A.10
Y40H7A.11	Y40H7A.11
pkd-2	Y73F8A.1
lgc-52	Y73F8A.2
Y73F8A.36	Y73F8A.36
srj-42	Y73F8A.3
Y73F8A.5	Y73F8A.5
ccg-1	Y73F8A.6
pqn-90	Y73F8A.8
pqn-91	Y73F8A.9
Y73F8A.10	Y73F8A.10
best-21	Y73F8A.11
Y73F8A.12	Y73F8A.12
Y73F8A.13	Y73F8A.13
Y73F8A.14	Y73F8A.14
Y73F8A.15	Y73F8A.15
tbx-39	Y73F8A.16
tbx-40	Y73F8A.17
irld-59	Y73F8A.18
cpna-4	Y73F8A.19
Y73F8A.20	Y73F8A.20
Y73F8A.1159	Y73F8A.1159
nhr-5	Y73F8A.21
Y73F8A.22	Y73F8A.22
Y73F8A.23	Y73F8A.23
gft-2H4	Y73F8A.24
ntl-11	Y73F8A.25
Y73F8A.27	Y73F8A.27
Y73F8A.26	Y73F8A.26
acr-24	Y73F8A.30
Y73F8A.32	Y73F8A.32
ari-1.4	Y73F8A.34
Y73F8A.35	Y73F8A.35
Y105C5A.1	Y105C5A.1
pqn-76	Y105C5A.3
Y105C5A.508	Y105C5A.508
abu-5	Y105C5A.4
pqn-78	Y105C5A.5
pqn-79	Y105C5A.6
Y105C5A.8	Y105C5A.8
Y105C5A.9	Y105C5A.9
Y105C5A.1274	Y105C5A.1274
Y105C5A.10	Y105C5A.10
Y105C5A.13	Y105C5A.13
Y105C5A.12	Y105C5A.12
Y105C5A.1268	Y105C5A.1268
Y105C5A.1272	Y105C5A.1272
Y105C5A.26	Y105C5A.26
Y105C5A.15	Y105C5A.15
Y105C5A.1285	Y105C5A.1285
Y105C5A.1273	Y105C5A.1273
daf-38	Y105C5A.23
Y105C5A.1270	Y105C5A.1270
Y105C5A.1269	Y105C5A.1269
Y105C5A.24	Y105C5A.24
Y105C5B.1	Y105C5B.1
gcy-25	Y105C5B.2
Y105C5B.3	Y105C5B.3
srv-14	Y105C5B.4
Y105C5B.5	Y105C5B.5
srv-15	Y105C5B.6
Y105C5B.8	Y105C5B.8
Y105C5B.9	Y105C5B.9
srv-16	Y105C5B.10
Y105C5B.11	Y105C5B.11
skr-10	Y105C5B.13
ifas-3	Y105C5B.14
Y105C5B.15	Y105C5B.15
lgc-19	Y105C5B.16
Y105C5B.17	Y105C5B.17
Y105C5B.18	Y105C5B.18
Y105C5B.19	Y105C5B.19
Y105C5B.20	Y105C5B.20
jac-1	Y105C5B.21
Y105C5B.1418	Y105C5B.1418
hlh-32	Y105C5B.29
Y105C5B.25	Y105C5B.25
gln-3	Y105C5B.28
Y105C5B.1413	Y105C5B.1413
Y7A9A.1	Y7A9A.1
H25K10.1	H25K10.1
H25K10.2	H25K10.2
srv-11	H25K10.3
H25K10.4	H25K10.4
hpa-1	H25K10.5
irld-39	H25K10.6
srw-61	H25K10.7
F38C2.1	F38C2.1
hlh-17	F38C2.2
hlh-31	F38C2.8
F38C2.4	F38C2.4
F38C2.7	F38C2.7
ccch-2	F38C2.5
clec-191	F38C2.6
srz-75	Y7A9C.9
srz-72	Y7A9C.7
rac-2	K03D3.10
K03D3.5	K03D3.5
srz-61	K03D3.4
srz-104	K03D3.11
srz-105	K03D3.12
K03D3.2	K03D3.2
srz-74	K03D3.1
srz-71	C35D6.10
srz-38	C35D6.9
C35D6.13	C35D6.13
srh-228	C35D6.1
srh-227	C35D6.2
C35D6.3	C35D6.3
C35D6.4	C35D6.4
Y7A9D.1	Y7A9D.1
Y65A5A.24	Y65A5A.24
Y65A5A.1	Y65A5A.1
Y65A5A.2	Y65A5A.2
Y10G11A.1	Y10G11A.1
dlc-3	Y10G11A.2
dlc-4	Y10G11A.3
VY10G11R.1	VY10G11R.1
Y51H4A.1	Y51H4A.1
Y51H4A.938	Y51H4A.938
rho-1	Y51H4A.3
zip-7	Y51H4A.4
Y51H4A.935	Y51H4A.935
Y51H4A.5	Y51H4A.5
Y51H4A.937	Y51H4A.937
Y51H4A.6	Y51H4A.6
Y51H4A.7	Y51H4A.7
Y51H4A.8	Y51H4A.8
col-137	Y51H4A.9
fip-7	Y51H4A.10
fipr-28	Y51H4A.26
Y51H4A.936	Y51H4A.936
fipr-27	Y51H4A.32
Y51H4A.13	Y51H4A.13
set-26	Y51H4A.12
Y51H4A.15	Y51H4A.15
sta-1	Y51H4A.17
Y51H4A.941	Y51H4A.941
Y51H4A.22	Y51H4A.22
Y51H4A.23	Y51H4A.23
Y51H4A.25	Y51H4A.25
Y51H4A.24	Y51H4A.24
Y43D4A.1	Y43D4A.1
Y43D4A.2	Y43D4A.2
Y43D4A.3	Y43D4A.3
Y43D4A.4	Y43D4A.4
Y43D4A.5	Y43D4A.5
Y43D4A.6	Y43D4A.6
clec-193	Y116A8A.3
Y116A8A.2	Y116A8A.2
Y116A8A.4	Y116A8A.4
Y116A8A.6	Y116A8A.6
Y116A8A.7	Y116A8A.7
clec-194	Y116A8A.8
Y116A8A.150	Y116A8A.150
map-2	Y116A8A.9
mel-46	T06A10.1
lsy-13	T06A10.4
gtsf-1	T06A10.3
T06A10.107	T06A10.107
T06A10.106	T06A10.106
T06A10.2	T06A10.2
Y116A8C.3	Y116A8C.3
Y116A8C.469	Y116A8C.469
Y116A8C.468	Y116A8C.468
Y116A8C.470	Y116A8C.470
Y116A8C.463	Y116A8C.463
nep-23	Y116A8C.4
nep-24	Y116A8C.5
Y116A8C.49	Y116A8C.49
Y116A8C.10	Y116A8C.10
Y116A8C.9	Y116A8C.9
arf-6	Y116A8C.12
rad-54.B	Y116A8C.13
rom-3	Y116A8C.14
Y116A8C.11	Y116A8C.11
rom-4	Y116A8C.16
dct-13	Y116A8C.17
nhr-229	Y116A8C.18
Y116A8C.19	Y116A8C.19
Y116A8C.20	Y116A8C.20
clec-195	Y116A8C.21
athp-3	Y116A8C.22
Y116A8C.23	Y116A8C.23
Y116A8C.44	Y116A8C.44
Y116A8C.467	Y116A8C.467
Y116A8C.465	Y116A8C.465
Y116A8C.24	Y116A8C.24
Y116A8C.25	Y116A8C.25
snx-13	Y116A8C.26
snr-1	Y116A8C.42
Y116A8C.43	Y116A8C.43
Y116A8C.27	Y116A8C.27
Y116A8C.29	Y116A8C.29
bca-2	Y116A8C.28
Y116A8C.30	Y116A8C.30
sfa-1	Y116A8C.32
cyn-13	Y116A8C.34
Y116A8C.33	Y116A8C.33
uaf-2	Y116A8C.35
itsn-1	Y116A8C.36
Y116A8C.37	Y116A8C.37
Y116A8C.38	Y116A8C.38
Y116A8C.40	Y116A8C.40
skr-13	C52D10.8
skr-9	C52D10.7
skr-8	C52D10.9
skr-12	C52D10.6
C52D10.3	C52D10.3
col-138	C52D10.13
flp-17	C52D10.11
cnnm-1	C52D10.12
Y116A8B.1	Y116A8B.1
Y116A8B.4	Y116A8B.4
npr-32	Y116A8B.5
ZK550.2	ZK550.2
ZK550.3	ZK550.3
gtf-2E1	ZK550.4
ZK550.5	ZK550.5
ZK550.6	ZK550.6
F26D10.13	F26D10.13
str-187	F26D10.8
atgp-1	F26D10.9
gln-5	F26D10.10
lhfp-4	F26D10.11
clec-196	F26D10.12
hsp-1	F26D10.3
nra-1	T28F3.1
zipt-7.1	T28F3.3
slc-17.4	T28F3.4
T28F3.11	T28F3.11
T28F3.5	T28F3.5
ifta-2	T28F3.6
T28F3.8	T28F3.8
T28F3.9	T28F3.9
snf-9	C49C3.1
C49C3.20	C49C3.20
C49C3.4	C49C3.4
ceh-88	C49C3.5
C49C3.6	C49C3.6
C49C3.7	C49C3.7
C49C3.15	C49C3.15
C49C3.8	C49C3.8
C49C3.10	C49C3.10
C49C3.9	C49C3.9
C49C3.21	C49C3.21
C49C3.11	C49C3.11
clec-197	C49C3.12
clec-198	C49C3.13
clec-199	C30H6.1
clec-202	C30H6.4
zipt-17	C30H6.2
trh-1	C30H6.10
C30H6.5	C30H6.5
haf-1	C30H6.6
C30H6.9	C30H6.9
dlat-2	C30H6.7
C30H6.8	C30H6.8
C30H6.12	C30H6.12
T02D1.8	T02D1.8
sru-15	T02D1.3
T02D1.4	T02D1.4
pmp-4	T02D1.5
T02D1.7	T02D1.7
T02D1.9	T02D1.9
npr-26	T02D1.6
C06A12.3	C06A12.3
lact-6	C06A12.5
gcy-27	C06A12.4
C06A12.8	C06A12.8
C06A12.19	C06A12.19
F08A7.1	F08A7.1
F11E6.11	F11E6.11
F11E6.8	F11E6.8
rif-1.1	F11E6.7
F11E6.10	F11E6.10
F11E6.6	F11E6.6
elo-2	F11E6.5
F11E6.4	F11E6.4
F11E6.3	F11E6.3
gba-3	F11E6.1
F11E6.9	F11E6.9
grl-24	F11E6.2
4R79.2	4R79.2
nas-6	4R79.1
nduo-6	MTCE.3
ndfl-4	MTCE.4
nduo-1	MTCE.11
atp-6	MTCE.12
nduo-2	MTCE.16
ctb-1	MTCE.21
ctc-3	MTCE.23
nduo-4	MTCE.25
ctc-1	MTCE.26
ctc-2	MTCE.31
nduo-3	MTCE.34
nduo-5	MTCE.35
B0348.5	B0348.5
ife-3	B0348.6
B0348.10	B0348.10
egl-8	B0348.4
B0348.2	B0348.2
B0348.1	B0348.1
srt-52	Y38C9B.2
cyp-29A3	Y38C9B.1
Y38C9B.3	Y38C9B.3
daam-1	F56E10.2
rps-27	F56E10.4
picd-1	F56E10.1
cgp-1	Y38C9A.2
W03F9.1	W03F9.1
W03F9.2	W03F9.2
sftb-2	W03F9.10
W03F9.11	W03F9.11
W03F9.9	W03F9.9
srh-82	W03F9.6
W03F9.4	W03F9.4
ttb-1	W03F9.5
cfap-36	Y108G3AL.3
Y108G3AL.2	Y108G3AL.2
cul-3	Y108G3AL.1
arid-1	Y108G3AL.7
trpp-1	DC2.8
lec-12	DC2.3
DC2.5	DC2.5
srh-78	DC2.2
srh-80	DC2.1
kin-33	DC2.7
R02C2.1	R02C2.1
txt-2	R02C2.6
R02C2.7	R02C2.7
kin-34	R02C2.2
oac-39	R02C2.3
str-121	R02C2.5
nhr-204	R02C2.4
lgc-26	Y58G8A.1
nlp-70	Y58G8A.5
npr-5	Y58G8A.4
F33E11.2	F33E11.2
F33E11.3	F33E11.3
phf-10	F33E11.6
nhr-15	F33E11.1
abt-4	Y39D8C.1
dmd-8	T22H9.4
wago-10	T22H9.3
atg-9	T22H9.2
T22H9.1	T22H9.1
mltn-6	Y39D8B.2
mltn-7	Y39D8B.1
mltn-8	Y39D8B.3
ZK6.8	ZK6.8
lipl-5	ZK6.7
ZK6.6	ZK6.6
nhr-254	ZK6.5
nhr-253	ZK6.4
scl-27	ZK6.3
srh-62	ZK6.9
nhr-252	ZK6.2
dod-19	ZK6.10
ZK6.11	ZK6.11
Y39D8A.1	Y39D8A.1
dod-20	B0554.6
B0554.5	B0554.5
B0554.4	B0554.4
B0554.2	B0554.2
B0554.7	B0554.7
B0554.1	B0554.1
srh-33	M02H5.9
srh-34	M02H5.10
srh-35	M02H5.11
M02H5.8	M02H5.8
nhr-123	M02H5.7
nhr-98	M02H5.6
nhr-203	M02H5.5
nhr-202	M02H5.4
nhr-201	M02H5.3
srbc-57	M02H5.12
srt-31	M02H5.2
nhr-99	M02H5.1
nhr-55	T01G6.7
nhr-130	T01G6.8
nhr-212	T01G6.6
nhr-211	T01G6.5
nhr-106	T01G6.4
str-196	T01G6.3
nhr-131	T01G6.2
T01G6.1	T01G6.1
str-256	T01G6.9
T01G6.10	T01G6.10
pqn-60	R11G11.7
R11G11.6	R11G11.6
srh-37	R11G11.9
nhr-210	R11G11.12
srw-107	R11G11.13
lipl-3	R11G11.14
R11G11.16	R11G11.16
srw-108	R11G11.5
nhr-58	R11G11.2
nhr-132	R11G11.1
C14C6.5	C14C6.5
nhr-155	C14C6.4
C14C6.3	C14C6.3
C14C6.6	C14C6.6
C14C6.8	C14C6.8
srx-8	C14C6.9
srx-7	C14C6.1
C14C6.2	C14C6.2
sri-73	C14C6.10
sri-72	C14C6.11
C14C6.13	C14C6.13
K06H6.5	K06H6.5
K06H6.4	K06H6.4
nstp-7	K06H6.3
K06H6.2	K06H6.2
K06H6.1	K06H6.1
ZK488.6	ZK488.6
ZK488.5	ZK488.5
nhr-251	ZK488.4
pqn-98	ZK488.7
srw-109	ZK488.9
pqn-97	ZK488.10
nhr-90	ZK488.2
F48G7.13	F48G7.13
F48G7.4	F48G7.4
F48G7.5	F48G7.5
srt-17	F48G7.6
F48G7.7	F48G7.7
F48G7.8	F48G7.8
F48G7.9	F48G7.9
F48G7.10	F48G7.10
pals-31	F48G7.2
srj-37	F48G7.1
nhr-190	F48G7.11
F48G7.12	F48G7.12
ugt-42	F31F4.7
srj-5	F31F4.16
srj-6	F31F4.8
srh-245	F31F4.9
srh-246	F31F4.18
F31F4.17	F31F4.17
F31F4.11	F31F4.11
srh-266	F31F4.6
nhr-180	F31F4.12
sru-24	F31F4.13
sru-25	F31F4.14
fbxa-72	F31F4.15
srx-21	F31F4.4
srx-22	F31F4.3
srx-23	F31F4.2
F31F4.1	F31F4.1
H25P19.1	H25P19.1
srx-4	Y49C4A.5
srj-53	Y49C4A.6
srj-52	Y49C4A.7
ugt-29	Y49C4A.8
srx-5	Y49C4A.4
srbc-37	Y49C4A.3
srbc-38	Y49C4A.2
srbc-39	Y49C4A.1
cyp-33C11	Y49C4A.9
srbc-40	H24O09.1
fbxb-72	H24O09.2
icl-1	C05E4.9
srh-2	C05E4.14
srj-25	C05E4.10
srj-24	C05E4.11
C05E4.7	C05E4.7
str-134	C05E4.6
sri-4	C05E4.4
str-262	C05E4.13
srp-1	C05E4.3
str-20	C05E4.2
C05E4.15	C05E4.15
C05E4.12	C05E4.12
srp-2	C05E4.1
str-238	R09E12.4
sti-1	R09E12.3
srbc-58	R09E12.2
R09E12.9	R09E12.9
srbc-59	R09E12.1
srbc-60	R09E12.8
srab-16	R13D11.6
nhr-270	R13D11.8
R13D11.4	R13D11.4
R13D11.10	R13D11.10
R13D11.3	R13D11.3
R13D11.1	R13D11.1
srx-32	R13D11.9
srx-31	F41H8.4
F41H8.2	F41H8.2
F41H8.1	F41H8.1
K09C6.7	K09C6.7
K09C6.10	K09C6.10
K09C6.8	K09C6.8
srbc-13	K09C6.5
srbc-12	K09C6.4
K09C6.3	K09C6.3
K09C6.9	K09C6.9
K09C6.2	K09C6.2
T02B11.3	T02B11.3
T02B11.4	T02B11.4
T02B11.9	T02B11.9
T02B11.8	T02B11.8
srg-53	T02B11.1
srj-38	T02B11.5
T02B11.6	T02B11.6
T02B11.11	T02B11.11
T02B11.12	T02B11.12
T02B11.13	T02B11.13
T02B11.10	T02B11.10
nas-32	T02B11.7
fmo-5	H24K24.5
trm-2A	H24K24.4
adh-5	H24K24.3
H24K24.2	H24K24.2
Y50D4C.3	Y50D4C.3
Y50D4C.6	Y50D4C.6
sqv-6	Y50D4C.4
Y50D4C.12	Y50D4C.12
unc-34	Y50D4C.1
Y50D4C.5	Y50D4C.5
ergo-1	R09A1.1
pei-2	R09A1.2
R09A1.3	R09A1.3
flp-34	R09A1.5
nra-4	C02E11.1
K10C9.4	K10C9.4
rnst-2	K10C9.3
str-67	K10C9.6
K10C9.7	K10C9.7
K10C9.1	K10C9.1
Y50D4B.6	Y50D4B.6
clec-203	Y50D4B.5
Y50D4B.4	Y50D4B.4
Y50D4B.2	Y50D4B.2
Y50D4B.1	Y50D4B.1
W07B8.4	W07B8.4
cpr-5	W07B8.5
cpr-8	W07B8.1
cutl-22	T21H3.4
cmd-1	T21H3.3
T21H3.5	T21H3.5
ptr-16	T21H3.2
T21H3.1	T21H3.1
F25A2.1	F25A2.1
Y50D4A.4	Y50D4A.4
wrb-1	Y50D4A.2
Y50D4A.6	Y50D4A.6
Y50D4A.5	Y50D4A.5
Y50D4A.1	Y50D4A.1
Y50D4A.10	Y50D4A.10
madd-2	C39F7.2
C39F7.1	C39F7.1
rab-1	C39F7.4
C39F7.5	C39F7.5
Y75B7B.1	Y75B7B.1
Y75B7B.2	Y75B7B.2
tank-1	ZK1005.1
egl-2	F16B3.1
F16B3.2	F16B3.2
F16B3.3	F16B3.3
Y75B7AL.2	Y75B7AL.2
glb-33	Y75B7AL.1
snt-3	Y75B7AL.3
rga-4	Y75B7AL.4
Y75B7AR.1	Y75B7AR.1
snt-5	R12A1.2
R12A1.3	R12A1.3
ges-1	R12A1.4
R09B5.11	R09B5.11
cnc-11	R09B5.13
cnc-1	R09B5.2
cnc-5	R09B5.10
cnc-4	R09B5.9
cnc-3	R09B5.8
cnc-2	R09B5.3
srj-23	R09B5.7
chil-14	R09B5.12
hacd-1	R09B5.6
fpn-1.2	R09B5.4
pqn-54	R09B5.5
gid-8	F53E2.1
F53E2.2	F53E2.2
unc-60	C38C3.5
C38C3.4	C38C3.4
C38C3.6	C38C3.6
C38C3.10	C38C3.10
C38C3.3	C38C3.3
sru-27	C38C3.2
sru-28	C38C3.1
nhr-260	C38C3.9
str-240	K02H11.2
str-243	K02H11.7
str-236	K02H11.3
K02H11.4	K02H11.4
trx-5	K02H11.6
K02H11.9	K02H11.9
oac-31	F52F10.3
oac-32	F52F10.4
F52F10.2	F52F10.2
srsx-8	F52F10.5
cdc-25.2	F16B4.8
F16B4.7	F16B4.7
F16B4.6	F16B4.6
F16B4.5	F16B4.5
F16B4.4	F16B4.4
F16B4.2	F16B4.2
nhr-178	F16B4.9
nhr-177	F16B4.1
srbc-41	F16B4.10
nhr-179	F16B4.11
nhr-117	F16B4.12
nhr-110	Y46H3D.5
nhr-237	Y46H3D.6
nhr-238	Y46H3D.7
Y46H3D.8	Y46H3D.8
irld-17	Y46H3D.4
str-222	Y46H3D.3
str-221	Y46H3D.2
Y46H3D.1	Y46H3D.1
alh-2	K04F1.15
irld-45	K04F1.14
irld-44	K04F1.13
irld-11	K04F1.12
irld-40	K04F1.10
K04F1.9	K04F1.9
K04F1.8	K04F1.8
irld-42	K04F1.7
srw-98	K04F1.3
srw-91	K04F1.4
srh-3	K04F1.5
srh-5	K04F1.16
Y46H3C.5	Y46H3C.5
Y46H3C.7	Y46H3C.7
srw-90	Y46H3C.3
srw-99	Y46H3C.2
srw-100	Y46H3C.1
srw-103	ZK697.5
srw-102	ZK697.12
srw-101	ZK697.13
sri-27	ZK697.4
gst-21	ZK697.6
str-160	ZK697.10
srab-25	ZK697.7
nhr-256	ZK697.2
ZK697.8	ZK697.8
srh-199	ZK697.11
ZK697.1	ZK697.1
ZK697.14	ZK697.14
clec-204	Y46H3B.2
clec-205	Y46H3B.1
dhs-13	F36H9.3
F36H9.7	F36H9.7
F36H9.4	F36H9.4
F36H9.5	F36H9.5
F36H9.2	F36H9.2
F36H9.1	F36H9.1
F36H9.10	F36H9.10
srt-41	F36H9.6
hsp-16.2	Y46H3A.3
hsp-16.41	Y46H3A.2
srt-42	Y46H3A.1
Y46H3A.4	Y46H3A.4
Y46H3A.5	Y46H3A.5
gly-7	Y46H3A.6
mrpl-39	Y46H3A.7
Y32G9B.1	Y32G9B.1
T10B5.8	T10B5.8
T10B5.7	T10B5.7
T10B5.10	T10B5.10
T10B5.3	T10B5.3
knl-3	T10B5.6
T10B5.4	T10B5.4
cct-7	T10B5.5
zig-11	Y32G9A.8
nphp-2	Y32G9A.6
Y32G9A.5	Y32G9A.5
srp-3	Y32G9A.4
Y32G9A.3	Y32G9A.3
Y32G9A.2	Y32G9A.2
Y32G9A.12	Y32G9A.12
gst-37	Y32G9A.1
T06A1.1	T06A1.1
T06A1.5	T06A1.5
glb-25	T06A1.4
fipr-25	T06A1.7
Y40B10B.1	Y40B10B.1
srj-15	Y40B10B.2
acs-3	T08B1.6
fbxa-201	T08B1.5
T08B1.4	T08B1.4
T08B1.1	T08B1.1
tnt-4	T08B1.2
alh-5	T08B1.3
clec-206	F59A7.1
cysl-4	F59A7.9
F59A7.7	F59A7.7
F59A7.11	F59A7.11
F59A7.2	F59A7.2
F59A7.14	F59A7.14
F59A7.5	F59A7.5
srab-13	F59A7.3
F59A7.12	F59A7.12
hil-6	F59A7.4
srab-23	Y40B10A.3
Y40B10A.5	Y40B10A.5
comt-4	Y40B10A.6
Y40B10A.11	Y40B10A.11
comt-5	Y40B10A.7
comt-3	Y40B10A.2
nhr-86	Y40B10A.8
lbp-9	Y40B10A.1
Y40B10A.9	Y40B10A.9
F36F12.3	F36F12.3
ztf-28	F36F12.8
F36F12.2	F36F12.2
clec-207	F36F12.5
clec-208	F36F12.6
F36F12.7	F36F12.7
F36F12.1	F36F12.1
F22F7.4	F22F7.4
ckb-4	F22F7.5
F22F7.3	F22F7.3
bgnt-1.2	F22F7.6
F22F7.11	F22F7.11
F22F7.8	F22F7.8
F22F7.2	F22F7.2
ldp-1	F22F7.1
F22F7.7	F22F7.7
F22F7.12	F22F7.12
str-52	C45H4.12
srbc-20	C45H4.11
C45H4.21	C45H4.21
C45H4.13	C45H4.13
srbc-24	C45H4.10
srbc-23	C45H4.9
srbc-21	C45H4.7
srbc-22	C45H4.8
C45H4.14	C45H4.14
str-255	C45H4.15
srbc-19	C45H4.16
C45H4.18	C45H4.18
srbc-17	C45H4.3
cyp-33C1	C45H4.2
srbc-16	C45H4.1
cyp-33C2	C45H4.17
Y5H2B.3	Y5H2B.3
srbc-42	Y5H2B.4
nhr-13	Y5H2B.2
cyp-32B1	Y5H2B.5
cyp-33C12	Y5H2B.6
srt-40	Y5H2B.7
svh-11	Y5H2B.1
nhr-133	F44C8.8
nhr-184	F44C8.9
nstp-8	F44C8.7
nhr-56	F44C8.6
nhr-128	F44C8.5
nhr-103	F44C8.4
nhr-18	F44C8.3
nhr-126	F44C8.10
nhr-134	F44C8.2
nhr-96	F44C8.11
cyp-33C4	F44C8.1
cyp-33C3	F41B5.4
cyp-33C5	F41B5.3
cyp-33C6	F41B5.7
cyp-33C7	F41B5.2
str-253	F41B5.8
F41B5.1	F41B5.1
nhr-182	F41B5.9
F41B5.12	F41B5.12
nhr-183	F41B5.10
nhr-275	Y5H2A.2
Y5H2A.1	Y5H2A.1
Y5H2A.4	Y5H2A.4
abu-4	Y5H2A.3
nhr-59	T27B7.1
fbxa-137	T27B7.7
nhr-228	T27B7.6
nhr-227	T27B7.5
nhr-225	T27B7.2
nhr-115	T27B7.4
nhr-226	T27B7.3
Y19D10B.8	Y19D10B.8
irld-15	Y19D10B.3
Y19D10B.6	Y19D10B.6
pud-1.2	Y19D10B.7
pud-2.2	F15E11.14
pud-3	F15E11.15
pud-4	F15E11.12
pud-2.1	F15E11.1
pud-1.1	F15E11.13
irld-32	F15E11.11
irld-28	F15E11.2
irld-29	F15E11.3
irld-30	F15E11.4
irld-53	Y19D10A.7
clec-209	Y19D10A.9
Y19D10A.8	Y19D10A.8
Y19D10A.6	Y19D10A.6
Y19D10A.11	Y19D10A.11
mct-1	Y19D10A.12
Y19D10A.5	Y19D10A.5
Y19D10A.4	Y19D10A.4
Y19D10A.16	Y19D10A.16
srd-75	Y19D10A.15
Y19D10A.2	Y19D10A.2
str-265	Y19D10A.13
Y19D10A.1	Y19D10A.1
Y19D10A.17	Y19D10A.17
srd-60	C13B7.3
C13B7.6	C13B7.6
srd-71	C13B7.4
str-119	C13B7.5
str-120	C13B7.2
srt-1	C13B7.1
F56A4.5	F56A4.5
F56A4.4	F56A4.4
str-267	F56A4.7
F56A4.3	F56A4.3
irld-35	F56A4.9
F56A4.2	F56A4.2
F56A4.10	F56A4.10
nas-2	F56A4.1
F56A4.12	F56A4.12
mct-2	C01B4.9
C01B4.8	C01B4.8
C01B4.7	C01B4.7
C01B4.6	C01B4.6
srd-61	C01B4.5
str-258	C01B4.3
str-76	C01B4.10
str-257	C01B4.1
srbc-81	Y45G12C.8
srd-73	Y45G12C.7
Y45G12C.16	Y45G12C.16
srd-72	Y45G12C.9
Y45G12C.10	Y45G12C.10
Y45G12C.6	Y45G12C.6
srt-2	Y45G12C.5
Y45G12C.4	Y45G12C.4
Y45G12C.3	Y45G12C.3
str-154	Y45G12C.12
gst-10	Y45G12C.2
Y45G12C.1	Y45G12C.1
srj-19	Y45G12C.14
srj-20	Y45G12C.15
nhr-290	C29G2.5
srt-4	C29G2.4
C29G2.3	C29G2.3
C29G2.6	C29G2.6
irg-3	F53E10.4
F53E10.5	F53E10.5
F53E10.6	F53E10.6
acr-17	F53E10.2
F53E10.1	F53E10.1
srh-271	W02H5.6
sknr-1	W02H5.7
W02H5.16	W02H5.16
W02H5.11	W02H5.11
W02H5.19	W02H5.19
W02H5.2	W02H5.2
W02H5.8	W02H5.8
angl-1	W02G9.5
ndx-2	W02G9.1
W02G9.4	W02G9.4
kel-8	W02G9.2
W02G9.3	W02G9.3
Y45G12B.3	Y45G12B.3
Y45G12B.2	Y45G12B.2
nuo-5	Y45G12B.1
C24B9.3	C24B9.3
srt-28	C24B9.4
srt-29	C24B9.5
srt-27	C24B9.6
srg-60	C24B9.15
srg-59	C24B9.7
str-13	C24B9.8
str-33	C24B9.1
dod-3	C24B9.9
srg-57	C24B9.14
srg-56	C24B9.10
srg-61	C24B9.11
srg-62	C24B9.12
srx-24	C24B9.16
srx-26	R05D8.4
srx-28	R05D8.5
srg-58	R05D8.6
R05D8.7	R05D8.7
dhs-14	R05D8.8
R05D8.9	R05D8.9
dhs-15	R05D8.10
srh-56	R05D8.3
srj-18	R05D8.2
R05D8.11	R05D8.11
ketn-1	F54E2.3
F54E2.2	F54E2.2
F54E2.1	F54E2.1
F54E2.9	F54E2.9
F54E2.5	F54E2.5
srt-34	F54E2.6
srh-36	T03D3.4
T03D3.5	T03D3.5
srw-2	T03D3.3
srj-50	T03D3.2
srj-45	T03D3.6
srj-44	T03D3.11
srj-49	T03D3.12
ugt-53	T03D3.1
srj-57	T03D3.14
srj-55	Y45G12A.1
srj-54	F37B4.11
srh-270	F37B4.5
srh-272	F37B4.4
srh-240	F37B4.13
srh-241	F37B4.6
srh-243	F37B4.3
folt-2	F37B4.7
F37B4.10	F37B4.10
str-39	F37B4.12
ifc-1	F37B4.2
sre-24	F37B4.9
srw-4	F37B4.8
F37B4.15	F37B4.15
srh-127	F37B4.1
pals-32	C31B8.4
str-46	C31B8.6
C31B8.7	C31B8.7
zmp-3	C31B8.8
C31B8.9	C31B8.9
srh-146	C31B8.3
srh-38	C31B8.11
C31B8.12	C31B8.12
C31B8.16	C31B8.16
C31B8.1	C31B8.1
srh-247	C31B8.13
srw-141	H27D07.2
srw-143	H27D07.3
srw-137	H27D07.4
srh-87	H27D07.6
srw-122	H27D07.5
srh-248	H05B21.2
srw-142	H05B21.3
srw-144	H05B21.4
srw-138	C44C3.3
srh-88	C44C3.9
srw-129	C44C3.2
srw-123	C44C3.11
srw-124	C44C3.1
srw-118	C44C3.5
srw-117	C44C3.6
srw-139	C44C3.7
srh-85	C44C3.8
srw-121	K12D9.3
srw-115	K12D9.4
srw-120	K12D9.5
srw-119	K12D9.7
srw-112	K12D9.9
srw-136	K12D9.10
srw-135	K12D9.11
K12D9.1	K12D9.1
irld-12	K12D9.14
asp-8	F59D6.3
asp-7	F59D6.2
irld-38	F59D6.4
srw-8	F59D6.5
chpf-2	F59D6.7
F59D6.1	F59D6.1
C50H11.8	C50H11.8
str-244	C50H11.9
srt-15	C50H11.10
srt-16	C50H11.11
srh-185	C50H11.7
str-40	C50H11.12
C50H11.13	C50H11.13
srt-5	C50H11.14
srt-7	C50H11.4
srt-8	C50H11.2
acs-21	C50H11.1
cyp-33C9	C50H11.15
Y73C8C.4	Y73C8C.4
str-66	Y73C8C.5
str-69	Y73C8C.11
str-68	Y73C8C.6
Y73C8C.8	Y73C8C.8
Y73C8C.3	Y73C8C.3
clec-210	Y73C8C.2
srt-56	Y73C8C.9
Y73C8C.12	Y73C8C.12
Y73C8C.10	Y73C8C.10
tat-6	F02C9.3
F02C9.2	F02C9.2
irld-3	F02C9.4
F02C9.1	F02C9.1
srab-9	C36C5.6
srab-10	C36C5.7
srab-11	C36C5.8
srab-6	C36C5.10
srab-7	C36C5.11
C36C5.5	C36C5.5
C36C5.12	C36C5.12
C36C5.14	C36C5.14
C36C5.4	C36C5.4
C36C5.15	C36C5.15
srbc-6	C36C5.3
srab-8	C36C5.2
lag-2	Y73C8B.4
Y73C8B.3	Y73C8B.3
Y73C8B.2	Y73C8B.2
Y73C8B.9	Y73C8B.9
Y73C8B.1	Y73C8B.1
Y73C8B.5	Y73C8B.5
K08D9.4	K08D9.4
apx-1	K08D9.3
K08D9.2	K08D9.2
K08D9.10	K08D9.10
K08D9.6	K08D9.6
K08D9.9	K08D9.9
str-16	Y73C8A.1
srj-11	T28A11.12
gst-23	T28A11.11
srj-7	T28A11.10
srj-8	T28A11.9
T28A11.13	T28A11.13
srt-63	T28A11.15
T28A11.22	T28A11.22
T28A11.16	T28A11.16
srbc-5	T28A11.7
T28A11.17	T28A11.17
T28A11.18	T28A11.18
T28A11.19	T28A11.19
T28A11.20	T28A11.20
T28A11.4	T28A11.4
T28A11.3	T28A11.3
fbxa-64	T28A11.21
T28A11.2	T28A11.2
T28A11.25	T28A11.25
str-64	T28A11.1
F35F10.5	F35F10.5
F35F10.7	F35F10.7
F35F10.6	F35F10.6
srx-122	F35F10.8
srbc-1	F35F10.9
srbc-3	F35F10.2
arrd-18	F35F10.11
arrd-19	F35F10.12
F35F10.1	F35F10.1
F35F10.13	F35F10.13
F35F10.14	F35F10.14
C17B7.14	C17B7.14
C17B7.8	C17B7.8
C17B7.9	C17B7.9
C17B7.5	C17B7.5
C17B7.4	C17B7.4
C17B7.10	C17B7.10
C17B7.3	C17B7.3
fbxa-65	C17B7.11
C17B7.15	C17B7.15
str-63	C17B7.1
C17B7.12	C17B7.12
scrm-3	C04E12.7
C04E12.5	C04E12.5
C04E12.4	C04E12.4
C04E12.2	C04E12.2
srx-121	C04E12.8
srbc-2	C04E12.9
T20D4.15	T20D4.15
T20D4.12	T20D4.12
T20D4.11	T20D4.11
T20D4.10	T20D4.10
T20D4.7	T20D4.7
arrd-22	T20D4.6
txt-11	T20D4.5
T20D4.3	T20D4.3
srab-21	T20D4.18
srab-22	T20D4.2
srab-20	T20D4.1
T20D4.19	T20D4.19
srj-9	T20C4.1
cfz-2	F27E11.3
slc-28.2	F27E11.2
slc-28.1	F27E11.1
gst-33	C02A12.1
srbc-29	C02A12.2
oac-2	C02A12.8
srbc-31	C02A12.9
srbc-30	C02A12.3
lys-7	C02A12.4
srbc-33	C02A12.10
srbc-32	C02A12.5
srbc-36	C02A12.6
C07G3.15	C07G3.15
C07G3.8	C07G3.8
C07G3.10	C07G3.10
ugt-64	C07G3.9
str-225	C07G3.6
str-228	C07G3.5
str-226	C07G3.4
str-227	C07G3.3
irg-1	C07G3.2
T24A6.7	T24A6.7
str-260	T24A6.6
srbc-66	T24A6.5
nhr-221	T24A6.8
nhr-93	T24A6.9
srbc-67	T24A6.10
nhr-222	T24A6.11
srbc-68	T24A6.13
srw-130	T24A6.14
sri-21	T24A6.4
grl-28	T24A6.15
T24A6.20	T24A6.20
grl-29	T24A6.18
grl-30	T24A6.3
grl-31	T24A6.19
T24A6.1	T24A6.1
T24A6.16	T24A6.16
T24A6.17	T24A6.17
F40C5.2	F40C5.2
F40C5.1	F40C5.1
grl-27	F40C5.3
pygl-1	T22F3.3
rpl-11.1	T22F3.4
T22F3.2	T22F3.2
T22F3.12	T22F3.12
srh-213	T22F3.5
srh-212	T22F3.6
T22F3.7	T22F3.7
T22F3.8	T22F3.8
T22F3.10	T22F3.10
T22F3.11	T22F3.11
srx-93	F59B1.3
F59B1.4	F59B1.4
F59B1.6	F59B1.6
F59B1.2	F59B1.2
srx-41	F59B1.7
F59B1.8	F59B1.8
F59B1.10	F59B1.10
str-114	F59B1.1
acr-23	F59B1.9
str-113	Y39H10B.1
Y39H10B.2	Y39H10B.2
Y39H10B.3	Y39H10B.3
pals-33	W08A12.4
W08A12.3	W08A12.3
W08A12.2	W08A12.2
unc-132	W08A12.1
lin-40	T27C4.4
T27C4.1	T27C4.1
str-30	T27C4.3
hpo-36	T27C4.2
mtm-9	Y39H10A.3
gid-7	Y39H10A.6
chk-1	Y39H10A.7
oac-55	Y39H10A.2
Y39H10A.1	Y39H10A.1
R08E5.4	R08E5.4
R08E5.1	R08E5.1
R08E5.3	R08E5.3
cysl-3	R08E5.2
R08F11.1	R08F11.1
R08F11.7	R08F11.7
srt-30	R08F11.2
cyp-33C8	R08F11.3
R08F11.4	R08F11.4
srw-7	R08F11.5
srw-6	H10D18.3
scl-13	H10D18.4
scl-12	H10D18.2
H10D18.5	H10D18.5
H10D18.1	H10D18.1
ugt-32	F47C10.6
nhr-185	F47C10.1
nhr-186	F47C10.3
nhr-188	F47C10.7
nhr-189	F47C10.8
nhr-187	F47C10.4
nhr-157	C17E7.5
nhr-158	C17E7.6
nhr-159	C17E7.7
nhr-124	C17E7.8
C17E7.13	C17E7.13
C17E7.9	C17E7.9
C17E7.12	C17E7.12
C17E7.4	C17E7.4
sre-9	C17E7.3
irld-22	C17E7.10
str-229	C17E7.11
srh-190	C17E7.2
nhr-156	C17E7.1
srx-68	K07C6.11
srx-67	K07C6.10
srx-66	K07C6.9
srx-65	K07C6.8
srx-64	K07C6.7
srx-63	K07C6.6
cyp-35A5	K07C6.5
cyp-35B1	K07C6.4
cyp-35B2	K07C6.3
cyp-35B3	K07C6.2
dach-1	T09H2.1
str-247	B0213.9
cyp-34A5	B0213.10
cyp-34A6	B0213.11
cyp-34A7	B0213.12
cyp-34A8	B0213.14
cyp-34A9	B0213.15
cyp-34A10	B0213.16
str-82	B0213.8
str-83	B0213.7
nlp-34	B0213.17
nlp-31	B0213.6
nlp-30	B0213.5
nlp-29	B0213.4
nlp-28	B0213.3
nlp-27	B0213.2
K09D9.9	K09D9.9
srx-62	K09D9.10
srh-8	K09D9.8
srh-7	K09D9.7
srh-4	K09D9.6
srw-89	K09D9.13
K09D9.3	K09D9.3
K09D9.14	K09D9.14
cyp-35A3	K09D9.2
K09D9.1	K09D9.1
cyp-35A4	C49G7.8
C49G7.7	C49G7.7
C49G7.13	C49G7.13
C49G7.12	C49G7.12
C49G7.10	C49G7.10
irg-2	C49G7.5
phat-3	C49G7.4
phat-7	C49G7.3
srh-169	C49G7.2
djr-1.2	C49G7.11
otpl-2	D1065.1
srh-211	D1065.5
F38H12.5	F38H12.5
nhr-181	F38H12.3
srj-40	F38H12.2
srj-39	F38H12.1
T05B4.14	T05B4.14
srw-134	T05B4.7
srw-133	T05B4.6
T05B4.8	T05B4.8
T05B4.9	T05B4.9
T05B4.10	T05B4.10
phat-5	T05B4.11
T05B4.12	T05B4.12
T05B4.13	T05B4.13
phat-4	T05B4.3
nhr-57	T05B4.2
lgc-1	T05B4.1
lgc-29	Y45G5AL.2
Y45G5AL.1	Y45G5AL.1
Y45G5AM.6	Y45G5AM.6
Y45G5AM.5	Y45G5AM.5
Y45G5AM.4	Y45G5AM.4
Y45G5AM.3	Y45G5AM.3
Y45G5AM.7	Y45G5AM.7
coh-4	Y45G5AM.8
pid-5	Y45G5AM.2
Y45G5AM.9	Y45G5AM.9
nhr-114	Y45G5AM.1
algn-5	H43I07.3
rpac-40	H43I07.2
H43I07.1	H43I07.1
H43I07.4	H43I07.4
nlp-9	E03D2.2
nlp-13	E03D2.1
srh-204	E03D2.3
srt-12	E03D2.4
srt-13	ZC142.1
srt-14	ZC142.2
srt-3	F47D2.3
srt-35	F47D2.4
srt-36	F47D2.5
srt-38	F47D2.6
srt-20	F47D2.7
srt-37	F47D2.8
srt-19	F47D2.1
srh-193	F47D2.9
srh-194	F47D2.10
F47D2.11	F47D2.11
ZC132.11	ZC132.11
ZC132.3	ZC132.3
srh-192	ZC132.7
ZC132.9	ZC132.9
R02D1.2	R02D1.2
nhr-125	R02D1.1
D2063.1	D2063.1
oac-12	D2063.2
irld-1	D2063.4
glrx-3	D2063.3
figl-1	F32D1.1
hpo-18	F32D1.2
mcm-7	F32D1.10
F32D1.3	F32D1.3
grl-13	F32D1.4
F32D1.11	F32D1.11
gmpr-1	F32D1.5
fipp-1	F32D1.9
neg-1	F32D1.6
F32D1.7	F32D1.7
F32D1.8	F32D1.8
F13A2.1	F13A2.1
F13A2.2	F13A2.2
F13A2.10	F13A2.10
F13A2.9	F13A2.9
F13A2.3	F13A2.3
F13A2.4	F13A2.4
F13A2.5	F13A2.5
nhr-118	F13A2.8
Y47D7A.3	Y47D7A.3
Y47D7A.17	Y47D7A.17
grl-5	Y47D7A.5
Y47D7A.18	Y47D7A.18
Y47D7A.6	Y47D7A.6
Y47D7A.7	Y47D7A.7
Y47D7A.2	Y47D7A.2
skr-14	Y47D7A.8
skr-7	Y47D7A.1
Y47D7A.9	Y47D7A.9
Y47D7A.19	Y47D7A.19
Y47D7A.11	Y47D7A.11
Y47D7A.12	Y47D7A.12
Y47D7A.15	Y47D7A.15
Y47D7A.13	Y47D7A.13
rft-1	Y47D7A.16
rft-2	Y47D7A.14
gnrr-5	H22D07.1
T08H10.3	T08H10.3
str-35	T08H10.2
exc-15	T08H10.1
unc-62	T28F12.2
T28F12.1	T28F12.1
sos-1	T28F12.3
Y61A9LA.12	Y61A9LA.12
Y61A9LA.7	Y61A9LA.7
Y61A9LA.4	Y61A9LA.4
sut-2	Y61A9LA.8
Y61A9LA.3	Y61A9LA.3
hpo-39	Y61A9LA.9
Y61A9LA.1	Y61A9LA.1
txt-6	Y61A9LA.11
Y61A9LA.10	Y61A9LA.10
F54D11.4	F54D11.4
sumv-2	F54D11.2
pmt-2	F54D11.1
soc-1	F41F3.2
F41F3.3	F41F3.3
F41F3.8	F41F3.8
col-139	F41F3.4
F41F3.1	F41F3.1
F41F3.9	F41F3.9
srx-74	F41F3.6
srx-73	F41F3.7
srx-77	K03B4.5
K03B4.9	K03B4.9
K03B4.8	K03B4.8
K03B4.6	K03B4.6
K03B4.4	K03B4.4
taf-10	K03B4.3
K03B4.2	K03B4.2
K03B4.1	K03B4.1
cpg-8	K03B4.7
ZC266.1	ZC266.1
oac-24	F39G3.6
prx-6	F39G3.7
F39G3.5	F39G3.5
F39G3.4	F39G3.4
tig-2	F39G3.8
F39G3.3	F39G3.3
F39G3.2	F39G3.2
ugt-61	F39G3.1
C18G1.7	C18G1.7
C18G1.6	C18G1.6
hil-4	C18G1.5
pgl-3	C18G1.4
bgnt-1.4	C18G1.3
C18G1.8	C18G1.8
C18G1.9	C18G1.9
elt-7	C18G1.2
C18G1.1	C18G1.1
Y60C6A.1	Y60C6A.1
Y60C6A.2	Y60C6A.2
Y60C6A.3	Y60C6A.3
R02F11.9	R02F11.9
R02F11.10	R02F11.10
R02F11.12	R02F11.12
R02F11.11	R02F11.11
R02F11.2	R02F11.2
R02F11.1	R02F11.1
R02F11.3	R02F11.3
R02F11.4	R02F11.4
adss-1	C37H5.6
hsp-6	C37H5.8
C37H5.5	C37H5.5
C37H5.14	C37H5.14
nas-9	C37H5.9
cwp-1	C37H5.10
cwp-2	C37H5.11
cwp-3	C37H5.4
abhd-5.2	C37H5.3
abhd-5.1	C37H5.2
nex-4	C37H5.1
C37H5.13	C37H5.13
srd-32	T19H12.5
srd-33	T19H12.4
T19H12.6	T19H12.6
T19H12.15	T19H12.15
str-32	T19H12.7
T19H12.12	T19H12.12
T19H12.3	T19H12.3
ugt-12	T19H12.9
T19H12.2	T19H12.2
ugt-11	T19H12.10
ugt-9	T19H12.1
ugt-10	T19H12.11
H23N18.4	H23N18.4
ugt-8	H23N18.3
ugt-14	H23N18.2
ugt-13	H23N18.1
H23N18.5	H23N18.5
H23N18.6	H23N18.6
C02E7.7	C02E7.7
C02E7.6	C02E7.6
C02E7.8	C02E7.8
srh-23	C02E7.5
srh-22	C02E7.4
srh-20	C02E7.3
srh-21	C02E7.2
str-205	C02E7.9
C02E7.10	C02E7.10
catp-2	C02E7.1
str-211	C02E7.13
str-209	F26G5.5
str-207	F26G5.4
str-208	F26G5.2
tam-1	F26G5.9
srsx-9	F26G5.10
srsx-10	F26G5.12
F26G5.1	F26G5.1
srsx-11	C13D9.4
srsx-12	C13D9.5
srsx-13	C13D9.6
ncx-8	C13D9.7
ncx-9	C13D9.8
ugt-7	C13D9.9
srr-8	C13D9.3
srr-6	C13D9.1
srr-4	K11D12.3
cpt-4	K11D12.4
swt-7	K11D12.5
K11D12.13	K11D12.13
K11D12.6	K11D12.6
K11D12.7	K11D12.7
K11D12.11	K11D12.11
K11D12.8	K11D12.8
exc-14	K11D12.9
pqn-51	K11D12.2
K11D12.14	K11D12.14
K11D12.12	K11D12.12
cwp-4	K11D12.1
mlk-1	K11D12.10
Y58A7A.1	Y58A7A.1
Y58A7A.2	Y58A7A.2
Y58A7A.3	Y58A7A.3
Y58A7A.4	Y58A7A.4
Y58A7A.5	Y58A7A.5
glb-32	Y58A7A.6
C04F5.2	C04F5.2
unc-46	C04F5.3
srab-1	C04F5.4
srab-2	C04F5.5
srab-3	C04F5.6
ugt-63	C04F5.7
C04F5.8	C04F5.8
C04F5.9	C04F5.9
sid-1	C04F5.1
F14F9.5	F14F9.5
F14F9.8	F14F9.8
F14F9.4	F14F9.4
F14F9.3	F14F9.3
srh-129	F14F9.7
F14F9.2	F14F9.2
F14F9.6	F14F9.6
srh-130	F14F9.1
srx-38	C03A7.5
srx-39	C03A7.6
abu-15	C03A7.4
abu-6	C03A7.7
abu-7	C03A7.8
srw-140	C03A7.3
srt-64	C03A7.9
srt-65	C03A7.10
ugt-51	C03A7.11
C03A7.13	C03A7.13
C03A7.2	C03A7.2
abu-8	C03A7.14
Y47A7.2	Y47A7.2
ttc-37	Y47A7.1
Y49G5B.1	Y49G5B.1
cest-32	C52A10.1
cest-35.2	C52A10.2
C52A10.3	C52A10.3
B0238.15	B0238.15
cest-35.1	B0238.1
srt-68	B0238.3
srt-67	B0238.5
srt-70	B0238.6
cest-30	B0238.7
srt-69	B0238.8
B0238.12	B0238.12
B0238.11	B0238.11
natc-2	B0238.10
B0238.9	B0238.9
Y49G5A.1	Y49G5A.1
ncx-2	C10G8.5
C10G8.4	C10G8.4
C10G8.3	C10G8.3
C10G8.2	C10G8.2
ceh-34	C10G8.6
ceh-33	C10G8.7
C10G8.8	C10G8.8
srg-26	C10G8.1
srg-28	T09D3.2
srg-29	T09D3.6
srg-27	T09D3.7
srg-25	T09D3.5
T09D3.3	T09D3.3
srd-9	T09D3.1
nhr-216	T09D3.4
T09D3.8	T09D3.8
T09D3.9	T09D3.9
C35A11.3	C35A11.3
C35A11.2	C35A11.2
C35A11.4	C35A11.4
dmsr-7	C35A11.1
C25A6.1	C25A6.1
F08F3.4	F08F3.4
F08F3.10	F08F3.10
F08F3.6	F08F3.6
cyp-14A5	F08F3.7
rhr-1	F08F3.3
F08F3.8	F08F3.8
acl-6	F08F3.2
snpc-1.3	F08F3.9
F08F3.1	F08F3.1
glc-3	ZC317.3
ZC317.2	ZC317.2
srg-67	ZC317.4
srg-68	ZC317.5
ZC317.6	ZC317.6
ZC317.7	ZC317.7
srg-66	T05C3.7
srg-65	T05C3.8
grl-18	T05C3.4
T05C3.6	T05C3.6
T05C3.2	T05C3.2
dnj-19	T05C3.5
nhr-47	C24G6.4
hpo-15	C24G6.6
mms-19	C24G6.3
hir-1	C24G6.2
grl-1	C24G6.7
C24G6.8	C24G6.8
cox-16	C24G6.13
syp-2	C24G6.1
cft-1	C18C4.2
ugt-48	C18C4.3
C18C4.7	C18C4.7
glb-5	C18C4.1
glb-6	C18C4.9
klc-2	C18C4.10
pas-6	CD4.6
CD4.11	CD4.11
vps-37	CD4.4
mrpl-48	CD4.3
crn-2	CD4.2
zhit-1	CD4.7
CD4.8	CD4.8
CD4.1	CD4.1
M03E7.4	M03E7.4
M03E7.3	M03E7.3
M03E7.2	M03E7.2
memb-2	M03E7.5
M03E7.1	M03E7.1
acy-4	T01C2.1
srx-117	C14C11.5
C14C11.4	C14C11.4
hex-2	C14C11.3
mut-14	C14C11.6
C14C11.2	C14C11.2
C14C11.1	C14C11.1
C14C11.7	C14C11.7
pqn-13	C14C11.8
prp-39	F25B4.5
hmgs-1	F25B4.6
F25B4.4	F25B4.4
F25B4.7	F25B4.7
F25B4.8	F25B4.8
clec-1	F25B4.9
peli-1	F25B4.2
gcst-1	F25B4.1
K09H11.9	K09H11.9
rga-3	K09H11.3
K09H11.4	K09H11.4
K09H11.15	K09H11.15
K09H11.6	K09H11.6
acds-10	K09H11.1
pgph-1	K09H11.7
K09H11.11	K09H11.11
C53A3.3	C53A3.3
C53A3.4	C53A3.4
C53A3.1	C53A3.1
pgph-3	C53A3.2
pgph-2	F44E7.2
F44E7.3	F44E7.3
F44E7.4	F44E7.4
F44E7.5	F44E7.5
fbxa-183	F44E7.6
F44E7.7	F44E7.7
nhr-142	F44E7.8
F44E7.9	F44E7.9
ZC250.2	ZC250.2
nstp-3	ZC250.3
cyn-17	ZC250.1
ZC250.5	ZC250.5
ZC250.4	ZC250.4
let-418	F26F12.7
srh-76	F26F12.6
col-140	F26F12.1
F26F12.2	F26F12.2
F26F12.3	F26F12.3
F26F12.8	F26F12.8
F26F12.5	F26F12.5
F26F12.4	F26F12.4
C02G6.2	C02G6.2
C02G6.3	C02G6.3
C04E6.8	C04E6.8
C04E6.7	C04E6.7
grd-9	C04E6.6
srd-16	C04E6.9
C04E6.5	C04E6.5
srd-15	C04E6.10
C04E6.4	C04E6.4
C04E6.13	C04E6.13
C04E6.11	C04E6.11
C04E6.12	C04E6.12
srsx-18	C04E6.2
srsx-17	F58D7.1
galt-1	M03F8.4
M03F8.5	M03F8.5
M03F8.7	M03F8.7
syf-3	M03F8.3
pst-1	M03F8.2
M03F8.1	M03F8.1
M03F8.6	M03F8.6
pcm-1	C10F3.5
mcp-1	C10F3.4
acy-2	C10F3.3
dhs-16	C10F3.2
C10F3.7	C10F3.7
fut-8	C10F3.6
cpg-4	C10F3.1
fos-1	F29G9.4
rpt-2	F29G9.5
aps-1	F29G9.3
picc-1	F29G9.2
dhs-17	F29G9.6
F29G9.1	F29G9.1
R01B10.2	R01B10.2
cpi-2	R01B10.1
R01B10.3	R01B10.3
pgap-3	R01B10.4
jamp-1	R01B10.5
seip-1	R01B10.6
srd-20	Y38A10A.1
Y38A10A.2	Y38A10A.2
srh-10	Y38A10A.3
fbxa-214	Y38A10A.4
Y38A10A.7	Y38A10A.7
smut-1	Y38A10A.6
crt-1	Y38A10A.5
Y38A10A.11	Y38A10A.11
atf-8	F17A9.3
cwf-19L1	F17A9.2
F17A9.4	F17A9.4
F17A9.5	F17A9.5
ceh-49	F17A9.6
ttn-1	W06H8.8
exp-2	F12F3.1
W06H8.2	W06H8.2
rme-1	W06H8.1
str-206	W06H8.7
W06H8.6	W06H8.6
K08B12.3	K08B12.3
dmd-7	K08B12.2
mrck-1	K08B12.5
K08B12.1	K08B12.1
F31F7.2	F31F7.2
F31F7.1	F31F7.1
fil-2	K12B6.3
K12B6.4	K12B6.4
spe-49	K12B6.2
srn-1	K12B6.5
K12B6.11	K12B6.11
K12B6.9	K12B6.9
sago-1	K12B6.1
cest-24	T28C12.4
T28C12.15	T28C12.15
fbxa-202	T28C12.3
T28C12.2	T28C12.2
T28C12.1	T28C12.1
T28C12.6	T28C12.6
bcl-11	F13H6.1
cest-33	F13H6.3
F13H6.5	F13H6.5
F57F4.2	F57F4.2
F57F4.1	F57F4.1
gfi-1	F57F4.3
F57F4.4	F57F4.4
T05H4.7	T05H4.7
T05H4.10	T05H4.10
T05H4.11	T05H4.11
atp-4	T05H4.12
alh-4	T05H4.13
gad-1	T05H4.14
erfa-1	T05H4.6
hpo-19	T05H4.5
T05H4.4	T05H4.4
T05H4.15	T05H4.15
T05H4.3	T05H4.3
fbxa-196	T05H4.2
acl-8	T05H4.1
acl-9	ZK40.1
unc-83	W01A11.3
lec-10	W01A11.4
cpt-6	W01A11.5
dgtr-1	W01A11.2
W01A11.1	W01A11.1
moc-2	W01A11.6
W01A11.7	W01A11.7
ubh-3	Y40G12A.1
ubh-2	Y40G12A.2
ubh-1	F46E10.8
dpy-11	F46E10.9
mdh-1	F46E10.10
F46E10.3	F46E10.3
F46E10.2	F46E10.2
F46E10.18	F46E10.18
acs-1	F46E10.1
hpo-26	F46E10.11
dre-1	K04A8.6
K04A8.20	K04A8.20
lipl-4	K04A8.5
twk-10	K04A8.4
K04A8.19	K04A8.19
K04A8.21	K04A8.21
spp-20	K04A8.8
K04A8.18	K04A8.18
spp-19	K04A8.9
K04A8.1	K04A8.1
fut-2	EGAP9.2
EGAP9.4	EGAP9.4
EGAP9.3	EGAP9.3
ZK1055.4	ZK1055.4
ZK1055.2	ZK1055.2
hcp-1	ZK1055.1
ZK1055.6	ZK1055.6
ZK1055.7	ZK1055.7
gon-14	F44C4.4
cpr-4	F44C4.3
nhr-37	F44C4.2
ppt-1	F44C4.5
scd-2	T10H9.2
T10H9.1	T10H9.1
T10H9.8	T10H9.8
syx-18	T10H9.3
snb-1	T10H9.4
pmp-5	T10H9.5
str-180	T10H9.6
cest-28	K11G9.3
cest-31	K11G9.2
cest-34	K11G9.1
egl-46	K11G9.4
K11G9.5	K11G9.5
mtl-1	K11G9.6
W02F12.8	W02F12.8
W02F12.2	W02F12.2
era-1	W02F12.3
W02F12.4	W02F12.4
dlst-1	W02F12.5
sna-1	W02F12.6
srg-30	W02F12.7
ZC487.2	ZC487.2
ZC487.1	ZC487.1
grl-9	ZC487.4
grl-8	ZC487.5
T25F10.3	T25F10.3
dbl-1	T25F10.2
T25F10.4	T25F10.4
bbs-8	T25F10.5
clik-1	T25F10.6
T25F10.1	T25F10.1
srh-30	ZC404.12
ZC404.16	ZC404.16
srh-28	ZC404.5
ZC404.15	ZC404.15
spn-4	ZC404.8
spe-39	ZC404.3
ZC404.2	ZC404.2
gck-2	ZC404.9
ZC404.1	ZC404.1
dmsr-9	ZC404.13
dmsr-10	ZC404.10
dmsr-11	ZC404.11
dmsr-12	H34P18.1
dmsr-16	T27B2.1
dmsr-14	T15B7.11
dmsr-13	T15B7.12
T15B7.8	T15B7.8
dmsr-15	T15B7.13
col-141	T15B7.5
col-142	T15B7.4
T15B7.14	T15B7.14
col-143	T15B7.3
T15B7.15	T15B7.15
hpo-8	T15B7.2
lgc-54	T15B7.16
T15B7.1	T15B7.1
gpa-10	C55H1.2
frpr-18	T19F4.1
unc-70	K11C4.3
K11C4.2	K11C4.2
K11C4.1	K11C4.1
odc-1	K11C4.4
unc-68	K11C4.5
lipl-6	Y57E12B.3
Y57E12B.10	Y57E12B.10
Y57E12B.4	Y57E12B.4
Y57E12B.1	Y57E12B.1
Y57E12B.11	Y57E12B.11
T07H8.11	T07H8.11
srg-31	T07H8.5
mec-1	T07H8.4
ptr-15	T07H8.6
srx-59	T07H8.3
srx-16	T07H8.1
sre-12	T07H8.7
nhr-161	C33G8.7
nhr-163	C33G8.12
nhr-139	C33G8.8
nhr-140	C33G8.9
nhr-162	C33G8.10
nhr-107	C33G8.11
nhr-42	C33G8.6
srab-4	C33G8.5
C33G8.4	C33G8.4
drd-10	C33G8.3
C33G8.2	C33G8.2
srw-127	C33G8.1
C33G8.13	C33G8.13
srsx-32	F20A1.3
F20A1.4	F20A1.4
F20A1.6	F20A1.6
twk-11	F20A1.7
F20A1.2	F20A1.2
F20A1.8	F20A1.8
tofu-2	F20A1.9
F20A1.1	F20A1.1
txt-17	F20A1.10
Y57E12AL.4	Y57E12AL.4
Y57E12AL.2	Y57E12AL.2
mdt-6	Y57E12AL.5
Y57E12AL.6	Y57E12AL.6
Y57E12AL.1	Y57E12AL.1
tmem-258	Y57E12AM.1
Y57E12AR.1	Y57E12AR.1
F27B10.1	F27B10.1
npa-1	VC5.3
mys-1	VC5.4
VC5.2	VC5.2
nhr-286	VC5.6
nhr-135	VC5.5
odr-2	T01C4.2
srx-33	T01C4.3
srx-34	T01C4.4
lmd-5	T01C4.1
T01C4.8	T01C4.8
srx-36	T01C4.6
sre-10	F10D2.3
F10D2.16	F10D2.16
str-112	F10D2.4
ugt-40	F10D2.5
ugt-37	F10D2.6
ugt-38	F10D2.7
F10D2.8	F10D2.8
fat-7	F10D2.9
F10D2.10	F10D2.10
ugt-39	F10D2.2
str-204	F10D2.1
ugt-41	F10D2.11
srh-83	F09G2.7
ugt-36	F09G2.6
lgc-39	F09G2.5
cpsf-2	F09G2.4
pitr-5	F09G2.3
F09G2.8	F09G2.8
attf-2	F09G2.9
F09G2.2	F09G2.2
F09G2.1	F09G2.1
soap-1	C13F10.4
C13F10.5	C13F10.5
C13F10.6	C13F10.6
C13F10.8	C13F10.8
kxd-1	C13F10.2
C13F10.7	C13F10.7
C13F10.1	C13F10.1
fkb-3	C05C8.3
gei-6	C05C8.4
krr-1	C05C8.2
C05C8.5	C05C8.5
hpo-9	C05C8.6
hyls-1	C05C8.9
C05C8.1	C05C8.1
C05C8.7	C05C8.7
C05C8.8	C05C8.8
C13A2.12	C13A2.12
C13A2.9	C13A2.9
C13A2.7	C13A2.7
C13A2.6	C13A2.6
C13A2.10	C13A2.10
C13A2.5	C13A2.5
C13A2.4	C13A2.4
C13A2.3	C13A2.3
C13A2.1	C13A2.1
F07G11.4	F07G11.4
srj-32	F07G11.5
F07G11.3	F07G11.3
F07G11.2	F07G11.2
F07G11.1	F07G11.1
srx-6	F07G11.8
lmd-4	F07G11.9
F10G2.10	F10G2.10
srx-92	F10G2.6
F10G2.4	F10G2.4
clec-7	F10G2.3
F10G2.2	F10G2.2
F10G2.1	F10G2.1
F10G2.7	F10G2.7
srh-187	F10G2.8
nhr-263	F10G2.9
nhr-148	C03G6.10
srh-244	C03G6.9
nhr-147	C03G6.8
nhr-149	C03G6.12
srh-231	C03G6.11
srh-275	C03G6.7
tag-293	C03G6.13
C03G6.21	C03G6.21
C03G6.6	C03G6.6
cyp-35A1	C03G6.14
cyp-35A2	C03G6.15
exc-13	C03G6.5
srj-14	C03G6.3
srx-56	C03G6.2
srsx-24	C03G6.16
C03G6.17	C03G6.17
srp-6	C03G6.19
C02H6.3	C02H6.3
C02H6.1	C02H6.1
fbxa-105	C02H6.2
srx-9	R13D7.6
gst-41	R13D7.7
cnc-9	R13D7.11
srx-60	R13D7.4
srj-13	R13D7.3
srt-6	R13D7.10
R13D7.2	R13D7.2
str-41	R13D7.1
F18E3.11	F18E3.11
F18E3.12	F18E3.12
F18E3.13	F18E3.13
srw-67	F18E3.2
srxa-4	F18E3.1
F18E3.10	F18E3.10
srw-68	F18E3.4
srw-69	F18E3.5
srw-71	F18E3.6
ddo-2	F18E3.7
F25E5.8	F25E5.8
F25E5.9	F25E5.9
F25E5.16	F25E5.16
F25E5.7	F25E5.7
nhr-141	F25E5.6
F25E5.5	F25E5.5
F25E5.4	F25E5.4
F25E5.3	F25E5.3
try-8	F25E5.10
F25E5.2	F25E5.2
srh-92	F25E5.13
srh-89	F25E5.14
F25E5.1	F25E5.1
str-28	F25E5.12
srh-125	C18B10.8
str-190	C18B10.7
C18B10.6	C18B10.6
srbc-8	C18B10.5
srbc-7	C18B10.4
srbc-9	C18B10.3
srbc-10	C18B10.2
srbc-11	C18B10.1
srh-79	C04F2.1
srh-229	C04F2.4
str-31	C54F6.10
nhr-172	C54F6.9
nhr-171	C54F6.8
srb-18	C54F6.7
srb-19	C54F6.11
C54F6.15	C54F6.15
C54F6.6	C54F6.6
C54F6.20	C54F6.20
C54F6.18	C54F6.18
C54F6.17	C54F6.17
C54F6.5	C54F6.5
swt-2	C54F6.4
C54F6.3	C54F6.3
C54F6.12	C54F6.12
srh-268	C54F6.1
nhx-3	C54F6.13
C54F6.19	C54F6.19
ftn-1	C54F6.14
F19F10.3	F19F10.3
ttr-10	F19F10.4
ets-7	F19F10.5
F19F10.1	F19F10.1
clec-212	F19F10.7
F19F10.14	F19F10.14
snu-66	F19F10.9
ints-9	F19F10.12
ets-6	F19F10.10
F19F10.11	F19F10.11
C50E3.5	C50E3.5
C50E3.6	C50E3.6
C50E3.7	C50E3.7
C50E3.9	C50E3.9
scl-26	C50E3.10
C50E3.11	C50E3.11
folt-3	C50E3.16
clec-213	C50E3.3
clec-214	C50E3.1
clec-215	C50E3.14
C50E3.15	C50E3.15
C50E3.12	C50E3.12
C50E3.13	C50E3.13
grsp-4	F07C4.7
F07C4.6	F07C4.6
srd-30	F07C4.5
srd-25	F07C4.4
srd-31	F07C4.8
srd-29	F07C4.3
clec-45	F07C4.2
F07C4.10	F07C4.10
F07C4.11	F07C4.11
str-47	F07C4.1
srh-234	F07C4.14
srh-200	F07C4.13
C12D5.5	C12D5.5
C12D5.4	C12D5.4
C12D5.3	C12D5.3
cyp-33A1	C12D5.7
sre-11	C12D5.11
nhr-94	C12D5.8
nhr-152	C12D5.2
C12D5.9	C12D5.9
C12D5.10	C12D5.10
ZK105.3	ZK105.3
srsx-40	ZK105.4
srw-3	ZK105.2
ZK105.11	ZK105.11
ZK105.13	ZK105.13
ZK105.1	ZK105.1
ZK105.12	ZK105.12
ZK105.5	ZK105.5
ZK105.14	ZK105.14
ZK105.6	ZK105.6
ZK105.8	ZK105.8
Y97E10C.1	Y97E10C.1
Y97E10C.2	Y97E10C.2
T05B11.7	T05B11.7
clic-1	T05B11.3
srr-10	T05B11.6
srr-9	T05B11.2
T05B11.1	T05B11.1
T05B11.4	T05B11.4
hint-3	C26F1.7
frpr-3	C26F1.6
grl-10	C26F1.5
rpl-39	C26F1.9
rps-30	C26F1.4
C26F1.3	C26F1.3
cyp-32A1	C26F1.2
C26F1.1	C26F1.1
flp-21	C26F1.10
ZK742.7	ZK742.7
uvs-1	ZK742.2
xpo-1	ZK742.1
ZK742.3	ZK742.3
ZK742.4	ZK742.4
ZK742.6	ZK742.6
lbp-4	ZK742.5
mig-6	C37C3.6
txt-5	C37C3.7
ttr-33	C37C3.13
C37C3.12	C37C3.12
grd-8	C37C3.4
memo-1	C37C3.8
C37C3.9	C37C3.9
C37C3.18	C37C3.18
C37C3.2	C37C3.2
C37C3.1	C37C3.1
C37C3.17	C37C3.17
C37C3.10	C37C3.10
C37C3.11	C37C3.11
nipi-4	F40A3.5
F40A3.4	F40A3.4
F40A3.3	F40A3.3
F40A3.2	F40A3.2
F40A3.1	F40A3.1
F40A3.6	F40A3.6
F40A3.7	F40A3.7
srsx-7	Y97E10B.4
srsx-6	Y97E10B.3
srsx-5	Y97E10B.2
ncx-10	Y97E10B.7
srsx-3	Y97E10B.9
srt-53	Y97E10B.10
Y97E10B.1	Y97E10B.1
clec-216	F26D11.5
F26D11.13	F26D11.13
F26D11.12	F26D11.12
pals-34	F26D11.6
clec-217	F26D11.9
F26D11.2	F26D11.2
che-7	F26D11.10
let-413	F26D11.11
F26D11.1	F26D11.1
natb-1	Y97E10AL.3
abhd-12	Y97E10AL.2
Y97E10AL.1	Y97E10AL.1
ceh-76	Y97E10AM.1
Y97E10AR.2	Y97E10AR.2
Y97E10AR.1	Y97E10AR.1
Y97E10AR.8	Y97E10AR.8
Y97E10AR.3	Y97E10AR.3
Y97E10AR.4	Y97E10AR.4
lmtr-2	Y97E10AR.7
rpb-9	Y97E10AR.5
Y97E10AR.6	Y97E10AR.6
sptl-2	F43H9.2
ech-3	F43H9.1
F43H9.3	F43H9.3
F43H9.4	F43H9.4
oma-2	ZC513.6
vars-1	ZC513.4
algn-12	ZC513.5
ZC513.14	ZC513.14
ZC513.3	ZC513.3
col-43	ZC513.8
sth-1	ZC513.12
ZC513.2	ZC513.2
str-138	ZC513.11
str-139	ZC513.9
str-140	C09H5.3
str-143	C09H5.4
str-144	C09H5.5
catp-3	C09H5.2
str-131	C09H5.6
C09H5.7	C09H5.7
str-130	C09H5.9
str-129	F58G4.5
str-146	F58G4.6
str-145	F58G4.7
sdz-23	F58G4.4
str-90	F58G4.2
F58G4.3	F58G4.3
myo-5	F58G4.1
D1014.7	D1014.7
D1014.6	D1014.6
D1014.5	D1014.5
spr-1	D1014.8
snap-1	D1014.3
D1014.4	D1014.4
D1014.2	D1014.2
D1014.13	D1014.13
sul-2	D1014.1
F20D6.6	F20D6.6
F20D6.5	F20D6.5
F20D6.8	F20D6.8
F20D6.9	F20D6.9
srp-7	F20D6.4
srp-8	F20D6.3
F20D6.2	F20D6.2
F20D6.15	F20D6.15
F20D6.12	F20D6.12
F20D6.1	F20D6.1
F20D6.10	F20D6.10
F20D6.11	F20D6.11
cri-2	K07C11.5
cest-17	K07C11.4
timp-1	K07C11.3
K07C11.7	K07C11.7
K07C11.8	K07C11.8
cogc-6	K07C11.9
air-1	K07C11.2
pax-1	K07C11.1
K07C11.10	K07C11.10
rol-3	C16D9.2
C16D9.3	C16D9.3
C16D9.4	C16D9.4
C16D9.5	C16D9.5
C16D9.6	C16D9.6
C16D9.1	C16D9.1
C16D9.8	C16D9.8
C16D9.9	C16D9.9
F21F8.5	F21F8.5
asp-6	F21F8.7
asp-12	F21F8.4
asp-5	F21F8.3
str-136	F21F8.9
str-135	F21F8.10
slc-17.5	F21F8.11
srg-33	F21F8.1
W02D7.3	W02D7.3
W02D7.4	W02D7.4
W02D7.5	W02D7.5
W02D7.6	W02D7.6
sel-9	W02D7.7
W02D7.11	W02D7.11
W02D7.8	W02D7.8
clec-218	W02D7.2
W02D7.12	W02D7.12
clec-219	W02D7.10
tmd-2	C08D8.2
C08D8.7	C08D8.7
C08D8.1	C08D8.1
srsx-22	F38E1.8
mom-2	F38E1.7
mpdu-1	F38E1.9
F38E1.6	F38E1.6
gpa-2	F38E1.5
F38E1.10	F38E1.10
F38E1.3	F38E1.3
F52E1.5	F52E1.5
F52E1.14	F52E1.14
hsp-17	F52E1.7
gcy-7	F52E1.4
pho-6	F52E1.8
F52E1.3	F52E1.3
F52E1.9	F52E1.9
F52E1.2	F52E1.2
vha-18	F52E1.10
pos-1	F52E1.1
lmd-3	F52E1.13
T23B12.5	T23B12.5
T23B12.11	T23B12.11
T23B12.6	T23B12.6
dnj-22	T23B12.7
natc-1	T23B12.4
mrps-2	T23B12.3
mrpl-4	T23B12.2
phf-30	T23B12.1
T23B12.8	T23B12.8
pxn-1	ZK994.3
ZK994.6	ZK994.6
F45F2.9	F45F2.9
F45F2.10	F45F2.10
F45F2.11	F45F2.11
otpl-7	F45F2.7
otpl-6	F45F2.6
otpl-5	F45F2.5
his-8	F45F2.12
his-7	F45F2.4
his-6	F45F2.13
his-5	F45F2.3
his-39	F45F2.2
otpl-4	F45F2.1
slc-17.8	F25G6.7
asns-1	F25G6.6
stdh-4	F25G6.5
acr-15	F25G6.4
acr-16	F25G6.3
F25G6.8	F25G6.8
F25G6.9	F25G6.9
symk-1	F25G6.2
F25G6.1	F25G6.1
C10B5.1	C10B5.1
C10B5.3	C10B5.3
tag-196	F41E6.6
F41E6.7	F41E6.7
F41E6.8	F41E6.8
F41E6.15	F41E6.15
F41E6.5	F41E6.5
vps-60	F41E6.9
smk-1	F41E6.4
fip-4	F41E6.10
grd-5	F41E6.2
F41E6.11	F41E6.11
F41E6.1	F41E6.1
F41E6.17	F41E6.17
F41E6.12	F41E6.12
atg-18	F41E6.13
oac-29	F41E6.14
grl-12	F28A12.2
F28A12.10	F28A12.10
acd-4	F28A12.1
F28A12.3	F28A12.3
asp-13	F28A12.4
ZC190.4	ZC190.4
ZC190.5	ZC190.5
ZC190.6	ZC190.6
ZC190.2	ZC190.2
cln-3.3	ZC190.1
ZC190.7	ZC190.7
ZC190.8	ZC190.8
ZC190.10	ZC190.10
ZC178.2	ZC178.2
glr-5	ZC196.7
ZC196.8	ZC196.8
ZC196.9	ZC196.9
droe-8	ZC196.6
ZC196.5	ZC196.5
ZC196.4	ZC196.4
ZC196.3	ZC196.3
ZC196.2	ZC196.2
B0507.6	B0507.6
B0507.5	B0507.5
B0507.4	B0507.4
B0507.7	B0507.7
ddn-1	B0507.10
B0507.8	B0507.8
B0507.9	B0507.9
B0507.3	B0507.3
srx-115	B0507.11
B0507.2	B0507.2
B0507.1	B0507.1
sup-37	C01B7.1
magu-2	C01B7.4
rpm-1	C01B7.6
C01B7.7	C01B7.7
W09B7.3	W09B7.3
W09B7.2	W09B7.2
W09B7.1	W09B7.1
F07B7.7	F07B7.7
F07B7.8	F07B7.8
his-50	F07B7.9
his-49	F07B7.5
his-51	F07B7.10
his-52	F07B7.4
his-54	F07B7.11
his-53	F07B7.3
F07B7.12	F07B7.12
F07B7.13	F07B7.13
F07B7.14	F07B7.14
F07B7.2	F07B7.2
F07B7.1	F07B7.1
K06C4.1	K06C4.1
his-28	K06C4.2
his-27	K06C4.13
his-21	K06C4.3
his-22	K06C4.12
his-20	K06C4.4
his-19	K06C4.11
his-17	K06C4.5
his-18	K06C4.10
frpr-13	K06C4.17
frpr-12	K06C4.9
frpr-11	K06C4.8
mod-1	K06C4.6
ttr-47	H14N18.3
H14N18.4	H14N18.4
H14N18.2	H14N18.2
unc-23	H14N18.1
T19A5.3	T19A5.3
gck-1	T19A5.2
ttc-17	T19A5.1
nhr-44	T19A5.4
nhr-219	T19A5.5
nhr-195	F59E11.10
nhr-143	F59E11.11
str-84	F59E11.13
str-86	F59E11.14
str-85	F59E11.15
str-87	F59E11.16
F59E11.7	F59E11.7
F59E11.6	F59E11.6
F59E11.5	F59E11.5
F59E11.2	F59E11.2
srx-1	F59E11.1
srx-3	R03H4.3
srx-2	R03H4.2
srh-201	R03H4.9
srt-18	R03H4.4
oac-40	R03H4.1
oac-41	R03H4.5
bus-1	R03H4.6
C25E10.5	C25E10.5
C25E10.4	C25E10.4
srsx-34	C25E10.3
cyp-33B1	C25E10.2
nhr-30	C25E10.1
C25E10.17	C25E10.17
C25E10.7	C25E10.7
C25E10.8	C25E10.8
swm-1	C25E10.9
C25E10.10	C25E10.10
C25E10.11	C25E10.11
C25E10.16	C25E10.16
C25E10.13	C25E10.13
C25E10.12	C25E10.12
fip-2	T27E4.4
T27E4.5	T27E4.5
oac-50	T27E4.6
T27E4.7	T27E4.7
hsp-16.1	T27E4.8
hsp-16.48	T27E4.3
hsp-16.49	T27E4.9
hsp-16.11	T27E4.2
T27E4.1	T27E4.1
F21C10.10	F21C10.10
F21C10.9	F21C10.9
frpr-6	F21C10.12
F21C10.18	F21C10.18
pqn-31	F21C10.8
F21C10.7	F21C10.7
F21C10.13	F21C10.13
F21C10.11	F21C10.11
F21C10.6	F21C10.6
F21C10.5	F21C10.5
F21C10.4	F21C10.4
F21C10.3	F21C10.3
F21C10.19	F21C10.19
F21C10.1	F21C10.1
B0222.1	B0222.1
pitr-2	B0222.2
pitr-3	B0222.3
spl-2	B0222.4
B0222.5	B0222.5
B0222.15	B0222.15
col-144	B0222.6
col-145	B0222.7
col-10	B0222.8
B0222.11	B0222.11
gad-3	B0222.9
pqn-16	C24B5.5
spas-1	C24B5.2
ptr-1	C24B5.3
C24B5.1	C24B5.1
C24B5.4	C24B5.4
str-177	T18H9.4
asp-2	T18H9.2
inx-10	T18H9.5
mdt-27	T18H9.6
pacs-1	T18H9.7
grd-6	T18H9.1
F07C3.2	F07C3.2
F07C3.3	F07C3.3
glo-4	F07C3.4
aat-2	F07C3.7
str-94	F07C3.8
ptd-2	F07C3.1
F07C3.9	F07C3.9
F07C3.16	F07C3.16
nhr-36	F07C3.10
slc-17.7	ZK682.2
hlh-10	ZK682.4
lron-2	ZK682.5
ZK682.7	ZK682.7
F44A2.5	F44A2.5
nhr-39	F44A2.4
F44A2.3	F44A2.3
kvs-3	F44A2.2
F44A2.7	F44A2.7
tag-153	F44A2.1
acl-14	K07B1.5
K07B1.4	K07B1.4
ucp-4	K07B1.3
coq-6	K07B1.2
tos-1	K07B1.6
K07B1.7	K07B1.7
try-5	K07B1.1
srx-47	E02C12.3
srx-46	E02C12.2
ttr-40	E02C12.4
ttr-49	E02C12.13
gpa-3	E02C12.5
E02C12.6	E02C12.6
E02C12.8	E02C12.8
E02C12.9	E02C12.9
E02C12.19	E02C12.19
E02C12.10	E02C12.10
E02C12.11	E02C12.11
E02C12.12	E02C12.12
hum-2	F36D4.3
trpp-4	F36D4.2
F36D4.4	F36D4.4
F36D4.1	F36D4.1
F36D4.5	F36D4.5
F36D4.6	F36D4.6
Y54B9A.1	Y54B9A.1
wdr-62	H24G06.1
F07D3.3	F07D3.3
flp-6	F07D3.2
nas-3	K06A4.1
K06A4.6	K06A4.6
K06A4.2	K06A4.2
K06A4.10	K06A4.10
K06A4.7	K06A4.7
gsnl-1	K06A4.3
swt-5	K06A4.4
haao-1	K06A4.5
acs-14	F11A3.1
eif-2Bdelta	F11A3.2
C50F4.8	C50F4.8
C50F4.9	C50F4.9
C50F4.1	C50F4.1
C50F4.10	C50F4.10
pfk-1.2	C50F4.2
tag-329	C50F4.3
C50F4.4	C50F4.4
C50F4.12	C50F4.12
C50F4.16	C50F4.16
mdf-1	C50F4.11
his-35	C50F4.13
his-41	C50F4.5
C50F4.6	C50F4.6
his-37	C50F4.7
nstp-10	C50F4.14
ehbp-1	F25B3.1
rgef-1	F25B3.3
F25B3.4	F25B3.4
F25B3.5	F25B3.5
F25B3.2	F25B3.2
rtfo-1	F25B3.6
K09G1.1	K09G1.1
K09G1.2	K09G1.2
dop-2	K09G1.4
pqn-63	T06E4.11
T06E4.10	T06E4.10
T06E4.9	T06E4.9
T06E4.8	T06E4.8
T06E4.14	T06E4.14
T06E4.7	T06E4.7
T06E4.12	T06E4.12
col-146	T06E4.6
T06E4.5	T06E4.5
col-147	T06E4.4
atl-1	T06E4.3
hcp-2	T06E4.1
T06E4.21	T06E4.21
cyp-29A4	B0331.1
pitr-4	B0331.2
ZK287.1	ZK287.1
sulp-8	ZK287.2
nlp-73	ZK287.3
ZK287.9	ZK287.9
ZK287.4	ZK287.4
rbx-1	ZK287.5
ztf-9	ZK287.6
ZK287.7	ZK287.7
her-1	ZK287.8
xbx-6	F40F9.1
tag-120	F40F9.2
F40F9.10	F40F9.10
F40F9.3	F40F9.3
str-188	F40F9.4
slcr-46.3	F40F9.5
aagr-3	F40F9.6
drap-1	F40F9.7
cal-7	F40F9.8
aqp-4	F40F9.9
marc-1	F58E6.12
sta-2	F58E6.1
F58E6.13	F58E6.13
F58E6.4	F58E6.4
F58E6.6	F58E6.6
F58E6.5	F58E6.5
F58E6.8	F58E6.8
hrg-3	F58E6.7
F58E6.11	F58E6.11
unc-42	F58E6.10
F46B6.2	F46B6.2
F46B6.12	F46B6.12
smg-4	F46B6.3
F46B6.4	F46B6.4
F46B6.5	F46B6.5
F46B6.6	F46B6.6
ztf-7	F46B6.7
lipl-2	F46B6.8
F46B6.9	F46B6.9
F46B6.13	F46B6.13
F46B6.10	F46B6.10
sru-39	F46B6.11
sru-37	C50C10.1
sru-29	C50C10.2
sru-30	C50C10.3
sru-31	C50C10.4
str-193	C50C10.6
str-2	C50C10.7
sru-40	R07B5.3
sru-38	R07B5.4
srsx-21	R07B5.5
sru-36	R07B5.6
sru-8	R07B5.7
lsy-12	R07B5.9
srab-17	T11A5.2
srab-18	T11A5.3
srab-26	T11A5.7
sdz-31	T11A5.5
clp-9	T11A5.6
fshr-1	C50H2.1
egl-47	C50H2.2
fipr-11	C50H2.10
mec-9	C50H2.3
fipr-10	C50H2.12
C50H2.4	C50H2.4
C50H2.5	C50H2.5
ceh-75	C50H2.6
C50H2.7	C50H2.7
C50H2.13	C50H2.13
rmh-2	T07C12.12
suds-3	T07C12.14
srj-33	T07C12.1
fipr-12	T07C12.13
sre-28	T07C12.6
nlp-58	T07C12.15
ttr-46	T07C12.7
mam-5	T07C12.8
anmt-3	T07C12.9
T07C12.10	T07C12.10
madf-4	T07C12.11
unc-41	C27H6.1
ruvb-1	C27H6.2
tofu-1	C27H6.3
C27H6.9	C27H6.9
rmd-2	C27H6.4
C27H6.8	C27H6.8
rde-1	K08H10.7
trpp-6	K08H10.9
K08H10.6	K08H10.6
K08H10.10	K08H10.10
uda-1	K08H10.4
lea-1	K08H10.1
acl-2	T06E8.1
T06E8.2	T06E8.2
F57A8.1	F57A8.1
T06E8.8	T06E8.8
yif-1	F57A8.2
str-118	F57A8.3
fipr-13	F57A8.8
F57A8.4	F57A8.4
nhr-192	F57A8.5
F57A8.6	F57A8.6
F57A8.7	F57A8.7
R04B5.1	R04B5.1
nhr-205	R04B5.3
nhr-12	R04B5.4
R04B5.6	R04B5.6
R04B5.5	R04B5.5
R04B5.7	R04B5.7
R04B5.11	R04B5.11
srd-49	R04B5.8
ugt-47	R04B5.9
C08B6.14	C08B6.14
ugt-17	C08B6.1
C08B6.2	C08B6.2
C08B6.11	C08B6.11
C08B6.3	C08B6.3
C08B6.4	C08B6.4
C08B6.5	C08B6.5
srxa-18	C08B6.12
srxa-19	C08B6.13
C08B6.6	C08B6.6
C08B6.10	C08B6.10
aos-1	C08B6.9
wdr-20	C08B6.7
C08B6.18	C08B6.18
C08B6.8	C08B6.8
C51E3.9	C51E3.9
srsx-26	C51E3.1
srsx-27	C51E3.2
srsx-28	C51E3.3
srsx-29	C51E3.4
srsx-30	C51E3.5
C51E3.10	C51E3.10
C51E3.6	C51E3.6
egl-3	C51E3.7
cul-5	ZK856.1
ZK856.4	ZK856.4
ZK856.18	ZK856.18
ZK856.5	ZK856.5
ZK856.6	ZK856.6
ZK856.7	ZK856.7
chpf-1	ZK856.8
ZK856.11	ZK856.11
ZK856.19	ZK856.19
ZK856.16	ZK856.16
rpc-25	ZK856.10
tftc-3	ZK856.13
zhit-3	ZK856.9
hpo-40	ZK856.12
ZK856.14	ZK856.14
C12D8.13	C12D8.13
fipr-5	C12D8.18
fipr-9	C12D8.19
C12D8.20	C12D8.20
daf-36	C12D8.5
ttr-19	C12D8.4
fipr-4	C12D8.14
C12D8.15	C12D8.15
fipr-7	C12D8.16
fipr-6	C12D8.17
str-182	C12D8.12
fubl-1	C12D8.1
fipr-8	C12D8.6
C12D8.21	C12D8.21
col-148	C12D8.8
C12D8.9	C12D8.9
akt-1	C12D8.10
rop-1	C12D8.11
nhr-232	Y22F5A.1
sri-18	Y22F5A.2
ric-4	Y22F5A.3
Y22F5A.11	Y22F5A.11
lys-1	Y22F5A.4
lys-2	Y22F5A.5
lys-3	Y22F5A.6
B0024.3	B0024.3
B0024.15	B0024.15
col-149	B0024.1
col-150	B0024.2
B0024.4	B0024.4
che-12	B0024.8
gcy-6	B0024.6
trx-2	B0024.9
asps-1	B0024.10
B0024.11	B0024.11
gna-1	B0024.12
B0024.13	B0024.13
crm-1	B0024.14
arx-2	K07C5.1
K07C5.2	K07C5.2
K07C5.13	K07C5.13
K07C5.3	K07C5.3
K07C5.9	K07C5.9
nol-56	K07C5.4
sluh-7	K07C5.6
ceeh-2	K07C5.5
ttll-15	K07C5.7
cash-1	K07C5.8
sri-20	AC3.1
ugt-49	AC3.2
AC3.12	AC3.12
abu-1	AC3.3
pqn-2	AC3.4
spe-10	AC3.10
AC3.5	AC3.5
col-151	AC3.6
ugt-1	AC3.7
ugt-2	AC3.8
F15H10.8	F15H10.8
F15H10.7	F15H10.7
F15H10.12	F15H10.12
F15H10.9	F15H10.9
F15H10.10	F15H10.10
F15H10.5	F15H10.5
col-13	F15H10.2
col-12	F15H10.1
apc-10	F15H10.3
tag-314	F15H10.4
Y32F6A.4	Y32F6A.4
set-22	Y32F6A.1
snf-10	Y32F6A.2
pap-1	Y32F6A.3
Y32F6A.5	Y32F6A.5
F22E12.1	F22E12.1
F22E12.3	F22E12.3
chw-1	F22E12.2
egl-9	F22E12.4
crp-1	Y32F6B.3
Y32F6B.9	Y32F6B.9
Y32F6B.1	Y32F6B.1
ncx-5	Y32F6B.2
aqp-5	C35A5.1
ugt-33	C35A5.2
C35A5.4	C35A5.4
C35A5.3	C35A5.3
C35A5.11	C35A5.11
C35A5.10	C35A5.10
C35A5.5	C35A5.5
C35A5.6	C35A5.6
dmsr-8	C35A5.7
C35A5.8	C35A5.8
hda-11	C35A5.9
F25D1.3	F25D1.3
txt-10	F25D1.2
ppm-1.A	F25D1.1
F25D1.8	F25D1.8
degt-1	F25D1.4
F25D1.5	F25D1.5
srd-34	F32G8.1
F32G8.2	F32G8.2
F32G8.3	F32G8.3
best-14	F32G8.4
col-152	F32G8.5
cat-4	F32G8.6
vps-54	T21C9.2
del-6	T21C9.3
mics-1	T21C9.1
erh-1	T21C9.4
lpd-9	T21C9.5
T21C9.6	T21C9.6
srg-32	T21C9.7
ttr-23	T21C9.8
T21C9.9	T21C9.9
T21C9.11	T21C9.11
T21C9.13	T21C9.13
scpl-4	T21C9.12
H27A22.1	H27A22.1
H09F14.1	H09F14.1
mab-23	C32C4.5
kvs-2	C32C4.1
C32C4.3	C32C4.3
C32C4.16	C32C4.16
aqp-6	C32C4.2
ugt-35	C32C4.7
ugt-34	F29F11.2
tut-2	F29F11.3
sqv-4	F29F11.1
twk-12	F29F11.4
ceh-22	F29F11.5
gsp-1	F29F11.6
F29F11.20	F29F11.20
C05A2.4	C05A2.4
pph-1	C05A2.1
T28B11.1	T28B11.1
mre-11	ZC302.1
wdr-5.3	ZC302.2
ZC302.3	ZC302.3
srj-22	F28H7.1
srj-21	F28H7.11
selt-1.2	F28H7.4
F28H7.2	F28H7.2
F28H7.3	F28H7.3
F28H7.7	F28H7.7
irld-6	F28H7.6
F28H7.8	F28H7.8
sre-6	F28H7.9
ocr-1	F28H7.10
D1054.1	D1054.1
pas-2	D1054.2
D1054.3	D1054.3
D1054.5	D1054.5
D1054.8	D1054.8
D1054.9	D1054.9
D1054.10	D1054.10
ule-3	D1054.11
D1054.19	D1054.19
srh-184	D1054.12
D1054.18	D1054.18
secs-1	D1054.13
prp-38	D1054.14
plrg-1	D1054.15
C29A12.22	C29A12.22
C29A12.1	C29A12.1
lig-1	C29A12.3
nrx-1	C29A12.4
C29A12.6	C29A12.6
saeg-1	F53H10.2
F32D8.1	F32D8.1
F32D8.2	F32D8.2
F32D8.3	F32D8.3
F32D8.11	F32D8.11
F32D8.12	F32D8.12
F32D8.4	F32D8.4
F32D8.14	F32D8.14
F32D8.5	F32D8.5
F32D8.13	F32D8.13
sec-61.G	F32D8.6
F32D8.7	F32D8.7
spp-16	F32D8.9
F32D8.8	F32D8.8
F32D8.15	F32D8.15
zzz-1	F32D8.10
F58B4.2	F58B4.2
nas-31	F58B4.1
F58B4.7	F58B4.7
F58B4.6	F58B4.6
F58B4.3	F58B4.3
scvp-1	F58B4.4
F58B4.5	F58B4.5
F17C11.12	F17C11.12
F17C11.11	F17C11.11
F17C11.26	F17C11.26
zip-9	F17C11.17
F17C11.2	F17C11.2
col-153	F17C11.3
F17C11.4	F17C11.4
clec-221	F17C11.5
F17C11.6	F17C11.6
F17C11.13	F17C11.13
pigt-1	F17C11.7
vps-36	F17C11.8
ctf-4	F17C11.10
eef-1G	F17C11.9
F17C11.22	F17C11.22
fig-1	F53B7.5
frpr-9	F53B7.2
F53B7.7	F53B7.7
isy-1	F53B7.3
F53B7.4	F53B7.4
C13G3.1	C13G3.1
hot-6	C13G3.2
C13G3.12	C13G3.12
pptr-2	C13G3.3
pak-2	C45B11.1
C45B11.9	C45B11.9
C45B11.8	C45B11.8
C45B11.5	C45B11.5
C45B11.2	C45B11.2
C45B11.6	C45B11.6
dhs-18	C45B11.3
srh-74	C45B11.4
T04C12.33	T04C12.33
T04C12.7	T04C12.7
srh-75	T04C12.2
T04C12.1	T04C12.1
T04C12.11	T04C12.11
T04C12.9	T04C12.9
nlp-80	T04C12.3
T04C12.8	T04C12.8
act-3	T04C12.4
act-2	T04C12.5
act-1	T04C12.6
Y42A5A.1	Y42A5A.1
lact-8	Y42A5A.2
Y42A5A.3	Y42A5A.3
cdkl-1	Y42A5A.4
Y42A5A.5	Y42A5A.5
erfa-3	H19N07.1
math-33	H19N07.2
scb-1	H19N07.3
mboa-2	H19N07.4
atp-5	C06H2.1
lmtr-3	C06H2.6
C06H2.2	C06H2.2
jmjd-5	C06H2.3
glb-3	C06H2.5
folt-1	C06H2.4
C06H2.7	C06H2.7
T19C4.24	T19C4.24
nlp-33	T19C4.7
T19C4.1	T19C4.1
srg-39	T19C4.2
srg-38	T19C4.8
srg-42	T19C4.9
srg-41	T19C4.3
srg-40	T19C4.4
T19C4.5	T19C4.5
gpa-1	T19C4.6
cnc-10	VK10D6R.1
lgc-49	K10D6.1
clc-6	K10D6.2
K10D6.3	K10D6.3
K10D6.4	K10D6.4
cyp-29A2	T19B10.1
T19B10.2	T19B10.2
bgal-1	T19B10.3
pqn-70	T19B10.4
T19B10.5	T19B10.5
dvc-1	T19B10.6
ima-1	T19B10.7
pgap-1	T19B10.8
mxl-1	T19B10.11
mam-4	T19B10.9
T19B10.12	T19B10.12
srsx-33	T19B10.10
srsx-31	F07B10.6
lgc-36	F07B10.5
F07B10.7	F07B10.7
F07B10.4	F07B10.4
cln-3.1	F07B10.1
str-116	F07B10.2
str-115	F07B10.3
clec-222	C03E10.6
clec-223	C03E10.5
gly-20	C03E10.4
C03E10.3	C03E10.3
C03E10.1	C03E10.1
T03F7.6	T03F7.6
T03F7.5	T03F7.5
srh-47	T03F7.4
srh-46	T03F7.3
srh-45	T03F7.2
snf-11	T03F7.1
T03F7.7	T03F7.7
cutl-18	F47G9.3
F47G9.4	F47G9.4
str-141	F47G9.2
tmed-10	F47G9.1
F47G9.6	F47G9.6
T02E9.6	T02E9.6
T02E9.5	T02E9.5
grl-7	T02E9.2
npr-25	T02E9.1
dop-5	T02E9.3
cnb-1	F55C10.1
F55C10.5	F55C10.5
col-154	F55C10.2
F55C10.4	F55C10.4
col-155	F55C10.3
K03B8.11	K03B8.11
K03B8.14	K03B8.14
nas-16	K03B8.1
K03B8.4	K03B8.4
nas-18	K03B8.3
nas-17	K03B8.2
nas-19	K03B8.5
K03B8.6	K03B8.6
K03B8.8	K03B8.8
grl-3	K03B8.7
deg-3	K03B8.9
des-2	T26H10.1
T26H10.2	T26H10.2
dmsr-1	F57B7.1
F57B7.2	F57B7.2
mig-17	F57B7.4
col-156	F57B7.3
T11F9.1	T11F9.1
zipt-16	T11F9.2
aat-6	T11F9.4
nas-20	T11F9.3
nas-21	T11F9.5
nas-22	T11F9.6
T11F9.7	T11F9.7
T11F9.22	T11F9.22
T11F9.14	T11F9.14
col-157	T11F9.9
srh-1	T11F9.18
T11F9.10	T11F9.10
dhs-19	T11F9.11
T11F9.21	T11F9.21
T11F9.12	T11F9.12
C55A6.12	C55A6.12
C55A6.1	C55A6.1
C55A6.10	C55A6.10
ttll-5	C55A6.2
C55A6.3	C55A6.3
C55A6.6	C55A6.6
sdz-8	C55A6.5
C55A6.4	C55A6.4
C55A6.7	C55A6.7
C55A6.11	C55A6.11
pafo-1	C55A6.9
ccch-1	F38B7.1
F38B7.2	F38B7.2
F38B7.10	F38B7.10
F38B7.11	F38B7.11
F38B7.17	F38B7.17
F38B7.3	F38B7.3
srx-85	F38B7.4
duo-1	F38B7.5
srx-86	F38B7.7
srx-87	F38B7.8
pms-2	H12C20.2
nhr-101	H12C20.6
H12C20.7	H12C20.7
nhr-68	H12C20.3
srx-90	H12C20.5
srx-88	F43A11.1
srx-82	F43A11.6
srx-80	F43A11.4
srx-84	F35B12.1
F35B12.9	F35B12.9
dhs-20	F35B12.2
F35B12.3	F35B12.3
piit-1	F35B12.4
sas-5	F35B12.5
tag-290	F35B12.6
nlp-24	F35B12.7
glb-15	F35B12.8
F35B12.10	F35B12.10
sipa-1	T27F2.2
bir-1	T27F2.3
skp-1	T27F2.1
zip-10	T27F2.4
ceh-27	F46F3.1
F46F3.3	F46F3.3
lgc-44	F46F3.2
ape-1	F46F3.4
W05E10.2	W05E10.2
W05E10.1	W05E10.1
W05E10.5	W05E10.5
ceh-32	W05E10.3
tre-3	W05E10.4
daf-11	B0240.3
rhr-2	B0240.1
npp-22	B0240.4
spe-42	B0240.2
T04F3.1	T04F3.1
smoc-1	T04F3.2
T04F3.3	T04F3.3
T04F3.5	T04F3.5
T04F3.4	T04F3.4
F55A11.1	F55A11.1
syx-5	F55A11.2
sel-11	F55A11.3
F55A11.4	F55A11.4
bus-18	F55A11.5
F55A11.6	F55A11.6
F55A11.11	F55A11.11
F55A11.7	F55A11.7
F55A11.8	F55A11.8
D2023.1	D2023.1
D2023.3	D2023.3
pyc-1	D2023.2
D2023.4	D2023.4
mpst-1	D2023.5
D2023.6	D2023.6
col-158	D2023.7
nphp-4	R13H4.1
pho-8	R13H4.3
R13H4.2	R13H4.2
R13H4.8	R13H4.8
hmp-1	R13H4.4
R13H4.5	R13H4.5
R13H4.6	R13H4.6
R13H4.7	R13H4.7
sulp-4	K12G11.1
sulp-5	K12G11.2
sodh-1	K12G11.3
sodh-2	K12G11.4
srx-76	K12G11.5
K12G11.6	K12G11.6
sma-1	R31.1
R31.2	R31.2
osm-6	R31.3
aman-2	F58H1.1
F58H1.2	F58H1.2
F58H1.3	F58H1.3
F58H1.8	F58H1.8
flr-2	F58H1.4
F58H1.6	F58H1.6
F58H1.5	F58H1.5
F58H1.7	F58H1.7
cpr-1	C52E4.1
mif-2	C52E4.2
snr-4	C52E4.3
rpt-1	C52E4.4
mans-2	C52E4.5
cyl-1	C52E4.6
C52E4.7	C52E4.7
gcy-33	F57F5.2
C52E4.12	C52E4.12
cpr-9	F57F5.1
F57F5.3	F57F5.3
add-2	F57F5.4
pkc-1	F57F5.5
F10C2.3	F10C2.3
kup-1	F10C2.2
F10C2.4	F10C2.4
F10C2.5	F10C2.5
dars-2	F10C2.6
F10C2.7	F10C2.7
R07B7.2	R07B7.2
clh-6	R07B7.1
pqn-53	R07B7.3
kmo-2	R07B7.4
kmo-1	R07B7.5
R07B7.6	R07B7.6
R07B7.9	R07B7.9
R07B7.8	R07B7.8
R07B7.10	R07B7.10
gana-1	R07B7.11
R07B7.12	R07B7.12
nhr-206	R07B7.13
nhr-208	R07B7.15
nhr-207	R07B7.14
nhr-209	R07B7.16
nhr-154	C13C4.2
nhr-153	C13C4.1
nhr-136	C13C4.3
C13C4.4	C13C4.4
spin-1	C13C4.5
C13C4.8	C13C4.8
C13C4.7	C13C4.7
C13C4.6	C13C4.6
C27A7.6	C27A7.6
C27A7.1	C27A7.1
C27A7.3	C27A7.3
che-11	C27A7.4
C27A7.8	C27A7.8
C27A7.9	C27A7.9
C27A7.5	C27A7.5
srj-4	C27A7.7
col-37	ZK863.2
ZK863.1	ZK863.1
clec-224	ZK863.9
elpc-3	ZK863.3
usip-1	ZK863.4
srd-4	ZK863.5
ZK863.8	ZK863.8
dpy-30	ZK863.6
rnp-1	ZK863.7
ogdh-2	ZK836.2
ZK836.3	ZK836.3
lon-3	ZK836.1
vab-8	K12F2.2
myo-3	K12F2.1
ttr-22	T04H1.3
T04H1.2	T04H1.2
T04H1.13	T04H1.13
rad-50	T04H1.4
T04H1.5	T04H1.5
lrx-1	T04H1.6
T04H1.12	T04H1.12
ugt-55	T04H1.7
ugt-56	T04H1.8
tbb-6	T04H1.9
ssp-35	F55C5.1
twk-24	F55C5.3
tsfm-1	F55C5.5
capg-2	F55C5.4
bnc-1	F55C5.11
F55C5.10	F55C5.10
rskd-1	F55C5.7
srpa-68	F55C5.8
srh-16	F55C5.9
frm-7	C51F7.1
F55C5.17	F55C5.17
srg-45	C51F7.2
hpo-30	R04F11.1
R04F11.3	R04F11.3
R04F11.5	R04F11.5
R04F11.2	R04F11.2
twk-13	R04F11.4
tomm-20	F23H12.2
snb-2	F23H12.1
F23H12.3	F23H12.3
sqt-3	F23H12.4
F23H12.5	F23H12.5
fipr-1	F23H12.8
gcy-13	F23H12.6
fipr-2	F23H12.9
F23H12.7	F23H12.7
F23H12.10	F23H12.10
K01D12.1	K01D12.1
K01D12.15	K01D12.15
twk-14	K01D12.4
K01D12.5	K01D12.5
miga-1	K01D12.6
K01D12.20	K01D12.20
K01D12.7	K01D12.7
K01D12.8	K01D12.8
K01D12.9	K01D12.9
K01D12.10	K01D12.10
cdr-4	K01D12.11
hrg-2	K01D12.14
cdr-7	K01D12.13
cdr-6	K01D12.12
cdr-2	C54D10.1
cdr-3	C54D10.2
C54D10.3	C54D10.3
C54D10.4	C54D10.4
C54D10.5	C54D10.5
C54D10.13	C54D10.13
srh-25	C54D10.6
pals-37	C54D10.14
pals-39	C54D10.7
pals-38	C54D10.8
C54D10.9	C54D10.9
C54D10.10	C54D10.10
F28C1.1	F28C1.1
egl-10	F28C1.2
F28C1.3	F28C1.3
atn-1	W04D2.1
srt-39	W04D2.2
inx-11	W04D2.3
mrps-11	W04D2.5
W04D2.4	W04D2.4
rbm-25	W04D2.6
T28H10.1	T28H10.1
nlp-46	T28H10.4
T28H10.2	T28H10.2
lgmn-1	T28H10.3
cal-1	C13C12.1
dyf-4	C13C12.2
F45D3.1	F45D3.1
F45D3.2	F45D3.2
F45D3.3	F45D3.3
F45D3.4	F45D3.4
sel-1	F45D3.5
mrps-5	E02A10.1
E02A10.4	E02A10.4
grl-23	E02A10.2
E02A10.3	E02A10.3
C14C10.1	C14C10.1
ttr-43	C14C10.7
C14C10.2	C14C10.2
mma-1	C14C10.4
ril-2	C14C10.3
C14C10.10	C14C10.10
C14C10.5	C14C10.5
erg-28	C14C10.6
ZC116.5	ZC116.5
ZC116.1	ZC116.1
cubn-1	ZC116.3
cyc-2.2	ZC116.2
F56H9.9	F56H9.9
F56H9.6	F56H9.6
srx-113	F56H9.1
F56H9.2	F56H9.2
gpa-8	F56H9.3
F56H9.8	F56H9.8
gpa-9	F56H9.4
lin-25	F56H9.5
W05B10.6	W05B10.6
ccch-3	W05B10.2
his-74	W05B10.1
W05B10.3	W05B10.3
W05B10.4	W05B10.4
srx-116	W05B10.5
frpr-15	K10C8.2
parn-1	K10C8.1
K10C8.4	K10C8.4
istr-1	K10C8.3
R11D1.1	R11D1.1
R11D1.2	R11D1.2
R11D1.3	R11D1.3
R11D1.4	R11D1.4
str-178	R11D1.5
str-181	R11D1.6
R11D1.7	R11D1.7
R11D1.12	R11D1.12
R11D1.13	R11D1.13
rpl-28	R11D1.8
mrpl-49	R11D1.9
R11D1.10	R11D1.10
dhs-21	R11D1.11
xbx-9	C15C8.1
cky-1	C15C8.2
hrg-7	C15C8.3
C15C8.7	C15C8.7
C15C8.4	C15C8.4
C15C8.5	C15C8.5
C15C8.6	C15C8.6
C15C8.8	C15C8.8
gpa-13	F18E2.5
papl-1	F18E2.1
F18E2.15	F18E2.15
abcf-1	F18E2.2
scc-3	F18E2.3
srt-43	F18E2.4
ZC455.1	ZC455.1
sre-20	ZC455.7
fkb-4	ZC455.10
srbc-44	ZC455.9
srbc-43	ZC455.8
ugt-5	ZC455.6
ugt-4	ZC455.5
ugt-6	ZC455.4
ugt-3	ZC455.3
srbc-45	ZC455.11
ZC443.7	ZC443.7
ZC443.1	ZC443.1
ZC443.2	ZC443.2
ZC443.3	ZC443.3
ZC443.4	ZC443.4
ugt-18	ZC443.5
ugt-16	ZC443.6
ugt-15	C44H9.1
C44H9.4	C44H9.4
C44H9.6	C44H9.6
C44H9.5	C44H9.5
C44H9.7	C44H9.7
anp-1	T07F10.1
nspg-1	T07F10.6
T07F10.5	T07F10.5
T07F10.3	T07F10.3
bus-19	T07F10.4
glb-24	R90.5
ttbk-7	R90.1
ttr-27	R90.2
ttr-28	R90.3
ttr-29	R90.4
nid-1	F54F3.1
lipl-1	F54F3.3
dhrs-4	F54F3.4
pqn-67	T16G1.1
T16G1.2	T16G1.2
T16G1.7	T16G1.7
T16G1.6	T16G1.6
T16G1.5	T16G1.5
T16G1.4	T16G1.4
T16G1.3	T16G1.3
grl-2	T16G1.8
T16G1.9	T16G1.9
T16G1.13	T16G1.13
T16G1.18	T16G1.18
pqn-68	T16G1.10
eif-3.K	T16G1.11
mpst-7	R186.6
hrg-9	R186.1
srd-35	R186.2
R186.3	R186.3
R186.8	R186.8
lin-46	R186.4
pnn-1	R186.7
shw-3	R186.5
F15B9.8	F15B9.8
F15B9.11	F15B9.11
dsl-7	F15B9.9
far-5	F15B9.3
far-3	F15B9.1
far-4	F15B9.2
inft-2	F15B9.4
F15B9.10	F15B9.10
try-10	F15B9.5
F15B9.6	F15B9.6
fmi-1	F15B9.7
W07G4.1	W07G4.1
W07G4.7	W07G4.7
W07G4.2	W07G4.2
scyl-1	W07G4.3
lap-2	W07G4.4
W07G4.5	W07G4.5
W07G4.8	W07G4.8
srr-1	W07G4.6
F42E8.1	F42E8.1
C34B4.3	C34B4.3
C34B4.2	C34B4.2
C34B4.4	C34B4.4
lurp-4	C34B4.7
C34B4.5	C34B4.5
max-1	C34B4.1
acly-2	B0365.1
eat-6	B0365.3
B0365.9	B0365.9
clec-225	B0365.5
clec-41	B0365.6
dhc-3	B0365.7
noca-1	T09E8.1
him-17	T09E8.2
cni-1	T09E8.3
T09E8.4	T09E8.4
sri-6	T09E8.5
sun-1	F57B1.2
F57B1.1	F57B1.1
F57B1.9	F57B1.9
col-159	F57B1.3
col-160	F57B1.4
F57B1.5	F57B1.5
F57B1.6	F57B1.6
dmd-10	C34D1.1
odr-3	C34D1.3
C34D1.4	C34D1.4
zip-5	C34D1.5
uig-1	F32F2.1
F32F2.4	F32F2.4
C26E1.1	C26E1.1
ceh-79	C26E1.3
C26E1.2	C26E1.2
C50B6.1	C50B6.1
nasp-2	C50B6.2
C50B6.3	C50B6.3
col-161	C50B6.4
srh-18	C50B6.5
srh-15	C50B6.6
C50B6.7	C50B6.7
str-37	C50B6.12
nhr-129	C50B6.14
nhr-168	C50B6.8
C50B6.9	C50B6.9
str-4	C50B6.10
lgc-48	C50B6.11
twk-43	F32H5.7
F32H5.1	F32H5.1
F32H5.3	F32H5.3
F32H5.4	F32H5.4
srg-46	F32H5.5
srx-125	F32H5.6
ifbp-1	M04G12.1
cpz-2	M04G12.2
gcy-34	M04G12.3
somi-1	M04G12.4
cutl-1	F53F1.1
F53F1.2	F53F1.2
F53F1.3	F53F1.3
F53F1.4	F53F1.4
cut-2	F53F1.5
F53F1.6	F53F1.6
srv-8	F53F1.7
srv-9	F53F1.8
srv-10	F53F1.9
srd-18	F53F1.10
srd-19	F53F1.11
srd-17	Y2H9A.2
mes-4	Y2H9A.1
col-162	Y2H9A.3
Y2H9A.6	Y2H9A.6
Y2H9A.4	Y2H9A.4
lurp-2	F25H9.1
lurp-3	F25H9.3
F25H9.2	F25H9.2
bath-39	F25H9.4
frm-10	F25H9.5
F25H9.6	F25H9.6
F25H9.7	F25H9.7
T10G3.1	T10G3.1
T10G3.8	T10G3.8
T10G3.2	T10G3.2
T10G3.4	T10G3.4
T10G3.3	T10G3.3
eea-1	T10G3.5
gut-2	T10G3.6
avr-15	R11G10.1
R11G10.4	R11G10.4
R11G10.2	R11G10.2
R11G10.3	R11G10.3
ttr-44	C56A3.2
frpr-5	C56A3.3
C56A3.4	C56A3.4
C56A3.5	C56A3.5
C56A3.6	C56A3.6
cav-2	C56A3.7
C56A3.8	C56A3.8
grl-17	C56A3.1
slrp-1	C50B8.1
nuaf-1	C50B8.3
bir-2	C50B8.2
C50B8.4	C50B8.4
C50B8.6	C50B8.6
C50B8.5	C50B8.5
F53F4.1	F53F4.1
F53F4.2	F53F4.2
F53F4.17	F53F4.17
F53F4.18	F53F4.18
tbcb-1	F53F4.3
F53F4.4	F53F4.4
rdy-2	F53F4.6
fmo-4	F53F4.5
F53F4.13	F53F4.13
F53F4.7	F53F4.7
srd-11	F53F4.9
F53F4.15	F53F4.15
F53F4.16	F53F4.16
F53F4.11	F53F4.11
F53F4.10	F53F4.10
F53F4.12	F53F4.12
sde-2	F53F4.14
H37A05.2	H37A05.2
H37A05.4	H37A05.4
lpin-1	H37A05.1
letm-1	F58G11.1
rde-12	F58G11.2
mip-2	F58G11.3
F58G11.4	F58G11.4
tag-65	F58G11.5
ccz-1	F58G11.6
T01D3.1	T01D3.1
T01D3.3	T01D3.3
hlh-34	T01D3.2
srx-96	T01D3.4
zipt-9	T01D3.5
T01D3.6	T01D3.6
F35E12.2	F35E12.2
fbxa-181	F35E12.3
dct-17	F35E12.7
F35E12.6	F35E12.6
irg-5	F35E12.5
F35E12.9	F35E12.9
F35E12.10	F35E12.10
cld-9	F35E12.8
F20G2.1	F20G2.1
F20G2.2	F20G2.2
F20G2.6	F20G2.6
F20G2.3	F20G2.3
nas-24	F20G2.4
F20G2.5	F20G2.5
F53C11.1	F53C11.1
F53C11.9	F53C11.9
F53C11.3	F53C11.3
F53C11.4	F53C11.4
F53C11.5	F53C11.5
twk-32	F53C11.6
swan-2	F53C11.7
swan-1	F53C11.8
ceh-24	F55B12.1
F55B12.2	F55B12.2
sel-10	F55B12.3
hpo-31	F55B12.4
nrf-5	F55B12.5
str-165	F55B12.6
srx-129	F55B12.9
srx-128	F55B12.7
F55B12.10	F55B12.10
srx-17	F55B12.8
srx-130	F09F3.1
srx-131	F09F3.2
srx-133	F09F3.4
hpx-2	F09F3.5
ttr-21	F09F3.6
srx-134	F09F3.7
srx-136	F09F3.12
srx-135	F09F3.11
srx-137	F09F3.13
nhr-175	F09F3.10
cpt-5	F09F3.9
T22G5.1	T22G5.1
lbp-7	T22G5.2
T22G5.3	T22G5.3
srsx-19	T22G5.4
spp-12	T22G5.7
lbp-8	T22G5.6
sptl-3	T22G5.5
cyp-35C1	C06B3.3
oac-3	C06B3.2
C06B3.1	C06B3.1
stdh-3	C06B3.5
stdh-1	C06B3.4
C06B3.6	C06B3.6
C06B3.7	C06B3.7
gcy-32	C06B3.8
str-252	C06B3.9
str-250	C06B3.10
srx-42	C06B3.11
srxa-11	C06B3.12
srxa-12	C06B3.13
srxa-13	C06B3.14
C06B3.16	C06B3.16
R10D12.1	R10D12.1
srw-145	R10D12.17
dpr-1	R10D12.2
srx-10	R10D12.4
clec-226	R10D12.5
R10D12.6	R10D12.6
R10D12.7	R10D12.7
R10D12.8	R10D12.8
swt-6	R10D12.9
R10D12.10	R10D12.10
srh-24	R10D12.11
algn-13	R10D12.12
R10D12.13	R10D12.13
sao-1	R10D12.14
R10D12.15	R10D12.15
T26F2.1	T26F2.1
eol-1	T26F2.3
end-1	F58E10.2
ric-7	F58E10.1
droe-4	F58E10.7
ddx-17	F58E10.3
aip-1	F58E10.4
end-3	F58E10.5
srh-308	F58E10.6
mtl-2	T08G5.10
T08G5.1	T08G5.1
T08G5.15	T08G5.15
T08G5.2	T08G5.2
T08G5.3	T08G5.3
ins-10	T08G5.12
vps-39	T08G5.5
T08G5.7	T08G5.7
F58D12.5	F58D12.5
F58D12.1	F58D12.1
F58D12.3	F58D12.3
D1086.21	D1086.21
D1086.17	D1086.17
D1086.11	D1086.11
D1086.6	D1086.6
D1086.10	D1086.10
D1086.7	D1086.7
D1086.18	D1086.18
D1086.19	D1086.19
D1086.5	D1086.5
him-5	D1086.4
D1086.3	D1086.3
D1086.8	D1086.8
D1086.2	D1086.2
D1086.1	D1086.1
D1086.12	D1086.12
D1086.9	D1086.9
H39E23.3	H39E23.3
H39E23.2	H39E23.2
par-1	H39E23.1
AH10.4	AH10.4
acs-10	AH10.1
AH10.2	AH10.2
cest-1.2	T02B5.3
srd-26	T02B5.4
cest-1.1	T02B5.1
ocam-1	T02B5.2
cest-2.1	ZC376.3
cest-2.2	ZC376.2
cest-2.3	ZC376.1
ceh-74	ZC376.4
ZC376.8	ZC376.8
trm-1	ZC376.5
ints-2	ZC376.6
atfs-1	ZC376.7
T16A9.3	T16A9.3
str-230	T16A9.2
T16A9.5	T16A9.5
nep-21	T16A9.4
ent-3	K02E11.1
K02E11.10	K02E11.10
sre-7	K02E11.2
K02E11.3	K02E11.3
K02E11.4	K02E11.4
K02E11.6	K02E11.6
K02E11.5	K02E11.5
K02E11.7	K02E11.7
sre-8	F40G12.1
F40G12.2	F40G12.2
F40G12.4	F40G12.4
F40G12.5	F40G12.5
F40G12.6	F40G12.6
F40G12.7	F40G12.7
srt-33	F40G12.8
srt-74	F40G12.15
F40G12.9	F40G12.9
F40G12.10	F40G12.10
F40G12.11	F40G12.11
F14D7.1	F14D7.1
F14D7.18	F14D7.18
F14D7.2	F14D7.2
F14D7.9	F14D7.9
F14D7.3	F14D7.3
F14D7.5	F14D7.5
F14D7.12	F14D7.12
F14D7.6	F14D7.6
F14D7.7	F14D7.7
F14D7.10	F14D7.10
F14D7.14	F14D7.14
F14D7.11	F14D7.11
F14D7.8	F14D7.8
F47B8.1	F47B8.1
F47B8.2	F47B8.2
F47B8.13	F47B8.13
F47B8.14	F47B8.14
F47B8.3	F47B8.3
F47B8.4	F47B8.4
F47B8.18	F47B8.18
F47B8.5	F47B8.5
pepm-1	F47B8.6
F47B8.8	F47B8.8
srm-4	F47B8.7
srm-5	F47B8.12
srm-6	F47B8.9
F47B8.10	F47B8.10
cept-2	Y49A3A.1
vha-13	Y49A3A.2
Y49A3A.3	Y49A3A.3
cyn-1	Y49A3A.5
Y49A3A.4	Y49A3A.4
unc-39	F56A12.1
F56A12.2	F56A12.2
C15H11.10	C15H11.10
C15H11.1	C15H11.1
C15H11.13	C15H11.13
gnrr-2	C15H11.2
nxf-1	C15H11.3
C15H11.11	C15H11.11
nxf-2	C15H11.6
set-31	C15H11.5
dhs-22	C15H11.4
pas-1	C15H11.7
rpoa-12	C15H11.8
rrbs-1	C15H11.9
F23B12.1	F23B12.1
egl-1	F23B12.9
F23B12.4	F23B12.4
dlat-1	F23B12.5
fntb-1	F23B12.6
F23B12.7	F23B12.7
bmk-1	F23B12.8
coh-3	F08H9.1
F08H9.2	F08H9.2
F08H9.3	F08H9.3
F08H9.4	F08H9.4
srz-97	F08H9.12
clec-57	F08H9.6
clec-227	F08H9.5
clec-56	F08H9.7
clec-54	F08H9.8
clec-55	F08H9.9
R02D5.7	R02D5.7
R02D5.10	R02D5.10
R02D5.3	R02D5.3
R02D5.4	R02D5.4
R02D5.24	R02D5.24
R02D5.1	R02D5.1
R02D5.9	R02D5.9
R02D5.6	R02D5.6
R02D5.8	R02D5.8
C53A5.17	C53A5.17
C53A5.16	C53A5.16
C53A5.2	C53A5.2
ril-1	C53A5.1
hda-1	C53A5.3
kcnl-4	C53A5.5
tag-191	C53A5.4
C53A5.6	C53A5.6
C53A5.13	C53A5.13
srg-47	C53A5.8
C53A5.9	C53A5.9
srt-32	C53A5.10
C53A5.11	C53A5.11
gar-3	Y40H4A.1
Y40H4A.2	Y40H4A.2
pes-9	R11H6.1
R11H6.2	R11H6.2
glb-22	R11H6.3
R11H6.4	R11H6.4
R11H6.5	R11H6.5
ccnk-1	F43D2.1
hot-1	F43D2.4
F43D2.6	F43D2.6
F43D2.3	F43D2.3
F43D2.7	F43D2.7
C54G10.1	C54G10.1
rfc-1	C54G10.2
pmp-3	C54G10.3
slc-25A29	C54G10.4
srh-17	C47E8.2
C47E8.9	C47E8.9
C47E8.1	C47E8.1
C47E8.3	C47E8.3
C47E8.4	C47E8.4
hsp-90	C47E8.5
C47E8.11	C47E8.11
gasr-8	C47E8.6
unc-112	C47E8.7
set-5	C47E8.8
R08A2.9	R08A2.9
ssp-33	R08A2.3
R08A2.5	R08A2.5
R08A2.2	R08A2.2
fbxa-147	R08A2.4
R08A2.1	R08A2.1
R08A2.7	R08A2.7
Y50E8A.1	Y50E8A.1
Y50E8A.2	Y50E8A.2
oig-3	Y50E8A.3
unc-61	Y50E8A.4
Y50E8A.5	Y50E8A.5
Y50E8A.6	Y50E8A.6
lipl-8	Y50E8A.7
Y50E8A.22	Y50E8A.22
nspa-10	Y50E8A.17
haf-7	Y50E8A.16
scrm-7	Y50E8A.9
Y50E8A.10	Y50E8A.10
Y50E8A.11	Y50E8A.11
Y50E8A.12	Y50E8A.12
rin-1	C48G7.3
W06A7.2	W06A7.2
W06A7.4	W06A7.4
nspa-8	W06A7.5
ret-1	W06A7.3
npr-13	ZC412.1
gcy-14	ZC412.2
ZC412.3	ZC412.3
ZC412.5	ZC412.5
ZC412.10	ZC412.10
nspa-5	ZC412.6
ZC412.8	ZC412.8
nspa-3	ZC412.7
ZC412.9	ZC412.9
nspa-7	H12D21.15
nspa-4	H12D21.13
H12D21.3	H12D21.3
nspa-1	H12D21.1
H12D21.2	H12D21.2
nspa-6	H12D21.14
nspa-2	H12D21.12
mpst-2	H12D21.4
H12D21.5	H12D21.5
mpst-3	H12D21.7
H12D21.6	H12D21.6
H12D21.10	H12D21.10
H12D21.9	H12D21.9
H12D21.11	H12D21.11
zmp-4	W09D12.1
srg-54	W09D12.3
srg-55	W09D12.2
C30G7.2	C30G7.2
C30G7.3	C30G7.3
C30G7.4	C30G7.4
hil-1	C30G7.1
C30G7.5	C30G7.5
F02D8.9	F02D8.9
nlp-59	F02D8.5
F02D8.1	F02D8.1
grd-12	F02D8.2
xbx-1	F02D8.3
F02D8.4	F02D8.4
cdt-2	T01C3.1
T01C3.2	T01C3.2
T01C3.3	T01C3.3
fil-1	T01C3.4
irld-14	T01C3.5
T01C3.11	T01C3.11
rps-16	T01C3.6
fib-1	T01C3.7
mut-15	T01C3.8
hrde-2	T01C3.9
nmr-2	T01C3.10
obr-2	F14H8.1
F14H8.2	F14H8.2
F14H8.5	F14H8.5
F14H8.4	F14H8.4
cng-1	F14H8.6
F14H8.8	F14H8.8
C25D7.1	C25D7.1
sdc-3	C25D7.3
fbxa-82	C25D7.4
C25D7.5	C25D7.5
C25D7.16	C25D7.16
mcm-3	C25D7.6
C25D7.15	C25D7.15
rap-2	C25D7.7
C25D7.9	C25D7.9
otub-1	C25D7.8
C25D7.10	C25D7.10
dnj-3	C01G10.12
unc-76	C01G10.11
C01G10.10	C01G10.10
C01G10.9	C01G10.9
ahsa-1	C01G10.8
C01G10.7	C01G10.7
C01G10.15	C01G10.15
C01G10.6	C01G10.6
C01G10.18	C01G10.18
C01G10.5	C01G10.5
C01G10.4	C01G10.4
C01G10.17	C01G10.17
txt-12	C01G10.16
srx-78	C01G10.3
C01G10.1	C01G10.1
C01G10.14	C01G10.14
Y75B12A.2	Y75B12A.2
T01G5.7	T01G5.7
T01G5.6	T01G5.6
T01G5.8	T01G5.8
T01G5.1	T01G5.1
ugt-30	T01G5.2
srj-27	T01G5.3
srr-7	T01G5.4
str-171	T01G5.5
aipl-1	K08F9.2
K08F9.1	K08F9.1
K08F9.3	K08F9.3
K08F9.4	K08F9.4
T09F5.20	T09F5.20
T09F5.1	T09F5.1
T09F5.2	T09F5.2
srh-55	T09F5.5
str-45	T09F5.3
srz-11	T09F5.16
clec-47	T09F5.9
T09F5.10	T09F5.10
fbxa-84	T09F5.11
Y75B12B.1	Y75B12B.1
Y75B12B.3	Y75B12B.3
cyn-7	Y75B12B.2
bath-36	Y75B12B.4
cyn-3	Y75B12B.5
Y75B12B.11	Y75B12B.11
plc-2	Y75B12B.6
Y75B12B.13	Y75B12B.13
srw-1	Y75B12B.7
Y75B12B.10	Y75B12B.10
Y75B12B.8	Y75B12B.8
C41G6.12	C41G6.12
C41G6.13	C41G6.13
sri-24	C41G6.11
sri-26	C41G6.14
sri-25	C41G6.10
irld-25	C41G6.6
srw-24	C41G6.7
srw-14	C41G6.8
srw-15	C41G6.3
srw-13	C41G6.15
nhr-164	C41G6.5
srw-12	C41G6.2
srw-11	M01B2.11
chil-12	M01B2.6
kin-30	M01B2.1
srd-28	M01B2.2
srbc-76	M01B2.4
srbc-75	M01B2.3
srsx-39	M01B2.9
srsx-37	M01B2.7
M01B2.8	M01B2.8
M01B2.10	M01B2.10
M01B2.12	M01B2.12
M01B2.13	M01B2.13
T10H4.13	T10H4.13
srw-22	T10H4.3
T10H4.4	T10H4.4
srw-16	T10H4.5
srw-17	T10H4.6
srw-19	T10H4.8
srx-51	T10H4.9
cyp-34A1	T10H4.10
cyp-34A2	T10H4.11
str-96	T10H4.2
cpr-3	T10H4.12
srx-48	T26H8.2
T26H8.5	T26H8.5
T26H8.4	T26H8.4
srz-10	ZK1037.11
irld-62	ZK1037.1
srt-22	ZK1037.3
nhr-246	ZK1037.4
nhr-291	ZK1037.13
nhr-247	ZK1037.5
ZK1037.6	ZK1037.6
srh-295	ZK1037.8
srw-113	ZK1037.9
wrt-7	ZK1037.10
clec-228	H02K04.2
clec-229	H02K04.1
wrt-8	C29F3.2
C29F3.3	C29F3.3
clec-230	C29F3.5
clec-231	C29F3.4
srx-58	C29F3.6
C29F3.7	C29F3.7
ech-1.1	C29F3.1
nhr-269	R08H2.9
srh-52	R08H2.7
srh-122	R08H2.5
srh-251	R08H2.4
dhs-23	R08H2.1
str-88	R08H2.2
str-102	R08H2.13
srh-170	R08H2.3
T06E6.1	T06E6.1
cyb-3	T06E6.2
fbxa-199	T06E6.3
T06E6.15	T06E6.15
sri-7	T06E6.4
fbxa-135	T06E6.5
srh-258	T06E6.7
srh-257	T06E6.6
srbc-63	T06E6.11
srh-264	T06E6.8
srh-265	T06E6.9
T06E6.10	T06E6.10
fbxa-104	T06E6.13
fbxa-209	Y36E3A.1
Y36E3A.2	Y36E3A.2
T26H5.8	T26H5.8
T26H5.10	T26H5.10
T26H5.11	T26H5.11
T26H5.9	T26H5.9
srh-239	T26H5.3
T26H5.4	T26H5.4
T26H5.14	T26H5.14
srw-33	T26H5.5
str-71	T23F1.4
rocf-1	T23F1.5
pqn-71	T23F1.6
dpf-1	T23F1.7
C06B8.2	C06B8.2
nhr-150	C06B8.1
C06B8.3	C06B8.3
srw-21	C06B8.9
str-264	C06B8.4
srh-218	C06B8.10
srh-219	C06B8.6
C06B8.7	C06B8.7
rpl-38	C06B8.8
lgc-31	F21A3.7
F21A3.3	F21A3.3
srh-276	F21A3.1
F21A3.11	F21A3.11
F21A3.2	F21A3.2
F21A3.4	F21A3.4
prde-1	F21A3.5
glb-14	F21A3.6
acr-18	F28F8.1
acs-2	F28F8.2
lsm-5	F28F8.3
fbxa-95	F28F8.4
fbxa-94	F28F8.8
mdt-28	F28F8.5
atx-3	F28F8.6
F28F8.9	F28F8.9
F28F8.7	F28F8.7
fbxa-139	B0391.9
B0391.14	B0391.14
fbxa-152	B0391.11
fbxa-154	B0391.6
fbxa-153	B0391.5
str-12	B0391.4
str-263	B0391.12
C55A1.1	C55A1.1
C55A1.11	C55A1.11
str-248	C55A1.3
srz-44	C55A1.12
C55A1.4	C55A1.4
str-23	C55A1.5
C55A1.7	C55A1.7
C55A1.6	C55A1.6
sru-42	C55A1.8
F53E4.1	F53E4.1
F53E4.2	F53E4.2
K06B4.4	K06B4.4
K06B4.15	K06B4.15
nhr-51	K06B4.1
nhr-52	K06B4.2
nhr-196	K06B4.5
nhr-197	K06B4.7
nhr-268	K06B4.6
nhr-198	K06B4.8
srx-29	K06B4.9
nhr-199	K06B4.10
nhr-53	K06B4.11
twk-34	K06B4.12
Y6E2A.1	Y6E2A.1
str-101	Y6E2A.2
Y6E2A.4	Y6E2A.4
Y6E2A.5	Y6E2A.5
Y6E2A.7	Y6E2A.7
srh-140	Y6E2A.6
irld-57	Y6E2A.8
sfxn-1.3	Y6E2A.9
Y6E2A.10	Y6E2A.10
str-38	T23D5.2
T23D5.3	T23D5.3
str-27	T23D5.1
str-18	T23D5.6
str-19	T23D5.7
T23D5.8	T23D5.8
str-6	T23D5.10
str-43	T23D5.9
str-5	T23D5.12
str-8	T23D5.11
str-9	F57A10.1
haf-3	F57A10.3
F57A10.2	F57A10.2
F57A10.4	F57A10.4
nhr-60	F57A10.5
nhr-283	F57A10.6
nhr-285	T26E4.16
irld-52	T26E4.1
T26E4.2	T26E4.2
T26E4.3	T26E4.3
T26E4.4	T26E4.4
T26E4.7	T26E4.7
nhr-223	T26E4.8
T26E4.10	T26E4.10
T26E4.9	T26E4.9
srd-27	T26E4.12
T26E4.18	T26E4.18
srsx-38	T26E4.14
srsx-36	T26E4.15
F54B8.1	F54B8.1
nhr-282	F54B8.2
fbxa-69	F54B8.3
F54B8.4	F54B8.4
abf-3	F54B8.5
srbc-48	F54B8.6
srbc-49	F54B8.7
srbc-50	F54B8.8
srbc-51	F54B8.9
srbc-55	F54B8.16
srbc-56	F54B8.12
srbc-54	F54B8.11
srh-149	K08G2.13
srh-147	K08G2.12
srh-148	K08G2.5
srz-12	K08G2.7
srh-299	K08G2.9
srh-293	K08G2.8
fbxa-197	T06C12.4
str-57	T06C12.2
str-56	T06C12.3
nhr-102	T06C12.6
nhr-84	T06C12.7
oac-42	T06C12.8
T06C12.9	T06C12.9
cgt-1	T06C12.10
T06C12.12	T06C12.12
T06C12.11	T06C12.11
nhr-213	T06C12.13
str-60	T06C12.1
T06C12.14	T06C12.14
F35E8.1	F35E8.1
F35E8.2	F35E8.2
F35E8.6	F35E8.6
F35E8.7	F35E8.7
gst-38	F35E8.8
F35E8.9	F35E8.9
F35E8.10	F35E8.10
cdr-1	F35E8.11
nhr-108	F35E8.12
F35E8.13	F35E8.13
pzf-1	T05G11.1
srbc-77	T05G11.2
srw-26	T05G11.3
srw-55	T05G11.6
srw-53	T05G11.7
srw-59	H24D24.1
srw-56	F36G9.16
srw-57	F36G9.1
srh-186	F36G9.2
F36G9.3	F36G9.3
sri-2	F36G9.9
sri-1	F36G9.8
F36G9.7	F36G9.7
sru-23	F36G9.6
sru-22	F36G9.5
clec-232	F36G9.11
oac-20	F36G9.12
fbxa-99	F36G9.14
F36G9.13	F36G9.13
F36G9.15	F36G9.15
C06C6.7	C06C6.7
C06C6.9	C06C6.9
C06C6.8	C06C6.8
nhr-50	C06C6.5
nhr-63	C06C6.4
str-231	C06C6.3
str-233	C06C6.2
str-232	T10C6.1
srx-43	T10C6.3
srx-44	T10C6.4
cwc-15	T10C6.5
T10C6.6	T10C6.6
T10C6.7	T10C6.7
T10C6.16	T10C6.16
T10C6.10	T10C6.10
his-4	T10C6.11
his-3	T10C6.12
his-2	T10C6.13
his-1	T10C6.14
T10C6.15	T10C6.15
ZK285.2	ZK285.2
str-198	ZK285.1
best-12	F14H3.2
F14H3.3	F14H3.3
F14H3.4	F14H3.4
F14H3.5	F14H3.5
F14H3.6	F14H3.6
F14H3.15	F14H3.15
fbxa-100	F14H3.7
F14H3.14	F14H3.14
cyp-35D1	F14H3.10
nhr-176	F14H3.11
srj-10	F14H3.1
F14H3.12	F14H3.12
srj-29	F22B8.1
F22B8.3	F22B8.3
F22B8.7	F22B8.7
str-7	F22B8.5
cth-1	F22B8.6
argk-1	F44G3.2
srxa-16	F44G3.5
str-25	F44G3.11
str-103	F44G3.1
skr-3	F44G3.6
nhr-111	F44G3.9
fbxa-143	F44G3.14
fbxa-142	F44G3.12
fbxa-144	F44G3.8
F44G3.7	F44G3.7
F44G3.10	F44G3.10
F10A3.1	F10A3.1
fbxa-88	F10A3.2
fbxa-18	F10A3.3
F10A3.4	F10A3.4
str-254	F10A3.9
str-97	F10A3.8
str-99	F10A3.6
F10A3.17	F10A3.17
str-109	F10A3.5
F10A3.11	F10A3.11
F10A3.12	F10A3.12
str-108	F10A3.13
str-111	F10A3.15
K05D4.9	K05D4.9
cyp-33D1	K05D4.4
str-106	K05D4.2
srz-13	K05D4.8
srh-277	K05D4.6
srz-14	K05D4.3
srh-281	F11A5.1
srh-279	F11A5.2
F11A5.3	F11A5.3
F11A5.4	F11A5.4
F11A5.5	F11A5.5
F11A5.17	F11A5.17
F11A5.18	F11A5.18
irld-26	F11A5.7
oac-15	F11A5.8
F11A5.16	F11A5.16
F11A5.9	F11A5.9
F11A5.15	F11A5.15
glc-1	F11A5.10
stdh-2	F11A5.12
F11A5.13	F11A5.13
F21H7.2	F21H7.2
F21H7.12	F21H7.12
gst-22	F21H7.1
F21H7.3	F21H7.3
clec-233	F21H7.4
srh-98	F21H7.14
F21H7.5	F21H7.5
srh-104	F21H7.7
srh-95	F21H7.11
gcy-20	F21H7.9
bgnt-1.3	F21H7.10
nhr-218	T13F3.2
nhr-127	T13F3.3
T13F3.4	T13F3.4
fbxa-2	T13F3.5
T13F3.8	T13F3.8
T13F3.6	T13F3.6
T13F3.7	T13F3.7
cyp-37B1	F28G4.1
F28G4.2	F28G4.2
F28G4.4	F28G4.4
F28G4.3	F28G4.3
oac-5	C31A11.1
srbc-83	C31A11.3
srbc-84	C31A11.10
srbc-82	C31A11.4
C31A11.13	C31A11.13
oac-6	C31A11.5
srxa-7	C31A11.6
oac-7	C31A11.7
str-214	C31A11.9
srh-180	F57G8.1
F57G8.7	F57G8.7
srh-167	F57G8.3
srw-87	F57G8.4
slc-9B.2	F57G8.5
nhr-193	F57G8.6
W08G11.5	W08G11.5
W08G11.1	W08G11.1
pptr-1	W08G11.4
W08G11.3	W08G11.3
srv-34	F13A7.3
F13A7.1	F13A7.1
F13A7.7	F13A7.7
sri-65	F13A7.8
gst-44	F13A7.10
srd-63	F13A7.2
F13A7.11	F13A7.11
F13A7.12	F13A7.12
sre-36	F13A7.13
F13A7.14	F13A7.14
syp-1	F26D2.2
F26D2.3	F26D2.3
srh-145	F26D2.4
str-55	F26D2.7
F26D2.16	F26D2.16
srw-48	F26D2.9
srw-29	F26D2.11
F26D2.10	F26D2.10
str-73	F26D2.1
clec-234	F26D2.12
F26D2.13	F26D2.13
F26D2.14	F26D2.14
F26D2.15	F26D2.15
srh-141	T08G3.5
T08G3.6	T08G3.6
T08G3.13	T08G3.13
str-14	T08G3.2
str-15	T08G3.1
srh-142	T08G3.3
sru-44	T08G3.8
srh-138	T08G3.12
srw-35	T08G3.10
T08G3.11	T08G3.11
F57E7.4	F57E7.4
F57E7.1	F57E7.1
F57E7.2	F57E7.2
srh-139	F57E7.3
Y32B12A.5	Y32B12A.5
sqst-4	Y32B12A.1
comt-2	Y32B12A.3
srh-136	F36D3.6
F36D3.1	F36D3.1
F36D3.14	F36D3.14
nhr-54	F36D3.2
srr-3	F36D3.3
F36D3.5	F36D3.5
F36D3.4	F36D3.4
srw-34	F36D3.13
F36D3.8	F36D3.8
F36D3.16	F36D3.16
cpr-2	F36D3.9
Y32B12B.8	Y32B12B.8
Y32B12B.1	Y32B12B.1
Y32B12B.2	Y32B12B.2
srbc-65	Y32B12B.3
Y32B12B.4	Y32B12B.4
sru-45	Y32B12B.7
nhr-233	Y32B12B.6
str-149	Y32B12B.5
str-151	T03E6.1
nhr-271	T03E6.3
str-150	T03E6.4
srw-73	T03E6.6
srh-269	T03E6.5
cpl-1	T03E6.7
T03E6.9	T03E6.9
T03E6.8	T03E6.8
Y32B12C.1	Y32B12C.1
srw-54	Y32B12C.2
Y70C5A.4	Y70C5A.4
Y70C5A.3	Y70C5A.3
Y70C5A.2	Y70C5A.2
oac-53	W06G6.1
W06G6.2	W06G6.2
srd-21	W06G6.3
mltn-11	W06G6.7
srw-76	W06G6.6
srw-77	W06G6.8
W06G6.17	W06G6.17
W06G6.9	W06G6.9
W06G6.10	W06G6.10
W06G6.20	W06G6.20
W06G6.11	W06G6.11
W06G6.12	W06G6.12
W06G6.21	W06G6.21
W06G6.15	W06G6.15
Y70C5B.2	Y70C5B.2
Y70C5B.1	Y70C5B.1
F14F8.15	F14F8.15
F14F8.14	F14F8.14
F14F8.9	F14F8.9
str-61	F14F8.1
F14F8.8	F14F8.8
srz-1	F14F8.3
srz-103	F14F8.4
srw-44	F14F8.6
srw-36	F14F8.7
srw-43	F14F8.5
srz-102	F14F8.13
srw-42	F14F8.11
srz-101	F14F8.12
srw-41	F14F8.10
Y70C5C.1	Y70C5C.1
clec-9	Y70C5C.2
srh-137	Y70C5C.4
nhr-112	Y70C5C.6
T25E12.14	T25E12.14
fbxa-127	T25E12.12
srz-99	T25E12.13
srz-100	T25E12.11
T25E12.16	T25E12.16
clec-38	T25E12.10
clec-34	T25E12.8
clec-29	T25E12.9
clec-39	T25E12.7
T25E12.6	T25E12.6
gyg-2	T25E12.5
dkf-2	T25E12.4
immt-2	W06H3.1
pus-1	W06H3.2
ctps-1	W06H3.3
cand-1	Y102A5A.1
T20B3.1	T20B3.1
T20B3.14	T20B3.14
srh-216	T20B3.5
srh-214	T20B3.4
srh-215	T20B3.3
phy-3	T20B3.7
tni-3	T20B3.2
clec-40	T20B3.13
clec-25	T20B3.15
clec-36	T20B3.16
clec-26	T20B3.12
clec-37	Y102A5B.3
clec-35	Y102A5B.2
clec-27	Y102A5B.1
clec-31	F49A5.2
clec-22	F49A5.3
clec-32	F49A5.9
clec-24	F49A5.4
clec-28	F49A5.5
clec-33	F49A5.7
thn-4	F49A5.6
srw-23	F49A5.8
F49A5.10	F49A5.10
F09C6.3	F09C6.3
F09C6.14	F09C6.14
F09C6.11	F09C6.11
F09C6.12	F09C6.12
F09C6.13	F09C6.13
ifas-2	F09C6.1
fbxa-44	F09C6.2
F09C6.15	F09C6.15
fbxa-45	F09C6.6
srd-68	F09C6.7
nhr-262	F09C6.8
F09C6.16	F09C6.16
nhr-116	F09C6.9
F09C6.10	F09C6.10
fbxa-206	Y102A5C.1
Y102A5C.2	Y102A5C.2
Y102A5C.4	Y102A5C.4
Y102A5C.36	Y102A5C.36
fbxa-148	Y102A5C.9
fbxa-111	Y102A5C.14
fbxa-112	Y102A5C.13
clec-238	Y102A5C.17
srh-206	Y102A5C.15
clec-239	Y102A5C.16
efl-1	Y102A5C.18
fbxa-90	Y102A5C.19
srh-119	Y102A5C.21
srx-54	Y102A5C.22
srz-54	Y102A5C.25
Y102A5C.40	Y102A5C.40
Y102A5C.27	Y102A5C.27
srz-95	Y102A5C.33
str-217	Y102A5C.28
sri-9	Y102A5C.29
srh-131	Y102A5C.31
sri-69	Y102A5C.32
F49H6.13	F49H6.13
clec-240	F49H6.1
clec-241	F49H6.2
F49H6.3	F49H6.3
srh-97	F49H6.4
F49H6.17	F49H6.17
F49H6.12	F49H6.12
F49H6.8	F49H6.8
F49H6.5	F49H6.5
F49H6.15	F49H6.15
srz-94	F49H6.11
hpo-33	F28B1.1
F28B1.2	F28B1.2
sri-66	F28B1.6
F28B1.9	F28B1.9
srh-255	F28B1.8
T05E12.8	T05E12.8
srbc-14	T05E12.2
str-125	T05E12.1
T05E12.3	T05E12.3
srw-20	T05E12.4
T05E12.9	T05E12.9
T05E12.6	T05E12.6
srh-237	T05E12.7
ZK218.1	ZK218.1
ZK218.3	ZK218.3
ZK218.4	ZK218.4
ZK218.5	ZK218.5
nhr-248	ZK218.6
ZK218.7	ZK218.7
ZK218.11	ZK218.11
F40D4.17	F40D4.17
F40D4.13	F40D4.13
F40D4.12	F40D4.12
srh-102	F40D4.11
srz-66	F40D4.9
srw-51	F40D4.8
srbc-26	F40D4.7
srbc-25	F40D4.6
srsx-1	F40D4.5
srh-174	F40D4.1
srh-159	F40D4.3
str-199	Y68A4A.3
srz-47	Y68A4A.2
srz-96	Y68A4A.6
Y68A4A.10	Y68A4A.10
Y68A4A.13	Y68A4A.13
srh-236	Y68A4A.9
srh-113	Y68A4A.7
srbc-62	T19C9.1
srh-109	T19C9.4
srh-252	T19C9.3
srh-112	T19C9.2
scl-25	T19C9.5
T19C9.10	T19C9.10
T19C9.8	T19C9.8
Y68A4B.3	Y68A4B.3
clec-242	Y68A4B.2
clec-243	Y68A4B.1
Y61B8A.6	Y61B8A.6
srh-116	Y61B8A.1
srh-115	Y61B8A.2
fbxa-85	Y61B8A.4
K10G4.3	K10G4.3
K10G4.10	K10G4.10
K10G4.16	K10G4.16
K10G4.15	K10G4.15
K10G4.5	K10G4.5
sri-70	Y61B8B.1
Y61B8B.3	Y61B8B.3
F31E9.6	F31E9.6
srz-58	F31E9.5
F31E9.3	F31E9.3
sdz-16	F31E9.4
srg-44	F31E9.2
fbxa-185	F47H4.4
fbxa-188	F47H4.8
fbxa-189	F47H4.9
skr-5	F47H4.10
lsy-27	F47H4.1
fbxa-134	F47H4.11
F47H4.2	F47H4.2
Y20C6A.1	Y20C6A.1
fbxb-7	Y20C6A.2
Y20C6A.4	Y20C6A.4
srh-120	T27C5.1
srh-132	T27C5.5
T27C5.12	T27C5.12
T27C5.8	T27C5.8
T27C5.10	T27C5.10
srbc-27	F20E11.15
F20E11.18	F20E11.18
srsx-2	F20E11.2
srh-154	F20E11.12
srh-203	F20E11.10
str-200	F20E11.4
srz-48	F20E11.1
F20E11.7	F20E11.7
srw-72	F20E11.6
F20E11.17	F20E11.17
srh-235	F08E10.1
srh-123	F08E10.3
srbc-61	F08E10.2
srh-111	F08E10.6
scl-24	F08E10.7
fbxa-102	K03D7.7
srh-118	K03D7.6
srw-31	K03D7.2
srw-32	K03D7.11
fbxa-136	C18D4.2
srz-90	C18D4.9
C18D4.12	C18D4.12
C18D4.4	C18D4.4
C18D4.3	C18D4.3
C18D4.6	C18D4.6
srz-25	C18D4.5
fbxa-176	C38D9.9
C38D9.8	C38D9.8
fbxa-174	C38D9.7
fbxa-172	C38D9.6
fbxa-171	C38D9.1
C38D9.2	C38D9.2
fbxa-133	C38D9.4
Y6G8.2	Y6G8.2
ztf-25	Y6G8.3
Y6G8.16	Y6G8.16
srz-91	Y6G8.4
Y6G8.15	Y6G8.15
Y6G8.14	Y6G8.14
Y6G8.5	Y6G8.5
Y6G8.6	Y6G8.6
Y6G8.8	Y6G8.8
F57G4.1	F57G4.1
F57G4.11	F57G4.11
F57G4.10	F57G4.10
fbxa-192	F57G4.8
fbxa-108	F59A1.7
dgat-2	F59A1.10
F59A1.11	F59A1.11
F59A1.12	F59A1.12
str-89	F59A1.4
str-93	F59A1.14
str-92	F59A1.3
F59A1.15	F59A1.15
F59A1.16	F59A1.16
F59A1.6	F59A1.6
F59A1.18	F59A1.18
F59A1.13	F59A1.13
Y26G10.1	Y26G10.1
Y26G10.7	Y26G10.7
Y26G10.4	Y26G10.4
Y26G10.6	Y26G10.6
Y26G10.5	Y26G10.5
srh-32	Y26G10.2
W06D12.6	W06D12.6
srh-31	W06D12.7
twk-33	W06D12.5
str-77	W06D12.4
fat-5	W06D12.3
twk-42	W06D12.2
cutl-4	W06D12.1
twk-36	R12G8.2
R12G8.1	R12G8.1
pgp-9	C47A10.1
C47A10.16	C47A10.16
srh-283	C47A10.2
srh-284	C47A10.3
sre-21	C47A10.4
ddo-1	C47A10.5
C47A10.12	C47A10.12
srab-12	C47A10.6
srh-290	C47A10.11
srh-289	C47A10.10
srh-288	C47A10.7
srx-18	C47A10.8
srh-287	C47A10.9
Y94A7B.11	Y94A7B.11
srh-292	Y94A7B.1
srh-291	Y94A7B.3
srh-296	Y94A7B.4
srh-298	Y94A7B.5
srh-300	Y94A7B.6
srh-301	Y94A7B.8
srh-304	Y94A7B.9
srh-303	Y94A7B.7
srh-286	Y59A8A.4
tcc-1	Y59A8A.3
csn-1	Y59A8A.1
Y59A8A.8	Y59A8A.8
phf-14	Y59A8A.2
C06H5.6	C06H5.6
C06H5.11	C06H5.11
C06H5.12	C06H5.12
fbxa-156	C06H5.1
C06H5.13	C06H5.13
fbxa-157	C06H5.2
C06H5.14	C06H5.14
dcar-1	C06H5.7
C06H5.8	C06H5.8
E01B7.2	E01B7.2
usp-50	E01B7.1
dpy-21	Y59A8B.1
Y59A8B.24	Y59A8B.24
gck-3	Y59A8B.23
snx-6	Y59A8B.22
Y59A8B.21	Y59A8B.21
lon-8	Y59A8B.20
Y59A8B.19	Y59A8B.19
Y59A8B.26	Y59A8B.26
srh-133	Y59A8B.3
srh-134	Y59A8B.4
prp-6	Y59A8B.6
ebp-1	Y59A8B.7
Y59A8B.25	Y59A8B.25
ebp-3	Y59A8B.9
Y59A8B.8	Y59A8B.8
nova-1	Y59A8B.10
fbxa-106	Y59A8B.11
Y59A8B.12	Y59A8B.12
slr-2	Y59A8B.13
par-4	Y59A8B.14
Y37H2A.1	Y37H2A.1
fbxa-107	Y37H2A.4
fbxa-210	Y37H2A.5
fbxa-211	Y37H2A.6
Y37H2A.12	Y37H2A.12
Y37H2A.18	Y37H2A.18
Y37H2A.7	Y37H2A.7
Y37H2A.10	Y37H2A.10
Y37H2A.11	Y37H2A.11
Y37H2A.13	Y37H2A.13
Y37H2A.14	Y37H2A.14
C14A6.3	C14A6.3
clec-48	C14A6.1
C14A6.13	C14A6.13
C14A6.12	C14A6.12
C14A6.5	C14A6.5
C14A6.6	C14A6.6
C14A6.7	C14A6.7
C14A6.8	C14A6.8
C31G12.4	C31G12.4
C31G12.1	C31G12.1
C31G12.3	C31G12.3
clec-245	C31G12.2
clec-246	F16H6.2
clec-42	F16H6.1
F16H6.3	F16H6.3
F16H6.4	F16H6.4
F16H6.7	F16H6.7
F16H6.8	F16H6.8
F16H6.9	F16H6.9
F16H6.10	F16H6.10
R10E8.3	R10E8.3
R10E8.8	R10E8.8
R10E8.1	R10E8.1
R10E8.2	R10E8.2
R10E8.5	R10E8.5
R10E8.6	R10E8.6
fbxa-213	Y37H2C.3
skr-6	Y37H2C.2
Y37H2C.4	Y37H2C.4
Y51A2A.16	Y51A2A.16
clec-247	Y51A2A.1
Y51A2A.4	Y51A2A.4
Y51A2A.12	Y51A2A.12
clec-248	Y51A2A.11
Y51A2A.5	Y51A2A.5
Y51A2A.6	Y51A2A.6
clec-249	Y51A2A.7
fbxb-119	B0462.3
B0462.5	B0462.5
B0462.4	B0462.4
C08E8.10	C08E8.10
C08E8.3	C08E8.3
C08E8.11	C08E8.11
C08E8.2	C08E8.2
C08E8.5	C08E8.5
C08E8.1	C08E8.1
C08E8.9	C08E8.9
C08E8.6	C08E8.6
C08E8.4	C08E8.4
Y51A2B.2	Y51A2B.2
Y51A2B.8	Y51A2B.8
nhr-288	Y51A2B.3
Y51A2B.4	Y51A2B.4
Y51A2B.5	Y51A2B.5
Y51A2B.6	Y51A2B.6
Y51A2B.9	Y51A2B.9
Y51A2B.16	Y51A2B.16
srh-209	ZK262.11
srh-207	ZK262.1
ZK262.2	ZK262.2
txt-8	ZK262.3
srj-26	ZK262.10
ZK262.4	ZK262.4
ZK262.19	ZK262.19
srw-83	ZK262.6
srw-82	ZK262.7
ZK262.20	ZK262.20
ZK262.8	ZK262.8
ZK262.9	ZK262.9
ZK228.1	ZK228.1
ZK228.10	ZK228.10
ZK228.3	ZK228.3
ZK228.4	ZK228.4
ZK228.13	ZK228.13
srh-182	ZK228.5
srh-181	ZK228.6
srh-179	ZK228.7
srh-178	ZK228.8
Y51A2D.18	Y51A2D.18
slo-1	Y51A2D.19
Y51A2D.1	Y51A2D.1
hmit-1.1	Y51A2D.4
hmit-1.2	Y51A2D.5
ints-5	Y51A2D.7
Y51A2D.8	Y51A2D.8
ttr-24	Y51A2D.9
ttr-25	Y51A2D.10
ttr-26	Y51A2D.11
srg-34	Y51A2D.12
Y51A2D.21	Y51A2D.21
Y51A2D.13	Y51A2D.13
txt-14	Y51A2D.14
grdn-1	Y51A2D.15
nhr-70	Y51A2D.17
Y69H2.1	Y69H2.1
Y69H2.15	Y69H2.15
egas-3	Y69H2.2
col-42	Y69H2.14
egas-1	Y69H2.11
egas-2	Y69H2.12
Y69H2.3	Y69H2.3
Y69H2.10	Y69H2.10
Y69H2.17	Y69H2.17
ubc-19	Y69H2.6
Y69H2.7	Y69H2.7
nhr-241	Y69H2.8
Y69H2.9	Y69H2.9
Y17D7C.1	Y17D7C.1
Y17D7C.6	Y17D7C.6
Y17D7C.2	Y17D7C.2
asp-19	ZK384.6
asp-18	ZK384.3
scl-19	ZK384.1
scl-20	ZK384.2
clec-250	F11D11.14
clec-251	F11D11.8
clec-252	F11D11.7
F11D11.12	F11D11.12
F11D11.21	F11D11.21
F11D11.6	F11D11.6
clec-254	F11D11.5
F11D11.3	F11D11.3
F11D11.4	F11D11.4
F11D11.22	F11D11.22
clec-255	F11D11.1
clec-256	Y17D7B.6
clec-257	Y17D7B.8
Y17D7B.4	Y17D7B.4
Y17D7B.10	Y17D7B.10
Y17D7B.3	Y17D7B.3
Y17D7B.2	Y17D7B.2
nhr-231	Y17D7B.1
nhr-170	C54E10.5
C54E10.11	C54E10.11
C54E10.10	C54E10.10
sri-10	C54E10.4
C54E10.6	C54E10.6
C54E10.3	C54E10.3
C54E10.7	C54E10.7
ncs-5	C54E10.2
cyp-33D3	Y17D7A.4
nhr-65	Y17D7A.3
nhr-230	Y17D7A.1
wars-1	Y80D3A.1
emb-4	Y80D3A.2
ceh-51	Y80D3A.3
nhr-243	Y80D3A.4
nlp-42	Y80D3A.10
cyp-42A1	Y80D3A.5
ptr-22	Y80D3A.7
Y80D3A.8	Y80D3A.8
hrg-10	Y80D3A.9
ztf-20	Y39B6A.46
Y39B6A.43	Y39B6A.43
Y39B6A.42	Y39B6A.42
Y39B6A.41	Y39B6A.41
sws-1	Y39B6A.40
mrps-35	Y39B6A.39
reps-1	Y39B6A.38
Y39B6A.37	Y39B6A.37
gtf-2F2	Y39B6A.36
tgt-2	Y39B6A.35
Y39B6A.34	Y39B6A.34
Y39B6A.33	Y39B6A.33
Y39B6A.30	Y39B6A.30
Y39B6A.29	Y39B6A.29
Y39B6A.25	Y39B6A.25
Y39B6A.27	Y39B6A.27
asp-17	Y39B6A.24
asp-16	Y39B6A.23
asp-15	Y39B6A.22
asp-1	Y39B6A.20
twk-46	Y39B6A.19
nhr-95	Y39B6A.17
nhr-145	Y39B6A.47
zhp-4	Y39B6A.16
pro-3	Y39B6A.14
Y39B6A.13	Y39B6A.13
bed-1	Y39B6A.12
dyf-17	Y39B6A.11
Y39B6A.10	Y39B6A.10
Y39B6A.9	Y39B6A.9
cpg-23	Y39B6A.8
Y39B6A.7	Y39B6A.7
Y39B6A.69	Y39B6A.69
tsp-13	Y39B6A.6
Y39B6A.5	Y39B6A.5
hot-2	Y39B6A.48
Y39B6A.3	Y39B6A.3
pph-5	Y39B6A.2
Y39B6A.1	Y39B6A.1
nhr-79	T26H2.9
srr-2	T26H2.8
oac-49	T26H2.7
str-81	T26H2.6
sqst-3	T26H2.5
fbxb-116	T26H2.4
fbxb-2	T26H2.3
fbxb-115	T26H2.2
fbxb-1	T26H2.1
F21D9.11	F21D9.11
F21D9.4	F21D9.4
F21D9.3	F21D9.3
F21D9.2	F21D9.2
F21D9.1	F21D9.1
F21D9.8	F21D9.8
fbxb-117	F55C9.1
F55C9.3	F55C9.3
fbxb-57	F55C9.4
F55C9.5	F55C9.5
F55C9.6	F55C9.6
fbxb-60	F55C9.7
F55C9.14	F55C9.14
fbxb-62	F55C9.8
fbxb-63	F55C9.13
fbxb-61	F55C9.10
F55C9.11	F55C9.11
F55C9.15	F55C9.15
C43D7.8	C43D7.8
fbxb-64	C43D7.9
srh-208	C43D7.6
C43D7.7	C43D7.7
sdz-6	C43D7.5
C43D7.4	C43D7.4
fbxb-65	C43D7.2
C14B4.2	C14B4.2
Y43F8A.1	Y43F8A.1
Y43F8A.2	Y43F8A.2
nceh-1	Y43F8A.3
srw-84	Y43F8A.4
slcr-46.2	Y43F8A.5
C25F9.8	C25F9.8
C25F9.13	C25F9.13
srw-86	C25F9.7
C25F9.12	C25F9.12
C25F9.6	C25F9.6
C25F9.10	C25F9.10
C25F9.5	C25F9.5
C25F9.4	C25F9.4
C25F9.9	C25F9.9
C25F9.15	C25F9.15
C25F9.2	C25F9.2
srw-85	C25F9.1
C25F9.11	C25F9.11
C25F9.16	C25F9.16
C25F9.14	C25F9.14
M04C3.1	M04C3.1
M04C3.2	M04C3.2
M04C3.5	M04C3.5
Y43F8B.14	Y43F8B.14
Y43F8B.13	Y43F8B.13
Y43F8B.24	Y43F8B.24
Y43F8B.15	Y43F8B.15
Y43F8B.25	Y43F8B.25
Y43F8B.23	Y43F8B.23
Y43F8B.12	Y43F8B.12
Y43F8B.11	Y43F8B.11
Y43F8B.10	Y43F8B.10
Y43F8B.9	Y43F8B.9
Y43F8B.22	Y43F8B.22
Y43F8B.17	Y43F8B.17
Y43F8B.28	Y43F8B.28
Y43F8B.18	Y43F8B.18
Y43F8B.7	Y43F8B.7
Y43F8B.29	Y43F8B.29
scl-21	Y43F8B.5
Y43F8B.3	Y43F8B.3
Y43F8B.19	Y43F8B.19
phy-4	Y43F8B.4
Y43F8B.2	Y43F8B.2
Y43F8B.1	Y43F8B.1
Y43F8B.20	Y43F8B.20
oac-1	B0399.2
kcnl-1	B0399.1
nlp-25	Y43F8C.1
grsp-1	Y43F8C.20
nlp-26	Y43F8C.2
Y43F8C.3	Y43F8C.3
dyf-19	Y43F8C.4
Y43F8C.5	Y43F8C.5
Y43F8C.6	Y43F8C.6
Y43F8C.7	Y43F8C.7
mrps-28	Y43F8C.8
Y43F8C.9	Y43F8C.9
dmd-3	Y43F8C.10
Y43F8C.11	Y43F8C.11
mrp-7	Y43F8C.12
Y43F8C.13	Y43F8C.13
ani-3	Y43F8C.14
srv-3	Y43F8C.19
Y43F8C.15	Y43F8C.15
Y43F8C.23	Y43F8C.23
Y43F8C.16	Y43F8C.16
Y43F8C.17	Y43F8C.17
Y116F11A.6	Y116F11A.6
Y116F11A.3	Y116F11A.3
Y116F11A.1	Y116F11A.1
W04E12.7	W04E12.7
fbxa-131	W04E12.1
W04E12.2	W04E12.2
W04E12.3	W04E12.3
W04E12.4	W04E12.4
W04E12.5	W04E12.5
clec-49	W04E12.6
clec-50	W04E12.8
W04E12.9	W04E12.9
M162.5	M162.5
M162.15	M162.15
fbxa-118	M162.8
fbxa-194	M162.11
srt-45	M162.3
clec-258	M162.2
M162.7	M162.7
Y116F11B.2	Y116F11B.2
daf-28	Y116F11B.1
Y116F11B.17	Y116F11B.17
pcp-4	Y116F11B.3
srw-38	Y116F11B.5
Y116F11B.6	Y116F11B.6
Y116F11B.7	Y116F11B.7
Y116F11B.8	Y116F11B.8
Y116F11B.9	Y116F11B.9
gly-4	Y116F11B.12
Y116F11B.13	Y116F11B.13
fars-2	Y60A3A.13
Y116F11B.14	Y116F11B.14
chk-2	Y60A3A.12
Y60A3A.19	Y60A3A.19
Y60A3A.16	Y60A3A.16
skr-4	Y60A3A.18
algn-7	Y60A3A.14
dhs-24	Y60A3A.10
tmed-4	Y60A3A.9
Y60A3A.8	Y60A3A.8
abhd-3.1	Y60A3A.7
srh-172	Y60A3A.6
srh-171	Y60A3A.5
srh-173	Y60A3A.4
srh-183	Y60A3A.3
Y60A3A.24	Y60A3A.24
clec-260	Y60A3A.2
sri-67	Y60A3A.22
Y60A3A.25	Y60A3A.25
unc-51	Y60A3A.1
Y60A3A.23	Y60A3A.23
Y60A3A.21	Y60A3A.21
lgc-55	Y113G7A.5
Y113G7A.16	Y113G7A.16
spe-19	Y113G7A.10
srh-233	Y113G7A.1
ttx-1	Y113G7A.6
fre-1	Y113G7A.8
dcs-1	Y113G7A.9
sec-23	Y113G7A.3
nlp-69	Y113G7A.15
ncx-1	Y113G7A.4
ssu-1	Y113G7A.11
Y113G7A.22	Y113G7A.22
Y113G7A.14	Y113G7A.14
Y113G7A.12	Y113G7A.12
Y113G7A.13	Y113G7A.13
F19B2.7	F19B2.7
F19B2.6	F19B2.6
F19B2.5	F19B2.5
srw-39	F19B2.3
srz-16	F19B2.8
fbxa-116	Y113G7B.1
fbxa-115	Y113G7B.3
Y113G7B.27	Y113G7B.27
srh-217	Y113G7B.2
Y113G7B.28	Y113G7B.28
ftr-1	Y113G7B.4
fog-2	Y113G7B.5
fbxa-114	Y113G7B.7
fbxa-113	Y113G7B.6
fbxb-59	Y113G7B.8
srbc-34	Y113G7B.9
Y113G7B.12	Y113G7B.12
Y113G7B.11	Y113G7B.11
Y113G7B.15	Y113G7B.15
sld-5	Y113G7B.24
swsn-1	Y113G7B.23
mdt-17	Y113G7B.18
prmt-1	Y113G7B.17
cdkr-3	Y113G7B.16
pqn-94	ZC15.8
mlt-4	ZC15.7
clec-261	ZC15.6
ZC15.5	ZC15.5
ZC15.3	ZC15.3
ZC15.1	ZC15.1
ZC15.10	ZC15.10
clec-262	ZC15.2
Y113G7C.1	Y113G7C.1
Y38H6A.1	Y38H6A.1
Y38H6A.5	Y38H6A.5
Y38H6A.3	Y38H6A.3
K02E2.1	K02E2.1
grd-11	K02E2.2
K02E2.8	K02E2.8
srh-177	K02E2.3
ins-35	K02E2.4
K02E2.6	K02E2.6
K02E2.11	K02E2.11
K02E2.7	K02E2.7
F53H2.1	F53H2.1
cnc-7	F53H2.2
F53H2.3	F53H2.3
fce-2	F48F5.5
F48F5.8	F48F5.8
F48F5.6	F48F5.6
srd-70	F48F5.4
B0250.18	B0250.18
B0250.8	B0250.8
B0250.7	B0250.7
calf-1	B0250.2
rpl-2	B0250.1
dhcr-7	B0250.9
srbc-78	B0250.10
srbc-79	B0250.6
B0250.5	B0250.5
dct-16	Y38H6C.1
dct-14	Y38H6C.3
Y38H6C.4	Y38H6C.4
Y38H6C.8	Y38H6C.8
Y38H6C.25	Y38H6C.25
Y38H6C.9	Y38H6C.9
fbxa-150	Y38H6C.11
srh-166	Y38H6C.12
Y38H6C.24	Y38H6C.24
Y38H6C.13	Y38H6C.13
famh-161	Y38H6C.14
Y38H6C.15	Y38H6C.15
Y38H6C.16	Y38H6C.16
slc-36.3	Y38H6C.17
Y38H6C.18	Y38H6C.18
Y38H6C.20	Y38H6C.20
vmo-1	Y38H6C.19
Y38H6C.21	Y38H6C.21
Y38H6C.23	Y38H6C.23
abf-4	Y38H6C.22
F26F2.1	F26F2.1
F26F2.2	F26F2.2
F26F2.13	F26F2.13
F26F2.3	F26F2.3
F26F2.9	F26F2.9
F26F2.4	F26F2.4
F26F2.5	F26F2.5
clec-263	F26F2.6
F26F2.8	F26F2.8
F26F2.7	F26F2.7
F26F2.10	F26F2.10
F26F2.11	F26F2.11
F46B3.1	F46B3.1
col-163	F46B3.17
ttr-11	F46B3.3
ttr-57	F46B3.18
F46B3.23	F46B3.23
ttr-12	F46B3.4
grd-2	F46B3.5
F46B3.7	F46B3.7
F46B3.8	F46B3.8
F46B3.9	F46B3.9
srz-18	F46B3.11
F46B3.14	F46B3.14
F46B3.15	F46B3.15
F46B3.16	F46B3.16
ttr-13	Y44A6B.4
Y44A6B.3	Y44A6B.3
srxa-14	Y44A6B.1
srxa-15	Y44A6B.2
mnr-1	W01F3.1
W01F3.2	W01F3.2
mlt-11	W01F3.3
srsx-35	F53F8.2
klf-2	F53F8.1
F53F8.3	F53F8.3
F53F8.4	F53F8.4
F53F8.7	F53F8.7
F53F8.5	F53F8.5
F53F8.6	F53F8.6
Y44A6C.1	Y44A6C.1
ipla-3	W07A8.2
Y44A6C.2	Y44A6C.2
dnj-25	W07A8.3
srxa-1	W07A8.1
srxa-6	W07A8.5
pha-4	F38A6.1
elp-1	F38A6.2
F38A6.5	F38A6.5
F38A6.4	F38A6.4
hif-1	F38A6.3
Y44A6D.1	Y44A6D.1
Y44A6D.2	Y44A6D.2
Y44A6D.3	Y44A6D.3
sdf-9	Y44A6D.4
Y44A6D.5	Y44A6D.5
Y44A6D.6	Y44A6D.6
Y44A6D.7	Y44A6D.7
T03D8.7	T03D8.7
T03D8.6	T03D8.6
gcy-22	T03D8.5
grl-14	T03D8.4
sbt-1	T03D8.3
num-1	T03D8.1
mrps-12	T03D8.2
exos-7	F31D4.1
F31D4.2	F31D4.2
fkb-6	F31D4.3
clec-264	F31D4.4
F31D4.9	F31D4.9
F31D4.5	F31D4.5
try-4	F31D4.6
twk-35	F31D4.7
F31D4.8	F31D4.8
unc-80	F25C8.3
amx-3	F25C8.2
acs-12	F25C8.4
ttll-9	F25C8.5
pbo-5	Y44A6E.1
Y73B3A.1	Y73B3A.1
Y73B3A.20	Y73B3A.20
Y73B3A.4	Y73B3A.4
elk-2	Y73B3A.5
fbxa-221	Y73B3A.15
fbxa-222	Y73B3A.22
fbxa-16	Y73B3A.14
Y73B3A.8	Y73B3A.8
Y73B3A.11	Y73B3A.11
tmed-12	T08D2.1
T08D2.5	T08D2.5
T08D2.4	T08D2.4
T08D2.6	T08D2.6
T08D2.7	T08D2.7
T08D2.8	T08D2.8
Y73B3B.1	Y73B3B.1
Y73B3B.3	Y73B3B.3
set-28	Y73B3B.2
AC8.4	AC8.4
AC8.3	AC8.3
AC8.11	AC8.11
AC8.10	AC8.10
Y108F1.5	Y108F1.5
Y47C4A.1	Y47C4A.1
R57.2	R57.2
gcp-2.1	R57.1
nlp-64	M02E1.2
M02E1.4	M02E1.4
M02E1.3	M02E1.3
M02E1.1	M02E1.1
C04E7.3	C04E7.3
sor-3	C04E7.2
C04E7.1	C04E7.1
C04E7.5	C04E7.5
nrde-3	R04A9.2
R04A9.3	R04A9.3
ife-2	R04A9.4
ceh-93	R04A9.5
R04A9.9	R04A9.9
R04A9.7	R04A9.7
R04A9.6	R04A9.6
R04A9.1	R04A9.1
ZK1193.2	ZK1193.2
col-19	ZK1193.1
dve-1	ZK1193.5
F52D1.2	F52D1.2
abu-12	F52D1.3
aagr-4	F52D1.1
F38G1.3	F38G1.3
che-2	F38G1.1
egl-17	F38G1.2
B0310.1	B0310.1
B0310.2	B0310.2
B0310.3	B0310.3
ugt-46	B0310.5
B0310.6	B0310.6
F28C10.3	F28C10.3
F28C10.1	F28C10.1
F57C12.2	F57C12.2
F57C12.6	F57C12.6
hlh-19	F57C12.3
nas-38	F57C12.1
mrp-2	F57C12.4
mrp-1	F57C12.5
F13C5.2	F13C5.2
F13C5.3	F13C5.3
F13C5.1	F13C5.1
F13C5.5	F13C5.5
unc-96	F13C5.6
M6.4	M6.4
pha-2	M6.3
M6.11	M6.11
ifc-2	M6.1
lpr-7	T19D7.3
rund-1	T19D7.4
T19D7.5	T19D7.5
T19D7.6	T19D7.6
lgc-32	T19D7.1
T19D7.7	T19D7.7
Y9C12A.1	Y9C12A.1
ncam-1	F02G3.1
irk-2	M02A10.2
M02A10.1	M02A10.1
sli-1	M02A10.3
npr-19	C02H7.2
aex-3	C02H7.3
dyf-11	C02H7.1
trap-2	T04G9.5
ile-2	T04G9.3
T04G9.7	T04G9.7
T04G9.4	T04G9.4
nas-15	T04G9.2
T04G9.6	T04G9.6
attf-5	T04G9.1
gtr-1	F25E2.1
F25E2.2	F25E2.2
F25E2.3	F25E2.3
ifd-2	F25E2.4
daf-3	F25E2.5
F39H12.2	F39H12.2
F39H12.1	F39H12.1
F39H12.3	F39H12.3
igcm-1	F39H12.4
F56F10.2	F56F10.2
cdo-1	F56F10.3
lgl-1	F56F10.4
F56F10.1	F56F10.1
ZC13.1	ZC13.1
ZC13.2	ZC13.2
mam-1	ZC13.3
mab-7	ZC13.4
ZC13.10	ZC13.10
F35H12.6	F35H12.6
sel-12	F35H12.3
F35H12.5	F35H12.5
pifk-1	F35H12.4
tbc-11	F35H12.2
F35H12.1	F35H12.1
F53H8.3	F53H8.3
sms-2	F53H8.4
arr-1	F53H8.2
apm-3	F53H8.1
chil-10	C44C1.2
ncs-1	C44C1.3
C44C1.6	C44C1.6
vps-45	C44C1.4
abhd-3.2	C44C1.5
C44C1.1	C44C1.1
dgk-1	C09E10.2
C09E10.3	C09E10.3
cutl-21	F55A4.10
nlf-1	F55A4.2
F55A4.13	F55A4.13
F55A4.3	F55A4.3
stau-1	F55A4.5
sec-22	F55A4.1
F55A4.7	F55A4.7
vpat-1	F55A4.8
ncs-3	K03E6.3
unc-1	K03E6.5
mksr-1	K03E6.4
lim-6	K03E6.1
pfn-3	K03E6.6
rei-2	K03E6.7
pigx-1	F49E7.2
rme-6	F49E7.1
ife-4	C05D9.5
C05D9.4	C05D9.4
C05D9.3	C05D9.3
C05D9.7	C05D9.7
C05D9.9	C05D9.9
lmp-2	C05D9.2
snx-1	C05D9.1
R193.2	R193.2
R193.6	R193.6
R193.1	R193.1
tmc-1	T13G4.3
hot-8	T13G4.2
T13G4.4	T13G4.4
T13G4.1	T13G4.1
T13G4.7	T13G4.7
C46H3.1	C46H3.1
C46H3.2	C46H3.2
C25G6.3	C25G6.3
tsp-9	C25G6.2
C25G6.4	C25G6.4
npr-11	C25G6.5
C25G6.1	C25G6.1
C52B11.5	C52B11.5
dop-4	C52B11.3
inso-1	C52B11.2
H42K12.3	H42K12.3
pdk-1	H42K12.1
F21E9.2	F21E9.2
ttr-37	F21E9.3
ins-39	F21E9.4
F56C3.3	F56C3.3
F56C3.4	F56C3.4
dgn-2	F56C3.6
F56C3.7	F56C3.7
fbxa-190	F56C3.2
F56C3.10	F56C3.10
F56C3.8	F56C3.8
F56C3.1	F56C3.1
F56C3.9	F56C3.9
H39E20.1	H39E20.1
ZK402.5	ZK402.5
ZK402.2	ZK402.2
ZK402.1	ZK402.1
abu-2	F19G12.7
srh-19	F19G12.5
F19G12.4	F19G12.4
F19G12.8	F19G12.8
F19G12.9	F19G12.9
F19G12.3	F19G12.3
F19G12.11	F19G12.11
F19G12.1	F19G12.1
sedl-1	W05H7.3
zfp-3	W05H7.4
W05H7.1	W05H7.1
cebp-1	D1005.3
D1005.2	D1005.2
D1005.6	D1005.6
D1005.5	D1005.5
acly-1	D1005.1
D1005.4	D1005.4
D1005.10	D1005.10
dhs-25	F09E10.3
F09E10.5	F09E10.5
F09E10.6	F09E10.6
F09E10.7	F09E10.7
F09E10.1	F09E10.1
toca-1	F09E10.8
K06A9.3	K06A9.3
K06A9.2	K06A9.2
K06A9.1	K06A9.1
H02F09.3	H02F09.3
H02F09.2	H02F09.2
wrt-9	B0344.2
H11E01.3	H11E01.3
H11E01.2	H11E01.2
fbxb-58	H11E01.1
ZK380.2	ZK380.2
ZK380.4	ZK380.4
ZK380.6	ZK380.6
tbx-32	ZK380.1
R09H3.2	R09H3.2
R09H3.3	R09H3.3
tbx-31	C36C9.2
fbxa-170	C36C9.3
meg-4	C36C9.1
C36C9.11	C36C9.11
C36C9.12	C36C9.12
C36C9.6	C36C9.6
C36C9.4	C36C9.4
C36C9.5	C36C9.5
F07G6.5	F07G6.5
fbxa-52	F07G6.6
fbxa-53	F07G6.7
F07G6.8	F07G6.8
F07G6.2	F07G6.2
dgn-3	F07G6.1
F07G6.12	F07G6.12
F07G6.10	F07G6.10
Y75D11A.2	Y75D11A.2
Y75D11A.3	Y75D11A.3
Y75D11A.6	Y75D11A.6
elc-2	W03H1.2
arg-1	F31A9.3
C14E2.11	C14E2.11
C14E2.3	C14E2.3
C14E2.7	C14E2.7
C14E2.4	C14E2.4
C14E2.5	C14E2.5
C14E2.1	C14E2.1
C14E2.6	C14E2.6
T26C11.2	T26C11.2
T26C11.4	T26C11.4
ceh-41	T26C11.5
ceh-21	T26C11.6
T26C11.9	T26C11.9
ceh-39	T26C11.7
T26C11.8	T26C11.8
tbx-41	T26C11.1
B0294.3	B0294.3
B0294.1	B0294.1
ZC53.1	ZC53.1
rgs-9	ZC53.7
dot-1.5	ZC53.6
ZC53.22	ZC53.22
ZC53.2	ZC53.2
Y59E1A.4	Y59E1A.4
fbxa-40	Y59E1A.1
rgs-8.2	Y59E1A.2
fbxa-41	F52D2.1
rgs-8.1	F52D2.2
F52D2.7	F52D2.7
str-79	F52D2.9
F52D2.5	F52D2.5
F52D2.6	F52D2.6
F52D2.12	F52D2.12
meg-3	F52D2.4
Y40A1A.2	Y40A1A.2
Y40A1A.3	Y40A1A.3
Y102A11A.9	Y102A11A.9
Y102A11A.3	Y102A11A.3
Y102A11A.2	Y102A11A.2
Y102A11A.5	Y102A11A.5
Y102A11A.6	Y102A11A.6
Y102A11A.7	Y102A11A.7
igcm-4	Y102A11A.8
Y102A11A.1	Y102A11A.1
F49H12.7	F49H12.7
acl-4	F49H12.6
txdc-12.2	F49H12.5
F49H12.4	F49H12.4
F49H12.3	F49H12.3
F49H12.2	F49H12.2
lsy-2	F49H12.1
col-164	T21D9.1
T21D9.2	T21D9.2
F53B1.3	F53B1.3
F53B1.2	F53B1.2
bus-5	F53B1.4
swip-10	F53B1.6
gpa-5	F53B1.7
F53B1.8	F53B1.8
F53B1.9	F53B1.9
dpy-3	EGAP7.1
npax-2	F48B9.5
pdf-2	F48B9.4
F48B9.3	F48B9.3
F48B9.8	F48B9.8
F48B9.1	F48B9.1
gap-1	T24C12.2
T24C12.3	T24C12.3
T24C12.1	T24C12.1
T24C12.4	T24C12.4
peb-1	T14F9.4
hex-1	T14F9.3
lin-32	T14F9.5
T14F9.2	T14F9.2
vha-15	T14F9.1
rpl-11.2	F07D10.1
AH9.1	AH9.1
crn-4	AH9.2
AH9.3	AH9.3
AH9.6	AH9.6
AH9.4	AH9.4
sav-1	T10H10.3
T10H10.2	T10H10.2
hum-6	T10H10.1
aakg-4	T01B6.3
T01B6.1	T01B6.1
nlp-45	T01B6.4
nlp-22	T24D8.3
nlp-23	T24D8.4
nlp-2	T24D8.5
lgc-40	T24D8.1
T24D8.6	T24D8.6
F47G3.3	F47G3.3
F47G3.4	F47G3.4
F47G3.1	F47G3.1
C43H6.6	C43H6.6
dhhc-9	C43H6.7
C43H6.4	C43H6.4
mtpn-1	C43H6.3
C43H6.12	C43H6.12
trpp-12	C43H6.1
hlh-15	C43H6.8
glr-7	C43H6.9
gcy-31	T07D1.1
gid-2	T07D1.2
T07D1.3	T07D1.3
fox-1	T07D1.4
R04B3.1	R04B3.1
R04B3.2	R04B3.2
R04B3.3	R04B3.3
K02E10.5	K02E10.5
K02E10.6	K02E10.6
K02E10.4	K02E10.4
hid-1	K02E10.2
K02E10.1	K02E10.1
K02E10.7	K02E10.7
syg-1	K02E10.8
tbc-12	R11B5.1
F52H2.3	F52H2.3
F52H2.4	F52H2.4
aat-3	F52H2.2
F52H2.5	F52H2.5
dhcr-24	F52H2.6
F52H2.15	F52H2.15
ccd-5	F52H2.7
F52H2.1	F52H2.1
ttr-42	H01M10.3
H01M10.1	H01M10.1
H01M10.2	H01M10.2
nhr-40	T03G6.2
T03G6.7	T03G6.7
T03G6.1	T03G6.1
T03G6.3	T03G6.3
F54G2.1	F54G2.1
C09B7.2	C09B7.2
ser-7	C09B7.1
immt-1	T14G11.3
T14G11.1	T14G11.1
T02C5.1	T02C5.1
igcm-3	T02C5.3
unc-2	T02C5.5
F55F1.2	F55F1.2
cgef-1	C14A11.3
C14A11.2	C14A11.2
C14A11.5	C14A11.5
C14A11.9	C14A11.9
C14A11.6	C14A11.6
tsp-6	C14A11.1
ssr-2	C14A11.7
Y71H10B.1	Y71H10B.1
kin-29	F58H12.1
tra-4	F53B3.1
comt-1	F53B3.2
F53B3.6	F53B3.6
F53B3.3	F53B3.3
F53B3.5	F53B3.5
vang-1	B0410.2
B0410.3	B0410.3
F52B10.3	F52B10.3
B0410.1	B0410.1
nmy-1	F52B10.1
hst-3.2	F52B10.2
fard-1	Y71H10A.2
pfk-1.1	Y71H10A.1
Y41G9A.10	Y41G9A.10
Y41G9A.5	Y41G9A.5
gbb-1	Y41G9A.4
aakg-3	Y41G9A.3
nspg-5	Y41G9A.2
osm-5	Y41G9A.1
Y41G9A.17	Y41G9A.17
Y41G9A.6	Y41G9A.6
Y48D7A.1	Y48D7A.1
flp-18	Y48D7A.2
aqp-7	M02F4.8
M02F4.1	M02F4.1
clec-265	M02F4.7
M02F4.2	M02F4.2
cnnm-3	C33D12.2
twk-26	C33D12.3
rsef-1	C33D12.6
ceh-30	C33D12.7
ceh-31	C33D12.1
twk-16	F52E4.4
F52E4.5	F52E4.5
pccb-1	F52E4.1
wrt-2	F52E4.6
sec-3	F52E4.7
ztf-13	F52E4.8
K10B3.5	K10B3.5
gpcp-1	K10B3.6
gpd-3	K10B3.7
gpd-2	K10B3.8
mai-1	K10B3.9
spc-1	K10B3.10
K10B3.1	K10B3.1
C15C7.4	C15C7.4
bbln-1	C15C7.5
gcc-1	C15C7.2
syx-6	C15C7.1
pfut-1	C15C7.7
C15C7.6	C15C7.6
klp-4	F56E3.3
fax-1	F56E3.4
F28B4.1	F28B4.1
F28B4.4	F28B4.4
rgl-1	F28B4.2
F28B4.3	F28B4.3
irg-7	F40F4.6
F40F4.7	F40F4.7
pqn-37	F40F4.8
tba-9	F40F4.5
lbp-3	F40F4.4
lbp-1	F40F4.3
lbp-2	F40F4.2
fbxb-71	F40F4.1
sul-1	K09C4.8
K09C4.9	K09C4.9
K09C4.7	K09C4.7
K09C4.10	K09C4.10
K09C4.5	K09C4.5
K09C4.4	K09C4.4
K09C4.2	K09C4.2
K09C4.1	K09C4.1
F11D5.5	F11D5.5
F11D5.7	F11D5.7
ddr-2	F11D5.3
F11D5.6	F11D5.6
F11D5.1	F11D5.1
ZK816.3	ZK816.3
nspg-4	ZK816.4
ZK816.1	ZK816.1
dhs-26	ZK816.5
ZK563.2	ZK563.2
clc-3	ZK563.4
sorf-1	ZK563.5
ZK563.7	ZK563.7
acp-1	ZK563.6
slcf-2	ZK563.1
cht-1	C04F6.3
C04F6.9	C04F6.9
vit-5	C04F6.1
unc-78	C04F6.4
dhs-27	C04F6.5
C04F6.7	C04F6.7
ZK813.6	ZK813.6
ZK813.4	ZK813.4
ZK813.3	ZK813.3
ZK813.2	ZK813.2
ZK813.7	ZK813.7
ZK813.1	ZK813.1
ZK813.5	ZK813.5
sax-3	ZK377.2
ZK377.15	ZK377.15
wrt-6	ZK377.1
C12D12.3	C12D12.3
glt-1	C12D12.2
C12D12.1	C12D12.1
sox-4	C12D12.5
npr-16	F56B6.5
F56B6.6	F56B6.6
gyg-1	F56B6.4
rgs-7	F56B6.2
vit-4	F59D8.2
vit-3	F59D8.1
T27A10.5	T27A10.5
ckc-1	T27A10.3
T27A10.2	T27A10.2
T27A10.6	T27A10.6
cgr-1	T27A10.7
C18B2.3	C18B2.3
C18B2.4	C18B2.4
C18B2.5	C18B2.5
del-9	C18B2.6
C18B2.2	C18B2.2
C18B2.1	C18B2.1
gst-11	R11G1.3
R11G1.6	R11G1.6
sax-1	R11G1.4
R11G1.2	R11G1.2
R11G1.11	R11G1.11
R11G1.7	R11G1.7
R11G1.1	R11G1.1
snet-1	C02F12.3
C02F12.5	C02F12.5
ceh-63	C02F12.10
tag-52	C02F12.4
tsp-17	C02F12.1
tag-278	C02F12.7
C02F12.8	C02F12.8
C01C4.3	C01C4.3
C01C4.2	C01C4.2
nlp-1	C01C4.1
aex-4	T14G12.2
tag-18	T14G12.3
fkh-2	T14G12.4
T14G12.12	T14G12.12
T14G12.6	T14G12.6
T14G12.11	T14G12.11
F47B7.3	F47B7.3
F47B7.4	F47B7.4
F47B7.5	F47B7.5
F47B7.2	F47B7.2
marg-1	F47B7.7
F47B7.1	F47B7.1
F35A5.4	F35A5.4
F35A5.5	F35A5.5
abu-10	F35A5.3
F35A5.8	F35A5.8
F35A5.2	F35A5.2
F35A5.1	F35A5.1
fkh-9	K03C7.2
ttr-48	ZC64.2
ceh-18	ZC64.3
lim-4	ZC64.4
F47F2.1	F47F2.1
F47F2.3	F47F2.3
sup-12	T22B2.4
T22B2.5	T22B2.5
T22B2.6	T22B2.6
T22B2.3	T22B2.3
T22B2.2	T22B2.2
T22B2.1	T22B2.1
adt-3	T19D2.1
T19D2.3	T19D2.3
T19D2.2	T19D2.2
T19D2.13	T19D2.13
lin-18	C16B8.1
C16B8.2	C16B8.2
C16B8.3	C16B8.3
C16B8.4	C16B8.4
R02E12.5	R02E12.5
R02E12.12	R02E12.12
R02E12.4	R02E12.4
hrg-1	R02E12.6
mop-25.1	R02E12.2
acr-10	R02E12.8
T06F4.1	T06F4.1
clh-4	T06F4.2
R02E4.3	R02E4.3
R02E4.1	R02E4.1
R02E4.2	R02E4.2
F09F9.2	F09F9.2
F09F9.1	F09F9.1
F09F9.5	F09F9.5
F09F9.3	F09F9.3
F09F9.4	F09F9.4
ZK470.2	ZK470.2
ZK470.4	ZK470.4
nck-1	ZK470.5
ZK470.1	ZK470.1
ZK470.14	ZK470.14
ZK470.6	ZK470.6
mrp-6	F20B6.3
vha-12	F20B6.2
F20B6.4	F20B6.4
F20B6.5	F20B6.5
F20B6.6	F20B6.6
F20B6.9	F20B6.9
hpk-1	F20B6.8
F20B6.10	F20B6.10
W01H2.2	W01H2.2
rab-37	W01H2.3
F48D6.4	F48D6.4
hlh-13	F48D6.3
srv-5	F48D6.2
taf-11.1	F48D6.1
srv-6	C52B9.5
C52B9.4	C52B9.4
coel-1	C52B9.3
mec-18	C52B9.9
C52B9.10	C52B9.10
twk-28	C52B9.6
ets-9	C52B9.2
C52B9.19	C52B9.19
ets-10	C52B9.11
cka-2	C52B9.1
paf-2	C52B9.7
pqn-15	C24A8.3
C52B9.8	C52B9.8
dop-6	C24A8.1
C24A8.5	C24A8.5
C24A8.6	C24A8.6
cst-2	C24A8.4
cst-1	F14H12.4
F14H12.3	F14H12.3
F14H12.2	F14H12.2
col-165	F14H12.1
F14H12.6	F14H12.6
F14H12.7	F14H12.7
F14H12.17	F14H12.17
F14H12.8	F14H12.8
R160.3	R160.3
R160.10	R160.10
R160.4	R160.4
R160.5	R160.5
R160.13	R160.13
R160.14	R160.14
R160.6	R160.6
R160.2	R160.2
R160.12	R160.12
lst-2	R160.7
dpy-23	R160.1
D1079.1	D1079.1
dop-1	F15A8.5
cest-26	F15A8.6
F15A8.1	F15A8.1
mltn-13	F25F6.1
F02E8.4	F02E8.4
aps-2	F02E8.3
atg-16.1	F02E8.5
nmur-3	F02E8.2
asb-2	F02E8.1
ncr-1	F02E8.6
F46H6.5	F46H6.5
dgk-2	F46H6.2
rhi-1	F46H6.1
spr-3	C07A12.5
C07A12.7	C07A12.7
pdi-2	C07A12.4
nhr-35	C07A12.3
C07A12.2	C07A12.2
C07A12.18	C07A12.18
ham-2	C07A12.1
C05E11.6	C05E11.6
amt-4	C05E11.5
amt-1	C05E11.4
C05E11.3	C05E11.3
C05E11.7	C05E11.7
C05E11.2	C05E11.2
lnp-1	C05E11.1
flp-12	C05E11.8
spat-3	T13H2.5
pqn-65	T13H2.4
C46C11.3	C46C11.3
slcr-46.1	C46C11.2
hosl-1	C46C11.1
C46C11.4	C46C11.4
ent-5	F16H11.3
ceh-1	F16H11.4
nhr-45	F16H11.5
mfsd-12	F16H11.1
tmem-135	K02G10.3
flp-11	K02G10.4
K02G10.15	K02G10.15
K02G10.5	K02G10.5
hyl-2	K02G10.6
aqp-8	K02G10.7
dhhc-10	K02G10.1
dnj-14	K02G10.8
glit-1	F55D10.3
rpl-25.1	F55D10.2
F55D10.4	F55D10.4
acc-3	F55D10.5
aman-1	F55D10.1
lon-2	C39E6.1
C39E6.2	C39E6.2
mls-2	C39E6.4
npr-1	C39E6.6
hum-10	F43C9.3
F43C9.2	F43C9.2
F43C9.1	F43C9.1
mig-13	F43C9.4
ztf-16	R08E3.4
R08E3.3	R08E3.3
R08E3.1	R08E3.1
F39C12.1	F39C12.1
add-1	F39C12.2
ntc-1	F39C12.4
tsp-14	F39C12.3
arrd-23	T07F12.3
T07F12.2	T07F12.2
T07F12.1	T07F12.1
T07F12.4	T07F12.4
K05B2.2	K05B2.2
ifa-4	K05B2.3
K05B2.4	K05B2.4
mct-4	K05B2.5
tyra-3	M03F4.3
M03F4.4	M03F4.4
act-4	M03F4.2
M03F4.6	M03F4.6
calu-1	M03F4.7
ZC8.6	ZC8.6
lfi-1	ZC8.4
set-30	ZC8.3
hsd-2	ZC8.1
hsd-3	ZC449.6
ZC449.7	ZC449.7
ZC449.8	ZC449.8
sek-3	ZC449.3
ZC449.2	ZC449.2
ZC449.1	ZC449.1
ZC449.4	ZC449.4
ZC449.5	ZC449.5
Y64H9A.2	Y64H9A.2
C24H10.4	C24H10.4
C24H10.3	C24H10.3
C24H10.2	C24H10.2
clc-7	C24H10.1
cal-5	C24H10.5
ets-5	C42D8.4
pnk-4	C42D8.3
acn-1	C42D8.5
vit-2	C42D8.2
C42D8.9	C42D8.9
C42D8.1	C42D8.1
apl-1	C42D8.8
tbc-7	C31H2.1
C31H2.14	C31H2.14
dpy-8	C31H2.2
C31H2.3	C31H2.3
C31H2.4	C31H2.4
EGAP5.1	EGAP5.1
mans-3	T03G11.4
T03G11.10	T03G11.10
T03G11.3	T03G11.3
metl-9	T03G11.6
sru-48	T03G11.2
T03G11.9	T03G11.9
zig-6	T03G11.8
pqn-62	T03G11.1
H28G03.2	H28G03.2
hrpa-2	H28G03.1
H28G03.3	H28G03.3
mtm-5	H28G03.6
Y34B4A.7	Y34B4A.7
Y34B4A.10	Y34B4A.10
nspg-14	Y34B4A.6
nspg-13	Y34B4A.9
nspg-12	Y34B4A.5
Y34B4A.4	Y34B4A.4
rga-8	Y34B4A.8
hst-6	Y34B4A.3
Y34B4A.2	Y34B4A.2
vps-41	F32A6.3
ags-3	F32A6.4
ift-81	F32A6.2
sto-2	F32A6.5
C26B9.5	C26B9.5
C26B9.6	C26B9.6
C26B9.3	C26B9.3
C26B9.2	C26B9.2
C26B9.7	C26B9.7
C26B9.1	C26B9.1
syx-3	F35C8.4
pfn-2	F35C8.6
chtl-1	F35C8.7
F35C8.5	F35C8.5
jkk-1	F35C8.3
F35C8.8	F35C8.8
sek-4	F35C8.2
sek-5	F35C8.1
kcnl-3	C03F11.1
C03F11.2	C03F11.2
scav-1	C03F11.3
C03F11.4	C03F11.4
C41A3.2	C41A3.2
pks-1	C41A3.1
C25F6.7	C25F6.7
C25F6.8	C25F6.8
C25F6.6	C25F6.6
ddr-1	C25F6.4
dpyd-1	C25F6.3
dlg-1	C25F6.2
C25F6.1	C25F6.1
F55D1.1	F55D1.1
T23F2.13	T23F2.13
bus-8	T23F2.1
T23F2.2	T23F2.2
T23F2.3	T23F2.3
T23F2.4	T23F2.4
T23F2.5	T23F2.5
mboa-3	C54G7.2
lgx-1	C54G7.3
C54G7.1	C54G7.1
ifta-1	C54G7.4
C38C5.1	C38C5.1
mec-2	F14D12.4
unc-97	F14D12.2
sulp-2	F14D12.5
F14D12.1	F14D12.1
octr-1	F14D12.6
argn-1	T21F4.1
T22B7.8	T22B7.8
T22B7.4	T22B7.4
srv-7	T22B7.5
T22B7.3	T22B7.3
T22B7.7	T22B7.7
T22B7.22	T22B7.22
egl-13	T22B7.1
set-19	W01C8.3
set-20	W01C8.4
W01C8.1	W01C8.1
W01C8.5	W01C8.5
cat-1	W01C8.6
cyp-43A1	E03E2.1
C41G11.1	C41G11.1
rgs-6	C41G11.3
gnrr-4	C41G11.4
tag-294	C54H2.3
C54H2.4	C54H2.4
sym-3	C54H2.1
sft-4	C54H2.5
gakh-1	F46G11.3
F46G11.6	F46G11.6
F46G11.2	F46G11.2
twnk-1	F46G11.1
F46G11.4	F46G11.4
F13D11.3	F13D11.3
hbl-1	F13D11.2
acp-5	F13D11.1
F13D11.4	F13D11.4
dct-11	W06B11.3
puf-9	W06B11.2
atat-2	W06B11.1
hog-1	W06B11.4
ctbp-1	F49E10.5
F49E10.4	F49E10.4
flp-7	F49E10.3
F49E10.2	F49E10.2
tbc-16	F49E10.1
nlp-49	H05L03.3
Y23B4A.1	Y23B4A.1
capa-1	Y23B4A.2
egl-6	C46F4.1
C46F4.3	C46F4.3
acs-17	C46F4.2
mig-23	R07E4.4
R07E4.5	R07E4.5
R07E4.3	R07E4.3
R07E4.1	R07E4.1
kin-2	R07E4.6
klp-13	F22F4.3
F22F4.5	F22F4.5
inx-3	F22F4.2
F22F4.9	F22F4.9
F22F4.4	F22F4.4
sups-1	F22F4.1
C09B8.3	C09B8.3
C09B8.8	C09B8.8
C09B8.4	C09B8.4
C09B8.5	C09B8.5
ipp-5	C09B8.1
hsp-25	C09B8.6
pak-1	C09B8.7
C45B2.6	C45B2.6
gln-1	C45B2.5
ptr-4	C45B2.7
lgc-58	C45B2.4
C45B2.3	C45B2.3
C45B2.2	C45B2.2
C45B2.1	C45B2.1
C45B2.8	C45B2.8
hsp-3	C15H9.6
C15H9.5	C15H9.5
C15H9.4	C15H9.4
C15H9.11	C15H9.11
kynu-1	C15H9.7
prx-3	C15H9.8
C15H9.3	C15H9.3
C15H9.2	C15H9.2
nnt-1	C15H9.1
C15H9.9	C15H9.9
Y72A10A.1	Y72A10A.1
tag-275	C34H3.1
odd-2	C34H3.2
T25B2.2	T25B2.2
T25B2.1	T25B2.1
T25B2.3	T25B2.3
T25B2.4	T25B2.4
T13C5.3	T13C5.3
T13C5.7	T13C5.7
T13C5.2	T13C5.2
T13C5.10	T13C5.10
T13C5.9	T13C5.9
ceh-54	T13C5.4
daf-9	T13C5.1
bca-1	T13C5.5
mtp-18	T13C5.8
T13C5.6	T13C5.6
C14F11.7	C14F11.7
lrch-1	C14F11.2
lite-1	C14F11.3
C14F11.4	C14F11.4
hsp-43	C14F11.5
rml-3	C14F11.6
got-2.2	C14F11.1
W05H9.4	W05H9.4
W05H9.2	W05H9.2
W05H9.1	W05H9.1
col-166	T07H6.3
lev-9	T07H6.5
mom-1	T07H6.2
cest-16	T07H6.1
T10E10.3	T10E10.3
T10E10.4	T10E10.4
col-167	T10E10.2
col-168	T10E10.1
col-169	T10E10.5
col-170	T10E10.6
col-171	T10E10.7
C03B1.13	C03B1.13
C03B1.7	C03B1.7
C03B1.9	C03B1.9
C03B1.6	C03B1.6
C03B1.5	C03B1.5
C03B1.10	C03B1.10
C03B1.14	C03B1.14
C03B1.4	C03B1.4
C03B1.3	C03B1.3
C03B1.2	C03B1.2
C03B1.17	C03B1.17
C03B1.1	C03B1.1
lmp-1	C03B1.12
igcm-2	SSSD1.1
igdb-3	T22E5.3
glt-4	T22E5.2
mup-2	T22E5.5
T22E5.1	T22E5.1
T22E5.6	T22E5.6
K10C2.12	K10C2.12
ctsa-2	K10C2.1
K10C2.2	K10C2.2
K10C2.8	K10C2.8
K10C2.14	K10C2.14
K10C2.7	K10C2.7
asp-14	K10C2.3
fah-1	K10C2.4
grl-6	K10C2.5
K10C2.6	K10C2.6
nas-33	K04E7.3
pept-1	K04E7.2
K04E7.1	K04E7.1
C15B12.2	C15B12.2
C15B12.3	C15B12.3
C15B12.9	C15B12.9
C15B12.4	C15B12.4
C15B12.8	C15B12.8
C15B12.1	C15B12.1
gar-1	C15B12.5
actl-1	C15B12.6
cdf-1	C15B12.7
glr-8	F22A3.3
ttr-36	F22A3.7
ttr-35	F22A3.2
ets-4	F22A3.1
ceh-60	F22A3.5
ilys-5	F22A3.6
T14E8.2	T14E8.2
svh-2	T14E8.1
T14E8.4	T14E8.4
dop-3	T14E8.3
T28B4.1	T28B4.1
ttr-6	T28B4.3
hic-1	T28B4.4
F23G4.1	F23G4.1
cpr-6	C25B8.3
C25B8.8	C25B8.8
clec-266	C25B8.4
kqt-1	C25B8.1
aexr-2	C25B8.7
aexr-1	C25B8.5
nhr-120	C25B8.6
C56E10.3	C56E10.3
nhr-173	C56E10.1
nhr-137	C56E10.4
col-172	F38B6.5
F38B6.4	F38B6.4
F38B6.8	F38B6.8
F38B6.6	F38B6.6
F38B6.3	F38B6.3
F38B6.7	F38B6.7
F38B6.2	F38B6.2
acr-2	K11G12.2
acr-3	K11G12.7
nas-11	K11G12.1
smf-2	K11G12.3
smf-1	K11G12.4
slc-25A10	K11G12.5
K11G12.6	K11G12.6
R03E9.2	R03E9.2
mdl-1	R03E9.1
abts-4	R03E9.3
irk-1	R03E9.4
H22K11.3	H22K11.3
bgal-2	H22K11.2
sgca-1	H22K11.4
asp-3	H22K11.1
M03A8.3	M03A8.3
atg-2	M03A8.2
dhs-28	M03A8.1
gei-15	M03A8.4
F41B4.1	F41B4.1
F41B4.2	F41B4.2
F41B4.3	F41B4.3
glr-6	F41B4.4
asg-2	C53B7.4
C53B7.3	C53B7.3
C53B7.2	C53B7.2
rig-3	C53B7.1
nep-4	C53B7.7
odr-10	C53B7.5
C53B7.6	C53B7.6
F41C6.4	F41C6.4
col-173	F41C6.5
F41C6.6	F41C6.6
F41C6.7	F41C6.7
unc-6	F41C6.1
F14B8.4	F14B8.4
pes-23	F14B8.3
sid-5	F14B8.2
nhx-4	F14B8.1
otpl-3	F14B8.7
F14B8.5	F14B8.5
F14B8.6	F14B8.6
C16E9.2	C16E9.2
C16E9.1	C16E9.1
inx-1	C16E9.4
F01E11.3	F01E11.3
F01E11.18	F01E11.18
ugt-57	F01E11.1
tsp-16	F01E11.4
F01E11.20	F01E11.20
tyra-2	F01E11.5
cah-5	R173.1
flp-26	R173.4
cest-19	R173.3
ubc-17	B0403.2
B0403.5	B0403.5
B0403.3	B0403.3
pdi-6	B0403.4
B0403.6	B0403.6
C36B7.4	C36B7.4
Y1B5A.1	Y1B5A.1
C36B7.5	C36B7.5
C36B7.6	C36B7.6
C36B7.3	C36B7.3
C36B7.2	C36B7.2
C36B7.1	C36B7.1
hen-1	C36B7.7
ist-1	C54D1.3
clec-86	C54D1.2
alh-10	C54D1.4
lam-2	C54D1.5
C54D1.7	C54D1.7
pgp-10	C54D1.1
bar-1	C54D1.6
F43E12.1	F43E12.1
C55B6.4	C55B6.4
C55B6.7	C55B6.7
dnj-7	C55B6.2
C55B6.1	C55B6.1
C55B6.5	C55B6.5
ZK867.2	ZK867.2
spp-22	ZK867.3
syd-9	ZK867.1
F46H5.3	F46H5.3
F46H5.7	F46H5.7
F46H5.4	F46H5.4
F46H5.5	F46H5.5
lact-1	F46H5.8
F46H5.2	F46H5.2
grd-7	F46H5.6
F46H5.11	F46H5.11
unc-10	T10A3.1
lron-7	K03A1.2
K03A1.4	K03A1.4
sur-5	K03A1.5
his-38	K03A1.6
his-40	K03A1.1
spp-3	T08A9.7
spp-2	T08A9.12
spp-6	T08A9.10
spp-4	T08A9.8
spp-5	T08A9.9
T08A9.13	T08A9.13
sng-1	T08A9.3
ttr-59	T08A9.11
ttr-30	T08A9.2
epg-7	T08A9.1
C07D8.6	C07D8.6
C07D8.5	C07D8.5
C56G3.2	C56G3.2
npr-8	C56G3.1
C10A4.6	C10A4.6
gad-2	C10A4.5
C10A4.13	C10A4.13
C10A4.10	C10A4.10
C10A4.4	C10A4.4
C10A4.3	C10A4.3
C10A4.2	C10A4.2
C10A4.7	C10A4.7
C10A4.1	C10A4.1
C10A4.9	C10A4.9
mnm-2	C10A4.8
clc-2	C01C10.1
clc-5	C01C10.4
C01C10.2	C01C10.2
acl-12	C01C10.3
sox-2	K08A8.2
coh-1	K08A8.3
mek-1	K08A8.1
F48E3.9	F48E3.9
gly-12	F48E3.1
F48E3.2	F48E3.2
F48E3.4	F48E3.4
uggt-1	F48E3.3
F48E3.6	F48E3.6
lgc-11	F48E3.7
F48E3.8	F48E3.8
F46C8.3	F46C8.3
ceh-14	F46C8.5
dpy-7	F46C8.6
glb-16	F46C8.7
col-174	F46C8.2
F46C8.1	F46C8.1
F46C8.8	F46C8.8
PDB1.1	PDB1.1
F08C6.5	F08C6.5
sto-1	F08C6.4
vps-52	F08C6.3
apy-1	F08C6.6
unc-98	F08C6.7
pcyt-1	F08C6.2
F08C6.18	F08C6.18
adt-2	F08C6.1
C44E12.1	C44E12.1
twk-17	C44E12.3
nlp-61	F26A10.1
F26A10.2	F26A10.2
F27D9.12	F27D9.12
pcca-1	F27D9.5
dhs-29	F27D9.6
F27D9.13	F27D9.13
F27D9.7	F27D9.7
F27D9.2	F27D9.2
stn-2	F27D9.8
unc-18	F27D9.1
clik-2	C53C9.2
kvs-1	C53C9.3
K09F5.4	K09F5.4
K09F5.6	K09F5.6
spp-14	K09F5.3
vit-1	K09F5.2
set-12	K09F5.5
K09F5.1	K09F5.1
ref-2	C47C12.3
deg-1	C47C12.6
mec-7	ZK154.3
ZK154.4	ZK154.4
ZK154.1	ZK154.1
ZK154.5	ZK154.5
ZK154.6	ZK154.6
adm-4	ZK154.7
gpx-7	R03G5.5
R03G5.6	R03G5.6
sek-1	R03G5.2
eef-1A.2	R03G5.1
sul-3	C54D2.4
C54D2.2	C54D2.2
C54D2.1	C54D2.1
C54D2.6	C54D2.6
cca-1	C54D2.5
C39D10.8	C39D10.8
pcyt-2.2	C39D10.3
C39D10.2	C39D10.2
C39D10.5	C39D10.5
C39D10.6	C39D10.6
C39D10.11	C39D10.11
C39D10.1	C39D10.1
C39D10.7	C39D10.7
zig-4	C09C7.1
zig-3	C14F5.2
tnt-3	C14F5.3
dct-1	C14F5.1
sfxn-2	C14F5.4
sem-5	C14F5.5
F45E1.5	F45E1.5
his-71	F45E1.6
F45E1.4	F45E1.4
sdpn-1	F45E1.7
F45E1.1	F45E1.1
F45E1.2	F45E1.2
unk-1	C34D10.2
C34D10.5	C34D10.5
C34D10.1	C34D10.1
xol-1	C18A11.5
C18A11.4	C18A11.4
dim-1	C18A11.7
C18A11.3	C18A11.3
C18A11.2	C18A11.2
C18A11.1	C18A11.1
C46F2.1	C46F2.1
K07E3.4	K07E3.4
dao-3	K07E3.3
vem-1	K07E3.8
catp-5	K07E3.7
K07E3.2	K07E3.2
K07E3.9	K07E3.9
K07E3.1	K07E3.1
hlh-8	C02B8.4
C02B8.12	C02B8.12
frpr-1	C02B8.5
C02B8.6	C02B8.6
C02B8.7	C02B8.7
C02B8.3	C02B8.3
C02B8.1	C02B8.1
F22F1.2	F22F1.2
hil-3	F22F1.1
F22F1.3	F22F1.3
C17H11.2	C17H11.2
C17H11.1	C17H11.1
C17H11.4	C17H11.4
C17H11.5	C17H11.5
C17H11.6	C17H11.6
cdd-1	C47D2.2
C47D2.1	C47D2.1
K02A6.4	K02A6.4
K02A6.1	K02A6.1
K02A6.2	K02A6.2
K02A6.3	K02A6.3
M60.4	M60.4
endu-2	M60.2
kqt-2	M60.5
M60.6	M60.6
M60.7	M60.7
cutl-29	F13B9.6
ksr-1	F13B9.5
fis-2	F13B9.8
F13B9.2	F13B9.2
sec-16A.2	F13B9.1
R09F10.3	R09F10.3
ced-13	R09F10.9
inx-5	R09F10.4
R09F10.5	R09F10.5
srh-11	R09F10.6
pqn-57	R09F10.7
abu-9	R09F10.2
R09F10.1	R09F10.1
R09F10.8	R09F10.8
F55E10.4	F55E10.4
F55E10.2	F55E10.2
F55E10.1	F55E10.1
drd-5	F55E10.6
npr-28	F55E10.7
F40B5.2	F40B5.2
nep-15	F40B5.3
tbc-18	F41D9.1
F41D9.2	F41D9.2
wrk-1	F41D9.3
sulp-3	F41D9.5
F08F1.9	F08F1.9
F08F1.4	F08F1.4
ced-8	F08F1.5
spp-13	F08F1.6
tag-123	F08F1.7
tth-1	F08F1.8
F08F1.3	F08F1.3
kin-9	F08F1.1
F16F9.1	F16F9.1
dpy-6	F16F9.2
F16F9.3	F16F9.3
F16F9.4	F16F9.4
mec-10	F16F9.5
nhr-14	T01B10.4
T01B10.5	T01B10.5
grd-14	T01B10.2
grd-4	T01B10.1
H03E18.1	H03E18.1
H03E18.2	H03E18.2
C03G5.14	C03G5.14
flp-5	C03G5.7
nspc-1	C03G5.8
nspc-2	C03G5.9
nspc-3	C03G5.10
nspc-4	C03G5.11
nspc-5	C03G5.12
nspc-6	C03G5.13
nspc-7	C03G5.2
sdha-1	C03G5.1
D2021.4	D2021.4
dhhc-14	D2021.2
utx-1	D2021.1
jmjd-3.1	F18E9.5
F18E9.8	F18E9.8
F18E9.4	F18E9.4
F18E9.3	F18E9.3
nlp-7	F18E9.2
F18E9.7	F18E9.7
F18E9.1	F18E9.1
H35N09.2	H35N09.2
H35N09.1	H35N09.1
K01A12.4	K01A12.4
K01A12.2	K01A12.2
K01A12.3	K01A12.3
stg-2	F12D9.1
F12D9.2	F12D9.2
rig-1	K09E2.4
K09E2.2	K09E2.2
K09E2.3	K09E2.3
K09E2.1	K09E2.1
frpr-8	F53A9.5
jbts-14	F53A9.4
F53A9.3	F53A9.3
kreg-1	F53A9.2
F53A9.1	F53A9.1
F53A9.6	F53A9.6
F53A9.7	F53A9.7
F53A9.8	F53A9.8
F53A9.9	F53A9.9
tnt-2	F53A9.10
EGAP4.1	EGAP4.1
M02D8.6	M02D8.6
M02D8.3	M02D8.3
M02D8.2	M02D8.2
M02D8.7	M02D8.7
asns-2	M02D8.4
M02D8.5	M02D8.5
zig-12	M02D8.1
ZK721.4	ZK721.4
ZK721.3	ZK721.3
unc-27	ZK721.2
chup-1	ZK721.1
R04E5.7	R04E5.7
R04E5.8	R04E5.8
R04E5.9	R04E5.9
cnnm-2	R04E5.2
ifd-1	R04E5.10
rcs-1	C28G1.5
C28G1.6	C28G1.6
sec-15	C28G1.3
C28G1.2	C28G1.2
ubc-23	C28G1.1
C28G1.10	C28G1.10
sprp-4	C28G1.4
C06E2.5	C06E2.5
C06E2.9	C06E2.9
ins-9	C06E2.8
ubc-22	C06E2.7
ubc-21	C06E2.3
C06E2.1	C06E2.1
C06E2.2	C06E2.2
C13E3.1	C13E3.1
ensh-1	D1009.3
cyn-8	D1009.2
nlp-14	D1009.4
acs-22	D1009.1
dylt-2	D1009.5
trk-1	D1073.1
aexr-3	C48C5.3
nmur-1	C48C5.1
twk-18	C24A3.6
C24A3.4	C24A3.4
C24A3.2	C24A3.2
C24A3.1	C24A3.1
C24A3.9	C24A3.9
T25B6.4	T25B6.4
T25B6.5	T25B6.5
T25B6.6	T25B6.6
T25B6.3	T25B6.3
snf-12	T25B6.7
nep-22	T25B6.2
T25B6.1	T25B6.1
prdm-14	F47E1.3
F47E1.20	F47E1.20
F47E1.2	F47E1.2
F47E1.4	F47E1.4
F47E1.1	F47E1.1
ajm-1	C25A11.4
C25A11.2	C25A11.2
B0563.6	B0563.6
B0563.5	B0563.5
tmbi-4	B0563.4
B0563.7	B0563.7
tsp-11	B0563.2
B0563.10	B0563.10
B0563.9	B0563.9
B0563.1	B0563.1
B0563.18	B0563.18
B0563.8	B0563.8
Y81B9A.4	Y81B9A.4
Y81B9A.3	Y81B9A.3
Y81B9A.2	Y81B9A.2
Y81B9A.1	Y81B9A.1
crb-3	C35B8.4
C35B8.3	C35B8.3
vav-1	C35B8.2
col-175	C35B8.1
lgc-4	F18G5.4
gpa-12	F18G5.3
pes-8	F18G5.2
F18G5.1	F18G5.1
F18G5.6	F18G5.6
B0416.5	B0416.5
B0416.10	B0416.10
B0416.4	B0416.4
B0416.11	B0416.11
B0416.3	B0416.3
gly-13	B0416.6
B0416.7	B0416.7
B0416.2	B0416.2
tmc-2	B0416.1
H29C22.1	H29C22.1
ttr-38	F35G8.2
npr-7	F35G8.1
T20B5.2	T20B5.2
apa-2	T20B5.1
oga-1	T20B5.3
flp-20	E01H11.3
pkc-2	E01H11.1
C23F12.4	C23F12.4
C23F12.3	C23F12.3
C23F12.9	C23F12.9
fln-2	C23F12.1
B0272.4	B0272.4
B0272.3	B0272.3
tbb-4	B0272.1
memb-1	B0272.2
ZK899.1	ZK899.1
ZK899.7	ZK899.7
ZK899.2	ZK899.2
ZK899.3	ZK899.3
tba-8	ZK899.4
ZK899.5	ZK899.5
ZK899.6	ZK899.6
gap-2	ZK899.8
C07B5.2	C07B5.2
C07B5.6	C07B5.6
C07B5.3	C07B5.3
C07B5.4	C07B5.4
C07B5.8	C07B5.8
nuc-1	C07B5.5
F49E2.5	F49E2.5
moc-5	F49E2.1
F49E2.2	F49E2.2
glb-17	F49E2.4
gpx-5	C11E4.1
gpx-3	C11E4.2
del-8	C11E4.3
C11E4.6	C11E4.6
C11E4.7	C11E4.7
C11E4.8	C11E4.8
F34H10.1	F34H10.1
F34H10.3	F34H10.3
F34H10.5	F34H10.5
F34H10.4	F34H10.4
aex-2	T14B1.2
T14B1.1	T14B1.1
C43C3.4	C43C3.4
ifp-1	C43C3.1
npr-18	C43C3.2
dyf-7	C43C3.3
F15G9.1	F15G9.1
F15G9.2	F15G9.2
F15G9.6	F15G9.6
him-4	F15G9.4
F15G9.5	F15G9.5
T09B9.1	T09B9.1
T09B9.3	T09B9.3
slc-17.9	T09B9.2
T09B9.4	T09B9.4
T09B9.5	T09B9.5
F36G3.1	F36G3.1
F36G3.2	F36G3.2
F36G3.3	F36G3.3
lgc-47	F47A4.1
dpy-22	F47A4.2
rrc-1	F47A4.3
ipla-2	F47A4.5
vab-15	R07B1.1
lec-8	R07B1.10
lec-7	R07B1.2
R07B1.11	R07B1.11
scav-5	R07B1.3
gst-36	R07B1.4
R07B1.5	R07B1.5
R07B1.6	R07B1.6
R07B1.7	R07B1.7
R07B1.13	R07B1.13
R07B1.8	R07B1.8
glo-1	R07B1.12
R07B1.9	R07B1.9
mrp-4	F21G4.2
F21G4.1	F21G4.1
F21G4.3	F21G4.3
phf-34	F21G4.4
F21G4.5	F21G4.5
F21G4.6	F21G4.6
folr-1	C17G1.1
C17G1.2	C17G1.2
ugt-23	C17G1.3
nra-3	C17G1.4
tsp-21	C17G1.8
C17G1.5	C17G1.5
C17G1.14	C17G1.14
nas-37	C17G1.6
cysl-1	C17G1.7
ZC506.1	ZC506.1
pssy-1	ZC506.3
mgl-1	ZC506.4
F19C6.5	F19C6.5
grk-1	F19C6.1
F19C6.2	F19C6.2
F19C6.3	F19C6.3
F19C6.4	F19C6.4
F42G10.1	F42G10.1
mkk-4	F42G10.2
sek-6	VZC374L.1
ZC374.2	ZC374.2
gnrr-3	ZC374.1
cbs-1	ZC373.1
ZC373.2	ZC373.2
ZC373.3	ZC373.3
mlck-1	ZC373.4
ZC373.5	ZC373.5
dao-4	ZC373.6
col-176	ZC373.7
W07E11.1	W07E11.1
flp-28	W07E11.4
flp-3	W07E11.2
flp-2	W07E11.3
unc-58	T06H11.1
moc-1	T06H11.4
oac-14	F09B9.1
unc-115	F09B9.2
F09B9.5	F09B9.5
erd-2.1	F09B9.3
F09B9.4	F09B9.4
rnp-9	C07A4.1
C07A4.2	C07A4.2
C07A4.3	C07A4.3
ncs-4	F21A10.1
myrf-2	F21A10.2
arrd-28	F21A10.4
nucb-1	F44A6.1
sex-1	F44A6.2
F44A6.3	F44A6.3
F44A6.4	F44A6.4
F44A6.5	F44A6.5
C14H10.3	C14H10.3
zipt-13	C14H10.1
str-74	C14H10.4
C14H10.2	C14H10.2
C32A9.1	C32A9.1
F41E7.2	F41E7.2
slc-9B.1	F41E7.1
npr-6	F41E7.3
fip-5	F41E7.4
fipr-21	F41E7.5
cnc-8	F41E7.8
F41E7.6	F41E7.6
F41E7.7	F41E7.7
F41E7.9	F41E7.9
R07E3.6	R07E3.6
acl-5	R07E3.5
R07E3.4	R07E3.4
cut-5	R07E3.3
R07E3.2	R07E3.2
R07E3.1	R07E3.1
R07E3.7	R07E3.7
efhc-1	Y49A10A.1
Y49A10A.2	Y49A10A.2
rme-4	F46F6.1
dyf-6	F46F6.4
pkn-1	F46F6.2
gur-3	ZC504.5
ZC504.1	ZC504.1
acr-8	ZC504.2
cdk-11.2	ZC504.3
mig-15	ZC504.4
C39B10.3	C39B10.3
C39B10.4	C39B10.4
C39B10.5	C39B10.5
lgc-41	C39B10.2
C39B10.1	C39B10.1
elt-4	C39B10.6
C39B10.7	C39B10.7
elt-2	C33D3.1
C33D3.3	C33D3.3
C33D3.4	C33D3.4
C33D3.5	C33D3.5
vab-3	F14F3.1
F14F3.4	F14F3.4
mboa-7	F14F3.3
git-1	F14F3.2
F14F3.5	F14F3.5
slcf-1	F59F5.1
glo-3	F59F5.2
F59F5.3	F59F5.3
F59F5.4	F59F5.4
F59F5.5	F59F5.5
syd-2	F59F5.6
F59F5.7	F59F5.7
bet-2	F57C7.1
nhx-5	F57C7.2
F57C7.4	F57C7.4
sdn-1	F57C7.3
flp-19	M79.4
abl-1	M79.1
M79.2	M79.2
daf-12	F11A1.3
F13E6.2	F13E6.2
F13E6.1	F13E6.1
phf-31	F13E6.3
yap-1	F13E6.4
plpp-1.3	F13E6.5
rhgf-1	F13E6.6
T01C1.4	T01C1.4
mbr-1	T01C1.2
egl-36	R07A4.1
R07A4.2	R07A4.2
R07A4.4	R07A4.4
R07A4.3	R07A4.3
sma-9	T05A10.1
clc-4	T05A10.2
ttr-14	T05A10.3
vap-2	T05A10.5
T05A10.6	T05A10.6
plc-1	F31B12.1
F31B12.4	F31B12.4
F31B12.3	F31B12.3
C05A9.2	C05A9.2
pgp-5	C05A9.1
pgp-8	T21E8.3
pgp-7	T21E8.2
pgp-6	T21E8.1
T21E8.4	T21E8.4
T21E8.6	T21E8.6
T21E8.7	T21E8.7
T21E8.5	T21E8.5
F47B10.6	F47B10.6
F47B10.5	F47B10.5
F47B10.4	F47B10.4
F47B10.3	F47B10.3
haly-1	F47B10.2
suca-1	F47B10.1
acbp-3	F47B10.7
F47B10.8	F47B10.8
F47B10.9	F47B10.9
nstp-9	T21B6.5
dgn-1	T21B6.1
pho-7	T21B6.2
T21B6.3	T21B6.3
K09C8.7	K09C8.7
pbo-4	K09C8.1
nlp-19	K09C8.6
K09C8.2	K09C8.2
nas-10	K09C8.3
lge-1	K09C8.4
K09C8.9	K09C8.9
K09C8.8	K09C8.8
pxn-2	K09C8.5
ver-4	F59F3.5
ver-3	F59F3.1
F59F3.6	F59F3.6
col-177	F59F3.2
del-5	F59F3.4
ttr-31	F58A3.5
F58A3.4	F58A3.4
F58A3.3	F58A3.3
egl-15	F58A3.2
ldb-1	F58A3.1
C09F12.3	C09F12.3
clc-1	C09F12.1
C09F12.2	C09F12.2
lpr-3	W04G3.8
lpr-6	W04G3.1
lpr-5	W04G3.2
lpr-4	W04G3.3
apt-9	W04G3.4
W04G3.5	W04G3.5
W04G3.12	W04G3.12
W04G3.10	W04G3.10
W04G3.13	W04G3.13
sulp-7	W04G3.6
W04G3.7	W04G3.7
W04G3.11	W04G3.11
W02H3.3	W02H3.3
W02H3.1	W02H3.1
R08B4.4	R08B4.4
grd-1	R08B4.1
nlp-66	R08B4.5
R08B4.3	R08B4.3
alr-1	R08B4.2
C05C9.3	C05C9.3
C05C9.2	C05C9.2
C05C9.1	C05C9.1
F13D2.1	F13D2.1
gnrr-6	F13D2.2
gnrr-7	F13D2.3
C34F6.1	C34F6.1
col-178	C34F6.2
col-179	C34F6.3
C34F6.11	C34F6.11
hst-2	C34F6.4
C34F6.5	C34F6.5
C34F6.7	C34F6.7
idh-2	C34F6.8
C34F6.9	C34F6.9
C34F6.12	C34F6.12
C34F6.10	C34F6.10
C03A3.1	C03A3.1
C03A3.2	C03A3.2
C03A3.9	C03A3.9
C03A3.3	C03A3.3
ifa-1	F38B2.1
F38B2.2	F38B2.2
F38B2.6	F38B2.6
F38B2.3	F38B2.3
F38B2.4	F38B2.4
inx-2	F08G12.10
snrp-40.1	F08G12.2
F08G12.3	F08G12.3
F08G12.1	F08G12.1
vhl-1	F08G12.4
F08G12.5	F08G12.5
F08G12.11	F08G12.11
nlp-57	F08G12.8
hizr-1	ZK455.6
asm-2	ZK455.4
ZK455.5	ZK455.5
npr-9	ZK455.3
gcy-9	ZK455.2
aco-1	ZK455.1
oct-2	ZK455.8
pgp-3	ZK455.7
pgp-4	F42E11.1
ttyh-1	F42E11.2
F42E11.3	F42E11.3
tni-1	F42E11.4
F08B12.11	F08B12.11
prmn-1	F08B12.1
prx-12	F08B12.2
slo-2	F08B12.3
F08B12.4	F08B12.4
pek-1	F46C3.1
F46C3.2	F46C3.2
F46C3.6	F46C3.6
hum-4	F46C3.3
F46C3.7	F46C3.7
igeg-2	F48C5.1
F48C5.2	F48C5.2
lin-14	T25C12.1
spp-9	T25C12.2
spp-21	T25C12.4
T25C12.3	T25C12.3
F29G6.1	F29G6.1
ccdc-149	F29G6.2
hpo-34	F29G6.3
sdc-2	C35C5.1
C35C5.8	C35C5.8
C35C5.9	C35C5.9
gcp-2.2	C35C5.2
selt-1.1	C35C5.3
mig-2	C35C5.4
C35C5.10	C35C5.10
lev-8	C35C5.5
trpp-9	C35C5.6
frm-3	H05G16.1
abts-2	F52D10.1
F52D10.2	F52D10.2
ftt-2	F52D10.3
F52D10.4	F52D10.4
sto-3	F52D10.5
twk-44	Y71H9A.1
Y71H9A.10	Y71H9A.10
sto-6	Y71H9A.2
sto-4	Y71H9A.3
T04F8.8	T04F8.8
cutl-11	T04F8.4
T04F8.2	T04F8.2
T04F8.3	T04F8.3
sfxn-1.5	T04F8.1
noca-2	T04F8.6
T04F8.9	T04F8.9
T04F8.7	T04F8.7
hnd-1	C44C10.8
C44C10.7	C44C10.7
C44C10.10	C44C10.10
C44C10.5	C44C10.5
smcl-1	C44C10.4
C44C10.12	C44C10.12
C44C10.15	C44C10.15
C44C10.3	C44C10.3
C44C10.11	C44C10.11
col-180	C44C10.1
C44C10.9	C44C10.9
D1053.4	D1053.4
gst-42	D1053.1
D1053.2	D1053.2
D1053.3	D1053.3
nspa-9	C40H5.1
C40H5.2	C40H5.2
lact-7	C40H5.4
ttx-3	C40H5.5
Y102F5A.1	Y102F5A.1
rsd-3	C34E11.1
C34E11.4	C34E11.4
C34E11.2	C34E11.2
tag-241	C34E11.3
taf-7.1	F54F7.1
F54F7.2	F54F7.2
F54F7.9	F54F7.9
F54F7.3	F54F7.3
F54F7.14	F54F7.14
xtr-1	F54F7.4
F54F7.8	F54F7.8
mes-1	F54F7.5
F54F7.10	F54F7.10
F54F7.6	F54F7.6
dot-1.2	F54F7.7
Y62H9A.1	Y62H9A.1
Y62H9A.2	Y62H9A.2
Y62H9A.3	Y62H9A.3
Y62H9A.4	Y62H9A.4
Y62H9A.5	Y62H9A.5
ule-5	Y62H9A.6
Y62H9A.7	Y62H9A.7
Y62H9A.8	Y62H9A.8
Y62H9A.9	Y62H9A.9
Y62H9A.10	Y62H9A.10
Y62H9A.11	Y62H9A.11
Y62H9A.15	Y62H9A.15
Y62H9A.12	Y62H9A.12
Y62H9A.13	Y62H9A.13
Y62H9A.16	Y62H9A.16
Y62H9A.14	Y62H9A.14
F55G7.1	F55G7.1
F55G7.4	F55G7.4
dot-1.4	F55G7.2
F55G7.5	F55G7.5
F55G7.3	F55G7.3
nfya-1	T08D10.1
lsd-1	T08D10.2
T08D10.4	T08D10.4
T08D10.3	T08D10.3
T08D10.5	T08D10.5
C49F5.8	C49F5.8
C49F5.13	C49F5.13
sams-1	C49F5.1
set-6	C49F5.2
nhr-167	C49F5.4
C49F5.3	C49F5.3
C49F5.5	C49F5.5
C49F5.6	C49F5.6
C49F5.7	C49F5.7
sma-5	W06B3.2
nmat-1	W06B3.1
ucr-2.1	VW06B3R.1
B0198.2	B0198.2
tsp-20	B0198.1
B0198.3	B0198.3
lgc-23	C15A7.1
lgc-24	C15A7.4
C15A7.2	C15A7.2
W03G11.4	W03G11.4
W03G11.3	W03G11.3
col-181	W03G11.1
W03G11.2	W03G11.2
lgc-13	T01H10.1
lgc-14	T01H10.2
lgc-15	T01H10.3
lgc-16	T01H10.5
lgc-17	T01H10.6
T01H10.11	T01H10.11
lgc-18	T01H10.7
lyst-1	T01H10.8
M153.3	M153.3
M153.5	M153.5
pycr-1	M153.1
M153.4	M153.4
mfsd-11	M153.2
F57G12.2	F57G12.2
F57G12.1	F57G12.1
cab-1	C23H4.1
C23H4.8	C23H4.8
cest-8	C23H4.2
cest-9.2	C23H4.7
cest-9.1	C23H4.3
cest-7	C23H4.4
C23H4.6	C23H4.6
cest-3	E01G6.3
E01G6.2	E01G6.2
E01G6.1	E01G6.1
otpl-8	H19J13.1
H19J13.2	H19J13.2
C04B4.6	C04B4.6
C04B4.1	C04B4.1
C04B4.2	C04B4.2
lips-2	C04B4.3
C04B4.5	C04B4.5
C04B4.4	C04B4.4
W06D11.1	W06D11.1
W06D11.2	W06D11.2
W06D11.3	W06D11.3
W06D11.5	W06D11.5
dot-1.3	W06D11.4
phf-32	F17A2.3
F17A2.16	F17A2.16
xtr-2	F17A2.1
ceh-40	F17A2.5
F17A2.13	F17A2.13
srd-40	F17A2.12
srd-41	F17A2.6
srd-45	F17A2.7
srd-46	F17A2.10
srd-47	F17A2.11
srd-48	F17A2.9
srd-44	F17A2.8
zig-2	F42F12.2
nspc-9	F42F12.1
nspc-10	F42F12.9
F42F12.11	F42F12.11
F42F12.14	F42F12.14
F42F12.3	F42F12.3
F42F12.4	F42F12.4
nspc-12	F42F12.10
nspc-13	F42F12.6
nspc-14	F42F12.7
nspc-15	F42F12.8
F19H6.6	F19H6.6
F19H6.5	F19H6.5
F19H6.4	F19H6.4
rif-1.2	F19H6.3
glb-13	F19H6.2
nekl-3	F19H6.1
F17E5.2	F17E5.2
lin-2	F17E5.1
T24D3.2	T24D3.2
med-1	T24D3.1
tsct-1	T18D3.7
T18D3.6	T18D3.6
T18D3.9	T18D3.9
T18D3.1	T18D3.1
odr-7	T18D3.2
T18D3.5	T18D3.5
cdf-2	T18D3.3
myo-2	T18D3.4
F45E6.1	F45E6.1
atf-6	F45E6.2
tbc-13	F45E6.3
lips-1	F45E6.4
sdz-19	F45E6.6
scd-1	H20J18.1
npr-4	C16D6.2
T24D5.1	T24D5.1
T24D5.3	T24D5.3
T24D5.2	T24D5.2
T24D5.4	T24D5.4
T24D5.6	T24D5.6
R09A8.9	R09A8.9
R09A8.1	R09A8.1
R09A8.2	R09A8.2
ivns-1	R09A8.3
R09A8.5	R09A8.5
zmp-5	H36L18.1
C02B4.3	C02B4.3
nlp-76	C02B4.4
nhr-17	C02B4.2
adt-1	C02B4.1
ugt-50	T07C5.1
nhr-26	T07C5.5
nhr-214	T07C5.3
nhr-272	T07C5.2
nhr-27	F16H9.2
rgs-2	F16H9.1
pgp-12	F22E10.1
pgp-13	F22E10.2
pgp-14	F22E10.3
cept-1	F22E10.5
ilc-17.1	T22H6.1
alh-13	T22H6.2
str-124	T22H6.3
str-123	T22H6.4
abf-5	T22H6.5
abf-6	T22H6.7
gei-3	T22H6.6
C52G5.2	C52G5.2
C52G5.3	C52G5.3
chd-3	T14G8.1
T14G8.2	T14G8.2
T14G8.3	T14G8.3
T14G8.6	T14G8.6
T14G8.4	T14G8.4
bcat-1	K02A4.1
gpc-1	K02A4.2
pqn-18	C34E7.1
C34E7.3	C34E7.3
C34E7.4	C34E7.4
C05E7.2	C05E7.2
C05E7.1	C05E7.1
C05E7.3	C05E7.3
frpr-2	C05E7.4
ppk-3	VF11C1L.1
F11C1.4	F11C1.4
F11C1.10	F11C1.10
F11C1.9	F11C1.9
scav-4	F11C1.3
mff-1	F11C1.2
F11C1.1	F11C1.1
F11C1.7	F11C1.7
vwa-8	F11C1.5
nhr-25	F11C1.6
npr-10	C53C7.1
C53C7.3	C53C7.3
K03A11.1	K03A11.1
K03A11.6	K03A11.6
K03A11.5	K03A11.5
cpx-2	K03A11.2
ceh-28	K03A11.3
K03A11.4	K03A11.4
str-10	R03G8.5
R03G8.1	R03G8.1
R03G8.3	R03G8.3
R03G8.6	R03G8.6
F17H10.1	F17H10.1
F17H10.2	F17H10.2
snx-17	F17H10.3
F17H10.4	F17H10.4
spin-3	F09A5.1
F09A5.2	F09A5.2
ttr-34	F09A5.9
F09A5.3	F09A5.3
mob-2	F09A5.4
nlp-3	F48C11.3
cwp-5	F48C11.2
gpa-6	F48C11.1
unc-9	R12H7.1
R12H7.4	R12H7.4
asp-4	R12H7.2
skr-20	R12H7.5
skr-19	R12H7.3
skr-21	K08H2.1
bgnt-1.5	K08H2.9
K08H2.2	K08H2.2
K08H2.3	K08H2.3
K08H2.4	K08H2.4
K08H2.5	K08H2.5
hpl-1	K08H2.6
K08H2.7	K08H2.7
nhr-32	K08H2.8
K08H2.10	K08H2.10
K09A11.1	K09A11.1
cyp-14A1	K09A11.2
cyp-14A2	K09A11.3
cyp-14A3	K09A11.4
phf-33	K09A11.5
cyp-14A4	R04D3.1
R04D3.2	R04D3.2
R04D3.4	R04D3.4
R04D3.3	R04D3.3
srd-38	R04D3.12
srd-36	R04D3.6
srd-39	R04D3.8
srd-42	R04D3.7
srd-43	R04D3.9
srxa-8	R04D3.10
F46G10.1	F46G10.1
F46G10.2	F46G10.2
sir-2.2	F46G10.7
sir-2.3	F46G10.3
F46G10.4	F46G10.4
ptr-24	F46G10.5
mxl-3	F46G10.6
C49F8.15	C49F8.15
C49F8.1	C49F8.1
gem-1	C49F8.2
C49F8.14	C49F8.14
C49F8.3	C49F8.3
irld-2	F02C12.4
F02C12.3	F02C12.3
F02C12.2	F02C12.2
F02C12.1	F02C12.1
cyp-13B1	F02C12.5
C29F7.1	C29F7.1
C29F7.2	C29F7.2
C29F7.3	C29F7.3
fkh-3	C29F7.4
fkh-4	C29F7.5
C29F7.10	C29F7.10
jmjd-3.3	C29F7.6
set-8	F02D10.7
F02D10.6	F02D10.6
flr-1	F02D10.5
F02D10.3	F02D10.3
F02D10.2	F02D10.2
col-183	F02D10.1
col-184	F15A2.1
tre-4	F15A2.2
efn-3	F15A2.5
srd-50	F15A2.4
srd-51	F15A2.3
sad-1	F15A2.6
H06A10.1	H06A10.1
col-185	H06A10.2
cdk-4	F18H3.5
F18H3.1	F18H3.1
pab-2	F18H3.3
F18H3.4	F18H3.4
acr-12	R01E6.4
R01E6.5	R01E6.5
cah-4	R01E6.3
odr-1	R01E6.1
glb-20	R01E6.6
R01E6.2	R01E6.2
R01E6.7	R01E6.7
F54B11.11	F54B11.11
F54B11.10	F54B11.10
unc-84	F54B11.3
col-9	F54B11.1
col-44	F54B11.2
F54B11.4	F54B11.4
F54B11.5	F54B11.5
bra-1	F54B11.6
F54B11.7	F54B11.7
F54B11.8	F54B11.8
F54B11.9	F54B11.9
nlp-53	Y12A6A.2
Y12A6A.1	Y12A6A.1
nlg-1	C40C9.5
twk-20	C40C9.1
acr-9	C40C9.2
C40C9.3	C40C9.3
C40C9.4	C40C9.4
C04A11.1	C04A11.1
C04A11.5	C04A11.5
C04A11.2	C04A11.2
gck-4	C04A11.3
adm-2	C04A11.4
K02D3.1	K02D3.1
K02D3.2	K02D3.2
K11E4.1	K11E4.1
K11E4.2	K11E4.2
poml-1	K11E4.3
K11E4.6	K11E4.6
pix-1	K11E4.4
nhr-71	K11E4.5
aakb-1	F55F3.1
cest-13	F55F3.2
nkb-3	F55F3.3
F55F3.4	F55F3.4
ZK1086.3	ZK1086.3
ZK1086.2	ZK1086.2
obr-3	ZK1086.1
twk-23	F19D8.1
F19D8.2	F19D8.2
M03B6.1	M03B6.1
M03B6.5	M03B6.5
mct-3	M03B6.2
M03B6.4	M03B6.4
M03B6.3	M03B6.3
hlb-1	T21H8.1
sra-37	T21H8.2
sra-38	T21H8.3
sra-39	T21H8.4
Y26E6A.3	Y26E6A.3
Y26E6A.2	Y26E6A.2
ekl-5	Y26E6A.1
meg-2	K02B9.2
meg-1	K02B9.1
elt-3	K02B9.4
alg-1	F48F7.1
syx-2	F48F7.2
F48F7.3	F48F7.3
pqn-39	F48F7.4
F48F7.5	F48F7.5
F48F7.6	F48F7.6
arrd-24	F48F7.7
irld-24	C31E10.3
C31E10.11	C31E10.11
C31E10.5	C31E10.5
C31E10.6	C31E10.6
cytb-5.1	C31E10.7
tbc-19	C31E10.8
C04C11.25	C04C11.25
C04C11.1	C04C11.1
arrd-25	C04C11.2
dyc-1	C33G3.1
lgc-21	C33G3.3
C33G3.4	C33G3.4
C33G3.5	C33G3.5
C33G3.6	C33G3.6
F16B12.1	F16B12.1
dsl-4	F16B12.2
F16B12.4	F16B12.4
F16B12.6	F16B12.6
F16B12.7	F16B12.7
nhr-281	F16B12.8
F28H6.7	F28H6.7
F28H6.6	F28H6.6
F28H6.4	F28H6.4
F28H6.8	F28H6.8
nkat-1	F28H6.3
ceh-89	F28H6.2
akt-2	F28H6.1
ceh-90	R03E1.4
lgc-25	R03E1.3
vha-20	R03E1.2
sym-4	R03E1.1
idhb-1	C37E2.1
C37E2.2	C37E2.2
C37E2.10	C37E2.10
C37E2.3	C37E2.3
ceh-36	C37E2.4
ceh-37	C37E2.5
K06G5.1	K06G5.1
K06G5.3	K06G5.3
cyp-13B2	K06G5.2
srg-36	K04C1.6
srg-37	K04C1.1
K04C1.2	K04C1.2
K04C1.3	K04C1.3
mlc-6	K04C1.4
K04C1.5	K04C1.5
E02H4.6	E02H4.6
E02H4.5	E02H4.5
E02H4.7	E02H4.7
E02H4.4	E02H4.4
E02H4.8	E02H4.8
del-1	E02H4.1
E02H4.2	E02H4.2
madd-3	E02H4.3
C11H1.5	C11H1.5
C11H1.2	C11H1.2
C11H1.3	C11H1.3
prx-1	C11H1.4
C11H1.9	C11H1.9
C11H1.7	C11H1.7
sel-7	K04G11.2
K04G11.1	K04G11.1
K04G11.3	K04G11.3
wdr-5.2	K04G11.4
irk-3	K04G11.5
Y60A9A.1	Y60A9A.1
Y60A9.3	Y60A9.3
Y60A9.1	Y60A9.1
frpr-17	T14C1.1
fbxa-179	T14C1.3
F23D12.10	F23D12.10
F23D12.2	F23D12.2
fipr-3	F23D12.6
F23D12.11	F23D12.11
F23D12.1	F23D12.1
F23D12.3	F23D12.3
F23D12.4	F23D12.4
jmjd-3.2	F23D12.5
F23D12.7	F23D12.7
Y66C5A.1	Y66C5A.1
Y66C5A.2	Y66C5A.2
M163.7	M163.7
M163.22	M163.22
M163.21	M163.21
M163.9	M163.9
M163.10	M163.10
M163.5	M163.5
M163.11	M163.11
gfi-3	M163.4
M163.8	M163.8
his-24	M163.3
ztf-14	M163.2
M163.1	M163.1
fbxa-141	D1025.3
gcsh-1	D1025.2
D1025.10	D1025.10
D1025.1	D1025.1
nspc-16	D1025.6
nspc-17	D1025.8
nspc-18	D1025.7
nspc-19	D1025.9
nspc-20	D1025.4
T24C2.5	T24C2.5
fbxa-81	T24C2.4
T24C2.3	T24C2.3
enri-2	T24C2.2
ram-5	T24C2.1
nhr-3	H01A20.1
C44H4.4	C44H4.4
lron-1	C44H4.1
let-4	C44H4.2
sym-1	C44H4.3
tap-1	C44H4.5
C44H4.8	C44H4.8
C44H4.6	C44H4.6
eor-2	C44H4.7
rbc-1	F54E4.1
F54E4.2	F54E4.2
F54E4.3	F54E4.3
F54E4.4	F54E4.4
syg-2	C26G2.1
C26G2.2	C26G2.2
slt-1	F40E10.4
csq-1	F40E10.3
sox-3	F40E10.2
hch-1	F40E10.1
F40E10.5	F40E10.5
F40E10.6	F40E10.6
atrn-1	F33C8.1
F33C8.2	F33C8.2
tsp-8	F33C8.3
F33C8.4	F33C8.4
C05G5.1	C05G5.1
C05G5.7	C05G5.7
C05G5.2	C05G5.2
C05G5.3	C05G5.3
sucl-1	C05G5.4
C05G5.5	C05G5.5
Y16B4A.2	Y16B4A.2
unc-3	Y16B4A.1
tatn-1	F42D1.2
sprr-2	F42D1.3
F42D1.4	F42D1.4
atf-4	T04C10.4
T04C10.11	T04C10.11
T04C10.3	T04C10.3
epn-1	T04C10.2
mbk-1	T04C10.1
dpf-2	C27C12.7
egrh-1	C27C12.2
acd-3	C27C12.5
C27C12.1	C27C12.1
C27C12.4	C27C12.4
dmd-4	C27C12.6
C27C12.3	C27C12.3
F31F6.1	F31F6.1
F31F6.2	F31F6.2
F31F6.3	F31F6.3
sssh-1	F31F6.8
flp-8	F31F6.4
daf-6	F31F6.5
nac-1	F31F6.6
lips-8	F31F6.7
hex-5	Y70D2A.2
Y70D2A.1	Y70D2A.1
ntr-2	F14F4.1
mrp-5	F14F4.3
pag-3	F45B8.4
F45B8.3	F45B8.3
rgs-10	F45B8.2
rgs-11	F45B8.1
F45B8.5	F45B8.5
F20D1.22	F20D1.22
flwr-1	F20D1.1
tbc-1	F20D1.2
F20D1.3	F20D1.3
emre-1	F20D1.10
plp-2	F20D1.4
rbg-1	F20D1.6
iglr-1	F20D1.7
cutl-3	F20D1.8
slc-25A18.1	F20D1.9
C18B12.6	C18B12.6
seb-3	C18B12.2
dsc-1	C18B12.3
C18B12.4	C18B12.4
H03G16.6	H03G16.6
H03G16.1	H03G16.1
H03G16.7	H03G16.7
H03G16.5	H03G16.5
fbxa-96	H03G16.4
mam-6	H03G16.2
H40L08.3	H40L08.3
H40L08.9	H40L08.9
H40L08.2	H40L08.2
H40L08.7	H40L08.7
H40L08.8	H40L08.8
H40L08.1	H40L08.1
F09B12.5	F09B12.5
flr-4	F09B12.6
F09B12.7	F09B12.7
F09B12.3	F09B12.3
dhhc-1	F09B12.2
mlt-9	F09B12.1
R07D5.2	R07D5.2
unc-7	R07D5.1
C11G10.1	C11G10.1
T10B10.8	T10B10.8
T10B10.9	T10B10.9
ocr-3	T10B10.7
ucr-2.2	T10B10.2
col-41	T10B10.1
T10B10.3	T10B10.3
T10B10.4	T10B10.4
phat-6	T10B10.6
snt-7	T10B10.5
famk-1	H03A11.1
H03A11.13	H03A11.13
H03A11.2	H03A11.2
piki-1	F39B1.1
F46F2.3	F46F2.3
F46F2.5	F46F2.5
kin-20	F46F2.2
jud-4	C02D4.1
ser-2	C02D4.2
nhr-91	Y15E3A.1
glb-28	Y15E3A.2
Y15E3A.3	Y15E3A.3
Y15E3A.4	Y15E3A.4
Y15E3A.5	Y15E3A.5
nfki-1	C33A11.1
C33A11.2	C33A11.2
svh-5	C33A11.4
psa-3	F39D8.2
pqn-36	F39D8.1
F39D8.3	F39D8.3
nas-13	F39D8.4
blos-8	R03A10.1
flp-32	R03A10.2
mocs-1	R03A10.3
nkat-3	R03A10.4
R03A10.5	R03A10.5
sprr-1	R03A10.6
exc-1	C46E1.3
gcy-36	C46E1.2
H13N06.2	H13N06.2
gob-1	H13N06.3
suox-1	H13N06.4
tbh-1	H13N06.6
H13N06.7	H13N06.7
zipt-7.2	H13N06.5
eat-20	H30A04.1
olrn-1	C02C6.2
C02C6.14	C02C6.14
lron-3	C02C6.3
dyn-1	C02C6.1
K09A9.6	K09A9.6
gas-1	K09A9.5
usp-33	K09A9.4
K09A9.8	K09A9.8
ent-2	K09A9.3
rab-14	K09A9.2
nipi-3	K09A9.1
K09E9.3	K09E9.3
erv-46	K09E9.2
K09E9.1	K09E9.1
K09E9.4	K09E9.4
K09E9.7	K09E9.7
H08J19.1	H08J19.1
F59D12.5	F59D12.5
F59D12.3	F59D12.3
pcdr-1	F59D12.1
F59D12.2	F59D12.2
gpn-1	F59D12.4
C03H12.1	C03H12.1
ZK662.2	ZK662.2
nhr-48	ZK662.3
ZK662.6	ZK662.6
ZK662.5	ZK662.5
lin-15B	ZK662.4
lin-15A	ZK678.1
srg-64	ZK678.6
nhr-255	ZK678.2
srxa-9	ZK678.4
wrt-4	ZK678.5
bus-17	ZK678.8
Y7A5A.1	Y7A5A.1
Y7A5A.2	Y7A5A.2
Y7A5A.13	Y7A5A.13
Y7A5A.24	Y7A5A.24
Y7A5A.3	Y7A5A.3
Y7A5A.5	Y7A5A.5
Y7A5A.10	Y7A5A.10
Y7A5A.6	Y7A5A.6
Y7A5A.7	Y7A5A.7
Y7A5A.8	Y7A5A.8
Y7A5A.9	Y7A5A.9
Y7A5A.20	Y7A5A.20
acox-1.6	F59F4.1
serp-1.1	F59F4.2
F59F4.3	F59F4.3
acl-1	F59F4.4
F53H4.6	F53H4.6
F53H4.2	F53H4.2
csb-1	F53H4.1
F53H4.4	F53H4.4
gmeb-2	F53H4.5
F53H4.3	F53H4.3
npr-33	F31B9.1
F31B9.4	F31B9.4
F31B9.2	F31B9.2
F31B9.7	F31B9.7
F31B9.3	F31B9.3
mrp-3	E03G2.2
mec-5	E03G2.3
col-186	E03G2.4
C09G1.5	C09G1.5
C09G1.2	C09G1.2
C09G1.4	C09G1.4
VB0395L.1	VB0395L.1
nhx-1	B0395.1
mboa-1	B0395.2
B0395.3	B0395.3
cpd-2	T27A8.1
T27A8.7	T27A8.7
T27A8.2	T27A8.2
T27A8.3	T27A8.3
col-187	C30F2.1
C30F2.4	C30F2.4
C30F2.2	C30F2.2
C30F2.3	C30F2.3
C30F2.5	C30F2.5
ZK1073.2	ZK1073.2
ZK1073.1	ZK1073.1
F09C8.2	F09C8.2
F09C8.1	F09C8.1
nlp-67	R11.2
slc-25A21	R11.1
R11.3	R11.3
R11.4	R11.4
F23A7.4	F23A7.4
F23A7.8	F23A7.8
F23A7.1	F23A7.1
F23A7.3	F23A7.3
F23A7.5	F23A7.5
W10G6.1	W10G6.1
W10G6.6	W10G6.6
sgk-1	W10G6.2
mua-6	W10G6.3
ifa-3	F52E10.5
sdc-1	F52E10.1
F52E10.2	F52E10.2
F52E10.4	F52E10.4
twk-21	T01B4.1
twk-22	T01B4.2
T01B4.3	T01B4.3
C11G6.2	C11G6.2
taf-3	C11G6.1
nhr-28	C11G6.4
ace-1	W09B12.1
sur-7	F01G12.2
let-2	F01G12.5
F01G12.18	F01G12.18
eat-17	T24D11.1
F38E9.6	F38E9.6
twf-2	F38E9.5
F38E9.4	F38E9.4
nas-39	F38E9.2
F38E9.1	F38E9.1
cah-3	K05G3.3
K05G3.2	K05G3.2
K05G3.1	K05G3.1
T25D1.3	T25D1.3
T25D1.2	T25D1.2
T25D1.1	T25D1.1
pat-9	T27B1.2
osm-1	T27B1.1
K08B5.2	K08B5.2
K08B5.1	K08B5.1
ser-1	F59C12.2
cdh-9	F59C12.1
F59C12.4	F59C12.4
F59C12.3	F59C12.3
ain-1	C06G1.4
cpg-19	C06G1.2
C06G1.1	C06G1.1
F43B10.1	F43B10.1
tag-343	F43B10.2
F22H10.3	F22H10.3
F22H10.2	F22H10.2
F22H10.11	F22H10.11
F22H10.6	F22H10.6
F22H10.1	F22H10.1
lgc-53	T21F2.1
hda-4	C10E2.3
C10E2.2	C10E2.2
C10E2.5	C10E2.5
C10E2.1	C10E2.1
mct-6	C10E2.6
T01C8.3	T01C8.3
T01C8.2	T01C8.2
got-1.2	T01C8.5
aak-2	T01C8.1
mec-4	T01C8.7
cas-1	F41G4.2
sto-5	F41G4.3
F41G4.13	F41G4.13
F41G4.7	F41G4.7
dyla-1	F41G4.1
F41G4.8	F41G4.8
T20F7.3	T20F7.3
aakg-2	T20F7.6
T20F7.1	T20F7.1
acs-9	T20F7.7
Y13C8A.1	Y13C8A.1
F39F10.3	F39F10.3
F39F10.2	F39F10.2
F39F10.4	F39F10.4
F39F10.5	F39F10.5
fbxb-114	C30E1.5
C30E1.4	C30E1.4
F52G3.8	F52G3.8
F52G3.1	F52G3.1
F52G3.7	F52G3.7
F52G3.5	F52G3.5
mbl-1	K02H8.1
F35B3.3	F35B3.3
F35B3.4	F35B3.4
ptrn-1	F35B3.5
F35B3.7	F35B3.7
C30G4.2	C30G4.2
gcy-11	C30G4.3
C30G4.4	C30G4.4
irld-23	C30G4.6
C08A9.10	C08A9.10
C08A9.3	C08A9.3
sod-3	C08A9.1
lido-1	C08A9.6
lido-2	C08A9.7
lido-4	C08A9.9
lido-5	K09E3.5
lido-6	K09E3.6
K09E3.2	K09E3.2
K09E3.7	K09E3.7
cnp-3	T23C6.3
T23C6.4	T23C6.4
mdt-1.2	T23C6.1
npr-21	T23C6.5
B0302.4	B0302.4
B0302.2	B0302.2
sid-3	B0302.1
B0302.5	B0302.5
T08G2.2	T08G2.2
acdh-10	T08G2.3
acdh-7	T25G12.5
rab-6.2	T25G12.4
T25G12.6	T25G12.6
dhs-30	T25G12.7
T25G12.3	T25G12.3
T25G12.11	T25G12.11
T25G12.13	T25G12.13
Y40C7B.4	Y40C7B.4
C33E10.8	C33E10.8
C33E10.10	C33E10.10
fbxa-120	C33E10.2
C33E10.1	C33E10.1
C53C11.4	C53C11.4
ptr-5	C53C11.3
C53C11.5	C53C11.5
C53C11.2	C53C11.2
C53C11.1	C53C11.1
npr-36	F10D7.1
F10D7.11	F10D7.11
mfsd-10	F10D7.2
F10D7.3	F10D7.3
F10D7.10	F10D7.10
F10D7.4	F10D7.4
F10D7.5	F10D7.5
vap-1	F11C7.3
F11C7.2	F11C7.2
F11C7.7	F11C7.7
F11C7.6	F11C7.6
crb-1	F11C7.4
osm-11	F11C7.5
pbo-6	F11C7.1
fubl-3	C36E6.1
C36E6.8	C36E6.8
C36E6.2	C36E6.2
mlc-2	C36E6.5
mlc-1	C36E6.3
slc-17.1	ZK54.1
ZK54.3	ZK54.3
tps-1	ZK54.2
npr-24	R106.2
nhr-1	R09G11.2
sup-10	R09G11.1
F31A3.3	F31A3.3
hlh-29	F31A3.4
hlh-28	F31A3.2
F31A3.5	F31A3.5
F39B3.7	F39B3.7
frpr-7	F39B3.2
F39B3.3	F39B3.3
lec-9	C16H3.2
C16H3.3	C16H3.3
ncs-7	C16H3.1
H18N23.2	H18N23.2
tmem-218	T23E7.5
nlp-6	T23E7.4
T23E7.2	T23E7.2
T23E7.6	T23E7.6
cgt-2	F20B4.6
H11L12.1	H11L12.1
cTel55X.1	cTel55X.1
