Metadata_Plate,Metadata_Well,assay_type,food_conc_OD,food_type,diluent,diluent_concentration_perc,drug,concentration_um,drug_stock_prep_date,drug_prep_method,strain,bleach,well_censor,well_censor_reason,notes
p001,A01,48h,10,15hHB101,DMSO,1,moxidectin,0,,,PB420,1,,,
p001,B01,48h,10,15hHB101,DMSO,1,moxidectin,0,,,ED3102,1,,,
p001,C01,48h,10,15hHB101,DMSO,1,moxidectin,0,,,JU3237,1,,,
p001,D01,48h,10,15hHB101,DMSO,1,moxidectin,0,,,NIC1667,1,,,
p001,E01,48h,10,15hHB101,DMSO,1,moxidectin,0,,,VX34,1,,,
p001,F01,48h,10,15hHB101,DMSO,1,moxidectin,0,,,ECA2666,1,,,
p001,A02,48h,10,15hHB101,DMSO,1,moxidectin,0.00097,,,PB420,1,,,
p001,B02,48h,10,15hHB101,DMSO,1,moxidectin,0.00097,,,ED3102,1,,,
p001,C02,48h,10,15hHB101,DMSO,1,moxidectin,0.00097,,,JU3237,1,,,
p001,D02,48h,10,15hHB101,DMSO,1,moxidectin,0.00097,,,NIC1667,1,,,
p001,E02,48h,10,15hHB101,DMSO,1,moxidectin,0.00097,,,VX34,1,,,
p001,F02,48h,10,15hHB101,DMSO,1,moxidectin,0.00097,,,ECA2666,1,,,
p001,A03,48h,10,15hHB101,DMSO,1,moxidectin,0.0019,,,PB420,1,,,
p001,B03,48h,10,15hHB101,DMSO,1,moxidectin,0.0019,,,ED3102,1,,,
p001,C03,48h,10,15hHB101,DMSO,1,moxidectin,0.0019,,,JU3237,1,,,
p001,D03,48h,10,15hHB101,DMSO,1,moxidectin,0.0019,,,NIC1667,1,,,
p001,E03,48h,10,15hHB101,DMSO,1,moxidectin,0.0019,,,VX34,1,,,
p001,F03,48h,10,15hHB101,DMSO,1,moxidectin,0.0019,,,ECA2666,1,,,
p001,A04,48h,10,15hHB101,DMSO,1,moxidectin,0.0039,,,PB420,1,,,
p001,B04,48h,10,15hHB101,DMSO,1,moxidectin,0.0039,,,ED3102,1,,,
p001,C04,48h,10,15hHB101,DMSO,1,moxidectin,0.0039,,,JU3237,1,,,
p001,D04,48h,10,15hHB101,DMSO,1,moxidectin,0.0039,,,NIC1667,1,,,
p001,E04,48h,10,15hHB101,DMSO,1,moxidectin,0.0039,,,VX34,1,,,
p001,F04,48h,10,15hHB101,DMSO,1,moxidectin,0.0039,,,ECA2666,1,,,
p001,A05,48h,10,15hHB101,DMSO,1,moxidectin,0.0078,,,PB420,1,,,
p001,B05,48h,10,15hHB101,DMSO,1,moxidectin,0.0078,,,ED3102,1,,,
p001,C05,48h,10,15hHB101,DMSO,1,moxidectin,0.0078,,,JU3237,1,,,
p001,D05,48h,10,15hHB101,DMSO,1,moxidectin,0.0078,,,NIC1667,1,,,
p001,E05,48h,10,15hHB101,DMSO,1,moxidectin,0.0078,,,VX34,1,,,
p001,F05,48h,10,15hHB101,DMSO,1,moxidectin,0.0078,,,ECA2666,1,,,
p001,A06,48h,10,15hHB101,DMSO,1,moxidectin,0.0156,,,PB420,1,,,
p001,B06,48h,10,15hHB101,DMSO,1,moxidectin,0.0156,,,ED3102,1,,,
p001,C06,48h,10,15hHB101,DMSO,1,moxidectin,0.0156,,,JU3237,1,,,
p001,D06,48h,10,15hHB101,DMSO,1,moxidectin,0.0156,,,NIC1667,1,,,
p001,E06,48h,10,15hHB101,DMSO,1,moxidectin,0.0156,,,VX34,1,,,
p001,F06,48h,10,15hHB101,DMSO,1,moxidectin,0.0156,,,ECA2666,1,,,
p001,A07,48h,10,15hHB101,DMSO,1,moxidectin,0.03125,,,PB420,1,,,
p001,B07,48h,10,15hHB101,DMSO,1,moxidectin,0.03125,,,ED3102,1,,,
p001,C07,48h,10,15hHB101,DMSO,1,moxidectin,0.03125,,,JU3237,1,,,
p001,D07,48h,10,15hHB101,DMSO,1,moxidectin,0.03125,,,NIC1667,1,,,
p001,E07,48h,10,15hHB101,DMSO,1,moxidectin,0.03125,,,VX34,1,,,
p001,F07,48h,10,15hHB101,DMSO,1,moxidectin,0.03125,,,ECA2666,1,,,
p001,A08,48h,10,15hHB101,DMSO,1,moxidectin,0.0625,,,PB420,1,,,
p001,B08,48h,10,15hHB101,DMSO,1,moxidectin,0.0625,,,ED3102,1,,,
p001,C08,48h,10,15hHB101,DMSO,1,moxidectin,0.0625,,,JU3237,1,,,
p001,D08,48h,10,15hHB101,DMSO,1,moxidectin,0.0625,,,NIC1667,1,,,
p001,E08,48h,10,15hHB101,DMSO,1,moxidectin,0.0625,,,VX34,1,,,
p001,F08,48h,10,15hHB101,DMSO,1,moxidectin,0.0625,,,ECA2666,1,,,
p001,A09,48h,10,15hHB101,DMSO,1,moxidectin,0.125,,,PB420,1,,,
p001,B09,48h,10,15hHB101,DMSO,1,moxidectin,0.125,,,ED3102,1,,,
p001,C09,48h,10,15hHB101,DMSO,1,moxidectin,0.125,,,JU3237,1,,,
p001,D09,48h,10,15hHB101,DMSO,1,moxidectin,0.125,,,NIC1667,1,,,
p001,E09,48h,10,15hHB101,DMSO,1,moxidectin,0.125,,,VX34,1,,,
p001,F09,48h,10,15hHB101,DMSO,1,moxidectin,0.125,,,ECA2666,1,,,
p001,A10,48h,10,15hHB101,DMSO,1,moxidectin,0.25,,,PB420,1,,,
p001,B10,48h,10,15hHB101,DMSO,1,moxidectin,0.25,,,ED3102,1,,,
p001,C10,48h,10,15hHB101,DMSO,1,moxidectin,0.25,,,JU3237,1,,,
p001,D10,48h,10,15hHB101,DMSO,1,moxidectin,0.25,,,NIC1667,1,,,
p001,E10,48h,10,15hHB101,DMSO,1,moxidectin,0.25,,,VX34,1,,,
p001,F10,48h,10,15hHB101,DMSO,1,moxidectin,0.25,,,ECA2666,1,,,
p001,A11,48h,10,15hHB101,DMSO,1,moxidectin,0.5,,,PB420,1,,,
p001,B11,48h,10,15hHB101,DMSO,1,moxidectin,0.5,,,ED3102,1,,,
p001,C11,48h,10,15hHB101,DMSO,1,moxidectin,0.5,,,JU3237,1,,,
p001,D11,48h,10,15hHB101,DMSO,1,moxidectin,0.5,,,NIC1667,1,,,
p001,E11,48h,10,15hHB101,DMSO,1,moxidectin,0.5,,,VX34,1,,,
p001,F11,48h,10,15hHB101,DMSO,1,moxidectin,0.5,,,ECA2666,1,,,
p001,A12,48h,10,15hHB101,DMSO,1,moxidectin,1,,,PB420,1,,,
p001,B12,48h,10,15hHB101,DMSO,1,moxidectin,1,,,ED3102,1,,,
p001,C12,48h,10,15hHB101,DMSO,1,moxidectin,1,,,JU3237,1,,,
p001,D12,48h,10,15hHB101,DMSO,1,moxidectin,1,,,NIC1667,1,,,
p001,E12,48h,10,15hHB101,DMSO,1,moxidectin,1,,,VX34,1,,,
p001,F12,48h,10,15hHB101,DMSO,1,moxidectin,1,,,ECA2666,1,,,
p002,A01,48h,10,15hHB101,DMSO,1,moxidectin,0,,,PB420,1,,,
p002,B01,48h,10,15hHB101,DMSO,1,moxidectin,0,,,ED3102,1,,,
p002,C01,48h,10,15hHB101,DMSO,1,moxidectin,0,,,JU3237,1,,,
p002,D01,48h,10,15hHB101,DMSO,1,moxidectin,0,,,NIC1667,1,,,
p002,E01,48h,10,15hHB101,DMSO,1,moxidectin,0,,,VX34,1,,,
p002,F01,48h,10,15hHB101,DMSO,1,moxidectin,0,,,ECA2666,1,,,
p002,A02,48h,10,15hHB101,DMSO,1,moxidectin,0.00097,,,PB420,1,,,
p002,B02,48h,10,15hHB101,DMSO,1,moxidectin,0.00097,,,ED3102,1,,,
p002,C02,48h,10,15hHB101,DMSO,1,moxidectin,0.00097,,,JU3237,1,,,
p002,D02,48h,10,15hHB101,DMSO,1,moxidectin,0.00097,,,NIC1667,1,,,
p002,E02,48h,10,15hHB101,DMSO,1,moxidectin,0.00097,,,VX34,1,,,
p002,F02,48h,10,15hHB101,DMSO,1,moxidectin,0.00097,,,ECA2666,1,,,
p002,A03,48h,10,15hHB101,DMSO,1,moxidectin,0.0019,,,PB420,1,,,
p002,B03,48h,10,15hHB101,DMSO,1,moxidectin,0.0019,,,ED3102,1,,,
p002,C03,48h,10,15hHB101,DMSO,1,moxidectin,0.0019,,,JU3237,1,,,
p002,D03,48h,10,15hHB101,DMSO,1,moxidectin,0.0019,,,NIC1667,1,,,
p002,E03,48h,10,15hHB101,DMSO,1,moxidectin,0.0019,,,VX34,1,,,
p002,F03,48h,10,15hHB101,DMSO,1,moxidectin,0.0019,,,ECA2666,1,,,
p002,A04,48h,10,15hHB101,DMSO,1,moxidectin,0.0039,,,PB420,1,,,
p002,B04,48h,10,15hHB101,DMSO,1,moxidectin,0.0039,,,ED3102,1,,,
p002,C04,48h,10,15hHB101,DMSO,1,moxidectin,0.0039,,,JU3237,1,,,
p002,D04,48h,10,15hHB101,DMSO,1,moxidectin,0.0039,,,NIC1667,1,,,
p002,E04,48h,10,15hHB101,DMSO,1,moxidectin,0.0039,,,VX34,1,,,
p002,F04,48h,10,15hHB101,DMSO,1,moxidectin,0.0039,,,ECA2666,1,,,
p002,A05,48h,10,15hHB101,DMSO,1,moxidectin,0.0078,,,PB420,1,,,
p002,B05,48h,10,15hHB101,DMSO,1,moxidectin,0.0078,,,ED3102,1,,,
p002,C05,48h,10,15hHB101,DMSO,1,moxidectin,0.0078,,,JU3237,1,,,
p002,D05,48h,10,15hHB101,DMSO,1,moxidectin,0.0078,,,NIC1667,1,,,
p002,E05,48h,10,15hHB101,DMSO,1,moxidectin,0.0078,,,VX34,1,,,
p002,F05,48h,10,15hHB101,DMSO,1,moxidectin,0.0078,,,ECA2666,1,,,
p002,A06,48h,10,15hHB101,DMSO,1,moxidectin,0.0156,,,PB420,1,,,
p002,B06,48h,10,15hHB101,DMSO,1,moxidectin,0.0156,,,ED3102,1,,,
p002,C06,48h,10,15hHB101,DMSO,1,moxidectin,0.0156,,,JU3237,1,,,
p002,D06,48h,10,15hHB101,DMSO,1,moxidectin,0.0156,,,NIC1667,1,,,
p002,E06,48h,10,15hHB101,DMSO,1,moxidectin,0.0156,,,VX34,1,,,
p002,F06,48h,10,15hHB101,DMSO,1,moxidectin,0.0156,,,ECA2666,1,,,
p002,A07,48h,10,15hHB101,DMSO,1,moxidectin,0.03125,,,PB420,1,,,
p002,B07,48h,10,15hHB101,DMSO,1,moxidectin,0.03125,,,ED3102,1,,,
p002,C07,48h,10,15hHB101,DMSO,1,moxidectin,0.03125,,,JU3237,1,,,
p002,D07,48h,10,15hHB101,DMSO,1,moxidectin,0.03125,,,NIC1667,1,,,
p002,E07,48h,10,15hHB101,DMSO,1,moxidectin,0.03125,,,VX34,1,,,
p002,F07,48h,10,15hHB101,DMSO,1,moxidectin,0.03125,,,ECA2666,1,,,
p002,A08,48h,10,15hHB101,DMSO,1,moxidectin,0.0625,,,PB420,1,,,
p002,B08,48h,10,15hHB101,DMSO,1,moxidectin,0.0625,,,ED3102,1,,,
p002,C08,48h,10,15hHB101,DMSO,1,moxidectin,0.0625,,,JU3237,1,,,
p002,D08,48h,10,15hHB101,DMSO,1,moxidectin,0.0625,,,NIC1667,1,,,
p002,E08,48h,10,15hHB101,DMSO,1,moxidectin,0.0625,,,VX34,1,,,
p002,F08,48h,10,15hHB101,DMSO,1,moxidectin,0.0625,,,ECA2666,1,,,
p002,A09,48h,10,15hHB101,DMSO,1,moxidectin,0.125,,,PB420,1,,,
p002,B09,48h,10,15hHB101,DMSO,1,moxidectin,0.125,,,ED3102,1,,,
p002,C09,48h,10,15hHB101,DMSO,1,moxidectin,0.125,,,JU3237,1,,,
p002,D09,48h,10,15hHB101,DMSO,1,moxidectin,0.125,,,NIC1667,1,,,
p002,E09,48h,10,15hHB101,DMSO,1,moxidectin,0.125,,,VX34,1,,,
p002,F09,48h,10,15hHB101,DMSO,1,moxidectin,0.125,,,ECA2666,1,,,
p002,A10,48h,10,15hHB101,DMSO,1,moxidectin,0.25,,,PB420,1,,,
p002,B10,48h,10,15hHB101,DMSO,1,moxidectin,0.25,,,ED3102,1,,,
p002,C10,48h,10,15hHB101,DMSO,1,moxidectin,0.25,,,JU3237,1,,,
p002,D10,48h,10,15hHB101,DMSO,1,moxidectin,0.25,,,NIC1667,1,,,
p002,E10,48h,10,15hHB101,DMSO,1,moxidectin,0.25,,,VX34,1,,,
p002,F10,48h,10,15hHB101,DMSO,1,moxidectin,0.25,,,ECA2666,1,,,
p002,A11,48h,10,15hHB101,DMSO,1,moxidectin,0.5,,,PB420,1,,,
p002,B11,48h,10,15hHB101,DMSO,1,moxidectin,0.5,,,ED3102,1,,,
p002,C11,48h,10,15hHB101,DMSO,1,moxidectin,0.5,,,JU3237,1,,,
p002,D11,48h,10,15hHB101,DMSO,1,moxidectin,0.5,,,NIC1667,1,,,
p002,E11,48h,10,15hHB101,DMSO,1,moxidectin,0.5,,,VX34,1,,,
p002,F11,48h,10,15hHB101,DMSO,1,moxidectin,0.5,,,ECA2666,1,,,
p002,A12,48h,10,15hHB101,DMSO,1,moxidectin,1,,,PB420,1,,,
p002,B12,48h,10,15hHB101,DMSO,1,moxidectin,1,,,ED3102,1,,,
p002,C12,48h,10,15hHB101,DMSO,1,moxidectin,1,,,JU3237,1,,,
p002,D12,48h,10,15hHB101,DMSO,1,moxidectin,1,,,NIC1667,1,,,
p002,E12,48h,10,15hHB101,DMSO,1,moxidectin,1,,,VX34,1,,,
p002,F12,48h,10,15hHB101,DMSO,1,moxidectin,1,,,ECA2666,1,,,
p003,A01,48h,10,15hHB101,DMSO,1,moxidectin,0,,,PB420,1,,,
p003,B01,48h,10,15hHB101,DMSO,1,moxidectin,0,,,ED3102,1,,,
p003,C01,48h,10,15hHB101,DMSO,1,moxidectin,0,,,JU3237,1,,,
p003,D01,48h,10,15hHB101,DMSO,1,moxidectin,0,,,NIC1667,1,,,
p003,E01,48h,10,15hHB101,DMSO,1,moxidectin,0,,,VX34,1,,,
p003,F01,48h,10,15hHB101,DMSO,1,moxidectin,0,,,ECA2666,1,,,
p003,A02,48h,10,15hHB101,DMSO,1,moxidectin,0.00097,,,PB420,1,,,
p003,B02,48h,10,15hHB101,DMSO,1,moxidectin,0.00097,,,ED3102,1,,,
p003,C02,48h,10,15hHB101,DMSO,1,moxidectin,0.00097,,,JU3237,1,,,
p003,D02,48h,10,15hHB101,DMSO,1,moxidectin,0.00097,,,NIC1667,1,,,
p003,E02,48h,10,15hHB101,DMSO,1,moxidectin,0.00097,,,VX34,1,,,
p003,F02,48h,10,15hHB101,DMSO,1,moxidectin,0.00097,,,ECA2666,1,,,
p003,A03,48h,10,15hHB101,DMSO,1,moxidectin,0.0019,,,PB420,1,,,
p003,B03,48h,10,15hHB101,DMSO,1,moxidectin,0.0019,,,ED3102,1,,,
p003,C03,48h,10,15hHB101,DMSO,1,moxidectin,0.0019,,,JU3237,1,,,
p003,D03,48h,10,15hHB101,DMSO,1,moxidectin,0.0019,,,NIC1667,1,,,
p003,E03,48h,10,15hHB101,DMSO,1,moxidectin,0.0019,,,VX34,1,,,
p003,F03,48h,10,15hHB101,DMSO,1,moxidectin,0.0019,,,ECA2666,1,,,
p003,A04,48h,10,15hHB101,DMSO,1,moxidectin,0.0039,,,PB420,1,,,
p003,B04,48h,10,15hHB101,DMSO,1,moxidectin,0.0039,,,ED3102,1,,,
p003,C04,48h,10,15hHB101,DMSO,1,moxidectin,0.0039,,,JU3237,1,,,
p003,D04,48h,10,15hHB101,DMSO,1,moxidectin,0.0039,,,NIC1667,1,,,
p003,E04,48h,10,15hHB101,DMSO,1,moxidectin,0.0039,,,VX34,1,,,
p003,F04,48h,10,15hHB101,DMSO,1,moxidectin,0.0039,,,ECA2666,1,,,
p003,A05,48h,10,15hHB101,DMSO,1,moxidectin,0.0078,,,PB420,1,,,
p003,B05,48h,10,15hHB101,DMSO,1,moxidectin,0.0078,,,ED3102,1,,,
p003,C05,48h,10,15hHB101,DMSO,1,moxidectin,0.0078,,,JU3237,1,,,
p003,D05,48h,10,15hHB101,DMSO,1,moxidectin,0.0078,,,NIC1667,1,,,
p003,E05,48h,10,15hHB101,DMSO,1,moxidectin,0.0078,,,VX34,1,,,
p003,F05,48h,10,15hHB101,DMSO,1,moxidectin,0.0078,,,ECA2666,1,,,
p003,A06,48h,10,15hHB101,DMSO,1,moxidectin,0.0156,,,PB420,1,,,
p003,B06,48h,10,15hHB101,DMSO,1,moxidectin,0.0156,,,ED3102,1,,,
p003,C06,48h,10,15hHB101,DMSO,1,moxidectin,0.0156,,,JU3237,1,,,
p003,D06,48h,10,15hHB101,DMSO,1,moxidectin,0.0156,,,NIC1667,1,,,
p003,E06,48h,10,15hHB101,DMSO,1,moxidectin,0.0156,,,VX34,1,,,
p003,F06,48h,10,15hHB101,DMSO,1,moxidectin,0.0156,,,ECA2666,1,,,
p003,A07,48h,10,15hHB101,DMSO,1,moxidectin,0.03125,,,PB420,1,,,
p003,B07,48h,10,15hHB101,DMSO,1,moxidectin,0.03125,,,ED3102,1,,,
p003,C07,48h,10,15hHB101,DMSO,1,moxidectin,0.03125,,,JU3237,1,,,
p003,D07,48h,10,15hHB101,DMSO,1,moxidectin,0.03125,,,NIC1667,1,,,
p003,E07,48h,10,15hHB101,DMSO,1,moxidectin,0.03125,,,VX34,1,,,
p003,F07,48h,10,15hHB101,DMSO,1,moxidectin,0.03125,,,ECA2666,1,,,
p003,A08,48h,10,15hHB101,DMSO,1,moxidectin,0.0625,,,PB420,1,,,
p003,B08,48h,10,15hHB101,DMSO,1,moxidectin,0.0625,,,ED3102,1,,,
p003,C08,48h,10,15hHB101,DMSO,1,moxidectin,0.0625,,,JU3237,1,,,
p003,D08,48h,10,15hHB101,DMSO,1,moxidectin,0.0625,,,NIC1667,1,,,
p003,E08,48h,10,15hHB101,DMSO,1,moxidectin,0.0625,,,VX34,1,,,
p003,F08,48h,10,15hHB101,DMSO,1,moxidectin,0.0625,,,ECA2666,1,,,
p003,A09,48h,10,15hHB101,DMSO,1,moxidectin,0.125,,,PB420,1,,,
p003,B09,48h,10,15hHB101,DMSO,1,moxidectin,0.125,,,ED3102,1,,,
p003,C09,48h,10,15hHB101,DMSO,1,moxidectin,0.125,,,JU3237,1,,,
p003,D09,48h,10,15hHB101,DMSO,1,moxidectin,0.125,,,NIC1667,1,,,
p003,E09,48h,10,15hHB101,DMSO,1,moxidectin,0.125,,,VX34,1,,,
p003,F09,48h,10,15hHB101,DMSO,1,moxidectin,0.125,,,ECA2666,1,,,
p003,A10,48h,10,15hHB101,DMSO,1,moxidectin,0.25,,,PB420,1,,,
p003,B10,48h,10,15hHB101,DMSO,1,moxidectin,0.25,,,ED3102,1,,,
p003,C10,48h,10,15hHB101,DMSO,1,moxidectin,0.25,,,JU3237,1,,,
p003,D10,48h,10,15hHB101,DMSO,1,moxidectin,0.25,,,NIC1667,1,,,
p003,E10,48h,10,15hHB101,DMSO,1,moxidectin,0.25,,,VX34,1,,,
p003,F10,48h,10,15hHB101,DMSO,1,moxidectin,0.25,,,ECA2666,1,,,
p003,A11,48h,10,15hHB101,DMSO,1,moxidectin,0.5,,,PB420,1,,,
p003,B11,48h,10,15hHB101,DMSO,1,moxidectin,0.5,,,ED3102,1,,,
p003,C11,48h,10,15hHB101,DMSO,1,moxidectin,0.5,,,JU3237,1,,,
p003,D11,48h,10,15hHB101,DMSO,1,moxidectin,0.5,,,NIC1667,1,,,
p003,E11,48h,10,15hHB101,DMSO,1,moxidectin,0.5,,,VX34,1,,,
p003,F11,48h,10,15hHB101,DMSO,1,moxidectin,0.5,,,ECA2666,1,,,
p003,A12,48h,10,15hHB101,DMSO,1,moxidectin,1,,,PB420,1,,,
p003,B12,48h,10,15hHB101,DMSO,1,moxidectin,1,,,ED3102,1,,,
p003,C12,48h,10,15hHB101,DMSO,1,moxidectin,1,,,JU3237,1,,,
p003,D12,48h,10,15hHB101,DMSO,1,moxidectin,1,,,NIC1667,1,,,
p003,E12,48h,10,15hHB101,DMSO,1,moxidectin,1,,,VX34,1,,,
p003,F12,48h,10,15hHB101,DMSO,1,moxidectin,1,,,ECA2666,1,,,
p004,A01,48h,10,15hHB101,DMSO,1,moxidectin,0,,,PB420,1,,,
p004,B01,48h,10,15hHB101,DMSO,1,moxidectin,0,,,ED3102,1,,,
p004,C01,48h,10,15hHB101,DMSO,1,moxidectin,0,,,JU3237,1,,,
p004,D01,48h,10,15hHB101,DMSO,1,moxidectin,0,,,NIC1667,1,,,
p004,E01,48h,10,15hHB101,DMSO,1,moxidectin,0,,,VX34,1,,,
p004,F01,48h,10,15hHB101,DMSO,1,moxidectin,0,,,ECA2666,1,,,
p004,A02,48h,10,15hHB101,DMSO,1,moxidectin,0.00097,,,PB420,1,,,
p004,B02,48h,10,15hHB101,DMSO,1,moxidectin,0.00097,,,ED3102,1,,,
p004,C02,48h,10,15hHB101,DMSO,1,moxidectin,0.00097,,,JU3237,1,,,
p004,D02,48h,10,15hHB101,DMSO,1,moxidectin,0.00097,,,NIC1667,1,,,
p004,E02,48h,10,15hHB101,DMSO,1,moxidectin,0.00097,,,VX34,1,,,
p004,F02,48h,10,15hHB101,DMSO,1,moxidectin,0.00097,,,ECA2666,1,,,
p004,A03,48h,10,15hHB101,DMSO,1,moxidectin,0.0019,,,PB420,1,,,
p004,B03,48h,10,15hHB101,DMSO,1,moxidectin,0.0019,,,ED3102,1,,,
p004,C03,48h,10,15hHB101,DMSO,1,moxidectin,0.0019,,,JU3237,1,,,
p004,D03,48h,10,15hHB101,DMSO,1,moxidectin,0.0019,,,NIC1667,1,,,
p004,E03,48h,10,15hHB101,DMSO,1,moxidectin,0.0019,,,VX34,1,,,
p004,F03,48h,10,15hHB101,DMSO,1,moxidectin,0.0019,,,ECA2666,1,,,
p004,A04,48h,10,15hHB101,DMSO,1,moxidectin,0.0039,,,PB420,1,,,
p004,B04,48h,10,15hHB101,DMSO,1,moxidectin,0.0039,,,ED3102,1,,,
p004,C04,48h,10,15hHB101,DMSO,1,moxidectin,0.0039,,,JU3237,1,,,
p004,D04,48h,10,15hHB101,DMSO,1,moxidectin,0.0039,,,NIC1667,1,,,
p004,E04,48h,10,15hHB101,DMSO,1,moxidectin,0.0039,,,VX34,1,,,
p004,F04,48h,10,15hHB101,DMSO,1,moxidectin,0.0039,,,ECA2666,1,,,
p004,A05,48h,10,15hHB101,DMSO,1,moxidectin,0.0078,,,PB420,1,,,
p004,B05,48h,10,15hHB101,DMSO,1,moxidectin,0.0078,,,ED3102,1,,,
p004,C05,48h,10,15hHB101,DMSO,1,moxidectin,0.0078,,,JU3237,1,,,
p004,D05,48h,10,15hHB101,DMSO,1,moxidectin,0.0078,,,NIC1667,1,,,
p004,E05,48h,10,15hHB101,DMSO,1,moxidectin,0.0078,,,VX34,1,,,
p004,F05,48h,10,15hHB101,DMSO,1,moxidectin,0.0078,,,ECA2666,1,,,
p004,A06,48h,10,15hHB101,DMSO,1,moxidectin,0.0156,,,PB420,1,,,
p004,B06,48h,10,15hHB101,DMSO,1,moxidectin,0.0156,,,ED3102,1,,,
p004,C06,48h,10,15hHB101,DMSO,1,moxidectin,0.0156,,,JU3237,1,,,
p004,D06,48h,10,15hHB101,DMSO,1,moxidectin,0.0156,,,NIC1667,1,,,
p004,E06,48h,10,15hHB101,DMSO,1,moxidectin,0.0156,,,VX34,1,,,
p004,F06,48h,10,15hHB101,DMSO,1,moxidectin,0.0156,,,ECA2666,1,,,
p004,A07,48h,10,15hHB101,DMSO,1,moxidectin,0.03125,,,PB420,1,,,
p004,B07,48h,10,15hHB101,DMSO,1,moxidectin,0.03125,,,ED3102,1,,,
p004,C07,48h,10,15hHB101,DMSO,1,moxidectin,0.03125,,,JU3237,1,,,
p004,D07,48h,10,15hHB101,DMSO,1,moxidectin,0.03125,,,NIC1667,1,,,
p004,E07,48h,10,15hHB101,DMSO,1,moxidectin,0.03125,,,VX34,1,,,
p004,F07,48h,10,15hHB101,DMSO,1,moxidectin,0.03125,,,ECA2666,1,,,
p004,A08,48h,10,15hHB101,DMSO,1,moxidectin,0.0625,,,PB420,1,,,
p004,B08,48h,10,15hHB101,DMSO,1,moxidectin,0.0625,,,ED3102,1,,,
p004,C08,48h,10,15hHB101,DMSO,1,moxidectin,0.0625,,,JU3237,1,,,
p004,D08,48h,10,15hHB101,DMSO,1,moxidectin,0.0625,,,NIC1667,1,,,
p004,E08,48h,10,15hHB101,DMSO,1,moxidectin,0.0625,,,VX34,1,,,
p004,F08,48h,10,15hHB101,DMSO,1,moxidectin,0.0625,,,ECA2666,1,,,
p004,A09,48h,10,15hHB101,DMSO,1,moxidectin,0.125,,,PB420,1,,,
p004,B09,48h,10,15hHB101,DMSO,1,moxidectin,0.125,,,ED3102,1,,,
p004,C09,48h,10,15hHB101,DMSO,1,moxidectin,0.125,,,JU3237,1,,,
p004,D09,48h,10,15hHB101,DMSO,1,moxidectin,0.125,,,NIC1667,1,,,
p004,E09,48h,10,15hHB101,DMSO,1,moxidectin,0.125,,,VX34,1,,,
p004,F09,48h,10,15hHB101,DMSO,1,moxidectin,0.125,,,ECA2666,1,,,
p004,A10,48h,10,15hHB101,DMSO,1,moxidectin,0.25,,,PB420,1,,,
p004,B10,48h,10,15hHB101,DMSO,1,moxidectin,0.25,,,ED3102,1,,,
p004,C10,48h,10,15hHB101,DMSO,1,moxidectin,0.25,,,JU3237,1,,,
p004,D10,48h,10,15hHB101,DMSO,1,moxidectin,0.25,,,NIC1667,1,,,
p004,E10,48h,10,15hHB101,DMSO,1,moxidectin,0.25,,,VX34,1,,,
p004,F10,48h,10,15hHB101,DMSO,1,moxidectin,0.25,,,ECA2666,1,,,
p004,A11,48h,10,15hHB101,DMSO,1,moxidectin,0.5,,,PB420,1,,,
p004,B11,48h,10,15hHB101,DMSO,1,moxidectin,0.5,,,ED3102,1,,,
p004,C11,48h,10,15hHB101,DMSO,1,moxidectin,0.5,,,JU3237,1,,,
p004,D11,48h,10,15hHB101,DMSO,1,moxidectin,0.5,,,NIC1667,1,,,
p004,E11,48h,10,15hHB101,DMSO,1,moxidectin,0.5,,,VX34,1,,,
p004,F11,48h,10,15hHB101,DMSO,1,moxidectin,0.5,,,ECA2666,1,,,
p004,A12,48h,10,15hHB101,DMSO,1,moxidectin,1,,,PB420,1,,,
p004,B12,48h,10,15hHB101,DMSO,1,moxidectin,1,,,ED3102,1,,,
p004,C12,48h,10,15hHB101,DMSO,1,moxidectin,1,,,JU3237,1,,,
p004,D12,48h,10,15hHB101,DMSO,1,moxidectin,1,,,NIC1667,1,,,
p004,E12,48h,10,15hHB101,DMSO,1,moxidectin,1,,,VX34,1,,,
p004,F12,48h,10,15hHB101,DMSO,1,moxidectin,1,,,ECA2666,1,,,
p005,A01,48h,10,15hHB101,DMSO,1,moxidectin,0,,,PB420,1,,,
p005,B01,48h,10,15hHB101,DMSO,1,moxidectin,0,,,ED3102,1,,,
p005,C01,48h,10,15hHB101,DMSO,1,moxidectin,0,,,JU3237,1,,,
p005,D01,48h,10,15hHB101,DMSO,1,moxidectin,0,,,NIC1667,1,,,
p005,E01,48h,10,15hHB101,DMSO,1,moxidectin,0,,,VX34,1,,,
p005,F01,48h,10,15hHB101,DMSO,1,moxidectin,0,,,ECA2666,1,,,
p005,A02,48h,10,15hHB101,DMSO,1,moxidectin,0.00097,,,PB420,1,,,
p005,B02,48h,10,15hHB101,DMSO,1,moxidectin,0.00097,,,ED3102,1,,,
p005,C02,48h,10,15hHB101,DMSO,1,moxidectin,0.00097,,,JU3237,1,,,
p005,D02,48h,10,15hHB101,DMSO,1,moxidectin,0.00097,,,NIC1667,1,,,
p005,E02,48h,10,15hHB101,DMSO,1,moxidectin,0.00097,,,VX34,1,,,
p005,F02,48h,10,15hHB101,DMSO,1,moxidectin,0.00097,,,ECA2666,1,,,
p005,A03,48h,10,15hHB101,DMSO,1,moxidectin,0.0019,,,PB420,1,,,
p005,B03,48h,10,15hHB101,DMSO,1,moxidectin,0.0019,,,ED3102,1,,,
p005,C03,48h,10,15hHB101,DMSO,1,moxidectin,0.0019,,,JU3237,1,,,
p005,D03,48h,10,15hHB101,DMSO,1,moxidectin,0.0019,,,NIC1667,1,,,
p005,E03,48h,10,15hHB101,DMSO,1,moxidectin,0.0019,,,VX34,1,,,
p005,F03,48h,10,15hHB101,DMSO,1,moxidectin,0.0019,,,ECA2666,1,,,
p005,A04,48h,10,15hHB101,DMSO,1,moxidectin,0.0039,,,PB420,1,,,
p005,B04,48h,10,15hHB101,DMSO,1,moxidectin,0.0039,,,ED3102,1,,,
p005,C04,48h,10,15hHB101,DMSO,1,moxidectin,0.0039,,,JU3237,1,,,
p005,D04,48h,10,15hHB101,DMSO,1,moxidectin,0.0039,,,NIC1667,1,,,
p005,E04,48h,10,15hHB101,DMSO,1,moxidectin,0.0039,,,VX34,1,,,
p005,F04,48h,10,15hHB101,DMSO,1,moxidectin,0.0039,,,ECA2666,1,,,
p005,A05,48h,10,15hHB101,DMSO,1,moxidectin,0.0078,,,PB420,1,,,
p005,B05,48h,10,15hHB101,DMSO,1,moxidectin,0.0078,,,ED3102,1,,,
p005,C05,48h,10,15hHB101,DMSO,1,moxidectin,0.0078,,,JU3237,1,,,
p005,D05,48h,10,15hHB101,DMSO,1,moxidectin,0.0078,,,NIC1667,1,,,
p005,E05,48h,10,15hHB101,DMSO,1,moxidectin,0.0078,,,VX34,1,,,
p005,F05,48h,10,15hHB101,DMSO,1,moxidectin,0.0078,,,ECA2666,1,,,
p005,A06,48h,10,15hHB101,DMSO,1,moxidectin,0.0156,,,PB420,1,,,
p005,B06,48h,10,15hHB101,DMSO,1,moxidectin,0.0156,,,ED3102,1,,,
p005,C06,48h,10,15hHB101,DMSO,1,moxidectin,0.0156,,,JU3237,1,,,
p005,D06,48h,10,15hHB101,DMSO,1,moxidectin,0.0156,,,NIC1667,1,,,
p005,E06,48h,10,15hHB101,DMSO,1,moxidectin,0.0156,,,VX34,1,,,
p005,F06,48h,10,15hHB101,DMSO,1,moxidectin,0.0156,,,ECA2666,1,,,
p005,A07,48h,10,15hHB101,DMSO,1,moxidectin,0.03125,,,PB420,1,,,
p005,B07,48h,10,15hHB101,DMSO,1,moxidectin,0.03125,,,ED3102,1,,,
p005,C07,48h,10,15hHB101,DMSO,1,moxidectin,0.03125,,,JU3237,1,,,
p005,D07,48h,10,15hHB101,DMSO,1,moxidectin,0.03125,,,NIC1667,1,,,
p005,E07,48h,10,15hHB101,DMSO,1,moxidectin,0.03125,,,VX34,1,,,
p005,F07,48h,10,15hHB101,DMSO,1,moxidectin,0.03125,,,ECA2666,1,,,
p005,A08,48h,10,15hHB101,DMSO,1,moxidectin,0.0625,,,PB420,1,,,
p005,B08,48h,10,15hHB101,DMSO,1,moxidectin,0.0625,,,ED3102,1,,,
p005,C08,48h,10,15hHB101,DMSO,1,moxidectin,0.0625,,,JU3237,1,,,
p005,D08,48h,10,15hHB101,DMSO,1,moxidectin,0.0625,,,NIC1667,1,,,
p005,E08,48h,10,15hHB101,DMSO,1,moxidectin,0.0625,,,VX34,1,,,
p005,F08,48h,10,15hHB101,DMSO,1,moxidectin,0.0625,,,ECA2666,1,,,
p005,A09,48h,10,15hHB101,DMSO,1,moxidectin,0.125,,,PB420,1,,,
p005,B09,48h,10,15hHB101,DMSO,1,moxidectin,0.125,,,ED3102,1,,,
p005,C09,48h,10,15hHB101,DMSO,1,moxidectin,0.125,,,JU3237,1,,,
p005,D09,48h,10,15hHB101,DMSO,1,moxidectin,0.125,,,NIC1667,1,,,
p005,E09,48h,10,15hHB101,DMSO,1,moxidectin,0.125,,,VX34,1,,,
p005,F09,48h,10,15hHB101,DMSO,1,moxidectin,0.125,,,ECA2666,1,,,
p005,A10,48h,10,15hHB101,DMSO,1,moxidectin,0.25,,,PB420,1,,,
p005,B10,48h,10,15hHB101,DMSO,1,moxidectin,0.25,,,ED3102,1,,,
p005,C10,48h,10,15hHB101,DMSO,1,moxidectin,0.25,,,JU3237,1,,,
p005,D10,48h,10,15hHB101,DMSO,1,moxidectin,0.25,,,NIC1667,1,,,
p005,E10,48h,10,15hHB101,DMSO,1,moxidectin,0.25,,,VX34,1,,,
p005,F10,48h,10,15hHB101,DMSO,1,moxidectin,0.25,,,ECA2666,1,,,
p005,A11,48h,10,15hHB101,DMSO,1,moxidectin,0.5,,,PB420,1,,,
p005,B11,48h,10,15hHB101,DMSO,1,moxidectin,0.5,,,ED3102,1,,,
p005,C11,48h,10,15hHB101,DMSO,1,moxidectin,0.5,,,JU3237,1,,,
p005,D11,48h,10,15hHB101,DMSO,1,moxidectin,0.5,,,NIC1667,1,,,
p005,E11,48h,10,15hHB101,DMSO,1,moxidectin,0.5,,,VX34,1,,,
p005,F11,48h,10,15hHB101,DMSO,1,moxidectin,0.5,,,ECA2666,1,,,
p005,A12,48h,10,15hHB101,DMSO,1,moxidectin,1,,,PB420,1,,,
p005,B12,48h,10,15hHB101,DMSO,1,moxidectin,1,,,ED3102,1,,,
p005,C12,48h,10,15hHB101,DMSO,1,moxidectin,1,,,JU3237,1,,,
p005,D12,48h,10,15hHB101,DMSO,1,moxidectin,1,,,NIC1667,1,,,
p005,E12,48h,10,15hHB101,DMSO,1,moxidectin,1,,,VX34,1,,,
p005,F12,48h,10,15hHB101,DMSO,1,moxidectin,1,,,ECA2666,1,,,
p006,A01,48h,10,15hHB101,DMSO,1,moxidectin,0,,,PB420,1,,,
p006,B01,48h,10,15hHB101,DMSO,1,moxidectin,0,,,ED3102,1,,,
p006,C01,48h,10,15hHB101,DMSO,1,moxidectin,0,,,JU3237,1,,,
p006,D01,48h,10,15hHB101,DMSO,1,moxidectin,0,,,NIC1667,1,,,
p006,E01,48h,10,15hHB101,DMSO,1,moxidectin,0,,,VX34,1,,,
p006,F01,48h,10,15hHB101,DMSO,1,moxidectin,0,,,ECA2666,1,,,
p006,A02,48h,10,15hHB101,DMSO,1,moxidectin,0.00097,,,PB420,1,,,
p006,B02,48h,10,15hHB101,DMSO,1,moxidectin,0.00097,,,ED3102,1,,,
p006,C02,48h,10,15hHB101,DMSO,1,moxidectin,0.00097,,,JU3237,1,,,
p006,D02,48h,10,15hHB101,DMSO,1,moxidectin,0.00097,,,NIC1667,1,,,
p006,E02,48h,10,15hHB101,DMSO,1,moxidectin,0.00097,,,VX34,1,,,
p006,F02,48h,10,15hHB101,DMSO,1,moxidectin,0.00097,,,ECA2666,1,,,
p006,A03,48h,10,15hHB101,DMSO,1,moxidectin,0.0019,,,PB420,1,,,
p006,B03,48h,10,15hHB101,DMSO,1,moxidectin,0.0019,,,ED3102,1,,,
p006,C03,48h,10,15hHB101,DMSO,1,moxidectin,0.0019,,,JU3237,1,,,
p006,D03,48h,10,15hHB101,DMSO,1,moxidectin,0.0019,,,NIC1667,1,,,
p006,E03,48h,10,15hHB101,DMSO,1,moxidectin,0.0019,,,VX34,1,,,
p006,F03,48h,10,15hHB101,DMSO,1,moxidectin,0.0019,,,ECA2666,1,,,
p006,A04,48h,10,15hHB101,DMSO,1,moxidectin,0.0039,,,PB420,1,,,
p006,B04,48h,10,15hHB101,DMSO,1,moxidectin,0.0039,,,ED3102,1,,,
p006,C04,48h,10,15hHB101,DMSO,1,moxidectin,0.0039,,,JU3237,1,,,
p006,D04,48h,10,15hHB101,DMSO,1,moxidectin,0.0039,,,NIC1667,1,,,
p006,E04,48h,10,15hHB101,DMSO,1,moxidectin,0.0039,,,VX34,1,,,
p006,F04,48h,10,15hHB101,DMSO,1,moxidectin,0.0039,,,ECA2666,1,,,
p006,A05,48h,10,15hHB101,DMSO,1,moxidectin,0.0078,,,PB420,1,,,
p006,B05,48h,10,15hHB101,DMSO,1,moxidectin,0.0078,,,ED3102,1,,,
p006,C05,48h,10,15hHB101,DMSO,1,moxidectin,0.0078,,,JU3237,1,,,
p006,D05,48h,10,15hHB101,DMSO,1,moxidectin,0.0078,,,NIC1667,1,,,
p006,E05,48h,10,15hHB101,DMSO,1,moxidectin,0.0078,,,VX34,1,,,
p006,F05,48h,10,15hHB101,DMSO,1,moxidectin,0.0078,,,ECA2666,1,,,
p006,A06,48h,10,15hHB101,DMSO,1,moxidectin,0.0156,,,PB420,1,,,
p006,B06,48h,10,15hHB101,DMSO,1,moxidectin,0.0156,,,ED3102,1,,,
p006,C06,48h,10,15hHB101,DMSO,1,moxidectin,0.0156,,,JU3237,1,,,
p006,D06,48h,10,15hHB101,DMSO,1,moxidectin,0.0156,,,NIC1667,1,,,
p006,E06,48h,10,15hHB101,DMSO,1,moxidectin,0.0156,,,VX34,1,,,
p006,F06,48h,10,15hHB101,DMSO,1,moxidectin,0.0156,,,ECA2666,1,,,
p006,A07,48h,10,15hHB101,DMSO,1,moxidectin,0.03125,,,PB420,1,,,
p006,B07,48h,10,15hHB101,DMSO,1,moxidectin,0.03125,,,ED3102,1,,,
p006,C07,48h,10,15hHB101,DMSO,1,moxidectin,0.03125,,,JU3237,1,,,
p006,D07,48h,10,15hHB101,DMSO,1,moxidectin,0.03125,,,NIC1667,1,,,
p006,E07,48h,10,15hHB101,DMSO,1,moxidectin,0.03125,,,VX34,1,,,
p006,F07,48h,10,15hHB101,DMSO,1,moxidectin,0.03125,,,ECA2666,1,,,
p006,A08,48h,10,15hHB101,DMSO,1,moxidectin,0.0625,,,PB420,1,,,
p006,B08,48h,10,15hHB101,DMSO,1,moxidectin,0.0625,,,ED3102,1,,,
p006,C08,48h,10,15hHB101,DMSO,1,moxidectin,0.0625,,,JU3237,1,,,
p006,D08,48h,10,15hHB101,DMSO,1,moxidectin,0.0625,,,NIC1667,1,,,
p006,E08,48h,10,15hHB101,DMSO,1,moxidectin,0.0625,,,VX34,1,,,
p006,F08,48h,10,15hHB101,DMSO,1,moxidectin,0.0625,,,ECA2666,1,,,
p006,A09,48h,10,15hHB101,DMSO,1,moxidectin,0.125,,,PB420,1,,,
p006,B09,48h,10,15hHB101,DMSO,1,moxidectin,0.125,,,ED3102,1,,,
p006,C09,48h,10,15hHB101,DMSO,1,moxidectin,0.125,,,JU3237,1,,,
p006,D09,48h,10,15hHB101,DMSO,1,moxidectin,0.125,,,NIC1667,1,,,
p006,E09,48h,10,15hHB101,DMSO,1,moxidectin,0.125,,,VX34,1,,,
p006,F09,48h,10,15hHB101,DMSO,1,moxidectin,0.125,,,ECA2666,1,,,
p006,A10,48h,10,15hHB101,DMSO,1,moxidectin,0.25,,,PB420,1,,,
p006,B10,48h,10,15hHB101,DMSO,1,moxidectin,0.25,,,ED3102,1,,,
p006,C10,48h,10,15hHB101,DMSO,1,moxidectin,0.25,,,JU3237,1,,,
p006,D10,48h,10,15hHB101,DMSO,1,moxidectin,0.25,,,NIC1667,1,,,
p006,E10,48h,10,15hHB101,DMSO,1,moxidectin,0.25,,,VX34,1,,,
p006,F10,48h,10,15hHB101,DMSO,1,moxidectin,0.25,,,ECA2666,1,,,
p006,A11,48h,10,15hHB101,DMSO,1,moxidectin,0.5,,,PB420,1,,,
p006,B11,48h,10,15hHB101,DMSO,1,moxidectin,0.5,,,ED3102,1,,,
p006,C11,48h,10,15hHB101,DMSO,1,moxidectin,0.5,,,JU3237,1,,,
p006,D11,48h,10,15hHB101,DMSO,1,moxidectin,0.5,,,NIC1667,1,,,
p006,E11,48h,10,15hHB101,DMSO,1,moxidectin,0.5,,,VX34,1,,,
p006,F11,48h,10,15hHB101,DMSO,1,moxidectin,0.5,,,ECA2666,1,,,
p006,A12,48h,10,15hHB101,DMSO,1,moxidectin,1,,,PB420,1,,,
p006,B12,48h,10,15hHB101,DMSO,1,moxidectin,1,,,ED3102,1,,,
p006,C12,48h,10,15hHB101,DMSO,1,moxidectin,1,,,JU3237,1,,,
p006,D12,48h,10,15hHB101,DMSO,1,moxidectin,1,,,NIC1667,1,,,
p006,E12,48h,10,15hHB101,DMSO,1,moxidectin,1,,,VX34,1,,,
p006,F12,48h,10,15hHB101,DMSO,1,moxidectin,1,,,ECA2666,1,,,
p007,A01,48h,10,15hHB101,DMSO,1,moxidectin,0,,,ECA2666,2,,,
p007,B01,48h,10,15hHB101,DMSO,1,moxidectin,0,,,JU3237,2,,,
p007,C01,48h,10,15hHB101,DMSO,1,moxidectin,0,,,VX34,2,,,
p007,D01,48h,10,15hHB101,DMSO,1,moxidectin,0,,,PB420,2,,,
p007,E01,48h,10,15hHB101,DMSO,1,moxidectin,0,,,NIC1667,2,,,
p007,F01,48h,10,15hHB101,DMSO,1,moxidectin,0,,,ED3102,2,,,
p007,A02,48h,10,15hHB101,DMSO,1,moxidectin,0.00097,,,ECA2666,2,,,
p007,B02,48h,10,15hHB101,DMSO,1,moxidectin,0.00097,,,JU3237,2,,,
p007,C02,48h,10,15hHB101,DMSO,1,moxidectin,0.00097,,,VX34,2,,,
p007,D02,48h,10,15hHB101,DMSO,1,moxidectin,0.00097,,,PB420,2,,,
p007,E02,48h,10,15hHB101,DMSO,1,moxidectin,0.00097,,,NIC1667,2,,,
p007,F02,48h,10,15hHB101,DMSO,1,moxidectin,0.00097,,,ED3102,2,,,
p007,A03,48h,10,15hHB101,DMSO,1,moxidectin,0.0019,,,ECA2666,2,,,
p007,B03,48h,10,15hHB101,DMSO,1,moxidectin,0.0019,,,JU3237,2,,,
p007,C03,48h,10,15hHB101,DMSO,1,moxidectin,0.0019,,,VX34,2,,,
p007,D03,48h,10,15hHB101,DMSO,1,moxidectin,0.0019,,,PB420,2,,,
p007,E03,48h,10,15hHB101,DMSO,1,moxidectin,0.0019,,,NIC1667,2,,,
p007,F03,48h,10,15hHB101,DMSO,1,moxidectin,0.0019,,,ED3102,2,,,
p007,A04,48h,10,15hHB101,DMSO,1,moxidectin,0.0039,,,ECA2666,2,,,
p007,B04,48h,10,15hHB101,DMSO,1,moxidectin,0.0039,,,JU3237,2,,,
p007,C04,48h,10,15hHB101,DMSO,1,moxidectin,0.0039,,,VX34,2,,,
p007,D04,48h,10,15hHB101,DMSO,1,moxidectin,0.0039,,,PB420,2,,,
p007,E04,48h,10,15hHB101,DMSO,1,moxidectin,0.0039,,,NIC1667,2,,,
p007,F04,48h,10,15hHB101,DMSO,1,moxidectin,0.0039,,,ED3102,2,,,
p007,A05,48h,10,15hHB101,DMSO,1,moxidectin,0.0078,,,ECA2666,2,,,
p007,B05,48h,10,15hHB101,DMSO,1,moxidectin,0.0078,,,JU3237,2,,,
p007,C05,48h,10,15hHB101,DMSO,1,moxidectin,0.0078,,,VX34,2,,,
p007,D05,48h,10,15hHB101,DMSO,1,moxidectin,0.0078,,,PB420,2,,,
p007,E05,48h,10,15hHB101,DMSO,1,moxidectin,0.0078,,,NIC1667,2,,,
p007,F05,48h,10,15hHB101,DMSO,1,moxidectin,0.0078,,,ED3102,2,,,
p007,A06,48h,10,15hHB101,DMSO,1,moxidectin,0.0156,,,ECA2666,2,,,
p007,B06,48h,10,15hHB101,DMSO,1,moxidectin,0.0156,,,JU3237,2,,,
p007,C06,48h,10,15hHB101,DMSO,1,moxidectin,0.0156,,,VX34,2,,,
p007,D06,48h,10,15hHB101,DMSO,1,moxidectin,0.0156,,,PB420,2,,,
p007,E06,48h,10,15hHB101,DMSO,1,moxidectin,0.0156,,,NIC1667,2,,,
p007,F06,48h,10,15hHB101,DMSO,1,moxidectin,0.0156,,,ED3102,2,,,
p007,A07,48h,10,15hHB101,DMSO,1,moxidectin,0.03125,,,ECA2666,2,,,
p007,B07,48h,10,15hHB101,DMSO,1,moxidectin,0.03125,,,JU3237,2,,,
p007,C07,48h,10,15hHB101,DMSO,1,moxidectin,0.03125,,,VX34,2,,,
p007,D07,48h,10,15hHB101,DMSO,1,moxidectin,0.03125,,,PB420,2,,,
p007,E07,48h,10,15hHB101,DMSO,1,moxidectin,0.03125,,,NIC1667,2,,,
p007,F07,48h,10,15hHB101,DMSO,1,moxidectin,0.03125,,,ED3102,2,,,
p007,A08,48h,10,15hHB101,DMSO,1,moxidectin,0.0625,,,ECA2666,2,,,
p007,B08,48h,10,15hHB101,DMSO,1,moxidectin,0.0625,,,JU3237,2,,,
p007,C08,48h,10,15hHB101,DMSO,1,moxidectin,0.0625,,,VX34,2,,,
p007,D08,48h,10,15hHB101,DMSO,1,moxidectin,0.0625,,,PB420,2,,,
p007,E08,48h,10,15hHB101,DMSO,1,moxidectin,0.0625,,,NIC1667,2,,,
p007,F08,48h,10,15hHB101,DMSO,1,moxidectin,0.0625,,,ED3102,2,,,
p007,A09,48h,10,15hHB101,DMSO,1,moxidectin,0.125,,,ECA2666,2,,,
p007,B09,48h,10,15hHB101,DMSO,1,moxidectin,0.125,,,JU3237,2,,,
p007,C09,48h,10,15hHB101,DMSO,1,moxidectin,0.125,,,VX34,2,,,
p007,D09,48h,10,15hHB101,DMSO,1,moxidectin,0.125,,,PB420,2,,,
p007,E09,48h,10,15hHB101,DMSO,1,moxidectin,0.125,,,NIC1667,2,,,
p007,F09,48h,10,15hHB101,DMSO,1,moxidectin,0.125,,,ED3102,2,,,
p007,A10,48h,10,15hHB101,DMSO,1,moxidectin,0.25,,,ECA2666,2,,,
p007,B10,48h,10,15hHB101,DMSO,1,moxidectin,0.25,,,JU3237,2,,,
p007,C10,48h,10,15hHB101,DMSO,1,moxidectin,0.25,,,VX34,2,,,
p007,D10,48h,10,15hHB101,DMSO,1,moxidectin,0.25,,,PB420,2,,,
p007,E10,48h,10,15hHB101,DMSO,1,moxidectin,0.25,,,NIC1667,2,,,
p007,F10,48h,10,15hHB101,DMSO,1,moxidectin,0.25,,,ED3102,2,,,
p007,A11,48h,10,15hHB101,DMSO,1,moxidectin,0.5,,,ECA2666,2,,,
p007,B11,48h,10,15hHB101,DMSO,1,moxidectin,0.5,,,JU3237,2,,,
p007,C11,48h,10,15hHB101,DMSO,1,moxidectin,0.5,,,VX34,2,,,
p007,D11,48h,10,15hHB101,DMSO,1,moxidectin,0.5,,,PB420,2,,,
p007,E11,48h,10,15hHB101,DMSO,1,moxidectin,0.5,,,NIC1667,2,,,
p007,F11,48h,10,15hHB101,DMSO,1,moxidectin,0.5,,,ED3102,2,,,
p007,A12,48h,10,15hHB101,DMSO,1,moxidectin,1,,,ECA2666,2,,,
p007,B12,48h,10,15hHB101,DMSO,1,moxidectin,1,,,JU3237,2,,,
p007,C12,48h,10,15hHB101,DMSO,1,moxidectin,1,,,VX34,2,,,
p007,D12,48h,10,15hHB101,DMSO,1,moxidectin,1,,,PB420,2,,,
p007,E12,48h,10,15hHB101,DMSO,1,moxidectin,1,,,NIC1667,2,,,
p007,F12,48h,10,15hHB101,DMSO,1,moxidectin,1,,,ED3102,2,,,
p008,A01,48h,10,15hHB101,DMSO,1,moxidectin,0,,,ECA2666,2,,,
p008,B01,48h,10,15hHB101,DMSO,1,moxidectin,0,,,JU3237,2,,,
p008,C01,48h,10,15hHB101,DMSO,1,moxidectin,0,,,VX34,2,,,
p008,D01,48h,10,15hHB101,DMSO,1,moxidectin,0,,,PB420,2,,,
p008,E01,48h,10,15hHB101,DMSO,1,moxidectin,0,,,NIC1667,2,,,
p008,F01,48h,10,15hHB101,DMSO,1,moxidectin,0,,,ED3102,2,,,
p008,A02,48h,10,15hHB101,DMSO,1,moxidectin,0.00097,,,ECA2666,2,,,
p008,B02,48h,10,15hHB101,DMSO,1,moxidectin,0.00097,,,JU3237,2,,,
p008,C02,48h,10,15hHB101,DMSO,1,moxidectin,0.00097,,,VX34,2,,,
p008,D02,48h,10,15hHB101,DMSO,1,moxidectin,0.00097,,,PB420,2,,,
p008,E02,48h,10,15hHB101,DMSO,1,moxidectin,0.00097,,,NIC1667,2,,,
p008,F02,48h,10,15hHB101,DMSO,1,moxidectin,0.00097,,,ED3102,2,,,
p008,A03,48h,10,15hHB101,DMSO,1,moxidectin,0.0019,,,ECA2666,2,,,
p008,B03,48h,10,15hHB101,DMSO,1,moxidectin,0.0019,,,JU3237,2,,,
p008,C03,48h,10,15hHB101,DMSO,1,moxidectin,0.0019,,,VX34,2,,,
p008,D03,48h,10,15hHB101,DMSO,1,moxidectin,0.0019,,,PB420,2,,,
p008,E03,48h,10,15hHB101,DMSO,1,moxidectin,0.0019,,,NIC1667,2,,,
p008,F03,48h,10,15hHB101,DMSO,1,moxidectin,0.0019,,,ED3102,2,,,
p008,A04,48h,10,15hHB101,DMSO,1,moxidectin,0.0039,,,ECA2666,2,,,
p008,B04,48h,10,15hHB101,DMSO,1,moxidectin,0.0039,,,JU3237,2,,,
p008,C04,48h,10,15hHB101,DMSO,1,moxidectin,0.0039,,,VX34,2,,,
p008,D04,48h,10,15hHB101,DMSO,1,moxidectin,0.0039,,,PB420,2,,,
p008,E04,48h,10,15hHB101,DMSO,1,moxidectin,0.0039,,,NIC1667,2,,,
p008,F04,48h,10,15hHB101,DMSO,1,moxidectin,0.0039,,,ED3102,2,,,
p008,A05,48h,10,15hHB101,DMSO,1,moxidectin,0.0078,,,ECA2666,2,,,
p008,B05,48h,10,15hHB101,DMSO,1,moxidectin,0.0078,,,JU3237,2,,,
p008,C05,48h,10,15hHB101,DMSO,1,moxidectin,0.0078,,,VX34,2,,,
p008,D05,48h,10,15hHB101,DMSO,1,moxidectin,0.0078,,,PB420,2,,,
p008,E05,48h,10,15hHB101,DMSO,1,moxidectin,0.0078,,,NIC1667,2,,,
p008,F05,48h,10,15hHB101,DMSO,1,moxidectin,0.0078,,,ED3102,2,,,
p008,A06,48h,10,15hHB101,DMSO,1,moxidectin,0.0156,,,ECA2666,2,,,
p008,B06,48h,10,15hHB101,DMSO,1,moxidectin,0.0156,,,JU3237,2,,,
p008,C06,48h,10,15hHB101,DMSO,1,moxidectin,0.0156,,,VX34,2,,,
p008,D06,48h,10,15hHB101,DMSO,1,moxidectin,0.0156,,,PB420,2,,,
p008,E06,48h,10,15hHB101,DMSO,1,moxidectin,0.0156,,,NIC1667,2,,,
p008,F06,48h,10,15hHB101,DMSO,1,moxidectin,0.0156,,,ED3102,2,,,
p008,A07,48h,10,15hHB101,DMSO,1,moxidectin,0.03125,,,ECA2666,2,,,
p008,B07,48h,10,15hHB101,DMSO,1,moxidectin,0.03125,,,JU3237,2,,,
p008,C07,48h,10,15hHB101,DMSO,1,moxidectin,0.03125,,,VX34,2,,,
p008,D07,48h,10,15hHB101,DMSO,1,moxidectin,0.03125,,,PB420,2,,,
p008,E07,48h,10,15hHB101,DMSO,1,moxidectin,0.03125,,,NIC1667,2,,,
p008,F07,48h,10,15hHB101,DMSO,1,moxidectin,0.03125,,,ED3102,2,,,
p008,A08,48h,10,15hHB101,DMSO,1,moxidectin,0.0625,,,ECA2666,2,,,
p008,B08,48h,10,15hHB101,DMSO,1,moxidectin,0.0625,,,JU3237,2,,,
p008,C08,48h,10,15hHB101,DMSO,1,moxidectin,0.0625,,,VX34,2,,,
p008,D08,48h,10,15hHB101,DMSO,1,moxidectin,0.0625,,,PB420,2,,,
p008,E08,48h,10,15hHB101,DMSO,1,moxidectin,0.0625,,,NIC1667,2,,,
p008,F08,48h,10,15hHB101,DMSO,1,moxidectin,0.0625,,,ED3102,2,,,
p008,A09,48h,10,15hHB101,DMSO,1,moxidectin,0.125,,,ECA2666,2,,,
p008,B09,48h,10,15hHB101,DMSO,1,moxidectin,0.125,,,JU3237,2,,,
p008,C09,48h,10,15hHB101,DMSO,1,moxidectin,0.125,,,VX34,2,,,
p008,D09,48h,10,15hHB101,DMSO,1,moxidectin,0.125,,,PB420,2,,,
p008,E09,48h,10,15hHB101,DMSO,1,moxidectin,0.125,,,NIC1667,2,,,
p008,F09,48h,10,15hHB101,DMSO,1,moxidectin,0.125,,,ED3102,2,,,
p008,A10,48h,10,15hHB101,DMSO,1,moxidectin,0.25,,,ECA2666,2,,,
p008,B10,48h,10,15hHB101,DMSO,1,moxidectin,0.25,,,JU3237,2,,,
p008,C10,48h,10,15hHB101,DMSO,1,moxidectin,0.25,,,VX34,2,,,
p008,D10,48h,10,15hHB101,DMSO,1,moxidectin,0.25,,,PB420,2,,,
p008,E10,48h,10,15hHB101,DMSO,1,moxidectin,0.25,,,NIC1667,2,,,
p008,F10,48h,10,15hHB101,DMSO,1,moxidectin,0.25,,,ED3102,2,,,
p008,A11,48h,10,15hHB101,DMSO,1,moxidectin,0.5,,,ECA2666,2,,,
p008,B11,48h,10,15hHB101,DMSO,1,moxidectin,0.5,,,JU3237,2,,,
p008,C11,48h,10,15hHB101,DMSO,1,moxidectin,0.5,,,VX34,2,,,
p008,D11,48h,10,15hHB101,DMSO,1,moxidectin,0.5,,,PB420,2,,,
p008,E11,48h,10,15hHB101,DMSO,1,moxidectin,0.5,,,NIC1667,2,,,
p008,F11,48h,10,15hHB101,DMSO,1,moxidectin,0.5,,,ED3102,2,,,
p008,A12,48h,10,15hHB101,DMSO,1,moxidectin,1,,,ECA2666,2,,,
p008,B12,48h,10,15hHB101,DMSO,1,moxidectin,1,,,JU3237,2,,,
p008,C12,48h,10,15hHB101,DMSO,1,moxidectin,1,,,VX34,2,,,
p008,D12,48h,10,15hHB101,DMSO,1,moxidectin,1,,,PB420,2,,,
p008,E12,48h,10,15hHB101,DMSO,1,moxidectin,1,,,NIC1667,2,,,
p008,F12,48h,10,15hHB101,DMSO,1,moxidectin,1,,,ED3102,2,,,
p009,A01,48h,10,15hHB101,DMSO,1,moxidectin,0,,,ECA2666,2,,,
p009,B01,48h,10,15hHB101,DMSO,1,moxidectin,0,,,JU3237,2,,,
p009,C01,48h,10,15hHB101,DMSO,1,moxidectin,0,,,VX34,2,,,
p009,D01,48h,10,15hHB101,DMSO,1,moxidectin,0,,,PB420,2,,,
p009,E01,48h,10,15hHB101,DMSO,1,moxidectin,0,,,NIC1667,2,,,
p009,F01,48h,10,15hHB101,DMSO,1,moxidectin,0,,,ED3102,2,,,
p009,A02,48h,10,15hHB101,DMSO,1,moxidectin,0.00097,,,ECA2666,2,,,
p009,B02,48h,10,15hHB101,DMSO,1,moxidectin,0.00097,,,JU3237,2,,,
p009,C02,48h,10,15hHB101,DMSO,1,moxidectin,0.00097,,,VX34,2,,,
p009,D02,48h,10,15hHB101,DMSO,1,moxidectin,0.00097,,,PB420,2,,,
p009,E02,48h,10,15hHB101,DMSO,1,moxidectin,0.00097,,,NIC1667,2,,,
p009,F02,48h,10,15hHB101,DMSO,1,moxidectin,0.00097,,,ED3102,2,,,
p009,A03,48h,10,15hHB101,DMSO,1,moxidectin,0.0019,,,ECA2666,2,,,
p009,B03,48h,10,15hHB101,DMSO,1,moxidectin,0.0019,,,JU3237,2,,,
p009,C03,48h,10,15hHB101,DMSO,1,moxidectin,0.0019,,,VX34,2,,,
p009,D03,48h,10,15hHB101,DMSO,1,moxidectin,0.0019,,,PB420,2,,,
p009,E03,48h,10,15hHB101,DMSO,1,moxidectin,0.0019,,,NIC1667,2,,,
p009,F03,48h,10,15hHB101,DMSO,1,moxidectin,0.0019,,,ED3102,2,,,
p009,A04,48h,10,15hHB101,DMSO,1,moxidectin,0.0039,,,ECA2666,2,,,
p009,B04,48h,10,15hHB101,DMSO,1,moxidectin,0.0039,,,JU3237,2,,,
p009,C04,48h,10,15hHB101,DMSO,1,moxidectin,0.0039,,,VX34,2,,,
p009,D04,48h,10,15hHB101,DMSO,1,moxidectin,0.0039,,,PB420,2,,,
p009,E04,48h,10,15hHB101,DMSO,1,moxidectin,0.0039,,,NIC1667,2,,,
p009,F04,48h,10,15hHB101,DMSO,1,moxidectin,0.0039,,,ED3102,2,,,
p009,A05,48h,10,15hHB101,DMSO,1,moxidectin,0.0078,,,ECA2666,2,,,
p009,B05,48h,10,15hHB101,DMSO,1,moxidectin,0.0078,,,JU3237,2,,,
p009,C05,48h,10,15hHB101,DMSO,1,moxidectin,0.0078,,,VX34,2,,,
p009,D05,48h,10,15hHB101,DMSO,1,moxidectin,0.0078,,,PB420,2,,,
p009,E05,48h,10,15hHB101,DMSO,1,moxidectin,0.0078,,,NIC1667,2,,,
p009,F05,48h,10,15hHB101,DMSO,1,moxidectin,0.0078,,,ED3102,2,,,
p009,A06,48h,10,15hHB101,DMSO,1,moxidectin,0.0156,,,ECA2666,2,,,
p009,B06,48h,10,15hHB101,DMSO,1,moxidectin,0.0156,,,JU3237,2,,,
p009,C06,48h,10,15hHB101,DMSO,1,moxidectin,0.0156,,,VX34,2,,,
p009,D06,48h,10,15hHB101,DMSO,1,moxidectin,0.0156,,,PB420,2,,,
p009,E06,48h,10,15hHB101,DMSO,1,moxidectin,0.0156,,,NIC1667,2,,,
p009,F06,48h,10,15hHB101,DMSO,1,moxidectin,0.0156,,,ED3102,2,,,
p009,A07,48h,10,15hHB101,DMSO,1,moxidectin,0.03125,,,ECA2666,2,,,
p009,B07,48h,10,15hHB101,DMSO,1,moxidectin,0.03125,,,JU3237,2,,,
p009,C07,48h,10,15hHB101,DMSO,1,moxidectin,0.03125,,,VX34,2,,,
p009,D07,48h,10,15hHB101,DMSO,1,moxidectin,0.03125,,,PB420,2,,,
p009,E07,48h,10,15hHB101,DMSO,1,moxidectin,0.03125,,,NIC1667,2,,,
p009,F07,48h,10,15hHB101,DMSO,1,moxidectin,0.03125,,,ED3102,2,,,
p009,A08,48h,10,15hHB101,DMSO,1,moxidectin,0.0625,,,ECA2666,2,,,
p009,B08,48h,10,15hHB101,DMSO,1,moxidectin,0.0625,,,JU3237,2,,,
p009,C08,48h,10,15hHB101,DMSO,1,moxidectin,0.0625,,,VX34,2,,,
p009,D08,48h,10,15hHB101,DMSO,1,moxidectin,0.0625,,,PB420,2,,,
p009,E08,48h,10,15hHB101,DMSO,1,moxidectin,0.0625,,,NIC1667,2,,,
p009,F08,48h,10,15hHB101,DMSO,1,moxidectin,0.0625,,,ED3102,2,,,
p009,A09,48h,10,15hHB101,DMSO,1,moxidectin,0.125,,,ECA2666,2,,,
p009,B09,48h,10,15hHB101,DMSO,1,moxidectin,0.125,,,JU3237,2,,,
p009,C09,48h,10,15hHB101,DMSO,1,moxidectin,0.125,,,VX34,2,,,
p009,D09,48h,10,15hHB101,DMSO,1,moxidectin,0.125,,,PB420,2,,,
p009,E09,48h,10,15hHB101,DMSO,1,moxidectin,0.125,,,NIC1667,2,,,
p009,F09,48h,10,15hHB101,DMSO,1,moxidectin,0.125,,,ED3102,2,,,
p009,A10,48h,10,15hHB101,DMSO,1,moxidectin,0.25,,,ECA2666,2,,,
p009,B10,48h,10,15hHB101,DMSO,1,moxidectin,0.25,,,JU3237,2,,,
p009,C10,48h,10,15hHB101,DMSO,1,moxidectin,0.25,,,VX34,2,,,
p009,D10,48h,10,15hHB101,DMSO,1,moxidectin,0.25,,,PB420,2,,,
p009,E10,48h,10,15hHB101,DMSO,1,moxidectin,0.25,,,NIC1667,2,,,
p009,F10,48h,10,15hHB101,DMSO,1,moxidectin,0.25,,,ED3102,2,,,
p009,A11,48h,10,15hHB101,DMSO,1,moxidectin,0.5,,,ECA2666,2,,,
p009,B11,48h,10,15hHB101,DMSO,1,moxidectin,0.5,,,JU3237,2,,,
p009,C11,48h,10,15hHB101,DMSO,1,moxidectin,0.5,,,VX34,2,,,
p009,D11,48h,10,15hHB101,DMSO,1,moxidectin,0.5,,,PB420,2,,,
p009,E11,48h,10,15hHB101,DMSO,1,moxidectin,0.5,,,NIC1667,2,,,
p009,F11,48h,10,15hHB101,DMSO,1,moxidectin,0.5,,,ED3102,2,,,
p009,A12,48h,10,15hHB101,DMSO,1,moxidectin,1,,,ECA2666,2,,,
p009,B12,48h,10,15hHB101,DMSO,1,moxidectin,1,,,JU3237,2,,,
p009,C12,48h,10,15hHB101,DMSO,1,moxidectin,1,,,VX34,2,,,
p009,D12,48h,10,15hHB101,DMSO,1,moxidectin,1,,,PB420,2,,,
p009,E12,48h,10,15hHB101,DMSO,1,moxidectin,1,,,NIC1667,2,,,
p009,F12,48h,10,15hHB101,DMSO,1,moxidectin,1,,,ED3102,2,,,
p010,A01,48h,10,15hHB101,DMSO,1,moxidectin,0,,,ECA2666,2,,,
p010,B01,48h,10,15hHB101,DMSO,1,moxidectin,0,,,JU3237,2,,,
p010,C01,48h,10,15hHB101,DMSO,1,moxidectin,0,,,VX34,2,,,
p010,D01,48h,10,15hHB101,DMSO,1,moxidectin,0,,,PB420,2,,,
p010,E01,48h,10,15hHB101,DMSO,1,moxidectin,0,,,NIC1667,2,,,
p010,F01,48h,10,15hHB101,DMSO,1,moxidectin,0,,,ED3102,2,,,
p010,A02,48h,10,15hHB101,DMSO,1,moxidectin,0.00097,,,ECA2666,2,,,
p010,B02,48h,10,15hHB101,DMSO,1,moxidectin,0.00097,,,JU3237,2,,,
p010,C02,48h,10,15hHB101,DMSO,1,moxidectin,0.00097,,,VX34,2,,,
p010,D02,48h,10,15hHB101,DMSO,1,moxidectin,0.00097,,,PB420,2,,,
p010,E02,48h,10,15hHB101,DMSO,1,moxidectin,0.00097,,,NIC1667,2,,,
p010,F02,48h,10,15hHB101,DMSO,1,moxidectin,0.00097,,,ED3102,2,,,
p010,A03,48h,10,15hHB101,DMSO,1,moxidectin,0.0019,,,ECA2666,2,,,
p010,B03,48h,10,15hHB101,DMSO,1,moxidectin,0.0019,,,JU3237,2,,,
p010,C03,48h,10,15hHB101,DMSO,1,moxidectin,0.0019,,,VX34,2,,,
p010,D03,48h,10,15hHB101,DMSO,1,moxidectin,0.0019,,,PB420,2,,,
p010,E03,48h,10,15hHB101,DMSO,1,moxidectin,0.0019,,,NIC1667,2,,,
p010,F03,48h,10,15hHB101,DMSO,1,moxidectin,0.0019,,,ED3102,2,,,
p010,A04,48h,10,15hHB101,DMSO,1,moxidectin,0.0039,,,ECA2666,2,,,
p010,B04,48h,10,15hHB101,DMSO,1,moxidectin,0.0039,,,JU3237,2,,,
p010,C04,48h,10,15hHB101,DMSO,1,moxidectin,0.0039,,,VX34,2,,,
p010,D04,48h,10,15hHB101,DMSO,1,moxidectin,0.0039,,,PB420,2,,,
p010,E04,48h,10,15hHB101,DMSO,1,moxidectin,0.0039,,,NIC1667,2,,,
p010,F04,48h,10,15hHB101,DMSO,1,moxidectin,0.0039,,,ED3102,2,,,
p010,A05,48h,10,15hHB101,DMSO,1,moxidectin,0.0078,,,ECA2666,2,,,
p010,B05,48h,10,15hHB101,DMSO,1,moxidectin,0.0078,,,JU3237,2,,,
p010,C05,48h,10,15hHB101,DMSO,1,moxidectin,0.0078,,,VX34,2,,,
p010,D05,48h,10,15hHB101,DMSO,1,moxidectin,0.0078,,,PB420,2,,,
p010,E05,48h,10,15hHB101,DMSO,1,moxidectin,0.0078,,,NIC1667,2,,,
p010,F05,48h,10,15hHB101,DMSO,1,moxidectin,0.0078,,,ED3102,2,,,
p010,A06,48h,10,15hHB101,DMSO,1,moxidectin,0.0156,,,ECA2666,2,,,
p010,B06,48h,10,15hHB101,DMSO,1,moxidectin,0.0156,,,JU3237,2,,,
p010,C06,48h,10,15hHB101,DMSO,1,moxidectin,0.0156,,,VX34,2,,,
p010,D06,48h,10,15hHB101,DMSO,1,moxidectin,0.0156,,,PB420,2,,,
p010,E06,48h,10,15hHB101,DMSO,1,moxidectin,0.0156,,,NIC1667,2,,,
p010,F06,48h,10,15hHB101,DMSO,1,moxidectin,0.0156,,,ED3102,2,,,
p010,A07,48h,10,15hHB101,DMSO,1,moxidectin,0.03125,,,ECA2666,2,,,
p010,B07,48h,10,15hHB101,DMSO,1,moxidectin,0.03125,,,JU3237,2,,,
p010,C07,48h,10,15hHB101,DMSO,1,moxidectin,0.03125,,,VX34,2,,,
p010,D07,48h,10,15hHB101,DMSO,1,moxidectin,0.03125,,,PB420,2,,,
p010,E07,48h,10,15hHB101,DMSO,1,moxidectin,0.03125,,,NIC1667,2,,,
p010,F07,48h,10,15hHB101,DMSO,1,moxidectin,0.03125,,,ED3102,2,,,
p010,A08,48h,10,15hHB101,DMSO,1,moxidectin,0.0625,,,ECA2666,2,,,
p010,B08,48h,10,15hHB101,DMSO,1,moxidectin,0.0625,,,JU3237,2,,,
p010,C08,48h,10,15hHB101,DMSO,1,moxidectin,0.0625,,,VX34,2,,,
p010,D08,48h,10,15hHB101,DMSO,1,moxidectin,0.0625,,,PB420,2,,,
p010,E08,48h,10,15hHB101,DMSO,1,moxidectin,0.0625,,,NIC1667,2,,,
p010,F08,48h,10,15hHB101,DMSO,1,moxidectin,0.0625,,,ED3102,2,,,
p010,A09,48h,10,15hHB101,DMSO,1,moxidectin,0.125,,,ECA2666,2,,,
p010,B09,48h,10,15hHB101,DMSO,1,moxidectin,0.125,,,JU3237,2,,,
p010,C09,48h,10,15hHB101,DMSO,1,moxidectin,0.125,,,VX34,2,,,
p010,D09,48h,10,15hHB101,DMSO,1,moxidectin,0.125,,,PB420,2,,,
p010,E09,48h,10,15hHB101,DMSO,1,moxidectin,0.125,,,NIC1667,2,,,
p010,F09,48h,10,15hHB101,DMSO,1,moxidectin,0.125,,,ED3102,2,,,
p010,A10,48h,10,15hHB101,DMSO,1,moxidectin,0.25,,,ECA2666,2,,,
p010,B10,48h,10,15hHB101,DMSO,1,moxidectin,0.25,,,JU3237,2,,,
p010,C10,48h,10,15hHB101,DMSO,1,moxidectin,0.25,,,VX34,2,,,
p010,D10,48h,10,15hHB101,DMSO,1,moxidectin,0.25,,,PB420,2,,,
p010,E10,48h,10,15hHB101,DMSO,1,moxidectin,0.25,,,NIC1667,2,,,
p010,F10,48h,10,15hHB101,DMSO,1,moxidectin,0.25,,,ED3102,2,,,
p010,A11,48h,10,15hHB101,DMSO,1,moxidectin,0.5,,,ECA2666,2,,,
p010,B11,48h,10,15hHB101,DMSO,1,moxidectin,0.5,,,JU3237,2,,,
p010,C11,48h,10,15hHB101,DMSO,1,moxidectin,0.5,,,VX34,2,,,
p010,D11,48h,10,15hHB101,DMSO,1,moxidectin,0.5,,,PB420,2,,,
p010,E11,48h,10,15hHB101,DMSO,1,moxidectin,0.5,,,NIC1667,2,,,
p010,F11,48h,10,15hHB101,DMSO,1,moxidectin,0.5,,,ED3102,2,,,
p010,A12,48h,10,15hHB101,DMSO,1,moxidectin,1,,,ECA2666,2,,,
p010,B12,48h,10,15hHB101,DMSO,1,moxidectin,1,,,JU3237,2,,,
p010,C12,48h,10,15hHB101,DMSO,1,moxidectin,1,,,VX34,2,,,
p010,D12,48h,10,15hHB101,DMSO,1,moxidectin,1,,,PB420,2,,,
p010,E12,48h,10,15hHB101,DMSO,1,moxidectin,1,,,NIC1667,2,,,
p010,F12,48h,10,15hHB101,DMSO,1,moxidectin,1,,,ED3102,2,,,
p011,A01,48h,10,15hHB101,DMSO,1,moxidectin,0,,,ECA2666,2,,,
p011,B01,48h,10,15hHB101,DMSO,1,moxidectin,0,,,JU3237,2,,,
p011,C01,48h,10,15hHB101,DMSO,1,moxidectin,0,,,VX34,2,,,
p011,D01,48h,10,15hHB101,DMSO,1,moxidectin,0,,,PB420,2,,,
p011,E01,48h,10,15hHB101,DMSO,1,moxidectin,0,,,NIC1667,2,,,
p011,F01,48h,10,15hHB101,DMSO,1,moxidectin,0,,,ED3102,2,,,
p011,A02,48h,10,15hHB101,DMSO,1,moxidectin,0.00097,,,ECA2666,2,,,
p011,B02,48h,10,15hHB101,DMSO,1,moxidectin,0.00097,,,JU3237,2,,,
p011,C02,48h,10,15hHB101,DMSO,1,moxidectin,0.00097,,,VX34,2,,,
p011,D02,48h,10,15hHB101,DMSO,1,moxidectin,0.00097,,,PB420,2,,,
p011,E02,48h,10,15hHB101,DMSO,1,moxidectin,0.00097,,,NIC1667,2,,,
p011,F02,48h,10,15hHB101,DMSO,1,moxidectin,0.00097,,,ED3102,2,,,
p011,A03,48h,10,15hHB101,DMSO,1,moxidectin,0.0019,,,ECA2666,2,,,
p011,B03,48h,10,15hHB101,DMSO,1,moxidectin,0.0019,,,JU3237,2,,,
p011,C03,48h,10,15hHB101,DMSO,1,moxidectin,0.0019,,,VX34,2,,,
p011,D03,48h,10,15hHB101,DMSO,1,moxidectin,0.0019,,,PB420,2,,,
p011,E03,48h,10,15hHB101,DMSO,1,moxidectin,0.0019,,,NIC1667,2,,,
p011,F03,48h,10,15hHB101,DMSO,1,moxidectin,0.0019,,,ED3102,2,,,
p011,A04,48h,10,15hHB101,DMSO,1,moxidectin,0.0039,,,ECA2666,2,,,
p011,B04,48h,10,15hHB101,DMSO,1,moxidectin,0.0039,,,JU3237,2,,,
p011,C04,48h,10,15hHB101,DMSO,1,moxidectin,0.0039,,,VX34,2,,,
p011,D04,48h,10,15hHB101,DMSO,1,moxidectin,0.0039,,,PB420,2,,,
p011,E04,48h,10,15hHB101,DMSO,1,moxidectin,0.0039,,,NIC1667,2,,,
p011,F04,48h,10,15hHB101,DMSO,1,moxidectin,0.0039,,,ED3102,2,,,
p011,A05,48h,10,15hHB101,DMSO,1,moxidectin,0.0078,,,ECA2666,2,,,
p011,B05,48h,10,15hHB101,DMSO,1,moxidectin,0.0078,,,JU3237,2,,,
p011,C05,48h,10,15hHB101,DMSO,1,moxidectin,0.0078,,,VX34,2,,,
p011,D05,48h,10,15hHB101,DMSO,1,moxidectin,0.0078,,,PB420,2,,,
p011,E05,48h,10,15hHB101,DMSO,1,moxidectin,0.0078,,,NIC1667,2,,,
p011,F05,48h,10,15hHB101,DMSO,1,moxidectin,0.0078,,,ED3102,2,,,
p011,A06,48h,10,15hHB101,DMSO,1,moxidectin,0.0156,,,ECA2666,2,,,
p011,B06,48h,10,15hHB101,DMSO,1,moxidectin,0.0156,,,JU3237,2,,,
p011,C06,48h,10,15hHB101,DMSO,1,moxidectin,0.0156,,,VX34,2,,,
p011,D06,48h,10,15hHB101,DMSO,1,moxidectin,0.0156,,,PB420,2,,,
p011,E06,48h,10,15hHB101,DMSO,1,moxidectin,0.0156,,,NIC1667,2,,,
p011,F06,48h,10,15hHB101,DMSO,1,moxidectin,0.0156,,,ED3102,2,,,
p011,A07,48h,10,15hHB101,DMSO,1,moxidectin,0.03125,,,ECA2666,2,,,
p011,B07,48h,10,15hHB101,DMSO,1,moxidectin,0.03125,,,JU3237,2,,,
p011,C07,48h,10,15hHB101,DMSO,1,moxidectin,0.03125,,,VX34,2,,,
p011,D07,48h,10,15hHB101,DMSO,1,moxidectin,0.03125,,,PB420,2,,,
p011,E07,48h,10,15hHB101,DMSO,1,moxidectin,0.03125,,,NIC1667,2,,,
p011,F07,48h,10,15hHB101,DMSO,1,moxidectin,0.03125,,,ED3102,2,,,
p011,A08,48h,10,15hHB101,DMSO,1,moxidectin,0.0625,,,ECA2666,2,,,
p011,B08,48h,10,15hHB101,DMSO,1,moxidectin,0.0625,,,JU3237,2,,,
p011,C08,48h,10,15hHB101,DMSO,1,moxidectin,0.0625,,,VX34,2,,,
p011,D08,48h,10,15hHB101,DMSO,1,moxidectin,0.0625,,,PB420,2,,,
p011,E08,48h,10,15hHB101,DMSO,1,moxidectin,0.0625,,,NIC1667,2,,,
p011,F08,48h,10,15hHB101,DMSO,1,moxidectin,0.0625,,,ED3102,2,,,
p011,A09,48h,10,15hHB101,DMSO,1,moxidectin,0.125,,,ECA2666,2,,,
p011,B09,48h,10,15hHB101,DMSO,1,moxidectin,0.125,,,JU3237,2,,,
p011,C09,48h,10,15hHB101,DMSO,1,moxidectin,0.125,,,VX34,2,,,
p011,D09,48h,10,15hHB101,DMSO,1,moxidectin,0.125,,,PB420,2,,,
p011,E09,48h,10,15hHB101,DMSO,1,moxidectin,0.125,,,NIC1667,2,,,
p011,F09,48h,10,15hHB101,DMSO,1,moxidectin,0.125,,,ED3102,2,,,
p011,A10,48h,10,15hHB101,DMSO,1,moxidectin,0.25,,,ECA2666,2,,,
p011,B10,48h,10,15hHB101,DMSO,1,moxidectin,0.25,,,JU3237,2,,,
p011,C10,48h,10,15hHB101,DMSO,1,moxidectin,0.25,,,VX34,2,,,
p011,D10,48h,10,15hHB101,DMSO,1,moxidectin,0.25,,,PB420,2,,,
p011,E10,48h,10,15hHB101,DMSO,1,moxidectin,0.25,,,NIC1667,2,,,
p011,F10,48h,10,15hHB101,DMSO,1,moxidectin,0.25,,,ED3102,2,,,
p011,A11,48h,10,15hHB101,DMSO,1,moxidectin,0.5,,,ECA2666,2,,,
p011,B11,48h,10,15hHB101,DMSO,1,moxidectin,0.5,,,JU3237,2,,,
p011,C11,48h,10,15hHB101,DMSO,1,moxidectin,0.5,,,VX34,2,,,
p011,D11,48h,10,15hHB101,DMSO,1,moxidectin,0.5,,,PB420,2,,,
p011,E11,48h,10,15hHB101,DMSO,1,moxidectin,0.5,,,NIC1667,2,,,
p011,F11,48h,10,15hHB101,DMSO,1,moxidectin,0.5,,,ED3102,2,,,
p011,A12,48h,10,15hHB101,DMSO,1,moxidectin,1,,,ECA2666,2,,,
p011,B12,48h,10,15hHB101,DMSO,1,moxidectin,1,,,JU3237,2,,,
p011,C12,48h,10,15hHB101,DMSO,1,moxidectin,1,,,VX34,2,,,
p011,D12,48h,10,15hHB101,DMSO,1,moxidectin,1,,,PB420,2,,,
p011,E12,48h,10,15hHB101,DMSO,1,moxidectin,1,,,NIC1667,2,,,
p011,F12,48h,10,15hHB101,DMSO,1,moxidectin,1,,,ED3102,2,,,
p012,A01,48h,10,15hHB101,DMSO,1,moxidectin,0,,,ECA2666,2,,,
p012,B01,48h,10,15hHB101,DMSO,1,moxidectin,0,,,JU3237,2,,,
p012,C01,48h,10,15hHB101,DMSO,1,moxidectin,0,,,VX34,2,,,
p012,D01,48h,10,15hHB101,DMSO,1,moxidectin,0,,,PB420,2,,,
p012,E01,48h,10,15hHB101,DMSO,1,moxidectin,0,,,NIC1667,2,,,
p012,F01,48h,10,15hHB101,DMSO,1,moxidectin,0,,,ED3102,2,,,
p012,A02,48h,10,15hHB101,DMSO,1,moxidectin,0.00097,,,ECA2666,2,,,
p012,B02,48h,10,15hHB101,DMSO,1,moxidectin,0.00097,,,JU3237,2,,,
p012,C02,48h,10,15hHB101,DMSO,1,moxidectin,0.00097,,,VX34,2,,,
p012,D02,48h,10,15hHB101,DMSO,1,moxidectin,0.00097,,,PB420,2,,,
p012,E02,48h,10,15hHB101,DMSO,1,moxidectin,0.00097,,,NIC1667,2,,,
p012,F02,48h,10,15hHB101,DMSO,1,moxidectin,0.00097,,,ED3102,2,,,
p012,A03,48h,10,15hHB101,DMSO,1,moxidectin,0.0019,,,ECA2666,2,,,
p012,B03,48h,10,15hHB101,DMSO,1,moxidectin,0.0019,,,JU3237,2,,,
p012,C03,48h,10,15hHB101,DMSO,1,moxidectin,0.0019,,,VX34,2,,,
p012,D03,48h,10,15hHB101,DMSO,1,moxidectin,0.0019,,,PB420,2,,,
p012,E03,48h,10,15hHB101,DMSO,1,moxidectin,0.0019,,,NIC1667,2,,,
p012,F03,48h,10,15hHB101,DMSO,1,moxidectin,0.0019,,,ED3102,2,,,
p012,A04,48h,10,15hHB101,DMSO,1,moxidectin,0.0039,,,ECA2666,2,,,
p012,B04,48h,10,15hHB101,DMSO,1,moxidectin,0.0039,,,JU3237,2,,,
p012,C04,48h,10,15hHB101,DMSO,1,moxidectin,0.0039,,,VX34,2,,,
p012,D04,48h,10,15hHB101,DMSO,1,moxidectin,0.0039,,,PB420,2,,,
p012,E04,48h,10,15hHB101,DMSO,1,moxidectin,0.0039,,,NIC1667,2,,,
p012,F04,48h,10,15hHB101,DMSO,1,moxidectin,0.0039,,,ED3102,2,,,
p012,A05,48h,10,15hHB101,DMSO,1,moxidectin,0.0078,,,ECA2666,2,,,
p012,B05,48h,10,15hHB101,DMSO,1,moxidectin,0.0078,,,JU3237,2,,,
p012,C05,48h,10,15hHB101,DMSO,1,moxidectin,0.0078,,,VX34,2,,,
p012,D05,48h,10,15hHB101,DMSO,1,moxidectin,0.0078,,,PB420,2,,,
p012,E05,48h,10,15hHB101,DMSO,1,moxidectin,0.0078,,,NIC1667,2,,,
p012,F05,48h,10,15hHB101,DMSO,1,moxidectin,0.0078,,,ED3102,2,,,
p012,A06,48h,10,15hHB101,DMSO,1,moxidectin,0.0156,,,ECA2666,2,,,
p012,B06,48h,10,15hHB101,DMSO,1,moxidectin,0.0156,,,JU3237,2,,,
p012,C06,48h,10,15hHB101,DMSO,1,moxidectin,0.0156,,,VX34,2,,,
p012,D06,48h,10,15hHB101,DMSO,1,moxidectin,0.0156,,,PB420,2,,,
p012,E06,48h,10,15hHB101,DMSO,1,moxidectin,0.0156,,,NIC1667,2,,,
p012,F06,48h,10,15hHB101,DMSO,1,moxidectin,0.0156,,,ED3102,2,,,
p012,A07,48h,10,15hHB101,DMSO,1,moxidectin,0.03125,,,ECA2666,2,,,
p012,B07,48h,10,15hHB101,DMSO,1,moxidectin,0.03125,,,JU3237,2,,,
p012,C07,48h,10,15hHB101,DMSO,1,moxidectin,0.03125,,,VX34,2,,,
p012,D07,48h,10,15hHB101,DMSO,1,moxidectin,0.03125,,,PB420,2,,,
p012,E07,48h,10,15hHB101,DMSO,1,moxidectin,0.03125,,,NIC1667,2,,,
p012,F07,48h,10,15hHB101,DMSO,1,moxidectin,0.03125,,,ED3102,2,,,
p012,A08,48h,10,15hHB101,DMSO,1,moxidectin,0.0625,,,ECA2666,2,,,
p012,B08,48h,10,15hHB101,DMSO,1,moxidectin,0.0625,,,JU3237,2,,,
p012,C08,48h,10,15hHB101,DMSO,1,moxidectin,0.0625,,,VX34,2,,,
p012,D08,48h,10,15hHB101,DMSO,1,moxidectin,0.0625,,,PB420,2,,,
p012,E08,48h,10,15hHB101,DMSO,1,moxidectin,0.0625,,,NIC1667,2,,,
p012,F08,48h,10,15hHB101,DMSO,1,moxidectin,0.0625,,,ED3102,2,,,
p012,A09,48h,10,15hHB101,DMSO,1,moxidectin,0.125,,,ECA2666,2,,,
p012,B09,48h,10,15hHB101,DMSO,1,moxidectin,0.125,,,JU3237,2,,,
p012,C09,48h,10,15hHB101,DMSO,1,moxidectin,0.125,,,VX34,2,,,
p012,D09,48h,10,15hHB101,DMSO,1,moxidectin,0.125,,,PB420,2,,,
p012,E09,48h,10,15hHB101,DMSO,1,moxidectin,0.125,,,NIC1667,2,,,
p012,F09,48h,10,15hHB101,DMSO,1,moxidectin,0.125,,,ED3102,2,,,
p012,A10,48h,10,15hHB101,DMSO,1,moxidectin,0.25,,,ECA2666,2,,,
p012,B10,48h,10,15hHB101,DMSO,1,moxidectin,0.25,,,JU3237,2,,,
p012,C10,48h,10,15hHB101,DMSO,1,moxidectin,0.25,,,VX34,2,,,
p012,D10,48h,10,15hHB101,DMSO,1,moxidectin,0.25,,,PB420,2,,,
p012,E10,48h,10,15hHB101,DMSO,1,moxidectin,0.25,,,NIC1667,2,,,
p012,F10,48h,10,15hHB101,DMSO,1,moxidectin,0.25,,,ED3102,2,,,
p012,A11,48h,10,15hHB101,DMSO,1,moxidectin,0.5,,,ECA2666,2,,,
p012,B11,48h,10,15hHB101,DMSO,1,moxidectin,0.5,,,JU3237,2,,,
p012,C11,48h,10,15hHB101,DMSO,1,moxidectin,0.5,,,VX34,2,,,
p012,D11,48h,10,15hHB101,DMSO,1,moxidectin,0.5,,,PB420,2,,,
p012,E11,48h,10,15hHB101,DMSO,1,moxidectin,0.5,,,NIC1667,2,,,
p012,F11,48h,10,15hHB101,DMSO,1,moxidectin,0.5,,,ED3102,2,,,
p012,A12,48h,10,15hHB101,DMSO,1,moxidectin,1,,,ECA2666,2,,,
p012,B12,48h,10,15hHB101,DMSO,1,moxidectin,1,,,JU3237,2,,,
p012,C12,48h,10,15hHB101,DMSO,1,moxidectin,1,,,VX34,2,,,
p012,D12,48h,10,15hHB101,DMSO,1,moxidectin,1,,,PB420,2,,,
p012,E12,48h,10,15hHB101,DMSO,1,moxidectin,1,,,NIC1667,2,,,
p012,F12,48h,10,15hHB101,DMSO,1,moxidectin,1,,,ED3102,2,,,
p013,A01,48h,10,15hHB101,DMSO,1,moxidectin,0,,,ED3102,3,,,
p013,B01,48h,10,15hHB101,DMSO,1,moxidectin,0,,,NIC1667,3,,,
p013,C01,48h,10,15hHB101,DMSO,1,moxidectin,0,,,ECA2666,3,,,
p013,D01,48h,10,15hHB101,DMSO,1,moxidectin,0,,,VX34,3,,,
p013,E01,48h,10,15hHB101,DMSO,1,moxidectin,0,,,JU3237,3,,,
p013,F01,48h,10,15hHB101,DMSO,1,moxidectin,0,,,PB420,3,,,
p013,A02,48h,10,15hHB101,DMSO,1,moxidectin,0.00097,,,ED3102,3,,,
p013,B02,48h,10,15hHB101,DMSO,1,moxidectin,0.00097,,,NIC1667,3,,,
p013,C02,48h,10,15hHB101,DMSO,1,moxidectin,0.00097,,,ECA2666,3,,,
p013,D02,48h,10,15hHB101,DMSO,1,moxidectin,0.00097,,,VX34,3,,,
p013,E02,48h,10,15hHB101,DMSO,1,moxidectin,0.00097,,,JU3237,3,,,
p013,F02,48h,10,15hHB101,DMSO,1,moxidectin,0.00097,,,PB420,3,,,
p013,A03,48h,10,15hHB101,DMSO,1,moxidectin,0.0019,,,ED3102,3,,,
p013,B03,48h,10,15hHB101,DMSO,1,moxidectin,0.0019,,,NIC1667,3,,,
p013,C03,48h,10,15hHB101,DMSO,1,moxidectin,0.0019,,,ECA2666,3,,,
p013,D03,48h,10,15hHB101,DMSO,1,moxidectin,0.0019,,,VX34,3,,,
p013,E03,48h,10,15hHB101,DMSO,1,moxidectin,0.0019,,,JU3237,3,,,
p013,F03,48h,10,15hHB101,DMSO,1,moxidectin,0.0019,,,PB420,3,,,
p013,A04,48h,10,15hHB101,DMSO,1,moxidectin,0.0039,,,ED3102,3,,,
p013,B04,48h,10,15hHB101,DMSO,1,moxidectin,0.0039,,,NIC1667,3,,,
p013,C04,48h,10,15hHB101,DMSO,1,moxidectin,0.0039,,,ECA2666,3,,,
p013,D04,48h,10,15hHB101,DMSO,1,moxidectin,0.0039,,,VX34,3,,,
p013,E04,48h,10,15hHB101,DMSO,1,moxidectin,0.0039,,,JU3237,3,,,
p013,F04,48h,10,15hHB101,DMSO,1,moxidectin,0.0039,,,PB420,3,,,
p013,A05,48h,10,15hHB101,DMSO,1,moxidectin,0.0078,,,ED3102,3,,,
p013,B05,48h,10,15hHB101,DMSO,1,moxidectin,0.0078,,,NIC1667,3,,,
p013,C05,48h,10,15hHB101,DMSO,1,moxidectin,0.0078,,,ECA2666,3,,,
p013,D05,48h,10,15hHB101,DMSO,1,moxidectin,0.0078,,,VX34,3,,,
p013,E05,48h,10,15hHB101,DMSO,1,moxidectin,0.0078,,,JU3237,3,,,
p013,F05,48h,10,15hHB101,DMSO,1,moxidectin,0.0078,,,PB420,3,,,
p013,A06,48h,10,15hHB101,DMSO,1,moxidectin,0.0156,,,ED3102,3,,,
p013,B06,48h,10,15hHB101,DMSO,1,moxidectin,0.0156,,,NIC1667,3,,,
p013,C06,48h,10,15hHB101,DMSO,1,moxidectin,0.0156,,,ECA2666,3,,,
p013,D06,48h,10,15hHB101,DMSO,1,moxidectin,0.0156,,,VX34,3,,,
p013,E06,48h,10,15hHB101,DMSO,1,moxidectin,0.0156,,,JU3237,3,,,
p013,F06,48h,10,15hHB101,DMSO,1,moxidectin,0.0156,,,PB420,3,,,
p013,A07,48h,10,15hHB101,DMSO,1,moxidectin,0.03125,,,ED3102,3,,,
p013,B07,48h,10,15hHB101,DMSO,1,moxidectin,0.03125,,,NIC1667,3,,,
p013,C07,48h,10,15hHB101,DMSO,1,moxidectin,0.03125,,,ECA2666,3,,,
p013,D07,48h,10,15hHB101,DMSO,1,moxidectin,0.03125,,,VX34,3,,,
p013,E07,48h,10,15hHB101,DMSO,1,moxidectin,0.03125,,,JU3237,3,,,
p013,F07,48h,10,15hHB101,DMSO,1,moxidectin,0.03125,,,PB420,3,,,
p013,A08,48h,10,15hHB101,DMSO,1,moxidectin,0.0625,,,ED3102,3,,,
p013,B08,48h,10,15hHB101,DMSO,1,moxidectin,0.0625,,,NIC1667,3,,,
p013,C08,48h,10,15hHB101,DMSO,1,moxidectin,0.0625,,,ECA2666,3,,,
p013,D08,48h,10,15hHB101,DMSO,1,moxidectin,0.0625,,,VX34,3,,,
p013,E08,48h,10,15hHB101,DMSO,1,moxidectin,0.0625,,,JU3237,3,,,
p013,F08,48h,10,15hHB101,DMSO,1,moxidectin,0.0625,,,PB420,3,,,
p013,A09,48h,10,15hHB101,DMSO,1,moxidectin,0.125,,,ED3102,3,,,
p013,B09,48h,10,15hHB101,DMSO,1,moxidectin,0.125,,,NIC1667,3,,,
p013,C09,48h,10,15hHB101,DMSO,1,moxidectin,0.125,,,ECA2666,3,,,
p013,D09,48h,10,15hHB101,DMSO,1,moxidectin,0.125,,,VX34,3,,,
p013,E09,48h,10,15hHB101,DMSO,1,moxidectin,0.125,,,JU3237,3,,,
p013,F09,48h,10,15hHB101,DMSO,1,moxidectin,0.125,,,PB420,3,,,
p013,A10,48h,10,15hHB101,DMSO,1,moxidectin,0.25,,,ED3102,3,,,
p013,B10,48h,10,15hHB101,DMSO,1,moxidectin,0.25,,,NIC1667,3,,,
p013,C10,48h,10,15hHB101,DMSO,1,moxidectin,0.25,,,ECA2666,3,,,
p013,D10,48h,10,15hHB101,DMSO,1,moxidectin,0.25,,,VX34,3,,,
p013,E10,48h,10,15hHB101,DMSO,1,moxidectin,0.25,,,JU3237,3,,,
p013,F10,48h,10,15hHB101,DMSO,1,moxidectin,0.25,,,PB420,3,,,
p013,A11,48h,10,15hHB101,DMSO,1,moxidectin,0.5,,,ED3102,3,,,
p013,B11,48h,10,15hHB101,DMSO,1,moxidectin,0.5,,,NIC1667,3,,,
p013,C11,48h,10,15hHB101,DMSO,1,moxidectin,0.5,,,ECA2666,3,,,
p013,D11,48h,10,15hHB101,DMSO,1,moxidectin,0.5,,,VX34,3,,,
p013,E11,48h,10,15hHB101,DMSO,1,moxidectin,0.5,,,JU3237,3,,,
p013,F11,48h,10,15hHB101,DMSO,1,moxidectin,0.5,,,PB420,3,,,
p013,A12,48h,10,15hHB101,DMSO,1,moxidectin,1,,,ED3102,3,,,
p013,B12,48h,10,15hHB101,DMSO,1,moxidectin,1,,,NIC1667,3,,,
p013,C12,48h,10,15hHB101,DMSO,1,moxidectin,1,,,ECA2666,3,,,
p013,D12,48h,10,15hHB101,DMSO,1,moxidectin,1,,,VX34,3,,,
p013,E12,48h,10,15hHB101,DMSO,1,moxidectin,1,,,JU3237,3,,,
p013,F12,48h,10,15hHB101,DMSO,1,moxidectin,1,,,PB420,3,,,
p014,A01,48h,10,15hHB101,DMSO,1,moxidectin,0,,,ED3102,3,,,
p014,B01,48h,10,15hHB101,DMSO,1,moxidectin,0,,,NIC1667,3,,,
p014,C01,48h,10,15hHB101,DMSO,1,moxidectin,0,,,ECA2666,3,,,
p014,D01,48h,10,15hHB101,DMSO,1,moxidectin,0,,,VX34,3,,,
p014,E01,48h,10,15hHB101,DMSO,1,moxidectin,0,,,JU3237,3,,,
p014,F01,48h,10,15hHB101,DMSO,1,moxidectin,0,,,PB420,3,,,
p014,A02,48h,10,15hHB101,DMSO,1,moxidectin,0.00097,,,ED3102,3,,,
p014,B02,48h,10,15hHB101,DMSO,1,moxidectin,0.00097,,,NIC1667,3,,,
p014,C02,48h,10,15hHB101,DMSO,1,moxidectin,0.00097,,,ECA2666,3,,,
p014,D02,48h,10,15hHB101,DMSO,1,moxidectin,0.00097,,,VX34,3,,,
p014,E02,48h,10,15hHB101,DMSO,1,moxidectin,0.00097,,,JU3237,3,,,
p014,F02,48h,10,15hHB101,DMSO,1,moxidectin,0.00097,,,PB420,3,,,
p014,A03,48h,10,15hHB101,DMSO,1,moxidectin,0.0019,,,ED3102,3,,,
p014,B03,48h,10,15hHB101,DMSO,1,moxidectin,0.0019,,,NIC1667,3,,,
p014,C03,48h,10,15hHB101,DMSO,1,moxidectin,0.0019,,,ECA2666,3,,,
p014,D03,48h,10,15hHB101,DMSO,1,moxidectin,0.0019,,,VX34,3,,,
p014,E03,48h,10,15hHB101,DMSO,1,moxidectin,0.0019,,,JU3237,3,,,
p014,F03,48h,10,15hHB101,DMSO,1,moxidectin,0.0019,,,PB420,3,,,
p014,A04,48h,10,15hHB101,DMSO,1,moxidectin,0.0039,,,ED3102,3,,,
p014,B04,48h,10,15hHB101,DMSO,1,moxidectin,0.0039,,,NIC1667,3,,,
p014,C04,48h,10,15hHB101,DMSO,1,moxidectin,0.0039,,,ECA2666,3,,,
p014,D04,48h,10,15hHB101,DMSO,1,moxidectin,0.0039,,,VX34,3,,,
p014,E04,48h,10,15hHB101,DMSO,1,moxidectin,0.0039,,,JU3237,3,,,
p014,F04,48h,10,15hHB101,DMSO,1,moxidectin,0.0039,,,PB420,3,,,
p014,A05,48h,10,15hHB101,DMSO,1,moxidectin,0.0078,,,ED3102,3,,,
p014,B05,48h,10,15hHB101,DMSO,1,moxidectin,0.0078,,,NIC1667,3,,,
p014,C05,48h,10,15hHB101,DMSO,1,moxidectin,0.0078,,,ECA2666,3,,,
p014,D05,48h,10,15hHB101,DMSO,1,moxidectin,0.0078,,,VX34,3,,,
p014,E05,48h,10,15hHB101,DMSO,1,moxidectin,0.0078,,,JU3237,3,,,
p014,F05,48h,10,15hHB101,DMSO,1,moxidectin,0.0078,,,PB420,3,,,
p014,A06,48h,10,15hHB101,DMSO,1,moxidectin,0.0156,,,ED3102,3,,,
p014,B06,48h,10,15hHB101,DMSO,1,moxidectin,0.0156,,,NIC1667,3,,,
p014,C06,48h,10,15hHB101,DMSO,1,moxidectin,0.0156,,,ECA2666,3,,,
p014,D06,48h,10,15hHB101,DMSO,1,moxidectin,0.0156,,,VX34,3,,,
p014,E06,48h,10,15hHB101,DMSO,1,moxidectin,0.0156,,,JU3237,3,,,
p014,F06,48h,10,15hHB101,DMSO,1,moxidectin,0.0156,,,PB420,3,,,
p014,A07,48h,10,15hHB101,DMSO,1,moxidectin,0.03125,,,ED3102,3,,,
p014,B07,48h,10,15hHB101,DMSO,1,moxidectin,0.03125,,,NIC1667,3,,,
p014,C07,48h,10,15hHB101,DMSO,1,moxidectin,0.03125,,,ECA2666,3,,,
p014,D07,48h,10,15hHB101,DMSO,1,moxidectin,0.03125,,,VX34,3,,,
p014,E07,48h,10,15hHB101,DMSO,1,moxidectin,0.03125,,,JU3237,3,,,
p014,F07,48h,10,15hHB101,DMSO,1,moxidectin,0.03125,,,PB420,3,,,
p014,A08,48h,10,15hHB101,DMSO,1,moxidectin,0.0625,,,ED3102,3,,,
p014,B08,48h,10,15hHB101,DMSO,1,moxidectin,0.0625,,,NIC1667,3,,,
p014,C08,48h,10,15hHB101,DMSO,1,moxidectin,0.0625,,,ECA2666,3,,,
p014,D08,48h,10,15hHB101,DMSO,1,moxidectin,0.0625,,,VX34,3,,,
p014,E08,48h,10,15hHB101,DMSO,1,moxidectin,0.0625,,,JU3237,3,,,
p014,F08,48h,10,15hHB101,DMSO,1,moxidectin,0.0625,,,PB420,3,,,
p014,A09,48h,10,15hHB101,DMSO,1,moxidectin,0.125,,,ED3102,3,,,
p014,B09,48h,10,15hHB101,DMSO,1,moxidectin,0.125,,,NIC1667,3,,,
p014,C09,48h,10,15hHB101,DMSO,1,moxidectin,0.125,,,ECA2666,3,,,
p014,D09,48h,10,15hHB101,DMSO,1,moxidectin,0.125,,,VX34,3,,,
p014,E09,48h,10,15hHB101,DMSO,1,moxidectin,0.125,,,JU3237,3,,,
p014,F09,48h,10,15hHB101,DMSO,1,moxidectin,0.125,,,PB420,3,,,
p014,A10,48h,10,15hHB101,DMSO,1,moxidectin,0.25,,,ED3102,3,,,
p014,B10,48h,10,15hHB101,DMSO,1,moxidectin,0.25,,,NIC1667,3,,,
p014,C10,48h,10,15hHB101,DMSO,1,moxidectin,0.25,,,ECA2666,3,,,
p014,D10,48h,10,15hHB101,DMSO,1,moxidectin,0.25,,,VX34,3,,,
p014,E10,48h,10,15hHB101,DMSO,1,moxidectin,0.25,,,JU3237,3,,,
p014,F10,48h,10,15hHB101,DMSO,1,moxidectin,0.25,,,PB420,3,,,
p014,A11,48h,10,15hHB101,DMSO,1,moxidectin,0.5,,,ED3102,3,,,
p014,B11,48h,10,15hHB101,DMSO,1,moxidectin,0.5,,,NIC1667,3,,,
p014,C11,48h,10,15hHB101,DMSO,1,moxidectin,0.5,,,ECA2666,3,,,
p014,D11,48h,10,15hHB101,DMSO,1,moxidectin,0.5,,,VX34,3,,,
p014,E11,48h,10,15hHB101,DMSO,1,moxidectin,0.5,,,JU3237,3,,,
p014,F11,48h,10,15hHB101,DMSO,1,moxidectin,0.5,,,PB420,3,,,
p014,A12,48h,10,15hHB101,DMSO,1,moxidectin,1,,,ED3102,3,,,
p014,B12,48h,10,15hHB101,DMSO,1,moxidectin,1,,,NIC1667,3,,,
p014,C12,48h,10,15hHB101,DMSO,1,moxidectin,1,,,ECA2666,3,,,
p014,D12,48h,10,15hHB101,DMSO,1,moxidectin,1,,,VX34,3,,,
p014,E12,48h,10,15hHB101,DMSO,1,moxidectin,1,,,JU3237,3,,,
p014,F12,48h,10,15hHB101,DMSO,1,moxidectin,1,,,PB420,3,,,
p015,A01,48h,10,15hHB101,DMSO,1,moxidectin,0,,,ED3102,3,,,
p015,B01,48h,10,15hHB101,DMSO,1,moxidectin,0,,,NIC1667,3,,,
p015,C01,48h,10,15hHB101,DMSO,1,moxidectin,0,,,ECA2666,3,,,
p015,D01,48h,10,15hHB101,DMSO,1,moxidectin,0,,,VX34,3,,,
p015,E01,48h,10,15hHB101,DMSO,1,moxidectin,0,,,JU3237,3,,,
p015,F01,48h,10,15hHB101,DMSO,1,moxidectin,0,,,PB420,3,,,
p015,A02,48h,10,15hHB101,DMSO,1,moxidectin,0.00097,,,ED3102,3,,,
p015,B02,48h,10,15hHB101,DMSO,1,moxidectin,0.00097,,,NIC1667,3,,,
p015,C02,48h,10,15hHB101,DMSO,1,moxidectin,0.00097,,,ECA2666,3,,,
p015,D02,48h,10,15hHB101,DMSO,1,moxidectin,0.00097,,,VX34,3,,,
p015,E02,48h,10,15hHB101,DMSO,1,moxidectin,0.00097,,,JU3237,3,,,
p015,F02,48h,10,15hHB101,DMSO,1,moxidectin,0.00097,,,PB420,3,,,
p015,A03,48h,10,15hHB101,DMSO,1,moxidectin,0.0019,,,ED3102,3,,,
p015,B03,48h,10,15hHB101,DMSO,1,moxidectin,0.0019,,,NIC1667,3,,,
p015,C03,48h,10,15hHB101,DMSO,1,moxidectin,0.0019,,,ECA2666,3,,,
p015,D03,48h,10,15hHB101,DMSO,1,moxidectin,0.0019,,,VX34,3,,,
p015,E03,48h,10,15hHB101,DMSO,1,moxidectin,0.0019,,,JU3237,3,,,
p015,F03,48h,10,15hHB101,DMSO,1,moxidectin,0.0019,,,PB420,3,,,
p015,A04,48h,10,15hHB101,DMSO,1,moxidectin,0.0039,,,ED3102,3,,,
p015,B04,48h,10,15hHB101,DMSO,1,moxidectin,0.0039,,,NIC1667,3,,,
p015,C04,48h,10,15hHB101,DMSO,1,moxidectin,0.0039,,,ECA2666,3,,,
p015,D04,48h,10,15hHB101,DMSO,1,moxidectin,0.0039,,,VX34,3,,,
p015,E04,48h,10,15hHB101,DMSO,1,moxidectin,0.0039,,,JU3237,3,,,
p015,F04,48h,10,15hHB101,DMSO,1,moxidectin,0.0039,,,PB420,3,,,
p015,A05,48h,10,15hHB101,DMSO,1,moxidectin,0.0078,,,ED3102,3,,,
p015,B05,48h,10,15hHB101,DMSO,1,moxidectin,0.0078,,,NIC1667,3,,,
p015,C05,48h,10,15hHB101,DMSO,1,moxidectin,0.0078,,,ECA2666,3,,,
p015,D05,48h,10,15hHB101,DMSO,1,moxidectin,0.0078,,,VX34,3,,,
p015,E05,48h,10,15hHB101,DMSO,1,moxidectin,0.0078,,,JU3237,3,,,
p015,F05,48h,10,15hHB101,DMSO,1,moxidectin,0.0078,,,PB420,3,,,
p015,A06,48h,10,15hHB101,DMSO,1,moxidectin,0.0156,,,ED3102,3,,,
p015,B06,48h,10,15hHB101,DMSO,1,moxidectin,0.0156,,,NIC1667,3,,,
p015,C06,48h,10,15hHB101,DMSO,1,moxidectin,0.0156,,,ECA2666,3,,,
p015,D06,48h,10,15hHB101,DMSO,1,moxidectin,0.0156,,,VX34,3,,,
p015,E06,48h,10,15hHB101,DMSO,1,moxidectin,0.0156,,,JU3237,3,,,
p015,F06,48h,10,15hHB101,DMSO,1,moxidectin,0.0156,,,PB420,3,,,
p015,A07,48h,10,15hHB101,DMSO,1,moxidectin,0.03125,,,ED3102,3,,,
p015,B07,48h,10,15hHB101,DMSO,1,moxidectin,0.03125,,,NIC1667,3,,,
p015,C07,48h,10,15hHB101,DMSO,1,moxidectin,0.03125,,,ECA2666,3,,,
p015,D07,48h,10,15hHB101,DMSO,1,moxidectin,0.03125,,,VX34,3,,,
p015,E07,48h,10,15hHB101,DMSO,1,moxidectin,0.03125,,,JU3237,3,,,
p015,F07,48h,10,15hHB101,DMSO,1,moxidectin,0.03125,,,PB420,3,,,
p015,A08,48h,10,15hHB101,DMSO,1,moxidectin,0.0625,,,ED3102,3,,,
p015,B08,48h,10,15hHB101,DMSO,1,moxidectin,0.0625,,,NIC1667,3,,,
p015,C08,48h,10,15hHB101,DMSO,1,moxidectin,0.0625,,,ECA2666,3,,,
p015,D08,48h,10,15hHB101,DMSO,1,moxidectin,0.0625,,,VX34,3,,,
p015,E08,48h,10,15hHB101,DMSO,1,moxidectin,0.0625,,,JU3237,3,,,
p015,F08,48h,10,15hHB101,DMSO,1,moxidectin,0.0625,,,PB420,3,,,
p015,A09,48h,10,15hHB101,DMSO,1,moxidectin,0.125,,,ED3102,3,,,
p015,B09,48h,10,15hHB101,DMSO,1,moxidectin,0.125,,,NIC1667,3,,,
p015,C09,48h,10,15hHB101,DMSO,1,moxidectin,0.125,,,ECA2666,3,,,
p015,D09,48h,10,15hHB101,DMSO,1,moxidectin,0.125,,,VX34,3,,,
p015,E09,48h,10,15hHB101,DMSO,1,moxidectin,0.125,,,JU3237,3,,,
p015,F09,48h,10,15hHB101,DMSO,1,moxidectin,0.125,,,PB420,3,,,
p015,A10,48h,10,15hHB101,DMSO,1,moxidectin,0.25,,,ED3102,3,,,
p015,B10,48h,10,15hHB101,DMSO,1,moxidectin,0.25,,,NIC1667,3,,,
p015,C10,48h,10,15hHB101,DMSO,1,moxidectin,0.25,,,ECA2666,3,,,
p015,D10,48h,10,15hHB101,DMSO,1,moxidectin,0.25,,,VX34,3,,,
p015,E10,48h,10,15hHB101,DMSO,1,moxidectin,0.25,,,JU3237,3,,,
p015,F10,48h,10,15hHB101,DMSO,1,moxidectin,0.25,,,PB420,3,,,
p015,A11,48h,10,15hHB101,DMSO,1,moxidectin,0.5,,,ED3102,3,,,
p015,B11,48h,10,15hHB101,DMSO,1,moxidectin,0.5,,,NIC1667,3,,,
p015,C11,48h,10,15hHB101,DMSO,1,moxidectin,0.5,,,ECA2666,3,,,
p015,D11,48h,10,15hHB101,DMSO,1,moxidectin,0.5,,,VX34,3,,,
p015,E11,48h,10,15hHB101,DMSO,1,moxidectin,0.5,,,JU3237,3,,,
p015,F11,48h,10,15hHB101,DMSO,1,moxidectin,0.5,,,PB420,3,,,
p015,A12,48h,10,15hHB101,DMSO,1,moxidectin,1,,,ED3102,3,,,
p015,B12,48h,10,15hHB101,DMSO,1,moxidectin,1,,,NIC1667,3,,,
p015,C12,48h,10,15hHB101,DMSO,1,moxidectin,1,,,ECA2666,3,,,
p015,D12,48h,10,15hHB101,DMSO,1,moxidectin,1,,,VX34,3,,,
p015,E12,48h,10,15hHB101,DMSO,1,moxidectin,1,,,JU3237,3,,,
p015,F12,48h,10,15hHB101,DMSO,1,moxidectin,1,,,PB420,3,,,
p016,A01,48h,10,15hHB101,DMSO,1,moxidectin,0,,,ED3102,3,,,
p016,B01,48h,10,15hHB101,DMSO,1,moxidectin,0,,,NIC1667,3,,,
p016,C01,48h,10,15hHB101,DMSO,1,moxidectin,0,,,ECA2666,3,,,
p016,D01,48h,10,15hHB101,DMSO,1,moxidectin,0,,,VX34,3,,,
p016,E01,48h,10,15hHB101,DMSO,1,moxidectin,0,,,JU3237,3,,,
p016,F01,48h,10,15hHB101,DMSO,1,moxidectin,0,,,PB420,3,,,
p016,A02,48h,10,15hHB101,DMSO,1,moxidectin,0.00097,,,ED3102,3,,,
p016,B02,48h,10,15hHB101,DMSO,1,moxidectin,0.00097,,,NIC1667,3,,,
p016,C02,48h,10,15hHB101,DMSO,1,moxidectin,0.00097,,,ECA2666,3,,,
p016,D02,48h,10,15hHB101,DMSO,1,moxidectin,0.00097,,,VX34,3,,,
p016,E02,48h,10,15hHB101,DMSO,1,moxidectin,0.00097,,,JU3237,3,,,
p016,F02,48h,10,15hHB101,DMSO,1,moxidectin,0.00097,,,PB420,3,,,
p016,A03,48h,10,15hHB101,DMSO,1,moxidectin,0.0019,,,ED3102,3,,,
p016,B03,48h,10,15hHB101,DMSO,1,moxidectin,0.0019,,,NIC1667,3,,,
p016,C03,48h,10,15hHB101,DMSO,1,moxidectin,0.0019,,,ECA2666,3,,,
p016,D03,48h,10,15hHB101,DMSO,1,moxidectin,0.0019,,,VX34,3,,,
p016,E03,48h,10,15hHB101,DMSO,1,moxidectin,0.0019,,,JU3237,3,,,
p016,F03,48h,10,15hHB101,DMSO,1,moxidectin,0.0019,,,PB420,3,,,
p016,A04,48h,10,15hHB101,DMSO,1,moxidectin,0.0039,,,ED3102,3,,,
p016,B04,48h,10,15hHB101,DMSO,1,moxidectin,0.0039,,,NIC1667,3,,,
p016,C04,48h,10,15hHB101,DMSO,1,moxidectin,0.0039,,,ECA2666,3,,,
p016,D04,48h,10,15hHB101,DMSO,1,moxidectin,0.0039,,,VX34,3,,,
p016,E04,48h,10,15hHB101,DMSO,1,moxidectin,0.0039,,,JU3237,3,,,
p016,F04,48h,10,15hHB101,DMSO,1,moxidectin,0.0039,,,PB420,3,,,
p016,A05,48h,10,15hHB101,DMSO,1,moxidectin,0.0078,,,ED3102,3,,,
p016,B05,48h,10,15hHB101,DMSO,1,moxidectin,0.0078,,,NIC1667,3,,,
p016,C05,48h,10,15hHB101,DMSO,1,moxidectin,0.0078,,,ECA2666,3,,,
p016,D05,48h,10,15hHB101,DMSO,1,moxidectin,0.0078,,,VX34,3,,,
p016,E05,48h,10,15hHB101,DMSO,1,moxidectin,0.0078,,,JU3237,3,,,
p016,F05,48h,10,15hHB101,DMSO,1,moxidectin,0.0078,,,PB420,3,,,
p016,A06,48h,10,15hHB101,DMSO,1,moxidectin,0.0156,,,ED3102,3,,,
p016,B06,48h,10,15hHB101,DMSO,1,moxidectin,0.0156,,,NIC1667,3,,,
p016,C06,48h,10,15hHB101,DMSO,1,moxidectin,0.0156,,,ECA2666,3,,,
p016,D06,48h,10,15hHB101,DMSO,1,moxidectin,0.0156,,,VX34,3,,,
p016,E06,48h,10,15hHB101,DMSO,1,moxidectin,0.0156,,,JU3237,3,,,
p016,F06,48h,10,15hHB101,DMSO,1,moxidectin,0.0156,,,PB420,3,,,
p016,A07,48h,10,15hHB101,DMSO,1,moxidectin,0.03125,,,ED3102,3,,,
p016,B07,48h,10,15hHB101,DMSO,1,moxidectin,0.03125,,,NIC1667,3,,,
p016,C07,48h,10,15hHB101,DMSO,1,moxidectin,0.03125,,,ECA2666,3,,,
p016,D07,48h,10,15hHB101,DMSO,1,moxidectin,0.03125,,,VX34,3,,,
p016,E07,48h,10,15hHB101,DMSO,1,moxidectin,0.03125,,,JU3237,3,,,
p016,F07,48h,10,15hHB101,DMSO,1,moxidectin,0.03125,,,PB420,3,,,
p016,A08,48h,10,15hHB101,DMSO,1,moxidectin,0.0625,,,ED3102,3,,,
p016,B08,48h,10,15hHB101,DMSO,1,moxidectin,0.0625,,,NIC1667,3,,,
p016,C08,48h,10,15hHB101,DMSO,1,moxidectin,0.0625,,,ECA2666,3,,,
p016,D08,48h,10,15hHB101,DMSO,1,moxidectin,0.0625,,,VX34,3,,,
p016,E08,48h,10,15hHB101,DMSO,1,moxidectin,0.0625,,,JU3237,3,,,
p016,F08,48h,10,15hHB101,DMSO,1,moxidectin,0.0625,,,PB420,3,,,
p016,A09,48h,10,15hHB101,DMSO,1,moxidectin,0.125,,,ED3102,3,,,
p016,B09,48h,10,15hHB101,DMSO,1,moxidectin,0.125,,,NIC1667,3,,,
p016,C09,48h,10,15hHB101,DMSO,1,moxidectin,0.125,,,ECA2666,3,,,
p016,D09,48h,10,15hHB101,DMSO,1,moxidectin,0.125,,,VX34,3,,,
p016,E09,48h,10,15hHB101,DMSO,1,moxidectin,0.125,,,JU3237,3,,,
p016,F09,48h,10,15hHB101,DMSO,1,moxidectin,0.125,,,PB420,3,,,
p016,A10,48h,10,15hHB101,DMSO,1,moxidectin,0.25,,,ED3102,3,,,
p016,B10,48h,10,15hHB101,DMSO,1,moxidectin,0.25,,,NIC1667,3,,,
p016,C10,48h,10,15hHB101,DMSO,1,moxidectin,0.25,,,ECA2666,3,,,
p016,D10,48h,10,15hHB101,DMSO,1,moxidectin,0.25,,,VX34,3,,,
p016,E10,48h,10,15hHB101,DMSO,1,moxidectin,0.25,,,JU3237,3,,,
p016,F10,48h,10,15hHB101,DMSO,1,moxidectin,0.25,,,PB420,3,,,
p016,A11,48h,10,15hHB101,DMSO,1,moxidectin,0.5,,,ED3102,3,,,
p016,B11,48h,10,15hHB101,DMSO,1,moxidectin,0.5,,,NIC1667,3,,,
p016,C11,48h,10,15hHB101,DMSO,1,moxidectin,0.5,,,ECA2666,3,,,
p016,D11,48h,10,15hHB101,DMSO,1,moxidectin,0.5,,,VX34,3,,,
p016,E11,48h,10,15hHB101,DMSO,1,moxidectin,0.5,,,JU3237,3,,,
p016,F11,48h,10,15hHB101,DMSO,1,moxidectin,0.5,,,PB420,3,,,
p016,A12,48h,10,15hHB101,DMSO,1,moxidectin,1,,,ED3102,3,,,
p016,B12,48h,10,15hHB101,DMSO,1,moxidectin,1,,,NIC1667,3,,,
p016,C12,48h,10,15hHB101,DMSO,1,moxidectin,1,,,ECA2666,3,,,
p016,D12,48h,10,15hHB101,DMSO,1,moxidectin,1,,,VX34,3,,,
p016,E12,48h,10,15hHB101,DMSO,1,moxidectin,1,,,JU3237,3,,,
p016,F12,48h,10,15hHB101,DMSO,1,moxidectin,1,,,PB420,3,,,
p017,A01,48h,10,15hHB101,DMSO,1,moxidectin,0,,,ED3102,3,,,
p017,B01,48h,10,15hHB101,DMSO,1,moxidectin,0,,,NIC1667,3,,,
p017,C01,48h,10,15hHB101,DMSO,1,moxidectin,0,,,ECA2666,3,,,
p017,D01,48h,10,15hHB101,DMSO,1,moxidectin,0,,,VX34,3,,,
p017,E01,48h,10,15hHB101,DMSO,1,moxidectin,0,,,JU3237,3,,,
p017,F01,48h,10,15hHB101,DMSO,1,moxidectin,0,,,PB420,3,,,
p017,A02,48h,10,15hHB101,DMSO,1,moxidectin,0.00097,,,ED3102,3,,,
p017,B02,48h,10,15hHB101,DMSO,1,moxidectin,0.00097,,,NIC1667,3,,,
p017,C02,48h,10,15hHB101,DMSO,1,moxidectin,0.00097,,,ECA2666,3,,,
p017,D02,48h,10,15hHB101,DMSO,1,moxidectin,0.00097,,,VX34,3,,,
p017,E02,48h,10,15hHB101,DMSO,1,moxidectin,0.00097,,,JU3237,3,,,
p017,F02,48h,10,15hHB101,DMSO,1,moxidectin,0.00097,,,PB420,3,,,
p017,A03,48h,10,15hHB101,DMSO,1,moxidectin,0.0019,,,ED3102,3,,,
p017,B03,48h,10,15hHB101,DMSO,1,moxidectin,0.0019,,,NIC1667,3,,,
p017,C03,48h,10,15hHB101,DMSO,1,moxidectin,0.0019,,,ECA2666,3,,,
p017,D03,48h,10,15hHB101,DMSO,1,moxidectin,0.0019,,,VX34,3,,,
p017,E03,48h,10,15hHB101,DMSO,1,moxidectin,0.0019,,,JU3237,3,,,
p017,F03,48h,10,15hHB101,DMSO,1,moxidectin,0.0019,,,PB420,3,,,
p017,A04,48h,10,15hHB101,DMSO,1,moxidectin,0.0039,,,ED3102,3,,,
p017,B04,48h,10,15hHB101,DMSO,1,moxidectin,0.0039,,,NIC1667,3,,,
p017,C04,48h,10,15hHB101,DMSO,1,moxidectin,0.0039,,,ECA2666,3,,,
p017,D04,48h,10,15hHB101,DMSO,1,moxidectin,0.0039,,,VX34,3,,,
p017,E04,48h,10,15hHB101,DMSO,1,moxidectin,0.0039,,,JU3237,3,,,
p017,F04,48h,10,15hHB101,DMSO,1,moxidectin,0.0039,,,PB420,3,,,
p017,A05,48h,10,15hHB101,DMSO,1,moxidectin,0.0078,,,ED3102,3,,,
p017,B05,48h,10,15hHB101,DMSO,1,moxidectin,0.0078,,,NIC1667,3,,,
p017,C05,48h,10,15hHB101,DMSO,1,moxidectin,0.0078,,,ECA2666,3,,,
p017,D05,48h,10,15hHB101,DMSO,1,moxidectin,0.0078,,,VX34,3,,,
p017,E05,48h,10,15hHB101,DMSO,1,moxidectin,0.0078,,,JU3237,3,,,
p017,F05,48h,10,15hHB101,DMSO,1,moxidectin,0.0078,,,PB420,3,,,
p017,A06,48h,10,15hHB101,DMSO,1,moxidectin,0.0156,,,ED3102,3,,,
p017,B06,48h,10,15hHB101,DMSO,1,moxidectin,0.0156,,,NIC1667,3,,,
p017,C06,48h,10,15hHB101,DMSO,1,moxidectin,0.0156,,,ECA2666,3,,,
p017,D06,48h,10,15hHB101,DMSO,1,moxidectin,0.0156,,,VX34,3,,,
p017,E06,48h,10,15hHB101,DMSO,1,moxidectin,0.0156,,,JU3237,3,,,
p017,F06,48h,10,15hHB101,DMSO,1,moxidectin,0.0156,,,PB420,3,,,
p017,A07,48h,10,15hHB101,DMSO,1,moxidectin,0.03125,,,ED3102,3,,,
p017,B07,48h,10,15hHB101,DMSO,1,moxidectin,0.03125,,,NIC1667,3,,,
p017,C07,48h,10,15hHB101,DMSO,1,moxidectin,0.03125,,,ECA2666,3,,,
p017,D07,48h,10,15hHB101,DMSO,1,moxidectin,0.03125,,,VX34,3,,,
p017,E07,48h,10,15hHB101,DMSO,1,moxidectin,0.03125,,,JU3237,3,,,
p017,F07,48h,10,15hHB101,DMSO,1,moxidectin,0.03125,,,PB420,3,,,
p017,A08,48h,10,15hHB101,DMSO,1,moxidectin,0.0625,,,ED3102,3,,,
p017,B08,48h,10,15hHB101,DMSO,1,moxidectin,0.0625,,,NIC1667,3,,,
p017,C08,48h,10,15hHB101,DMSO,1,moxidectin,0.0625,,,ECA2666,3,,,
p017,D08,48h,10,15hHB101,DMSO,1,moxidectin,0.0625,,,VX34,3,,,
p017,E08,48h,10,15hHB101,DMSO,1,moxidectin,0.0625,,,JU3237,3,,,
p017,F08,48h,10,15hHB101,DMSO,1,moxidectin,0.0625,,,PB420,3,,,
p017,A09,48h,10,15hHB101,DMSO,1,moxidectin,0.125,,,ED3102,3,,,
p017,B09,48h,10,15hHB101,DMSO,1,moxidectin,0.125,,,NIC1667,3,,,
p017,C09,48h,10,15hHB101,DMSO,1,moxidectin,0.125,,,ECA2666,3,,,
p017,D09,48h,10,15hHB101,DMSO,1,moxidectin,0.125,,,VX34,3,,,
p017,E09,48h,10,15hHB101,DMSO,1,moxidectin,0.125,,,JU3237,3,,,
p017,F09,48h,10,15hHB101,DMSO,1,moxidectin,0.125,,,PB420,3,,,
p017,A10,48h,10,15hHB101,DMSO,1,moxidectin,0.25,,,ED3102,3,,,
p017,B10,48h,10,15hHB101,DMSO,1,moxidectin,0.25,,,NIC1667,3,,,
p017,C10,48h,10,15hHB101,DMSO,1,moxidectin,0.25,,,ECA2666,3,,,
p017,D10,48h,10,15hHB101,DMSO,1,moxidectin,0.25,,,VX34,3,,,
p017,E10,48h,10,15hHB101,DMSO,1,moxidectin,0.25,,,JU3237,3,,,
p017,F10,48h,10,15hHB101,DMSO,1,moxidectin,0.25,,,PB420,3,,,
p017,A11,48h,10,15hHB101,DMSO,1,moxidectin,0.5,,,ED3102,3,,,
p017,B11,48h,10,15hHB101,DMSO,1,moxidectin,0.5,,,NIC1667,3,,,
p017,C11,48h,10,15hHB101,DMSO,1,moxidectin,0.5,,,ECA2666,3,,,
p017,D11,48h,10,15hHB101,DMSO,1,moxidectin,0.5,,,VX34,3,,,
p017,E11,48h,10,15hHB101,DMSO,1,moxidectin,0.5,,,JU3237,3,,,
p017,F11,48h,10,15hHB101,DMSO,1,moxidectin,0.5,,,PB420,3,,,
p017,A12,48h,10,15hHB101,DMSO,1,moxidectin,1,,,ED3102,3,,,
p017,B12,48h,10,15hHB101,DMSO,1,moxidectin,1,,,NIC1667,3,,,
p017,C12,48h,10,15hHB101,DMSO,1,moxidectin,1,,,ECA2666,3,,,
p017,D12,48h,10,15hHB101,DMSO,1,moxidectin,1,,,VX34,3,,,
p017,E12,48h,10,15hHB101,DMSO,1,moxidectin,1,,,JU3237,3,,,
p017,F12,48h,10,15hHB101,DMSO,1,moxidectin,1,,,PB420,3,,,
p018,A01,48h,10,15hHB101,DMSO,1,moxidectin,0,,,ED3102,3,,,
p018,B01,48h,10,15hHB101,DMSO,1,moxidectin,0,,,NIC1667,3,,,
p018,C01,48h,10,15hHB101,DMSO,1,moxidectin,0,,,ECA2666,3,,,
p018,D01,48h,10,15hHB101,DMSO,1,moxidectin,0,,,VX34,3,,,
p018,E01,48h,10,15hHB101,DMSO,1,moxidectin,0,,,JU3237,3,,,
p018,F01,48h,10,15hHB101,DMSO,1,moxidectin,0,,,PB420,3,,,
p018,A02,48h,10,15hHB101,DMSO,1,moxidectin,0.00097,,,ED3102,3,,,
p018,B02,48h,10,15hHB101,DMSO,1,moxidectin,0.00097,,,NIC1667,3,,,
p018,C02,48h,10,15hHB101,DMSO,1,moxidectin,0.00097,,,ECA2666,3,,,
p018,D02,48h,10,15hHB101,DMSO,1,moxidectin,0.00097,,,VX34,3,,,
p018,E02,48h,10,15hHB101,DMSO,1,moxidectin,0.00097,,,JU3237,3,,,
p018,F02,48h,10,15hHB101,DMSO,1,moxidectin,0.00097,,,PB420,3,,,
p018,A03,48h,10,15hHB101,DMSO,1,moxidectin,0.0019,,,ED3102,3,,,
p018,B03,48h,10,15hHB101,DMSO,1,moxidectin,0.0019,,,NIC1667,3,,,
p018,C03,48h,10,15hHB101,DMSO,1,moxidectin,0.0019,,,ECA2666,3,,,
p018,D03,48h,10,15hHB101,DMSO,1,moxidectin,0.0019,,,VX34,3,,,
p018,E03,48h,10,15hHB101,DMSO,1,moxidectin,0.0019,,,JU3237,3,,,
p018,F03,48h,10,15hHB101,DMSO,1,moxidectin,0.0019,,,PB420,3,,,
p018,A04,48h,10,15hHB101,DMSO,1,moxidectin,0.0039,,,ED3102,3,,,
p018,B04,48h,10,15hHB101,DMSO,1,moxidectin,0.0039,,,NIC1667,3,,,
p018,C04,48h,10,15hHB101,DMSO,1,moxidectin,0.0039,,,ECA2666,3,,,
p018,D04,48h,10,15hHB101,DMSO,1,moxidectin,0.0039,,,VX34,3,,,
p018,E04,48h,10,15hHB101,DMSO,1,moxidectin,0.0039,,,JU3237,3,,,
p018,F04,48h,10,15hHB101,DMSO,1,moxidectin,0.0039,,,PB420,3,,,
p018,A05,48h,10,15hHB101,DMSO,1,moxidectin,0.0078,,,ED3102,3,,,
p018,B05,48h,10,15hHB101,DMSO,1,moxidectin,0.0078,,,NIC1667,3,,,
p018,C05,48h,10,15hHB101,DMSO,1,moxidectin,0.0078,,,ECA2666,3,,,
p018,D05,48h,10,15hHB101,DMSO,1,moxidectin,0.0078,,,VX34,3,,,
p018,E05,48h,10,15hHB101,DMSO,1,moxidectin,0.0078,,,JU3237,3,,,
p018,F05,48h,10,15hHB101,DMSO,1,moxidectin,0.0078,,,PB420,3,,,
p018,A06,48h,10,15hHB101,DMSO,1,moxidectin,0.0156,,,ED3102,3,,,
p018,B06,48h,10,15hHB101,DMSO,1,moxidectin,0.0156,,,NIC1667,3,,,
p018,C06,48h,10,15hHB101,DMSO,1,moxidectin,0.0156,,,ECA2666,3,,,
p018,D06,48h,10,15hHB101,DMSO,1,moxidectin,0.0156,,,VX34,3,,,
p018,E06,48h,10,15hHB101,DMSO,1,moxidectin,0.0156,,,JU3237,3,,,
p018,F06,48h,10,15hHB101,DMSO,1,moxidectin,0.0156,,,PB420,3,,,
p018,A07,48h,10,15hHB101,DMSO,1,moxidectin,0.03125,,,ED3102,3,,,
p018,B07,48h,10,15hHB101,DMSO,1,moxidectin,0.03125,,,NIC1667,3,,,
p018,C07,48h,10,15hHB101,DMSO,1,moxidectin,0.03125,,,ECA2666,3,,,
p018,D07,48h,10,15hHB101,DMSO,1,moxidectin,0.03125,,,VX34,3,,,
p018,E07,48h,10,15hHB101,DMSO,1,moxidectin,0.03125,,,JU3237,3,,,
p018,F07,48h,10,15hHB101,DMSO,1,moxidectin,0.03125,,,PB420,3,,,
p018,A08,48h,10,15hHB101,DMSO,1,moxidectin,0.0625,,,ED3102,3,,,
p018,B08,48h,10,15hHB101,DMSO,1,moxidectin,0.0625,,,NIC1667,3,,,
p018,C08,48h,10,15hHB101,DMSO,1,moxidectin,0.0625,,,ECA2666,3,,,
p018,D08,48h,10,15hHB101,DMSO,1,moxidectin,0.0625,,,VX34,3,,,
p018,E08,48h,10,15hHB101,DMSO,1,moxidectin,0.0625,,,JU3237,3,,,
p018,F08,48h,10,15hHB101,DMSO,1,moxidectin,0.0625,,,PB420,3,,,
p018,A09,48h,10,15hHB101,DMSO,1,moxidectin,0.125,,,ED3102,3,,,
p018,B09,48h,10,15hHB101,DMSO,1,moxidectin,0.125,,,NIC1667,3,,,
p018,C09,48h,10,15hHB101,DMSO,1,moxidectin,0.125,,,ECA2666,3,,,
p018,D09,48h,10,15hHB101,DMSO,1,moxidectin,0.125,,,VX34,3,,,
p018,E09,48h,10,15hHB101,DMSO,1,moxidectin,0.125,,,JU3237,3,,,
p018,F09,48h,10,15hHB101,DMSO,1,moxidectin,0.125,,,PB420,3,,,
p018,A10,48h,10,15hHB101,DMSO,1,moxidectin,0.25,,,ED3102,3,,,
p018,B10,48h,10,15hHB101,DMSO,1,moxidectin,0.25,,,NIC1667,3,,,
p018,C10,48h,10,15hHB101,DMSO,1,moxidectin,0.25,,,ECA2666,3,,,
p018,D10,48h,10,15hHB101,DMSO,1,moxidectin,0.25,,,VX34,3,,,
p018,E10,48h,10,15hHB101,DMSO,1,moxidectin,0.25,,,JU3237,3,,,
p018,F10,48h,10,15hHB101,DMSO,1,moxidectin,0.25,,,PB420,3,,,
p018,A11,48h,10,15hHB101,DMSO,1,moxidectin,0.5,,,ED3102,3,,,
p018,B11,48h,10,15hHB101,DMSO,1,moxidectin,0.5,,,NIC1667,3,,,
p018,C11,48h,10,15hHB101,DMSO,1,moxidectin,0.5,,,ECA2666,3,,,
p018,D11,48h,10,15hHB101,DMSO,1,moxidectin,0.5,,,VX34,3,,,
p018,E11,48h,10,15hHB101,DMSO,1,moxidectin,0.5,,,JU3237,3,,,
p018,F11,48h,10,15hHB101,DMSO,1,moxidectin,0.5,,,PB420,3,,,
p018,A12,48h,10,15hHB101,DMSO,1,moxidectin,1,,,ED3102,3,,,
p018,B12,48h,10,15hHB101,DMSO,1,moxidectin,1,,,NIC1667,3,,,
p018,C12,48h,10,15hHB101,DMSO,1,moxidectin,1,,,ECA2666,3,,,
p018,D12,48h,10,15hHB101,DMSO,1,moxidectin,1,,,VX34,3,,,
p018,E12,48h,10,15hHB101,DMSO,1,moxidectin,1,,,JU3237,3,,,
p018,F12,48h,10,15hHB101,DMSO,1,moxidectin,1,,,PB420,3,,,
p019,A01,48h,10,15hHB101,DMSO,1,milbemycin,0,,,PB420,1,,,
p019,B01,48h,10,15hHB101,DMSO,1,milbemycin,0,,,ED3102,1,,,
p019,C01,48h,10,15hHB101,DMSO,1,milbemycin,0,,,JU3237,1,,,
p019,D01,48h,10,15hHB101,DMSO,1,milbemycin,0,,,NIC1667,1,,,
p019,E01,48h,10,15hHB101,DMSO,1,milbemycin,0,,,VX34,1,,,
p019,F01,48h,10,15hHB101,DMSO,1,milbemycin,0,,,ECA2666,1,,,
p019,A02,48h,10,15hHB101,DMSO,1,milbemycin,0.00097,,,PB420,1,,,
p019,B02,48h,10,15hHB101,DMSO,1,milbemycin,0.00097,,,ED3102,1,,,
p019,C02,48h,10,15hHB101,DMSO,1,milbemycin,0.00097,,,JU3237,1,,,
p019,D02,48h,10,15hHB101,DMSO,1,milbemycin,0.00097,,,NIC1667,1,,,
p019,E02,48h,10,15hHB101,DMSO,1,milbemycin,0.00097,,,VX34,1,,,
p019,F02,48h,10,15hHB101,DMSO,1,milbemycin,0.00097,,,ECA2666,1,,,
p019,A03,48h,10,15hHB101,DMSO,1,milbemycin,0.0019,,,PB420,1,,,
p019,B03,48h,10,15hHB101,DMSO,1,milbemycin,0.0019,,,ED3102,1,,,
p019,C03,48h,10,15hHB101,DMSO,1,milbemycin,0.0019,,,JU3237,1,,,
p019,D03,48h,10,15hHB101,DMSO,1,milbemycin,0.0019,,,NIC1667,1,,,
p019,E03,48h,10,15hHB101,DMSO,1,milbemycin,0.0019,,,VX34,1,,,
p019,F03,48h,10,15hHB101,DMSO,1,milbemycin,0.0019,,,ECA2666,1,,,
p019,A04,48h,10,15hHB101,DMSO,1,milbemycin,0.0039,,,PB420,1,,,
p019,B04,48h,10,15hHB101,DMSO,1,milbemycin,0.0039,,,ED3102,1,,,
p019,C04,48h,10,15hHB101,DMSO,1,milbemycin,0.0039,,,JU3237,1,,,
p019,D04,48h,10,15hHB101,DMSO,1,milbemycin,0.0039,,,NIC1667,1,,,
p019,E04,48h,10,15hHB101,DMSO,1,milbemycin,0.0039,,,VX34,1,,,
p019,F04,48h,10,15hHB101,DMSO,1,milbemycin,0.0039,,,ECA2666,1,,,
p019,A05,48h,10,15hHB101,DMSO,1,milbemycin,0.0078,,,PB420,1,,,
p019,B05,48h,10,15hHB101,DMSO,1,milbemycin,0.0078,,,ED3102,1,,,
p019,C05,48h,10,15hHB101,DMSO,1,milbemycin,0.0078,,,JU3237,1,,,
p019,D05,48h,10,15hHB101,DMSO,1,milbemycin,0.0078,,,NIC1667,1,,,
p019,E05,48h,10,15hHB101,DMSO,1,milbemycin,0.0078,,,VX34,1,,,
p019,F05,48h,10,15hHB101,DMSO,1,milbemycin,0.0078,,,ECA2666,1,,,
p019,A06,48h,10,15hHB101,DMSO,1,milbemycin,0.0156,,,PB420,1,,,
p019,B06,48h,10,15hHB101,DMSO,1,milbemycin,0.0156,,,ED3102,1,,,
p019,C06,48h,10,15hHB101,DMSO,1,milbemycin,0.0156,,,JU3237,1,,,
p019,D06,48h,10,15hHB101,DMSO,1,milbemycin,0.0156,,,NIC1667,1,,,
p019,E06,48h,10,15hHB101,DMSO,1,milbemycin,0.0156,,,VX34,1,,,
p019,F06,48h,10,15hHB101,DMSO,1,milbemycin,0.0156,,,ECA2666,1,,,
p019,A07,48h,10,15hHB101,DMSO,1,milbemycin,0.03125,,,PB420,1,,,
p019,B07,48h,10,15hHB101,DMSO,1,milbemycin,0.03125,,,ED3102,1,,,
p019,C07,48h,10,15hHB101,DMSO,1,milbemycin,0.03125,,,JU3237,1,,,
p019,D07,48h,10,15hHB101,DMSO,1,milbemycin,0.03125,,,NIC1667,1,,,
p019,E07,48h,10,15hHB101,DMSO,1,milbemycin,0.03125,,,VX34,1,,,
p019,F07,48h,10,15hHB101,DMSO,1,milbemycin,0.03125,,,ECA2666,1,,,
p019,A08,48h,10,15hHB101,DMSO,1,milbemycin,0.0625,,,PB420,1,,,
p019,B08,48h,10,15hHB101,DMSO,1,milbemycin,0.0625,,,ED3102,1,,,
p019,C08,48h,10,15hHB101,DMSO,1,milbemycin,0.0625,,,JU3237,1,,,
p019,D08,48h,10,15hHB101,DMSO,1,milbemycin,0.0625,,,NIC1667,1,,,
p019,E08,48h,10,15hHB101,DMSO,1,milbemycin,0.0625,,,VX34,1,,,
p019,F08,48h,10,15hHB101,DMSO,1,milbemycin,0.0625,,,ECA2666,1,,,
p019,A09,48h,10,15hHB101,DMSO,1,milbemycin,0.125,,,PB420,1,,,
p019,B09,48h,10,15hHB101,DMSO,1,milbemycin,0.125,,,ED3102,1,,,
p019,C09,48h,10,15hHB101,DMSO,1,milbemycin,0.125,,,JU3237,1,,,
p019,D09,48h,10,15hHB101,DMSO,1,milbemycin,0.125,,,NIC1667,1,,,
p019,E09,48h,10,15hHB101,DMSO,1,milbemycin,0.125,,,VX34,1,,,
p019,F09,48h,10,15hHB101,DMSO,1,milbemycin,0.125,,,ECA2666,1,,,
p019,A10,48h,10,15hHB101,DMSO,1,milbemycin,0.25,,,PB420,1,,,
p019,B10,48h,10,15hHB101,DMSO,1,milbemycin,0.25,,,ED3102,1,,,
p019,C10,48h,10,15hHB101,DMSO,1,milbemycin,0.25,,,JU3237,1,,,
p019,D10,48h,10,15hHB101,DMSO,1,milbemycin,0.25,,,NIC1667,1,,,
p019,E10,48h,10,15hHB101,DMSO,1,milbemycin,0.25,,,VX34,1,,,
p019,F10,48h,10,15hHB101,DMSO,1,milbemycin,0.25,,,ECA2666,1,,,
p019,A11,48h,10,15hHB101,DMSO,1,milbemycin,0.5,,,PB420,1,,,
p019,B11,48h,10,15hHB101,DMSO,1,milbemycin,0.5,,,ED3102,1,,,
p019,C11,48h,10,15hHB101,DMSO,1,milbemycin,0.5,,,JU3237,1,,,
p019,D11,48h,10,15hHB101,DMSO,1,milbemycin,0.5,,,NIC1667,1,,,
p019,E11,48h,10,15hHB101,DMSO,1,milbemycin,0.5,,,VX34,1,,,
p019,F11,48h,10,15hHB101,DMSO,1,milbemycin,0.5,,,ECA2666,1,,,
p019,A12,48h,10,15hHB101,DMSO,1,milbemycin,1,,,PB420,1,,,
p019,B12,48h,10,15hHB101,DMSO,1,milbemycin,1,,,ED3102,1,,,
p019,C12,48h,10,15hHB101,DMSO,1,milbemycin,1,,,JU3237,1,,,
p019,D12,48h,10,15hHB101,DMSO,1,milbemycin,1,,,NIC1667,1,,,
p019,E12,48h,10,15hHB101,DMSO,1,milbemycin,1,,,VX34,1,,,
p019,F12,48h,10,15hHB101,DMSO,1,milbemycin,1,,,ECA2666,1,,,
p020,A01,48h,10,15hHB101,DMSO,1,milbemycin,0,,,PB420,1,,,
p020,B01,48h,10,15hHB101,DMSO,1,milbemycin,0,,,ED3102,1,,,
p020,C01,48h,10,15hHB101,DMSO,1,milbemycin,0,,,JU3237,1,,,
p020,D01,48h,10,15hHB101,DMSO,1,milbemycin,0,,,NIC1667,1,,,
p020,E01,48h,10,15hHB101,DMSO,1,milbemycin,0,,,VX34,1,,,
p020,F01,48h,10,15hHB101,DMSO,1,milbemycin,0,,,ECA2666,1,,,
p020,A02,48h,10,15hHB101,DMSO,1,milbemycin,0.00097,,,PB420,1,,,
p020,B02,48h,10,15hHB101,DMSO,1,milbemycin,0.00097,,,ED3102,1,,,
p020,C02,48h,10,15hHB101,DMSO,1,milbemycin,0.00097,,,JU3237,1,,,
p020,D02,48h,10,15hHB101,DMSO,1,milbemycin,0.00097,,,NIC1667,1,,,
p020,E02,48h,10,15hHB101,DMSO,1,milbemycin,0.00097,,,VX34,1,,,
p020,F02,48h,10,15hHB101,DMSO,1,milbemycin,0.00097,,,ECA2666,1,,,
p020,A03,48h,10,15hHB101,DMSO,1,milbemycin,0.0019,,,PB420,1,,,
p020,B03,48h,10,15hHB101,DMSO,1,milbemycin,0.0019,,,ED3102,1,,,
p020,C03,48h,10,15hHB101,DMSO,1,milbemycin,0.0019,,,JU3237,1,,,
p020,D03,48h,10,15hHB101,DMSO,1,milbemycin,0.0019,,,NIC1667,1,,,
p020,E03,48h,10,15hHB101,DMSO,1,milbemycin,0.0019,,,VX34,1,,,
p020,F03,48h,10,15hHB101,DMSO,1,milbemycin,0.0019,,,ECA2666,1,,,
p020,A04,48h,10,15hHB101,DMSO,1,milbemycin,0.0039,,,PB420,1,,,
p020,B04,48h,10,15hHB101,DMSO,1,milbemycin,0.0039,,,ED3102,1,,,
p020,C04,48h,10,15hHB101,DMSO,1,milbemycin,0.0039,,,JU3237,1,,,
p020,D04,48h,10,15hHB101,DMSO,1,milbemycin,0.0039,,,NIC1667,1,,,
p020,E04,48h,10,15hHB101,DMSO,1,milbemycin,0.0039,,,VX34,1,,,
p020,F04,48h,10,15hHB101,DMSO,1,milbemycin,0.0039,,,ECA2666,1,,,
p020,A05,48h,10,15hHB101,DMSO,1,milbemycin,0.0078,,,PB420,1,,,
p020,B05,48h,10,15hHB101,DMSO,1,milbemycin,0.0078,,,ED3102,1,,,
p020,C05,48h,10,15hHB101,DMSO,1,milbemycin,0.0078,,,JU3237,1,,,
p020,D05,48h,10,15hHB101,DMSO,1,milbemycin,0.0078,,,NIC1667,1,,,
p020,E05,48h,10,15hHB101,DMSO,1,milbemycin,0.0078,,,VX34,1,,,
p020,F05,48h,10,15hHB101,DMSO,1,milbemycin,0.0078,,,ECA2666,1,,,
p020,A06,48h,10,15hHB101,DMSO,1,milbemycin,0.0156,,,PB420,1,,,
p020,B06,48h,10,15hHB101,DMSO,1,milbemycin,0.0156,,,ED3102,1,,,
p020,C06,48h,10,15hHB101,DMSO,1,milbemycin,0.0156,,,JU3237,1,,,
p020,D06,48h,10,15hHB101,DMSO,1,milbemycin,0.0156,,,NIC1667,1,,,
p020,E06,48h,10,15hHB101,DMSO,1,milbemycin,0.0156,,,VX34,1,,,
p020,F06,48h,10,15hHB101,DMSO,1,milbemycin,0.0156,,,ECA2666,1,,,
p020,A07,48h,10,15hHB101,DMSO,1,milbemycin,0.03125,,,PB420,1,,,
p020,B07,48h,10,15hHB101,DMSO,1,milbemycin,0.03125,,,ED3102,1,,,
p020,C07,48h,10,15hHB101,DMSO,1,milbemycin,0.03125,,,JU3237,1,,,
p020,D07,48h,10,15hHB101,DMSO,1,milbemycin,0.03125,,,NIC1667,1,,,
p020,E07,48h,10,15hHB101,DMSO,1,milbemycin,0.03125,,,VX34,1,,,
p020,F07,48h,10,15hHB101,DMSO,1,milbemycin,0.03125,,,ECA2666,1,,,
p020,A08,48h,10,15hHB101,DMSO,1,milbemycin,0.0625,,,PB420,1,,,
p020,B08,48h,10,15hHB101,DMSO,1,milbemycin,0.0625,,,ED3102,1,,,
p020,C08,48h,10,15hHB101,DMSO,1,milbemycin,0.0625,,,JU3237,1,,,
p020,D08,48h,10,15hHB101,DMSO,1,milbemycin,0.0625,,,NIC1667,1,,,
p020,E08,48h,10,15hHB101,DMSO,1,milbemycin,0.0625,,,VX34,1,,,
p020,F08,48h,10,15hHB101,DMSO,1,milbemycin,0.0625,,,ECA2666,1,,,
p020,A09,48h,10,15hHB101,DMSO,1,milbemycin,0.125,,,PB420,1,,,
p020,B09,48h,10,15hHB101,DMSO,1,milbemycin,0.125,,,ED3102,1,,,
p020,C09,48h,10,15hHB101,DMSO,1,milbemycin,0.125,,,JU3237,1,,,
p020,D09,48h,10,15hHB101,DMSO,1,milbemycin,0.125,,,NIC1667,1,,,
p020,E09,48h,10,15hHB101,DMSO,1,milbemycin,0.125,,,VX34,1,,,
p020,F09,48h,10,15hHB101,DMSO,1,milbemycin,0.125,,,ECA2666,1,,,
p020,A10,48h,10,15hHB101,DMSO,1,milbemycin,0.25,,,PB420,1,,,
p020,B10,48h,10,15hHB101,DMSO,1,milbemycin,0.25,,,ED3102,1,,,
p020,C10,48h,10,15hHB101,DMSO,1,milbemycin,0.25,,,JU3237,1,,,
p020,D10,48h,10,15hHB101,DMSO,1,milbemycin,0.25,,,NIC1667,1,,,
p020,E10,48h,10,15hHB101,DMSO,1,milbemycin,0.25,,,VX34,1,,,
p020,F10,48h,10,15hHB101,DMSO,1,milbemycin,0.25,,,ECA2666,1,,,
p020,A11,48h,10,15hHB101,DMSO,1,milbemycin,0.5,,,PB420,1,,,
p020,B11,48h,10,15hHB101,DMSO,1,milbemycin,0.5,,,ED3102,1,,,
p020,C11,48h,10,15hHB101,DMSO,1,milbemycin,0.5,,,JU3237,1,,,
p020,D11,48h,10,15hHB101,DMSO,1,milbemycin,0.5,,,NIC1667,1,,,
p020,E11,48h,10,15hHB101,DMSO,1,milbemycin,0.5,,,VX34,1,,,
p020,F11,48h,10,15hHB101,DMSO,1,milbemycin,0.5,,,ECA2666,1,,,
p020,A12,48h,10,15hHB101,DMSO,1,milbemycin,1,,,PB420,1,,,
p020,B12,48h,10,15hHB101,DMSO,1,milbemycin,1,,,ED3102,1,,,
p020,C12,48h,10,15hHB101,DMSO,1,milbemycin,1,,,JU3237,1,,,
p020,D12,48h,10,15hHB101,DMSO,1,milbemycin,1,,,NIC1667,1,,,
p020,E12,48h,10,15hHB101,DMSO,1,milbemycin,1,,,VX34,1,,,
p020,F12,48h,10,15hHB101,DMSO,1,milbemycin,1,,,ECA2666,1,,,
p021,A01,48h,10,15hHB101,DMSO,1,milbemycin,0,,,PB420,1,,,
p021,B01,48h,10,15hHB101,DMSO,1,milbemycin,0,,,ED3102,1,,,
p021,C01,48h,10,15hHB101,DMSO,1,milbemycin,0,,,JU3237,1,,,
p021,D01,48h,10,15hHB101,DMSO,1,milbemycin,0,,,NIC1667,1,,,
p021,E01,48h,10,15hHB101,DMSO,1,milbemycin,0,,,VX34,1,,,
p021,F01,48h,10,15hHB101,DMSO,1,milbemycin,0,,,ECA2666,1,,,
p021,A02,48h,10,15hHB101,DMSO,1,milbemycin,0.00097,,,PB420,1,,,
p021,B02,48h,10,15hHB101,DMSO,1,milbemycin,0.00097,,,ED3102,1,,,
p021,C02,48h,10,15hHB101,DMSO,1,milbemycin,0.00097,,,JU3237,1,,,
p021,D02,48h,10,15hHB101,DMSO,1,milbemycin,0.00097,,,NIC1667,1,,,
p021,E02,48h,10,15hHB101,DMSO,1,milbemycin,0.00097,,,VX34,1,,,
p021,F02,48h,10,15hHB101,DMSO,1,milbemycin,0.00097,,,ECA2666,1,,,
p021,A03,48h,10,15hHB101,DMSO,1,milbemycin,0.0019,,,PB420,1,,,
p021,B03,48h,10,15hHB101,DMSO,1,milbemycin,0.0019,,,ED3102,1,,,
p021,C03,48h,10,15hHB101,DMSO,1,milbemycin,0.0019,,,JU3237,1,,,
p021,D03,48h,10,15hHB101,DMSO,1,milbemycin,0.0019,,,NIC1667,1,,,
p021,E03,48h,10,15hHB101,DMSO,1,milbemycin,0.0019,,,VX34,1,,,
p021,F03,48h,10,15hHB101,DMSO,1,milbemycin,0.0019,,,ECA2666,1,,,
p021,A04,48h,10,15hHB101,DMSO,1,milbemycin,0.0039,,,PB420,1,,,
p021,B04,48h,10,15hHB101,DMSO,1,milbemycin,0.0039,,,ED3102,1,,,
p021,C04,48h,10,15hHB101,DMSO,1,milbemycin,0.0039,,,JU3237,1,,,
p021,D04,48h,10,15hHB101,DMSO,1,milbemycin,0.0039,,,NIC1667,1,,,
p021,E04,48h,10,15hHB101,DMSO,1,milbemycin,0.0039,,,VX34,1,,,
p021,F04,48h,10,15hHB101,DMSO,1,milbemycin,0.0039,,,ECA2666,1,,,
p021,A05,48h,10,15hHB101,DMSO,1,milbemycin,0.0078,,,PB420,1,,,
p021,B05,48h,10,15hHB101,DMSO,1,milbemycin,0.0078,,,ED3102,1,,,
p021,C05,48h,10,15hHB101,DMSO,1,milbemycin,0.0078,,,JU3237,1,,,
p021,D05,48h,10,15hHB101,DMSO,1,milbemycin,0.0078,,,NIC1667,1,,,
p021,E05,48h,10,15hHB101,DMSO,1,milbemycin,0.0078,,,VX34,1,,,
p021,F05,48h,10,15hHB101,DMSO,1,milbemycin,0.0078,,,ECA2666,1,,,
p021,A06,48h,10,15hHB101,DMSO,1,milbemycin,0.0156,,,PB420,1,,,
p021,B06,48h,10,15hHB101,DMSO,1,milbemycin,0.0156,,,ED3102,1,,,
p021,C06,48h,10,15hHB101,DMSO,1,milbemycin,0.0156,,,JU3237,1,,,
p021,D06,48h,10,15hHB101,DMSO,1,milbemycin,0.0156,,,NIC1667,1,,,
p021,E06,48h,10,15hHB101,DMSO,1,milbemycin,0.0156,,,VX34,1,,,
p021,F06,48h,10,15hHB101,DMSO,1,milbemycin,0.0156,,,ECA2666,1,,,
p021,A07,48h,10,15hHB101,DMSO,1,milbemycin,0.03125,,,PB420,1,,,
p021,B07,48h,10,15hHB101,DMSO,1,milbemycin,0.03125,,,ED3102,1,,,
p021,C07,48h,10,15hHB101,DMSO,1,milbemycin,0.03125,,,JU3237,1,,,
p021,D07,48h,10,15hHB101,DMSO,1,milbemycin,0.03125,,,NIC1667,1,,,
p021,E07,48h,10,15hHB101,DMSO,1,milbemycin,0.03125,,,VX34,1,,,
p021,F07,48h,10,15hHB101,DMSO,1,milbemycin,0.03125,,,ECA2666,1,,,
p021,A08,48h,10,15hHB101,DMSO,1,milbemycin,0.0625,,,PB420,1,,,
p021,B08,48h,10,15hHB101,DMSO,1,milbemycin,0.0625,,,ED3102,1,,,
p021,C08,48h,10,15hHB101,DMSO,1,milbemycin,0.0625,,,JU3237,1,,,
p021,D08,48h,10,15hHB101,DMSO,1,milbemycin,0.0625,,,NIC1667,1,,,
p021,E08,48h,10,15hHB101,DMSO,1,milbemycin,0.0625,,,VX34,1,,,
p021,F08,48h,10,15hHB101,DMSO,1,milbemycin,0.0625,,,ECA2666,1,,,
p021,A09,48h,10,15hHB101,DMSO,1,milbemycin,0.125,,,PB420,1,,,
p021,B09,48h,10,15hHB101,DMSO,1,milbemycin,0.125,,,ED3102,1,,,
p021,C09,48h,10,15hHB101,DMSO,1,milbemycin,0.125,,,JU3237,1,,,
p021,D09,48h,10,15hHB101,DMSO,1,milbemycin,0.125,,,NIC1667,1,,,
p021,E09,48h,10,15hHB101,DMSO,1,milbemycin,0.125,,,VX34,1,,,
p021,F09,48h,10,15hHB101,DMSO,1,milbemycin,0.125,,,ECA2666,1,,,
p021,A10,48h,10,15hHB101,DMSO,1,milbemycin,0.25,,,PB420,1,,,
p021,B10,48h,10,15hHB101,DMSO,1,milbemycin,0.25,,,ED3102,1,,,
p021,C10,48h,10,15hHB101,DMSO,1,milbemycin,0.25,,,JU3237,1,,,
p021,D10,48h,10,15hHB101,DMSO,1,milbemycin,0.25,,,NIC1667,1,,,
p021,E10,48h,10,15hHB101,DMSO,1,milbemycin,0.25,,,VX34,1,,,
p021,F10,48h,10,15hHB101,DMSO,1,milbemycin,0.25,,,ECA2666,1,,,
p021,A11,48h,10,15hHB101,DMSO,1,milbemycin,0.5,,,PB420,1,,,
p021,B11,48h,10,15hHB101,DMSO,1,milbemycin,0.5,,,ED3102,1,,,
p021,C11,48h,10,15hHB101,DMSO,1,milbemycin,0.5,,,JU3237,1,,,
p021,D11,48h,10,15hHB101,DMSO,1,milbemycin,0.5,,,NIC1667,1,,,
p021,E11,48h,10,15hHB101,DMSO,1,milbemycin,0.5,,,VX34,1,,,
p021,F11,48h,10,15hHB101,DMSO,1,milbemycin,0.5,,,ECA2666,1,,,
p021,A12,48h,10,15hHB101,DMSO,1,milbemycin,1,,,PB420,1,,,
p021,B12,48h,10,15hHB101,DMSO,1,milbemycin,1,,,ED3102,1,,,
p021,C12,48h,10,15hHB101,DMSO,1,milbemycin,1,,,JU3237,1,,,
p021,D12,48h,10,15hHB101,DMSO,1,milbemycin,1,,,NIC1667,1,,,
p021,E12,48h,10,15hHB101,DMSO,1,milbemycin,1,,,VX34,1,,,
p021,F12,48h,10,15hHB101,DMSO,1,milbemycin,1,,,ECA2666,1,,,
p022,A01,48h,10,15hHB101,DMSO,1,milbemycin,0,,,PB420,1,,,
p022,B01,48h,10,15hHB101,DMSO,1,milbemycin,0,,,ED3102,1,,,
p022,C01,48h,10,15hHB101,DMSO,1,milbemycin,0,,,JU3237,1,,,
p022,D01,48h,10,15hHB101,DMSO,1,milbemycin,0,,,NIC1667,1,,,
p022,E01,48h,10,15hHB101,DMSO,1,milbemycin,0,,,VX34,1,,,
p022,F01,48h,10,15hHB101,DMSO,1,milbemycin,0,,,ECA2666,1,,,
p022,A02,48h,10,15hHB101,DMSO,1,milbemycin,0.00097,,,PB420,1,,,
p022,B02,48h,10,15hHB101,DMSO,1,milbemycin,0.00097,,,ED3102,1,,,
p022,C02,48h,10,15hHB101,DMSO,1,milbemycin,0.00097,,,JU3237,1,,,
p022,D02,48h,10,15hHB101,DMSO,1,milbemycin,0.00097,,,NIC1667,1,,,
p022,E02,48h,10,15hHB101,DMSO,1,milbemycin,0.00097,,,VX34,1,,,
p022,F02,48h,10,15hHB101,DMSO,1,milbemycin,0.00097,,,ECA2666,1,,,
p022,A03,48h,10,15hHB101,DMSO,1,milbemycin,0.0019,,,PB420,1,,,
p022,B03,48h,10,15hHB101,DMSO,1,milbemycin,0.0019,,,ED3102,1,,,
p022,C03,48h,10,15hHB101,DMSO,1,milbemycin,0.0019,,,JU3237,1,,,
p022,D03,48h,10,15hHB101,DMSO,1,milbemycin,0.0019,,,NIC1667,1,,,
p022,E03,48h,10,15hHB101,DMSO,1,milbemycin,0.0019,,,VX34,1,,,
p022,F03,48h,10,15hHB101,DMSO,1,milbemycin,0.0019,,,ECA2666,1,,,
p022,A04,48h,10,15hHB101,DMSO,1,milbemycin,0.0039,,,PB420,1,,,
p022,B04,48h,10,15hHB101,DMSO,1,milbemycin,0.0039,,,ED3102,1,,,
p022,C04,48h,10,15hHB101,DMSO,1,milbemycin,0.0039,,,JU3237,1,,,
p022,D04,48h,10,15hHB101,DMSO,1,milbemycin,0.0039,,,NIC1667,1,,,
p022,E04,48h,10,15hHB101,DMSO,1,milbemycin,0.0039,,,VX34,1,,,
p022,F04,48h,10,15hHB101,DMSO,1,milbemycin,0.0039,,,ECA2666,1,,,
p022,A05,48h,10,15hHB101,DMSO,1,milbemycin,0.0078,,,PB420,1,,,
p022,B05,48h,10,15hHB101,DMSO,1,milbemycin,0.0078,,,ED3102,1,,,
p022,C05,48h,10,15hHB101,DMSO,1,milbemycin,0.0078,,,JU3237,1,,,
p022,D05,48h,10,15hHB101,DMSO,1,milbemycin,0.0078,,,NIC1667,1,,,
p022,E05,48h,10,15hHB101,DMSO,1,milbemycin,0.0078,,,VX34,1,,,
p022,F05,48h,10,15hHB101,DMSO,1,milbemycin,0.0078,,,ECA2666,1,,,
p022,A06,48h,10,15hHB101,DMSO,1,milbemycin,0.0156,,,PB420,1,,,
p022,B06,48h,10,15hHB101,DMSO,1,milbemycin,0.0156,,,ED3102,1,,,
p022,C06,48h,10,15hHB101,DMSO,1,milbemycin,0.0156,,,JU3237,1,,,
p022,D06,48h,10,15hHB101,DMSO,1,milbemycin,0.0156,,,NIC1667,1,,,
p022,E06,48h,10,15hHB101,DMSO,1,milbemycin,0.0156,,,VX34,1,,,
p022,F06,48h,10,15hHB101,DMSO,1,milbemycin,0.0156,,,ECA2666,1,,,
p022,A07,48h,10,15hHB101,DMSO,1,milbemycin,0.03125,,,PB420,1,,,
p022,B07,48h,10,15hHB101,DMSO,1,milbemycin,0.03125,,,ED3102,1,,,
p022,C07,48h,10,15hHB101,DMSO,1,milbemycin,0.03125,,,JU3237,1,,,
p022,D07,48h,10,15hHB101,DMSO,1,milbemycin,0.03125,,,NIC1667,1,,,
p022,E07,48h,10,15hHB101,DMSO,1,milbemycin,0.03125,,,VX34,1,,,
p022,F07,48h,10,15hHB101,DMSO,1,milbemycin,0.03125,,,ECA2666,1,,,
p022,A08,48h,10,15hHB101,DMSO,1,milbemycin,0.0625,,,PB420,1,,,
p022,B08,48h,10,15hHB101,DMSO,1,milbemycin,0.0625,,,ED3102,1,,,
p022,C08,48h,10,15hHB101,DMSO,1,milbemycin,0.0625,,,JU3237,1,,,
p022,D08,48h,10,15hHB101,DMSO,1,milbemycin,0.0625,,,NIC1667,1,,,
p022,E08,48h,10,15hHB101,DMSO,1,milbemycin,0.0625,,,VX34,1,,,
p022,F08,48h,10,15hHB101,DMSO,1,milbemycin,0.0625,,,ECA2666,1,,,
p022,A09,48h,10,15hHB101,DMSO,1,milbemycin,0.125,,,PB420,1,,,
p022,B09,48h,10,15hHB101,DMSO,1,milbemycin,0.125,,,ED3102,1,,,
p022,C09,48h,10,15hHB101,DMSO,1,milbemycin,0.125,,,JU3237,1,,,
p022,D09,48h,10,15hHB101,DMSO,1,milbemycin,0.125,,,NIC1667,1,,,
p022,E09,48h,10,15hHB101,DMSO,1,milbemycin,0.125,,,VX34,1,,,
p022,F09,48h,10,15hHB101,DMSO,1,milbemycin,0.125,,,ECA2666,1,,,
p022,A10,48h,10,15hHB101,DMSO,1,milbemycin,0.25,,,PB420,1,,,
p022,B10,48h,10,15hHB101,DMSO,1,milbemycin,0.25,,,ED3102,1,,,
p022,C10,48h,10,15hHB101,DMSO,1,milbemycin,0.25,,,JU3237,1,,,
p022,D10,48h,10,15hHB101,DMSO,1,milbemycin,0.25,,,NIC1667,1,,,
p022,E10,48h,10,15hHB101,DMSO,1,milbemycin,0.25,,,VX34,1,,,
p022,F10,48h,10,15hHB101,DMSO,1,milbemycin,0.25,,,ECA2666,1,,,
p022,A11,48h,10,15hHB101,DMSO,1,milbemycin,0.5,,,PB420,1,,,
p022,B11,48h,10,15hHB101,DMSO,1,milbemycin,0.5,,,ED3102,1,,,
p022,C11,48h,10,15hHB101,DMSO,1,milbemycin,0.5,,,JU3237,1,,,
p022,D11,48h,10,15hHB101,DMSO,1,milbemycin,0.5,,,NIC1667,1,,,
p022,E11,48h,10,15hHB101,DMSO,1,milbemycin,0.5,,,VX34,1,,,
p022,F11,48h,10,15hHB101,DMSO,1,milbemycin,0.5,,,ECA2666,1,,,
p022,A12,48h,10,15hHB101,DMSO,1,milbemycin,1,,,PB420,1,,,
p022,B12,48h,10,15hHB101,DMSO,1,milbemycin,1,,,ED3102,1,,,
p022,C12,48h,10,15hHB101,DMSO,1,milbemycin,1,,,JU3237,1,,,
p022,D12,48h,10,15hHB101,DMSO,1,milbemycin,1,,,NIC1667,1,,,
p022,E12,48h,10,15hHB101,DMSO,1,milbemycin,1,,,VX34,1,,,
p022,F12,48h,10,15hHB101,DMSO,1,milbemycin,1,,,ECA2666,1,,,
p023,A01,48h,10,15hHB101,DMSO,1,milbemycin,0,,,PB420,1,,,
p023,B01,48h,10,15hHB101,DMSO,1,milbemycin,0,,,ED3102,1,,,
p023,C01,48h,10,15hHB101,DMSO,1,milbemycin,0,,,JU3237,1,,,
p023,D01,48h,10,15hHB101,DMSO,1,milbemycin,0,,,NIC1667,1,,,
p023,E01,48h,10,15hHB101,DMSO,1,milbemycin,0,,,VX34,1,,,
p023,F01,48h,10,15hHB101,DMSO,1,milbemycin,0,,,ECA2666,1,,,
p023,A02,48h,10,15hHB101,DMSO,1,milbemycin,0.00097,,,PB420,1,,,
p023,B02,48h,10,15hHB101,DMSO,1,milbemycin,0.00097,,,ED3102,1,,,
p023,C02,48h,10,15hHB101,DMSO,1,milbemycin,0.00097,,,JU3237,1,,,
p023,D02,48h,10,15hHB101,DMSO,1,milbemycin,0.00097,,,NIC1667,1,,,
p023,E02,48h,10,15hHB101,DMSO,1,milbemycin,0.00097,,,VX34,1,,,
p023,F02,48h,10,15hHB101,DMSO,1,milbemycin,0.00097,,,ECA2666,1,,,
p023,A03,48h,10,15hHB101,DMSO,1,milbemycin,0.0019,,,PB420,1,,,
p023,B03,48h,10,15hHB101,DMSO,1,milbemycin,0.0019,,,ED3102,1,,,
p023,C03,48h,10,15hHB101,DMSO,1,milbemycin,0.0019,,,JU3237,1,,,
p023,D03,48h,10,15hHB101,DMSO,1,milbemycin,0.0019,,,NIC1667,1,,,
p023,E03,48h,10,15hHB101,DMSO,1,milbemycin,0.0019,,,VX34,1,,,
p023,F03,48h,10,15hHB101,DMSO,1,milbemycin,0.0019,,,ECA2666,1,,,
p023,A04,48h,10,15hHB101,DMSO,1,milbemycin,0.0039,,,PB420,1,,,
p023,B04,48h,10,15hHB101,DMSO,1,milbemycin,0.0039,,,ED3102,1,,,
p023,C04,48h,10,15hHB101,DMSO,1,milbemycin,0.0039,,,JU3237,1,,,
p023,D04,48h,10,15hHB101,DMSO,1,milbemycin,0.0039,,,NIC1667,1,,,
p023,E04,48h,10,15hHB101,DMSO,1,milbemycin,0.0039,,,VX34,1,,,
p023,F04,48h,10,15hHB101,DMSO,1,milbemycin,0.0039,,,ECA2666,1,,,
p023,A05,48h,10,15hHB101,DMSO,1,milbemycin,0.0078,,,PB420,1,,,
p023,B05,48h,10,15hHB101,DMSO,1,milbemycin,0.0078,,,ED3102,1,,,
p023,C05,48h,10,15hHB101,DMSO,1,milbemycin,0.0078,,,JU3237,1,,,
p023,D05,48h,10,15hHB101,DMSO,1,milbemycin,0.0078,,,NIC1667,1,,,
p023,E05,48h,10,15hHB101,DMSO,1,milbemycin,0.0078,,,VX34,1,,,
p023,F05,48h,10,15hHB101,DMSO,1,milbemycin,0.0078,,,ECA2666,1,,,
p023,A06,48h,10,15hHB101,DMSO,1,milbemycin,0.0156,,,PB420,1,,,
p023,B06,48h,10,15hHB101,DMSO,1,milbemycin,0.0156,,,ED3102,1,,,
p023,C06,48h,10,15hHB101,DMSO,1,milbemycin,0.0156,,,JU3237,1,,,
p023,D06,48h,10,15hHB101,DMSO,1,milbemycin,0.0156,,,NIC1667,1,,,
p023,E06,48h,10,15hHB101,DMSO,1,milbemycin,0.0156,,,VX34,1,,,
p023,F06,48h,10,15hHB101,DMSO,1,milbemycin,0.0156,,,ECA2666,1,,,
p023,A07,48h,10,15hHB101,DMSO,1,milbemycin,0.03125,,,PB420,1,,,
p023,B07,48h,10,15hHB101,DMSO,1,milbemycin,0.03125,,,ED3102,1,,,
p023,C07,48h,10,15hHB101,DMSO,1,milbemycin,0.03125,,,JU3237,1,,,
p023,D07,48h,10,15hHB101,DMSO,1,milbemycin,0.03125,,,NIC1667,1,,,
p023,E07,48h,10,15hHB101,DMSO,1,milbemycin,0.03125,,,VX34,1,,,
p023,F07,48h,10,15hHB101,DMSO,1,milbemycin,0.03125,,,ECA2666,1,,,
p023,A08,48h,10,15hHB101,DMSO,1,milbemycin,0.0625,,,PB420,1,,,
p023,B08,48h,10,15hHB101,DMSO,1,milbemycin,0.0625,,,ED3102,1,,,
p023,C08,48h,10,15hHB101,DMSO,1,milbemycin,0.0625,,,JU3237,1,,,
p023,D08,48h,10,15hHB101,DMSO,1,milbemycin,0.0625,,,NIC1667,1,,,
p023,E08,48h,10,15hHB101,DMSO,1,milbemycin,0.0625,,,VX34,1,,,
p023,F08,48h,10,15hHB101,DMSO,1,milbemycin,0.0625,,,ECA2666,1,,,
p023,A09,48h,10,15hHB101,DMSO,1,milbemycin,0.125,,,PB420,1,,,
p023,B09,48h,10,15hHB101,DMSO,1,milbemycin,0.125,,,ED3102,1,,,
p023,C09,48h,10,15hHB101,DMSO,1,milbemycin,0.125,,,JU3237,1,,,
p023,D09,48h,10,15hHB101,DMSO,1,milbemycin,0.125,,,NIC1667,1,,,
p023,E09,48h,10,15hHB101,DMSO,1,milbemycin,0.125,,,VX34,1,,,
p023,F09,48h,10,15hHB101,DMSO,1,milbemycin,0.125,,,ECA2666,1,,,
p023,A10,48h,10,15hHB101,DMSO,1,milbemycin,0.25,,,PB420,1,,,
p023,B10,48h,10,15hHB101,DMSO,1,milbemycin,0.25,,,ED3102,1,,,
p023,C10,48h,10,15hHB101,DMSO,1,milbemycin,0.25,,,JU3237,1,,,
p023,D10,48h,10,15hHB101,DMSO,1,milbemycin,0.25,,,NIC1667,1,,,
p023,E10,48h,10,15hHB101,DMSO,1,milbemycin,0.25,,,VX34,1,,,
p023,F10,48h,10,15hHB101,DMSO,1,milbemycin,0.25,,,ECA2666,1,,,
p023,A11,48h,10,15hHB101,DMSO,1,milbemycin,0.5,,,PB420,1,,,
p023,B11,48h,10,15hHB101,DMSO,1,milbemycin,0.5,,,ED3102,1,,,
p023,C11,48h,10,15hHB101,DMSO,1,milbemycin,0.5,,,JU3237,1,,,
p023,D11,48h,10,15hHB101,DMSO,1,milbemycin,0.5,,,NIC1667,1,,,
p023,E11,48h,10,15hHB101,DMSO,1,milbemycin,0.5,,,VX34,1,,,
p023,F11,48h,10,15hHB101,DMSO,1,milbemycin,0.5,,,ECA2666,1,,,
p023,A12,48h,10,15hHB101,DMSO,1,milbemycin,1,,,PB420,1,,,
p023,B12,48h,10,15hHB101,DMSO,1,milbemycin,1,,,ED3102,1,,,
p023,C12,48h,10,15hHB101,DMSO,1,milbemycin,1,,,JU3237,1,,,
p023,D12,48h,10,15hHB101,DMSO,1,milbemycin,1,,,NIC1667,1,,,
p023,E12,48h,10,15hHB101,DMSO,1,milbemycin,1,,,VX34,1,,,
p023,F12,48h,10,15hHB101,DMSO,1,milbemycin,1,,,ECA2666,1,,,
p024,A01,48h,10,15hHB101,DMSO,1,milbemycin,0,,,PB420,1,,,
p024,B01,48h,10,15hHB101,DMSO,1,milbemycin,0,,,ED3102,1,,,
p024,C01,48h,10,15hHB101,DMSO,1,milbemycin,0,,,JU3237,1,,,
p024,D01,48h,10,15hHB101,DMSO,1,milbemycin,0,,,NIC1667,1,,,
p024,E01,48h,10,15hHB101,DMSO,1,milbemycin,0,,,VX34,1,,,
p024,F01,48h,10,15hHB101,DMSO,1,milbemycin,0,,,ECA2666,1,,,
p024,A02,48h,10,15hHB101,DMSO,1,milbemycin,0.00097,,,PB420,1,,,
p024,B02,48h,10,15hHB101,DMSO,1,milbemycin,0.00097,,,ED3102,1,,,
p024,C02,48h,10,15hHB101,DMSO,1,milbemycin,0.00097,,,JU3237,1,,,
p024,D02,48h,10,15hHB101,DMSO,1,milbemycin,0.00097,,,NIC1667,1,,,
p024,E02,48h,10,15hHB101,DMSO,1,milbemycin,0.00097,,,VX34,1,,,
p024,F02,48h,10,15hHB101,DMSO,1,milbemycin,0.00097,,,ECA2666,1,,,
p024,A03,48h,10,15hHB101,DMSO,1,milbemycin,0.0019,,,PB420,1,,,
p024,B03,48h,10,15hHB101,DMSO,1,milbemycin,0.0019,,,ED3102,1,,,
p024,C03,48h,10,15hHB101,DMSO,1,milbemycin,0.0019,,,JU3237,1,,,
p024,D03,48h,10,15hHB101,DMSO,1,milbemycin,0.0019,,,NIC1667,1,,,
p024,E03,48h,10,15hHB101,DMSO,1,milbemycin,0.0019,,,VX34,1,,,
p024,F03,48h,10,15hHB101,DMSO,1,milbemycin,0.0019,,,ECA2666,1,,,
p024,A04,48h,10,15hHB101,DMSO,1,milbemycin,0.0039,,,PB420,1,,,
p024,B04,48h,10,15hHB101,DMSO,1,milbemycin,0.0039,,,ED3102,1,,,
p024,C04,48h,10,15hHB101,DMSO,1,milbemycin,0.0039,,,JU3237,1,,,
p024,D04,48h,10,15hHB101,DMSO,1,milbemycin,0.0039,,,NIC1667,1,,,
p024,E04,48h,10,15hHB101,DMSO,1,milbemycin,0.0039,,,VX34,1,,,
p024,F04,48h,10,15hHB101,DMSO,1,milbemycin,0.0039,,,ECA2666,1,,,
p024,A05,48h,10,15hHB101,DMSO,1,milbemycin,0.0078,,,PB420,1,,,
p024,B05,48h,10,15hHB101,DMSO,1,milbemycin,0.0078,,,ED3102,1,,,
p024,C05,48h,10,15hHB101,DMSO,1,milbemycin,0.0078,,,JU3237,1,,,
p024,D05,48h,10,15hHB101,DMSO,1,milbemycin,0.0078,,,NIC1667,1,,,
p024,E05,48h,10,15hHB101,DMSO,1,milbemycin,0.0078,,,VX34,1,,,
p024,F05,48h,10,15hHB101,DMSO,1,milbemycin,0.0078,,,ECA2666,1,,,
p024,A06,48h,10,15hHB101,DMSO,1,milbemycin,0.0156,,,PB420,1,,,
p024,B06,48h,10,15hHB101,DMSO,1,milbemycin,0.0156,,,ED3102,1,,,
p024,C06,48h,10,15hHB101,DMSO,1,milbemycin,0.0156,,,JU3237,1,,,
p024,D06,48h,10,15hHB101,DMSO,1,milbemycin,0.0156,,,NIC1667,1,,,
p024,E06,48h,10,15hHB101,DMSO,1,milbemycin,0.0156,,,VX34,1,,,
p024,F06,48h,10,15hHB101,DMSO,1,milbemycin,0.0156,,,ECA2666,1,,,
p024,A07,48h,10,15hHB101,DMSO,1,milbemycin,0.03125,,,PB420,1,,,
p024,B07,48h,10,15hHB101,DMSO,1,milbemycin,0.03125,,,ED3102,1,,,
p024,C07,48h,10,15hHB101,DMSO,1,milbemycin,0.03125,,,JU3237,1,,,
p024,D07,48h,10,15hHB101,DMSO,1,milbemycin,0.03125,,,NIC1667,1,,,
p024,E07,48h,10,15hHB101,DMSO,1,milbemycin,0.03125,,,VX34,1,,,
p024,F07,48h,10,15hHB101,DMSO,1,milbemycin,0.03125,,,ECA2666,1,,,
p024,A08,48h,10,15hHB101,DMSO,1,milbemycin,0.0625,,,PB420,1,,,
p024,B08,48h,10,15hHB101,DMSO,1,milbemycin,0.0625,,,ED3102,1,,,
p024,C08,48h,10,15hHB101,DMSO,1,milbemycin,0.0625,,,JU3237,1,,,
p024,D08,48h,10,15hHB101,DMSO,1,milbemycin,0.0625,,,NIC1667,1,,,
p024,E08,48h,10,15hHB101,DMSO,1,milbemycin,0.0625,,,VX34,1,,,
p024,F08,48h,10,15hHB101,DMSO,1,milbemycin,0.0625,,,ECA2666,1,,,
p024,A09,48h,10,15hHB101,DMSO,1,milbemycin,0.125,,,PB420,1,,,
p024,B09,48h,10,15hHB101,DMSO,1,milbemycin,0.125,,,ED3102,1,,,
p024,C09,48h,10,15hHB101,DMSO,1,milbemycin,0.125,,,JU3237,1,,,
p024,D09,48h,10,15hHB101,DMSO,1,milbemycin,0.125,,,NIC1667,1,,,
p024,E09,48h,10,15hHB101,DMSO,1,milbemycin,0.125,,,VX34,1,,,
p024,F09,48h,10,15hHB101,DMSO,1,milbemycin,0.125,,,ECA2666,1,,,
p024,A10,48h,10,15hHB101,DMSO,1,milbemycin,0.25,,,PB420,1,,,
p024,B10,48h,10,15hHB101,DMSO,1,milbemycin,0.25,,,ED3102,1,,,
p024,C10,48h,10,15hHB101,DMSO,1,milbemycin,0.25,,,JU3237,1,,,
p024,D10,48h,10,15hHB101,DMSO,1,milbemycin,0.25,,,NIC1667,1,,,
p024,E10,48h,10,15hHB101,DMSO,1,milbemycin,0.25,,,VX34,1,,,
p024,F10,48h,10,15hHB101,DMSO,1,milbemycin,0.25,,,ECA2666,1,,,
p024,A11,48h,10,15hHB101,DMSO,1,milbemycin,0.5,,,PB420,1,,,
p024,B11,48h,10,15hHB101,DMSO,1,milbemycin,0.5,,,ED3102,1,,,
p024,C11,48h,10,15hHB101,DMSO,1,milbemycin,0.5,,,JU3237,1,,,
p024,D11,48h,10,15hHB101,DMSO,1,milbemycin,0.5,,,NIC1667,1,,,
p024,E11,48h,10,15hHB101,DMSO,1,milbemycin,0.5,,,VX34,1,,,
p024,F11,48h,10,15hHB101,DMSO,1,milbemycin,0.5,,,ECA2666,1,,,
p024,A12,48h,10,15hHB101,DMSO,1,milbemycin,1,,,PB420,1,,,
p024,B12,48h,10,15hHB101,DMSO,1,milbemycin,1,,,ED3102,1,,,
p024,C12,48h,10,15hHB101,DMSO,1,milbemycin,1,,,JU3237,1,,,
p024,D12,48h,10,15hHB101,DMSO,1,milbemycin,1,,,NIC1667,1,,,
p024,E12,48h,10,15hHB101,DMSO,1,milbemycin,1,,,VX34,1,,,
p024,F12,48h,10,15hHB101,DMSO,1,milbemycin,1,,,ECA2666,1,,,
p025,A01,48h,10,15hHB101,DMSO,1,milbemycin,0,,,ECA2666,2,,,
p025,B01,48h,10,15hHB101,DMSO,1,milbemycin,0,,,JU3237,2,,,
p025,C01,48h,10,15hHB101,DMSO,1,milbemycin,0,,,VX34,2,,,
p025,D01,48h,10,15hHB101,DMSO,1,milbemycin,0,,,PB420,2,,,
p025,E01,48h,10,15hHB101,DMSO,1,milbemycin,0,,,NIC1667,2,,,
p025,F01,48h,10,15hHB101,DMSO,1,milbemycin,0,,,ED3102,2,,,
p025,A02,48h,10,15hHB101,DMSO,1,milbemycin,0.00097,,,ECA2666,2,,,
p025,B02,48h,10,15hHB101,DMSO,1,milbemycin,0.00097,,,JU3237,2,,,
p025,C02,48h,10,15hHB101,DMSO,1,milbemycin,0.00097,,,VX34,2,,,
p025,D02,48h,10,15hHB101,DMSO,1,milbemycin,0.00097,,,PB420,2,,,
p025,E02,48h,10,15hHB101,DMSO,1,milbemycin,0.00097,,,NIC1667,2,,,
p025,F02,48h,10,15hHB101,DMSO,1,milbemycin,0.00097,,,ED3102,2,,,
p025,A03,48h,10,15hHB101,DMSO,1,milbemycin,0.0019,,,ECA2666,2,,,
p025,B03,48h,10,15hHB101,DMSO,1,milbemycin,0.0019,,,JU3237,2,,,
p025,C03,48h,10,15hHB101,DMSO,1,milbemycin,0.0019,,,VX34,2,,,
p025,D03,48h,10,15hHB101,DMSO,1,milbemycin,0.0019,,,PB420,2,,,
p025,E03,48h,10,15hHB101,DMSO,1,milbemycin,0.0019,,,NIC1667,2,,,
p025,F03,48h,10,15hHB101,DMSO,1,milbemycin,0.0019,,,ED3102,2,,,
p025,A04,48h,10,15hHB101,DMSO,1,milbemycin,0.0039,,,ECA2666,2,,,
p025,B04,48h,10,15hHB101,DMSO,1,milbemycin,0.0039,,,JU3237,2,,,
p025,C04,48h,10,15hHB101,DMSO,1,milbemycin,0.0039,,,VX34,2,,,
p025,D04,48h,10,15hHB101,DMSO,1,milbemycin,0.0039,,,PB420,2,,,
p025,E04,48h,10,15hHB101,DMSO,1,milbemycin,0.0039,,,NIC1667,2,,,
p025,F04,48h,10,15hHB101,DMSO,1,milbemycin,0.0039,,,ED3102,2,,,
p025,A05,48h,10,15hHB101,DMSO,1,milbemycin,0.0078,,,ECA2666,2,,,
p025,B05,48h,10,15hHB101,DMSO,1,milbemycin,0.0078,,,JU3237,2,,,
p025,C05,48h,10,15hHB101,DMSO,1,milbemycin,0.0078,,,VX34,2,,,
p025,D05,48h,10,15hHB101,DMSO,1,milbemycin,0.0078,,,PB420,2,,,
p025,E05,48h,10,15hHB101,DMSO,1,milbemycin,0.0078,,,NIC1667,2,,,
p025,F05,48h,10,15hHB101,DMSO,1,milbemycin,0.0078,,,ED3102,2,,,
p025,A06,48h,10,15hHB101,DMSO,1,milbemycin,0.0156,,,ECA2666,2,,,
p025,B06,48h,10,15hHB101,DMSO,1,milbemycin,0.0156,,,JU3237,2,,,
p025,C06,48h,10,15hHB101,DMSO,1,milbemycin,0.0156,,,VX34,2,,,
p025,D06,48h,10,15hHB101,DMSO,1,milbemycin,0.0156,,,PB420,2,,,
p025,E06,48h,10,15hHB101,DMSO,1,milbemycin,0.0156,,,NIC1667,2,,,
p025,F06,48h,10,15hHB101,DMSO,1,milbemycin,0.0156,,,ED3102,2,,,
p025,A07,48h,10,15hHB101,DMSO,1,milbemycin,0.03125,,,ECA2666,2,,,
p025,B07,48h,10,15hHB101,DMSO,1,milbemycin,0.03125,,,JU3237,2,,,
p025,C07,48h,10,15hHB101,DMSO,1,milbemycin,0.03125,,,VX34,2,,,
p025,D07,48h,10,15hHB101,DMSO,1,milbemycin,0.03125,,,PB420,2,,,
p025,E07,48h,10,15hHB101,DMSO,1,milbemycin,0.03125,,,NIC1667,2,,,
p025,F07,48h,10,15hHB101,DMSO,1,milbemycin,0.03125,,,ED3102,2,,,
p025,A08,48h,10,15hHB101,DMSO,1,milbemycin,0.0625,,,ECA2666,2,,,
p025,B08,48h,10,15hHB101,DMSO,1,milbemycin,0.0625,,,JU3237,2,,,
p025,C08,48h,10,15hHB101,DMSO,1,milbemycin,0.0625,,,VX34,2,,,
p025,D08,48h,10,15hHB101,DMSO,1,milbemycin,0.0625,,,PB420,2,,,
p025,E08,48h,10,15hHB101,DMSO,1,milbemycin,0.0625,,,NIC1667,2,,,
p025,F08,48h,10,15hHB101,DMSO,1,milbemycin,0.0625,,,ED3102,2,,,
p025,A09,48h,10,15hHB101,DMSO,1,milbemycin,0.125,,,ECA2666,2,,,
p025,B09,48h,10,15hHB101,DMSO,1,milbemycin,0.125,,,JU3237,2,,,
p025,C09,48h,10,15hHB101,DMSO,1,milbemycin,0.125,,,VX34,2,,,
p025,D09,48h,10,15hHB101,DMSO,1,milbemycin,0.125,,,PB420,2,,,
p025,E09,48h,10,15hHB101,DMSO,1,milbemycin,0.125,,,NIC1667,2,,,
p025,F09,48h,10,15hHB101,DMSO,1,milbemycin,0.125,,,ED3102,2,,,
p025,A10,48h,10,15hHB101,DMSO,1,milbemycin,0.25,,,ECA2666,2,,,
p025,B10,48h,10,15hHB101,DMSO,1,milbemycin,0.25,,,JU3237,2,,,
p025,C10,48h,10,15hHB101,DMSO,1,milbemycin,0.25,,,VX34,2,,,
p025,D10,48h,10,15hHB101,DMSO,1,milbemycin,0.25,,,PB420,2,,,
p025,E10,48h,10,15hHB101,DMSO,1,milbemycin,0.25,,,NIC1667,2,,,
p025,F10,48h,10,15hHB101,DMSO,1,milbemycin,0.25,,,ED3102,2,,,
p025,A11,48h,10,15hHB101,DMSO,1,milbemycin,0.5,,,ECA2666,2,,,
p025,B11,48h,10,15hHB101,DMSO,1,milbemycin,0.5,,,JU3237,2,,,
p025,C11,48h,10,15hHB101,DMSO,1,milbemycin,0.5,,,VX34,2,,,
p025,D11,48h,10,15hHB101,DMSO,1,milbemycin,0.5,,,PB420,2,,,
p025,E11,48h,10,15hHB101,DMSO,1,milbemycin,0.5,,,NIC1667,2,,,
p025,F11,48h,10,15hHB101,DMSO,1,milbemycin,0.5,,,ED3102,2,,,
p025,A12,48h,10,15hHB101,DMSO,1,milbemycin,1,,,ECA2666,2,,,
p025,B12,48h,10,15hHB101,DMSO,1,milbemycin,1,,,JU3237,2,,,
p025,C12,48h,10,15hHB101,DMSO,1,milbemycin,1,,,VX34,2,,,
p025,D12,48h,10,15hHB101,DMSO,1,milbemycin,1,,,PB420,2,,,
p025,E12,48h,10,15hHB101,DMSO,1,milbemycin,1,,,NIC1667,2,,,
p025,F12,48h,10,15hHB101,DMSO,1,milbemycin,1,,,ED3102,2,,,
p026,A01,48h,10,15hHB101,DMSO,1,milbemycin,0,,,ECA2666,2,,,
p026,B01,48h,10,15hHB101,DMSO,1,milbemycin,0,,,JU3237,2,,,
p026,C01,48h,10,15hHB101,DMSO,1,milbemycin,0,,,VX34,2,,,
p026,D01,48h,10,15hHB101,DMSO,1,milbemycin,0,,,PB420,2,,,
p026,E01,48h,10,15hHB101,DMSO,1,milbemycin,0,,,NIC1667,2,,,
p026,F01,48h,10,15hHB101,DMSO,1,milbemycin,0,,,ED3102,2,,,
p026,A02,48h,10,15hHB101,DMSO,1,milbemycin,0.00097,,,ECA2666,2,,,
p026,B02,48h,10,15hHB101,DMSO,1,milbemycin,0.00097,,,JU3237,2,,,
p026,C02,48h,10,15hHB101,DMSO,1,milbemycin,0.00097,,,VX34,2,,,
p026,D02,48h,10,15hHB101,DMSO,1,milbemycin,0.00097,,,PB420,2,,,
p026,E02,48h,10,15hHB101,DMSO,1,milbemycin,0.00097,,,NIC1667,2,,,
p026,F02,48h,10,15hHB101,DMSO,1,milbemycin,0.00097,,,ED3102,2,,,
p026,A03,48h,10,15hHB101,DMSO,1,milbemycin,0.0019,,,ECA2666,2,,,
p026,B03,48h,10,15hHB101,DMSO,1,milbemycin,0.0019,,,JU3237,2,,,
p026,C03,48h,10,15hHB101,DMSO,1,milbemycin,0.0019,,,VX34,2,,,
p026,D03,48h,10,15hHB101,DMSO,1,milbemycin,0.0019,,,PB420,2,,,
p026,E03,48h,10,15hHB101,DMSO,1,milbemycin,0.0019,,,NIC1667,2,,,
p026,F03,48h,10,15hHB101,DMSO,1,milbemycin,0.0019,,,ED3102,2,,,
p026,A04,48h,10,15hHB101,DMSO,1,milbemycin,0.0039,,,ECA2666,2,,,
p026,B04,48h,10,15hHB101,DMSO,1,milbemycin,0.0039,,,JU3237,2,,,
p026,C04,48h,10,15hHB101,DMSO,1,milbemycin,0.0039,,,VX34,2,,,
p026,D04,48h,10,15hHB101,DMSO,1,milbemycin,0.0039,,,PB420,2,,,
p026,E04,48h,10,15hHB101,DMSO,1,milbemycin,0.0039,,,NIC1667,2,,,
p026,F04,48h,10,15hHB101,DMSO,1,milbemycin,0.0039,,,ED3102,2,,,
p026,A05,48h,10,15hHB101,DMSO,1,milbemycin,0.0078,,,ECA2666,2,,,
p026,B05,48h,10,15hHB101,DMSO,1,milbemycin,0.0078,,,JU3237,2,,,
p026,C05,48h,10,15hHB101,DMSO,1,milbemycin,0.0078,,,VX34,2,,,
p026,D05,48h,10,15hHB101,DMSO,1,milbemycin,0.0078,,,PB420,2,,,
p026,E05,48h,10,15hHB101,DMSO,1,milbemycin,0.0078,,,NIC1667,2,,,
p026,F05,48h,10,15hHB101,DMSO,1,milbemycin,0.0078,,,ED3102,2,,,
p026,A06,48h,10,15hHB101,DMSO,1,milbemycin,0.0156,,,ECA2666,2,,,
p026,B06,48h,10,15hHB101,DMSO,1,milbemycin,0.0156,,,JU3237,2,,,
p026,C06,48h,10,15hHB101,DMSO,1,milbemycin,0.0156,,,VX34,2,,,
p026,D06,48h,10,15hHB101,DMSO,1,milbemycin,0.0156,,,PB420,2,,,
p026,E06,48h,10,15hHB101,DMSO,1,milbemycin,0.0156,,,NIC1667,2,,,
p026,F06,48h,10,15hHB101,DMSO,1,milbemycin,0.0156,,,ED3102,2,,,
p026,A07,48h,10,15hHB101,DMSO,1,milbemycin,0.03125,,,ECA2666,2,,,
p026,B07,48h,10,15hHB101,DMSO,1,milbemycin,0.03125,,,JU3237,2,,,
p026,C07,48h,10,15hHB101,DMSO,1,milbemycin,0.03125,,,VX34,2,,,
p026,D07,48h,10,15hHB101,DMSO,1,milbemycin,0.03125,,,PB420,2,,,
p026,E07,48h,10,15hHB101,DMSO,1,milbemycin,0.03125,,,NIC1667,2,,,
p026,F07,48h,10,15hHB101,DMSO,1,milbemycin,0.03125,,,ED3102,2,,,
p026,A08,48h,10,15hHB101,DMSO,1,milbemycin,0.0625,,,ECA2666,2,,,
p026,B08,48h,10,15hHB101,DMSO,1,milbemycin,0.0625,,,JU3237,2,,,
p026,C08,48h,10,15hHB101,DMSO,1,milbemycin,0.0625,,,VX34,2,,,
p026,D08,48h,10,15hHB101,DMSO,1,milbemycin,0.0625,,,PB420,2,,,
p026,E08,48h,10,15hHB101,DMSO,1,milbemycin,0.0625,,,NIC1667,2,,,
p026,F08,48h,10,15hHB101,DMSO,1,milbemycin,0.0625,,,ED3102,2,,,
p026,A09,48h,10,15hHB101,DMSO,1,milbemycin,0.125,,,ECA2666,2,,,
p026,B09,48h,10,15hHB101,DMSO,1,milbemycin,0.125,,,JU3237,2,,,
p026,C09,48h,10,15hHB101,DMSO,1,milbemycin,0.125,,,VX34,2,,,
p026,D09,48h,10,15hHB101,DMSO,1,milbemycin,0.125,,,PB420,2,,,
p026,E09,48h,10,15hHB101,DMSO,1,milbemycin,0.125,,,NIC1667,2,,,
p026,F09,48h,10,15hHB101,DMSO,1,milbemycin,0.125,,,ED3102,2,,,
p026,A10,48h,10,15hHB101,DMSO,1,milbemycin,0.25,,,ECA2666,2,,,
p026,B10,48h,10,15hHB101,DMSO,1,milbemycin,0.25,,,JU3237,2,,,
p026,C10,48h,10,15hHB101,DMSO,1,milbemycin,0.25,,,VX34,2,,,
p026,D10,48h,10,15hHB101,DMSO,1,milbemycin,0.25,,,PB420,2,,,
p026,E10,48h,10,15hHB101,DMSO,1,milbemycin,0.25,,,NIC1667,2,,,
p026,F10,48h,10,15hHB101,DMSO,1,milbemycin,0.25,,,ED3102,2,,,
p026,A11,48h,10,15hHB101,DMSO,1,milbemycin,0.5,,,ECA2666,2,,,
p026,B11,48h,10,15hHB101,DMSO,1,milbemycin,0.5,,,JU3237,2,,,
p026,C11,48h,10,15hHB101,DMSO,1,milbemycin,0.5,,,VX34,2,,,
p026,D11,48h,10,15hHB101,DMSO,1,milbemycin,0.5,,,PB420,2,,,
p026,E11,48h,10,15hHB101,DMSO,1,milbemycin,0.5,,,NIC1667,2,,,
p026,F11,48h,10,15hHB101,DMSO,1,milbemycin,0.5,,,ED3102,2,,,
p026,A12,48h,10,15hHB101,DMSO,1,milbemycin,1,,,ECA2666,2,,,
p026,B12,48h,10,15hHB101,DMSO,1,milbemycin,1,,,JU3237,2,,,
p026,C12,48h,10,15hHB101,DMSO,1,milbemycin,1,,,VX34,2,,,
p026,D12,48h,10,15hHB101,DMSO,1,milbemycin,1,,,PB420,2,,,
p026,E12,48h,10,15hHB101,DMSO,1,milbemycin,1,,,NIC1667,2,,,
p026,F12,48h,10,15hHB101,DMSO,1,milbemycin,1,,,ED3102,2,,,
p027,A01,48h,10,15hHB101,DMSO,1,milbemycin,0,,,ECA2666,2,,,
p027,B01,48h,10,15hHB101,DMSO,1,milbemycin,0,,,JU3237,2,,,
p027,C01,48h,10,15hHB101,DMSO,1,milbemycin,0,,,VX34,2,,,
p027,D01,48h,10,15hHB101,DMSO,1,milbemycin,0,,,PB420,2,,,
p027,E01,48h,10,15hHB101,DMSO,1,milbemycin,0,,,NIC1667,2,,,
p027,F01,48h,10,15hHB101,DMSO,1,milbemycin,0,,,ED3102,2,,,
p027,A02,48h,10,15hHB101,DMSO,1,milbemycin,0.00097,,,ECA2666,2,,,
p027,B02,48h,10,15hHB101,DMSO,1,milbemycin,0.00097,,,JU3237,2,,,
p027,C02,48h,10,15hHB101,DMSO,1,milbemycin,0.00097,,,VX34,2,,,
p027,D02,48h,10,15hHB101,DMSO,1,milbemycin,0.00097,,,PB420,2,,,
p027,E02,48h,10,15hHB101,DMSO,1,milbemycin,0.00097,,,NIC1667,2,,,
p027,F02,48h,10,15hHB101,DMSO,1,milbemycin,0.00097,,,ED3102,2,,,
p027,A03,48h,10,15hHB101,DMSO,1,milbemycin,0.0019,,,ECA2666,2,,,
p027,B03,48h,10,15hHB101,DMSO,1,milbemycin,0.0019,,,JU3237,2,,,
p027,C03,48h,10,15hHB101,DMSO,1,milbemycin,0.0019,,,VX34,2,,,
p027,D03,48h,10,15hHB101,DMSO,1,milbemycin,0.0019,,,PB420,2,,,
p027,E03,48h,10,15hHB101,DMSO,1,milbemycin,0.0019,,,NIC1667,2,,,
p027,F03,48h,10,15hHB101,DMSO,1,milbemycin,0.0019,,,ED3102,2,,,
p027,A04,48h,10,15hHB101,DMSO,1,milbemycin,0.0039,,,ECA2666,2,,,
p027,B04,48h,10,15hHB101,DMSO,1,milbemycin,0.0039,,,JU3237,2,,,
p027,C04,48h,10,15hHB101,DMSO,1,milbemycin,0.0039,,,VX34,2,,,
p027,D04,48h,10,15hHB101,DMSO,1,milbemycin,0.0039,,,PB420,2,,,
p027,E04,48h,10,15hHB101,DMSO,1,milbemycin,0.0039,,,NIC1667,2,,,
p027,F04,48h,10,15hHB101,DMSO,1,milbemycin,0.0039,,,ED3102,2,,,
p027,A05,48h,10,15hHB101,DMSO,1,milbemycin,0.0078,,,ECA2666,2,,,
p027,B05,48h,10,15hHB101,DMSO,1,milbemycin,0.0078,,,JU3237,2,,,
p027,C05,48h,10,15hHB101,DMSO,1,milbemycin,0.0078,,,VX34,2,,,
p027,D05,48h,10,15hHB101,DMSO,1,milbemycin,0.0078,,,PB420,2,,,
p027,E05,48h,10,15hHB101,DMSO,1,milbemycin,0.0078,,,NIC1667,2,,,
p027,F05,48h,10,15hHB101,DMSO,1,milbemycin,0.0078,,,ED3102,2,,,
p027,A06,48h,10,15hHB101,DMSO,1,milbemycin,0.0156,,,ECA2666,2,,,
p027,B06,48h,10,15hHB101,DMSO,1,milbemycin,0.0156,,,JU3237,2,,,
p027,C06,48h,10,15hHB101,DMSO,1,milbemycin,0.0156,,,VX34,2,,,
p027,D06,48h,10,15hHB101,DMSO,1,milbemycin,0.0156,,,PB420,2,,,
p027,E06,48h,10,15hHB101,DMSO,1,milbemycin,0.0156,,,NIC1667,2,,,
p027,F06,48h,10,15hHB101,DMSO,1,milbemycin,0.0156,,,ED3102,2,,,
p027,A07,48h,10,15hHB101,DMSO,1,milbemycin,0.03125,,,ECA2666,2,,,
p027,B07,48h,10,15hHB101,DMSO,1,milbemycin,0.03125,,,JU3237,2,,,
p027,C07,48h,10,15hHB101,DMSO,1,milbemycin,0.03125,,,VX34,2,,,
p027,D07,48h,10,15hHB101,DMSO,1,milbemycin,0.03125,,,PB420,2,,,
p027,E07,48h,10,15hHB101,DMSO,1,milbemycin,0.03125,,,NIC1667,2,,,
p027,F07,48h,10,15hHB101,DMSO,1,milbemycin,0.03125,,,ED3102,2,,,
p027,A08,48h,10,15hHB101,DMSO,1,milbemycin,0.0625,,,ECA2666,2,,,
p027,B08,48h,10,15hHB101,DMSO,1,milbemycin,0.0625,,,JU3237,2,,,
p027,C08,48h,10,15hHB101,DMSO,1,milbemycin,0.0625,,,VX34,2,,,
p027,D08,48h,10,15hHB101,DMSO,1,milbemycin,0.0625,,,PB420,2,,,
p027,E08,48h,10,15hHB101,DMSO,1,milbemycin,0.0625,,,NIC1667,2,,,
p027,F08,48h,10,15hHB101,DMSO,1,milbemycin,0.0625,,,ED3102,2,,,
p027,A09,48h,10,15hHB101,DMSO,1,milbemycin,0.125,,,ECA2666,2,,,
p027,B09,48h,10,15hHB101,DMSO,1,milbemycin,0.125,,,JU3237,2,,,
p027,C09,48h,10,15hHB101,DMSO,1,milbemycin,0.125,,,VX34,2,,,
p027,D09,48h,10,15hHB101,DMSO,1,milbemycin,0.125,,,PB420,2,,,
p027,E09,48h,10,15hHB101,DMSO,1,milbemycin,0.125,,,NIC1667,2,,,
p027,F09,48h,10,15hHB101,DMSO,1,milbemycin,0.125,,,ED3102,2,,,
p027,A10,48h,10,15hHB101,DMSO,1,milbemycin,0.25,,,ECA2666,2,,,
p027,B10,48h,10,15hHB101,DMSO,1,milbemycin,0.25,,,JU3237,2,,,
p027,C10,48h,10,15hHB101,DMSO,1,milbemycin,0.25,,,VX34,2,,,
p027,D10,48h,10,15hHB101,DMSO,1,milbemycin,0.25,,,PB420,2,,,
p027,E10,48h,10,15hHB101,DMSO,1,milbemycin,0.25,,,NIC1667,2,,,
p027,F10,48h,10,15hHB101,DMSO,1,milbemycin,0.25,,,ED3102,2,,,
p027,A11,48h,10,15hHB101,DMSO,1,milbemycin,0.5,,,ECA2666,2,,,
p027,B11,48h,10,15hHB101,DMSO,1,milbemycin,0.5,,,JU3237,2,,,
p027,C11,48h,10,15hHB101,DMSO,1,milbemycin,0.5,,,VX34,2,,,
p027,D11,48h,10,15hHB101,DMSO,1,milbemycin,0.5,,,PB420,2,,,
p027,E11,48h,10,15hHB101,DMSO,1,milbemycin,0.5,,,NIC1667,2,,,
p027,F11,48h,10,15hHB101,DMSO,1,milbemycin,0.5,,,ED3102,2,,,
p027,A12,48h,10,15hHB101,DMSO,1,milbemycin,1,,,ECA2666,2,,,
p027,B12,48h,10,15hHB101,DMSO,1,milbemycin,1,,,JU3237,2,,,
p027,C12,48h,10,15hHB101,DMSO,1,milbemycin,1,,,VX34,2,,,
p027,D12,48h,10,15hHB101,DMSO,1,milbemycin,1,,,PB420,2,,,
p027,E12,48h,10,15hHB101,DMSO,1,milbemycin,1,,,NIC1667,2,,,
p027,F12,48h,10,15hHB101,DMSO,1,milbemycin,1,,,ED3102,2,,,
p028,A01,48h,10,15hHB101,DMSO,1,milbemycin,0,,,ECA2666,2,,,
p028,B01,48h,10,15hHB101,DMSO,1,milbemycin,0,,,JU3237,2,,,
p028,C01,48h,10,15hHB101,DMSO,1,milbemycin,0,,,VX34,2,,,
p028,D01,48h,10,15hHB101,DMSO,1,milbemycin,0,,,PB420,2,,,
p028,E01,48h,10,15hHB101,DMSO,1,milbemycin,0,,,NIC1667,2,,,
p028,F01,48h,10,15hHB101,DMSO,1,milbemycin,0,,,ED3102,2,,,
p028,A02,48h,10,15hHB101,DMSO,1,milbemycin,0.00097,,,ECA2666,2,,,
p028,B02,48h,10,15hHB101,DMSO,1,milbemycin,0.00097,,,JU3237,2,,,
p028,C02,48h,10,15hHB101,DMSO,1,milbemycin,0.00097,,,VX34,2,,,
p028,D02,48h,10,15hHB101,DMSO,1,milbemycin,0.00097,,,PB420,2,,,
p028,E02,48h,10,15hHB101,DMSO,1,milbemycin,0.00097,,,NIC1667,2,,,
p028,F02,48h,10,15hHB101,DMSO,1,milbemycin,0.00097,,,ED3102,2,,,
p028,A03,48h,10,15hHB101,DMSO,1,milbemycin,0.0019,,,ECA2666,2,,,
p028,B03,48h,10,15hHB101,DMSO,1,milbemycin,0.0019,,,JU3237,2,,,
p028,C03,48h,10,15hHB101,DMSO,1,milbemycin,0.0019,,,VX34,2,,,
p028,D03,48h,10,15hHB101,DMSO,1,milbemycin,0.0019,,,PB420,2,,,
p028,E03,48h,10,15hHB101,DMSO,1,milbemycin,0.0019,,,NIC1667,2,,,
p028,F03,48h,10,15hHB101,DMSO,1,milbemycin,0.0019,,,ED3102,2,,,
p028,A04,48h,10,15hHB101,DMSO,1,milbemycin,0.0039,,,ECA2666,2,,,
p028,B04,48h,10,15hHB101,DMSO,1,milbemycin,0.0039,,,JU3237,2,,,
p028,C04,48h,10,15hHB101,DMSO,1,milbemycin,0.0039,,,VX34,2,,,
p028,D04,48h,10,15hHB101,DMSO,1,milbemycin,0.0039,,,PB420,2,,,
p028,E04,48h,10,15hHB101,DMSO,1,milbemycin,0.0039,,,NIC1667,2,,,
p028,F04,48h,10,15hHB101,DMSO,1,milbemycin,0.0039,,,ED3102,2,,,
p028,A05,48h,10,15hHB101,DMSO,1,milbemycin,0.0078,,,ECA2666,2,,,
p028,B05,48h,10,15hHB101,DMSO,1,milbemycin,0.0078,,,JU3237,2,,,
p028,C05,48h,10,15hHB101,DMSO,1,milbemycin,0.0078,,,VX34,2,,,
p028,D05,48h,10,15hHB101,DMSO,1,milbemycin,0.0078,,,PB420,2,,,
p028,E05,48h,10,15hHB101,DMSO,1,milbemycin,0.0078,,,NIC1667,2,,,
p028,F05,48h,10,15hHB101,DMSO,1,milbemycin,0.0078,,,ED3102,2,,,
p028,A06,48h,10,15hHB101,DMSO,1,milbemycin,0.0156,,,ECA2666,2,,,
p028,B06,48h,10,15hHB101,DMSO,1,milbemycin,0.0156,,,JU3237,2,,,
p028,C06,48h,10,15hHB101,DMSO,1,milbemycin,0.0156,,,VX34,2,,,
p028,D06,48h,10,15hHB101,DMSO,1,milbemycin,0.0156,,,PB420,2,,,
p028,E06,48h,10,15hHB101,DMSO,1,milbemycin,0.0156,,,NIC1667,2,,,
p028,F06,48h,10,15hHB101,DMSO,1,milbemycin,0.0156,,,ED3102,2,,,
p028,A07,48h,10,15hHB101,DMSO,1,milbemycin,0.03125,,,ECA2666,2,,,
p028,B07,48h,10,15hHB101,DMSO,1,milbemycin,0.03125,,,JU3237,2,,,
p028,C07,48h,10,15hHB101,DMSO,1,milbemycin,0.03125,,,VX34,2,,,
p028,D07,48h,10,15hHB101,DMSO,1,milbemycin,0.03125,,,PB420,2,,,
p028,E07,48h,10,15hHB101,DMSO,1,milbemycin,0.03125,,,NIC1667,2,,,
p028,F07,48h,10,15hHB101,DMSO,1,milbemycin,0.03125,,,ED3102,2,,,
p028,A08,48h,10,15hHB101,DMSO,1,milbemycin,0.0625,,,ECA2666,2,,,
p028,B08,48h,10,15hHB101,DMSO,1,milbemycin,0.0625,,,JU3237,2,,,
p028,C08,48h,10,15hHB101,DMSO,1,milbemycin,0.0625,,,VX34,2,,,
p028,D08,48h,10,15hHB101,DMSO,1,milbemycin,0.0625,,,PB420,2,,,
p028,E08,48h,10,15hHB101,DMSO,1,milbemycin,0.0625,,,NIC1667,2,,,
p028,F08,48h,10,15hHB101,DMSO,1,milbemycin,0.0625,,,ED3102,2,,,
p028,A09,48h,10,15hHB101,DMSO,1,milbemycin,0.125,,,ECA2666,2,,,
p028,B09,48h,10,15hHB101,DMSO,1,milbemycin,0.125,,,JU3237,2,,,
p028,C09,48h,10,15hHB101,DMSO,1,milbemycin,0.125,,,VX34,2,,,
p028,D09,48h,10,15hHB101,DMSO,1,milbemycin,0.125,,,PB420,2,,,
p028,E09,48h,10,15hHB101,DMSO,1,milbemycin,0.125,,,NIC1667,2,,,
p028,F09,48h,10,15hHB101,DMSO,1,milbemycin,0.125,,,ED3102,2,,,
p028,A10,48h,10,15hHB101,DMSO,1,milbemycin,0.25,,,ECA2666,2,,,
p028,B10,48h,10,15hHB101,DMSO,1,milbemycin,0.25,,,JU3237,2,,,
p028,C10,48h,10,15hHB101,DMSO,1,milbemycin,0.25,,,VX34,2,,,
p028,D10,48h,10,15hHB101,DMSO,1,milbemycin,0.25,,,PB420,2,,,
p028,E10,48h,10,15hHB101,DMSO,1,milbemycin,0.25,,,NIC1667,2,,,
p028,F10,48h,10,15hHB101,DMSO,1,milbemycin,0.25,,,ED3102,2,,,
p028,A11,48h,10,15hHB101,DMSO,1,milbemycin,0.5,,,ECA2666,2,,,
p028,B11,48h,10,15hHB101,DMSO,1,milbemycin,0.5,,,JU3237,2,,,
p028,C11,48h,10,15hHB101,DMSO,1,milbemycin,0.5,,,VX34,2,,,
p028,D11,48h,10,15hHB101,DMSO,1,milbemycin,0.5,,,PB420,2,,,
p028,E11,48h,10,15hHB101,DMSO,1,milbemycin,0.5,,,NIC1667,2,,,
p028,F11,48h,10,15hHB101,DMSO,1,milbemycin,0.5,,,ED3102,2,,,
p028,A12,48h,10,15hHB101,DMSO,1,milbemycin,1,,,ECA2666,2,,,
p028,B12,48h,10,15hHB101,DMSO,1,milbemycin,1,,,JU3237,2,,,
p028,C12,48h,10,15hHB101,DMSO,1,milbemycin,1,,,VX34,2,,,
p028,D12,48h,10,15hHB101,DMSO,1,milbemycin,1,,,PB420,2,,,
p028,E12,48h,10,15hHB101,DMSO,1,milbemycin,1,,,NIC1667,2,,,
p028,F12,48h,10,15hHB101,DMSO,1,milbemycin,1,,,ED3102,2,,,
p029,A01,48h,10,15hHB101,DMSO,1,milbemycin,0,,,ECA2666,2,,,
p029,B01,48h,10,15hHB101,DMSO,1,milbemycin,0,,,JU3237,2,,,
p029,C01,48h,10,15hHB101,DMSO,1,milbemycin,0,,,VX34,2,,,
p029,D01,48h,10,15hHB101,DMSO,1,milbemycin,0,,,PB420,2,,,
p029,E01,48h,10,15hHB101,DMSO,1,milbemycin,0,,,NIC1667,2,,,
p029,F01,48h,10,15hHB101,DMSO,1,milbemycin,0,,,ED3102,2,,,
p029,A02,48h,10,15hHB101,DMSO,1,milbemycin,0.00097,,,ECA2666,2,,,
p029,B02,48h,10,15hHB101,DMSO,1,milbemycin,0.00097,,,JU3237,2,,,
p029,C02,48h,10,15hHB101,DMSO,1,milbemycin,0.00097,,,VX34,2,,,
p029,D02,48h,10,15hHB101,DMSO,1,milbemycin,0.00097,,,PB420,2,,,
p029,E02,48h,10,15hHB101,DMSO,1,milbemycin,0.00097,,,NIC1667,2,,,
p029,F02,48h,10,15hHB101,DMSO,1,milbemycin,0.00097,,,ED3102,2,,,
p029,A03,48h,10,15hHB101,DMSO,1,milbemycin,0.0019,,,ECA2666,2,,,
p029,B03,48h,10,15hHB101,DMSO,1,milbemycin,0.0019,,,JU3237,2,,,
p029,C03,48h,10,15hHB101,DMSO,1,milbemycin,0.0019,,,VX34,2,,,
p029,D03,48h,10,15hHB101,DMSO,1,milbemycin,0.0019,,,PB420,2,,,
p029,E03,48h,10,15hHB101,DMSO,1,milbemycin,0.0019,,,NIC1667,2,,,
p029,F03,48h,10,15hHB101,DMSO,1,milbemycin,0.0019,,,ED3102,2,,,
p029,A04,48h,10,15hHB101,DMSO,1,milbemycin,0.0039,,,ECA2666,2,,,
p029,B04,48h,10,15hHB101,DMSO,1,milbemycin,0.0039,,,JU3237,2,,,
p029,C04,48h,10,15hHB101,DMSO,1,milbemycin,0.0039,,,VX34,2,,,
p029,D04,48h,10,15hHB101,DMSO,1,milbemycin,0.0039,,,PB420,2,,,
p029,E04,48h,10,15hHB101,DMSO,1,milbemycin,0.0039,,,NIC1667,2,,,
p029,F04,48h,10,15hHB101,DMSO,1,milbemycin,0.0039,,,ED3102,2,,,
p029,A05,48h,10,15hHB101,DMSO,1,milbemycin,0.0078,,,ECA2666,2,,,
p029,B05,48h,10,15hHB101,DMSO,1,milbemycin,0.0078,,,JU3237,2,,,
p029,C05,48h,10,15hHB101,DMSO,1,milbemycin,0.0078,,,VX34,2,,,
p029,D05,48h,10,15hHB101,DMSO,1,milbemycin,0.0078,,,PB420,2,,,
p029,E05,48h,10,15hHB101,DMSO,1,milbemycin,0.0078,,,NIC1667,2,,,
p029,F05,48h,10,15hHB101,DMSO,1,milbemycin,0.0078,,,ED3102,2,,,
p029,A06,48h,10,15hHB101,DMSO,1,milbemycin,0.0156,,,ECA2666,2,,,
p029,B06,48h,10,15hHB101,DMSO,1,milbemycin,0.0156,,,JU3237,2,,,
p029,C06,48h,10,15hHB101,DMSO,1,milbemycin,0.0156,,,VX34,2,,,
p029,D06,48h,10,15hHB101,DMSO,1,milbemycin,0.0156,,,PB420,2,,,
p029,E06,48h,10,15hHB101,DMSO,1,milbemycin,0.0156,,,NIC1667,2,,,
p029,F06,48h,10,15hHB101,DMSO,1,milbemycin,0.0156,,,ED3102,2,,,
p029,A07,48h,10,15hHB101,DMSO,1,milbemycin,0.03125,,,ECA2666,2,,,
p029,B07,48h,10,15hHB101,DMSO,1,milbemycin,0.03125,,,JU3237,2,,,
p029,C07,48h,10,15hHB101,DMSO,1,milbemycin,0.03125,,,VX34,2,,,
p029,D07,48h,10,15hHB101,DMSO,1,milbemycin,0.03125,,,PB420,2,,,
p029,E07,48h,10,15hHB101,DMSO,1,milbemycin,0.03125,,,NIC1667,2,,,
p029,F07,48h,10,15hHB101,DMSO,1,milbemycin,0.03125,,,ED3102,2,,,
p029,A08,48h,10,15hHB101,DMSO,1,milbemycin,0.0625,,,ECA2666,2,,,
p029,B08,48h,10,15hHB101,DMSO,1,milbemycin,0.0625,,,JU3237,2,,,
p029,C08,48h,10,15hHB101,DMSO,1,milbemycin,0.0625,,,VX34,2,,,
p029,D08,48h,10,15hHB101,DMSO,1,milbemycin,0.0625,,,PB420,2,,,
p029,E08,48h,10,15hHB101,DMSO,1,milbemycin,0.0625,,,NIC1667,2,,,
p029,F08,48h,10,15hHB101,DMSO,1,milbemycin,0.0625,,,ED3102,2,,,
p029,A09,48h,10,15hHB101,DMSO,1,milbemycin,0.125,,,ECA2666,2,,,
p029,B09,48h,10,15hHB101,DMSO,1,milbemycin,0.125,,,JU3237,2,,,
p029,C09,48h,10,15hHB101,DMSO,1,milbemycin,0.125,,,VX34,2,,,
p029,D09,48h,10,15hHB101,DMSO,1,milbemycin,0.125,,,PB420,2,,,
p029,E09,48h,10,15hHB101,DMSO,1,milbemycin,0.125,,,NIC1667,2,,,
p029,F09,48h,10,15hHB101,DMSO,1,milbemycin,0.125,,,ED3102,2,,,
p029,A10,48h,10,15hHB101,DMSO,1,milbemycin,0.25,,,ECA2666,2,,,
p029,B10,48h,10,15hHB101,DMSO,1,milbemycin,0.25,,,JU3237,2,,,
p029,C10,48h,10,15hHB101,DMSO,1,milbemycin,0.25,,,VX34,2,,,
p029,D10,48h,10,15hHB101,DMSO,1,milbemycin,0.25,,,PB420,2,,,
p029,E10,48h,10,15hHB101,DMSO,1,milbemycin,0.25,,,NIC1667,2,,,
p029,F10,48h,10,15hHB101,DMSO,1,milbemycin,0.25,,,ED3102,2,,,
p029,A11,48h,10,15hHB101,DMSO,1,milbemycin,0.5,,,ECA2666,2,,,
p029,B11,48h,10,15hHB101,DMSO,1,milbemycin,0.5,,,JU3237,2,,,
p029,C11,48h,10,15hHB101,DMSO,1,milbemycin,0.5,,,VX34,2,,,
p029,D11,48h,10,15hHB101,DMSO,1,milbemycin,0.5,,,PB420,2,,,
p029,E11,48h,10,15hHB101,DMSO,1,milbemycin,0.5,,,NIC1667,2,,,
p029,F11,48h,10,15hHB101,DMSO,1,milbemycin,0.5,,,ED3102,2,,,
p029,A12,48h,10,15hHB101,DMSO,1,milbemycin,1,,,ECA2666,2,,,
p029,B12,48h,10,15hHB101,DMSO,1,milbemycin,1,,,JU3237,2,,,
p029,C12,48h,10,15hHB101,DMSO,1,milbemycin,1,,,VX34,2,,,
p029,D12,48h,10,15hHB101,DMSO,1,milbemycin,1,,,PB420,2,,,
p029,E12,48h,10,15hHB101,DMSO,1,milbemycin,1,,,NIC1667,2,,,
p029,F12,48h,10,15hHB101,DMSO,1,milbemycin,1,,,ED3102,2,,,
p030,A01,48h,10,15hHB101,DMSO,1,milbemycin,0,,,ECA2666,2,,,
p030,B01,48h,10,15hHB101,DMSO,1,milbemycin,0,,,JU3237,2,,,
p030,C01,48h,10,15hHB101,DMSO,1,milbemycin,0,,,VX34,2,,,
p030,D01,48h,10,15hHB101,DMSO,1,milbemycin,0,,,PB420,2,,,
p030,E01,48h,10,15hHB101,DMSO,1,milbemycin,0,,,NIC1667,2,,,
p030,F01,48h,10,15hHB101,DMSO,1,milbemycin,0,,,ED3102,2,,,
p030,A02,48h,10,15hHB101,DMSO,1,milbemycin,0.00097,,,ECA2666,2,,,
p030,B02,48h,10,15hHB101,DMSO,1,milbemycin,0.00097,,,JU3237,2,,,
p030,C02,48h,10,15hHB101,DMSO,1,milbemycin,0.00097,,,VX34,2,,,
p030,D02,48h,10,15hHB101,DMSO,1,milbemycin,0.00097,,,PB420,2,,,
p030,E02,48h,10,15hHB101,DMSO,1,milbemycin,0.00097,,,NIC1667,2,,,
p030,F02,48h,10,15hHB101,DMSO,1,milbemycin,0.00097,,,ED3102,2,,,
p030,A03,48h,10,15hHB101,DMSO,1,milbemycin,0.0019,,,ECA2666,2,,,
p030,B03,48h,10,15hHB101,DMSO,1,milbemycin,0.0019,,,JU3237,2,,,
p030,C03,48h,10,15hHB101,DMSO,1,milbemycin,0.0019,,,VX34,2,,,
p030,D03,48h,10,15hHB101,DMSO,1,milbemycin,0.0019,,,PB420,2,,,
p030,E03,48h,10,15hHB101,DMSO,1,milbemycin,0.0019,,,NIC1667,2,,,
p030,F03,48h,10,15hHB101,DMSO,1,milbemycin,0.0019,,,ED3102,2,,,
p030,A04,48h,10,15hHB101,DMSO,1,milbemycin,0.0039,,,ECA2666,2,,,
p030,B04,48h,10,15hHB101,DMSO,1,milbemycin,0.0039,,,JU3237,2,,,
p030,C04,48h,10,15hHB101,DMSO,1,milbemycin,0.0039,,,VX34,2,,,
p030,D04,48h,10,15hHB101,DMSO,1,milbemycin,0.0039,,,PB420,2,,,
p030,E04,48h,10,15hHB101,DMSO,1,milbemycin,0.0039,,,NIC1667,2,,,
p030,F04,48h,10,15hHB101,DMSO,1,milbemycin,0.0039,,,ED3102,2,,,
p030,A05,48h,10,15hHB101,DMSO,1,milbemycin,0.0078,,,ECA2666,2,,,
p030,B05,48h,10,15hHB101,DMSO,1,milbemycin,0.0078,,,JU3237,2,,,
p030,C05,48h,10,15hHB101,DMSO,1,milbemycin,0.0078,,,VX34,2,,,
p030,D05,48h,10,15hHB101,DMSO,1,milbemycin,0.0078,,,PB420,2,,,
p030,E05,48h,10,15hHB101,DMSO,1,milbemycin,0.0078,,,NIC1667,2,,,
p030,F05,48h,10,15hHB101,DMSO,1,milbemycin,0.0078,,,ED3102,2,,,
p030,A06,48h,10,15hHB101,DMSO,1,milbemycin,0.0156,,,ECA2666,2,,,
p030,B06,48h,10,15hHB101,DMSO,1,milbemycin,0.0156,,,JU3237,2,,,
p030,C06,48h,10,15hHB101,DMSO,1,milbemycin,0.0156,,,VX34,2,,,
p030,D06,48h,10,15hHB101,DMSO,1,milbemycin,0.0156,,,PB420,2,,,
p030,E06,48h,10,15hHB101,DMSO,1,milbemycin,0.0156,,,NIC1667,2,,,
p030,F06,48h,10,15hHB101,DMSO,1,milbemycin,0.0156,,,ED3102,2,,,
p030,A07,48h,10,15hHB101,DMSO,1,milbemycin,0.03125,,,ECA2666,2,,,
p030,B07,48h,10,15hHB101,DMSO,1,milbemycin,0.03125,,,JU3237,2,,,
p030,C07,48h,10,15hHB101,DMSO,1,milbemycin,0.03125,,,VX34,2,,,
p030,D07,48h,10,15hHB101,DMSO,1,milbemycin,0.03125,,,PB420,2,,,
p030,E07,48h,10,15hHB101,DMSO,1,milbemycin,0.03125,,,NIC1667,2,,,
p030,F07,48h,10,15hHB101,DMSO,1,milbemycin,0.03125,,,ED3102,2,,,
p030,A08,48h,10,15hHB101,DMSO,1,milbemycin,0.0625,,,ECA2666,2,,,
p030,B08,48h,10,15hHB101,DMSO,1,milbemycin,0.0625,,,JU3237,2,,,
p030,C08,48h,10,15hHB101,DMSO,1,milbemycin,0.0625,,,VX34,2,,,
p030,D08,48h,10,15hHB101,DMSO,1,milbemycin,0.0625,,,PB420,2,,,
p030,E08,48h,10,15hHB101,DMSO,1,milbemycin,0.0625,,,NIC1667,2,,,
p030,F08,48h,10,15hHB101,DMSO,1,milbemycin,0.0625,,,ED3102,2,,,
p030,A09,48h,10,15hHB101,DMSO,1,milbemycin,0.125,,,ECA2666,2,,,
p030,B09,48h,10,15hHB101,DMSO,1,milbemycin,0.125,,,JU3237,2,,,
p030,C09,48h,10,15hHB101,DMSO,1,milbemycin,0.125,,,VX34,2,,,
p030,D09,48h,10,15hHB101,DMSO,1,milbemycin,0.125,,,PB420,2,,,
p030,E09,48h,10,15hHB101,DMSO,1,milbemycin,0.125,,,NIC1667,2,,,
p030,F09,48h,10,15hHB101,DMSO,1,milbemycin,0.125,,,ED3102,2,,,
p030,A10,48h,10,15hHB101,DMSO,1,milbemycin,0.25,,,ECA2666,2,,,
p030,B10,48h,10,15hHB101,DMSO,1,milbemycin,0.25,,,JU3237,2,,,
p030,C10,48h,10,15hHB101,DMSO,1,milbemycin,0.25,,,VX34,2,,,
p030,D10,48h,10,15hHB101,DMSO,1,milbemycin,0.25,,,PB420,2,,,
p030,E10,48h,10,15hHB101,DMSO,1,milbemycin,0.25,,,NIC1667,2,,,
p030,F10,48h,10,15hHB101,DMSO,1,milbemycin,0.25,,,ED3102,2,,,
p030,A11,48h,10,15hHB101,DMSO,1,milbemycin,0.5,,,ECA2666,2,,,
p030,B11,48h,10,15hHB101,DMSO,1,milbemycin,0.5,,,JU3237,2,,,
p030,C11,48h,10,15hHB101,DMSO,1,milbemycin,0.5,,,VX34,2,,,
p030,D11,48h,10,15hHB101,DMSO,1,milbemycin,0.5,,,PB420,2,,,
p030,E11,48h,10,15hHB101,DMSO,1,milbemycin,0.5,,,NIC1667,2,,,
p030,F11,48h,10,15hHB101,DMSO,1,milbemycin,0.5,,,ED3102,2,,,
p030,A12,48h,10,15hHB101,DMSO,1,milbemycin,1,,,ECA2666,2,,,
p030,B12,48h,10,15hHB101,DMSO,1,milbemycin,1,,,JU3237,2,,,
p030,C12,48h,10,15hHB101,DMSO,1,milbemycin,1,,,VX34,2,,,
p030,D12,48h,10,15hHB101,DMSO,1,milbemycin,1,,,PB420,2,,,
p030,E12,48h,10,15hHB101,DMSO,1,milbemycin,1,,,NIC1667,2,,,
p030,F12,48h,10,15hHB101,DMSO,1,milbemycin,1,,,ED3102,2,,,
p031,A01,48h,10,15hHB101,DMSO,1,milbemycin,0,,,ED3102,3,,,
p031,B01,48h,10,15hHB101,DMSO,1,milbemycin,0,,,NIC1667,3,,,
p031,C01,48h,10,15hHB101,DMSO,1,milbemycin,0,,,ECA2666,3,,,
p031,D01,48h,10,15hHB101,DMSO,1,milbemycin,0,,,VX34,3,,,
p031,E01,48h,10,15hHB101,DMSO,1,milbemycin,0,,,JU3237,3,,,
p031,F01,48h,10,15hHB101,DMSO,1,milbemycin,0,,,PB420,3,,,
p031,A02,48h,10,15hHB101,DMSO,1,milbemycin,0.00097,,,ED3102,3,,,
p031,B02,48h,10,15hHB101,DMSO,1,milbemycin,0.00097,,,NIC1667,3,,,
p031,C02,48h,10,15hHB101,DMSO,1,milbemycin,0.00097,,,ECA2666,3,,,
p031,D02,48h,10,15hHB101,DMSO,1,milbemycin,0.00097,,,VX34,3,,,
p031,E02,48h,10,15hHB101,DMSO,1,milbemycin,0.00097,,,JU3237,3,,,
p031,F02,48h,10,15hHB101,DMSO,1,milbemycin,0.00097,,,PB420,3,,,
p031,A03,48h,10,15hHB101,DMSO,1,milbemycin,0.0019,,,ED3102,3,,,
p031,B03,48h,10,15hHB101,DMSO,1,milbemycin,0.0019,,,NIC1667,3,,,
p031,C03,48h,10,15hHB101,DMSO,1,milbemycin,0.0019,,,ECA2666,3,,,
p031,D03,48h,10,15hHB101,DMSO,1,milbemycin,0.0019,,,VX34,3,,,
p031,E03,48h,10,15hHB101,DMSO,1,milbemycin,0.0019,,,JU3237,3,,,
p031,F03,48h,10,15hHB101,DMSO,1,milbemycin,0.0019,,,PB420,3,,,
p031,A04,48h,10,15hHB101,DMSO,1,milbemycin,0.0039,,,ED3102,3,,,
p031,B04,48h,10,15hHB101,DMSO,1,milbemycin,0.0039,,,NIC1667,3,,,
p031,C04,48h,10,15hHB101,DMSO,1,milbemycin,0.0039,,,ECA2666,3,,,
p031,D04,48h,10,15hHB101,DMSO,1,milbemycin,0.0039,,,VX34,3,,,
p031,E04,48h,10,15hHB101,DMSO,1,milbemycin,0.0039,,,JU3237,3,,,
p031,F04,48h,10,15hHB101,DMSO,1,milbemycin,0.0039,,,PB420,3,,,
p031,A05,48h,10,15hHB101,DMSO,1,milbemycin,0.0078,,,ED3102,3,,,
p031,B05,48h,10,15hHB101,DMSO,1,milbemycin,0.0078,,,NIC1667,3,,,
p031,C05,48h,10,15hHB101,DMSO,1,milbemycin,0.0078,,,ECA2666,3,,,
p031,D05,48h,10,15hHB101,DMSO,1,milbemycin,0.0078,,,VX34,3,,,
p031,E05,48h,10,15hHB101,DMSO,1,milbemycin,0.0078,,,JU3237,3,,,
p031,F05,48h,10,15hHB101,DMSO,1,milbemycin,0.0078,,,PB420,3,,,
p031,A06,48h,10,15hHB101,DMSO,1,milbemycin,0.0156,,,ED3102,3,,,
p031,B06,48h,10,15hHB101,DMSO,1,milbemycin,0.0156,,,NIC1667,3,,,
p031,C06,48h,10,15hHB101,DMSO,1,milbemycin,0.0156,,,ECA2666,3,,,
p031,D06,48h,10,15hHB101,DMSO,1,milbemycin,0.0156,,,VX34,3,,,
p031,E06,48h,10,15hHB101,DMSO,1,milbemycin,0.0156,,,JU3237,3,,,
p031,F06,48h,10,15hHB101,DMSO,1,milbemycin,0.0156,,,PB420,3,,,
p031,A07,48h,10,15hHB101,DMSO,1,milbemycin,0.03125,,,ED3102,3,,,
p031,B07,48h,10,15hHB101,DMSO,1,milbemycin,0.03125,,,NIC1667,3,,,
p031,C07,48h,10,15hHB101,DMSO,1,milbemycin,0.03125,,,ECA2666,3,,,
p031,D07,48h,10,15hHB101,DMSO,1,milbemycin,0.03125,,,VX34,3,,,
p031,E07,48h,10,15hHB101,DMSO,1,milbemycin,0.03125,,,JU3237,3,,,
p031,F07,48h,10,15hHB101,DMSO,1,milbemycin,0.03125,,,PB420,3,,,
p031,A08,48h,10,15hHB101,DMSO,1,milbemycin,0.0625,,,ED3102,3,,,
p031,B08,48h,10,15hHB101,DMSO,1,milbemycin,0.0625,,,NIC1667,3,,,
p031,C08,48h,10,15hHB101,DMSO,1,milbemycin,0.0625,,,ECA2666,3,,,
p031,D08,48h,10,15hHB101,DMSO,1,milbemycin,0.0625,,,VX34,3,,,
p031,E08,48h,10,15hHB101,DMSO,1,milbemycin,0.0625,,,JU3237,3,,,
p031,F08,48h,10,15hHB101,DMSO,1,milbemycin,0.0625,,,PB420,3,,,
p031,A09,48h,10,15hHB101,DMSO,1,milbemycin,0.125,,,ED3102,3,,,
p031,B09,48h,10,15hHB101,DMSO,1,milbemycin,0.125,,,NIC1667,3,,,
p031,C09,48h,10,15hHB101,DMSO,1,milbemycin,0.125,,,ECA2666,3,,,
p031,D09,48h,10,15hHB101,DMSO,1,milbemycin,0.125,,,VX34,3,,,
p031,E09,48h,10,15hHB101,DMSO,1,milbemycin,0.125,,,JU3237,3,,,
p031,F09,48h,10,15hHB101,DMSO,1,milbemycin,0.125,,,PB420,3,,,
p031,A10,48h,10,15hHB101,DMSO,1,milbemycin,0.25,,,ED3102,3,,,
p031,B10,48h,10,15hHB101,DMSO,1,milbemycin,0.25,,,NIC1667,3,,,
p031,C10,48h,10,15hHB101,DMSO,1,milbemycin,0.25,,,ECA2666,3,,,
p031,D10,48h,10,15hHB101,DMSO,1,milbemycin,0.25,,,VX34,3,,,
p031,E10,48h,10,15hHB101,DMSO,1,milbemycin,0.25,,,JU3237,3,,,
p031,F10,48h,10,15hHB101,DMSO,1,milbemycin,0.25,,,PB420,3,,,
p031,A11,48h,10,15hHB101,DMSO,1,milbemycin,0.5,,,ED3102,3,,,
p031,B11,48h,10,15hHB101,DMSO,1,milbemycin,0.5,,,NIC1667,3,,,
p031,C11,48h,10,15hHB101,DMSO,1,milbemycin,0.5,,,ECA2666,3,,,
p031,D11,48h,10,15hHB101,DMSO,1,milbemycin,0.5,,,VX34,3,,,
p031,E11,48h,10,15hHB101,DMSO,1,milbemycin,0.5,,,JU3237,3,,,
p031,F11,48h,10,15hHB101,DMSO,1,milbemycin,0.5,,,PB420,3,,,
p031,A12,48h,10,15hHB101,DMSO,1,milbemycin,1,,,ED3102,3,,,
p031,B12,48h,10,15hHB101,DMSO,1,milbemycin,1,,,NIC1667,3,,,
p031,C12,48h,10,15hHB101,DMSO,1,milbemycin,1,,,ECA2666,3,,,
p031,D12,48h,10,15hHB101,DMSO,1,milbemycin,1,,,VX34,3,,,
p031,E12,48h,10,15hHB101,DMSO,1,milbemycin,1,,,JU3237,3,,,
p031,F12,48h,10,15hHB101,DMSO,1,milbemycin,1,,,PB420,3,,,
p032,A01,48h,10,15hHB101,DMSO,1,milbemycin,0,,,ED3102,3,,,
p032,B01,48h,10,15hHB101,DMSO,1,milbemycin,0,,,NIC1667,3,,,
p032,C01,48h,10,15hHB101,DMSO,1,milbemycin,0,,,ECA2666,3,,,
p032,D01,48h,10,15hHB101,DMSO,1,milbemycin,0,,,VX34,3,,,
p032,E01,48h,10,15hHB101,DMSO,1,milbemycin,0,,,JU3237,3,,,
p032,F01,48h,10,15hHB101,DMSO,1,milbemycin,0,,,PB420,3,,,
p032,A02,48h,10,15hHB101,DMSO,1,milbemycin,0.00097,,,ED3102,3,,,
p032,B02,48h,10,15hHB101,DMSO,1,milbemycin,0.00097,,,NIC1667,3,,,
p032,C02,48h,10,15hHB101,DMSO,1,milbemycin,0.00097,,,ECA2666,3,,,
p032,D02,48h,10,15hHB101,DMSO,1,milbemycin,0.00097,,,VX34,3,,,
p032,E02,48h,10,15hHB101,DMSO,1,milbemycin,0.00097,,,JU3237,3,,,
p032,F02,48h,10,15hHB101,DMSO,1,milbemycin,0.00097,,,PB420,3,,,
p032,A03,48h,10,15hHB101,DMSO,1,milbemycin,0.0019,,,ED3102,3,,,
p032,B03,48h,10,15hHB101,DMSO,1,milbemycin,0.0019,,,NIC1667,3,,,
p032,C03,48h,10,15hHB101,DMSO,1,milbemycin,0.0019,,,ECA2666,3,,,
p032,D03,48h,10,15hHB101,DMSO,1,milbemycin,0.0019,,,VX34,3,,,
p032,E03,48h,10,15hHB101,DMSO,1,milbemycin,0.0019,,,JU3237,3,,,
p032,F03,48h,10,15hHB101,DMSO,1,milbemycin,0.0019,,,PB420,3,,,
p032,A04,48h,10,15hHB101,DMSO,1,milbemycin,0.0039,,,ED3102,3,,,
p032,B04,48h,10,15hHB101,DMSO,1,milbemycin,0.0039,,,NIC1667,3,,,
p032,C04,48h,10,15hHB101,DMSO,1,milbemycin,0.0039,,,ECA2666,3,,,
p032,D04,48h,10,15hHB101,DMSO,1,milbemycin,0.0039,,,VX34,3,,,
p032,E04,48h,10,15hHB101,DMSO,1,milbemycin,0.0039,,,JU3237,3,,,
p032,F04,48h,10,15hHB101,DMSO,1,milbemycin,0.0039,,,PB420,3,,,
p032,A05,48h,10,15hHB101,DMSO,1,milbemycin,0.0078,,,ED3102,3,,,
p032,B05,48h,10,15hHB101,DMSO,1,milbemycin,0.0078,,,NIC1667,3,,,
p032,C05,48h,10,15hHB101,DMSO,1,milbemycin,0.0078,,,ECA2666,3,,,
p032,D05,48h,10,15hHB101,DMSO,1,milbemycin,0.0078,,,VX34,3,,,
p032,E05,48h,10,15hHB101,DMSO,1,milbemycin,0.0078,,,JU3237,3,,,
p032,F05,48h,10,15hHB101,DMSO,1,milbemycin,0.0078,,,PB420,3,,,
p032,A06,48h,10,15hHB101,DMSO,1,milbemycin,0.0156,,,ED3102,3,,,
p032,B06,48h,10,15hHB101,DMSO,1,milbemycin,0.0156,,,NIC1667,3,,,
p032,C06,48h,10,15hHB101,DMSO,1,milbemycin,0.0156,,,ECA2666,3,,,
p032,D06,48h,10,15hHB101,DMSO,1,milbemycin,0.0156,,,VX34,3,,,
p032,E06,48h,10,15hHB101,DMSO,1,milbemycin,0.0156,,,JU3237,3,,,
p032,F06,48h,10,15hHB101,DMSO,1,milbemycin,0.0156,,,PB420,3,,,
p032,A07,48h,10,15hHB101,DMSO,1,milbemycin,0.03125,,,ED3102,3,,,
p032,B07,48h,10,15hHB101,DMSO,1,milbemycin,0.03125,,,NIC1667,3,,,
p032,C07,48h,10,15hHB101,DMSO,1,milbemycin,0.03125,,,ECA2666,3,,,
p032,D07,48h,10,15hHB101,DMSO,1,milbemycin,0.03125,,,VX34,3,,,
p032,E07,48h,10,15hHB101,DMSO,1,milbemycin,0.03125,,,JU3237,3,,,
p032,F07,48h,10,15hHB101,DMSO,1,milbemycin,0.03125,,,PB420,3,,,
p032,A08,48h,10,15hHB101,DMSO,1,milbemycin,0.0625,,,ED3102,3,,,
p032,B08,48h,10,15hHB101,DMSO,1,milbemycin,0.0625,,,NIC1667,3,,,
p032,C08,48h,10,15hHB101,DMSO,1,milbemycin,0.0625,,,ECA2666,3,,,
p032,D08,48h,10,15hHB101,DMSO,1,milbemycin,0.0625,,,VX34,3,,,
p032,E08,48h,10,15hHB101,DMSO,1,milbemycin,0.0625,,,JU3237,3,,,
p032,F08,48h,10,15hHB101,DMSO,1,milbemycin,0.0625,,,PB420,3,,,
p032,A09,48h,10,15hHB101,DMSO,1,milbemycin,0.125,,,ED3102,3,,,
p032,B09,48h,10,15hHB101,DMSO,1,milbemycin,0.125,,,NIC1667,3,,,
p032,C09,48h,10,15hHB101,DMSO,1,milbemycin,0.125,,,ECA2666,3,,,
p032,D09,48h,10,15hHB101,DMSO,1,milbemycin,0.125,,,VX34,3,,,
p032,E09,48h,10,15hHB101,DMSO,1,milbemycin,0.125,,,JU3237,3,,,
p032,F09,48h,10,15hHB101,DMSO,1,milbemycin,0.125,,,PB420,3,,,
p032,A10,48h,10,15hHB101,DMSO,1,milbemycin,0.25,,,ED3102,3,,,
p032,B10,48h,10,15hHB101,DMSO,1,milbemycin,0.25,,,NIC1667,3,,,
p032,C10,48h,10,15hHB101,DMSO,1,milbemycin,0.25,,,ECA2666,3,,,
p032,D10,48h,10,15hHB101,DMSO,1,milbemycin,0.25,,,VX34,3,,,
p032,E10,48h,10,15hHB101,DMSO,1,milbemycin,0.25,,,JU3237,3,,,
p032,F10,48h,10,15hHB101,DMSO,1,milbemycin,0.25,,,PB420,3,,,
p032,A11,48h,10,15hHB101,DMSO,1,milbemycin,0.5,,,ED3102,3,,,
p032,B11,48h,10,15hHB101,DMSO,1,milbemycin,0.5,,,NIC1667,3,,,
p032,C11,48h,10,15hHB101,DMSO,1,milbemycin,0.5,,,ECA2666,3,,,
p032,D11,48h,10,15hHB101,DMSO,1,milbemycin,0.5,,,VX34,3,,,
p032,E11,48h,10,15hHB101,DMSO,1,milbemycin,0.5,,,JU3237,3,,,
p032,F11,48h,10,15hHB101,DMSO,1,milbemycin,0.5,,,PB420,3,,,
p032,A12,48h,10,15hHB101,DMSO,1,milbemycin,1,,,ED3102,3,,,
p032,B12,48h,10,15hHB101,DMSO,1,milbemycin,1,,,NIC1667,3,,,
p032,C12,48h,10,15hHB101,DMSO,1,milbemycin,1,,,ECA2666,3,,,
p032,D12,48h,10,15hHB101,DMSO,1,milbemycin,1,,,VX34,3,,,
p032,E12,48h,10,15hHB101,DMSO,1,milbemycin,1,,,JU3237,3,,,
p032,F12,48h,10,15hHB101,DMSO,1,milbemycin,1,,,PB420,3,,,
p033,A01,48h,10,15hHB101,DMSO,1,milbemycin,0,,,ED3102,3,,,
p033,B01,48h,10,15hHB101,DMSO,1,milbemycin,0,,,NIC1667,3,,,
p033,C01,48h,10,15hHB101,DMSO,1,milbemycin,0,,,ECA2666,3,,,
p033,D01,48h,10,15hHB101,DMSO,1,milbemycin,0,,,VX34,3,,,
p033,E01,48h,10,15hHB101,DMSO,1,milbemycin,0,,,JU3237,3,,,
p033,F01,48h,10,15hHB101,DMSO,1,milbemycin,0,,,PB420,3,,,
p033,A02,48h,10,15hHB101,DMSO,1,milbemycin,0.00097,,,ED3102,3,,,
p033,B02,48h,10,15hHB101,DMSO,1,milbemycin,0.00097,,,NIC1667,3,,,
p033,C02,48h,10,15hHB101,DMSO,1,milbemycin,0.00097,,,ECA2666,3,,,
p033,D02,48h,10,15hHB101,DMSO,1,milbemycin,0.00097,,,VX34,3,,,
p033,E02,48h,10,15hHB101,DMSO,1,milbemycin,0.00097,,,JU3237,3,,,
p033,F02,48h,10,15hHB101,DMSO,1,milbemycin,0.00097,,,PB420,3,,,
p033,A03,48h,10,15hHB101,DMSO,1,milbemycin,0.0019,,,ED3102,3,,,
p033,B03,48h,10,15hHB101,DMSO,1,milbemycin,0.0019,,,NIC1667,3,,,
p033,C03,48h,10,15hHB101,DMSO,1,milbemycin,0.0019,,,ECA2666,3,,,
p033,D03,48h,10,15hHB101,DMSO,1,milbemycin,0.0019,,,VX34,3,,,
p033,E03,48h,10,15hHB101,DMSO,1,milbemycin,0.0019,,,JU3237,3,,,
p033,F03,48h,10,15hHB101,DMSO,1,milbemycin,0.0019,,,PB420,3,,,
p033,A04,48h,10,15hHB101,DMSO,1,milbemycin,0.0039,,,ED3102,3,,,
p033,B04,48h,10,15hHB101,DMSO,1,milbemycin,0.0039,,,NIC1667,3,,,
p033,C04,48h,10,15hHB101,DMSO,1,milbemycin,0.0039,,,ECA2666,3,,,
p033,D04,48h,10,15hHB101,DMSO,1,milbemycin,0.0039,,,VX34,3,,,
p033,E04,48h,10,15hHB101,DMSO,1,milbemycin,0.0039,,,JU3237,3,,,
p033,F04,48h,10,15hHB101,DMSO,1,milbemycin,0.0039,,,PB420,3,,,
p033,A05,48h,10,15hHB101,DMSO,1,milbemycin,0.0078,,,ED3102,3,,,
p033,B05,48h,10,15hHB101,DMSO,1,milbemycin,0.0078,,,NIC1667,3,,,
p033,C05,48h,10,15hHB101,DMSO,1,milbemycin,0.0078,,,ECA2666,3,,,
p033,D05,48h,10,15hHB101,DMSO,1,milbemycin,0.0078,,,VX34,3,,,
p033,E05,48h,10,15hHB101,DMSO,1,milbemycin,0.0078,,,JU3237,3,,,
p033,F05,48h,10,15hHB101,DMSO,1,milbemycin,0.0078,,,PB420,3,,,
p033,A06,48h,10,15hHB101,DMSO,1,milbemycin,0.0156,,,ED3102,3,,,
p033,B06,48h,10,15hHB101,DMSO,1,milbemycin,0.0156,,,NIC1667,3,,,
p033,C06,48h,10,15hHB101,DMSO,1,milbemycin,0.0156,,,ECA2666,3,,,
p033,D06,48h,10,15hHB101,DMSO,1,milbemycin,0.0156,,,VX34,3,,,
p033,E06,48h,10,15hHB101,DMSO,1,milbemycin,0.0156,,,JU3237,3,,,
p033,F06,48h,10,15hHB101,DMSO,1,milbemycin,0.0156,,,PB420,3,,,
p033,A07,48h,10,15hHB101,DMSO,1,milbemycin,0.03125,,,ED3102,3,,,
p033,B07,48h,10,15hHB101,DMSO,1,milbemycin,0.03125,,,NIC1667,3,,,
p033,C07,48h,10,15hHB101,DMSO,1,milbemycin,0.03125,,,ECA2666,3,,,
p033,D07,48h,10,15hHB101,DMSO,1,milbemycin,0.03125,,,VX34,3,,,
p033,E07,48h,10,15hHB101,DMSO,1,milbemycin,0.03125,,,JU3237,3,,,
p033,F07,48h,10,15hHB101,DMSO,1,milbemycin,0.03125,,,PB420,3,,,
p033,A08,48h,10,15hHB101,DMSO,1,milbemycin,0.0625,,,ED3102,3,,,
p033,B08,48h,10,15hHB101,DMSO,1,milbemycin,0.0625,,,NIC1667,3,,,
p033,C08,48h,10,15hHB101,DMSO,1,milbemycin,0.0625,,,ECA2666,3,,,
p033,D08,48h,10,15hHB101,DMSO,1,milbemycin,0.0625,,,VX34,3,,,
p033,E08,48h,10,15hHB101,DMSO,1,milbemycin,0.0625,,,JU3237,3,,,
p033,F08,48h,10,15hHB101,DMSO,1,milbemycin,0.0625,,,PB420,3,,,
p033,A09,48h,10,15hHB101,DMSO,1,milbemycin,0.125,,,ED3102,3,,,
p033,B09,48h,10,15hHB101,DMSO,1,milbemycin,0.125,,,NIC1667,3,,,
p033,C09,48h,10,15hHB101,DMSO,1,milbemycin,0.125,,,ECA2666,3,,,
p033,D09,48h,10,15hHB101,DMSO,1,milbemycin,0.125,,,VX34,3,,,
p033,E09,48h,10,15hHB101,DMSO,1,milbemycin,0.125,,,JU3237,3,,,
p033,F09,48h,10,15hHB101,DMSO,1,milbemycin,0.125,,,PB420,3,,,
p033,A10,48h,10,15hHB101,DMSO,1,milbemycin,0.25,,,ED3102,3,,,
p033,B10,48h,10,15hHB101,DMSO,1,milbemycin,0.25,,,NIC1667,3,,,
p033,C10,48h,10,15hHB101,DMSO,1,milbemycin,0.25,,,ECA2666,3,,,
p033,D10,48h,10,15hHB101,DMSO,1,milbemycin,0.25,,,VX34,3,,,
p033,E10,48h,10,15hHB101,DMSO,1,milbemycin,0.25,,,JU3237,3,,,
p033,F10,48h,10,15hHB101,DMSO,1,milbemycin,0.25,,,PB420,3,,,
p033,A11,48h,10,15hHB101,DMSO,1,milbemycin,0.5,,,ED3102,3,,,
p033,B11,48h,10,15hHB101,DMSO,1,milbemycin,0.5,,,NIC1667,3,,,
p033,C11,48h,10,15hHB101,DMSO,1,milbemycin,0.5,,,ECA2666,3,,,
p033,D11,48h,10,15hHB101,DMSO,1,milbemycin,0.5,,,VX34,3,,,
p033,E11,48h,10,15hHB101,DMSO,1,milbemycin,0.5,,,JU3237,3,,,
p033,F11,48h,10,15hHB101,DMSO,1,milbemycin,0.5,,,PB420,3,,,
p033,A12,48h,10,15hHB101,DMSO,1,milbemycin,1,,,ED3102,3,,,
p033,B12,48h,10,15hHB101,DMSO,1,milbemycin,1,,,NIC1667,3,,,
p033,C12,48h,10,15hHB101,DMSO,1,milbemycin,1,,,ECA2666,3,,,
p033,D12,48h,10,15hHB101,DMSO,1,milbemycin,1,,,VX34,3,,,
p033,E12,48h,10,15hHB101,DMSO,1,milbemycin,1,,,JU3237,3,,,
p033,F12,48h,10,15hHB101,DMSO,1,milbemycin,1,,,PB420,3,,,
p034,A01,48h,10,15hHB101,DMSO,1,milbemycin,0,,,ED3102,3,,,
p034,B01,48h,10,15hHB101,DMSO,1,milbemycin,0,,,NIC1667,3,,,
p034,C01,48h,10,15hHB101,DMSO,1,milbemycin,0,,,ECA2666,3,,,
p034,D01,48h,10,15hHB101,DMSO,1,milbemycin,0,,,VX34,3,,,
p034,E01,48h,10,15hHB101,DMSO,1,milbemycin,0,,,JU3237,3,,,
p034,F01,48h,10,15hHB101,DMSO,1,milbemycin,0,,,PB420,3,,,
p034,A02,48h,10,15hHB101,DMSO,1,milbemycin,0.00097,,,ED3102,3,,,
p034,B02,48h,10,15hHB101,DMSO,1,milbemycin,0.00097,,,NIC1667,3,,,
p034,C02,48h,10,15hHB101,DMSO,1,milbemycin,0.00097,,,ECA2666,3,,,
p034,D02,48h,10,15hHB101,DMSO,1,milbemycin,0.00097,,,VX34,3,,,
p034,E02,48h,10,15hHB101,DMSO,1,milbemycin,0.00097,,,JU3237,3,,,
p034,F02,48h,10,15hHB101,DMSO,1,milbemycin,0.00097,,,PB420,3,,,
p034,A03,48h,10,15hHB101,DMSO,1,milbemycin,0.0019,,,ED3102,3,,,
p034,B03,48h,10,15hHB101,DMSO,1,milbemycin,0.0019,,,NIC1667,3,,,
p034,C03,48h,10,15hHB101,DMSO,1,milbemycin,0.0019,,,ECA2666,3,,,
p034,D03,48h,10,15hHB101,DMSO,1,milbemycin,0.0019,,,VX34,3,,,
p034,E03,48h,10,15hHB101,DMSO,1,milbemycin,0.0019,,,JU3237,3,,,
p034,F03,48h,10,15hHB101,DMSO,1,milbemycin,0.0019,,,PB420,3,,,
p034,A04,48h,10,15hHB101,DMSO,1,milbemycin,0.0039,,,ED3102,3,,,
p034,B04,48h,10,15hHB101,DMSO,1,milbemycin,0.0039,,,NIC1667,3,,,
p034,C04,48h,10,15hHB101,DMSO,1,milbemycin,0.0039,,,ECA2666,3,,,
p034,D04,48h,10,15hHB101,DMSO,1,milbemycin,0.0039,,,VX34,3,,,
p034,E04,48h,10,15hHB101,DMSO,1,milbemycin,0.0039,,,JU3237,3,,,
p034,F04,48h,10,15hHB101,DMSO,1,milbemycin,0.0039,,,PB420,3,,,
p034,A05,48h,10,15hHB101,DMSO,1,milbemycin,0.0078,,,ED3102,3,,,
p034,B05,48h,10,15hHB101,DMSO,1,milbemycin,0.0078,,,NIC1667,3,,,
p034,C05,48h,10,15hHB101,DMSO,1,milbemycin,0.0078,,,ECA2666,3,,,
p034,D05,48h,10,15hHB101,DMSO,1,milbemycin,0.0078,,,VX34,3,,,
p034,E05,48h,10,15hHB101,DMSO,1,milbemycin,0.0078,,,JU3237,3,,,
p034,F05,48h,10,15hHB101,DMSO,1,milbemycin,0.0078,,,PB420,3,,,
p034,A06,48h,10,15hHB101,DMSO,1,milbemycin,0.0156,,,ED3102,3,,,
p034,B06,48h,10,15hHB101,DMSO,1,milbemycin,0.0156,,,NIC1667,3,,,
p034,C06,48h,10,15hHB101,DMSO,1,milbemycin,0.0156,,,ECA2666,3,,,
p034,D06,48h,10,15hHB101,DMSO,1,milbemycin,0.0156,,,VX34,3,,,
p034,E06,48h,10,15hHB101,DMSO,1,milbemycin,0.0156,,,JU3237,3,,,
p034,F06,48h,10,15hHB101,DMSO,1,milbemycin,0.0156,,,PB420,3,,,
p034,A07,48h,10,15hHB101,DMSO,1,milbemycin,0.03125,,,ED3102,3,,,
p034,B07,48h,10,15hHB101,DMSO,1,milbemycin,0.03125,,,NIC1667,3,,,
p034,C07,48h,10,15hHB101,DMSO,1,milbemycin,0.03125,,,ECA2666,3,,,
p034,D07,48h,10,15hHB101,DMSO,1,milbemycin,0.03125,,,VX34,3,,,
p034,E07,48h,10,15hHB101,DMSO,1,milbemycin,0.03125,,,JU3237,3,,,
p034,F07,48h,10,15hHB101,DMSO,1,milbemycin,0.03125,,,PB420,3,,,
p034,A08,48h,10,15hHB101,DMSO,1,milbemycin,0.0625,,,ED3102,3,,,
p034,B08,48h,10,15hHB101,DMSO,1,milbemycin,0.0625,,,NIC1667,3,,,
p034,C08,48h,10,15hHB101,DMSO,1,milbemycin,0.0625,,,ECA2666,3,,,
p034,D08,48h,10,15hHB101,DMSO,1,milbemycin,0.0625,,,VX34,3,,,
p034,E08,48h,10,15hHB101,DMSO,1,milbemycin,0.0625,,,JU3237,3,,,
p034,F08,48h,10,15hHB101,DMSO,1,milbemycin,0.0625,,,PB420,3,,,
p034,A09,48h,10,15hHB101,DMSO,1,milbemycin,0.125,,,ED3102,3,,,
p034,B09,48h,10,15hHB101,DMSO,1,milbemycin,0.125,,,NIC1667,3,,,
p034,C09,48h,10,15hHB101,DMSO,1,milbemycin,0.125,,,ECA2666,3,,,
p034,D09,48h,10,15hHB101,DMSO,1,milbemycin,0.125,,,VX34,3,,,
p034,E09,48h,10,15hHB101,DMSO,1,milbemycin,0.125,,,JU3237,3,,,
p034,F09,48h,10,15hHB101,DMSO,1,milbemycin,0.125,,,PB420,3,,,
p034,A10,48h,10,15hHB101,DMSO,1,milbemycin,0.25,,,ED3102,3,,,
p034,B10,48h,10,15hHB101,DMSO,1,milbemycin,0.25,,,NIC1667,3,,,
p034,C10,48h,10,15hHB101,DMSO,1,milbemycin,0.25,,,ECA2666,3,,,
p034,D10,48h,10,15hHB101,DMSO,1,milbemycin,0.25,,,VX34,3,,,
p034,E10,48h,10,15hHB101,DMSO,1,milbemycin,0.25,,,JU3237,3,,,
p034,F10,48h,10,15hHB101,DMSO,1,milbemycin,0.25,,,PB420,3,,,
p034,A11,48h,10,15hHB101,DMSO,1,milbemycin,0.5,,,ED3102,3,,,
p034,B11,48h,10,15hHB101,DMSO,1,milbemycin,0.5,,,NIC1667,3,,,
p034,C11,48h,10,15hHB101,DMSO,1,milbemycin,0.5,,,ECA2666,3,,,
p034,D11,48h,10,15hHB101,DMSO,1,milbemycin,0.5,,,VX34,3,,,
p034,E11,48h,10,15hHB101,DMSO,1,milbemycin,0.5,,,JU3237,3,,,
p034,F11,48h,10,15hHB101,DMSO,1,milbemycin,0.5,,,PB420,3,,,
p034,A12,48h,10,15hHB101,DMSO,1,milbemycin,1,,,ED3102,3,,,
p034,B12,48h,10,15hHB101,DMSO,1,milbemycin,1,,,NIC1667,3,,,
p034,C12,48h,10,15hHB101,DMSO,1,milbemycin,1,,,ECA2666,3,,,
p034,D12,48h,10,15hHB101,DMSO,1,milbemycin,1,,,VX34,3,,,
p034,E12,48h,10,15hHB101,DMSO,1,milbemycin,1,,,JU3237,3,,,
p034,F12,48h,10,15hHB101,DMSO,1,milbemycin,1,,,PB420,3,,,
p035,A01,48h,10,15hHB101,DMSO,1,milbemycin,0,,,ED3102,3,,,
p035,B01,48h,10,15hHB101,DMSO,1,milbemycin,0,,,NIC1667,3,,,
p035,C01,48h,10,15hHB101,DMSO,1,milbemycin,0,,,ECA2666,3,,,
p035,D01,48h,10,15hHB101,DMSO,1,milbemycin,0,,,VX34,3,,,
p035,E01,48h,10,15hHB101,DMSO,1,milbemycin,0,,,JU3237,3,,,
p035,F01,48h,10,15hHB101,DMSO,1,milbemycin,0,,,PB420,3,,,
p035,A02,48h,10,15hHB101,DMSO,1,milbemycin,0.00097,,,ED3102,3,,,
p035,B02,48h,10,15hHB101,DMSO,1,milbemycin,0.00097,,,NIC1667,3,,,
p035,C02,48h,10,15hHB101,DMSO,1,milbemycin,0.00097,,,ECA2666,3,,,
p035,D02,48h,10,15hHB101,DMSO,1,milbemycin,0.00097,,,VX34,3,,,
p035,E02,48h,10,15hHB101,DMSO,1,milbemycin,0.00097,,,JU3237,3,,,
p035,F02,48h,10,15hHB101,DMSO,1,milbemycin,0.00097,,,PB420,3,,,
p035,A03,48h,10,15hHB101,DMSO,1,milbemycin,0.0019,,,ED3102,3,,,
p035,B03,48h,10,15hHB101,DMSO,1,milbemycin,0.0019,,,NIC1667,3,,,
p035,C03,48h,10,15hHB101,DMSO,1,milbemycin,0.0019,,,ECA2666,3,,,
p035,D03,48h,10,15hHB101,DMSO,1,milbemycin,0.0019,,,VX34,3,,,
p035,E03,48h,10,15hHB101,DMSO,1,milbemycin,0.0019,,,JU3237,3,,,
p035,F03,48h,10,15hHB101,DMSO,1,milbemycin,0.0019,,,PB420,3,,,
p035,A04,48h,10,15hHB101,DMSO,1,milbemycin,0.0039,,,ED3102,3,,,
p035,B04,48h,10,15hHB101,DMSO,1,milbemycin,0.0039,,,NIC1667,3,,,
p035,C04,48h,10,15hHB101,DMSO,1,milbemycin,0.0039,,,ECA2666,3,,,
p035,D04,48h,10,15hHB101,DMSO,1,milbemycin,0.0039,,,VX34,3,,,
p035,E04,48h,10,15hHB101,DMSO,1,milbemycin,0.0039,,,JU3237,3,,,
p035,F04,48h,10,15hHB101,DMSO,1,milbemycin,0.0039,,,PB420,3,,,
p035,A05,48h,10,15hHB101,DMSO,1,milbemycin,0.0078,,,ED3102,3,,,
p035,B05,48h,10,15hHB101,DMSO,1,milbemycin,0.0078,,,NIC1667,3,,,
p035,C05,48h,10,15hHB101,DMSO,1,milbemycin,0.0078,,,ECA2666,3,,,
p035,D05,48h,10,15hHB101,DMSO,1,milbemycin,0.0078,,,VX34,3,,,
p035,E05,48h,10,15hHB101,DMSO,1,milbemycin,0.0078,,,JU3237,3,,,
p035,F05,48h,10,15hHB101,DMSO,1,milbemycin,0.0078,,,PB420,3,,,
p035,A06,48h,10,15hHB101,DMSO,1,milbemycin,0.0156,,,ED3102,3,,,
p035,B06,48h,10,15hHB101,DMSO,1,milbemycin,0.0156,,,NIC1667,3,,,
p035,C06,48h,10,15hHB101,DMSO,1,milbemycin,0.0156,,,ECA2666,3,,,
p035,D06,48h,10,15hHB101,DMSO,1,milbemycin,0.0156,,,VX34,3,,,
p035,E06,48h,10,15hHB101,DMSO,1,milbemycin,0.0156,,,JU3237,3,,,
p035,F06,48h,10,15hHB101,DMSO,1,milbemycin,0.0156,,,PB420,3,,,
p035,A07,48h,10,15hHB101,DMSO,1,milbemycin,0.03125,,,ED3102,3,,,
p035,B07,48h,10,15hHB101,DMSO,1,milbemycin,0.03125,,,NIC1667,3,,,
p035,C07,48h,10,15hHB101,DMSO,1,milbemycin,0.03125,,,ECA2666,3,,,
p035,D07,48h,10,15hHB101,DMSO,1,milbemycin,0.03125,,,VX34,3,,,
p035,E07,48h,10,15hHB101,DMSO,1,milbemycin,0.03125,,,JU3237,3,,,
p035,F07,48h,10,15hHB101,DMSO,1,milbemycin,0.03125,,,PB420,3,,,
p035,A08,48h,10,15hHB101,DMSO,1,milbemycin,0.0625,,,ED3102,3,,,
p035,B08,48h,10,15hHB101,DMSO,1,milbemycin,0.0625,,,NIC1667,3,,,
p035,C08,48h,10,15hHB101,DMSO,1,milbemycin,0.0625,,,ECA2666,3,,,
p035,D08,48h,10,15hHB101,DMSO,1,milbemycin,0.0625,,,VX34,3,,,
p035,E08,48h,10,15hHB101,DMSO,1,milbemycin,0.0625,,,JU3237,3,,,
p035,F08,48h,10,15hHB101,DMSO,1,milbemycin,0.0625,,,PB420,3,,,
p035,A09,48h,10,15hHB101,DMSO,1,milbemycin,0.125,,,ED3102,3,,,
p035,B09,48h,10,15hHB101,DMSO,1,milbemycin,0.125,,,NIC1667,3,,,
p035,C09,48h,10,15hHB101,DMSO,1,milbemycin,0.125,,,ECA2666,3,,,
p035,D09,48h,10,15hHB101,DMSO,1,milbemycin,0.125,,,VX34,3,,,
p035,E09,48h,10,15hHB101,DMSO,1,milbemycin,0.125,,,JU3237,3,,,
p035,F09,48h,10,15hHB101,DMSO,1,milbemycin,0.125,,,PB420,3,,,
p035,A10,48h,10,15hHB101,DMSO,1,milbemycin,0.25,,,ED3102,3,,,
p035,B10,48h,10,15hHB101,DMSO,1,milbemycin,0.25,,,NIC1667,3,,,
p035,C10,48h,10,15hHB101,DMSO,1,milbemycin,0.25,,,ECA2666,3,,,
p035,D10,48h,10,15hHB101,DMSO,1,milbemycin,0.25,,,VX34,3,,,
p035,E10,48h,10,15hHB101,DMSO,1,milbemycin,0.25,,,JU3237,3,,,
p035,F10,48h,10,15hHB101,DMSO,1,milbemycin,0.25,,,PB420,3,,,
p035,A11,48h,10,15hHB101,DMSO,1,milbemycin,0.5,,,ED3102,3,,,
p035,B11,48h,10,15hHB101,DMSO,1,milbemycin,0.5,,,NIC1667,3,,,
p035,C11,48h,10,15hHB101,DMSO,1,milbemycin,0.5,,,ECA2666,3,,,
p035,D11,48h,10,15hHB101,DMSO,1,milbemycin,0.5,,,VX34,3,,,
p035,E11,48h,10,15hHB101,DMSO,1,milbemycin,0.5,,,JU3237,3,,,
p035,F11,48h,10,15hHB101,DMSO,1,milbemycin,0.5,,,PB420,3,,,
p035,A12,48h,10,15hHB101,DMSO,1,milbemycin,1,,,ED3102,3,,,
p035,B12,48h,10,15hHB101,DMSO,1,milbemycin,1,,,NIC1667,3,,,
p035,C12,48h,10,15hHB101,DMSO,1,milbemycin,1,,,ECA2666,3,,,
p035,D12,48h,10,15hHB101,DMSO,1,milbemycin,1,,,VX34,3,,,
p035,E12,48h,10,15hHB101,DMSO,1,milbemycin,1,,,JU3237,3,,,
p035,F12,48h,10,15hHB101,DMSO,1,milbemycin,1,,,PB420,3,,,
p036,A01,48h,10,15hHB101,DMSO,1,milbemycin,0,,,ED3102,3,,,
p036,B01,48h,10,15hHB101,DMSO,1,milbemycin,0,,,NIC1667,3,,,
p036,C01,48h,10,15hHB101,DMSO,1,milbemycin,0,,,ECA2666,3,,,
p036,D01,48h,10,15hHB101,DMSO,1,milbemycin,0,,,VX34,3,,,
p036,E01,48h,10,15hHB101,DMSO,1,milbemycin,0,,,JU3237,3,,,
p036,F01,48h,10,15hHB101,DMSO,1,milbemycin,0,,,PB420,3,,,
p036,A02,48h,10,15hHB101,DMSO,1,milbemycin,0.00097,,,ED3102,3,,,
p036,B02,48h,10,15hHB101,DMSO,1,milbemycin,0.00097,,,NIC1667,3,,,
p036,C02,48h,10,15hHB101,DMSO,1,milbemycin,0.00097,,,ECA2666,3,,,
p036,D02,48h,10,15hHB101,DMSO,1,milbemycin,0.00097,,,VX34,3,,,
p036,E02,48h,10,15hHB101,DMSO,1,milbemycin,0.00097,,,JU3237,3,,,
p036,F02,48h,10,15hHB101,DMSO,1,milbemycin,0.00097,,,PB420,3,,,
p036,A03,48h,10,15hHB101,DMSO,1,milbemycin,0.0019,,,ED3102,3,,,
p036,B03,48h,10,15hHB101,DMSO,1,milbemycin,0.0019,,,NIC1667,3,,,
p036,C03,48h,10,15hHB101,DMSO,1,milbemycin,0.0019,,,ECA2666,3,,,
p036,D03,48h,10,15hHB101,DMSO,1,milbemycin,0.0019,,,VX34,3,,,
p036,E03,48h,10,15hHB101,DMSO,1,milbemycin,0.0019,,,JU3237,3,,,
p036,F03,48h,10,15hHB101,DMSO,1,milbemycin,0.0019,,,PB420,3,,,
p036,A04,48h,10,15hHB101,DMSO,1,milbemycin,0.0039,,,ED3102,3,,,
p036,B04,48h,10,15hHB101,DMSO,1,milbemycin,0.0039,,,NIC1667,3,,,
p036,C04,48h,10,15hHB101,DMSO,1,milbemycin,0.0039,,,ECA2666,3,,,
p036,D04,48h,10,15hHB101,DMSO,1,milbemycin,0.0039,,,VX34,3,,,
p036,E04,48h,10,15hHB101,DMSO,1,milbemycin,0.0039,,,JU3237,3,,,
p036,F04,48h,10,15hHB101,DMSO,1,milbemycin,0.0039,,,PB420,3,,,
p036,A05,48h,10,15hHB101,DMSO,1,milbemycin,0.0078,,,ED3102,3,,,
p036,B05,48h,10,15hHB101,DMSO,1,milbemycin,0.0078,,,NIC1667,3,,,
p036,C05,48h,10,15hHB101,DMSO,1,milbemycin,0.0078,,,ECA2666,3,,,
p036,D05,48h,10,15hHB101,DMSO,1,milbemycin,0.0078,,,VX34,3,,,
p036,E05,48h,10,15hHB101,DMSO,1,milbemycin,0.0078,,,JU3237,3,,,
p036,F05,48h,10,15hHB101,DMSO,1,milbemycin,0.0078,,,PB420,3,,,
p036,A06,48h,10,15hHB101,DMSO,1,milbemycin,0.0156,,,ED3102,3,,,
p036,B06,48h,10,15hHB101,DMSO,1,milbemycin,0.0156,,,NIC1667,3,,,
p036,C06,48h,10,15hHB101,DMSO,1,milbemycin,0.0156,,,ECA2666,3,,,
p036,D06,48h,10,15hHB101,DMSO,1,milbemycin,0.0156,,,VX34,3,,,
p036,E06,48h,10,15hHB101,DMSO,1,milbemycin,0.0156,,,JU3237,3,,,
p036,F06,48h,10,15hHB101,DMSO,1,milbemycin,0.0156,,,PB420,3,,,
p036,A07,48h,10,15hHB101,DMSO,1,milbemycin,0.03125,,,ED3102,3,,,
p036,B07,48h,10,15hHB101,DMSO,1,milbemycin,0.03125,,,NIC1667,3,,,
p036,C07,48h,10,15hHB101,DMSO,1,milbemycin,0.03125,,,ECA2666,3,,,
p036,D07,48h,10,15hHB101,DMSO,1,milbemycin,0.03125,,,VX34,3,,,
p036,E07,48h,10,15hHB101,DMSO,1,milbemycin,0.03125,,,JU3237,3,,,
p036,F07,48h,10,15hHB101,DMSO,1,milbemycin,0.03125,,,PB420,3,,,
p036,A08,48h,10,15hHB101,DMSO,1,milbemycin,0.0625,,,ED3102,3,,,
p036,B08,48h,10,15hHB101,DMSO,1,milbemycin,0.0625,,,NIC1667,3,,,
p036,C08,48h,10,15hHB101,DMSO,1,milbemycin,0.0625,,,ECA2666,3,,,
p036,D08,48h,10,15hHB101,DMSO,1,milbemycin,0.0625,,,VX34,3,,,
p036,E08,48h,10,15hHB101,DMSO,1,milbemycin,0.0625,,,JU3237,3,,,
p036,F08,48h,10,15hHB101,DMSO,1,milbemycin,0.0625,,,PB420,3,,,
p036,A09,48h,10,15hHB101,DMSO,1,milbemycin,0.125,,,ED3102,3,,,
p036,B09,48h,10,15hHB101,DMSO,1,milbemycin,0.125,,,NIC1667,3,,,
p036,C09,48h,10,15hHB101,DMSO,1,milbemycin,0.125,,,ECA2666,3,,,
p036,D09,48h,10,15hHB101,DMSO,1,milbemycin,0.125,,,VX34,3,,,
p036,E09,48h,10,15hHB101,DMSO,1,milbemycin,0.125,,,JU3237,3,,,
p036,F09,48h,10,15hHB101,DMSO,1,milbemycin,0.125,,,PB420,3,,,
p036,A10,48h,10,15hHB101,DMSO,1,milbemycin,0.25,,,ED3102,3,,,
p036,B10,48h,10,15hHB101,DMSO,1,milbemycin,0.25,,,NIC1667,3,,,
p036,C10,48h,10,15hHB101,DMSO,1,milbemycin,0.25,,,ECA2666,3,,,
p036,D10,48h,10,15hHB101,DMSO,1,milbemycin,0.25,,,VX34,3,,,
p036,E10,48h,10,15hHB101,DMSO,1,milbemycin,0.25,,,JU3237,3,,,
p036,F10,48h,10,15hHB101,DMSO,1,milbemycin,0.25,,,PB420,3,,,
p036,A11,48h,10,15hHB101,DMSO,1,milbemycin,0.5,,,ED3102,3,,,
p036,B11,48h,10,15hHB101,DMSO,1,milbemycin,0.5,,,NIC1667,3,,,
p036,C11,48h,10,15hHB101,DMSO,1,milbemycin,0.5,,,ECA2666,3,,,
p036,D11,48h,10,15hHB101,DMSO,1,milbemycin,0.5,,,VX34,3,,,
p036,E11,48h,10,15hHB101,DMSO,1,milbemycin,0.5,,,JU3237,3,,,
p036,F11,48h,10,15hHB101,DMSO,1,milbemycin,0.5,,,PB420,3,,,
p036,A12,48h,10,15hHB101,DMSO,1,milbemycin,1,,,ED3102,3,,,
p036,B12,48h,10,15hHB101,DMSO,1,milbemycin,1,,,NIC1667,3,,,
p036,C12,48h,10,15hHB101,DMSO,1,milbemycin,1,,,ECA2666,3,,,
p036,D12,48h,10,15hHB101,DMSO,1,milbemycin,1,,,VX34,3,,,
p036,E12,48h,10,15hHB101,DMSO,1,milbemycin,1,,,JU3237,3,,,
p036,F12,48h,10,15hHB101,DMSO,1,milbemycin,1,,,PB420,3,,,