"Filename","Date","Metadata_Experiment","Metadata_Plate","Magnification","Metadata_Well","Worm_ID","Length_um","Width_um","Topology_Warnings","assay_type","food_conc_OD","food_type","diluent","diluent_concentration_perc","drug","concentration_um","drug_stock_prep_date","drug_prep_method","strain","bleach","well_censor","well_censor_reason","mean_wormlength_um","min_wormlength_um","q10_wormlength_um","q25_wormlength_um","median_wormlength_um","sd_wormlength_um","q75_wormlength_um","q90_wormlength_um","max_wormlength_um","cv_wormlength_um","mean_wormwidth_um","min_wormwidth_um","q10_wormwidth_um","q25_wormwidth_um","median_wormwidth_um","sd_wormwidth_um","q75_wormwidth_um","q90_wormwidth_um","max_wormwidth_um","cv_wormwidth_um","n","flag_id","titer_WellFlag","n_WellFlag","outlier_length_WellFlag","outlier_width_WellFlag","outlier_WellFlag","assay_bleach","control_median_wormlength_um","median_wormlength_um_delta"
"20250529-CbDRC3-p025-m2x_A02_roi_0.png",20250529,"CbDRC3","p025","m2x","A02",0,771.562177701555,34.1600977146646,"","48h",10,"15hHB101","DMSO",1,"Levamisole",0.136,NA,NA,"ECA2666","1",NA,NA,721.226844469499,128.113274185763,677.354806345575,709.240603895073,737.135955767337,93.070021166934,757.284276424617,786.822165728727,799.496406559465,0.129044033622171,33.3380916233451,14.5674806414972,30.2837705373746,32.0013981906197,33.6950135089661,3.60136313884346,34.6969878034989,36.8907267920862,41.0411735347733,0.108025473669333,73,"1_ECA2666_0.136",NA,NA,NA,NA,NA,"1",742.112829021127,-4.97687325378934
"20250529-CbDRC3-p025-m2x_A03_roi_0.png",20250529,"CbDRC3","p025","m2x","A03",0,769.765837155492,34.3863698764497,"","48h",10,"15hHB101","DMSO",1,"Levamisole",0.273,NA,NA,"ECA2666","1",NA,NA,732.552483808273,205.399532277767,700.221513558879,721.334116164504,746.708118941348,84.2354683055153,772.652265550571,789.949874564918,814.211567903253,0.114988987365937,33.6123027647609,12.9676790783155,30.6106946204081,32.2061801530444,33.7555098081933,3.4452146653304,35.2294055593613,37.011469010109,40.1429646699105,0.102498620503394,76,"1_ECA2666_0.273",NA,"n>75",NA,NA,NA,"1",742.112829021127,4.59528992022172
"20250529-CbDRC3-p025-m2x_A05_roi_0.png",20250529,"CbDRC3","p025","m2x","A05",0,694.224201932603,32.6146024406483,"","48h",10,"15hHB101","DMSO",1,"Levamisole",1.09,NA,NA,"ECA2666","1",NA,NA,718.345770738222,620.702913431169,669.566880491742,688.390193885204,714.834022071044,54.2553343199162,736.872412520799,761.080207978898,1049.92660274431,0.0755281600170899,33.3912932659564,29.1357743876765,30.8456302161977,31.615194523572,33.3262439270922,2.208704107201,35.0042600637874,36.3146406117173,38.2118336347982,0.0661461084962785,66,"1_ECA2666_1.09",NA,NA,NA,NA,NA,"1",742.112829021127,-27.2788069500826
"20250529-CbDRC3-p025-m2x_A06_roi_0.png",20250529,"CbDRC3","p025","m2x","A06",0,770.046061302121,35.6737824151227,"","48h",10,"15hHB101","DMSO",1,"Levamisole",2.1875,NA,NA,"ECA2666","1",NA,NA,687.659950566842,356.96222775524,630.428217953701,672.227782109294,701.744205016633,60.8155353230366,723.916278825351,740.060486347573,770.865808906476,0.0884383848047367,33.1577742977023,19.3557838036491,30.0120293723906,32.189206806096,33.4047206532051,2.98981607868586,34.855486332564,35.8721319340655,38.1437476882496,0.0901693838628077,75,"1_ECA2666_2.1875",NA,NA,NA,NA,NA,"1",742.112829021127,-40.3686240044935
"20250529-CbDRC3-p025-m2x_A07_roi_0.png",20250529,"CbDRC3","p025","m2x","A07",0,596.727877720836,32.0356607554492,"","48h",10,"15hHB101","DMSO",1,"Levamisole",4.375,NA,NA,"ECA2666","1",NA,NA,547.865464495709,274.20087195942,463.144497628028,514.564834453673,559.803612576711,72.7153485784464,595.891834012041,626.294975278265,664.302798215003,0.132724826240651,29.2499956209822,19.1623624105538,23.9802160885916,27.5088495884525,29.6590223308121,3.69764985167277,32.035944382589,33.4396228312139,35.7399076847642,0.126415398470019,56,"1_ECA2666_4.375",NA,NA,NA,NA,NA,"1",742.112829021127,-182.309216444415
"20250529-CbDRC3-p025-m2x_A08_roi_0.png",20250529,"CbDRC3","p025","m2x","A08",0,611.562042000844,33.1530759562545,"","48h",10,"15hHB101","DMSO",1,"Levamisole",8.75,NA,NA,"ECA2666","1",NA,NA,499.44045337127,227.510542110122,396.720100087075,477.658372486723,507.304353705408,72.9791795876568,550.850650072445,573.255340527437,630.244047083752,0.146121883189559,27.9927786923617,10.4196657717697,23.8484751547877,26.9953858761743,28.9275558192818,3.75939665988426,29.9938842771833,31.4766915205614,34.3290276302952,0.134298802601904,70,"1_ECA2666_8.75",NA,NA,NA,NA,NA,"1",742.112829021127,-234.808475315718
"20250529-CbDRC3-p025-m2x_A09_roi_0.png",20250529,"CbDRC3","p025","m2x","A09",0,471.858079112559,26.6023011515711,"","48h",10,"15hHB101","DMSO",1,"Levamisole",17.5,NA,NA,"ECA2666","1",NA,NA,447.009714540391,176.369185831374,383.775844546865,427.936406790482,460.295863488974,63.6169403748677,487.624515601212,514.059521367167,540.37133081309,0.142316684191702,25.1933503263623,14.2305580485413,21.5089203495371,23.5106488755777,25.3730087188105,2.94181847115382,27.7200189985831,28.7720422811452,29.4502518568067,0.116769640918917,74,"1_ECA2666_17.5",NA,NA,NA,NA,NA,"1",742.112829021127,-281.816965532153
"20250529-CbDRC3-p025-m2x_A10_roi_0.png",20250529,"CbDRC3","p025","m2x","A10",0,528.948213963262,26.8251881593488,"","48h",10,"15hHB101","DMSO",1,"Levamisole",35,NA,NA,"ECA2666","1",NA,NA,459.422099569273,226.916472582581,382.559227588377,422.254618547555,482.70867469408,73.4685859337504,506.57515718624,515.791958523435,656.450347216087,0.159915219582667,25.2461930694363,13.7838458984952,21.3995601227418,23.0110993734467,26.1574542220263,3.3993473311366,27.9377499477831,28.7786424722481,29.4760768206064,0.134647917877644,80,"1_ECA2666_35",NA,"n>75",NA,NA,NA,"1",742.112829021127,-259.404154327047
"20250529-CbDRC3-p025-m2x_A11_roi_0.png",20250529,"CbDRC3","p025","m2x","A11",0,438.598450834572,24.6198316290925,"","48h",10,"15hHB101","DMSO",1,"Levamisole",70,NA,NA,"ECA2666","1",NA,NA,387.937625048215,182.615808225699,326.741271091416,357.98137380917,395.510453510322,62.046457153873,429.748883957095,462.870875620109,483.639732543037,0.159939261230878,22.2153042340425,15.4821184301917,19.172269181899,20.6412082219894,22.3801658615969,2.72036045615292,23.9761300312844,25.1912568833504,29.1090942043093,0.122454341722868,59,"1_ECA2666_70",NA,NA,NA,"outlier","outlier","1",742.112829021127,-346.602375510805
"20250529-CbDRC3-p025-m2x_B01_roi_0.png",20250529,"CbDRC3","p025","m2x","B01",0,833.258717307705,39.3879619463679,"","48h",10,"15hHB101","DMSO",1,"Levamisole",0,NA,NA,"JU3237","1",NA,NA,793.294103874949,394.512914442978,760.341439523217,778.423282752171,799.034505007685,64.7245634085455,826.367719698989,844.344640039086,872.303030696503,0.0815896186450774,37.1125531721162,23.5240643408619,34.6699228746679,35.9228443747658,37.3909930813042,2.68836233033278,38.871415781871,39.8144170827509,41.6997223949312,0.0724380863225717,67,"1_JU3237_0",NA,NA,NA,NA,NA,"1",810.19884282327,-11.1643378155849
"20250529-CbDRC3-p025-m2x_B02_roi_0.png",20250529,"CbDRC3","p025","m2x","B02",0,875.741799768362,38.0927921402642,"","48h",10,"15hHB101","DMSO",1,"Levamisole",0.136,NA,NA,"JU3237","1",NA,NA,812.224442570045,717.191059589672,769.074227891676,789.327952278371,807.805602658371,35.4389812999509,836.53650352224,865.931184829243,905.641236344095,0.0436320054439814,36.8091095178672,28.6866134673615,34.2537903516305,35.5163270010075,36.9393865051956,2.18561930807507,38.3704353355929,39.3110111108034,40.797992513555,0.0593771307348299,82,"1_JU3237_0.136",NA,"n>75",NA,NA,NA,"1",810.19884282327,-2.39324016489888
"20250529-CbDRC3-p025-m2x_B03_roi_0.png",20250529,"CbDRC3","p025","m2x","B03",0,875.281739347606,37.8566491086361,"","48h",10,"15hHB101","DMSO",1,"Levamisole",0.273,NA,NA,"JU3237","1",NA,NA,815.563275189495,652.712425801386,770.684439652813,793.528016682124,819.230454859379,40.8738562976219,836.39270581706,865.96373707603,889.719831455639,0.0501173330642247,37.9170904205969,29.3535712421885,35.8931260976518,36.9313173251299,38.2102114872297,2.2857943600043,39.1396894249434,40.224070693206,42.5205220642774,0.0602840126879207,69,"1_JU3237_0.273",NA,NA,NA,NA,NA,"1",810.19884282327,9.03161203610875
"20250529-CbDRC3-p025-m2x_B04_roi_0.png",20250529,"CbDRC3","p025","m2x","B04",0,790.422051301756,36.7267097684599,"","48h",10,"15hHB101","DMSO",1,"Levamisole",0.546,NA,NA,"JU3237","1",NA,NA,791.633890036091,326.098040510527,756.773723136118,777.070041135658,796.150817956015,66.856674803756,826.315174695347,837.404160071742,865.69625903708,0.084454033165139,36.821129027351,18.5126279180315,34.7331001859965,35.855037632184,37.0882127289184,2.93618142122189,38.0387643436513,39.7661047866292,40.7465918285085,0.0797417542259738,67,"1_JU3237_0.546",NA,NA,NA,NA,NA,"1",810.19884282327,-14.0480248672557
"20250529-CbDRC3-p025-m2x_B05_roi_0.png",20250529,"CbDRC3","p025","m2x","B05",0,841.68831210342,36.3117405910414,"","48h",10,"15hHB101","DMSO",1,"Levamisole",1.09,NA,NA,"JU3237","1",NA,NA,805.383845140152,504.010270934941,755.971609906482,783.320117006673,807.241760157179,57.0609199171132,836.703840116879,861.402355766968,977.369400885138,0.0708493475023497,36.8553628806363,30.102406598198,33.4000813876572,34.9418931280474,36.9060733469997,2.67651559259964,38.990904287566,40.041425869231,41.9968858362959,0.0726221473186437,79,"1_JU3237_1.09",NA,"n>75",NA,NA,NA,"1",810.19884282327,-2.9570826660912
"20250529-CbDRC3-p025-m2x_B06_roi_0.png",20250529,"CbDRC3","p025","m2x","B06",0,780.293821817669,35.4352309780645,"","48h",10,"15hHB101","DMSO",1,"Levamisole",2.1875,NA,NA,"JU3237","1",NA,NA,765.53712969975,530.074299394164,704.533044037086,746.781094459506,766.859817045404,53.8667328190542,798.565660178334,824.125119403644,847.600289375179,0.0703646246919221,36.4978057449292,30.9215863758679,33.7995957695226,34.7961127552409,36.2051846557142,2.48201302973019,38.427413810414,39.6927395764691,42.3858693225355,0.0680044451733932,66,"1_JU3237_2.1875",NA,NA,NA,NA,NA,"1",810.19884282327,-43.3390257778659
"20250529-CbDRC3-p025-m2x_B07_roi_0.png",20250529,"CbDRC3","p025","m2x","B07",0,637.679794336922,35.3641801447501,"","48h",10,"15hHB101","DMSO",1,"Levamisole",4.375,NA,NA,"JU3237","1",NA,NA,578.702810138352,329.409323646164,474.553057420666,526.193124157757,601.271115468093,75.644990543788,633.390763730687,654.0546108658,704.828826556385,0.130714745493811,32.1217631968736,20.527840011093,26.8124040321638,29.8645062276524,32.3623022505247,3.83305168354388,34.5568006575704,36.7062351347288,39.0175035276184,0.11932880707859,56,"1_JU3237_4.375",NA,NA,NA,NA,NA,"1",810.19884282327,-208.927727355177
"20250529-CbDRC3-p025-m2x_B08_roi_0.png",20250529,"CbDRC3","p025","m2x","B08",0,558.981192198001,32.0891813490162,"","48h",10,"15hHB101","DMSO",1,"Levamisole",8.75,NA,NA,"JU3237","1",NA,NA,497.62561764649,294.351018763572,427.083783091298,470.762365187818,499.634681640347,67.6778895864151,536.231114529631,563.021774774408,609.597964652887,0.136001618860573,28.2385766064278,6.70493565780278,22.7435720841472,27.10604779931,29.4362039167288,4.37042227870256,30.637496489596,31.9377385268817,34.3423141211995,0.15476779653645,63,"1_JU3237_8.75",NA,NA,NA,"outlier","outlier","1",810.19884282327,-310.564161182923
"20250529-CbDRC3-p025-m2x_B09_roi_0.png",20250529,"CbDRC3","p025","m2x","B09",0,485.734777821335,25.0158611565974,"","48h",10,"15hHB101","DMSO",1,"Levamisole",17.5,NA,NA,"JU3237","1",NA,NA,393.014018501183,168.581237885815,305.269870526806,352.830439054405,406.625912217289,68.6329794653514,431.540904003517,465.322767066325,507.376492301334,0.174632395371273,23.223013435592,15.6171999519422,19.3550065857523,21.3134663457875,23.8760125247656,3.02197936276236,25.012615083558,26.995607889038,28.5844912464372,0.130128648943157,62,"1_JU3237_17.5",NA,NA,NA,NA,NA,"1",810.19884282327,-403.572930605981
"20250529-CbDRC3-p025-m2x_B10_roi_0.png",20250529,"CbDRC3","p025","m2x","B10",0,462.345728014857,26.255283950348,"","48h",10,"15hHB101","DMSO",1,"Levamisole",35,NA,NA,"JU3237","1",NA,NA,428.948538212023,234.877503367291,342.065167378965,389.461376965178,434.987945726303,75.7308447212817,476.830973975915,494.359736570315,614.963810326323,0.176549954073626,25.1880248368694,16.0976245399464,21.3969541361772,22.9586771703035,25.9814486657058,3.34087468373963,27.7309770503506,29.0569349077841,30.9464340712027,0.132637422162986,68,"1_JU3237_35",NA,NA,NA,NA,NA,"1",810.19884282327,-375.210897096967
"20250529-CbDRC3-p025-m2x_B11_roi_0.png",20250529,"CbDRC3","p025","m2x","B11",0,380.340547108948,22.9312187757905,"","48h",10,"15hHB101","DMSO",1,"Levamisole",70,NA,NA,"JU3237","1",NA,NA,331.994603280877,189.113704540638,255.315918119019,308.361006507142,340.135586388794,58.215353692784,370.110463802593,387.24162035948,486.556454812742,0.175350301232252,20.7669507325865,14.4525241889858,16.8393671265863,18.9855182781412,20.8663744281913,2.52667029399808,22.7836591966751,23.6941895126369,25.2909657584508,0.12166785227806,61,"1_JU3237_70",NA,NA,NA,NA,NA,"1",810.19884282327,-470.063256434476
"20250529-CbDRC3-p025-m2x_B12_roi_0.png",20250529,"CbDRC3","p025","m2x","B12",0,349.907701726427,24.3031685877682,"","48h",10,"15hHB101","DMSO",1,"Levamisole",140,NA,NA,"JU3237","1",NA,NA,303.494773155781,201.479720489977,239.695878596507,266.90412919118,314.384330048469,50.249100554062,349.907701726427,361.116303269892,379.359651541399,0.165568256848594,19.3737942961824,14.1571245353709,16.5971293724223,17.2332994632808,19.7117365976215,2.5103125481569,20.7144362545699,22.7136459192816,24.5912997112692,0.129572581900054,37,"1_JU3237_140",NA,NA,NA,"outlier","outlier","1",810.19884282327,-495.814512774801
"20250529-CbDRC3-p025-m2x_C01_roi_0.png",20250529,"CbDRC3","p025","m2x","C01",0,729.657826875593,38.5125077235335,"","48h",10,"15hHB101","DMSO",1,"Levamisole",0,NA,NA,"VX34","1",NA,NA,731.32798338937,408.47503471363,677.583688180621,715.464728277793,740.678578219992,73.3696552976647,779.520014354078,800.34211012066,823.43779620251,0.100323872413072,35.6942079050801,19.4965934839064,31.1339551066994,34.0640450722847,35.8229370930647,4.01005726622232,38.3657512699175,39.9504282187938,43.001437792994,0.112344761281328,54,"1_VX34_0",NA,NA,NA,NA,NA,"1",764.119037751743,-23.4404595317511
"20250529-CbDRC3-p025-m2x_C02_roi_0.png",20250529,"CbDRC3","p025","m2x","C02",0,780.564939991663,34.7153239396062,"","48h",10,"15hHB101","DMSO",1,"Levamisole",0.136,NA,NA,"VX34","1",NA,NA,752.744711282986,577.184998413573,684.315617631191,726.630412632969,757.031369897727,63.2779187562131,801.448011527757,819.841045055959,866.902446141227,0.0840629204134316,37.0358082044934,28.0806641806094,32.9898232972113,35.4259859277395,37.4711938040801,3.41229052067318,39.1286077237253,40.9887352631354,46.3184149194584,0.0921349009540226,70,"1_VX34_0.136",NA,NA,NA,NA,NA,"1",764.119037751743,-7.08766785401622
"20250529-CbDRC3-p025-m2x_C03_roi_0.png",20250529,"CbDRC3","p025","m2x","C03",0,683.696163992144,31.6355269384054,"","48h",10,"15hHB101","DMSO",1,"Levamisole",0.273,NA,NA,"VX34","1",NA,NA,761.172155096122,532.071887671062,689.600419157833,738.81691310992,766.700756388307,62.5106960974002,800.970842449024,831.205468929686,886.239908829387,0.082124254912486,37.3958419014425,26.5425583847544,33.0825259738249,35.5305804581325,37.5981882392367,3.51115161873999,39.6901748383667,41.4820912375198,44.8407499651348,0.0938914980974009,65,"1_VX34_0.273",NA,NA,NA,NA,NA,"1",764.119037751743,2.58171863656412
"20250529-CbDRC3-p025-m2x_C04_roi_0.png",20250529,"CbDRC3","p025","m2x","C04",0,808.129936759108,39.709945292533,"","48h",10,"15hHB101","DMSO",1,"Levamisole",0.546,NA,NA,"VX34","1",NA,NA,744.830272853745,409.578402294471,687.417106876038,720.260599920336,758.60948056201,90.5698302035643,804.088524182245,826.799499256726,852.843069645597,0.121597944531114,35.5857072868244,21.2035289150812,32.0283824804097,34.5871971598913,36.578521597177,4.57591549649216,38.4099014781607,39.8505618184172,41.4905621059824,0.12858857798188,69,"1_VX34_0.546",NA,NA,NA,NA,NA,"1",764.119037751743,-5.50955718973307
"20250529-CbDRC3-p025-m2x_C05_roi_0.png",20250529,"CbDRC3","p025","m2x","C05",0,773.998324107054,36.731158781821,"","48h",10,"15hHB101","DMSO",1,"Levamisole",1.09,NA,NA,"VX34","1",NA,NA,749.398530816256,435.964677411112,680.268423841759,733.830905076989,755.605560688787,66.3815280453888,792.259261622226,815.547675997749,880.594215340995,0.0885797413735052,36.3781283464735,23.8563693312462,32.3517694159371,34.1352980465994,36.7855843652452,3.64222982162748,38.5309211461126,40.5502884796542,45.4681773196814,0.100121418752995,70,"1_VX34_1.09",NA,NA,NA,NA,NA,"1",764.119037751743,-8.51347706295644
"20250529-CbDRC3-p025-m2x_C06_roi_0.png",20250529,"CbDRC3","p025","m2x","C06",0,750.858210105222,38.057965061714,"","48h",10,"15hHB101","DMSO",1,"Levamisole",2.1875,NA,NA,"VX34","1",NA,NA,700.687562928175,156.756209372542,595.065696130333,691.35956178998,728.045618160541,127.319977949361,772.604390369524,787.112441862081,820.081711230115,0.181707204017281,34.7340399698892,14.1982888858348,29.1447166739863,33.069367214985,36.1183397477584,5.56698859473742,38.2147492658604,39.5264835001647,42.834788505253,0.160274721845297,66,"1_VX34_2.1875",NA,NA,NA,NA,NA,"1",764.119037751743,-36.0734195912024
"20250529-CbDRC3-p025-m2x_C07_roi_0.png",20250529,"CbDRC3","p025","m2x","C07",0,596.556722742281,31.2710052282091,"","48h",10,"15hHB101","DMSO",1,"Levamisole",4.375,NA,NA,"VX34","1",NA,NA,529.333634506919,254.551864512375,382.128370777892,432.070082270058,542.827966160874,114.001360686426,598.073173321202,692.887285936848,735.860101931317,0.215367687323742,28.9928354602876,18.5714293885925,21.9347856129822,24.5034870412826,28.6821587595266,5.86875165762443,32.2812566075412,36.9452841310096,40.417072863513,0.202420755488474,52,"1_VX34_4.375",NA,NA,NA,NA,NA,"1",764.119037751743,-221.291071590869
"20250529-CbDRC3-p025-m2x_C09_roi_0.png",20250529,"CbDRC3","p025","m2x","C09",0,491.342173617728,28.4449583284637,"","48h",10,"15hHB101","DMSO",1,"Levamisole",17.5,NA,NA,"VX34","1",NA,NA,430.019780979429,165.131809350482,312.540551522757,381.302429554555,467.638377215745,93.8109591755414,500.946352976569,516.318499922457,559.212644972125,0.218154985712225,25.4354213890777,11.7274151501022,19.2347447823403,22.5549884828977,26.2213913838723,5.11180522375474,29.7547894588602,30.585907306254,34.4050607307525,0.200971910217686,45,"1_VX34_17.5",NA,NA,NA,NA,NA,"1",764.119037751743,-296.480660535998
"20250529-CbDRC3-p025-m2x_C10_roi_0.png",20250529,"CbDRC3","p025","m2x","C10",0,546.907696746157,32.9629219935675,"","48h",10,"15hHB101","DMSO",1,"Levamisole",35,NA,NA,"VX34","1",NA,NA,442.478942958469,221.128739013765,262.423242862831,387.910465520464,488.65919808868,98.4154877627943,509.005517360994,521.873793911639,580.600494448909,0.222418466073834,26.4886696564002,14.3987865839287,18.8799237103795,24.1769261922423,27.2136001403816,5.00206535627811,29.6648282118044,31.3664673922574,36.5629531482715,0.188837922823712,50,"1_VX34_35",NA,NA,NA,NA,NA,"1",764.119037751743,-275.459839663063
"20250529-CbDRC3-p025-m2x_C11_roi_0.png",20250529,"CbDRC3","p025","m2x","C11",0,388.521201302579,25.5385611150698,"","48h",10,"15hHB101","DMSO",1,"Levamisole",70,NA,NA,"VX34","1",NA,NA,340.408131552073,156.269007798406,197.680275299638,293.876091138053,367.003285572705,83.6369987149958,388.938921935799,422.964600277295,492.110099456436,0.245696242136336,21.469123512938,11.5796487190875,15.3292419500355,19.3136303048803,22.3993604092812,4.01576363559813,23.9765292155206,25.2213187375553,28.6926575037323,0.187048327016149,38,"1_VX34_70",NA,NA,NA,"outlier","outlier","1",764.119037751743,-397.115752179038
"20250529-CbDRC3-p025-m2x_C12_roi_0.png",20250529,"CbDRC3","p025","m2x","C12",0,371.755002070748,22.3661471640384,"","48h",10,"15hHB101","DMSO",1,"Levamisole",140,NA,NA,"VX34","1",NA,NA,287.640042299177,177.0477747353,207.299649438024,237.052064460398,290.777468091421,61.1110478320389,331.885362176362,368.016686051407,387.975487202316,0.212456677949159,19.0083482176658,12.9632561007077,15.1184696370926,17.5484083194188,19.2428314474022,2.94936808737539,20.8942684888502,22.4322565131596,24.9759393843194,0.155161724396144,46,"1_VX34_140",NA,NA,NA,NA,NA,"1",764.119037751743,-473.341569660323
"20250529-CbDRC3-p025-m2x_D01_roi_0.png",20250529,"CbDRC3","p025","m2x","D01",0,730.072140858919,30.4586973289571,"","48h",10,"15hHB101","DMSO",1,"Levamisole",0,NA,NA,"NIC1667","1",NA,NA,724.977658861077,608.199242705365,657.277718129796,701.135345646633,736.369385269549,42.9873250623204,752.459763754351,765.712368940438,789.580447879807,0.0592946893423619,33.8236141798632,27.4740361680886,30.3557502367346,32.1295688211424,34.2338167770276,2.64859115784256,35.8232686352684,36.7888880111636,38.2198213054826,0.0783059771128596,55,"1_NIC1667_0",NA,NA,NA,NA,NA,"1",733.394904851972,2.9744804175765
"20250529-CbDRC3-p025-m2x_D02_roi_0.png",20250529,"CbDRC3","p025","m2x","D02",0,690.437278845347,29.4332200524953,"","48h",10,"15hHB101","DMSO",1,"Levamisole",0.136,NA,NA,"NIC1667","1",NA,NA,703.035238381905,579.325427332887,607.794277476104,672.687223912156,714.406324992141,57.934930641572,747.188284412836,768.219442194668,809.650680426701,0.0824068659416192,32.5486693753089,25.9660114946516,29.2902880752843,30.9222276772718,32.606049372705,2.56594850458828,34.2029738516767,36.4290663132611,37.4520226278423,0.0788342059394534,63,"1_NIC1667_0.136",NA,NA,NA,NA,NA,"1",733.394904851972,-18.9885798598308
"20250529-CbDRC3-p025-m2x_D03_roi_0.png",20250529,"CbDRC3","p025","m2x","D03",0,773.587714919134,35.4711150382389,"","48h",10,"15hHB101","DMSO",1,"Levamisole",0.273,NA,NA,"NIC1667","1",NA,NA,732.019917903077,616.906259481267,670.662534848963,705.373924452441,738.254664913093,42.1792874160875,769.702853421187,779.806581583189,817.378496940961,0.0576204094786288,33.3546228499658,28.410983837702,30.1002860020564,31.7441162434599,33.1699346038728,2.34813270907912,35.1118124255216,36.4033904421574,37.8981775871717,0.0703990184401536,62,"1_NIC1667_0.273",NA,NA,NA,NA,NA,"1",733.394904851972,4.85976006112037
"20250529-CbDRC3-p025-m2x_D04_roi_0.png",20250529,"CbDRC3","p025","m2x","D04",0,721.99316534446,33.059706539008,"","48h",10,"15hHB101","DMSO",1,"Levamisole",0.546,NA,NA,"NIC1667","1",NA,NA,702.690122934576,522.102481180918,628.82862685584,646.564063422225,711.024398374076,63.8656908665458,755.202611724118,776.329085176103,815.027402527771,0.0908874179130764,32.5430142497522,22.7919529988708,28.9910724917439,29.9630195410152,32.4524997949509,3.7464574256042,34.6574926106711,36.1900074339064,50.2060724028878,0.115123245709568,66,"1_NIC1667_0.546",NA,NA,NA,NA,NA,"1",733.394904851972,-22.3705064778961
"20250529-CbDRC3-p025-m2x_D05_roi_0.png",20250529,"CbDRC3","p025","m2x","D05",0,673.328279111391,32.4311058159199,"","48h",10,"15hHB101","DMSO",1,"Levamisole",1.09,NA,NA,"NIC1667","1",NA,NA,712.205053189872,573.239255519971,634.952339508749,687.0521606265,726.515951224161,50.2361039317587,746.453110632492,766.037716708725,779.53432707609,0.0705360116538879,33.100213913689,24.1942145958882,29.1687954948525,30.9415788609998,33.2432898301637,3.18839058770375,35.2243082827509,36.7096266538747,39.2531743108837,0.0963253771113893,60,"1_NIC1667_1.09",NA,NA,NA,NA,NA,"1",733.394904851972,-6.8789536278116
"20250529-CbDRC3-p025-m2x_D06_roi_0.png",20250529,"CbDRC3","p025","m2x","D06",0,736.248139748682,31.9234506627863,"","48h",10,"15hHB101","DMSO",1,"Levamisole",2.1875,NA,NA,"NIC1667","1",NA,NA,679.474953155506,282.903699975027,605.516205758781,658.314537948579,687.992500877549,78.4381670637804,718.918085722496,746.736862624369,955.08371325238,0.115439379626152,33.0423918996775,15.909885288332,29.8700974160616,31.4955659140368,33.3612233749419,3.4297169942635,35.4323957459444,36.3484064000272,37.0857317852412,0.103797479452357,72,"1_NIC1667_2.1875",NA,NA,NA,NA,NA,"1",733.394904851972,-45.4024039744237
"20250529-CbDRC3-p025-m2x_D07_roi_0.png",20250529,"CbDRC3","p025","m2x","D07",0,624.934193148361,32.1458695419677,"","48h",10,"15hHB101","DMSO",1,"Levamisole",4.375,NA,NA,"NIC1667","1",NA,NA,595.511282430936,415.577393799323,548.69484626072,566.538976675446,599.000903014504,45.4369052701651,621.275349650245,649.130410917964,708.109453741471,0.0762989830934641,31.1954798444105,22.9821599731583,27.887740711205,29.6401536189243,31.4311703326785,2.70461092354514,33.0966925550377,34.3177847625194,36.9385063240416,0.0866988081938331,55,"1_NIC1667_4.375",NA,NA,NA,NA,NA,"1",733.394904851972,-134.394001837468
"20250529-CbDRC3-p025-m2x_D08_roi_0.png",20250529,"CbDRC3","p025","m2x","D08",0,573.740780888403,31.2354158456011,"","48h",10,"15hHB101","DMSO",1,"Levamisole",8.75,NA,NA,"NIC1667","1",NA,NA,531.626040537632,196.078838236413,486.203436271472,517.801101085551,539.274255446835,57.6929041125361,559.797090758205,577.33011198937,648.499437353258,0.108521591707944,29.0172498975412,17.0944467070323,25.7386609408211,27.1459836749454,29.1576250915453,3.06958321202644,30.8124770657544,32.4121780632627,35.1800313073915,0.105784773638612,76,"1_NIC1667_8.75",NA,"n>75",NA,NA,NA,"1",733.394904851972,-194.120649405137
"20250529-CbDRC3-p025-m2x_D10_roi_0.png",20250529,"CbDRC3","p025","m2x","D10",0,559.001806061555,27.7983918441829,"","48h",10,"15hHB101","DMSO",1,"Levamisole",35,NA,NA,"NIC1667","1",NA,NA,515.087337216567,167.071039713994,477.776860480415,500.493680773991,516.229966079564,88.3728218670641,533.137497236074,550.777738151004,1057.26130583957,0.171568616585711,28.6288927512664,11.6936107652407,25.7272933194154,27.7467993213932,29.1758822869512,3.25859468285725,30.4294028098547,31.3821177252561,34.5978840658029,0.113821890045437,67,"1_NIC1667_35",NA,NA,NA,NA,NA,"1",733.394904851972,-217.164938772408
"20250529-CbDRC3-p025-m2x_D11_roi_0.png",20250529,"CbDRC3","p025","m2x","D11",0,452.550823860912,25.314255282329,"","48h",10,"15hHB101","DMSO",1,"Levamisole",70,NA,NA,"NIC1667","1",NA,NA,390.038044426454,306.162749696061,355.22767381558,365.33321204548,386.283514898491,36.0309677893327,415.64041262973,450.675057662937,466.265955574632,0.0923780854309117,22.9022924832838,18.5101221633765,20.1930229025941,21.622896592644,22.7544566727424,1.99593167424563,24.1289654208514,25.1031707549639,27.8148688281773,0.087149863958049,45,"1_NIC1667_70",NA,NA,NA,NA,NA,"1",733.394904851972,-347.111389953482
"20250529-CbDRC3-p025-m2x_D12_roi_0.png",20250529,"CbDRC3","p025","m2x","D12",0,378.154074774947,21.9615956410677,"","48h",10,"15hHB101","DMSO",1,"Levamisole",140,NA,NA,"NIC1667","1",NA,NA,356.196740254097,262.009590488281,313.877341590053,342.032915401655,359.091267428148,31.8384397748069,377.929518293009,388.356067881604,413.953739780637,0.0893844220811639,21.6789176450683,17.5857301574788,19.3737729875207,20.3491917354605,22.0040680580572,1.72691122753008,22.8087486846018,23.542196526172,24.6590374479746,0.0796585537988299,63,"1_NIC1667_140",NA,NA,NA,NA,NA,"1",733.394904851972,-374.303637423824
"20250529-CbDRC3-p025-m2x_E01_roi_0.png",20250529,"CbDRC3","p025","m2x","E01",0,760.000120501607,37.243379430013,"","48h",10,"15hHB101","DMSO",1,"Levamisole",0,NA,NA,"PB420","1",NA,NA,735.48696920578,431.888617962672,695.078684547618,712.095581045605,748.463951960839,57.16300614494,765.972697641284,781.409227461212,811.516086740651,0.0777213037596952,36.6472022324472,26.5373916080544,33.7409375656411,35.0935992291828,36.6313578734105,2.75252054151484,38.4390235069694,40.2589005721264,41.9430510097554,0.0751086133139455,80,"1_PB420_0",NA,"n>75",NA,NA,NA,"1",755.762080684412,-7.29812872357297
"20250529-CbDRC3-p025-m2x_E02_roi_0.png",20250529,"CbDRC3","p025","m2x","E02",0,720.345307912347,36.915260369982,"","48h",10,"15hHB101","DMSO",1,"Levamisole",0.136,NA,NA,"PB420","1",NA,NA,740.588427391489,210.392331371905,695.792009630626,738.316587913329,751.435728080818,85.5429692857695,775.091555507249,804.991632683598,826.331984779985,0.115506759384656,35.8373563152926,14.9671393592975,33.1102477307977,35.1829591546181,36.2806866702789,3.65472916144065,37.8799625423301,38.7309708498155,40.1222152713813,0.101980992383668,60,"1_PB420_0.136",NA,NA,NA,NA,NA,"1",755.762080684412,-4.32635260359416
"20250529-CbDRC3-p025-m2x_E03_roi_0.png",20250529,"CbDRC3","p025","m2x","E03",0,804.624057520625,37.6389382060283,"","48h",10,"15hHB101","DMSO",1,"Levamisole",0.273,NA,NA,"PB420","1",NA,NA,741.379649854753,248.749854875068,692.014394600884,726.259414931112,759.060417994658,79.6488195838661,780.423246139142,791.851881361511,804.981197935621,0.107433242333358,36.3912877489243,28.7185874353522,31.6118577846056,35.0912856224886,36.7458340467525,3.07829874945783,38.09898065893,39.8014887755195,43.8959117632954,0.0845888931080441,57,"1_PB420_0.273",NA,NA,NA,NA,NA,"1",755.762080684412,3.29833731024587
"20250529-CbDRC3-p025-m2x_E04_roi_0.png",20250529,"CbDRC3","p025","m2x","E04",0,763.574111787,37.2513052427433,"","48h",10,"15hHB101","DMSO",1,"Levamisole",0.546,NA,NA,"PB420","1",NA,NA,745.485635458811,656.202059305053,696.645315812107,726.081211507013,743.74429977407,34.1698787334977,770.351492642136,782.660130644027,816.810007274071,0.0458357305737592,36.4347682986692,30.5770024030449,33.8668065920278,35.3289559216088,36.4335932199895,2.21485049675835,37.9733180885666,38.9765386676942,41.4484023164667,0.0607894766505006,67,"1_PB420_0.546",NA,NA,NA,NA,NA,"1",755.762080684412,-12.0177809103425
"20250529-CbDRC3-p025-m2x_E05_roi_0.png",20250529,"CbDRC3","p025","m2x","E05",0,708.982613608586,35.2598084340098,"","48h",10,"15hHB101","DMSO",1,"Levamisole",1.09,NA,NA,"PB420","1",NA,NA,731.092868537482,559.960478056707,682.857477918533,718.035773851686,734.884443590683,37.1267291183033,755.582847426337,762.885278754263,792.919986184548,0.0507825075528006,36.2136267375583,29.8077386391516,33.2078660809947,34.6562661713584,36.2548269431196,2.55886077238849,38.0063609544518,39.4031466031666,42.254729869835,0.0706601631185041,60,"1_PB420_1.09",NA,NA,NA,NA,NA,"1",755.762080684412,-20.8776370937292
"20250529-CbDRC3-p025-m2x_E06_roi_0.png",20250529,"CbDRC3","p025","m2x","E06",0,686.627840499283,36.3915325138271,"","48h",10,"15hHB101","DMSO",1,"Levamisole",2.1875,NA,NA,"PB420","1",NA,NA,694.817369001346,520.199297079075,652.771166691404,676.395976587264,702.837014222494,41.6616724209695,720.197856333107,726.342095094283,786.08712021177,0.0599606087580242,35.628436753515,27.8110402639981,32.5303876545268,34.6891007916521,35.9057434717409,2.36771907873043,37.020943256203,38.3657882108907,39.6094842254624,0.0664558789124206,53,"1_PB420_2.1875",NA,NA,NA,NA,NA,"1",755.762080684412,-52.9250664619177
"20250529-CbDRC3-p025-m2x_E07_roi_0.png",20250529,"CbDRC3","p025","m2x","E07",0,535.015197199923,31.9379420216931,"","48h",10,"15hHB101","DMSO",1,"Levamisole",4.375,NA,NA,"PB420","1",NA,NA,497.06583117461,153.610177451187,423.349179844228,476.884636479088,512.97177020717,80.4613451789616,543.072474844672,565.889902675906,615.83516758413,0.161872613510417,28.4588301253795,14.7934886274319,23.0205327563359,27.5191602882837,29.2815154750891,4.25975948977458,31.1132976981026,32.6066974712131,37.4856367195393,0.149681468669217,74,"1_PB420_4.375",NA,NA,NA,NA,NA,"1",755.762080684412,-242.790310477242
"20250529-CbDRC3-p025-m2x_E08_roi_0.png",20250529,"CbDRC3","p025","m2x","E08",0,508.712184249333,28.3805983940121,"","48h",10,"15hHB101","DMSO",1,"Levamisole",8.75,NA,NA,"PB420","1",NA,NA,459.415171714217,288.048243776331,341.834439556133,410.892334138354,480.91983602089,77.6037093875979,512.538913958096,541.229874174494,570.434713705218,0.168918473236387,26.8487912717768,15.0090417779042,21.9694604263838,24.7502159527179,28.2526678525482,3.93469729287944,29.6222446615015,30.170236024616,32.4714936306194,0.14655025818669,44,"1_PB420_8.75",NA,NA,NA,NA,NA,"1",755.762080684412,-274.842244663522
"20250529-CbDRC3-p025-m2x_E09_roi_0.png",20250529,"CbDRC3","p025","m2x","E09",0,468.532940688136,27.7385881472638,"","48h",10,"15hHB101","DMSO",1,"Levamisole",17.5,NA,NA,"PB420","1",NA,NA,431.814014646366,232.848332659207,347.900780273207,407.697539656474,456.725403980655,65.3809613623929,474.593589683744,490.532558839162,513.520045494721,0.151410003253222,25.8378418470783,14.5692663623198,20.5277213015604,24.365121646223,26.3204017348779,3.4407712528881,28.0507984846023,29.1202703245669,32.7106199884596,0.133167904395899,61,"1_PB420_17.5",NA,NA,NA,NA,NA,"1",755.762080684412,-299.036676703757
"20250529-CbDRC3-p025-m2x_E10_roi_0.png",20250529,"CbDRC3","p025","m2x","E10",0,537.632171232252,32.4627515858124,"","48h",10,"15hHB101","DMSO",1,"Levamisole",35,NA,NA,"PB420","1",NA,NA,440.985043693538,219.461662622044,332.31865255715,416.721343321606,456.868028395234,72.2312700500342,489.91302389541,508.338100622742,560.819275997356,0.163795283044182,26.8009624619672,12.3430735460275,21.3953725629144,25.1481160439213,27.9238864904127,3.93600801323679,29.2080533291672,30.2786455105427,34.1823914392323,0.146860696470223,68,"1_PB420_35",NA,NA,NA,NA,NA,"1",755.762080684412,-298.894052289178
"20250529-CbDRC3-p025-m2x_E11_roi_0.png",20250529,"CbDRC3","p025","m2x","E11",0,390.372418781006,24.8735944018069,"","48h",10,"15hHB101","DMSO",1,"Levamisole",70,NA,NA,"PB420","1",NA,NA,333.173724913943,205.857331343155,272.545735731529,314.033311976486,344.26830958987,43.0712592527832,359.30395757415,370.901278676476,413.989909628635,0.129275678218348,21.3942738985957,14.7960786697127,18.3221432396068,19.8777193519446,22.1140143969183,2.29921549982208,22.7781912338153,24.1342706325603,25.7934105782053,0.107468732555257,58,"1_PB420_70",NA,NA,NA,NA,NA,"1",755.762080684412,-411.493771094542
"20250529-CbDRC3-p025-m2x_E12_roi_0.png",20250529,"CbDRC3","p025","m2x","E12",0,368.837868446142,22.1711589937745,"","48h",10,"15hHB101","DMSO",1,"Levamisole",140,NA,NA,"PB420","1",NA,NA,293.975174113077,144.974261783347,234.251174110197,261.063349534968,303.185843180699,52.9271208239697,330.660016862316,351.891091630846,376.818227399878,0.180039423341277,19.1714918134907,13.7996700309243,16.9372133976575,17.7131085827655,19.4795689761276,1.97612450266581,20.6043346073393,21.9477945782965,22.6269291402062,0.103076198862899,54,"1_PB420_140",NA,NA,NA,NA,NA,"1",755.762080684412,-452.576237503713
"20250529-CbDRC3-p025-m2x_F01_roi_0.png",20250529,"CbDRC3","p025","m2x","F01",0,767.833372204291,35.6502513681409,"","48h",10,"15hHB101","DMSO",1,"Levamisole",0,NA,NA,"ED3102","1",NA,NA,742.894291756234,243.947098988481,692.225168183358,736.683492988508,755.046125729441,101.329303203791,771.588180894254,784.189109085063,1156.62102431884,0.136398010225983,35.2354530097931,14.4357181232325,32.2166251813956,34.6302098773905,35.6858183499977,3.75957851660979,37.1765675623422,37.8195995923042,39.422741795859,0.106698742189149,69,"1_ED3102_0",NA,NA,NA,NA,NA,"1",757.719229001539,-2.67310327209736
"20250529-CbDRC3-p025-m2x_F02_roi_0.png",20250529,"CbDRC3","p025","m2x","F02",0,771.584719972074,35.0434808890537,"","48h",10,"15hHB101","DMSO",1,"Levamisole",0.136,NA,NA,"ED3102","1",NA,NA,746.862624917553,601.427910203532,717.710141715359,734.714386078122,753.763186491355,33.722911900831,766.741447589082,779.08791688794,798.497107713337,0.0451527640769997,35.6407965583044,26.5834602166237,32.9129720180698,34.7359264446352,35.8584479336801,2.49990862595069,37.1835764788099,38.4394712792809,41.7329915767721,0.0701417719960642,87,"1_ED3102_0.136",NA,"n>75",NA,NA,NA,"1",757.719229001539,-3.95604251018403
"20250529-CbDRC3-p025-m2x_F03_roi_0.png",20250529,"CbDRC3","p025","m2x","F03",0,757.157657682141,32.0967219780999,"","48h",10,"15hHB101","DMSO",1,"Levamisole",0.273,NA,NA,"ED3102","1",NA,NA,740.185258940936,498.491086874583,706.454269056337,728.156109718905,744.051642943974,35.5172028039165,758.789698424508,769.320533249441,801.964883873516,0.0479842071628593,35.5606282975757,23.8966489730915,32.9956565507042,34.5267920648937,35.7933939116147,2.39081012734869,37.2823022398594,38.2025571745975,39.0025637915632,0.067231942791958,93,"1_ED3102_0.273",NA,"n>75",NA,NA,NA,"1",757.719229001539,-13.6675860575646
"20250529-CbDRC3-p025-m2x_F04_roi_0.png",20250529,"CbDRC3","p025","m2x","F04",0,786.972570119966,36.5304168705741,"","48h",10,"15hHB101","DMSO",1,"Levamisole",0.546,NA,NA,"ED3102","1",NA,NA,742.074704524324,409.947686257047,712.10394258815,737.604942043579,752.57136187138,58.7414873030809,769.903695985134,781.414370964624,797.503358855003,0.0791584552672964,36.1605839232741,24.8026146542827,34.1877192435937,35.084661325967,36.1828479463055,2.91665048934549,36.9224150389068,37.7841653406249,51.8968818400869,0.0806582796210944,64,"1_ED3102_0.546",NA,NA,NA,NA,NA,"1",757.719229001539,-5.14786713015917
"20250529-CbDRC3-p025-m2x_F05_roi_0.png",20250529,"CbDRC3","p025","m2x","F05",0,755.903179102583,36.5220042897641,"","48h",10,"15hHB101","DMSO",1,"Levamisole",1.09,NA,NA,"ED3102","1",NA,NA,734.920902947107,660.853038726222,696.479545054461,718.631707150665,738.984659382476,28.4681516455952,753.989754678126,765.256858676114,801.09801436461,0.0387363477231835,35.5346391762972,31.3186805510428,32.3287299947917,34.5882071570224,35.7058449961802,1.99174653459746,36.8072501221198,38.0272570895656,39.5442989586784,0.0560508444933366,77,"1_ED3102_1.09",NA,"n>75",NA,NA,NA,"1",757.719229001539,-18.7345696190628
"20250529-CbDRC3-p025-m2x_F06_roi_0.png",20250529,"CbDRC3","p025","m2x","F06",0,698.681927315488,33.8713369936184,"","48h",10,"15hHB101","DMSO",1,"Levamisole",2.1875,NA,NA,"ED3102","1",NA,NA,667.701333441233,278.242647709159,607.839292879997,642.435875937714,677.66694850437,69.982512288585,706.874562581579,729.200612813358,762.105177711617,0.104811101586252,34.1698167545288,19.4073887500369,30.3787072244801,32.4091764881529,34.6453619385061,3.41319867085802,36.3981401601118,37.7362526557856,40.111289951152,0.0998892881216767,86,"1_ED3102_2.1875",NA,"n>75",NA,NA,NA,"1",757.719229001539,-80.0522804971687
"20250529-CbDRC3-p025-m2x_F07_roi_0.png",20250529,"CbDRC3","p025","m2x","F07",0,551.421154070928,28.4051652227605,"","48h",10,"15hHB101","DMSO",1,"Levamisole",4.375,NA,NA,"ED3102","1",NA,NA,511.758840248043,211.518498495933,451.054914989081,480.708354999445,519.239780831577,60.2482572907671,550.906022993799,563.55933664384,621.21789202425,0.117727829111004,28.809038201108,16.9548707799106,25.7877107611158,27.4122857050801,28.8347917597282,2.94337982496168,30.5965063403122,31.9157590830649,34.6148885932284,0.102168625152105,74,"1_ED3102_4.375",NA,NA,NA,NA,NA,"1",757.719229001539,-238.479448169961
"20250529-CbDRC3-p025-m2x_F08_roi_0.png",20250529,"CbDRC3","p025","m2x","F08",0,503.534819977947,29.2265941041733,"","48h",10,"15hHB101","DMSO",1,"Levamisole",8.75,NA,NA,"ED3102","1",NA,NA,477.560262863958,195.985675448633,393.070998267756,460.948634444073,496.665616118307,80.3942856188577,515.963522896016,549.289998262804,585.997268898939,0.168343750245735,28.103168670244,14.5393515935815,23.829515529802,27.24330997902,28.5648433581961,4.1477183171749,30.0431890857457,32.0278645415654,35.9455660744913,0.14758899132846,74,"1_ED3102_8.75",NA,NA,NA,NA,NA,"1",757.719229001539,-261.053612883231
"20250529-CbDRC3-p025-m2x_F09_roi_0.png",20250529,"CbDRC3","p025","m2x","F09",0,505.300095571991,29.3635425761195,"","48h",10,"15hHB101","DMSO",1,"Levamisole",17.5,NA,NA,"ED3102","1",NA,NA,473.119442078781,218.855245244891,426.522098988866,464.007323841377,486.39981961374,48.3586234520384,500.224163848631,507.823942919214,540.399144563582,0.102212293875647,27.6988368850897,16.3396691355933,24.4790044701342,26.4872141844969,28.1318054180377,2.61408596243632,29.6493238695772,30.1918714201037,30.7976497187274,0.0943752971751488,55,"1_ED3102_17.5",NA,NA,NA,NA,NA,"1",757.719229001539,-271.319409387799
"20250529-CbDRC3-p025-m2x_F10_roi_0.png",20250529,"CbDRC3","p025","m2x","F10",0,494.242204156553,24.786259989917,"","48h",10,"15hHB101","DMSO",1,"Levamisole",35,NA,NA,"ED3102","1",NA,NA,472.965953639129,205.507850107814,434.921491681965,458.363280632974,488.697668942626,64.9705362145066,501.543071687765,524.685867952345,583.980687573865,0.137368315234121,27.245953345175,15.915395532596,24.3002675309479,25.8283922362684,28.2035460379114,3.29027128266732,29.395646842668,29.9607771881721,31.8760802673017,0.120761833545825,63,"1_ED3102_35",NA,NA,NA,NA,NA,"1",757.719229001539,-269.021560058913
"20250529-CbDRC3-p025-m2x_F11_roi_0.png",20250529,"CbDRC3","p025","m2x","F11",0,464.307518043487,26.5022394603511,"","48h",10,"15hHB101","DMSO",1,"Levamisole",70,NA,NA,"ED3102","1",NA,NA,387.627806759136,197.887503333659,323.467370605526,354.040509341682,383.80149530699,59.8294016811838,430.013135583121,462.305865251152,516.961346928392,0.154347548441901,22.9643702946136,14.6627635731771,19.3774208103901,21.77726059103,23.0861109675359,2.92483670581245,24.7453199929642,26.5031062648268,28.506628859947,0.127364115292048,69,"1_ED3102_70",NA,NA,NA,NA,NA,"1",757.719229001539,-373.917733694549
"20250529-CbDRC3-p025-m2x_F12_roi_0.png",20250529,"CbDRC3","p025","m2x","F12",0,411.548929982157,25.1310482757008,"","48h",10,"15hHB101","DMSO",1,"Levamisole",140,NA,NA,"ED3102","1",NA,NA,337.989687959753,153.502838830571,236.957837882128,326.809899917155,357.644064440328,59.6813075739636,370.365842514092,384.265066320537,423.499959362955,0.176577303095325,21.8834654052943,10.7366777120656,18.4969533625158,20.8283255009311,22.376811761824,2.99968474751805,23.5454458590771,24.2274389828682,29.1554015012041,0.137075398798233,55,"1_ED3102_140",NA,NA,NA,NA,NA,"1",757.719229001539,-400.075164561211
"20250529-CbDRC3-p026-m2x_A01_roi_0.png",20250529,"CbDRC3","p026","m2x","A01",0,742.114585355896,35.192196608314,"","48h",10,"15hHB101","DMSO",1,"Levamisole",0,NA,NA,"ECA2666","1",NA,NA,739.040983806287,522.802074610433,699.395842467224,724.166517993679,746.351539188978,53.0115986182823,766.53280282194,791.492518188945,841.164516275746,0.0717302555336733,34.5248397319268,26.4042840234892,31.0810556084447,33.1422607950634,34.6871789295153,2.84207411689357,36.6550193769513,38.0521120934715,39.247669157933,0.0823196903725339,59,"1_ECA2666_0",NA,NA,NA,NA,NA,"1",742.112829021127,4.23871016785176
"20250529-CbDRC3-p026-m2x_A02_roi_0.png",20250529,"CbDRC3","p026","m2x","A02",0,756.293251393867,35.1735813586152,"","48h",10,"15hHB101","DMSO",1,"Levamisole",0.136,NA,NA,"ECA2666","1",NA,NA,722.946785658273,198.065258575453,677.889531075376,710.840662386867,741.302085670219,83.9786822153138,755.525628137764,775.884355247101,826.168634248416,0.116161637178935,33.9063099559957,13.9840157926423,30.2337537043003,32.3148707810279,34.3747775898679,4.07089801640145,36.2829347954282,38.1686166437608,40.49969334554,0.120063139329663,66,"1_ECA2666_0.136",NA,NA,NA,NA,NA,"1",742.112829021127,-0.810743350907956
"20250529-CbDRC3-p026-m2x_A03_roi_0.png",20250529,"CbDRC3","p026","m2x","A03",0,764.950802915132,34.5855203203511,"","48h",10,"15hHB101","DMSO",1,"Levamisole",0.273,NA,NA,"ECA2666","1",NA,NA,739.74694118669,610.135643847065,689.547883607549,720.708861747606,746.239219621561,43.198878249989,769.898806581234,787.937584462275,812.35863700432,0.0583968325447755,33.8350564629056,26.7175392180584,30.2430268812644,32.1931009854619,34.0862059880832,2.88378254305106,35.825563472345,37.4694594477538,39.3442314956622,0.0852306112216081,75,"1_ECA2666_0.273",NA,NA,NA,NA,NA,"1",742.112829021127,4.12639060043421
"20250529-CbDRC3-p026-m2x_A04_roi_0.png",20250529,"CbDRC3","p026","m2x","A04",0,776.198906818616,36.0177370416126,"","48h",10,"15hHB101","DMSO",1,"Levamisole",0.546,NA,NA,"ECA2666","1",NA,NA,747.824714178571,429.678205841581,704.503827623283,740.560344373754,760.198153751745,55.3409892746632,774.708146971926,787.668425639385,811.972438852569,0.0740026215039591,33.9297467547569,20.5786267707264,30.7622194272419,32.937768885913,34.1899871047829,2.85595801037801,35.7619621514438,36.397081120223,38.4972204227197,0.0841726886740646,59,"1_ECA2666_0.546",NA,NA,NA,NA,NA,"1",742.112829021127,18.085324730618
"20250529-CbDRC3-p026-m2x_A05_roi_0.png",20250529,"CbDRC3","p026","m2x","A05",0,741.997417559011,34.0863646825229,"","48h",10,"15hHB101","DMSO",1,"Levamisole",1.09,NA,NA,"ECA2666","1",NA,NA,721.755571009147,332.351910904709,662.59585710512,711.926855090776,735.860948020105,66.2550306210055,756.559709046729,768.262841252953,806.131236349032,0.0917970477572744,33.8063525838428,17.3958392053467,30.6984745261297,32.642606662411,34.2118783883711,3.23248433288167,35.663883922881,36.8524689143638,38.9934890947276,0.0956176601680059,70,"1_ECA2666_1.09",NA,NA,NA,NA,NA,"1",742.112829021127,-6.25188100102162
"20250529-CbDRC3-p026-m2x_A06_roi_0.png",20250529,"CbDRC3","p026","m2x","A06",0,684.461888891229,32.8714034148697,"","48h",10,"15hHB101","DMSO",1,"Levamisole",2.1875,NA,NA,"ECA2666","1",NA,NA,691.047169862182,372.154382457452,642.744764810993,671.259556974991,700.693709053866,54.7674179389279,723.446698671412,737.832485225123,768.877191157338,0.0792527924683497,34.0658664791548,27.696702101655,31.9395861885697,32.8478790430463,34.0831444820085,1.95479505455055,35.4402761779092,36.5077767045077,37.4118176917008,0.0573828073842391,63,"1_ECA2666_2.1875",NA,NA,NA,NA,NA,"1",742.112829021127,-41.4191199672606
"20250529-CbDRC3-p026-m2x_A07_roi_0.png",20250529,"CbDRC3","p026","m2x","A07",0,538.062632410402,28.2066905961183,"","48h",10,"15hHB101","DMSO",1,"Levamisole",4.375,NA,NA,"ECA2666","1",NA,NA,547.859058349062,403.80927369046,504.546144817512,528.077370519973,550.517669578104,47.018493481449,573.691077293528,607.680495414129,633.961029591342,0.0858222434491386,29.9700561692784,22.5425501519858,26.7802318987406,28.5096035011643,29.7158126436847,2.91311409170086,31.6108924642865,33.0484317015262,44.7728735303823,0.0972008218885832,85,"1_ECA2666_4.375",NA,"n>75",NA,NA,NA,"1",742.112829021127,-191.595159443023
"20250529-CbDRC3-p026-m2x_A08_roi_0.png",20250529,"CbDRC3","p026","m2x","A08",0,662.848204756744,34.6894682081737,"","48h",10,"15hHB101","DMSO",1,"Levamisole",8.75,NA,NA,"ECA2666","1",NA,NA,493.349952280414,150.847192387506,434.998349078445,469.175704732912,513.231461920587,71.0012778711596,524.131470173905,548.443197982389,662.848204756744,0.143916661069835,26.7393969888811,13.7990102277098,23.5167635759111,25.362060666609,27.0689099825407,3.22081421945174,28.6408485096537,29.7207738814587,34.6894682081737,0.120452013962433,64,"1_ECA2666_8.75",NA,NA,NA,"outlier","outlier","1",742.112829021127,-228.881367100539
"20250529-CbDRC3-p026-m2x_A09_roi_0.png",20250529,"CbDRC3","p026","m2x","A09",0,490.89869916827,26.489698564729,"","48h",10,"15hHB101","DMSO",1,"Levamisole",17.5,NA,NA,"ECA2666","1",NA,NA,445.18946538738,198.80647015801,383.863642760113,404.181015137909,447.263888989926,66.3218811020802,491.339037038348,520.83219402011,604.107326768529,0.1489745069425,24.8058319077747,12.1182957246672,21.8087431143475,22.3951927641376,24.4519843276607,3.07481491973765,27.1126443484763,28.283679018478,31.61385657754,0.123955323537201,72,"1_ECA2666_17.5",NA,NA,NA,NA,NA,"1",742.112829021127,-294.8489400312
"20250529-CbDRC3-p026-m2x_A10_roi_0.png",20250529,"CbDRC3","p026","m2x","A10",0,448.468080167783,24.5359531701063,"","48h",10,"15hHB101","DMSO",1,"Levamisole",35,NA,NA,"ECA2666","1",NA,NA,441.272807910319,195.276018999009,389.078379058836,398.797017773647,447.684697011764,64.975540436396,486.475413376646,519.004560074134,542.382057369804,0.147245738399546,23.3417262926862,12.1102562103596,19.1948219222929,21.1524458214855,23.6678324653806,3.42420164831465,25.5657693357353,27.4928662357866,29.6241689619894,0.14669873193516,62,"1_ECA2666_35",NA,NA,NA,NA,NA,"1",742.112829021127,-294.428132009363
"20250529-CbDRC3-p026-m2x_A11_roi_0.png",20250529,"CbDRC3","p026","m2x","A11",0,349.032484795016,20.4387689564271,"","48h",10,"15hHB101","DMSO",1,"Levamisole",70,NA,NA,"ECA2666","1",NA,NA,317.513341839835,143.676851072959,227.88208192494,276.256652731201,319.260215803737,72.1990277440199,362.980597298321,402.050293819146,470.525173691784,0.22738895734479,19.6686325390311,10.6403009816696,15.0825792065432,17.1712849277228,19.3398098576972,3.89296364092138,22.4207689583265,24.799385177589,30.0419709868097,0.197927519017708,58,"1_ECA2666_70",NA,NA,NA,"outlier","outlier","1",742.112829021127,-422.85261321739
"20250529-CbDRC3-p026-m2x_A12_roi_0.png",20250529,"CbDRC3","p026","m2x","A12",0,299.114748853894,19.481765041104,"","48h",10,"15hHB101","DMSO",1,"Levamisole",140,NA,NA,"ECA2666","1",NA,NA,257.310432210768,175.22337719365,190.268646091603,225.955060816615,265.600322462622,43.6161526740043,286.535245528528,302.170153442356,376.25916727662,0.169507906458598,16.8227378180694,11.7645323480707,14.5248915480898,15.166367075228,16.3689041087881,2.16594283711941,18.5790875493013,19.7961828921165,22.1089339408333,0.128750912041972,54,"1_ECA2666_140",NA,NA,NA,NA,NA,"1",742.112829021127,-476.512506558504
"20250529-CbDRC3-p026-m2x_B01_roi_0.png",20250529,"CbDRC3","p026","m2x","B01",0,787.29749518994,33.0574089049117,"","48h",10,"15hHB101","DMSO",1,"Levamisole",0,NA,NA,"JU3237","1",NA,NA,804.845277709231,586.601984891391,762.277328922805,787.715129271449,808.094986078998,45.9379600981856,834.375076690137,853.190560907001,871.005728236176,0.0570767591864802,37.851057509325,29.2725599656071,36.1280815969381,37.0594088221734,38.0117226629892,2.05902333064529,38.8967221796384,40.2098885332835,42.002225829035,0.054398039741374,89,"1_JU3237_0",NA,"n>75",NA,NA,NA,"1",810.19884282327,-2.10385674427232
"20250529-CbDRC3-p026-m2x_B02_roi_0.png",20250529,"CbDRC3","p026","m2x","B02",0,839.858362683012,37.4602634050572,"","48h",10,"15hHB101","DMSO",1,"Levamisole",0.136,NA,NA,"JU3237","1",NA,NA,808.658521388109,135.103500054343,768.613798865476,797.434861553609,822.898315525305,89.0904686056983,845.794617071688,858.855914277694,908.255925427995,0.110170691644687,37.7804139948924,14.7107006331548,35.3802619154485,36.7064429942628,38.3680358573002,3.60950068436038,39.7192235300359,40.6357388184373,42.1121494678956,0.0955389394316419,75,"1_JU3237_0.136",NA,NA,NA,NA,NA,"1",810.19884282327,12.6994727020347
"20250529-CbDRC3-p026-m2x_B03_roi_0.png",20250529,"CbDRC3","p026","m2x","B03",0,836.582314569657,38.2539804891907,"","48h",10,"15hHB101","DMSO",1,"Levamisole",0.273,NA,NA,"JU3237","1",NA,NA,825.707162978557,760.13264345941,777.923478883215,804.065767038193,824.089234344346,37.9099688778492,841.110483571733,869.249580845588,984.305276641296,0.0459121230595812,37.9690486044762,32.6793724642146,35.4560698937853,36.8543985203764,38.1628927337594,1.77484559581203,39.1345947060666,40.1716183036332,41.3065146682861,0.0467445369595802,58,"1_JU3237_0.273",NA,NA,NA,NA,NA,"1",810.19884282327,13.8903915210758
"20250529-CbDRC3-p026-m2x_B04_roi_0.png",20250529,"CbDRC3","p026","m2x","B04",0,836.965196044121,36.9501850513025,"","48h",10,"15hHB101","DMSO",1,"Levamisole",0.546,NA,NA,"JU3237","1",NA,NA,809.755358825969,287.249365798758,771.727371028698,800.551946882297,825.815720568588,77.568869810925,842.906237943415,860.8392407848,872.965110964356,0.0957929687842868,37.7793575354045,16.9956387471191,35.9130707597459,36.9559320363791,37.965701709961,3.47527212082844,39.3266650323052,40.807664527095,42.9196762045503,0.09198865061619,67,"1_JU3237_0.546",NA,NA,NA,NA,NA,"1",810.19884282327,15.6168777453178
"20250529-CbDRC3-p026-m2x_B05_roi_0.png",20250529,"CbDRC3","p026","m2x","B05",0,774.4469961614,36.5037652528731,"","48h",10,"15hHB101","DMSO",1,"Levamisole",1.09,NA,NA,"JU3237","1",NA,NA,801.120343936175,539.771037296827,758.657044024692,787.307227914535,807.937588458686,46.0847044066777,825.190534416841,848.463641246734,857.081253489804,0.0575253203285888,37.0410670395841,27.6946603168352,34.9709201644053,36.1523253486257,37.2172812087259,2.46139020902475,38.6829151632935,39.703220320716,40.7170112272011,0.0664503051813916,71,"1_JU3237_1.09",NA,NA,NA,NA,NA,"1",810.19884282327,-2.26125436458449
"20250529-CbDRC3-p026-m2x_B06_roi_0.png",20250529,"CbDRC3","p026","m2x","B06",0,795.414777356358,37.7345408347995,"","48h",10,"15hHB101","DMSO",1,"Levamisole",2.1875,NA,NA,"JU3237","1",NA,NA,771.340781474387,316.633496962558,725.954786627147,753.709613563325,782.593298563457,63.8383903195776,801.686418862016,813.436991478004,891.775484268366,0.0827628874977323,37.8797126576373,17.713393287613,35.2185817665754,36.7531902000206,38.0146071767816,3.14079371245885,39.3948365368421,40.9632055800115,42.5656584414471,0.0829149297104184,78,"1_JU3237_2.1875",NA,"n>75",NA,NA,NA,"1",810.19884282327,-27.6055442598129
"20250529-CbDRC3-p026-m2x_B07_roi_0.png",20250529,"CbDRC3","p026","m2x","B07",0,639.130303243092,35.4062348122493,"","48h",10,"15hHB101","DMSO",1,"Levamisole",4.375,NA,NA,"JU3237","1",NA,NA,577.43480677976,335.172341621843,475.627068415156,538.398177686286,601.246529369048,72.4035576592017,628.474730457269,643.843754624445,658.473050744401,0.125388280735936,32.1516577559329,21.0801392981461,28.0118135038195,30.1472964396496,33.1603515837652,3.78197890990208,34.8187845308475,35.643339036639,38.0258761253497,0.117629359537587,69,"1_JU3237_4.375",NA,NA,NA,NA,NA,"1",810.19884282327,-208.952313454222
"20250529-CbDRC3-p026-m2x_B09_roi_0.png",20250529,"CbDRC3","p026","m2x","B09",0,429.839172786501,24.3366437145304,"","48h",10,"15hHB101","DMSO",1,"Levamisole",17.5,NA,NA,"JU3237","1",NA,NA,406.921313281977,227.441908845371,329.836182979577,389.298650798802,411.536581031816,56.3038485385693,435.509460972251,464.812248676038,520.587653232913,0.138365444868093,23.1732180107411,17.2329630179453,19.5617193500328,21.9241677715374,23.267265633827,2.43382887573682,24.4494020858394,26.0690709737363,29.4287877241985,0.105027660578203,74,"1_JU3237_17.5",NA,NA,NA,NA,NA,"1",810.19884282327,-398.662261791454
"20250529-CbDRC3-p026-m2x_B10_roi_0.png",20250529,"CbDRC3","p026","m2x","B10",0,419.141667312852,23.5400841762043,"","48h",10,"15hHB101","DMSO",1,"Levamisole",35,NA,NA,"JU3237","1",NA,NA,403.615882737965,229.938679897619,355.04913972702,385.470316760485,405.062977292854,48.271344048182,426.353726164999,461.97909926238,510.260981724515,0.119597236166052,23.2256809698757,16.5403720825598,20.1508481073917,22.3302619194077,23.4189634609581,2.31156995740248,24.5188526988828,26.1481619346515,27.5939806043013,0.0995264664317332,82,"1_JU3237_35",NA,"n>75",NA,NA,NA,"1",810.19884282327,-405.135865530416
"20250529-CbDRC3-p026-m2x_B11_roi_0.png",20250529,"CbDRC3","p026","m2x","B11",0,370.17325265766,19.5242961371943,"","48h",10,"15hHB101","DMSO",1,"Levamisole",70,NA,NA,"JU3237","1",NA,NA,331.508859273711,215.184529057348,266.127371026811,294.626160251241,335.45381393643,49.6309751337407,371.184125986112,386.940523965782,433.529767611017,0.149712364376853,20.1319046586354,14.7494850415486,16.8103007734285,18.0174140250948,19.8719605750855,2.73673442883958,22.3175547318981,23.0679517656716,26.8697620566642,0.135940164393024,66,"1_JU3237_70",NA,NA,NA,NA,NA,"1",810.19884282327,-474.745028886841
"20250529-CbDRC3-p026-m2x_B12_roi_0.png",20250529,"CbDRC3","p026","m2x","B12",0,381.545423812279,23.1700073253227,"","48h",10,"15hHB101","DMSO",1,"Levamisole",140,NA,NA,"JU3237","1",NA,NA,295.28889735748,170.389370038883,219.402409824523,267.55745367765,295.272913191887,51.7122581153245,325.768903622902,367.551179393951,381.545423812279,0.175124288715539,17.7757210791562,11.7066794280489,14.490046082643,15.9298059399012,18.0516935468812,2.56394748485869,19.2651367578051,21.4989127509752,23.1822135058625,0.144238732900978,59,"1_JU3237_140",NA,NA,NA,"outlier","outlier","1",810.19884282327,-514.925929631383
"20250529-CbDRC3-p026-m2x_C01_roi_0.png",20250529,"CbDRC3","p026","m2x","C01",0,769.516104909842,36.9650794495407,"","48h",10,"15hHB101","DMSO",1,"Levamisole",0,NA,NA,"VX34","1",NA,NA,765.418638283483,413.84811222058,723.786819788497,744.126527862635,776.816221792135,75.1370095538838,806.363586455258,823.734034828547,881.555954877819,0.0981645935907505,37.8581024173125,21.507438425135,34.3893469442554,36.6856501213675,38.1310685673523,3.98392894840401,40.3918561636764,41.5782867004279,44.3163025552402,0.105233191682163,46,"1_VX34_0",NA,NA,NA,NA,NA,"1",764.119037751743,12.6971840403918
"20250529-CbDRC3-p026-m2x_C02_roi_0.png",20250529,"CbDRC3","p026","m2x","C02",0,742.485808817855,35.4367235749157,"","48h",10,"15hHB101","DMSO",1,"Levamisole",0.136,NA,NA,"VX34","1",NA,NA,767.211651375101,238.161698760699,715.933551935516,747.837938839223,778.329037296573,88.2368045079268,816.40744991889,832.254025573844,853.270449768785,0.115009729518285,37.4152925953184,15.2922629688313,33.8796462078552,35.7707159305947,38.4879887441597,4.07667545200099,39.5834305207385,40.8047348384453,41.6581050777646,0.108957465496637,53,"1_VX34_0.136",NA,NA,NA,NA,NA,"1",764.119037751743,14.2099995448297
"20250529-CbDRC3-p026-m2x_C03_roi_0.png",20250529,"CbDRC3","p026","m2x","C03",0,816.016893567474,39.8896635732139,"","48h",10,"15hHB101","DMSO",1,"Levamisole",0.273,NA,NA,"VX34","1",NA,NA,768.484140760945,682.701401883001,705.604872956885,739.539497301469,773.578849634786,43.6150731133347,807.75544434416,819.276047305201,833.138463681956,0.0567546821072293,38.4553088561533,32.3856493335675,34.9312387630646,36.4967992150698,38.0589890114479,2.95782582460736,39.896709110167,42.591194472212,44.9412892735319,0.0769159294928943,45,"1_VX34_0.273",NA,NA,NA,NA,NA,"1",764.119037751743,9.45981188304268
"20250529-CbDRC3-p026-m2x_C04_roi_0.png",20250529,"CbDRC3","p026","m2x","C04",0,771.263935386689,37.1320771999055,"","48h",10,"15hHB101","DMSO",1,"Levamisole",0.546,NA,NA,"VX34","1",NA,NA,763.537726823055,309.982451030428,716.003853828082,738.88952886129,777.729426137547,77.6544696365618,804.923355042961,822.603924305301,850.231012454918,0.101703513668759,37.2993949666575,18.6072398171161,34.2921231296842,36.0452393585019,37.988939090801,3.5446320778278,39.2019930857184,40.6959054341049,41.3885601673297,0.0950318920989577,52,"1_VX34_0.546",NA,NA,NA,NA,NA,"1",764.119037751743,13.6103883858035
"20250529-CbDRC3-p026-m2x_C05_roi_0.png",20250529,"CbDRC3","p026","m2x","C05",0,801.100341237449,40.6767376735083,"","48h",10,"15hHB101","DMSO",1,"Levamisole",1.09,NA,NA,"VX34","1",NA,NA,738.255774392057,473.926484045345,618.381430163327,730.288439119302,767.055805618865,90.1555023088997,784.580553474753,803.177612364773,865.11153630536,0.122119603308408,37.224363328404,24.5933954881554,33.0400509187254,36.1264694785164,37.9609099434262,3.94845113652083,39.8681199878648,40.9870267200478,42.8074559863341,0.106071690244544,45,"1_VX34_1.09",NA,NA,NA,NA,NA,"1",764.119037751743,2.93676786712206
"20250529-CbDRC3-p026-m2x_C06_roi_0.png",20250529,"CbDRC3","p026","m2x","C06",0,731.652408523186,36.6355227586296,"","48h",10,"15hHB101","DMSO",1,"Levamisole",2.1875,NA,NA,"VX34","1",NA,NA,664.114070312275,109.028008754792,335.338602536765,674.806984804054,736.676979685442,173.559593984294,771.906587215483,786.075634604761,819.306598575707,0.261340034405059,33.6850465983868,12.0872038024271,20.3171597775757,31.29380084139,36.8996326101407,7.76202832141453,39.0024805021116,40.2430378184623,41.6124281671747,0.230429496326903,48,"1_VX34_2.1875",NA,NA,NA,NA,NA,"1",764.119037751743,-27.442058066301
"20250529-CbDRC3-p026-m2x_C07_roi_0.png",20250529,"CbDRC3","p026","m2x","C07",0,616.491682556841,34.7490307013271,"","48h",10,"15hHB101","DMSO",1,"Levamisole",4.375,NA,NA,"VX34","1",NA,NA,571.002136323088,178.620412518108,440.120883179407,530.435413689232,595.247650381902,106.853553004022,637.90234294422,673.064493148765,728.276994463035,0.187133368172832,32.0172538203672,14.854728305422,25.2903945712536,28.9230642872668,32.9687643166564,5.30962189847757,35.6035816659215,38.7124506510304,40.0722350423638,0.165836268415374,59,"1_VX34_4.375",NA,NA,NA,NA,NA,"1",764.119037751743,-168.871387369841
"20250529-CbDRC3-p026-m2x_C08_roi_0.png",20250529,"CbDRC3","p026","m2x","C08",0,558.516403195745,31.1528617256162,"","48h",10,"15hHB101","DMSO",1,"Levamisole",8.75,NA,NA,"VX34","1",NA,NA,490.467368546364,232.202583389588,375.844022854343,433.859891276404,518.366918848682,84.362486734598,545.529592059724,562.171856172545,620.091206591098,0.172004280294181,28.7810160813734,14.8917938094143,21.0521266368118,24.9614383937279,29.7735649498774,5.26988379716229,32.7212675876359,34.1413636012741,36.8102764009552,0.183102771016235,56,"1_VX34_8.75",NA,NA,NA,NA,NA,"1",764.119037751743,-245.752118903061
"20250529-CbDRC3-p026-m2x_C09_roi_0.png",20250529,"CbDRC3","p026","m2x","C09",0,550.508504002553,27.7782357975425,"","48h",10,"15hHB101","DMSO",1,"Levamisole",17.5,NA,NA,"VX34","1",NA,NA,405.97313087007,195.336651330294,294.255254030277,349.332493512942,399.457022508926,92.831886914724,484.385789824206,518.892728565913,604.015249721594,0.228665100854752,24.9797863018023,12.9781495166053,19.2157581295594,22.9158260510186,24.0327005889401,4.91981845168923,28.358564946145,31.3181618708395,34.5459495282102,0.196951983185471,54,"1_VX34_17.5",NA,NA,NA,NA,NA,"1",764.119037751743,-364.662015242817
"20250529-CbDRC3-p026-m2x_C10_roi_0.png",20250529,"CbDRC3","p026","m2x","C10",0,496.746780433204,28.896876972772,"","48h",10,"15hHB101","DMSO",1,"Levamisole",35,NA,NA,"VX34","1",NA,NA,423.988743618195,158.393829097676,305.169526551023,365.019021136495,424.834723634805,83.8898810562604,499.562685624123,515.195343284014,538.532993544434,0.19785874582511,25.2954321579463,12.86955539587,19.6159522661968,22.5197692276314,25.2330361019716,4.69686566510286,29.3352430239488,30.36972293494,34.8651088637782,0.185680388292057,52,"1_VX34_35",NA,NA,NA,NA,NA,"1",764.119037751743,-339.284314116938
"20250529-CbDRC3-p026-m2x_C11_roi_0.png",20250529,"CbDRC3","p026","m2x","C11",0,362.747476879836,23.4956392919997,"","48h",10,"15hHB101","DMSO",1,"Levamisole",70,NA,NA,"VX34","1",NA,NA,299.414528289628,145.706130399815,184.483410670711,211.108759938663,316.950705644214,85.8490297201976,367.058982959855,395.661385205509,434.872575006939,0.28672299307118,20.0421576906007,12.822367997778,14.1900697768997,16.2166971742412,21.3005729693273,3.90248705667682,23.2062972542017,24.167493518496,25.4503675669882,0.19471391837751,41,"1_VX34_70",NA,NA,NA,NA,NA,"1",764.119037751743,-447.16833210753
"20250529-CbDRC3-p026-m2x_C12_roi_0.png",20250529,"CbDRC3","p026","m2x","C12",0,391.524558485419,23.0377459834094,"","48h",10,"15hHB101","DMSO",1,"Levamisole",140,NA,NA,"VX34","1",NA,NA,295.128583724165,153.70185531736,175.729792404208,221.32838227911,328.431747855265,78.0263716927264,358.325283944004,380.397006279877,398.87853823777,0.264380937651406,19.195012272294,10.6638559264261,14.1721896678417,17.0141721630225,19.9739902138117,3.53625670056389,22.0709468514584,22.976191739933,23.9349527742329,0.184227894746809,35,"1_VX34_140",NA,NA,NA,NA,NA,"1",764.119037751743,-435.687289896478
"20250529-CbDRC3-p026-m2x_D01_roi_0.png",20250529,"CbDRC3","p026","m2x","D01",0,770.812625733344,36.4983831184559,"","48h",10,"15hHB101","DMSO",1,"Levamisole",0,NA,NA,"NIC1667","1",NA,NA,727.896624298817,576.691565374923,652.569403548144,708.848600604492,744.61809537211,48.3351421219297,759.010265118635,773.783826660994,794.397467013256,0.0664038553118597,33.9098730485346,26.3484614931016,30.6473573889856,32.4145992388354,34.1339179449702,2.65968972495547,35.7113677513404,37.1596914248346,38.7180354252365,0.0784340808692707,68,"1_NIC1667_0",NA,NA,NA,NA,NA,"1",733.394904851972,11.2231905201382
"20250529-CbDRC3-p026-m2x_D02_roi_0.png",20250529,"CbDRC3","p026","m2x","D02",0,714.764198904029,33.7174782705501,"","48h",10,"15hHB101","DMSO",1,"Levamisole",0.136,NA,NA,"NIC1667","1",NA,NA,721.734602204466,320.319513323348,655.541840985825,703.661706702842,725.772564600249,65.8517843564174,760.130234026622,772.451368642939,826.052492547843,0.0912409965592335,33.8812165872706,18.971955394119,30.7396392956017,32.3889326262173,34.0335966459043,3.03713759055376,35.5716728190812,37.0138200163376,39.9077177731394,0.0896407477792527,71,"1_NIC1667_0.136",NA,NA,NA,NA,NA,"1",733.394904851972,-7.62234025172324
"20250529-CbDRC3-p026-m2x_D03_roi_1.png",20250529,"CbDRC3","p026","m2x","D03",1,732.812503217338,35.361851840044,"","48h",10,"15hHB101","DMSO",1,"Levamisole",0.273,NA,NA,"NIC1667","1",NA,NA,713.983680744196,450.424316401166,658.51518690418,696.653771971407,729.149261133852,71.8468660999869,759.31877738148,768.395318909317,807.636728846646,0.100628162852546,33.8009832453618,23.7183661296333,30.97319570415,32.6538062174268,34.2432201529118,3.15723784819355,35.6523169312729,37.2530554203505,38.8255139112818,0.0934066865829053,58,"1_NIC1667_0.273",NA,NA,NA,NA,NA,"1",733.394904851972,-4.2456437181205
"20250529-CbDRC3-p026-m2x_D04_roi_0.png",20250529,"CbDRC3","p026","m2x","D04",0,735.942099857284,34.2597098409022,"","48h",10,"15hHB101","DMSO",1,"Levamisole",0.546,NA,NA,"NIC1667","1",NA,NA,732.264650498366,597.847362729196,666.937641534714,711.08679062456,739.526966876058,45.666692379853,761.160366946448,780.192423586011,797.152955387472,0.0623636445495124,34.6726917765559,28.9377594759016,31.4777726401827,33.2594114936556,35.0361871472207,2.3571958799223,35.795206622307,37.143110088157,41.2005826447639,0.0679842192556891,59,"1_NIC1667_0.546",NA,NA,NA,"outlier","outlier","1",733.394904851972,6.13206202408605
"20250529-CbDRC3-p026-m2x_D05_roi_0.png",20250529,"CbDRC3","p026","m2x","D05",0,781.300835185551,35.3543122508621,"","48h",10,"15hHB101","DMSO",1,"Levamisole",1.09,NA,NA,"NIC1667","1",NA,NA,725.077653733925,568.598512291574,650.936348608303,711.535715568813,735.762146747935,45.8938711918414,751.54523013555,774.092165991722,789.465575844572,0.0632951118483686,34.0163775180831,26.9029146592501,30.0175463511008,32.6906718100606,34.0510800491407,2.76302740470861,35.7823288630814,37.4104504284758,38.4928544529111,0.0812263858266444,61,"1_NIC1667_1.09",NA,NA,NA,NA,NA,"1",733.394904851972,2.36724189596259
"20250529-CbDRC3-p026-m2x_D06_roi_0.png",20250529,"CbDRC3","p026","m2x","D06",0,760.599133063387,35.3209042062147,"","48h",10,"15hHB101","DMSO",1,"Levamisole",2.1875,NA,NA,"NIC1667","1",NA,NA,700.303478368803,412.487202004221,657.378086855771,685.614360326309,707.615935217613,51.7828541101563,734.721036269839,746.112196332105,771.144796568248,0.0739434483900788,34.2688972141152,23.97796501812,30.5685869094841,33.1654269990905,34.916674878962,2.79599369603312,36.2797799127802,37.2634872115556,39.5208196472702,0.081589835779176,66,"1_NIC1667_2.1875",NA,NA,NA,NA,NA,"1",733.394904851972,-25.7789696343597
"20250529-CbDRC3-p026-m2x_D07_roi_0.png",20250529,"CbDRC3","p026","m2x","D07",0,637.34461997906,31.2035317608104,"","48h",10,"15hHB101","DMSO",1,"Levamisole",4.375,NA,NA,"NIC1667","1",NA,NA,588.243746180623,243.040567428605,526.08231009141,569.869271709792,601.157985998494,62.1045297743009,622.412384074133,642.511869986746,694.822799195989,0.105576183644171,30.9125804830252,16.7879147019707,26.5453834219319,28.5561896584281,31.6506384337481,3.44822970766499,33.1751751217571,34.6123016057599,37.6656979726649,0.111547779376053,62,"1_NIC1667_4.375",NA,NA,NA,NA,NA,"1",733.394904851972,-132.236918853479
"20250529-CbDRC3-p026-m2x_D08_roi_0.png",20250529,"CbDRC3","p026","m2x","D08",0,589.747931692034,32.2746785706378,"","48h",10,"15hHB101","DMSO",1,"Levamisole",8.75,NA,NA,"NIC1667","1",NA,NA,546.395337717364,437.328739718067,507.907417643364,524.745024333241,549.726154420721,31.8121211233974,569.141481941297,583.938053109285,595.50561257702,0.0582218019214742,29.7040747503832,22.5307045885578,27.5282689341167,28.3482347484904,29.955654628503,2.29551116317292,31.4898959578249,32.2746785706378,33.307588520239,0.0772793356623004,51,"1_NIC1667_8.75",NA,NA,NA,NA,NA,"1",733.394904851972,-183.668750431251
"20250529-CbDRC3-p026-m2x_D09_roi_0.png",20250529,"CbDRC3","p026","m2x","D09",0,513.260853034859,26.9806799450882,"","48h",10,"15hHB101","DMSO",1,"Levamisole",17.5,NA,NA,"NIC1667","1",NA,NA,490.033424375707,311.540496417419,457.301345493051,479.687878285785,498.766181561886,46.7740500142675,515.510109401723,527.926918809025,553.335496366368,0.0954507339450502,27.6268976693583,17.0446709821012,25.0364162496063,27.0945657523074,28.0958389796318,2.477977829861,29.0461235159377,29.7353256364922,31.4430729761235,0.0896943934681959,63,"1_NIC1667_17.5",NA,NA,NA,NA,NA,"1",733.394904851972,-234.628723290087
"20250529-CbDRC3-p026-m2x_D10_roi_0.png",20250529,"CbDRC3","p026","m2x","D10",0,510.082882043388,28.0720187392256,"","48h",10,"15hHB101","DMSO",1,"Levamisole",35,NA,NA,"NIC1667","1",NA,NA,505.015723727246,381.464881217284,469.726224267176,488.587072879472,506.229499171183,31.5624030276821,520.912081750712,543.692314409794,594.991060735735,0.0624978620363286,28.5168541424741,21.6298595491096,26.6880849797711,27.6712884176449,28.6032651329901,1.85979747309411,29.4897220494329,30.3896653683744,33.1220015127703,0.0652174838010642,71,"1_NIC1667_35",NA,NA,NA,NA,NA,"1",733.394904851972,-227.165405680789
"20250529-CbDRC3-p026-m2x_D11_roi_0.png",20250529,"CbDRC3","p026","m2x","D11",0,389.991366675911,23.4830550656502,"","48h",10,"15hHB101","DMSO",1,"Levamisole",70,NA,NA,"NIC1667","1",NA,NA,372.006517281684,193.760285937829,315.152518392065,365.713920240537,380.965524289101,42.4630583742301,390.803230305755,413.115713485432,445.21715234756,0.114146006592882,22.8245084879753,13.3209570077426,20.9006397793491,22.0200500262574,22.8362105172434,2.55346257496748,23.690767968149,24.644927894574,34.0824455016135,0.111873715760965,78,"1_NIC1667_70",NA,"n>75",NA,NA,NA,"1",733.394904851972,-352.429380562872
"20250529-CbDRC3-p026-m2x_E01_roi_0.png",20250529,"CbDRC3","p026","m2x","E01",0,788.281090903774,38.3194912407972,"","48h",10,"15hHB101","DMSO",1,"Levamisole",0,NA,NA,"PB420","1",NA,NA,743.327544852113,321.390659226977,697.910497485611,728.966905138345,755.988683669928,63.0018429600937,776.172421955738,795.605313679806,817.425004787031,0.084756502562579,36.5754275462505,18.9825484630491,33.5431716227516,34.9781967846773,36.8847475879589,3.42489171493969,38.9485821566626,40.0541220401611,42.0611282750324,0.0936391436739552,82,"1_PB420_0",NA,"n>75",NA,NA,NA,"1",755.762080684412,0.226602985516365
"20250529-CbDRC3-p026-m2x_E02_roi_0.png",20250529,"CbDRC3","p026","m2x","E02",0,744.206291534588,34.5608983365332,"","48h",10,"15hHB101","DMSO",1,"Levamisole",0.136,NA,NA,"PB420","1",NA,NA,738.26111526695,176.157427119218,701.802172072211,730.853821701985,757.16291917291,83.5590189202015,769.162066366121,792.415519196982,804.935489861317,0.113183556863871,36.7187785442852,15.5058998517166,34.7247345228854,35.5813952376247,37.2287059397758,3.44941694602384,38.300869953664,39.9105023705239,41.0910301914868,0.0939414948638233,60,"1_PB420_0.136",NA,NA,NA,NA,NA,"1",755.762080684412,1.40083848849827
"20250529-CbDRC3-p026-m2x_E03_roi_0.png",20250529,"CbDRC3","p026","m2x","E03",0,795.974540191155,38.270007412962,"","48h",10,"15hHB101","DMSO",1,"Levamisole",0.273,NA,NA,"PB420","1",NA,NA,747.450036270326,177.954970539078,717.762373408372,737.091026401427,760.776681053107,80.2034053977091,779.191119849917,792.246549662418,812.936405766491,0.107302697847087,36.5003756760436,14.1635655044694,33.8233846046221,35.9551178392311,37.2767868051142,3.5924690736215,38.2497071707571,38.9837963184899,42.3106531900813,0.0984227972201218,61,"1_PB420_0.273",NA,NA,NA,NA,NA,"1",755.762080684412,5.01460036869526
"20250529-CbDRC3-p026-m2x_E04_roi_0.png",20250529,"CbDRC3","p026","m2x","E04",0,757.124160077418,37.9012734660331,"","48h",10,"15hHB101","DMSO",1,"Levamisole",0.546,NA,NA,"PB420","1",NA,NA,742.40999131925,553.577946593022,701.792987842979,723.931888085317,751.974480462457,43.2882202296688,771.021326476335,786.229264767068,792.974150153201,0.0583077015878333,37.4318727736425,29.3115277716283,34.8530865767478,36.2899623336957,37.568801606541,2.43152320123884,38.8391158040095,40.3430976464336,42.5756695171794,0.0649586307354352,50,"1_PB420_0.546",NA,NA,NA,"outlier","outlier","1",755.762080684412,-3.78760022195547
"20250529-CbDRC3-p026-m2x_E05_roi_0.png",20250529,"CbDRC3","p026","m2x","E05",0,779.686358434353,38.6865275308336,"","48h",10,"15hHB101","DMSO",1,"Levamisole",1.09,NA,NA,"PB420","1",NA,NA,719.814182494653,133.434421831666,691.02863914897,713.045078743395,731.379724492642,85.1621757114833,752.034796012447,765.873487294585,796.180715677465,0.118311333372646,35.9407861772441,14.7118989725193,33.9891366211285,35.221947910773,36.4648045654339,3.60037665188424,37.5915403859679,38.6759054381013,40.9190470846528,0.10017523362257,72,"1_PB420_1.09",NA,NA,NA,NA,NA,"1",755.762080684412,-24.38235619177
"20250529-CbDRC3-p026-m2x_E06_roi_0.png",20250529,"CbDRC3","p026","m2x","E06",0,708.870329204606,35.2868337366006,"","48h",10,"15hHB101","DMSO",1,"Levamisole",2.1875,NA,NA,"PB420","1",NA,NA,689.361047741202,549.367805981761,627.846527069975,669.941526664868,694.294558315572,46.2160999598626,719.997512410633,739.581255042276,774.45223656145,0.0670419370390839,36.2287332585719,30.0017078037657,32.4648172671172,34.929161335561,36.4721329429021,2.5015254671175,37.763525286857,39.2819672664709,41.7489514442434,0.0690481074583427,64,"1_PB420_2.1875",NA,NA,NA,NA,NA,"1",755.762080684412,-61.4675223688405
"20250529-CbDRC3-p026-m2x_E07_roi_0.png",20250529,"CbDRC3","p026","m2x","E07",0,567.157441301483,33.8172805036288,"","48h",10,"15hHB101","DMSO",1,"Levamisole",4.375,NA,NA,"PB420","1",NA,NA,479.817870325851,256.893549056109,297.696718707531,450.277299118761,510.33511591502,93.6268358273087,535.168288983943,557.590518671348,630.997550650585,0.195129947460534,27.9510270169072,16.5761351092536,20.6103478313673,26.7795496014987,28.9636726782802,4.76205145455283,30.8230153114583,33.1887760313383,35.3632851458243,0.170371251534776,59,"1_PB420_4.375",NA,NA,NA,NA,NA,"1",755.762080684412,-245.426964769392
"20250529-CbDRC3-p026-m2x_E08_roi_0.png",20250529,"CbDRC3","p026","m2x","E08",0,469.162658275263,30.6305309988676,"","48h",10,"15hHB101","DMSO",1,"Levamisole",8.75,NA,NA,"PB420","1",NA,NA,485.924646854125,214.586924947152,448.549260395367,471.218564041435,494.905605154008,58.0754626582331,516.680531356192,531.41497665426,602.637264325228,0.11951536731922,29.0030912512047,19.8753702812393,25.9758210677088,27.9904139110932,29.7162728012521,2.91433846376125,30.9761045263059,31.7253238818866,33.9378249130733,0.100483718736022,64,"1_PB420_8.75",NA,NA,NA,NA,NA,"1",755.762080684412,-260.856475530404
"20250529-CbDRC3-p026-m2x_E09_roi_0.png",20250529,"CbDRC3","p026","m2x","E09",0,438.723380159963,25.4413476238214,"","48h",10,"15hHB101","DMSO",1,"Levamisole",17.5,NA,NA,"PB420","1",NA,NA,411.8374745,214.333983734531,313.118105917574,361.53826312743,441.89199472265,73.3906895793545,466.666318343438,480.34363468187,524.976400233602,0.178203039119876,25.4323262590365,17.4370859438173,20.5466846189861,22.5914927140012,24.724222015331,4.8153986231863,28.4143630197724,29.2554095992947,50.4808209986214,0.189341650234426,62,"1_PB420_17.5",NA,NA,NA,NA,NA,"1",755.762080684412,-313.870085961762
"20250529-CbDRC3-p026-m2x_E10_roi_0.png",20250529,"CbDRC3","p026","m2x","E10",0,446.68814092877,27.6589197997022,"","48h",10,"15hHB101","DMSO",1,"Levamisole",35,NA,NA,"PB420","1",NA,NA,430.688271780488,194.855498361266,291.2896278732,399.515923536053,457.188491494858,80.7744114944251,481.350915039411,499.59683095199,535.738293529906,0.187547274413811,26.8961450233537,14.8834603732846,21.2765136752139,24.9759434668047,27.6686672308586,4.89634099475902,29.3340365934376,30.1901756256347,45.4338921453066,0.182046199948266,62,"1_PB420_35",NA,NA,NA,NA,NA,"1",755.762080684412,-298.573589189554
"20250529-CbDRC3-p026-m2x_E11_roi_0.png",20250529,"CbDRC3","p026","m2x","E11",0,355.581177439024,21.1149372480751,"","48h",10,"15hHB101","DMSO",1,"Levamisole",70,NA,NA,"PB420","1",NA,NA,336.420350251318,255.78578869998,283.812102929647,318.044831126465,345.489061474673,35.3095580929451,363.622181672977,373.800688190386,401.45485956047,0.10495666527476,21.2566582629958,15.6339834758137,18.8686398012856,19.5269510685646,21.2395941879053,2.10935778775755,22.6247692771524,23.6498947182665,27.8800206950055,0.0992328032779067,59,"1_PB420_70",NA,NA,NA,NA,NA,"1",755.762080684412,-410.273019209739
"20250529-CbDRC3-p026-m2x_E12_roi_0.png",20250529,"CbDRC3","p026","m2x","E12",0,392.30208357557,21.8515849931934,"","48h",10,"15hHB101","DMSO",1,"Levamisole",140,NA,NA,"PB420","1",NA,NA,283.95845003117,128.356314074825,220.490057043414,231.616414427511,278.496315687826,65.1037749584335,350.260630997607,371.136264178448,392.30208357557,0.229272187361521,18.857366273937,12.1175190643821,15.190837172214,17.2043092336146,18.936773970176,3.01612815989331,20.869177194184,21.9500063772113,29.9626697628778,0.159944295299707,53,"1_PB420_140",NA,NA,NA,NA,NA,"1",755.762080684412,-477.265764996586
"20250529-CbDRC3-p026-m2x_F01_roi_0.png",20250529,"CbDRC3","p026","m2x","F01",0,767.28415740355,36.6409236846035,"","48h",10,"15hHB101","DMSO",1,"Levamisole",0,NA,NA,"ED3102","1",NA,NA,755.368507557106,639.888132504576,727.584614566163,740.732163392513,757.081191570362,27.8112199910245,776.861338421414,785.821629855824,803.173213846261,0.0368180824495414,36.0899772113603,27.972314974227,33.8797773005283,35.1677853596891,36.3047873865795,1.90099730196368,37.2397944432253,38.1170299148683,39.8329228867164,0.0526738293801219,95,"1_ED3102_0",NA,"n>75",NA,NA,NA,"1",757.719229001539,-0.638037431177281
"20250529-CbDRC3-p026-m2x_F02_roi_0.png",20250529,"CbDRC3","p026","m2x","F02",0,760.009406067506,35.7606400588205,"","48h",10,"15hHB101","DMSO",1,"Levamisole",0.136,NA,NA,"ED3102","1",NA,NA,764.577728828996,620.406546979327,739.839461294335,753.564601116988,768.510852786491,31.2072913335952,780.617540676834,798.032014589398,830.867570938385,0.0408163750484746,37.6871595620898,31.4277797829062,34.4193210782162,36.076611566936,37.7322549009028,2.52569343342228,39.2194264270379,41.054011023052,44.3203789557076,0.0670173465649802,74,"1_ED3102_0.136",NA,NA,NA,NA,NA,"1",757.719229001539,10.7916237849523
"20250529-CbDRC3-p026-m2x_F03_roi_0.png",20250529,"CbDRC3","p026","m2x","F03",0,791.194436398853,36.5846026644075,"","48h",10,"15hHB101","DMSO",1,"Levamisole",0.273,NA,NA,"ED3102","1",NA,NA,751.51556658112,669.561089184727,708.880794517596,736.952595458917,753.543384915905,27.4358373262812,769.879621923639,784.540056090659,822.088185059433,0.0365073440209567,36.1724457754352,30.6870391844995,33.8941855393093,35.0005104276073,36.0889331504668,2.03536635190986,37.5068180427279,38.5904691263158,41.9104020729359,0.0562684194634159,102,"1_ED3102_0.273",NA,"n>75",NA,NA,NA,"1",757.719229001539,-4.17584408563346
"20250529-CbDRC3-p026-m2x_F04_roi_0.png",20250529,"CbDRC3","p026","m2x","F04",0,721.154064710438,34.0058794030839,"","48h",10,"15hHB101","DMSO",1,"Levamisole",0.546,NA,NA,"ED3102","1",NA,NA,747.409714419046,624.842221670659,715.845296035192,730.32148330775,750.454064880119,30.4397903991075,768.654383168638,778.535365566532,803.272231769146,0.0407270467748309,36.0311177928925,31.0292831893255,33.8758498734771,34.8496741716471,36.163778235795,1.74308521630476,37.3011135728739,38.0583586351558,40.8097650037999,0.0483772173354167,90,"1_ED3102_0.546",NA,"n>75",NA,NA,NA,"1",757.719229001539,-7.2651641214195
"20250529-CbDRC3-p026-m2x_F05_roi_0.png",20250529,"CbDRC3","p026","m2x","F05",0,733.521220665082,34.745932082703,"","48h",10,"15hHB101","DMSO",1,"Levamisole",1.09,NA,NA,"ED3102","1",NA,NA,732.399803676519,645.226226974747,701.131385003031,718.019208401284,736.187692779767,28.220787641789,750.023501981843,765.192779963037,784.648100802773,0.0385319432093313,36.0850105407719,32.2913699547858,33.7447937476489,34.745932082703,36.0731173307801,1.78085957859611,37.2151928724559,38.416534286512,40.2259548441507,0.0493517821363513,77,"1_ED3102_1.09",NA,"n>75",NA,NA,NA,"1",757.719229001539,-21.5315362217718
"20250529-CbDRC3-p026-m2x_F06_roi_0.png",20250529,"CbDRC3","p026","m2x","F06",0,695.565566604254,36.7491732558541,"","48h",10,"15hHB101","DMSO",1,"Levamisole",2.1875,NA,NA,"ED3102","1",NA,NA,681.213313329482,488.24201440567,630.052171401083,655.042913277361,689.007422045681,47.6225226315639,713.436201973885,736.29125461818,760.999923322492,0.0699083850825011,35.0611868507778,28.1500695227519,31.9294880088282,33.3580418888987,35.1332887217241,2.5070905484628,36.7468109698215,37.802557372676,41.7049346440905,0.0715061517778362,68,"1_ED3102_2.1875",NA,NA,NA,NA,NA,"1",757.719229001539,-68.7118069558577
"20250529-CbDRC3-p026-m2x_F07_roi_0.png",20250529,"CbDRC3","p026","m2x","F07",0,575.69355648107,30.758237341506,"","48h",10,"15hHB101","DMSO",1,"Levamisole",4.375,NA,NA,"ED3102","1",NA,NA,534.97210157941,300.159228362496,473.884419354474,507.690456740619,548.896559659578,54.1676761811183,569.501886634457,592.835101967717,624.451341595137,0.101253272873852,30.4587206169462,19.7041821982265,27.2350721394063,28.915931405788,30.6179349885599,2.83883271358456,32.6556185584162,33.902099996724,36.7729343951602,0.0932026249324844,80,"1_ED3102_4.375",NA,"n>75",NA,NA,NA,"1",757.719229001539,-208.822669341961
"20250529-CbDRC3-p026-m2x_F08_roi_0.png",20250529,"CbDRC3","p026","m2x","F08",0,524.133657771526,27.9662681613803,"","48h",10,"15hHB101","DMSO",1,"Levamisole",8.75,NA,NA,"ED3102","1",NA,NA,508.366072053985,332.632818467139,460.654200439902,493.440856457752,509.365371624029,42.2939706160883,528.218720032275,558.225407065306,591.304765641185,0.0831958955191584,29.3659372732131,22.0363531883964,27.1793911968578,28.2927998165148,29.2670329523405,2.0745206780058,30.9217680573386,31.5366328592005,34.2373913233762,0.0706437754295052,73,"1_ED3102_8.75",NA,NA,NA,NA,NA,"1",757.719229001539,-248.35385737751
"20250529-CbDRC3-p026-m2x_F09_roi_0.png",20250529,"CbDRC3","p026","m2x","F09",0,518.732758707806,28.0757458741888,"","48h",10,"15hHB101","DMSO",1,"Levamisole",17.5,NA,NA,"ED3102","1",NA,NA,476.709231140114,204.985702378214,404.874117490909,473.169181615197,492.750501172307,73.9318652893533,513.961310407231,543.87416015113,583.020891391042,0.155087966542069,27.7361352591839,15.5071646912694,23.8631345877093,26.6369297701547,28.7432253237144,3.79454061747158,29.7689548780191,31.3647391390953,33.1703287639518,0.136808556131307,86,"1_ED3102_17.5",NA,"n>75",NA,NA,NA,"1",757.719229001539,-264.968727829232
"20250529-CbDRC3-p026-m2x_F10_roi_0.png",20250529,"CbDRC3","p026","m2x","F10",0,496.650424559868,28.1485646240101,"","48h",10,"15hHB101","DMSO",1,"Levamisole",35,NA,NA,"ED3102","1",NA,NA,487.213229591393,215.054785337571,439.189295088251,477.658223986397,494.446568777716,52.9788698896876,513.134814910077,531.587039700226,575.655325560263,0.108738570038665,28.0284894724118,14.6899453028091,24.7438633462249,27.3167628419517,28.5231494547418,2.77910645987326,29.6846827624068,30.5314177065689,31.5367753090539,0.0991529159146699,55,"1_ED3102_35",NA,NA,NA,NA,NA,"1",757.719229001539,-263.272660223823
"20250529-CbDRC3-p026-m2x_F11_roi_0.png",20250529,"CbDRC3","p026","m2x","F11",0,399.186796206026,22.6067233354289,"","48h",10,"15hHB101","DMSO",1,"Levamisole",70,NA,NA,"ED3102","1",NA,NA,359.255309677728,173.632729551594,280.72902724432,342.301280826874,370.13056623093,50.8307099860833,386.623983571295,409.925056396244,443.520255706592,0.141489098746185,23.639197252295,13.3272133697278,20.5045334751264,22.3865827341758,23.5116099235807,4.19618582139137,24.3020857963735,24.9752015803809,43.5164890139944,0.177509658073689,83,"1_ED3102_70",NA,"n>75",NA,NA,NA,"1",757.719229001539,-387.588662770609
"20250529-CbDRC3-p026-m2x_F12_roi_0.png",20250529,"CbDRC3","p026","m2x","F12",0,478.607053458106,24.0122484845121,"","48h",10,"15hHB101","DMSO",1,"Levamisole",140,NA,NA,"ED3102","1",NA,NA,344.492727908933,157.134076474515,287.962120037989,321.360325720548,357.684288774781,50.5588873072023,373.063063204979,388.889842303313,478.607053458106,0.146763293420137,21.8077259663494,14.7295432929369,19.0191092490967,20.3182540999984,21.6115327782706,2.13173593575509,23.3984414039235,24.3398302580447,27.4389381260562,0.0977514087917505,76,"1_ED3102_140",NA,"n>75",NA,NA,NA,"1",757.719229001539,-400.034940226758
"20250529-CbDRC3-p027-m2x_A01_roi_0.png",20250529,"CbDRC3","p027","m2x","A01",0,776.401765810686,34.7875055218705,"","48h",10,"15hHB101","DMSO",1,"Levamisole",0,NA,NA,"ECA2666","1",NA,NA,744.784571495678,531.434249052835,684.153595713137,725.152873624755,758.208611164861,54.0142624107656,777.572134282072,789.69799387365,905.921199182593,0.0725233369191498,34.3827922119407,27.9963771568992,30.802747799558,32.4958817956235,33.9756887836935,3.53473788330992,36.0916751021353,37.6048059135748,56.5312183440117,0.102805434227717,92,"1_ECA2666_0",NA,"n>75",NA,NA,NA,"1",742.112829021127,16.0957821437343
"20250529-CbDRC3-p027-m2x_A02_roi_0.png",20250529,"CbDRC3","p027","m2x","A02",0,769.514275036531,34.9615771058501,"","48h",10,"15hHB101","DMSO",1,"Levamisole",0.136,NA,NA,"ECA2666","1",NA,NA,747.292774563593,216.884775670316,689.243524937282,739.321070731945,759.534610348982,73.761621320936,779.61503934674,792.169709887793,834.36795842271,0.0987051177686169,33.8981758329751,14.4758892298278,29.9792714061768,32.705797785925,34.2131382464427,3.421280249709,35.556426806277,37.4551383430886,39.1426687090255,0.100928152198116,81,"1_ECA2666_0.136",NA,"n>75",NA,NA,NA,"1",742.112829021127,17.4217813278557
"20250529-CbDRC3-p027-m2x_A03_roi_0.png",20250529,"CbDRC3","p027","m2x","A03",0,749.639578256159,31.6692597839819,"","48h",10,"15hHB101","DMSO",1,"Levamisole",0.273,NA,NA,"ECA2666","1",NA,NA,727.576472454079,185.697785316715,656.012284890537,717.847397853146,752.323118985155,91.9887308536709,768.491964433111,793.667363297352,814.307637157793,0.126431700771463,33.2733086763561,18.2804125412429,29.8915544886806,32.1971631041996,33.7706243981405,3.34092890040865,35.2893828399905,36.5601903188655,39.3407960343803,0.10040867690392,75,"1_ECA2666_0.273",NA,NA,NA,NA,NA,"1",742.112829021127,10.2102899640279
"20250529-CbDRC3-p027-m2x_A04_roi_0.png",20250529,"CbDRC3","p027","m2x","A04",0,751.868222950606,32.0074153681517,"","48h",10,"15hHB101","DMSO",1,"Levamisole",0.546,NA,NA,"ECA2666","1",NA,NA,759.966740038641,607.331150010526,719.227709818161,740.896541686407,767.900843972882,43.5326576578352,782.688935146188,801.085977272537,860.145956599847,0.0572823195599609,34.8193688841718,28.5858140832457,31.269888553799,32.9781814302841,34.5836630438378,2.89774539634351,36.5245181655661,38.8764541463919,42.0372721284354,0.0832222262839683,66,"1_ECA2666_0.546",NA,NA,NA,NA,NA,"1",742.112829021127,25.7880149517556
"20250529-CbDRC3-p027-m2x_A05_roi_0.png",20250529,"CbDRC3","p027","m2x","A05",0,752.289514812111,34.5974795002869,"","48h",10,"15hHB101","DMSO",1,"Levamisole",1.09,NA,NA,"ECA2666","1",NA,NA,748.593180018214,608.459943878449,703.796553379506,722.081806578471,750.268458825506,39.6288816445838,773.419606444253,789.039687380975,868.691534455525,0.0529378074799179,35.1695542505574,30.8753750279017,32.3469125504519,33.9495754635026,34.8635129780475,2.06605700200394,36.6140425048479,38.161904185158,39.5341352770603,0.0587456123920362,86,"1_ECA2666_1.09",NA,"n>75",NA,NA,NA,"1",742.112829021127,8.1556298043796
"20250529-CbDRC3-p027-m2x_A06_roi_0.png",20250529,"CbDRC3","p027","m2x","A06",0,744.408714381944,34.4324938659244,"","48h",10,"15hHB101","DMSO",1,"Levamisole",2.1875,NA,NA,"ECA2666","1",NA,NA,698.564781459216,209.194477088258,640.324183649019,682.225456150184,707.635484990389,77.5137397185603,740.097391352729,765.478986407283,807.66386819086,0.11096141943578,34.0820737122928,12.8602561059564,30.9045679793701,32.7526913088477,34.6581292381142,3.43136171506081,35.9685165906522,37.0385314745771,40.1126666223664,0.10067937015884,79,"1_ECA2666_2.1875",NA,"n>75",NA,NA,NA,"1",742.112829021127,-34.4773440307378
"20250529-CbDRC3-p027-m2x_A07_roi_0.png",20250529,"CbDRC3","p027","m2x","A07",0,611.698582435258,34.1541994677524,"","48h",10,"15hHB101","DMSO",1,"Levamisole",4.375,NA,NA,"ECA2666","1",NA,NA,574.540910031944,162.769602985942,518.228408642402,543.979022085018,581.724675907972,74.3860163955465,605.605801759878,647.30532705594,683.434760758598,0.129470356412759,30.47902020058,19.0600074797187,26.8730349262592,28.9352326259164,31.1242585080689,3.45799749868827,32.8525876737526,34.428375996091,35.6659300900963,0.113455008590547,52,"1_ECA2666_4.375",NA,NA,NA,NA,NA,"1",742.112829021127,-160.388153113154
"20250529-CbDRC3-p027-m2x_A08_roi_0.png",20250529,"CbDRC3","p027","m2x","A08",0,565.621343899136,31.5446785488876,"","48h",10,"15hHB101","DMSO",1,"Levamisole",8.75,NA,NA,"ECA2666","1",NA,NA,533.608237400233,360.656189071842,464.769562419346,509.12895462817,528.569216282483,57.4631866571396,573.737535900801,596.281881537713,676.597052556266,0.107687967744095,28.8906568599359,21.7831980168895,25.7681108922212,27.080366758756,28.9531775375151,2.76796226491421,30.8269053748105,32.2306800062776,36.2049847170348,0.0958082150341371,70,"1_ECA2666_8.75",NA,NA,NA,NA,NA,"1",742.112829021127,-213.543612738644
"20250529-CbDRC3-p027-m2x_A09_roi_0.png",20250529,"CbDRC3","p027","m2x","A09",0,525.304400002348,25.9125475349891,"","48h",10,"15hHB101","DMSO",1,"Levamisole",17.5,NA,NA,"ECA2666","1",NA,NA,431.457097960746,276.045486993733,379.494645116138,395.646646766414,424.639320235779,51.7264604153629,462.187446647003,505.939265701011,532.909371576755,0.119887842058561,23.7495997613185,18.9051405031773,21.0789071854823,22.4463218087157,23.6199657957423,2.32233969353165,25.1301070906155,26.2518052646977,29.9303844726956,0.0977843718155662,71,"1_ECA2666_17.5",NA,NA,NA,NA,NA,"1",742.112829021127,-317.473508785347
"20250529-CbDRC3-p027-m2x_A10_roi_0.png",20250529,"CbDRC3","p027","m2x","A10",0,532.05310253289,25.9834126719207,"","48h",10,"15hHB101","DMSO",1,"Levamisole",35,NA,NA,"ECA2666","1",NA,NA,425.264872734842,62.5858697116926,330.69649495993,388.636094186483,443.952951580268,81.0935643779215,472.844198219355,511.329190685256,532.05310253289,0.190689543334289,26.1191759405753,14.748410911849,19.7317262322834,21.9647368823749,23.7439873651884,19.3183535239986,26.2709164379362,28.4040502623243,187.771997309037,0.739623392711567,74,"1_ECA2666_35",NA,NA,NA,NA,NA,"1",742.112829021127,-298.159877440859
"20250529-CbDRC3-p027-m2x_A11_roi_0.png",20250529,"CbDRC3","p027","m2x","A11",0,451.530900347655,26.5539132620976,"","48h",10,"15hHB101","DMSO",1,"Levamisole",70,NA,NA,"ECA2666","1",NA,NA,348.186751668386,159.521594756293,222.160550261804,299.205694256811,359.988409283528,83.3013010735007,397.467987858661,433.744274366948,561.879833330247,0.239243166703933,20.3933518872219,11.0575807682819,16.0868169743166,17.6799821393893,20.6877089776829,3.67188393958848,22.8353584158605,24.7503692771221,27.6509802653644,0.18005298785087,67,"1_ECA2666_70",NA,NA,NA,NA,NA,"1",742.112829021127,-382.124419737598
"20250529-CbDRC3-p027-m2x_A12_roi_0.png",20250529,"CbDRC3","p027","m2x","A12",0,272.765237120683,15.2067205115716,"","48h",10,"15hHB101","DMSO",1,"Levamisole",140,NA,NA,"ECA2666","1",NA,NA,260.003057029004,25.339854897115,210.673792893998,230.37296955825,264.032089709884,56.9190192455284,293.6429239406,313.775810167922,391.054840952072,0.218916730810511,18.5803821248537,12.4133358691516,14.6051544393157,15.2532954230832,16.7431825813824,12.1159555162923,17.9320809119784,19.8472742784825,101.067183361049,0.652083226000266,50,"1_ECA2666_140",NA,NA,NA,NA,NA,"1",742.112829021127,-478.080739311243
"20250529-CbDRC3-p027-m2x_B01_roi_0.png",20250529,"CbDRC3","p027","m2x","B01",0,866.979027155985,37.4718717911827,"","48h",10,"15hHB101","DMSO",1,"Levamisole",0,NA,NA,"JU3237","1",NA,NA,823.467830819968,585.233898061842,771.901879694657,798.653499995241,828.607555479446,47.1671938083982,856.576824897224,871.764499294586,904.024451382225,0.0572787327483473,37.5698195181293,29.3741849739729,35.3546359807211,36.7696637341415,37.6193150769451,1.98126355104572,38.9550344209181,39.866432949342,41.6891721266447,0.0527355088860531,79,"1_JU3237_0",NA,"n>75",NA,NA,NA,"1",810.19884282327,18.4087126561758
"20250529-CbDRC3-p027-m2x_B02_roi_0.png",20250529,"CbDRC3","p027","m2x","B02",0,815.02236176051,35.4736600901906,"","48h",10,"15hHB101","DMSO",1,"Levamisole",0.136,NA,NA,"JU3237","1",NA,NA,820.80818756498,189.12178601197,780.107072739096,806.183993042763,831.929758243252,83.511195618286,856.893074508555,869.438394451363,886.164967005456,0.101742644485591,37.7211360552605,14.3678544874116,35.388860104989,36.8341826419436,38.295058172455,3.38914947238495,39.1079365625793,40.5900338282335,42.3227247403404,0.089847492064394,69,"1_JU3237_0.136",NA,NA,NA,NA,NA,"1",810.19884282327,21.7309154199816
"20250529-CbDRC3-p027-m2x_B03_roi_0.png",20250529,"CbDRC3","p027","m2x","B03",0,824.129820395852,38.5838264940485,"","48h",10,"15hHB101","DMSO",1,"Levamisole",0.273,NA,NA,"JU3237","1",NA,NA,827.769750001294,524.89035330557,777.956479486254,810.331534917864,833.484676253085,50.1906484776557,855.024543231703,876.541177047203,905.144646880915,0.0606335861845366,37.8149933931985,27.2596764666349,35.1077421765355,36.6172397354594,38.0776399083359,2.46618665344041,39.4323856711429,40.5836732337655,42.6431665807247,0.0652171647313836,76,"1_JU3237_0.273",NA,"n>75",NA,NA,NA,"1",810.19884282327,23.2858334298145
"20250529-CbDRC3-p027-m2x_B04_roi_0.png",20250529,"CbDRC3","p027","m2x","B04",0,827.277989365951,37.9752327183132,"","48h",10,"15hHB101","DMSO",1,"Levamisole",0.546,NA,NA,"JU3237","1",NA,NA,826.484985028345,720.95761263919,786.85492122698,810.311300469542,829.839445552063,29.7656733876025,843.405462526304,862.131269786421,900.962174693589,0.0360147781590753,38.1403890368283,31.6607869024726,35.886177610026,36.727202838542,38.1352967206335,2.03092182201369,39.3802595097993,40.2968588957343,43.6012098690335,0.0532485869520796,81,"1_JU3237_0.546",NA,"n>75",NA,NA,NA,"1",810.19884282327,19.6406027287929
"20250529-CbDRC3-p027-m2x_B05_roi_0.png",20250529,"CbDRC3","p027","m2x","B05",0,839.055083955742,36.7295441689892,"","48h",10,"15hHB101","DMSO",1,"Levamisole",1.09,NA,NA,"JU3237","1",NA,NA,808.693907433176,556.120970428918,771.751846847868,793.852943819408,814.129493748219,41.009373156855,829.99437045819,842.783198109361,898.014085036419,0.0507106246008707,37.437271874383,27.8083693265185,35.1517086286443,36.2261983736957,37.6451018668948,2.21271499724348,38.6894949889601,39.7912871197666,43.1814011827366,0.0591046004812537,77,"1_JU3237_1.09",NA,"n>75",NA,NA,NA,"1",810.19884282327,3.93065092494908
"20250529-CbDRC3-p027-m2x_B06_roi_0.png",20250529,"CbDRC3","p027","m2x","B06",0,812.278781785542,37.0678596731329,"","48h",10,"15hHB101","DMSO",1,"Levamisole",2.1875,NA,NA,"JU3237","1",NA,NA,771.464471939543,365.774652583313,720.701157231567,759.852293301749,788.920170518194,68.1518893587267,800.532437899416,825.264574020559,891.886898364412,0.0883409305776397,37.6920117852427,30.2451784732408,34.3268534348404,36.022138320745,37.5847896502235,2.90248491906161,39.231687950574,41.994738699782,43.1814174485436,0.0770053064718079,76,"1_JU3237_2.1875",NA,"n>75",NA,NA,NA,"1",810.19884282327,-21.2786723050763
"20250529-CbDRC3-p027-m2x_B07_roi_0.png",20250529,"CbDRC3","p027","m2x","B07",0,601.861595548707,33.5356804777986,"","48h",10,"15hHB101","DMSO",1,"Levamisole",4.375,NA,NA,"JU3237","1",NA,NA,578.364107819976,418.398454511086,469.345897459223,548.350352072698,582.803536050443,64.2103104334488,624.119897120038,650.58395105935,700.577117569424,0.111020565704667,31.9923271047183,25.8298332823953,27.5507250654653,29.714174669583,32.6067005656933,3.23885361778086,34.0996265213805,35.709884691093,40.9161381785201,0.101238450306517,79,"1_JU3237_4.375",NA,"n>75",NA,NA,NA,"1",810.19884282327,-227.395306772827
"20250529-CbDRC3-p027-m2x_B08_roi_0.png",20250529,"CbDRC3","p027","m2x","B08",0,589.918460629068,32.3179477856801,"","48h",10,"15hHB101","DMSO",1,"Levamisole",8.75,NA,NA,"JU3237","1",NA,NA,491.270931416789,207.940527570699,411.120357317766,470.352471294033,504.580279976651,70.9355583407469,526.760937041811,555.405904361696,620.201776769875,0.144391930815393,27.5758434718688,15.7055183124055,23.7147019159825,25.5068596441815,28.1991030591417,3.62620595259,29.7923770177249,32.1117879406697,34.433094538408,0.131499366693506,67,"1_JU3237_8.75",NA,NA,NA,NA,NA,"1",810.19884282327,-305.61856284662
"20250529-CbDRC3-p027-m2x_B09_roi_0.png",20250529,"CbDRC3","p027","m2x","B09",0,502.10233021368,26.3231386420206,"","48h",10,"15hHB101","DMSO",1,"Levamisole",17.5,NA,NA,"JU3237","1",NA,NA,409.240674581247,304.219736272851,346.422974808805,387.218033679776,409.634056980705,44.0114020980197,432.59301890673,471.784836401975,502.10233021368,0.107544056179298,23.1331207567901,17.122220981244,20.6205180095364,21.9744413911754,23.0524030672374,2.09459961217649,24.206906074154,25.9600354844275,29.4378777674481,0.0905454838626422,87,"1_JU3237_17.5",NA,"n>75",NA,NA,NA,"1",810.19884282327,-400.564785842565
"20250529-CbDRC3-p027-m2x_B10_roi_0.png",20250529,"CbDRC3","p027","m2x","B10",0,515.888589802582,26.5406831101593,"","48h",10,"15hHB101","DMSO",1,"Levamisole",35,NA,NA,"JU3237","1",NA,NA,421.782854916964,293.429196256724,371.540927163307,399.734197781416,421.566193513246,47.4139913067463,443.860297789535,485.574978903588,524.614128533657,0.112413273213964,23.7341776036873,16.8108922023935,20.6476600880641,22.2318164435812,23.6027713638679,2.46454272507478,25.1591023616479,27.0993317019917,30.1761572396395,0.103839398450102,83,"1_JU3237_35",NA,"n>75",NA,NA,NA,"1",810.19884282327,-388.632649310024
"20250529-CbDRC3-p027-m2x_B11_roi_0.png",20250529,"CbDRC3","p027","m2x","B11",0,357.164356959868,21.6503897934521,"","48h",10,"15hHB101","DMSO",1,"Levamisole",70,NA,NA,"JU3237","1",NA,NA,325.190128464417,168.639528386594,255.36077388449,295.630535816763,338.809029662496,53.7427258201368,364.765157644424,381.614431116657,405.451462447398,0.165265551183597,19.9635944265202,12.8860689600697,16.8451638011232,18.6480763329204,19.9874463577757,2.5931011339225,21.665833615329,23.1383436319861,24.9388793201963,0.129891495415162,64,"1_JU3237_70",NA,NA,NA,NA,NA,"1",810.19884282327,-471.389813160774
"20250529-CbDRC3-p027-m2x_B12_roi_0.png",20250529,"CbDRC3","p027","m2x","B12",0,313.009490297805,18.7234133032786,"","48h",10,"15hHB101","DMSO",1,"Levamisole",140,NA,NA,"JU3237","1",NA,NA,299.050439548955,223.227149258023,250.446560430493,264.002089695906,287.432563609344,43.5602733039814,335.140617970561,355.586281146043,399.106733925768,0.14566196046955,18.4440154790744,12.9922691893193,16.1957418513339,17.2405640627153,18.5202834215831,2.08767956132588,19.5052961964854,20.9175145933397,23.5970876342072,0.113190078575593,65,"1_JU3237_140",NA,NA,NA,NA,NA,"1",810.19884282327,-522.766279213926
"20250529-CbDRC3-p027-m2x_C01_roi_0.png",20250529,"CbDRC3","p027","m2x","C01",0,746.065418998329,35.2761117289075,"","48h",10,"15hHB101","DMSO",1,"Levamisole",0,NA,NA,"VX34","1",NA,NA,770.784397066368,532.984715634882,721.558933679074,750.475059567221,776.34483593568,55.1201380363417,804.976651803333,818.118198413702,871.638901097743,0.0715117460163061,37.857966152461,29.8134746068582,34.1671850638389,35.3185260662769,38.1906429039718,3.22729396434268,40.3154811584672,41.532474035823,43.7960721024589,0.0852474206180482,75,"1_VX34_0",NA,NA,NA,NA,NA,"1",764.119037751743,12.2257981839364
"20250529-CbDRC3-p027-m2x_C02_roi_0.png",20250529,"CbDRC3","p027","m2x","C02",0,813.564218000366,39.116854508653,"","48h",10,"15hHB101","DMSO",1,"Levamisole",0.136,NA,NA,"VX34","1",NA,NA,787.464002312735,419.186428900883,703.512850914576,766.493921848218,796.37991452101,72.716675120058,826.550373923856,849.769404529789,967.05257294569,0.0923428561896079,37.9418355652085,21.9881185515087,34.288494599949,36.1417569779934,38.2031305922314,3.36044363485124,39.834544850917,41.5666250764843,43.7750822780045,0.0885682936735053,60,"1_VX34_0.136",NA,NA,NA,NA,NA,"1",764.119037751743,32.2608767692664
"20250529-CbDRC3-p027-m2x_C03_roi_0.png",20250529,"CbDRC3","p027","m2x","C03",0,809.500887781029,39.055951627845,"","48h",10,"15hHB101","DMSO",1,"Levamisole",0.273,NA,NA,"VX34","1",NA,NA,762.687833302775,208.561064301773,708.538190117429,739.405581662292,778.206156390684,95.5550879278098,809.597559132832,834.33426724667,932.71429194182,0.125287284987901,37.3015331439556,13.1488756195859,34.3234490061917,36.0832605174854,38.0246409115634,4.3190309030904,39.2516200868015,41.3204177582324,43.1433939474301,0.11578695402203,57,"1_VX34_0.273",NA,NA,NA,NA,NA,"1",764.119037751743,14.0871186389405
"20250529-CbDRC3-p027-m2x_C04_roi_0.png",20250529,"CbDRC3","p027","m2x","C04",0,762.524821042932,38.1383224716469,"","48h",10,"15hHB101","DMSO",1,"Levamisole",0.546,NA,NA,"VX34","1",NA,NA,785.517629457759,676.039905331901,723.334562207962,756.699501454153,791.66561417764,46.4374509958189,817.763377374339,840.969456159059,886.434392205164,0.0591170067409876,37.5834281856241,28.8480252244893,34.3774282887978,35.9904013047952,37.8129341465924,2.78120811154415,39.4080259659751,40.7465320502727,43.8007094574609,0.0740009159837096,48,"1_VX34_0.546",NA,NA,NA,NA,NA,"1",764.119037751743,27.5465764258969
"20250529-CbDRC3-p027-m2x_C05_roi_0.png",20250529,"CbDRC3","p027","m2x","C05",0,772.909891302326,39.52872160422,"","48h",10,"15hHB101","DMSO",1,"Levamisole",1.09,NA,NA,"VX34","1",NA,NA,732.021584102251,183.411781702481,672.717713876272,725.76458776961,756.554378387502,117.749206688321,791.639493342582,810.005923473359,835.455578992172,0.160854828936128,36.4958294323753,12.4922280695899,32.5643405958653,35.7617314158937,38.1124515760362,5.65070114333507,39.3180234325261,40.1803306691137,42.7484782128631,0.154831421321866,60,"1_VX34_1.09",NA,NA,NA,NA,NA,"1",764.119037751743,-7.56465936424161
"20250529-CbDRC3-p027-m2x_C06_roi_0.png",20250529,"CbDRC3","p027","m2x","C06",0,767.973487364755,37.4474003613165,"","48h",10,"15hHB101","DMSO",1,"Levamisole",2.1875,NA,NA,"VX34","1",NA,NA,704.238252431917,320.641122453765,492.487295535785,713.195250088204,732.517453229352,124.616789760211,770.705110784702,800.979539689957,827.957503110685,0.176952599961557,35.4109932873478,16.9919137710159,26.3967827281858,34.6732475084248,37.3279279108104,5.88673719109224,38.7243757434866,40.0536400392163,42.7484465178778,0.16624038595369,54,"1_VX34_2.1875",NA,NA,NA,NA,NA,"1",764.119037751743,-31.6015845223909
"20250529-CbDRC3-p027-m2x_C07_roi_0.png",20250529,"CbDRC3","p027","m2x","C07",0,695.518234273167,38.397542301807,"","48h",10,"15hHB101","DMSO",1,"Levamisole",4.375,NA,NA,"VX34","1",NA,NA,556.530342728879,258.740648911517,407.076016916536,474.570029474294,579.865562832923,107.498138774949,644.040283470985,675.636706594933,714.503922601964,0.19315773197171,30.5905811016549,13.9371813941851,22.9830937045386,26.1441563707093,31.0325724964744,5.79829075670589,35.3402555041937,37.7649028431169,40.9346475925188,0.189544969330191,64,"1_VX34_4.375",NA,NA,NA,NA,NA,"1",764.119037751743,-184.253474918821
"20250529-CbDRC3-p027-m2x_C08_roi_0.png",20250529,"CbDRC3","p027","m2x","C08",0,627.192286545766,35.2112757513918,"","48h",10,"15hHB101","DMSO",1,"Levamisole",8.75,NA,NA,"VX34","1",NA,NA,506.461072213185,277.744371799319,373.271168238007,437.470705841225,524.435771329196,91.4219590875518,559.309681947282,612.112727800846,711.387406143544,0.180511324765883,28.5832611426242,18.214042713824,22.8091038579192,24.6581532690111,28.7082470061909,4.58020071617985,31.9891228187755,34.6902405052146,38.2994337406219,0.160240662999427,55,"1_VX34_8.75",NA,NA,NA,NA,NA,"1",764.119037751743,-239.683266422547
"20250529-CbDRC3-p027-m2x_C09_roi_0.png",20250529,"CbDRC3","p027","m2x","C09",0,537.106532282545,32.1283042089598,"","48h",10,"15hHB101","DMSO",1,"Levamisole",17.5,NA,NA,"VX34","1",NA,NA,435.868161410606,140.74940669509,300.360132348251,375.724604832407,478.105808152136,102.360973963382,507.85249882594,537.106532282545,641.141669048749,0.234843888647682,25.6473240339323,13.4330703078436,17.9677702595139,23.0748703980515,26.1127531518023,4.95215602326153,29.8919733231832,31.8714853476703,33.2365169789306,0.193086655617937,61,"1_VX34_17.5",NA,NA,NA,NA,NA,"1",764.119037751743,-286.013229599607
"20250529-CbDRC3-p027-m2x_C10_roi_0.png",20250529,"CbDRC3","p027","m2x","C10",0,486.129339558076,29.0075328645006,"","48h",10,"15hHB101","DMSO",1,"Levamisole",35,NA,NA,"VX34","1",NA,NA,411.057911154157,144.291120026947,285.163579105747,366.759017810437,407.787804896576,97.9206484514496,487.939930264312,512.957734175345,555.062583378839,0.2382161875355,24.3892174850678,12.338072062237,17.9567946396386,22.1228862078783,24.4800540313564,4.82740128883303,28.0593364146392,29.3200239212925,33.2367118868848,0.197931782427566,51,"1_VX34_35",NA,NA,NA,NA,NA,"1",764.119037751743,-356.331232855167
"20250529-CbDRC3-p027-m2x_C11_roi_0.png",20250529,"CbDRC3","p027","m2x","C11",0,394.76190971464,22.0816739483941,"","48h",10,"15hHB101","DMSO",1,"Levamisole",70,NA,NA,"VX34","1",NA,NA,328.398418853392,160.379853014362,222.890874838652,286.483803084783,348.143125871487,70.5680346313103,378.939119456117,393.628963369186,481.520743910378,0.214885427517281,20.6518586855363,12.4246046524929,15.5809392965664,19.294759709957,20.9554883807789,3.36135557583751,23.2836594714535,24.2343566137488,26.8948536608013,0.162762859606029,46,"1_VX34_70",NA,NA,NA,NA,NA,"1",764.119037751743,-415.975911880256
"20250529-CbDRC3-p027-m2x_C12_roi_0.png",20250529,"CbDRC3","p027","m2x","C12",0,354.593652775635,23.0139480539585,"","48h",10,"15hHB101","DMSO",1,"Levamisole",140,NA,NA,"VX34","1",NA,NA,322.802227637806,177.438818385869,238.928038568417,279.256152620077,348.116935154071,60.7543183149006,367.434647612847,385.993868428455,392.577249422643,0.188209104873553,19.9429502259133,14.0887705774864,16.2525092749945,17.991288474431,20.3413453830369,2.75494702209014,22.2309812066321,22.7381972674691,24.5205684024531,0.138141397881565,38,"1_VX34_140",NA,NA,NA,NA,NA,"1",764.119037751743,-416.002102597673
"20250529-CbDRC3-p027-m2x_D01_roi_0.png",20250529,"CbDRC3","p027","m2x","D01",0,780.46197065141,36.6426415999727,"","48h",10,"15hHB101","DMSO",1,"Levamisole",0,NA,NA,"NIC1667","1",NA,NA,731.705810917502,160.227475305863,685.944113764386,715.64130980356,757.255429180127,87.7105183372102,768.653615041305,781.58526834682,813.879258590406,0.119871288472109,33.825263922499,24.584490604612,30.6847370796783,32.4939506212566,33.9673738748876,2.80273866787533,35.8892865069381,36.6385900529642,39.2816439091707,0.0828593288820158,62,"1_NIC1667_0",NA,NA,NA,NA,NA,"1",733.394904851972,23.8605243281548
"20250529-CbDRC3-p027-m2x_D02_roi_0.png",20250529,"CbDRC3","p027","m2x","D02",0,773.508130580612,35.0316008951302,"","48h",10,"15hHB101","DMSO",1,"Levamisole",0.136,NA,NA,"NIC1667","1",NA,NA,726.375811254154,214.850852066852,679.612278949967,709.519833664253,738.865402941619,73.4387201752616,761.344049151081,780.414807324544,803.069608061079,0.101102926388013,33.7494357132849,14.1581161962081,31.1263585343717,33.2866391264619,34.2731359184267,3.35773880913006,35.1378499155535,36.390377532636,40.2555725010567,0.0994902207448862,70,"1_NIC1667_0.136",NA,NA,NA,NA,NA,"1",733.394904851972,5.47049808964641
"20250529-CbDRC3-p027-m2x_D03_roi_0.png",20250529,"CbDRC3","p027","m2x","D03",0,735.992127074257,34.031225526203,"","48h",10,"15hHB101","DMSO",1,"Levamisole",0.273,NA,NA,"NIC1667","1",NA,NA,719.353667053588,173.721025226846,650.689228805054,699.270909270532,738.034208097525,81.5342358639083,762.341374704413,775.09831613107,813.925943901716,0.11334374119182,33.2363662490854,11.9886894541395,30.0415507860577,31.4579271138754,33.6249791193437,3.67231608173274,34.8949270717198,37.0552583713403,39.6421507401924,0.110490901869689,68,"1_NIC1667_0.273",NA,NA,NA,NA,NA,"1",733.394904851972,4.63930324555304
"20250529-CbDRC3-p027-m2x_D04_roi_0.png",20250529,"CbDRC3","p027","m2x","D04",0,720.253788520394,31.5880842066964,"","48h",10,"15hHB101","DMSO",1,"Levamisole",0.546,NA,NA,"NIC1667","1",NA,NA,712.374316651748,260.268355031702,623.485762490008,679.952534768445,735.519029083885,80.7775661270415,759.76129349761,782.044584887913,815.976567648887,0.113392024724735,32.5558311078733,15.420584184407,28.362110198307,30.5967810850046,32.946302611773,3.5887814850102,35.01433577408,36.4199457562658,38.1087852580932,0.110234675721189,74,"1_NIC1667_0.546",NA,NA,NA,NA,NA,"1",733.394904851972,2.12412423191313
"20250529-CbDRC3-p027-m2x_D05_roi_0.png",20250529,"CbDRC3","p027","m2x","D05",0,811.693262172529,36.6673253415627,"","48h",10,"15hHB101","DMSO",1,"Levamisole",1.09,NA,NA,"NIC1667","1",NA,NA,705.985184464689,146.144325389283,627.232838390991,697.282339444023,725.877684511111,102.539450039338,759.358366771983,767.946011407738,811.693262172529,0.145243062171465,33.9505649671566,13.1584438504391,29.9836898715111,32.3744117761812,34.6386364649489,4.36288524034449,36.5678680892039,37.7377899797676,40.9876405712087,0.128506999649788,70,"1_NIC1667_1.09",NA,NA,NA,NA,NA,"1",733.394904851972,-7.51722034086117
"20250529-CbDRC3-p027-m2x_D06_roi_0.png",20250529,"CbDRC3","p027","m2x","D06",0,678.472659352585,34.729399735075,"","48h",10,"15hHB101","DMSO",1,"Levamisole",2.1875,NA,NA,"NIC1667","1",NA,NA,702.247556826029,570.740556109506,663.361280753567,683.310698747538,706.181126981085,34.5510540551253,721.660551319344,747.182139085785,765.864268220135,0.0492006753448695,34.3313116487279,27.69756094878,31.3788552578154,33.1541472716112,34.6447129090365,2.39504236063968,35.94016493337,37.1727814106946,39.1856461150579,0.0697626232619758,71,"1_NIC1667_2.1875",NA,NA,NA,NA,NA,"1",733.394904851972,-27.2137778708876
"20250529-CbDRC3-p027-m2x_D07_roi_0.png",20250529,"CbDRC3","p027","m2x","D07",0,619.408400479021,32.8986565343655,"","48h",10,"15hHB101","DMSO",1,"Levamisole",4.375,NA,NA,"NIC1667","1",NA,NA,588.53741299936,435.619290843894,537.957505502149,565.752194172643,595.703405236751,47.1696248358178,619.016618204108,638.430780831992,683.133463761418,0.0801471984515437,31.5976122168306,22.0835270065538,28.0155383746888,30.2465058276999,31.5831712440777,2.59762404437487,33.6798771974467,34.2933082396123,35.2537872250891,0.0822095045204472,68,"1_NIC1667_4.375",NA,NA,NA,NA,NA,"1",733.394904851972,-137.691499615221
"20250529-CbDRC3-p027-m2x_D08_roi_0.png",20250529,"CbDRC3","p027","m2x","D08",0,603.114762498591,32.1274928029159,"","48h",10,"15hHB101","DMSO",1,"Levamisole",8.75,NA,NA,"NIC1667","1",NA,NA,540.351198078239,250.008904855625,491.856294424989,511.07818287173,538.635263122019,80.2417196672783,566.201409863327,591.817894261515,921.416073269434,0.148499198211567,29.2639670511369,15.8091796163816,26.6755492016589,28.2350450497845,29.5755682908783,3.00899935181659,31.2747864528828,32.1530619520535,33.5588793656746,0.102822674265542,67,"1_NIC1667_8.75",NA,NA,NA,NA,NA,"1",733.394904851972,-194.759641729953
"20250529-CbDRC3-p027-m2x_D09_roi_0.png",20250529,"CbDRC3","p027","m2x","D09",0,529.931272346756,27.0455011808568,"","48h",10,"15hHB101","DMSO",1,"Levamisole",17.5,NA,NA,"NIC1667","1",NA,NA,503.534078435118,438.729610829049,470.818396843254,488.571841164335,498.086052710268,31.6689771281814,513.787092877439,537.474789710319,659.354492778856,0.0628934137419302,27.5159716019334,21.9247318924345,24.7994565166252,26.0868597035189,27.7466829718168,2.0005082902151,28.9710245165966,29.6169982695342,32.4285777811558,0.0727035308494988,66,"1_NIC1667_17.5",NA,NA,NA,"outlier","outlier","1",733.394904851972,-235.308852141704
"20250529-CbDRC3-p027-m2x_D10_roi_0.png",20250529,"CbDRC3","p027","m2x","D10",0,499.947262537556,28.6247086094055,"","48h",10,"15hHB101","DMSO",1,"Levamisole",35,NA,NA,"NIC1667","1",NA,NA,511.131695446047,311.015304654783,477.551388030968,491.962369090199,512.076512979378,44.0671354283351,535.43522227895,551.463499977444,629.003460923634,0.0862148362563963,27.9608986206354,15.5738671272139,26.1886435363778,27.5507777400339,28.2359545334723,2.22264380323301,28.9709295272221,29.7391680102022,31.4606389158279,0.079491143449613,57,"1_NIC1667_35",NA,NA,NA,NA,NA,"1",733.394904851972,-221.318391872594
"20250529-CbDRC3-p027-m2x_D11_roi_0.png",20250529,"CbDRC3","p027","m2x","D11",0,412.465603869011,25.0134552977598,"","48h",10,"15hHB101","DMSO",1,"Levamisole",70,NA,NA,"NIC1667","1",NA,NA,382.582591522992,265.456325994837,346.634058954578,363.170177165753,380.431992634871,36.1694346474089,393.825099671264,416.264408565596,502.018231563086,0.0945401998126077,23.0312238978066,17.9148959816611,20.791122500854,21.7959144100195,22.924523033826,2.10764330443843,24.3772732996333,25.1609108683017,30.5975444763688,0.0915124317227082,62,"1_NIC1667_70",NA,NA,NA,NA,NA,"1",733.394904851972,-352.962912217101
"20250529-CbDRC3-p027-m2x_D12_roi_0.png",20250529,"CbDRC3","p027","m2x","D12",0,340.323706269462,20.6165590231804,"","48h",10,"15hHB101","DMSO",1,"Levamisole",140,NA,NA,"NIC1667","1",NA,NA,353.099928133483,270.973008521609,315.198743157413,337.982681247377,358.49830906412,28.8489000561706,372.296989789824,384.008713031446,416.636181118858,0.0817018009849745,21.3932678095347,17.4372023350795,18.8342881335109,20.3497178948417,21.3065391860918,1.8124515625425,22.9271017772591,23.5205407180196,25.5596433336108,0.0847206503783736,54,"1_NIC1667_140",NA,NA,NA,NA,NA,"1",733.394904851972,-374.896595787852
"20250529-CbDRC3-p027-m2x_E01_roi_0.png",20250529,"CbDRC3","p027","m2x","E01",0,817.371594411454,38.021320397367,"","48h",10,"15hHB101","DMSO",1,"Levamisole",0,NA,NA,"PB420","1",NA,NA,762.357300905656,619.009868156045,713.370319144673,745.82648869252,766.083636085595,36.6438571695076,786.613420988264,804.186890313072,822.836329297778,0.0480665130719885,36.8270321462634,29.725294903663,34.5518615677307,35.6930226421497,37.1315989652546,2.18682969692661,38.1680006818588,39.1796675944356,41.4418109950707,0.0593811004981701,66,"1_PB420_0",NA,NA,NA,NA,NA,"1",755.762080684412,10.3215554011833
"20250529-CbDRC3-p027-m2x_E03_roi_0.png",20250529,"CbDRC3","p027","m2x","E03",0,774.578562414137,37.1925476901054,"","48h",10,"15hHB101","DMSO",1,"Levamisole",0.273,NA,NA,"PB420","1",NA,NA,760.154795798632,177.617682444756,714.009222125488,756.108425001698,778.40142501841,80.9117228611004,790.614547794303,795.997093829298,813.521764105363,0.106441113452548,37.3333908744871,12.3602134851591,35.2836691210391,36.2521797080774,37.7578742981812,3.89187885878359,38.8870209044715,39.9260692842207,45.5525027148957,0.104246594472704,62,"1_PB420_0.273",NA,NA,NA,NA,NA,"1",755.762080684412,22.6393443339975
"20250529-CbDRC3-p027-m2x_E04_roi_0.png",20250529,"CbDRC3","p027","m2x","E04",0,792.727314300116,35.148651691755,"","48h",10,"15hHB101","DMSO",1,"Levamisole",0.546,NA,NA,"PB420","1",NA,NA,751.495934090835,414.766502283944,723.039820050622,748.197920222576,762.910416462531,53.5552165490228,774.327729345958,785.535954467942,795.445101016393,0.071264812116135,36.7492233763846,29.8102856586294,34.3236813602883,35.3916230461803,37.0349580835784,2.23837588533136,38.2408186500728,39.0352185426527,41.7704016733159,0.0609094745324541,66,"1_PB420_0.546",NA,NA,NA,NA,NA,"1",755.762080684412,7.14833577811919
"20250529-CbDRC3-p027-m2x_E05_roi_0.png",20250529,"CbDRC3","p027","m2x","E05",0,744.659704123287,35.8926212018702,"","48h",10,"15hHB101","DMSO",1,"Levamisole",1.09,NA,NA,"PB420","1",NA,NA,742.287252488842,598.634570550573,695.170898768583,721.692321561233,742.980586285328,40.3621768405418,769.427031156485,789.976462892688,822.090283054201,0.054375414241872,36.7689632518177,30.3667374797851,33.94077849812,35.2002046785336,36.4922244569454,2.44352446582232,38.4234860266761,40.4204235907859,41.9761076898339,0.0664561698160342,64,"1_PB420_1.09",NA,NA,NA,NA,NA,"1",755.762080684412,-12.7814943990836
"20250529-CbDRC3-p027-m2x_E06_roi_0.png",20250529,"CbDRC3","p027","m2x","E06",0,714.815135046491,33.1942873138098,"","48h",10,"15hHB101","DMSO",1,"Levamisole",2.1875,NA,NA,"PB420","1",NA,NA,699.239860681877,606.078668355318,649.82626734548,679.75656869511,703.258411811508,36.2562861254241,721.427626855057,746.253570093595,767.473556403225,0.0518510001561812,35.9978864232972,29.4457544661261,32.9213949847743,34.5202496670041,35.9790352084686,2.6737894474104,38.2766464384323,39.347456393383,39.914946073109,0.0742762898901743,51,"1_PB420_2.1875",NA,NA,NA,NA,NA,"1",755.762080684412,-52.5036688729041
"20250529-CbDRC3-p027-m2x_E08_roi_0.png",20250529,"CbDRC3","p027","m2x","E08",0,518.869070473655,31.7885748658865,"","48h",10,"15hHB101","DMSO",1,"Levamisole",8.75,NA,NA,"PB420","1",NA,NA,470.481080280453,254.730333925131,324.330721476883,458.478664971768,486.878747129905,78.8945403777777,518.937390427041,544.014107456502,588.627854244316,0.167689081845223,27.9650537459379,17.8977415402151,23.6761878997929,25.6548666361302,28.1802192135445,3.618801855605,30.568463796117,32.3674883676142,35.3723966207176,0.129404430561148,64,"1_PB420_8.75",NA,NA,NA,NA,NA,"1",755.762080684412,-268.883333554507
"20250529-CbDRC3-p027-m2x_E09_roi_0.png",20250529,"CbDRC3","p027","m2x","E09",0,460.080839893969,28.5774115222935,"","48h",10,"15hHB101","DMSO",1,"Levamisole",17.5,NA,NA,"PB420","1",NA,NA,421.591554027273,211.982193300739,303.288585959227,379.929304445993,447.05355041218,74.944816029347,471.619224468923,483.100624082406,517.150774232437,0.17776640758913,25.2014824601572,15.1593562924414,18.9133800914548,23.0710828827165,26.1244283401322,3.66111549211068,27.894300033504,28.6863050778953,30.88053591151,0.145273814661451,55,"1_PB420_17.5",NA,NA,NA,NA,NA,"1",755.762080684412,-308.708530272232
"20250529-CbDRC3-p027-m2x_E10_roi_0.png",20250529,"CbDRC3","p027","m2x","E10",0,533.52111973364,32.8640795024439,"","48h",10,"15hHB101","DMSO",1,"Levamisole",35,NA,NA,"PB420","1",NA,NA,435.251633431846,211.00903289167,329.751689015811,396.041337674383,463.288816251714,72.7947240593064,482.879211030215,505.078522856074,535.890430263952,0.167247446001153,25.875020406526,13.4157682170844,21.9391233823298,23.675495299968,26.6015887302912,3.69947620744774,27.9505658831833,29.3400633335694,32.8640795024439,0.142974813133469,59,"1_PB420_35",NA,NA,NA,NA,NA,"1",755.762080684412,-292.473264432698
"20250529-CbDRC3-p027-m2x_E11_roi_0.png",20250529,"CbDRC3","p027","m2x","E11",0,409.158448203282,23.0411871777398,"","48h",10,"15hHB101","DMSO",1,"Levamisole",70,NA,NA,"PB420","1",NA,NA,324.320742416528,206.260863773285,266.063187473173,296.525354025046,330.616447036513,44.4450238447422,358.820838866114,373.644601540812,409.158448203282,0.137040337024331,20.106465319921,14.8284286965442,17.3541878469765,19.0321200902401,20.2603330938832,1.98718230985114,21.693093016269,22.6123007739054,23.0411871777398,0.0988330011383097,56,"1_PB420_70",NA,NA,NA,NA,NA,"1",755.762080684412,-425.145633647899
"20250529-CbDRC3-p027-m2x_E12_roi_0.png",20250529,"CbDRC3","p027","m2x","E12",0,331.58185386511,20.2614788629595,"","48h",10,"15hHB101","DMSO",1,"Levamisole",140,NA,NA,"PB420","1",NA,NA,293.439646405044,159.687621609191,207.075528447496,253.071908876862,296.111105190127,64.1758113203351,336.985429256769,368.075529072746,458.751168358527,0.218701910619641,18.4713485226614,12.6609639724101,15.1703971957504,16.8620053491302,18.679903393562,2.49025850701811,20.3680798297744,21.3444830911528,23.9044283783983,0.134817363440626,67,"1_PB420_140",NA,NA,NA,NA,NA,"1",755.762080684412,-459.650975494285
"20250529-CbDRC3-p027-m2x_F01_roi_0.png",20250529,"CbDRC3","p027","m2x","F01",0,788.707562631204,36.9501058987658,"","48h",10,"15hHB101","DMSO",1,"Levamisole",0,NA,NA,"ED3102","1",NA,NA,754.710776345766,578.266070365774,700.904507109989,739.44172504473,764.462202436098,46.228169314813,782.94556235191,794.999835944852,858.128706827179,0.0612528279225655,35.4628122641237,25.6049292976823,32.0349340836278,34.1210109875906,36.1195000466362,2.75547124785792,37.2257300340075,38.2007170428206,39.5310455462712,0.0777003027096506,83,"1_ED3102_0",NA,"n>75",NA,NA,NA,"1",757.719229001539,6.74297343455873
"20250529-CbDRC3-p027-m2x_F02_roi_0.png",20250529,"CbDRC3","p027","m2x","F02",0,800.979770608693,36.9065644448553,"","48h",10,"15hHB101","DMSO",1,"Levamisole",0.136,NA,NA,"ED3102","1",NA,NA,751.84924499351,578.879036436424,719.024627373234,742.598650670536,756.635231275417,33.478639016305,773.076560373862,783.968798375377,810.943460821541,0.0445283934767986,36.1217520645617,31.8151682707075,33.8643423707672,34.9408138352578,36.205992786974,1.83705222452104,37.4579186936975,38.1468411675773,42.4399559147682,0.0508572292184944,96,"1_ED3102_0.136",NA,"n>75",NA,NA,NA,"1",757.719229001539,-1.08399772612177
"20250529-CbDRC3-p027-m2x_F03_roi_0.png",20250529,"CbDRC3","p027","m2x","F03",0,766.639023936705,34.3955273676611,"","48h",10,"15hHB101","DMSO",1,"Levamisole",0.273,NA,NA,"ED3102","1",NA,NA,759.057034194084,658.080992034791,726.387146637433,743.014496636238,759.404064644475,29.528410374385,777.450523617294,794.242630535208,836.939579542293,0.0389014382901231,36.0849069948224,30.3459707196979,32.6993137922763,34.6197065280813,35.9143418693972,2.48311221994708,37.8164662298494,39.2924583847991,42.0035094654083,0.0688130419818836,80,"1_ED3102_0.273",NA,"n>75",NA,NA,NA,"1",757.719229001539,1.68483564293626
"20250529-CbDRC3-p027-m2x_F04_roi_0.png",20250529,"CbDRC3","p027","m2x","F04",0,744.832941591973,33.9233172518035,"","48h",10,"15hHB101","DMSO",1,"Levamisole",0.546,NA,NA,"ED3102","1",NA,NA,746.001788093179,315.675114675831,705.201604954613,738.070850611986,754.68514221064,59.7898952047643,771.73104764508,783.554604732954,810.536411055952,0.0801471205016686,35.1140084068021,18.9842042934986,32.2556268568079,34.0418853970117,35.289918411415,2.93005020748927,36.7789122561824,38.1664847559105,40.8730379037075,0.0834439114311334,76,"1_ED3102_0.546",NA,"n>75",NA,NA,NA,"1",757.719229001539,-3.03408679089887
"20250529-CbDRC3-p027-m2x_F05_roi_0.png",20250529,"CbDRC3","p027","m2x","F05",0,750.068545471685,34.4777413499208,"","48h",10,"15hHB101","DMSO",1,"Levamisole",1.09,NA,NA,"ED3102","1",NA,NA,735.763955066959,624.816282426754,691.614522562794,716.911179889576,738.399709315498,33.8990849938554,755.852718625693,774.226979084052,809.293822122838,0.0460733157154598,35.5307706744157,28.9093024118088,32.7384167523423,34.2341965510482,35.4100057419596,2.15433142101507,37.1585820142228,38.4582865797293,40.4020577390949,0.0606328368375731,78,"1_ED3102_1.09",NA,"n>75",NA,NA,NA,"1",757.719229001539,-19.319519686041
"20250529-CbDRC3-p027-m2x_F06_roi_0.png",20250529,"CbDRC3","p027","m2x","F06",0,733.146157848307,34.6785844740983,"","48h",10,"15hHB101","DMSO",1,"Levamisole",2.1875,NA,NA,"ED3102","1",NA,NA,682.508875627677,497.728891149945,605.572289900376,651.690945964742,687.12786261438,55.4040619831137,722.064810690271,743.13352647458,793.731561832617,0.0811770571220201,34.9820485237361,25.9739175324483,31.723045486933,33.0803135474188,35.4934992342237,2.75599353620368,36.9945640158964,38.0944437040444,42.0154414730941,0.0787830802513946,80,"1_ED3102_2.1875",NA,"n>75",NA,NA,NA,"1",757.719229001539,-70.591366387159
"20250529-CbDRC3-p027-m2x_F07_roi_0.png",20250529,"CbDRC3","p027","m2x","F07",0,598.16905754246,32.3406570460613,"","48h",10,"15hHB101","DMSO",1,"Levamisole",4.375,NA,NA,"ED3102","1",NA,NA,514.488208936379,293.078715696605,467.537792123813,486.967243695762,514.426884736923,56.9786536949146,549.918330892393,574.8705530065,640.162491798932,0.110748220669058,28.844566057256,20.7350930337962,25.6078729072704,27.7404296051916,28.926301592917,2.58455209183655,30.3780803251024,32.1873630522688,33.9138120875646,0.0896027378850577,85,"1_ED3102_4.375",NA,"n>75",NA,NA,NA,"1",757.719229001539,-243.292344264616
"20250529-CbDRC3-p027-m2x_F08_roi_0.png",20250529,"CbDRC3","p027","m2x","F08",0,609.528275824251,33.7240937290227,"","48h",10,"15hHB101","DMSO",1,"Levamisole",8.75,NA,NA,"ED3102","1",NA,NA,522.061104455094,170.150819123065,473.539064947057,504.705531939205,528.405782265256,76.0393525757642,568.361840662305,585.709841359678,609.528275824251,0.145652208001841,29.9253682902222,14.0786825651789,27.1357729203132,28.519472926927,30.4590940782523,3.77885980971147,32.320401930384,33.447263535299,36.4830120697128,0.12627613378266,78,"1_ED3102_8.75",NA,"n>75",NA,NA,NA,"1",757.719229001539,-229.313446736283
"20250529-CbDRC3-p027-m2x_F09_roi_0.png",20250529,"CbDRC3","p027","m2x","F09",0,503.031281570451,26.7317465920983,"","48h",10,"15hHB101","DMSO",1,"Levamisole",17.5,NA,NA,"ED3102","1",NA,NA,445.695017271934,172.656509042979,339.257938753821,434.283911573232,474.681913765263,84.5958507359384,501.000471698333,511.79689350372,543.41094705208,0.189806588491259,27.3057206292087,14.0427058039819,22.8821925039491,24.8322995055802,27.1741964195138,7.93752694112692,28.710646147906,29.8024522522079,86.8699135170856,0.290690989222098,96,"1_ED3102_17.5",NA,"n>75",NA,NA,NA,"1",757.719229001539,-283.037315236276
"20250529-CbDRC3-p027-m2x_F10_roi_0.png",20250529,"CbDRC3","p027","m2x","F10",0,515.03220171438,29.0175190220351,"","48h",10,"15hHB101","DMSO",1,"Levamisole",35,NA,NA,"ED3102","1",NA,NA,481.404184172988,189.493368294185,446.931960577815,472.794824635604,497.336459771716,58.5333163065111,506.804902120735,518.974109636648,558.610029930985,0.12158871532674,27.8373753715508,14.0327724210964,25.570869168105,26.5702842920007,28.4521403229663,2.83457815430919,29.8937076036677,30.3627873069207,31.2076089417213,0.101826343772555,77,"1_ED3102_35",NA,"n>75",NA,NA,NA,"1",757.719229001539,-260.382769229823
"20250529-CbDRC3-p027-m2x_F11_roi_0.png",20250529,"CbDRC3","p027","m2x","F11",0,454.939634092755,28.2467758523257,"","48h",10,"15hHB101","DMSO",1,"Levamisole",70,NA,NA,"ED3102","1",NA,NA,365.659481659759,166.694371229595,321.643272992469,349.415871548226,374.091440780953,62.0546352752895,398.621364634845,426.357572911554,499.031781114335,0.169706074606949,22.8901769237354,13.8372494345383,19.2722669981481,21.8217489799325,23.4597073672974,3.08078246548573,24.5697916154827,25.2873894503717,30.4885604666689,0.134589718364789,72,"1_ED3102_70",NA,NA,NA,NA,NA,"1",757.719229001539,-383.627788220585
"20250529-CbDRC3-p028-m2x_A01_roi_0.png",20250529,"CbDRC3","p028","m2x","A01",0,769.866745404889,34.4041541367718,"","48h",10,"15hHB101","DMSO",1,"Levamisole",0,NA,NA,"ECA2666","1",NA,NA,725.585113381079,408.573439181597,687.838521148039,706.151600019051,738.484001273956,70.5185114575592,762.185645550476,781.422054966319,856.654706402309,0.0971884761099318,33.0272176281895,20.1020759048354,29.6210992369494,32.0052145270988,33.2465263254882,3.16316792968884,35.0729708017689,36.4214699198895,38.3824697568274,0.0957745809925268,77,"1_ECA2666_0",NA,"n>75",NA,NA,NA,"1",742.112829021127,-3.62882774717036
"20250529-CbDRC3-p028-m2x_A02_roi_0.png",20250529,"CbDRC3","p028","m2x","A02",0,769.209178146623,32.8125008905941,"","48h",10,"15hHB101","DMSO",1,"Levamisole",0.136,NA,NA,"ECA2666","1",NA,NA,734.861855884685,192.812261070514,673.261559319585,721.584657851019,755.775621574983,86.1179294810102,778.883769803615,788.885542793913,841.271001471277,0.117189276857124,33.4294257548517,13.5926549298332,30.1546102726524,31.9500049120298,33.7297849148535,3.78279053550596,35.4080043228617,37.7193284466075,40.8435464277382,0.113157508694476,72,"1_ECA2666_0.136",NA,NA,NA,NA,NA,"1",742.112829021127,13.6627925538562
"20250529-CbDRC3-p028-m2x_A03_roi_0.png",20250529,"CbDRC3","p028","m2x","A03",0,709.792929556366,34.2222597824794,"","48h",10,"15hHB101","DMSO",1,"Levamisole",0.273,NA,NA,"ECA2666","1",NA,NA,743.669454598925,618.229382952927,699.907906474753,723.081907983272,743.746681270815,41.1835723513149,771.834892469368,790.655784401801,828.999541990566,0.0553788677168756,33.2833774566609,27.7003314060983,30.2950758888968,31.3969241906305,33.7129257237903,2.4345598188631,35.1505829693414,36.2013542125042,37.9765948445274,0.0731464173680452,60,"1_ECA2666_0.273",NA,NA,NA,NA,NA,"1",742.112829021127,1.63385224968829
"20250529-CbDRC3-p028-m2x_A04_roi_0.png",20250529,"CbDRC3","p028","m2x","A04",0,724.310351333107,31.5918409044816,"","48h",10,"15hHB101","DMSO",1,"Levamisole",0.546,NA,NA,"ECA2666","1",NA,NA,732.374510423859,594.537664911037,680.842815895751,711.350057631509,738.142479065395,44.2274693490508,757.359053376023,779.729495115427,803.959143260916,0.0603891434226107,33.4676802313702,26.7999414733601,29.8444616025087,31.9742435951515,33.6499984815884,2.57327316809646,35.0280113447523,36.5251857220188,39.4547253441554,0.0768883038892089,83,"1_ECA2666_0.546",NA,"n>75",NA,NA,NA,"1",742.112829021127,-3.97034995573176
"20250529-CbDRC3-p028-m2x_A05_roi_0.png",20250529,"CbDRC3","p028","m2x","A05",0,742.308492529033,31.8526339332249,"","48h",10,"15hHB101","DMSO",1,"Levamisole",1.09,NA,NA,"ECA2666","1",NA,NA,714.554380452158,194.476204638295,654.814977754396,699.469996720791,722.847036862864,78.0215439709383,750.124981698183,772.969364606661,824.07257222345,0.10918909197865,32.9037518021748,14.1583850791105,29.897915691723,31.816676469222,32.9611713818597,3.31631736836354,34.8065499022845,36.2654646169728,38.4603916215998,0.100788426447599,74,"1_ECA2666_1.09",NA,NA,NA,NA,NA,"1",742.112829021127,-19.2657921582626
"20250529-CbDRC3-p028-m2x_A06_roi_0.png",20250529,"CbDRC3","p028","m2x","A06",0,684.855066664544,34.2067787538461,"","48h",10,"15hHB101","DMSO",1,"Levamisole",2.1875,NA,NA,"ECA2666","1",NA,NA,691.95987639623,593.46442564198,643.801337380056,661.667792766927,695.85857900368,38.3710922302469,715.93708699111,740.179608171167,794.633077539341,0.0554527705133511,33.258789429354,28.0682114071573,29.4677283410672,31.5482420957191,33.5134064571252,2.47280532921616,34.9052710447136,36.2398614535463,38.5870535095471,0.0743504310182042,76,"1_ECA2666_2.1875",NA,"n>75",NA,NA,NA,"1",742.112829021127,-46.2542500174471
"20250529-CbDRC3-p028-m2x_A08_roi_0.png",20250529,"CbDRC3","p028","m2x","A08",0,609.722800268702,32.1893215785052,"","48h",10,"15hHB101","DMSO",1,"Levamisole",8.75,NA,NA,"ECA2666","1",NA,NA,530.962060305862,384.442075933467,469.000160062145,499.577094326189,527.602320040377,60.3961220547242,571.344720783362,590.669873055497,785.532269649039,0.113748470125969,28.6271040590017,18.1453541170104,25.6321657917085,26.7502612652085,28.7905572928679,2.9860281546212,30.1110636369816,31.8722133326108,39.000872342436,0.104307726987224,72,"1_ECA2666_8.75",NA,NA,NA,NA,NA,"1",742.112829021127,-214.51050898075
"20250529-CbDRC3-p028-m2x_A09_roi_0.png",20250529,"CbDRC3","p028","m2x","A09",0,510.101157939198,29.4573331496574,"","48h",10,"15hHB101","DMSO",1,"Levamisole",17.5,NA,NA,"ECA2666","1",NA,NA,420.571860107981,197.578442718641,350.444491487428,391.442691112767,424.214803775394,59.6812862198054,463.51610905687,487.731646004816,519.384535460294,0.141905086575413,23.8259045644477,15.8103295675785,20.3823936679194,22.2419892690331,23.9440168951658,2.92276868405553,25.5802318468962,27.672849857099,29.4573331496574,0.122671887489082,67,"1_ECA2666_17.5",NA,NA,NA,NA,NA,"1",742.112829021127,-317.898025245733
"20250529-CbDRC3-p028-m2x_A10_roi_0.png",20250529,"CbDRC3","p028","m2x","A10",0,531.088300040928,27.541310980912,"","48h",10,"15hHB101","DMSO",1,"Levamisole",35,NA,NA,"ECA2666","1",NA,NA,440.721623277094,274.291404832957,392.156376566889,410.694037507782,439.866684475402,48.4385881891678,477.341382090899,498.816241479763,531.088300040928,0.109907446403448,24.1867291213163,14.1533548682965,21.0688220372509,22.8001363866783,24.4360055972815,2.64460531303373,25.4997786111281,27.5427341523556,29.3114382908233,0.109341172167963,67,"1_ECA2666_35",NA,NA,NA,"outlier","outlier","1",742.112829021127,-302.246144545724
"20250529-CbDRC3-p028-m2x_A11_roi_0.png",20250529,"CbDRC3","p028","m2x","A11",0,471.366947047857,25.7584990054737,"","48h",10,"15hHB101","DMSO",1,"Levamisole",70,NA,NA,"ECA2666","1",NA,NA,338.646067012791,199.121928831558,246.083639682574,293.018690118207,348.277198015555,66.3315179012157,383.408639453247,419.485868973654,480.170726665724,0.195872695307901,20.3159839688299,11.4681046406554,15.4431495048557,18.3356377018568,20.6507769430475,3.35379928617775,22.7128299485755,24.1285788944962,27.0870543442882,0.165081804126414,83,"1_ECA2666_70",NA,"n>75",NA,NA,NA,"1",742.112829021127,-393.835631005572
"20250529-CbDRC3-p028-m2x_A12_roi_0.png",20250529,"CbDRC3","p028","m2x","A12",0,349.946728531365,20.4647993503318,"","48h",10,"15hHB101","DMSO",1,"Levamisole",140,NA,NA,"ECA2666","1",NA,NA,269.711271111229,183.132784043607,198.166032515754,228.931208482619,275.637467356769,53.6622818253976,294.523215014871,326.461944096285,416.576161710515,0.198961955146722,17.4863437446878,13.5989901044388,14.3489616488866,15.275817728232,17.6994975924591,2.45648854313875,19.4911404122431,20.4647993503318,23.379645385124,0.140480398818936,51,"1_ECA2666_140",NA,NA,NA,NA,NA,"1",742.112829021127,-466.475361664357
"20250529-CbDRC3-p028-m2x_B01_roi_0.png",20250529,"CbDRC3","p028","m2x","B01",0,828.317904325276,37.4553042540663,"","48h",10,"15hHB101","DMSO",1,"Levamisole",0,NA,NA,"JU3237","1",NA,NA,797.370351221678,142.53449569527,765.497406169809,782.461303929975,803.092919401323,79.4666932983144,822.600397593157,850.27538361806,962.790576814918,0.0996609582693421,36.9245648990079,23.7350734764017,34.120366401368,36.0291086611893,37.0907337879347,2.4538504063981,38.4735322904419,39.2151887503086,41.5308637122403,0.0664557703823894,91,"1_JU3237_0",NA,"n>75",NA,NA,NA,"1",810.19884282327,-7.10592342194673
"20250529-CbDRC3-p028-m2x_B02_roi_0.png",20250529,"CbDRC3","p028","m2x","B02",0,861.269301830655,38.4747325691928,"","48h",10,"15hHB101","DMSO",1,"Levamisole",0.136,NA,NA,"JU3237","1",NA,NA,793.07509462596,274.78795870904,760.441186521484,779.639852361245,794.563477751563,69.5662383692184,823.34238791995,850.03525296773,876.294088009619,0.0877170886346243,37.4496575643478,30.4161754912174,34.9024314249279,35.8551834965217,37.3518804780908,2.82844103582265,38.5240116269539,39.6131844840186,54.4292123760018,0.0755264859488419,87,"1_JU3237_0.136",NA,"n>75",NA,NA,NA,"1",810.19884282327,-15.6353650717067
"20250529-CbDRC3-p028-m2x_B03_roi_0.png",20250529,"CbDRC3","p028","m2x","B03",0,869.738605124462,37.832214726401,"","48h",10,"15hHB101","DMSO",1,"Levamisole",0.273,NA,NA,"JU3237","1",NA,NA,789.403339533716,161.488579807624,732.405193400552,772.749893253328,800.644767027512,81.0295026640966,829.113590606568,843.894810797889,888.910098871371,0.10264651618013,36.4646695015145,13.5988213468125,33.7515404852994,35.6029760624083,36.6745448061823,3.31188319737373,37.9815228717744,39.0452259550424,42.2741494000552,0.0908244402773534,90,"1_JU3237_0.273",NA,"n>75",NA,NA,NA,"1",810.19884282327,-9.55407579575842
"20250529-CbDRC3-p028-m2x_B04_roi_0.png",20250529,"CbDRC3","p028","m2x","B04",0,839.962002689224,37.8967475889894,"","48h",10,"15hHB101","DMSO",1,"Levamisole",0.546,NA,NA,"JU3237","1",NA,NA,796.293751980163,231.56714240513,764.338885102953,781.660885493809,805.397715182613,70.8571567496518,828.822128105278,846.592113339044,874.016611458175,0.088983690470319,36.9430262872342,16.2793620378015,34.9602075605868,35.673913486701,37.1903694811118,3.11885533570095,38.4775441195174,39.6538660615022,41.8394543156549,0.0844233851187954,84,"1_JU3237_0.546",NA,"n>75",NA,NA,NA,"1",810.19884282327,-4.80112764065768
"20250529-CbDRC3-p028-m2x_B05_roi_0.png",20250529,"CbDRC3","p028","m2x","B05",0,772.632469484046,33.6981088979873,"","48h",10,"15hHB101","DMSO",1,"Levamisole",1.09,NA,NA,"JU3237","1",NA,NA,780.363809678811,274.016779845652,740.286436730243,762.070801490323,783.149423980386,71.6071642646386,813.877452991841,835.270855349959,888.045574307399,0.0917612572193876,36.6349656897267,17.2073637134153,34.2510319924411,35.4927463020923,36.5821631267136,3.07781318017935,38.4810540683876,39.4954580470304,42.3984174498867,0.0840129947505979,72,"1_JU3237_1.09",NA,NA,NA,NA,NA,"1",810.19884282327,-27.0494188428845
"20250529-CbDRC3-p028-m2x_B06_roi_0.png",20250529,"CbDRC3","p028","m2x","B06",0,756.21314319284,38.2824609021351,"","48h",10,"15hHB101","DMSO",1,"Levamisole",2.1875,NA,NA,"JU3237","1",NA,NA,759.32381924493,612.037406833088,713.762232808419,740.620544457931,760.012199340438,44.0967972627919,786.946708280731,813.985878816507,840.38306664187,0.0580737705642392,36.8042476803212,28.6496048916275,33.892374338673,35.6108088834539,37.0065012202754,2.42078888935917,38.4220430969479,39.9373498860425,41.8139394902236,0.0657747146575565,73,"1_JU3237_2.1875",NA,NA,NA,NA,NA,"1",810.19884282327,-50.1866434828324
"20250529-CbDRC3-p028-m2x_B07_roi_0.png",20250529,"CbDRC3","p028","m2x","B07",0,656.356413362497,34.973230083393,"","48h",10,"15hHB101","DMSO",1,"Levamisole",4.375,NA,NA,"JU3237","1",NA,NA,565.899783626488,307.767045361023,483.004945704645,535.514146261456,568.504891009084,68.1188029515201,615.958062898857,636.2309944825,678.263706432327,0.120372555216386,31.9670591370058,18.5684526347064,28.3184599790778,30.0972144603007,32.1131631158724,3.51537277409425,34.5976385068449,35.9516485762074,39.5397358573498,0.109968601084883,89,"1_JU3237_4.375",NA,"n>75",NA,NA,NA,"1",810.19884282327,-241.693951814186
"20250529-CbDRC3-p028-m2x_B08_roi_0.png",20250529,"CbDRC3","p028","m2x","B08",0,512.43947541923,29.3782149016446,"","48h",10,"15hHB101","DMSO",1,"Levamisole",8.75,NA,NA,"JU3237","1",NA,NA,494.640337565022,367.083537834914,412.362727505166,472.489341885161,502.268869317033,53.3000114037459,521.896616591237,546.427397822096,657.373303050713,0.107755084565337,27.8610492157314,21.3627447892565,23.9013143881236,26.1553268357575,27.9538864785547,2.68495634755388,29.4281999411899,30.8748669169916,34.3856752931935,0.0963695346418558,80,"1_JU3237_8.75",NA,"n>75",NA,NA,NA,"1",810.19884282327,-307.929973506238
"20250529-CbDRC3-p028-m2x_B10_roi_0.png",20250529,"CbDRC3","p028","m2x","B10",0,488.197520225725,26.3137414263993,"","48h",10,"15hHB101","DMSO",1,"Levamisole",35,NA,NA,"JU3237","1",NA,NA,412.820555898276,94.4754897215446,357.476186215926,393.424138995687,420.983488589588,79.4352883860691,460.568631005927,489.823528275253,527.902740978512,0.192420864831263,23.6537476083022,9.85178911703426,21.3528342940913,22.6657909055465,23.7397766320519,3.40743548892475,25.0254820082054,27.2548038290545,30.8502303052201,0.144054783425895,80,"1_JU3237_35",NA,"n>75",NA,NA,NA,"1",810.19884282327,-389.215354233682
"20250529-CbDRC3-p028-m2x_B11_roi_0.png",20250529,"CbDRC3","p028","m2x","B11",0,394.524617497218,21.9497929633128,"","48h",10,"15hHB101","DMSO",1,"Levamisole",70,NA,NA,"JU3237","1",NA,NA,339.495062503301,220.801499623468,281.505131594265,309.864405475582,341.667772260874,43.4379440097031,378.600213039886,387.305824390301,411.597031026053,0.127948676747782,20.8053033158178,14.7930547399195,17.7571447143234,19.0656057355275,21.1517627754702,2.27723336903911,22.6715173311952,23.4954801609065,24.5565157049304,0.109454466222936,82,"1_JU3237_70",NA,"n>75",NA,NA,NA,"1",810.19884282327,-468.531070562396
"20250529-CbDRC3-p028-m2x_B12_roi_0.png",20250529,"CbDRC3","p028","m2x","B12",0,370.305174925009,20.7376462202177,"","48h",10,"15hHB101","DMSO",1,"Levamisole",140,NA,NA,"JU3237","1",NA,NA,300.212396534261,164.791940983641,244.401033437756,276.709656695526,295.262530819934,46.1658074629669,330.17057904289,362.906383314593,382.590013235413,0.153777152429142,18.8300596999231,14.5202966986273,16.7594005653263,17.7279577001634,18.5105172847788,2.06168210217962,20.1800765266287,21.3375802328914,23.8076365535058,0.109488877626237,59,"1_JU3237_140",NA,NA,NA,NA,NA,"1",810.19884282327,-514.936312003336
"20250529-CbDRC3-p028-m2x_C01_roi_0.png",20250529,"CbDRC3","p028","m2x","C01",0,846.802996953668,38.1545608594254,"","48h",10,"15hHB101","DMSO",1,"Levamisole",0,NA,NA,"VX34","1",NA,NA,770.069514527118,590.420657310272,714.396923337969,747.913038884386,770.607401722862,55.6572786033754,807.167045313744,832.341460604945,859.99135672575,0.0722756550589505,37.5135617897499,28.87165329359,33.8033304048956,35.3705007073903,37.9611068359947,3.17088497785417,39.7984568046177,41.2679304002083,43.1458443073826,0.0845263639754029,59,"1_VX34_0",NA,NA,NA,NA,NA,"1",764.119037751743,6.48836397111882
"20250529-CbDRC3-p028-m2x_C02_roi_0.png",20250529,"CbDRC3","p028","m2x","C02",0,813.085501175145,37.8337147757389,"","48h",10,"15hHB101","DMSO",1,"Levamisole",0.136,NA,NA,"VX34","1",NA,NA,730.883882387116,163.848813988318,595.953347394114,704.503756273242,751.034429925382,114.889828588617,790.669016750088,839.831088080113,874.814696861065,0.157192997899173,35.7834463443784,13.1720439872807,31.4302623748127,34.0235111058236,36.3178750036125,4.39220274355991,38.8420021870687,40.5653964063889,41.7364480604596,0.122743983385209,57,"1_VX34_0.136",NA,NA,NA,"outlier","outlier","1",764.119037751743,-13.0846078263617
"20250529-CbDRC3-p028-m2x_C03_roi_0.png",20250529,"CbDRC3","p028","m2x","C03",0,794.141507434401,39.8765873920516,"","48h",10,"15hHB101","DMSO",1,"Levamisole",0.273,NA,NA,"VX34","1",NA,NA,738.773537367907,136.24412303063,681.834432142764,728.236426631768,759.382052512812,109.566350333518,793.937615515078,820.042053120561,838.888971500501,0.148308439314001,36.4885207455078,13.507611637662,33.3751350751422,35.5847894455956,37.1203646186236,4.38909872510314,38.7784553971505,39.8681437579622,42.107883598273,0.120287110450853,64,"1_VX34_0.273",NA,NA,NA,NA,NA,"1",764.119037751743,-4.73698523893108
"20250529-CbDRC3-p028-m2x_C04_roi_0.png",20250529,"CbDRC3","p028","m2x","C04",0,818.101931212839,39.2975195729052,"","48h",10,"15hHB101","DMSO",1,"Levamisole",0.546,NA,NA,"VX34","1",NA,NA,742.555616408526,360.141090534139,639.598977567007,734.902811539226,758.013263200846,92.1239952311868,785.225389959295,822.344489651325,854.32326823565,0.124063427971574,36.6099465536022,23.4967524535265,32.1259726816667,34.9946645409395,37.376239878693,3.839798741952,39.2715569649039,40.3006960999832,43.9260312398182,0.104884030254728,73,"1_VX34_0.546",NA,NA,NA,NA,NA,"1",764.119037751743,-6.10577455089742
"20250529-CbDRC3-p028-m2x_C05_roi_0.png",20250529,"CbDRC3","p028","m2x","C05",0,727.632903876387,33.1827041280118,"","48h",10,"15hHB101","DMSO",1,"Levamisole",1.09,NA,NA,"VX34","1",NA,NA,738.943859235226,193.431531989808,672.936793399313,727.226778637269,756.916182745599,95.698001728923,789.063404238033,806.713953287864,874.607332530922,0.129506457808535,37.2423641728094,14.7963328265467,33.1827041280118,35.2344522980974,37.4810609315608,4.76796794104264,39.92393592531,41.8620826577351,50.808214453978,0.128025383107223,61,"1_VX34_1.09",NA,NA,NA,NA,NA,"1",764.119037751743,-7.20285500614398
"20250529-CbDRC3-p028-m2x_C06_roi_0.png",20250529,"CbDRC3","p028","m2x","C06",0,727.998383976791,35.9400599792956,"","48h",10,"15hHB101","DMSO",1,"Levamisole",2.1875,NA,NA,"VX34","1",NA,NA,716.922559760515,337.562899401911,662.913639751605,705.50382012639,735.553321680573,89.4254684706719,763.846056028794,789.13925305181,835.877136171879,0.124735185485785,35.8920090806248,18.6840017066179,31.7794932434415,33.8312646866942,36.6806301876309,4.59244155970557,38.5630459908925,40.8094431062199,42.5299198165175,0.127951643759743,73,"1_VX34_2.1875",NA,NA,NA,NA,NA,"1",764.119037751743,-28.5657160711703
"20250529-CbDRC3-p028-m2x_C07_roi_0.png",20250529,"CbDRC3","p028","m2x","C07",0,624.312934732901,34.3601455624895,"","48h",10,"15hHB101","DMSO",1,"Levamisole",4.375,NA,NA,"VX34","1",NA,NA,517.168564532884,170.854369613807,376.984806196266,440.174462378767,545.805995974721,127.547383795413,617.697779210933,651.631194081007,677.100182073703,0.246626327550701,28.8827844184474,12.8007964168305,21.4600787156055,24.7744081905322,29.333868666386,6.38340364617445,33.7372367134585,36.3345966884929,39.6239004180425,0.221010673821925,52,"1_VX34_4.375",NA,NA,NA,NA,NA,"1",764.119037751743,-218.313041777022
"20250529-CbDRC3-p028-m2x_C08_roi_0.png",20250529,"CbDRC3","p028","m2x","C08",0,555.00908757762,28.8668855657008,"","48h",10,"15hHB101","DMSO",1,"Levamisole",8.75,NA,NA,"VX34","1",NA,NA,511.547886813035,154.752012588683,388.188671879083,468.438419437034,523.148368854424,101.86046498106,583.222709710033,617.46019826634,682.283853294316,0.199122052122343,29.5095261347267,13.8350237021507,22.2860150313026,26.0299319426277,29.0719926216463,6.01018223421086,35.2095808381617,36.4664444852971,41.4408841872482,0.203669222161385,37,"1_VX34_8.75",NA,NA,NA,NA,NA,"1",764.119037751743,-240.97066889732
"20250529-CbDRC3-p028-m2x_C09_roi_0.png",20250529,"CbDRC3","p028","m2x","C09",0,531.548934389426,28.9739379813819,"","48h",10,"15hHB101","DMSO",1,"Levamisole",17.5,NA,NA,"VX34","1",NA,NA,419.773088695947,219.354789447646,328.621219504755,373.160347228933,434.003884909605,80.5523565057985,481.066254259277,502.023398301786,546.920248820543,0.191894999167383,24.7251446832007,16.179238832486,19.9835860293074,21.3431104535429,24.2397067911324,4.06930129568928,28.059642226914,29.4697716316828,34.928313715999,0.164581495794204,56,"1_VX34_17.5",NA,NA,NA,NA,NA,"1",764.119037751743,-330.115152842138
"20250529-CbDRC3-p028-m2x_C10_roi_0.png",20250529,"CbDRC3","p028","m2x","C10",0,607.332741770726,32.3100081764308,"","48h",10,"15hHB101","DMSO",1,"Levamisole",35,NA,NA,"VX34","1",NA,NA,435.207975049006,155.138602068998,318.699146034019,371.611262459393,466.483689669668,93.6379515364384,505.328186488042,521.998035553018,607.332741770726,0.215156791476292,26.36228922729,13.1136850511912,19.2537999243314,23.0769168655735,26.9651709857362,5.41263031225914,30.1983689862304,31.8033080831523,44.7869809878518,0.205317158369389,65,"1_VX34_35",NA,NA,NA,NA,NA,"1",764.119037751743,-297.635348082075
"20250529-CbDRC3-p028-m2x_C11_roi_0.png",20250529,"CbDRC3","p028","m2x","C11",0,403.597953774102,23.1497941953193,"","48h",10,"15hHB101","DMSO",1,"Levamisole",70,NA,NA,"VX34","1",NA,NA,337.12462631915,140.796742663672,206.132366922431,304.300369811595,351.157483395049,86.5936307886969,386.748117007234,409.619497987788,649.994022099102,0.25685940458921,20.7001494557174,13.4218121807952,14.5753299436467,19.6317599365194,21.5440413230121,3.45781021814263,23.1497941953193,24.1342918689924,26.0731128944646,0.16704276582832,49,"1_VX34_70",NA,NA,NA,NA,NA,"1",764.119037751743,-412.961554356695
"20250529-CbDRC3-p028-m2x_C12_roi_0.png",20250529,"CbDRC3","p028","m2x","C12",0,391.079787326529,23.7826152173312,"","48h",10,"15hHB101","DMSO",1,"Levamisole",140,NA,NA,"VX34","1",NA,NA,284.047708409561,137.753260780528,165.226545704402,230.229880279563,286.118104584018,79.9033151611443,357.848447822035,376.646473104636,465.7687906335,0.28130244601704,18.8887328089675,13.801542362555,14.6653527620696,15.5493051421025,19.2344155999316,3.19406177256487,22.1013288405196,23.096869502947,23.7826152173312,0.169098785231822,51,"1_VX34_140",NA,NA,NA,NA,NA,"1",764.119037751743,-478.000933167726
"20250529-CbDRC3-p028-m2x_D01_roi_0.png",20250529,"CbDRC3","p028","m2x","D01",0,726.331492951014,34.6934735956103,"","48h",10,"15hHB101","DMSO",1,"Levamisole",0,NA,NA,"NIC1667","1",NA,NA,695.29649826496,543.259588396674,590.809177574413,647.025460895632,714.427992254025,63.9522388176811,743.42418498626,758.502370159277,780.197482452194,0.0919783703459852,32.4517816188281,24.9775516452627,28.0169213912881,30.5076853468751,33.5179249874765,3.07467417148731,34.7236021964574,35.6536627935618,37.7882132460661,0.0947459282082506,65,"1_NIC1667_0",NA,NA,NA,NA,NA,"1",733.394904851972,-18.9669125979476
"20250529-CbDRC3-p028-m2x_D02_roi_0.png",20250529,"CbDRC3","p028","m2x","D02",0,733.499298891385,30.9588314530936,"","48h",10,"15hHB101","DMSO",1,"Levamisole",0.136,NA,NA,"NIC1667","1",NA,NA,694.974758304449,440.618062344919,603.002277301681,657.341120152467,710.028323544354,64.6793825254602,739.345883687839,760.029230278049,784.879371369596,0.0930672398566827,32.0495338554218,24.1367760187164,27.7479803346859,29.604747846113,32.4444404277551,3.23232993521144,34.0199167573045,35.5619748797588,41.8633298321133,0.100854194940643,70,"1_NIC1667_0.136",NA,NA,NA,NA,NA,"1",733.394904851972,-23.366581307618
"20250529-CbDRC3-p028-m2x_D03_roi_0.png",20250529,"CbDRC3","p028","m2x","D03",0,684.619681571653,32.2031417374786,"","48h",10,"15hHB101","DMSO",1,"Levamisole",0.273,NA,NA,"NIC1667","1",NA,NA,682.220464481726,290.114149335728,596.511584840379,645.502849911635,702.534442841334,92.7225257687968,735.34223951929,764.064931505706,786.643191911635,0.135912847233683,31.7911366719834,20.73861119139,27.5498497331756,30.1200897949366,32.3170047295408,3.62111873563375,33.9923722618508,35.1141010669998,43.5826489115738,0.113903405625158,64,"1_NIC1667_0.273",NA,NA,NA,NA,NA,"1",733.394904851972,-30.8604620106383
"20250529-CbDRC3-p028-m2x_D04_roi_0.png",20250529,"CbDRC3","p028","m2x","D04",0,732.482517620512,29.5855789051243,"","48h",10,"15hHB101","DMSO",1,"Levamisole",0.546,NA,NA,"NIC1667","1",NA,NA,691.888900750423,467.670430850613,624.47697243093,654.147393686663,701.688478163833,59.953662057445,732.222231171242,750.139019458036,805.517996357401,0.0866521518012779,31.4855444206944,23.7001289965116,27.9666161021769,29.5865540610725,31.5311230237028,2.90503953377715,33.8860027972315,34.9402342305034,38.1982984570965,0.0922658187186298,67,"1_NIC1667_0.546",NA,NA,NA,"outlier","outlier","1",733.394904851972,-31.7064266881396
"20250529-CbDRC3-p028-m2x_D05_roi_0.png",20250529,"CbDRC3","p028","m2x","D05",0,730.379790985278,33.17608312694,"","48h",10,"15hHB101","DMSO",1,"Levamisole",1.09,NA,NA,"NIC1667","1",NA,NA,696.863907594932,543.841818400517,623.72876603299,669.727872892114,701.860649318419,48.0807907099558,730.571483792286,753.429928271902,802.252953901963,0.0689959548570908,33.1152924509201,28.2699595338939,29.6483171321803,31.4594855539472,32.9671623721379,2.50335221503727,35.0133284790614,36.1738179633293,38.5586616257068,0.075595050798584,84,"1_NIC1667_1.09",NA,"n>75",NA,NA,NA,"1",733.394904851972,-31.5342555335532
"20250529-CbDRC3-p028-m2x_D06_roi_0.png",20250529,"CbDRC3","p028","m2x","D06",0,703.578535436901,32.867971586296,"","48h",10,"15hHB101","DMSO",1,"Levamisole",2.1875,NA,NA,"NIC1667","1",NA,NA,690.526273883699,565.531306230868,631.87371857298,683.742819628169,698.616481687807,39.1652654704384,713.224827850835,723.676205733091,747.216601742972,0.0567179945958649,33.5326916675079,26.4757652802734,29.7474125116295,32.0952679835486,34.1826719884484,2.64743673729405,35.3676451052558,36.4004558280069,38.2666403143473,0.0789509164234294,56,"1_NIC1667_2.1875",NA,NA,NA,NA,NA,"1",733.394904851972,-34.7784231641655
"20250529-CbDRC3-p028-m2x_D07_roi_0.png",20250529,"CbDRC3","p028","m2x","D07",0,655.985351021703,34.7083060866584,"","48h",10,"15hHB101","DMSO",1,"Levamisole",4.375,NA,NA,"NIC1667","1",NA,NA,582.472279153818,285.886573736041,533.16089656923,569.190256411947,592.058753592535,59.7626128657763,614.245419145241,634.480216112317,664.029167530734,0.102601643038869,31.5736166396714,18.928150014739,28.3401826682052,29.6567200347023,31.2962499817661,5.27370176026549,33.2212094318626,34.4150415839418,65.8076522215426,0.167028751265676,62,"1_NIC1667_4.375",NA,NA,NA,NA,NA,"1",733.394904851972,-141.336151259437
"20250529-CbDRC3-p028-m2x_D08_roi_0.png",20250529,"CbDRC3","p028","m2x","D08",0,578.89144791611,32.3919739048093,"","48h",10,"15hHB101","DMSO",1,"Levamisole",8.75,NA,NA,"NIC1667","1",NA,NA,530.0100534529,333.119432784511,480.609753996219,509.945344462659,535.67269266167,52.5349825107245,560.284518034825,580.725368657228,622.349438747137,0.0991207283116058,29.6498892273831,20.3329422949686,26.3360812263918,27.5418118127084,28.871853970857,4.78067109224271,30.7000336334164,32.6084243697285,60.9711114995844,0.161237401447946,70,"1_NIC1667_8.75",NA,NA,NA,NA,NA,"1",733.394904851972,-197.722212190302
"20250529-CbDRC3-p028-m2x_D09_roi_0.png",20250529,"CbDRC3","p028","m2x","D09",0,548.651780544969,29.5265815386669,"","48h",10,"15hHB101","DMSO",1,"Levamisole",17.5,NA,NA,"NIC1667","1",NA,NA,491.757014249218,214.533528849298,455.573190968281,481.887463964423,499.407536003698,50.0709750860295,513.791771247771,540.219409315174,567.315387921992,0.101820561039632,27.6142405651125,14.4639742238861,25.1030775674313,26.582910853619,28.1976001264827,2.65786458134644,29.1427888817526,30.1863207057679,31.2388042973737,0.0962497800755873,67,"1_NIC1667_17.5",NA,NA,NA,NA,NA,"1",733.394904851972,-233.987368848274
"20250529-CbDRC3-p028-m2x_D10_roi_0.png",20250529,"CbDRC3","p028","m2x","D10",0,509.938505097864,27.8221213268885,"","48h",10,"15hHB101","DMSO",1,"Levamisole",35,NA,NA,"NIC1667","1",NA,NA,507.6926110338,275.231278004004,469.040729436701,492.885057556724,509.787437640295,41.4528305722737,533.307216662343,545.642089823691,582.753834798467,0.0816494659787631,28.1445597022707,24.4547853851324,25.9064842391904,27.1401687224355,28.0983818463806,1.78606476343066,29.1472001476203,30.4428890511307,32.2813747413757,0.0634603910071673,71,"1_NIC1667_35",NA,NA,NA,NA,NA,"1",733.394904851972,-223.607467211677
"20250529-CbDRC3-p028-m2x_D11_roi_0.png",20250529,"CbDRC3","p028","m2x","D11",0,371.381019285297,20.5327379431302,"","48h",10,"15hHB101","DMSO",1,"Levamisole",70,NA,NA,"NIC1667","1",NA,NA,380.597797303357,306.863638558997,349.097204298796,361.965491984784,381.533316094232,30.1152468870425,394.812149473432,412.286573374667,490.384138446186,0.0791261723016202,22.8598859735086,19.1642289298243,20.7630211074648,21.7854700757157,23.0046959952284,1.61597049822071,23.9650598058628,24.2867326983934,26.7840614932836,0.070690225668378,57,"1_NIC1667_70",NA,NA,NA,NA,NA,"1",733.394904851972,-351.86158875774
"20250529-CbDRC3-p028-m2x_D12_roi_0.png",20250529,"CbDRC3","p028","m2x","D12",0,386.244698006596,22.3584425908599,"","48h",10,"15hHB101","DMSO",1,"Levamisole",140,NA,NA,"NIC1667","1",NA,NA,348.374207052986,178.865157231452,290.133360189367,325.984376517004,356.965792228553,43.0314448250953,373.585588330423,390.930474884184,446.180692510932,0.123520754274872,21.3736666826933,14.3811468430182,18.5450516132097,20.1753317314259,21.8286186771151,2.17920306057018,22.6893057181654,23.6667777286895,25.3306817149209,0.101957380215662,67,"1_NIC1667_140",NA,NA,NA,NA,NA,"1",733.394904851972,-376.42911262342
"20250529-CbDRC3-p028-m2x_E01_roi_0.png",20250529,"CbDRC3","p028","m2x","E01",0,805.55599853133,35.1927279384716,"","48h",10,"15hHB101","DMSO",1,"Levamisole",0,NA,NA,"PB420","1",NA,NA,743.613740695026,449.843205493796,711.837652938386,738.997948161239,751.709388373715,62.8840612579125,775.628964938691,794.522675210058,805.55599853133,0.0845654912174394,36.3997597173823,23.6986496478151,32.6701374137429,35.0875112870792,36.4286358960824,3.10939099686812,38.3323898674724,39.5659497649829,41.9114861990501,0.085423393478701,51,"1_PB420_0",NA,NA,NA,NA,NA,"1",755.762080684412,-4.05269231069667
"20250529-CbDRC3-p028-m2x_E02_roi_0.png",20250529,"CbDRC3","p028","m2x","E02",0,747.745446204813,36.7966211013945,"","48h",10,"15hHB101","DMSO",1,"Levamisole",0.136,NA,NA,"PB420","1",NA,NA,747.571012470605,573.15478331542,706.944176875623,722.509622031562,757.855765045309,43.6180773225991,777.365385481283,797.019045877525,816.275192559897,0.0583464000007814,36.7416821713993,26.9537345960858,33.323300519105,34.9378813401406,36.7966211013945,3.10990937291016,38.400539300846,39.9476692789386,48.063662662321,0.0846425419065597,65,"1_PB420_0.136",NA,NA,NA,NA,NA,"1",755.762080684412,2.09368436089665
"20250529-CbDRC3-p028-m2x_E03_roi_0.png",20250529,"CbDRC3","p028","m2x","E03",0,777.599870063503,38.3691281492181,"","48h",10,"15hHB101","DMSO",1,"Levamisole",0.273,NA,NA,"PB420","1",NA,NA,746.38233739114,506.539223629612,703.362275115594,728.934518571321,753.585473667613,54.7650262658608,777.240815088445,794.099599376726,818.521397325947,0.0733739579868452,36.0166226358515,27.1012841652535,32.4126727660651,34.7832702658275,36.0201395212437,2.87692627714878,37.6080438103264,38.7873968063728,44.2089852879182,0.0798777360730387,47,"1_PB420_0.273",NA,NA,NA,NA,NA,"1",755.762080684412,-2.17660701679949
"20250529-CbDRC3-p028-m2x_E04_roi_0.png",20250529,"CbDRC3","p028","m2x","E04",0,710.690797127613,33.2516679801236,"","48h",10,"15hHB101","DMSO",1,"Levamisole",0.546,NA,NA,"PB420","1",NA,NA,734.820030084537,199.631719168855,710.220389766786,726.323703030775,744.351969524216,79.1250721608875,769.192214251577,779.324840664874,799.315765089307,0.107679525491139,36.4414692697633,14.4466201111713,34.1221204212392,35.3264262408172,36.8116799551193,3.4738599866955,38.5230763929413,39.3490259029044,42.9393848666367,0.0953271110168402,69,"1_PB420_0.546",NA,NA,NA,NA,NA,"1",755.762080684412,-11.4101111601959
"20250529-CbDRC3-p028-m2x_E05_roi_0.png",20250529,"CbDRC3","p028","m2x","E05",0,758.524596264977,35.3251502823474,"","48h",10,"15hHB101","DMSO",1,"Levamisole",1.09,NA,NA,"PB420","1",NA,NA,728.626343461697,296.299871841189,694.823306548615,715.190891913248,742.165191606963,72.1541659360427,765.742147759969,778.211430377672,790.251543997981,0.0990276656663812,36.3850097258738,17.9907320979324,33.8258625793123,35.3450132412922,36.7082032525972,3.57584288139283,38.1246554037078,39.9316041528753,42.4302949997563,0.0982779146778683,58,"1_PB420_1.09",NA,NA,NA,NA,NA,"1",755.762080684412,-13.5968890774486
"20250529-CbDRC3-p028-m2x_E06_roi_0.png",20250529,"CbDRC3","p028","m2x","E06",0,679.987191633798,34.7016066216578,"","48h",10,"15hHB101","DMSO",1,"Levamisole",2.1875,NA,NA,"PB420","1",NA,NA,665.259455066488,375.523949864586,578.72545109425,646.014953108425,680.788489666568,69.9988836857419,698.866215422675,728.457657334868,771.259051618643,0.10522042663602,34.6394869452107,23.7528220812888,30.0570115825219,32.715867080168,35.3897329879404,3.3154662535492,36.9152861662149,38.4567994736085,40.0932929630258,0.0957134919115077,68,"1_PB420_2.1875",NA,NA,NA,NA,NA,"1",755.762080684412,-74.9735910178443
"20250529-CbDRC3-p028-m2x_E07_roi_0.png",20250529,"CbDRC3","p028","m2x","E07",0,555.198901371437,31.3759318092188,"","48h",10,"15hHB101","DMSO",1,"Levamisole",4.375,NA,NA,"PB420","1",NA,NA,501.497849069763,313.1042145355,435.504551151592,480.460139676457,510.145123223657,52.821800680571,537.735398668233,553.058073722146,609.897597726989,0.105328070257033,28.2160236317794,16.7479540716118,23.9645560102523,26.8903097268906,28.5682479405549,3.11014728099253,30.5030532742883,31.4882785412692,33.6446394738937,0.110226278570649,69,"1_PB420_4.375",NA,NA,NA,NA,NA,"1",755.762080684412,-245.616957460755
"20250529-CbDRC3-p028-m2x_E08_roi_0.png",20250529,"CbDRC3","p028","m2x","E08",0,585.146752248543,33.563132597432,"","48h",10,"15hHB101","DMSO",1,"Levamisole",8.75,NA,NA,"PB420","1",NA,NA,479.534031380609,145.202330428294,364.86522831755,467.313996520037,490.875487840072,87.8644974136658,517.981100222314,549.078222978702,826.752802827209,0.183228909032167,28.0513352507993,14.0305217246901,21.7781217105182,26.5423627143426,29.2035044898332,4.1145736364946,30.3885877072965,32.0278694334612,33.7347500806433,0.146680134820939,69,"1_PB420_8.75",NA,NA,NA,NA,NA,"1",755.762080684412,-264.88659284434
"20250529-CbDRC3-p028-m2x_E09_roi_0.png",20250529,"CbDRC3","p028","m2x","E09",0,539.813319426017,30.9768493148033,"","48h",10,"15hHB101","DMSO",1,"Levamisole",17.5,NA,NA,"PB420","1",NA,NA,425.211249351273,195.556208478835,340.273955445426,383.574631303896,434.466386660396,71.9441142989904,474.839204346487,493.711709338155,587.504911476592,0.169196168748481,25.2735941832706,12.0461070212677,20.464075557282,22.7769945673079,25.5481145547539,4.06849547058222,28.5257130626965,29.2674115252073,34.3701391510067,0.160978111822151,55,"1_PB420_17.5",NA,NA,NA,NA,NA,"1",755.762080684412,-321.295694024016
"20250529-CbDRC3-p028-m2x_E10_roi_0.png",20250529,"CbDRC3","p028","m2x","E10",0,463.89682363237,28.9917539362386,"","48h",10,"15hHB101","DMSO",1,"Levamisole",35,NA,NA,"PB420","1",NA,NA,416.260856403731,172.637893643568,277.994163107832,359.894216113885,458.864711393826,87.7076545012964,481.72092909514,497.330976189742,525.71357729128,0.210703584427907,24.8447880684986,14.2832555353112,17.9032500263639,22.0646266606618,26.3806447799438,4.47351986208858,28.0533469772263,30.0319242039431,31.1776606991666,0.180058684733185,58,"1_PB420_35",NA,NA,NA,NA,NA,"1",755.762080684412,-296.897369290586
"20250529-CbDRC3-p028-m2x_E11_roi_0.png",20250529,"CbDRC3","p028","m2x","E11",0,359.336507810229,21.2388864681584,"","48h",10,"15hHB101","DMSO",1,"Levamisole",70,NA,NA,"PB420","1",NA,NA,324.85250765658,189.745064011458,239.00982775367,295.214983382244,344.532067239689,51.9278094888156,360.845185309246,377.559997967026,419.634669651232,0.159850419082224,20.5380370566689,12.9236428091413,18.0325359410306,18.9631303163237,20.4305423128627,2.52532808335104,22.4728438877868,23.410018827019,24.5194226809224,0.122958590267566,65,"1_PB420_70",NA,NA,NA,NA,NA,"1",755.762080684412,-411.230013444723
"20250529-CbDRC3-p028-m2x_E12_roi_0.png",20250529,"CbDRC3","p028","m2x","E12",0,320.32810280617,19.645082291549,"","48h",10,"15hHB101","DMSO",1,"Levamisole",140,NA,NA,"PB420","1",NA,NA,292.118046593592,166.657709073786,235.007137664471,254.347298392359,290.61843255535,51.2831617250642,336.47320643622,361.784501647491,376.479131322624,0.175556294186821,18.631595995873,13.706160016683,16.3028358289122,17.3176742701509,18.0668034475151,2.1399308354691,20.1335553349145,21.5563229736277,22.6066953296875,0.114854939745532,49,"1_PB420_140",NA,NA,NA,NA,NA,"1",755.762080684412,-465.143648129062
"20250529-CbDRC3-p028-m2x_F01_roi_0.png",20250529,"CbDRC3","p028","m2x","F01",0,790.235780112751,36.7282368060091,"","48h",10,"15hHB101","DMSO",1,"Levamisole",0,NA,NA,"ED3102","1",NA,NA,745.408207404255,588.290041604354,702.4683667112,728.493436681795,750.321305413952,35.914102827123,766.468144398995,783.98081191896,810.97850580583,0.0481804499472674,36.1505415710607,29.8374427915381,33.6897564282271,34.7271625066526,36.0687252686341,2.13243032743785,37.4997197961731,38.8145291229162,42.0566827118571,0.0589875070957419,86,"1_ED3102_0",NA,"n>75",NA,NA,NA,"1",757.719229001539,-7.39792358758666
"20250529-CbDRC3-p028-m2x_F02_roi_0.png",20250529,"CbDRC3","p028","m2x","F02",0,771.800390945131,35.7893395848164,"","48h",10,"15hHB101","DMSO",1,"Levamisole",0.136,NA,NA,"ED3102","1",NA,NA,737.160143110199,191.791163267904,703.772706153226,722.793529135683,747.204397144422,65.5337299483513,760.019707925798,780.879824301746,818.953830500853,0.0889002621219507,35.5639212926394,13.4198992546463,33.12727221443,34.521824629377,35.7379832199514,3.04465974357995,36.8830509019343,38.0244724330674,41.2738265589313,0.085610912208663,91,"1_ED3102_0.136",NA,"n>75",NA,NA,NA,"1",757.719229001539,-10.5148318571165
"20250529-CbDRC3-p028-m2x_F03_roi_0.png",20250529,"CbDRC3","p028","m2x","F03",0,757.364073258593,35.828508458575,"","48h",10,"15hHB101","DMSO",1,"Levamisole",0.273,NA,NA,"ED3102","1",NA,NA,739.378418146328,569.523772656656,704.379743640525,724.557107892187,744.60664964997,34.5397254742018,759.125387331243,773.94658011313,805.548559301961,0.0467145437660937,35.5246180421228,28.5076753290972,32.5604941906076,34.1581042233809,35.5370359520302,2.26349459118204,37.2030492785179,38.1894098739315,40.1400982460349,0.0637162259844183,90,"1_ED3102_0.273",NA,"n>75",NA,NA,NA,"1",757.719229001539,-13.112579351569
"20250529-CbDRC3-p028-m2x_F04_roi_0.png",20250529,"CbDRC3","p028","m2x","F04",0,744.046299458226,32.8759347711495,"","48h",10,"15hHB101","DMSO",1,"Levamisole",0.546,NA,NA,"ED3102","1",NA,NA,736.05734061671,169.646209825517,702.707810506272,731.121733652912,745.562471402641,73.6286687195966,760.253023409741,778.696341764503,802.463723282924,0.100031158792474,35.2614479135346,13.0944630335035,32.4101107527912,33.8131501926843,35.4836286937125,3.85418692734178,36.852978641667,38.4267945318602,48.6002906690003,0.10930313856631,85,"1_ED3102_0.546",NA,"n>75",NA,NA,NA,"1",757.719229001539,-12.1567575988983
"20250529-CbDRC3-p028-m2x_F05_roi_0.png",20250529,"CbDRC3","p028","m2x","F05",0,709.140908700902,32.6569264154836,"","48h",10,"15hHB101","DMSO",1,"Levamisole",1.09,NA,NA,"ED3102","1",NA,NA,719.245037513589,286.172545215478,677.231336244413,702.199012620089,728.002366406502,60.1831200003061,749.876437703984,761.332303764166,815.812123606424,0.0836754052671083,35.0897034737501,29.7971871309448,32.3941289333152,33.4277571588454,35.1327776823465,2.29147834853065,36.523483317123,37.8885436955972,41.2363848091593,0.0653034400887674,90,"1_ED3102_1.09",NA,"n>75",NA,NA,NA,"1",757.719229001539,-29.7168625950363
"20250529-CbDRC3-p028-m2x_F06_roi_0.png",20250529,"CbDRC3","p028","m2x","F06",0,735.712457882365,36.5470945131497,"","48h",10,"15hHB101","DMSO",1,"Levamisole",2.1875,NA,NA,"ED3102","1",NA,NA,671.079253541016,499.082236336245,613.769574135988,634.5265423977,678.353525067943,53.2536456438923,703.137224518053,735.936037204511,775.773041735062,0.0793552257246728,34.4498733899735,25.8013255723271,28.7843610814555,31.8699670245668,35.0397256745808,3.6212143522491,36.6403130914673,38.6521395575132,41.2918078093612,0.105115461855457,69,"1_ED3102_2.1875",NA,NA,NA,NA,NA,"1",757.719229001539,-79.3657039335955
"20250529-CbDRC3-p028-m2x_F07_roi_0.png",20250529,"CbDRC3","p028","m2x","F07",0,556.062692389953,29.0424661836916,"","48h",10,"15hHB101","DMSO",1,"Levamisole",4.375,NA,NA,"ED3102","1",NA,NA,525.43935353847,373.449221305126,473.607264525787,498.585224935888,527.096505847335,42.7587357360936,549.95332640839,582.872615136698,616.953571761671,0.0813771093621808,29.6340575653964,18.7021977901704,27.0979136537061,28.36191101558,29.9485214974438,2.42189784480929,30.7879811647078,32.4040135622879,34.541939364621,0.0817268387720668,71,"1_ED3102_4.375",NA,NA,NA,NA,NA,"1",757.719229001539,-230.622723154204
"20250529-CbDRC3-p028-m2x_F08_roi_0.png",20250529,"CbDRC3","p028","m2x","F08",0,538.784402321154,31.4921654644443,"","48h",10,"15hHB101","DMSO",1,"Levamisole",8.75,NA,NA,"ED3102","1",NA,NA,501.937342815574,254.328131648117,446.987630247451,475.91051105378,510.755261886801,64.6412884073163,545.953251552751,563.288100340486,610.626927376777,0.128783580924098,28.8933327919369,16.3551513592291,25.9855032265892,27.3766383733534,28.9992473160491,3.2111170971008,30.5926104684199,32.3284128263961,37.7605011505322,0.111136957450506,72,"1_ED3102_8.75",NA,NA,NA,NA,NA,"1",757.719229001539,-246.963967114738
"20250529-CbDRC3-p028-m2x_F09_roi_0.png",20250529,"CbDRC3","p028","m2x","F09",0,498.508624948371,29.0448311963141,"","48h",10,"15hHB101","DMSO",1,"Levamisole",17.5,NA,NA,"ED3102","1",NA,NA,464.613665652633,111.174894500211,386.592024092403,456.763075117013,481.159995798438,75.2793945918299,506.993537047358,517.919784294744,543.374676491503,0.16202578649099,26.7252525261597,14.793308152895,22.0475212934449,25.2812813960845,27.5054810659926,3.43614125372866,29.1541773194226,30.183809045746,31.0247896160206,0.128572826406981,72,"1_ED3102_17.5",NA,NA,NA,NA,NA,"1",757.719229001539,-276.5592332031
"20250529-CbDRC3-p028-m2x_F10_roi_0.png",20250529,"CbDRC3","p028","m2x","F10",0,545.436064562669,31.0865430662197,"","48h",10,"15hHB101","DMSO",1,"Levamisole",35,NA,NA,"ED3102","1",NA,NA,469.074521993546,254.657543112864,416.381508586787,456.797003092136,484.655074316214,54.2552471846657,501.716551198701,511.385761722277,545.791293107146,0.115664451256238,27.3309327857217,8.74434570691205,23.9725870395508,26.3184714327075,27.9562251446948,3.3869710079137,29.3392804772515,30.0520738159232,32.7746264319389,0.123924457114875,84,"1_ED3102_35",NA,"n>75",NA,NA,NA,"1",757.719229001539,-273.064154685324
"20250529-CbDRC3-p028-m2x_F11_roi_0.png",20250529,"CbDRC3","p028","m2x","F11",0,374.069996295854,21.4570761775095,"","48h",10,"15hHB101","DMSO",1,"Levamisole",70,NA,NA,"ED3102","1",NA,NA,363.565908352245,148.599112025379,329.560050638289,349.401997518059,367.763395535321,53.3066365343074,382.697998044415,408.515311327075,482.671522074023,0.146621658713557,23.0251151268663,17.7977049940669,20.5663558392633,21.4323628430492,23.1850841614887,2.18897753087217,24.1844038732576,25.3152317603162,29.2952856494329,0.0950691242502417,63,"1_ED3102_70",NA,NA,NA,NA,NA,"1",757.719229001539,-389.955833466217
"20250529-CbDRC3-p028-m2x_F12_roi_0.png",20250529,"CbDRC3","p028","m2x","F12",0,386.777296082502,23.6704175001056,"","48h",10,"15hHB101","DMSO",1,"Levamisole",140,NA,NA,"ED3102","1",NA,NA,355.92133433029,192.049125274237,246.114460769475,335.151599970864,358.766936953444,122.899190554325,371.846727795889,383.050114536939,1152.4721444567,0.345298746380503,22.2721671106946,16.7113067970485,19.6685347598844,20.6145232441859,22.4074937765103,3.25425822743579,23.1827920964702,24.0123990780215,41.6641791320595,0.146113227835525,56,"1_ED3102_140",NA,NA,NA,NA,NA,"1",757.719229001539,-398.952292048095
"20250529-CbDRC3-p029-m2x_A01_roi_0.png",20250529,"CbDRC3","p029","m2x","A01",0,802.291961779331,36.2290730926645,"","48h",10,"15hHB101","DMSO",1,"Levamisole",0,NA,NA,"ECA2666","1",NA,NA,725.880809616591,412.866415336686,669.935782144536,703.409618590384,734.624474636491,57.2939331603957,764.950248645323,779.248617538949,805.71972023585,0.0789302216029905,33.473790565609,21.2792187551513,30.2767820983903,31.7021207443687,33.6507408577093,2.76285942378237,35.5664898119221,36.4950264471497,38.3620588401193,0.0825379909803505,74,"1_ECA2666_0",NA,NA,NA,NA,NA,"1",742.112829021127,-7.48835438463573
"20250529-CbDRC3-p029-m2x_A02_roi_0.png",20250529,"CbDRC3","p029","m2x","A02",0,677.19397677843,29.7352031196729,"","48h",10,"15hHB101","DMSO",1,"Levamisole",0.136,NA,NA,"ECA2666","1",NA,NA,733.236712591252,575.575753001991,670.058632615037,716.844139634164,739.787852021144,46.7372117594242,764.063179625578,778.469051343147,839.611216050167,0.0637409597157995,33.7067098747777,28.4026134320228,30.4140615664361,31.7482014452956,33.6842044907491,2.53555869476104,35.5719082565459,36.5449051857979,39.4030425964281,0.0752241528224137,93,"1_ECA2666_0.136",NA,"n>75",NA,NA,NA,"1",742.112829021127,-2.3249769999826
"20250529-CbDRC3-p029-m2x_A03_roi_1.png",20250529,"CbDRC3","p029","m2x","A03",1,769.092344295014,33.1016265782288,"","48h",10,"15hHB101","DMSO",1,"Levamisole",0.273,NA,NA,"ECA2666","1",NA,NA,729.588040480649,579.060136069094,668.569703212809,706.228823448461,737.520325441714,48.6331694420199,763.073337176532,777.33284293142,818.543542450318,0.066658397264819,33.0766698420638,27.3538877831964,29.8332066486081,31.2859874407766,33.1016265782288,2.5051641243995,35.0290559159786,36.04386612171,39.5916009115744,0.075738099886152,77,"1_ECA2666_0.273",NA,"n>75",NA,NA,NA,"1",742.112829021127,-4.59250357941232
"20250529-CbDRC3-p029-m2x_A04_roi_0.png",20250529,"CbDRC3","p029","m2x","A04",0,771.691026028912,31.2881762219468,"","48h",10,"15hHB101","DMSO",1,"Levamisole",0.546,NA,NA,"ECA2666","1",NA,NA,745.402197379695,631.097714421361,702.815077565954,725.796836093144,750.465949080237,33.254704454682,767.356616442065,784.012286075251,805.062134553247,0.0446131022575221,34.5122964187076,28.153990021216,30.9969667863096,31.9601920277863,34.9210537933113,3.06577908478704,36.9874267797017,38.4877354195489,40.1996340983204,0.0888315007379577,59,"1_ECA2666_0.546",NA,NA,NA,NA,NA,"1",742.112829021127,8.3531200591101
"20250529-CbDRC3-p029-m2x_A05_roi_0.png",20250529,"CbDRC3","p029","m2x","A05",0,768.027640085464,32.3713373279607,"","48h",10,"15hHB101","DMSO",1,"Levamisole",1.09,NA,NA,"ECA2666","1",NA,NA,732.868489170447,620.055256541647,695.654179857696,717.62839588018,734.969381465581,33.004430301341,755.982576489968,768.209950848116,787.708733627751,0.0450345877726297,33.3898179479573,26.4177131616601,30.5511860784562,31.8422108938901,33.5835996723531,2.53858113990577,35.0915406210892,36.2770252619058,39.1190097695245,0.0760286008106575,50,"1_ECA2666_1.09",NA,NA,NA,NA,NA,"1",742.112829021127,-7.14344755554555
"20250529-CbDRC3-p029-m2x_A06_roi_0.png",20250529,"CbDRC3","p029","m2x","A06",0,695.870879630344,30.9942208605443,"","48h",10,"15hHB101","DMSO",1,"Levamisole",2.1875,NA,NA,"ECA2666","1",NA,NA,679.202481457044,240.557397726225,625.42799686721,666.472500524253,702.407328995193,82.947205313563,719.821560277223,735.000049712967,763.789777151644,0.122124414409709,32.3517865626335,13.9918652169645,29.3431059881075,31.1092644280891,32.9192936375969,3.85658261275764,35.0668544658131,35.853867591898,37.8884925879935,0.119207716868781,67,"1_ECA2666_2.1875",NA,NA,NA,NA,NA,"1",742.112829021127,-39.7055000259334
"20250529-CbDRC3-p029-m2x_A07_roi_0.png",20250529,"CbDRC3","p029","m2x","A07",0,610.380465825164,27.5223688552,"","48h",10,"15hHB101","DMSO",1,"Levamisole",4.375,NA,NA,"ECA2666","1",NA,NA,551.189566636155,387.528521308254,469.055110349946,514.752895253317,550.691964674603,59.8079349991966,599.155810338891,618.337627192511,654.385665243662,0.108507015769906,28.86019366051,20.7037706848663,26.3094728812056,27.1322391914173,28.2564861673982,2.8756184842391,30.9083591199447,32.2471249726286,35.0172139003046,0.0996396115031573,64,"1_ECA2666_4.375",NA,NA,NA,NA,NA,"1",742.112829021127,-191.420864346523
"20250529-CbDRC3-p029-m2x_A08_roi_0.png",20250529,"CbDRC3","p029","m2x","A08",0,522.956996299354,29.0155428383912,"","48h",10,"15hHB101","DMSO",1,"Levamisole",8.75,NA,NA,"ECA2666","1",NA,NA,512.631343814716,179.236863092415,469.859173216431,497.446161695009,520.544831805863,55.6065864031485,536.466625409685,563.269528212477,602.067341332199,0.108472856906009,27.8275476734212,13.0495146116148,25.3806635198766,26.913448730762,28.0842335054689,2.57497608599505,29.264508173375,29.8911929664567,33.1807062351694,0.0925333455974805,72,"1_ECA2666_8.75",NA,NA,NA,NA,NA,"1",742.112829021127,-221.567997215264
"20250529-CbDRC3-p029-m2x_A09_roi_0.png",20250529,"CbDRC3","p029","m2x","A09",0,480.643506151875,22.5221109977459,"","48h",10,"15hHB101","DMSO",1,"Levamisole",17.5,NA,NA,"ECA2666","1",NA,NA,442.94516584962,341.107135428469,387.583455102733,402.244337515536,425.253929722656,56.9318134152854,478.136208255404,511.36282475874,677.934405285699,0.128530160852041,23.7833140744833,19.1528258102324,20.8881774223994,21.8087033099714,23.2401393613158,2.69516051335639,25.512146794001,27.3493677523284,30.458582411796,0.113321486859057,58,"1_ECA2666_17.5",NA,NA,NA,NA,NA,"1",742.112829021127,-316.858899298471
"20250529-CbDRC3-p029-m2x_A11_roi_0.png",20250529,"CbDRC3","p029","m2x","A11",0,450.08283695087,25.4411542283738,"","48h",10,"15hHB101","DMSO",1,"Levamisole",70,NA,NA,"ECA2666","1",NA,NA,357.558007537344,212.633091216206,271.397079979597,320.122134428344,371.037496253366,58.8336200961488,393.887428803237,431.716327904543,452.838795481377,0.164542868166655,20.8331868676299,13.0139783603326,16.0518441816002,18.7760388421776,21.3147157849116,3.06550875332241,23.1601983126127,24.4006277316394,25.7871313785725,0.147145454644077,66,"1_ECA2666_70",NA,NA,NA,NA,NA,"1",742.112829021127,-371.075332767761
"20250529-CbDRC3-p029-m2x_A12_roi_0.png",20250529,"CbDRC3","p029","m2x","A12",0,348.126300127656,22.0744657334791,"","48h",10,"15hHB101","DMSO",1,"Levamisole",140,NA,NA,"ECA2666","1",NA,NA,277.737421285733,173.158741744001,226.13859506608,249.639262882551,276.239330062254,44.7196225371932,300.789850935101,341.244794169307,383.918827976289,0.161014033795562,17.3262616059416,13.5525430047325,14.9166738525773,15.607875857604,17.3145127948711,2.09432684709554,18.4340549272235,20.4592827282649,22.6245783496291,0.120875864322477,67,"1_ECA2666_140",NA,NA,NA,NA,NA,"1",742.112829021127,-465.873498958873
"20250529-CbDRC3-p029-m2x_B01_roi_0.png",20250529,"CbDRC3","p029","m2x","B01",0,775.952460199105,39.2174414921346,"","48h",10,"15hHB101","DMSO",1,"Levamisole",0,NA,NA,"JU3237","1",NA,NA,803.950953435161,531.583282306634,773.27796442635,784.183064746777,809.010462864905,47.4005056922457,823.715066913382,853.088303039268,900.939854897343,0.0589594495655618,37.6293723356256,26.3619023292102,35.4086364185283,36.4308437122035,37.7259846065175,2.44964487470229,38.809880614474,40.6222873494155,42.5080548533593,0.065099275450393,94,"1_JU3237_0",NA,"n>75",NA,NA,NA,"1",810.19884282327,-1.18837995836532
"20250529-CbDRC3-p029-m2x_B02_roi_0.png",20250529,"CbDRC3","p029","m2x","B02",0,843.95806201574,37.3670557716226,"","48h",10,"15hHB101","DMSO",1,"Levamisole",0.136,NA,NA,"JU3237","1",NA,NA,787.754190739352,296.815785011917,749.315223371177,769.86363697664,795.234145621567,88.0293309906693,830.237937302029,858.471128910936,878.122777192375,0.1117472074735,36.1040772719764,18.1359306723112,33.4059254338531,35.5192983113651,36.5601999776916,3.48889593105844,37.8929109146049,38.9010510628194,40.8852133151362,0.0966344023910698,71,"1_JU3237_0.136",NA,NA,NA,NA,NA,"1",810.19884282327,-14.9646972017035
"20250529-CbDRC3-p029-m2x_B03_roi_0.png",20250529,"CbDRC3","p029","m2x","B03",0,847.587260595472,38.0915246388529,"","48h",10,"15hHB101","DMSO",1,"Levamisole",0.273,NA,NA,"JU3237","1",NA,NA,807.031722929566,586.445464126373,756.69221281208,786.534012013793,816.099854832081,49.3836421197302,834.750874038228,847.049381065975,960.394859462822,0.0611916988101349,37.0559709505654,27.2599438708281,33.7708458064771,35.2271767686392,37.1876085049881,2.78265613596684,39.1689192294995,40.4399463071415,42.5608317497617,0.0750933267860946,84,"1_JU3237_0.273",NA,"n>75",NA,NA,NA,"1",810.19884282327,5.90101200881099
"20250529-CbDRC3-p029-m2x_B04_roi_0.png",20250529,"CbDRC3","p029","m2x","B04",0,827.306255284856,36.37425084718,"","48h",10,"15hHB101","DMSO",1,"Levamisole",0.546,NA,NA,"JU3237","1",NA,NA,806.975636942198,581.614435617387,771.805644918374,787.628836711753,806.662065469843,42.5940828985244,833.873442040994,853.896308181966,880.522314864824,0.0527823653511058,37.4355102931587,31.2062383634987,34.9947799352316,36.3308045531252,37.4604559685664,1.9673792901859,38.6365626344876,40.1250369137769,42.0291005775831,0.0525538258936311,81,"1_JU3237_0.546",NA,"n>75",NA,NA,NA,"1",810.19884282327,-3.53677735342762
"20250529-CbDRC3-p029-m2x_B05_roi_0.png",20250529,"CbDRC3","p029","m2x","B05",0,844.337853437304,38.3953525023727,"","48h",10,"15hHB101","DMSO",1,"Levamisole",1.09,NA,NA,"JU3237","1",NA,NA,788.52760966397,261.701058853353,755.746855747849,777.652986179693,794.345949372811,72.3048768803978,817.737296839925,838.342149617694,866.600693072089,0.0916960623753053,36.2908034328877,15.7557461628324,33.5404008885806,35.4790830943858,36.4232671377884,3.15791420586051,37.9453116888214,38.7782596473419,41.2453538492693,0.0870169273518681,73,"1_JU3237_1.09",NA,NA,NA,NA,NA,"1",810.19884282327,-15.8528934504593
"20250529-CbDRC3-p029-m2x_B06_roi_0.png",20250529,"CbDRC3","p029","m2x","B06",0,803.149341050206,35.5587082164706,"","48h",10,"15hHB101","DMSO",1,"Levamisole",2.1875,NA,NA,"JU3237","1",NA,NA,760.954066888104,296.862364757163,710.815364024159,748.02389774273,771.563642902263,64.635629816661,793.204904104571,807.396691639643,852.794324355071,0.0849402514937415,36.896149762603,17.5519453788743,34.1976855795496,35.5517281187804,37.2991240076535,3.19575261146352,38.4576185587568,39.8181004795943,42.0277238553013,0.086614799430987,84,"1_JU3237_2.1875",NA,"n>75",NA,NA,NA,"1",810.19884282327,-38.6351999210073
"20250529-CbDRC3-p029-m2x_B07_roi_0.png",20250529,"CbDRC3","p029","m2x","B07",0,704.338698651752,37.8797260857553,"","48h",10,"15hHB101","DMSO",1,"Levamisole",4.375,NA,NA,"JU3237","1",NA,NA,581.209922450727,191.711088374921,505.288940218326,555.067583897333,597.664547677868,77.2643916655576,627.199935317139,650.738045100018,705.898462128433,0.132937151760529,32.4687051602624,13.1407296543203,28.4200371982798,30.133291522862,33.0269376218868,3.9797148552868,34.6475978685084,36.9433950277753,39.6305781977856,0.122570790416289,83,"1_JU3237_4.375",NA,"n>75",NA,NA,NA,"1",810.19884282327,-212.534295145402
"20250529-CbDRC3-p029-m2x_B08_roi_0.png",20250529,"CbDRC3","p029","m2x","B08",0,564.405942943697,30.5076449889248,"","48h",10,"15hHB101","DMSO",1,"Levamisole",8.75,NA,NA,"JU3237","1",NA,NA,484.288164305276,225.230749968954,369.831917135603,467.907970957969,502.736330381108,76.7361851297282,533.01828305946,563.846777473736,606.488170484919,0.158451498065843,27.9568566749089,16.1306573570784,24.0832917098549,25.9544292398673,28.1172620505189,3.71336117010214,29.8046997460477,32.8922927062647,35.2850674395301,0.132824702479333,62,"1_JU3237_8.75",NA,NA,NA,NA,NA,"1",810.19884282327,-307.462512442162
"20250529-CbDRC3-p029-m2x_B09_roi_0.png",20250529,"CbDRC3","p029","m2x","B09",0,506.367060727938,30.682957845603,"","48h",10,"15hHB101","DMSO",1,"Levamisole",17.5,NA,NA,"JU3237","1",NA,NA,409.949987595183,241.011908484819,360.675627360654,388.353654575242,411.479681730949,48.6242797004376,435.62153787061,467.183721729214,527.828117291344,0.118610272403406,23.4854223084601,15.6417308406616,20.4975577457885,22.1012774370658,23.5566311323914,2.54713635815975,24.9930203066747,26.5400100554319,30.682957845603,0.10845605945277,79,"1_JU3237_17.5",NA,"n>75",NA,NA,NA,"1",810.19884282327,-398.719161092321
"20250529-CbDRC3-p029-m2x_B10_roi_0.png",20250529,"CbDRC3","p029","m2x","B10",0,441.172223525959,23.6341318458972,"","48h",10,"15hHB101","DMSO",1,"Levamisole",35,NA,NA,"JU3237","1",NA,NA,406.729726434647,187.023835743092,337.242615535589,389.884139735593,405.850854266234,58.6076848132711,436.954866428152,482.594561638925,539.363435103117,0.1440949136593,23.2058306757901,15.0318006475557,20.1398803792212,21.5698069498926,23.1786950589512,2.64283331018314,24.5212696159395,26.8097033530731,29.5254254002176,0.113886606650988,94,"1_JU3237_35",NA,"n>75",NA,NA,NA,"1",810.19884282327,-404.347988557036
"20250529-CbDRC3-p029-m2x_B11_roi_0.png",20250529,"CbDRC3","p029","m2x","B11",0,391.468613086528,21.7766830591735,"","48h",10,"15hHB101","DMSO",1,"Levamisole",70,NA,NA,"JU3237","1",NA,NA,333.050918287771,98.6623695207564,255.883499877716,302.966662899363,345.995224192545,68.0290767029233,378.499575654017,393.275728603058,439.353719336874,0.204260288644942,20.9270643897362,13.9806122574749,17.3346990856734,19.2631720614278,20.6683916387364,2.97128094633139,22.6040616911551,23.9641900729741,31.8596791173036,0.141982692411874,70,"1_JU3237_70",NA,NA,NA,NA,NA,"1",810.19884282327,-464.203618630725
"20250529-CbDRC3-p029-m2x_B12_roi_0.png",20250529,"CbDRC3","p029","m2x","B12",0,371.120590271184,22.4523840735021,"","48h",10,"15hHB101","DMSO",1,"Levamisole",140,NA,NA,"JU3237","1",NA,NA,309.967700122595,192.198683722676,256.324215976124,275.637633452691,307.955078357591,48.1423514776119,348.695072003075,369.45341672,395.813561389688,0.155314090657095,18.7817666277365,12.9168659383713,15.9612113014536,17.1321666968038,18.7854470383111,2.34404854871544,20.5181784085436,21.9731897986633,23.0244194323286,0.124804476340038,63,"1_JU3237_140",NA,NA,NA,NA,NA,"1",810.19884282327,-502.243764465679
"20250529-CbDRC3-p029-m2x_C01_roi_0.png",20250529,"CbDRC3","p029","m2x","C01",0,804.588147999213,38.9536334592003,"","48h",10,"15hHB101","DMSO",1,"Levamisole",0,NA,NA,"VX34","1",NA,NA,749.084807013234,317.954628493948,695.88363696748,727.134787162622,761.047668681495,84.7628889282132,794.077658544424,824.096115344905,853.094877619306,0.113155263776049,36.4555251726729,19.9412875764104,32.1165311473659,34.6800699055488,36.826272579504,3.98434620555014,38.9368901766361,40.5906542035372,44.3816885075411,0.109293342687511,58,"1_VX34_0",NA,NA,NA,NA,NA,"1",764.119037751743,-3.07136907024847
"20250529-CbDRC3-p029-m2x_C02_roi_0.png",20250529,"CbDRC3","p029","m2x","C02",0,722.201744561585,34.3610587286834,"","48h",10,"15hHB101","DMSO",1,"Levamisole",0.136,NA,NA,"VX34","1",NA,NA,758.379277319631,590.473283816936,683.711008757153,728.642623855152,761.737187670393,56.4679515517905,804.833026971107,827.986199771699,837.764940813236,0.0744587216984189,37.0809325195364,28.5187722647311,32.5665574353038,35.2055765156536,37.5384599856132,3.2731529093715,39.538774331538,40.7304171529902,42.9138343781045,0.0882705122813998,84,"1_VX34_0.136",NA,"n>75",NA,NA,NA,"1",764.119037751743,-2.38185008134985
"20250529-CbDRC3-p029-m2x_C03_roi_0.png",20250529,"CbDRC3","p029","m2x","C03",0,753.770588836217,35.3763121422073,"","48h",10,"15hHB101","DMSO",1,"Levamisole",0.273,NA,NA,"VX34","1",NA,NA,774.683267039514,569.937085812179,725.93676983714,743.860768806187,781.246736853493,58.2748653709203,810.125008898163,832.360556173079,991.15946042181,0.0752241178431803,37.4828006774908,29.1852855513044,33.2177941613029,35.9507496446171,37.6629829671953,3.08261795178316,39.3553801798051,41.0269181373285,44.0595007328844,0.082240865038517,71,"1_VX34_0.273",NA,NA,NA,NA,NA,"1",764.119037751743,17.12769910175
"20250529-CbDRC3-p029-m2x_C04_roi_0.png",20250529,"CbDRC3","p029","m2x","C04",0,741.79906386866,35.7136189146904,"","48h",10,"15hHB101","DMSO",1,"Levamisole",0.546,NA,NA,"VX34","1",NA,NA,740.97725986487,410.217773456648,695.925115713162,723.131737812816,747.635668161817,77.9323418493983,787.368244795857,810.993732025979,840.012665056712,0.105175079007972,36.1584981827782,21.2840058764998,31.1609230780247,34.6260187708161,37.0000975459888,4.07852050284891,38.4789379224312,40.5162386731914,42.1775135773714,0.112795627800478,69,"1_VX34_0.546",NA,NA,NA,NA,NA,"1",764.119037751743,-16.4833695899267
"20250529-CbDRC3-p029-m2x_C05_roi_0.png",20250529,"CbDRC3","p029","m2x","C05",0,779.262325755834,39.9938035352251,"","48h",10,"15hHB101","DMSO",1,"Levamisole",1.09,NA,NA,"VX34","1",NA,NA,729.929527799023,256.768537820609,679.525067712805,727.256156813278,755.403170819636,123.473107245251,794.329895144231,823.253437438144,846.864149327732,0.169157572810574,36.4629120039025,15.7053341165163,32.2364535116038,35.5932499345036,37.7224810663103,5.55338502532754,39.5472672665463,40.7097769448863,45.9085056051917,0.152302290742253,64,"1_VX34_1.09",NA,NA,NA,NA,NA,"1",764.119037751743,-8.71586693210747
"20250529-CbDRC3-p029-m2x_C06_roi_0.png",20250529,"CbDRC3","p029","m2x","C06",0,646.991309422073,34.3519497121826,"","48h",10,"15hHB101","DMSO",1,"Levamisole",2.1875,NA,NA,"VX34","1",NA,NA,683.589123089069,250.347828263203,473.680352307276,660.322440948236,722.820953603806,130.221120704836,761.09626179586,784.718270786467,849.780712415472,0.190496185949215,34.4785694832484,18.2984393732684,24.3318863506861,33.0893293731856,36.1624942912744,5.37550130701192,38.0555841066264,39.0208958091134,41.2190574554785,0.155908478442635,76,"1_VX34_2.1875",NA,"n>75",NA,NA,NA,"1",764.119037751743,-41.2980841479374
"20250529-CbDRC3-p029-m2x_C07_roi_0.png",20250529,"CbDRC3","p029","m2x","C07",0,646.407592220217,35.392136051312,"","48h",10,"15hHB101","DMSO",1,"Levamisole",4.375,NA,NA,"VX34","1",NA,NA,568.836576978885,149.756452107193,432.323773875055,524.859999106053,595.079117263206,111.106116797565,652.640073942334,678.004991549774,707.528693711126,0.195321681646519,30.9649377038392,12.9630222215413,23.3998399170222,28.4663850449114,30.9220158286795,6.1117509545018,35.4901875973451,38.0631926484191,41.0267495954642,0.19737649766833,54,"1_VX34_4.375",NA,NA,NA,NA,NA,"1",764.119037751743,-169.039920488538
"20250529-CbDRC3-p029-m2x_C08_roi_0.png",20250529,"CbDRC3","p029","m2x","C08",0,572.520443888843,34.9320235434412,"","48h",10,"15hHB101","DMSO",1,"Levamisole",8.75,NA,NA,"VX34","1",NA,NA,503.472502049699,236.756251942288,368.867227152582,425.655636690551,517.520039978535,96.6136574765155,572.659015476879,609.659754200758,639.693568012599,0.191894606126828,28.8004999287695,14.6631030265814,21.4527065446921,25.4065862009921,29.704719923139,5.36687116783257,32.5029893629452,34.6422556107987,37.6851566166003,0.186346458606834,56,"1_VX34_8.75",NA,NA,NA,NA,NA,"1",764.119037751743,-246.598997773208
"20250529-CbDRC3-p029-m2x_C09_roi_0.png",20250529,"CbDRC3","p029","m2x","C09",0,558.818246583125,30.9119075401622,"","48h",10,"15hHB101","DMSO",1,"Levamisole",17.5,NA,NA,"VX34","1",NA,NA,417.846254686905,179.774514153674,290.056112580143,372.119436246633,413.410426667319,86.3879996763352,479.802997679266,519.409476776995,558.818246583125,0.206745899256813,24.9669058210878,13.7425172126902,18.7348793868759,22.2556263485157,24.9896896051958,4.53197436413525,28.48697750211,30.3315481342248,33.6763438549874,0.181519263805105,49,"1_VX34_17.5",NA,NA,NA,NA,NA,"1",764.119037751743,-350.708611084424
"20250529-CbDRC3-p029-m2x_C10_roi_0.png",20250529,"CbDRC3","p029","m2x","C10",0,537.005909432555,31.2300879014845,"","48h",10,"15hHB101","DMSO",1,"Levamisole",35,NA,NA,"VX34","1",NA,NA,449.755629060618,248.71125181154,354.199121214666,388.005340971526,477.675136629427,79.0280639905264,510.39529120489,532.933130563713,614.093300736851,0.175713340499125,27.2280281431913,15.7406145526407,22.2799486543815,24.3692832812835,27.9294776384292,4.30683744737225,30.2656939214295,31.8051246483551,37.5436782389013,0.158176619501152,77,"1_VX34_35",NA,"n>75",NA,NA,NA,"1",764.119037751743,-286.443901122317
"20250529-CbDRC3-p029-m2x_C11_roi_0.png",20250529,"CbDRC3","p029","m2x","C11",0,361.536650285205,22.6406295080071,"","48h",10,"15hHB101","DMSO",1,"Levamisole",70,NA,NA,"VX34","1",NA,NA,329.063652996716,142.63779582885,219.030091250451,277.883525483158,357.528163452353,83.2520279792093,378.680407116754,422.333199942029,474.763710587255,0.252996729420129,20.7868347141593,13.1149000446796,15.6149845324713,17.8891623968781,21.5911019787714,3.7680238950347,23.2291916465441,23.9092446610435,30.0500238524762,0.18126972898226,50,"1_VX34_70",NA,NA,NA,NA,NA,"1",764.119037751743,-406.59087429939
"20250529-CbDRC3-p029-m2x_C12_roi_0.png",20250529,"CbDRC3","p029","m2x","C12",0,399.395956520024,20.1261698422706,"","48h",10,"15hHB101","DMSO",1,"Levamisole",140,NA,NA,"VX34","1",NA,NA,300.050457733922,151.845187622603,187.735531308627,251.632598809523,315.594722632922,68.8112171671824,358.785147951719,373.795733519837,399.395956520024,0.229332151954932,19.3756392471152,12.2409576719254,15.122620822418,17.6594131023694,18.9421813863805,3.01089753106258,21.5222343099087,23.2148743817997,27.2457451371849,0.155396035850062,50,"1_VX34_140",NA,NA,NA,NA,NA,"1",764.119037751743,-448.524315118822
"20250529-CbDRC3-p029-m2x_D01_roi_0.png",20250529,"CbDRC3","p029","m2x","D01",0,790.796994198885,36.9502906440209,"","48h",10,"15hHB101","DMSO",1,"Levamisole",0,NA,NA,"NIC1667","1",NA,NA,708.266545044277,560.212741485023,623.427963052584,669.081360401215,718.61429759413,61.746615649241,751.812734007631,777.967146228778,853.270189519748,0.0871799128185293,32.6942648966274,24.1465606471093,29.301463009651,31.044462782676,32.455423093665,2.85851192412054,34.4775814644787,36.0701506855576,39.3937329573385,0.0874316010211141,68,"1_NIC1667_0",NA,NA,NA,NA,NA,"1",733.394904851972,-14.7806072578427
"20250529-CbDRC3-p029-m2x_D02_roi_0.png",20250529,"CbDRC3","p029","m2x","D02",0,754.666541934882,34.850681019401,"","48h",10,"15hHB101","DMSO",1,"Levamisole",0.136,NA,NA,"NIC1667","1",NA,NA,701.463028967814,568.457637355081,630.304022128133,652.277370304077,701.440034813254,56.5830964515872,747.934587873915,764.619822103241,818.108376552278,0.0806644029904867,32.143686465044,26.9782381338475,28.7646981926009,29.9440612752644,31.8377910280275,2.65201497994505,34.5476072899956,35.4133715695381,37.2337084315359,0.0825050039866801,58,"1_NIC1667_0.136",NA,NA,NA,NA,NA,"1",733.394904851972,-31.9548700387181
"20250529-CbDRC3-p029-m2x_D03_roi_0.png",20250529,"CbDRC3","p029","m2x","D03",0,713.552113486168,34.397098443817,"","48h",10,"15hHB101","DMSO",1,"Levamisole",0.273,NA,NA,"NIC1667","1",NA,NA,712.259487609412,557.851946706505,623.443130422979,700.007825494428,723.60540565397,57.6659413900137,755.007239957504,768.119012815848,805.283230669418,0.0809619842110639,32.5256486166326,26.527109951536,29.1556370603726,31.2108543330067,32.7551737457156,2.42513483912583,34.3096330945289,35.0768131988053,37.0015745672371,0.0745606910936647,61,"1_NIC1667_0.273",NA,NA,NA,NA,NA,"1",733.394904851972,-9.78949919800232
"20250529-CbDRC3-p029-m2x_D04_roi_0.png",20250529,"CbDRC3","p029","m2x","D04",0,793.889022345041,36.3540961786908,"","48h",10,"15hHB101","DMSO",1,"Levamisole",0.546,NA,NA,"NIC1667","1",NA,NA,703.495304951815,449.864369530493,619.806524525426,681.305751769466,717.845597547526,58.2571426009665,743.622411413263,758.575297753917,793.889022345041,0.0828109899112358,32.4071903140088,23.1025532323038,28.5139389387144,30.7317587477307,32.9175502139982,2.91577841063088,34.5108276404058,35.2489238771745,37.9748014944536,0.089973193676419,81,"1_NIC1667_0.546",NA,"n>75",NA,NA,NA,"1",733.394904851972,-15.5493073044463
"20250529-CbDRC3-p029-m2x_D05_roi_0.png",20250529,"CbDRC3","p029","m2x","D05",0,694.818113482775,30.3775538292962,"","48h",10,"15hHB101","DMSO",1,"Levamisole",1.09,NA,NA,"NIC1667","1",NA,NA,698.533610643152,529.256882862741,621.532536588353,675.014204180837,710.071461308978,52.790122771501,734.81579931201,755.636105928826,780.025113264832,0.075572774118766,32.9366732848628,25.7122985397596,29.4843968883173,30.4413399252223,32.8625598282008,3.01144504095955,34.8314267882051,36.5168132361727,38.986544281778,0.0914313663348499,62,"1_NIC1667_1.09",NA,NA,NA,NA,NA,"1",733.394904851972,-23.3234435429941
"20250529-CbDRC3-p029-m2x_D06_roi_0.png",20250529,"CbDRC3","p029","m2x","D06",0,692.304678747461,33.0553136660829,"","48h",10,"15hHB101","DMSO",1,"Levamisole",2.1875,NA,NA,"NIC1667","1",NA,NA,671.108780856648,540.216055302034,589.465897313029,644.601884075325,680.221085041672,51.3396073658154,704.7395173059,730.171516825458,777.718058265605,0.0764996805738142,33.1544685418755,27.4936999738135,29.7187540060122,31.430337803161,33.426737901106,2.51747919173905,35.094326215028,36.2784500662303,38.1803034733895,0.0759318216354265,90,"1_NIC1667_2.1875",NA,"n>75",NA,NA,NA,"1",733.394904851972,-53.1738198103
"20250529-CbDRC3-p029-m2x_D07_roi_0.png",20250529,"CbDRC3","p029","m2x","D07",0,662.544191618506,34.5227234580037,"","48h",10,"15hHB101","DMSO",1,"Levamisole",4.375,NA,NA,"NIC1667","1",NA,NA,582.473759413793,458.973958318993,541.598672603536,561.342009436365,584.571897494476,35.2273422543896,605.757814516052,621.462174887095,662.544191618506,0.0604788485061417,30.7725076549051,24.6127002170523,28.7018017932476,29.3254129482182,30.6409272432756,2.22239801403828,32.007964407854,34.1565841108152,34.9931026112519,0.0722202440880384,81,"1_NIC1667_4.375",NA,"n>75",NA,NA,NA,"1",733.394904851972,-148.823007357497
"20250529-CbDRC3-p029-m2x_D08_roi_0.png",20250529,"CbDRC3","p029","m2x","D08",0,655.396030804409,35.1968560510798,"","48h",10,"15hHB101","DMSO",1,"Levamisole",8.75,NA,NA,"NIC1667","1",NA,NA,541.069696326078,450.12547455561,496.776583477037,512.240283667324,547.850420706975,37.2855002875983,567.310644195677,580.202701012355,655.396030804409,0.0689107161993563,29.2618589981638,24.9403043347589,26.2461921942877,28.0657500972269,29.296762581797,2.10982116918349,30.4596633075716,31.4994583161055,35.1968560510798,0.0721014057690552,68,"1_NIC1667_8.75",NA,NA,NA,NA,NA,"1",733.394904851972,-185.544484144997
"20250529-CbDRC3-p029-m2x_D09_roi_0.png",20250529,"CbDRC3","p029","m2x","D09",0,488.282902989575,27.1150473030331,"","48h",10,"15hHB101","DMSO",1,"Levamisole",17.5,NA,NA,"NIC1667","1",NA,NA,498.556807161611,392.346734269488,460.581077519337,480.730765017627,498.295349436217,35.3219648847835,519.542230861765,536.91779641533,597.735217577321,0.0708484256505871,27.7760381378808,21.5066577215551,25.1319780840225,27.1429999084269,28.2897632032848,1.81520446542093,28.8623693237165,29.6171955327212,30.0537091362923,0.065351453523005,59,"1_NIC1667_17.5",NA,NA,NA,NA,NA,"1",733.394904851972,-235.099555415755
"20250529-CbDRC3-p029-m2x_D10_roi_0.png",20250529,"CbDRC3","p029","m2x","D10",0,551.000010243218,29.2573266405632,"","48h",10,"15hHB101","DMSO",1,"Levamisole",35,NA,NA,"NIC1667","1",NA,NA,499.971090720098,343.122493123194,461.225502152168,484.002618017135,500.882186508133,39.7487739373879,525.964331500859,548.561459071507,578.738446032743,0.0795021445742765,27.9939240438661,21.7816152907657,25.1232528557559,27.2889018929487,28.1883834839906,2.06293330074984,29.2885684080897,30.0751678267398,32.7740747900286,0.0736921804001914,76,"1_NIC1667_35",NA,"n>75",NA,NA,NA,"1",733.394904851972,-232.512718343839
"20250529-CbDRC3-p029-m2x_D11_roi_0.png",20250529,"CbDRC3","p029","m2x","D11",0,459.740383257226,27.581059853695,"","48h",10,"15hHB101","DMSO",1,"Levamisole",70,NA,NA,"NIC1667","1",NA,NA,386.544988492147,259.364030755307,342.816207538573,363.729842894698,385.410093083555,36.8271195171573,412.134627425395,437.903978796885,459.740383257226,0.0952725313056425,23.1127927987912,16.1930938117653,20.8002756458284,21.8854966002952,23.3543124441342,2.18166499317148,24.408496450968,25.5979273989018,28.4305991221778,0.0943920975783411,72,"1_NIC1667_70",NA,NA,NA,NA,NA,"1",733.394904851972,-347.984811768418
"20250529-CbDRC3-p029-m2x_D12_roi_0.png",20250529,"CbDRC3","p029","m2x","D12",0,389.112008016115,23.0460371584167,"","48h",10,"15hHB101","DMSO",1,"Levamisole",140,NA,NA,"NIC1667","1",NA,NA,362.3175796519,253.81990338542,320.778553458551,341.741453557405,367.939956885948,32.1268751028873,380.834248045809,394.054221575192,453.193577906052,0.0886704838715072,21.8971724520781,17.7024410793243,19.5331034364468,20.7711787167365,22.0769142357045,1.69412581033162,22.9845596580871,23.8064312311721,27.3050337712679,0.0773673319712495,85,"1_NIC1667_140",NA,"n>75",NA,NA,NA,"1",733.394904851972,-365.454947966024
"20250529-CbDRC3-p029-m2x_E01_roi_0.png",20250529,"CbDRC3","p029","m2x","E01",0,773.290691712974,36.0000498202289,"","48h",10,"15hHB101","DMSO",1,"Levamisole",0,NA,NA,"PB420","1",NA,NA,750.877759063622,635.650873195907,720.88077938033,737.252599429942,754.704383709004,35.4031991957665,773.602238677501,788.532835835694,827.323711606694,0.0471490848788967,36.7145250064159,29.2928192952034,33.604047737203,34.7427541392696,36.7564508786226,2.72943360556204,38.7428656521161,39.3921218392239,42.3221628336405,0.0743420650297142,72,"1_PB420_0",NA,NA,NA,NA,NA,"1",755.762080684412,-1.05769697540836
"20250529-CbDRC3-p029-m2x_E02_roi_0.png",20250529,"CbDRC3","p029","m2x","E02",0,768.247397488354,37.7727811791549,"","48h",10,"15hHB101","DMSO",1,"Levamisole",0.136,NA,NA,"PB420","1",NA,NA,749.851297720753,439.975769974569,720.766898463197,742.820521879389,759.392854319309,54.7298740253671,775.63498474203,788.067142775834,817.45645693796,0.0729876366043827,37.1328197911901,25.347666320813,33.4608918289844,35.4236234916687,37.5580860101565,2.87401519406028,38.529034256213,40.8564579814903,41.75977818561,0.0773982479709811,57,"1_PB420_0.136",NA,NA,NA,NA,NA,"1",755.762080684412,3.63077363489663
"20250529-CbDRC3-p029-m2x_E03_roi_0.png",20250529,"CbDRC3","p029","m2x","E03",0,800.156276964188,37.5756366434608,"","48h",10,"15hHB101","DMSO",1,"Levamisole",0.273,NA,NA,"PB420","1",NA,NA,754.965928827224,649.951285344947,716.071570416181,734.883365623826,755.109761627973,33.1373702056593,780.43693922658,796.91513170526,835.904589513906,0.0438925373190488,36.147612611525,29.2850100294101,33.6956283358922,34.8689880738649,36.1157827972308,2.17176550669378,37.8397746302048,39.1026123189098,40.9530166077447,0.0600804686614726,65,"1_PB420_0.273",NA,NA,NA,NA,NA,"1",755.762080684412,-0.652319056438614
"20250529-CbDRC3-p029-m2x_E04_roi_0.png",20250529,"CbDRC3","p029","m2x","E04",0,787.113600705705,38.2995603002858,"","48h",10,"15hHB101","DMSO",1,"Levamisole",0.546,NA,NA,"PB420","1",NA,NA,740.079653261991,159.158548082317,725.751283800131,739.254962789497,755.909538245356,96.3589965356814,774.954225313811,787.153724163339,807.629742037891,0.130200845423824,36.4500476725563,16.6420168322762,34.933620451204,35.9545247684462,36.9903547637387,3.34727210409862,38.02469137701,38.8084649306786,40.4895054497446,0.0918317620368661,60,"1_PB420_0.546",NA,NA,NA,NA,NA,"1",755.762080684412,0.147457560943849
"20250529-CbDRC3-p029-m2x_E05_roi_0.png",20250529,"CbDRC3","p029","m2x","E05",0,691.355604158965,34.8771806814689,"","48h",10,"15hHB101","DMSO",1,"Levamisole",1.09,NA,NA,"PB420","1",NA,NA,738.936067937231,659.410345965146,702.428570387858,721.760681350358,736.623328725618,32.1217569101857,756.896965249414,781.061867035438,817.205122811835,0.0434702788292021,36.7620947939337,32.8345861256149,33.9760453702634,35.0285964453178,36.7416427335898,2.21317963353965,38.4019803086515,39.4555978950229,41.8259922080078,0.0602027617290422,60,"1_PB420_1.09",NA,NA,NA,NA,NA,"1",755.762080684412,-19.1387519587938
"20250529-CbDRC3-p029-m2x_E06_roi_0.png",20250529,"CbDRC3","p029","m2x","E06",0,737.121883587674,33.9702501694662,"","48h",10,"15hHB101","DMSO",1,"Levamisole",2.1875,NA,NA,"PB420","1",NA,NA,689.747757730051,585.952930922766,633.324559013232,666.058347827781,686.393279891339,41.144844574051,720.504365946252,739.93513303641,779.549708121161,0.059652016426205,35.5292947526351,30.7950165284579,32.605304159373,34.2707338601367,35.3067793181836,2.02946414567519,37.172894992684,37.9501483501213,39.8803185156898,0.0571208677178899,66,"1_PB420_2.1875",NA,NA,NA,NA,NA,"1",755.762080684412,-69.3688007930731
"20250529-CbDRC3-p029-m2x_E07_roi_0.png",20250529,"CbDRC3","p029","m2x","E07",0,522.548920648103,29.8758085453016,"","48h",10,"15hHB101","DMSO",1,"Levamisole",4.375,NA,NA,"PB420","1",NA,NA,496.453200110503,277.491882723775,390.990324184619,477.253412867893,513.48109342508,77.9926722197345,549.217900728157,572.021589939759,591.936833236738,0.157099747171283,28.3273560888759,17.0971074676543,21.5802215673162,25.8293610870781,29.6649929199775,4.59632555944116,31.1779929100773,33.7662356741407,34.5446409066178,0.162257485132759,58,"1_PB420_4.375",NA,NA,NA,NA,NA,"1",755.762080684412,-242.280987259332
"20250529-CbDRC3-p029-m2x_E08_roi_0.png",20250529,"CbDRC3","p029","m2x","E08",0,516.225112472752,29.9888851286192,"","48h",10,"15hHB101","DMSO",1,"Levamisole",8.75,NA,NA,"PB420","1",NA,NA,486.250919567079,212.667191789576,369.926411341895,481.548651076445,498.039988844473,99.3269139916524,512.167326195727,551.493225435523,916.293190543202,0.204270902109729,28.0955884472855,15.8570759876928,22.3224283202276,27.4613253868095,28.8996760525126,3.99769380887589,29.8206546213887,31.7470105817104,34.1294707686488,0.142289022220573,62,"1_PB420_8.75",NA,NA,NA,NA,NA,"1",755.762080684412,-257.722091839939
"20250529-CbDRC3-p029-m2x_E09_roi_0.png",20250529,"CbDRC3","p029","m2x","E09",0,462.640785499008,24.8220822534508,"","48h",10,"15hHB101","DMSO",1,"Levamisole",17.5,NA,NA,"PB420","1",NA,NA,437.758915060784,248.261054759714,348.115716754051,386.359133281675,454.740824531144,79.6435371714375,485.334336239124,510.93665123481,624.900434831029,0.181934700656819,25.6805216203658,18.035718539279,18.8039425556349,22.9910441598628,26.3826978463287,3.93552305191711,29.124420354348,30.0893480667248,30.9856139463098,0.153249342443109,51,"1_PB420_17.5",NA,NA,NA,NA,NA,"1",755.762080684412,-301.021256153268
"20250529-CbDRC3-p029-m2x_E10_roi_0.png",20250529,"CbDRC3","p029","m2x","E10",0,461.594236723608,27.7780614609903,"","48h",10,"15hHB101","DMSO",1,"Levamisole",35,NA,NA,"PB420","1",NA,NA,441.012455557689,173.953480839138,352.471873103539,395.659401200816,461.077302366579,68.6064507953374,488.496223964719,508.416140753463,549.497364168811,0.155565789425562,26.3322124329306,16.9472998492882,22.5916933028733,24.2365470844031,26.8008744899571,3.13980903905839,28.7314240603968,30.0912681395606,31.9510407782884,0.11923833012724,65,"1_PB420_35",NA,NA,NA,NA,NA,"1",755.762080684412,-294.684778317833
"20250529-CbDRC3-p029-m2x_E11_roi_0.png",20250529,"CbDRC3","p029","m2x","E11",0,362.957590964564,23.653661657398,"","48h",10,"15hHB101","DMSO",1,"Levamisole",70,NA,NA,"PB420","1",NA,NA,340.503468447051,151.420226992535,289.030884137765,322.182833648206,351.843273374481,48.5467664628799,366.130804035522,380.831097262461,463.782064243318,0.142573485915692,21.0711809322296,14.2171781382268,18.5275436422388,19.6387630813254,21.0091424391411,2.28123765555518,22.7251160429088,23.7493432068847,25.8980082533234,0.108263398377729,73,"1_PB420_70",NA,NA,NA,NA,NA,"1",755.762080684412,-403.918807309931
"20250529-CbDRC3-p029-m2x_E12_roi_0.png",20250529,"CbDRC3","p029","m2x","E12",0,351.661550962457,22.7192648315206,"","48h",10,"15hHB101","DMSO",1,"Levamisole",140,NA,NA,"PB420","1",NA,NA,298.319533029177,136.574753272382,230.710760231021,256.435503802717,305.816846395388,58.2026279789695,345.868267141823,361.818597565031,444.630365446539,0.195101632762602,19.6203981572817,13.8835631178998,16.0612363848313,18.272975549176,19.435807311067,2.49588130485289,21.9752449176057,22.9610048801466,23.769367534945,0.127208494182703,50,"1_PB420_140",NA,NA,NA,NA,NA,"1",755.762080684412,-449.945234289024
"20250529-CbDRC3-p029-m2x_F01_roi_0.png",20250529,"CbDRC3","p029","m2x","F01",0,785.741748242216,35.3408719701503,"","48h",10,"15hHB101","DMSO",1,"Levamisole",0,NA,NA,"ED3102","1",NA,NA,741.938909096759,346.691925436366,698.810399539212,729.407808292576,755.611141465433,53.4661612209694,767.987713927394,779.686847022639,790.98673394967,0.0720627541775096,36.095069004929,24.0155081694824,33.3944886407997,34.727226627551,36.3803302701046,2.44536434404794,37.470358729833,38.7595296726922,40.4422282302816,0.0677478783518604,80,"1_ED3102_0",NA,"n>75",NA,NA,NA,"1",757.719229001539,-2.10808753610627
"20250529-CbDRC3-p029-m2x_F02_roi_0.png",20250529,"CbDRC3","p029","m2x","F02",0,785.785317678449,34.3298998756908,"","48h",10,"15hHB101","DMSO",1,"Levamisole",0.136,NA,NA,"ED3102","1",NA,NA,741.082639906652,387.594004065868,719.526083113128,738.852847266168,757.417826519666,69.4284954302772,769.62033228577,778.398014455032,800.687837377116,0.0936852271145125,34.9451619899547,24.9598614378956,32.7574604004124,33.878826763943,34.647771740264,2.36582942920503,36.0883878147765,37.9931139319958,39.584240369496,0.0677012008095744,81,"1_ED3102_0.136",NA,"n>75",NA,NA,NA,"1",757.719229001539,-0.301402481873083
"20250529-CbDRC3-p029-m2x_F03_roi_0.png",20250529,"CbDRC3","p029","m2x","F03",0,763.366276693966,33.1978553967562,"","48h",10,"15hHB101","DMSO",1,"Levamisole",0.273,NA,NA,"ED3102","1",NA,NA,748.506614047505,173.925051227958,723.094188577154,740.833952699493,758.117736748886,68.3659611576108,771.543089313089,785.392412575122,808.412240043387,0.0913364823697761,34.9020997063913,13.8304167277155,32.5065750281945,33.8920726071474,35.2229303579103,3.0894180630479,36.6395072638539,37.6256132289824,40.2237478495013,0.0885166820631759,85,"1_ED3102_0.273",NA,"n>75",NA,NA,NA,"1",757.719229001539,0.39850774734748
"20250529-CbDRC3-p029-m2x_F04_roi_0.png",20250529,"CbDRC3","p029","m2x","F04",0,732.95719377269,38.3828374717362,"","48h",10,"15hHB101","DMSO",1,"Levamisole",0.546,NA,NA,"ED3102","1",NA,NA,736.9247938699,230.954644076222,711.619951089904,726.883959220512,745.030220616059,65.2137128904629,766.279453251854,772.823865277282,790.019654838304,0.0884943937738862,34.8081742607275,25.6345117495344,32.0694192770644,33.3969238984224,34.6159160798852,2.35618492113376,36.6583841760281,37.5641008091307,40.1045516357117,0.0676905632419836,76,"1_ED3102_0.546",NA,"n>75",NA,NA,NA,"1",757.719229001539,-12.6890083854797
"20250529-CbDRC3-p029-m2x_F05_roi_0.png",20250529,"CbDRC3","p029","m2x","F05",0,779.549816482137,35.3887982610932,"","48h",10,"15hHB101","DMSO",1,"Levamisole",1.09,NA,NA,"ED3102","1",NA,NA,727.779685555402,567.548120142573,693.133045671241,709.539187960167,735.418072735936,39.8549442796661,746.652352189552,768.702387900581,799.95944217528,0.0547623753048987,35.3349464057341,29.9927443980115,32.8702391184414,33.9115209347692,35.3832782147618,2.21209364221839,36.5571258474854,38.0917468541883,41.1124314161844,0.0626035657962514,73,"1_ED3102_1.09",NA,NA,NA,NA,NA,"1",757.719229001539,-22.3011562656023
"20250529-CbDRC3-p029-m2x_F06_roi_0.png",20250529,"CbDRC3","p029","m2x","F06",0,763.114123521728,33.354323536289,"","48h",10,"15hHB101","DMSO",1,"Levamisole",2.1875,NA,NA,"ED3102","1",NA,NA,672.430207254938,366.647791141028,601.661518848337,652.237810399856,681.845710636777,63.6411539615015,710.883090083407,737.120233504148,774.329002956625,0.0946435083892257,33.243265263285,19.0844092590171,30.3304837595812,31.9337219762016,33.7121021243421,2.99426908000741,35.1301134610764,36.3097800977633,37.7248896775179,0.0900714492482297,71,"1_ED3102_2.1875",NA,NA,NA,NA,NA,"1",757.719229001539,-75.8735183647619
"20250529-CbDRC3-p029-m2x_F07_roi_0.png",20250529,"CbDRC3","p029","m2x","F07",0,600.798938689762,33.2781040791204,"","48h",10,"15hHB101","DMSO",1,"Levamisole",4.375,NA,NA,"ED3102","1",NA,NA,520.351903076186,366.107938912528,468.070145860022,487.52068361454,515.840269952466,45.1058104660621,559.947970584348,577.79052478009,602.33783550566,0.0866832814474362,28.8687090688222,19.9159556931502,26.186189441909,27.2629727368227,28.8257292655772,2.58887206674121,30.616018810346,32.2823325922232,34.6581437064845,0.0896774448961128,76,"1_ED3102_4.375",NA,"n>75",NA,NA,NA,"1",757.719229001539,-241.878959049073
"20250529-CbDRC3-p029-m2x_F08_roi_0.png",20250529,"CbDRC3","p029","m2x","F08",0,503.403024734012,28.3147889654447,"","48h",10,"15hHB101","DMSO",1,"Levamisole",8.75,NA,NA,"ED3102","1",NA,NA,505.233088782422,295.843569669189,448.449004003904,471.566375462428,503.055875851188,57.8881979130758,543.204889948085,577.783297132648,614.892465385496,0.11457721039725,28.6244624498279,16.5773389037346,25.4341425610211,27.4439384033755,28.9539252496116,3.15535462481161,30.2990684129886,32.3272856820436,35.754487634517,0.110232799317794,74,"1_ED3102_8.75",NA,NA,NA,NA,NA,"1",757.719229001539,-254.663353150351
"20250529-CbDRC3-p029-m2x_F09_roi_0.png",20250529,"CbDRC3","p029","m2x","F09",0,490.524112502984,30.0854610243949,"","48h",10,"15hHB101","DMSO",1,"Levamisole",17.5,NA,NA,"ED3102","1",NA,NA,466.276103032786,165.148175722996,400.801729856298,461.386086361512,483.920248996288,67.5684573856909,500.684060045367,514.659656664952,563.326425037526,0.144910830613465,26.9295053528464,14.9671072453216,23.1516772993093,25.9513485872933,27.9098252226228,3.3636630793288,28.86587313115,29.6651359409525,34.1231925720592,0.124906233339829,80,"1_ED3102_17.5",NA,"n>75",NA,NA,NA,"1",757.719229001539,-273.79898000525
"20250529-CbDRC3-p029-m2x_F10_roi_0.png",20250529,"CbDRC3","p029","m2x","F10",0,478.92674533215,26.4760437000723,"","48h",10,"15hHB101","DMSO",1,"Levamisole",35,NA,NA,"ED3102","1",NA,NA,464.279047990207,182.510336126409,414.348574852572,452.432430347835,481.98946126727,67.5990043850624,495.58849708681,516.941221613587,564.823563555078,0.145599946148094,26.9541821361544,13.7652864927292,23.6412235690888,25.8360222458312,27.6746975894041,3.27302499306483,29.1870585468998,29.8206413301766,31.3976670602353,0.121429208147801,75,"1_ED3102_35",NA,NA,NA,NA,NA,"1",757.719229001539,-275.729767734269
"20250529-CbDRC3-p029-m2x_F11_roi_0.png",20250529,"CbDRC3","p029","m2x","F11",0,456.33146376109,28.0330431066644,"","48h",10,"15hHB101","DMSO",1,"Levamisole",70,NA,NA,"ED3102","1",NA,NA,373.831880364822,173.227013268992,282.555949777176,353.304276907668,372.012361428062,65.0255032226793,422.22424001057,453.467279287653,505.492475252422,0.173943172420771,22.9598099833781,13.2181572990818,19.9179018673575,21.7807389800203,23.3201519869176,3.07361614477645,24.5643389669452,26.1498828497036,28.8304593595946,0.133869406889762,70,"1_ED3102_70",NA,NA,NA,NA,NA,"1",757.719229001539,-385.706867573477
"20250529-CbDRC3-p029-m2x_F12_roi_0.png",20250529,"CbDRC3","p029","m2x","F12",0,566.015267113749,28.1532133034017,"","48h",10,"15hHB101","DMSO",1,"Levamisole",140,NA,NA,"ED3102","1",NA,NA,346.809861885683,220.709028347182,263.245718437162,317.868013764174,357.717698963835,58.2924170524565,379.264459406887,393.894383276878,566.015267113749,0.1680817746517,22.1257788437642,17.3666051904074,19.3194019039369,20.6965942176515,22.311158688254,2.11238086345791,23.4890580066318,24.6836948647333,28.1532133034017,0.095471480501273,61,"1_ED3102_140",NA,NA,NA,NA,NA,"1",757.719229001539,-400.001530037704
"20250529-CbDRC3-p030-m2x_A01_roi_0.png",20250529,"CbDRC3","p030","m2x","A01",0,747.621551974497,37.8563984880984,"","48h",10,"15hHB101","DMSO",1,"Levamisole",0,NA,NA,"ECA2666","1",NA,NA,733.118409764017,586.714964542394,689.773899030843,709.990244457136,732.895518841347,39.3300208619945,761.594449788722,781.733127409317,811.933742309843,0.0536475695306226,33.772278919875,26.9624688368557,30.2460965485961,31.8072200717978,33.4491892852542,2.84219078901568,35.4415201658034,37.3738143367676,41.6213625256856,0.0841575066864395,73,"1_ECA2666_0",NA,NA,NA,NA,NA,"1",742.112829021127,-9.21731017977982
"20250529-CbDRC3-p030-m2x_A02_roi_0.png",20250529,"CbDRC3","p030","m2x","A02",0,761.615648237915,32.7426128465473,"","48h",10,"15hHB101","DMSO",1,"Levamisole",0.136,NA,NA,"ECA2666","1",NA,NA,739.020830948872,177.070789136562,692.006881170864,733.092423545229,756.223977026005,90.6491913525236,775.31758382886,790.955719682723,855.026550853725,0.12266121272405,33.3273767462519,12.5265838820725,31.2330955638928,32.1630183225324,33.8593086886324,3.6052923664859,35.2184160807689,36.4344720648464,37.412738345023,0.108178102163152,58,"1_ECA2666_0.136",NA,NA,NA,NA,NA,"1",742.112829021127,14.1111480048781
"20250529-CbDRC3-p030-m2x_A03_roi_0.png",20250529,"CbDRC3","p030","m2x","A03",0,745.472872048895,35.9136372918133,"","48h",10,"15hHB101","DMSO",1,"Levamisole",0.273,NA,NA,"ECA2666","1",NA,NA,753.062890816854,606.511122720041,705.062822186745,728.426791161745,761.727045119806,39.6838768972858,778.099277573864,794.037095885875,820.590967448983,0.0526966304955491,34.3469933086123,28.8453798723641,30.5979530691739,32.3852319189713,34.5047647172599,2.60328945451935,35.9136372918133,37.4775665190901,40.2701036680622,0.0757938091153554,73,"1_ECA2666_0.273",NA,NA,NA,NA,NA,"1",742.112829021127,19.6142160986793
"20250529-CbDRC3-p030-m2x_A04_roi_0.png",20250529,"CbDRC3","p030","m2x","A04",0,784.485783254917,34.5293896576337,"","48h",10,"15hHB101","DMSO",1,"Levamisole",0.546,NA,NA,"ECA2666","1",NA,NA,749.810252953117,492.803187653747,706.77026882118,734.545992760823,759.112287311362,46.0984054948297,774.307244908632,786.731632354531,827.696734013214,0.0614800948817007,34.0893837076737,27.03279077589,31.3038961545999,32.9597687063993,33.8072838814896,2.40718603472404,35.5634582051946,37.1767207911537,39.1474236118052,0.0706139499430778,73,"1_ECA2666_0.546",NA,NA,NA,NA,NA,"1",742.112829021127,16.9994582902355
"20250529-CbDRC3-p030-m2x_A05_roi_0.png",20250529,"CbDRC3","p030","m2x","A05",0,694.878869566763,31.3546260233831,"","48h",10,"15hHB101","DMSO",1,"Levamisole",1.09,NA,NA,"ECA2666","1",NA,NA,742.123854741546,614.398043749731,694.910958067396,731.837186944366,746.608324484587,34.6440868794511,763.899126779344,779.043046889034,800.585158617928,0.0466823518178328,34.446971305937,29.4958750256641,31.2609047058091,32.5001300256916,34.031742848656,2.57917417619824,36.4515072657262,37.765344506314,40.3428969480619,0.0748737575008142,66,"1_ECA2666_1.09",NA,NA,NA,NA,NA,"1",742.112829021127,4.49549546345986
"20250529-CbDRC3-p030-m2x_A07_roi_0.png",20250529,"CbDRC3","p030","m2x","A07",0,660.000803874814,34.4044012643624,"","48h",10,"15hHB101","DMSO",1,"Levamisole",4.375,NA,NA,"ECA2666","1",NA,NA,574.92925077027,363.800008599953,481.040157689782,535.174250580231,591.721079535815,70.6162539355323,624.928104901481,648.785019994963,660.001445966283,0.122825989182013,30.2225550764481,22.8291104641801,26.2933094279702,28.0978015527513,30.2237016892209,2.94816649281855,32.6351525016353,33.9117295938457,34.8291777124512,0.0975485522438837,59,"1_ECA2666_4.375",NA,NA,NA,NA,NA,"1",742.112829021127,-150.391749485312
"20250529-CbDRC3-p030-m2x_A08_roi_0.png",20250529,"CbDRC3","p030","m2x","A08",0,611.686177219295,31.6109013203733,"","48h",10,"15hHB101","DMSO",1,"Levamisole",8.75,NA,NA,"ECA2666","1",NA,NA,518.194821956696,286.997863456581,457.983117272485,493.753115547256,515.502336889283,61.2920556156609,559.727385598878,589.832547652301,626.075489128085,0.118279946110274,28.4644954024653,17.9371509522111,25.3463918184082,27.3951533957643,28.8932347613218,2.96070216033854,29.989335549621,31.7367344697461,34.1481395120067,0.10401386423601,75,"1_ECA2666_8.75",NA,NA,NA,NA,NA,"1",742.112829021127,-226.610492131844
"20250529-CbDRC3-p030-m2x_A09_roi_0.png",20250529,"CbDRC3","p030","m2x","A09",0,538.664938952399,25.8533115090334,"","48h",10,"15hHB101","DMSO",1,"Levamisole",17.5,NA,NA,"ECA2666","1",NA,NA,409.303002277556,188.414359571877,323.322972614373,382.448059086506,407.796394233454,73.9982707395067,464.101369442152,481.627895107018,538.664938952399,0.180790930747503,22.748114274621,12.9231934329133,18.9289693110831,21.569987894103,23.1634492264818,3.29831462025642,25.0637359594168,25.9089742043644,28.5178068277076,0.144992880747755,63,"1_ECA2666_17.5",NA,NA,NA,NA,NA,"1",742.112829021127,-334.316434787673
"20250529-CbDRC3-p030-m2x_A10_roi_0.png",20250529,"CbDRC3","p030","m2x","A10",0,476.43208728155,26.2154408558064,"","48h",10,"15hHB101","DMSO",1,"Levamisole",35,NA,NA,"ECA2666","1",NA,NA,432.687622830801,216.885695779896,357.516293666404,406.31040929004,439.30130825572,69.8200944874765,474.164137114351,504.564678931905,581.091667389655,0.161363743272081,23.6122121562765,12.7553792368068,20.2692461270813,22.1634126545173,23.6371927005563,3.06066348073079,25.3658371267959,27.1773146835514,32.839651798766,0.129622055759702,68,"1_ECA2666_35",NA,NA,NA,NA,NA,"1",742.112829021127,-302.811520765406
"20250529-CbDRC3-p030-m2x_A11_roi_0.png",20250529,"CbDRC3","p030","m2x","A11",0,459.658010921131,25.7418206703406,"","48h",10,"15hHB101","DMSO",1,"Levamisole",70,NA,NA,"ECA2666","1",NA,NA,337.66599214898,201.540583058697,263.703157968445,285.142581625798,333.643832570135,66.4181575730627,395.58106739449,425.542140934861,496.370187692881,0.196697799355994,21.2480703482647,14.8551717239558,17.320529705474,18.1418087900766,21.0843530163173,4.27487651019868,23.2168750554325,24.6705778888018,44.4158508226663,0.20118892869478,59,"1_ECA2666_70",NA,NA,NA,NA,NA,"1",742.112829021127,-408.468996450992
"20250529-CbDRC3-p030-m2x_A12_roi_0.png",20250529,"CbDRC3","p030","m2x","A12",0,300.318038221554,14.7089617540326,"","48h",10,"15hHB101","DMSO",1,"Levamisole",140,NA,NA,"ECA2666","1",NA,NA,262.208288513824,174.723170067045,208.374938991797,238.040189438498,262.56013714803,42.32263763823,285.461706566939,306.71696960066,407.579556411491,0.161408466063797,16.9305944244833,13.2830876212742,14.2342680286255,15.0635735554554,16.6168654395694,2.38322795196172,17.8541688507806,19.5690105673455,24.4699246457858,0.140764576376322,53,"1_ECA2666_140",NA,NA,NA,NA,NA,"1",742.112829021127,-479.552691873097
"20250529-CbDRC3-p030-m2x_B01_roi_0.png",20250529,"CbDRC3","p030","m2x","B01",0,870.996574398214,36.8297740067736,"","48h",10,"15hHB101","DMSO",1,"Levamisole",0,NA,NA,"JU3237","1",NA,NA,816.759189003414,633.114688528237,762.428417016479,787.765506638211,813.352628107263,84.1506173756602,841.017438894475,869.245151573707,1454.62983101884,0.103029899765607,37.0894954373203,28.1838611976134,34.1597478772186,35.9566199038039,37.1283727923449,2.45421996338981,38.3238591220149,39.7742819266489,44.3975656422783,0.0661702170507372,90,"1_JU3237_0",NA,"n>75",NA,NA,NA,"1",810.19884282327,3.15378528399322
"20250529-CbDRC3-p030-m2x_B02_roi_0.png",20250529,"CbDRC3","p030","m2x","B02",0,782.063775770858,35.040980059734,"","48h",10,"15hHB101","DMSO",1,"Levamisole",0.136,NA,NA,"JU3237","1",NA,NA,797.065873421872,440.020632698281,752.927511125193,781.568490613297,800.678197188569,68.2396970462951,833.240413344706,857.022669854332,903.09803079772,0.0856136228155601,36.7774959906168,25.2563406513262,34.0881244190388,35.6116030104471,36.9972200397749,2.47962949178236,38.3257437072925,39.1019708629305,43.4282591706702,0.0674224665109065,80,"1_JU3237_0.136",NA,"n>75",NA,NA,NA,"1",810.19884282327,-9.52064563470071
"20250529-CbDRC3-p030-m2x_B03_roi_0.png",20250529,"CbDRC3","p030","m2x","B03",0,855.700815544017,38.4247408719819,"","48h",10,"15hHB101","DMSO",1,"Levamisole",0.273,NA,NA,"JU3237","1",NA,NA,821.799737846245,622.392065439819,775.790637266267,798.763496573313,834.662704297586,45.0528645391693,848.963323574749,864.285846092828,895.924579090771,0.0548221938561856,36.9926419049671,28.651738189747,34.5924758551507,35.7416963172504,37.3737462313604,2.16264489379061,38.5255964967288,39.2057434693997,41.0607222663492,0.0584614880804235,76,"1_JU3237_0.273",NA,"n>75",NA,NA,NA,"1",810.19884282327,24.4638614743155
"20250529-CbDRC3-p030-m2x_B04_roi_0.png",20250529,"CbDRC3","p030","m2x","B04",0,807.333314684044,36.3263232467138,"","48h",10,"15hHB101","DMSO",1,"Levamisole",0.546,NA,NA,"JU3237","1",NA,NA,815.165341919203,657.759152454518,767.607692047577,792.911477550566,821.279385251436,43.6264198113902,845.387021881,863.217404395838,899.682038282928,0.0535184919769496,36.7378163718625,29.4807014240428,34.5099865121941,35.463381989744,36.7891831327508,2.14655093212607,37.9807386720905,39.4438899166418,41.4572084971121,0.0584289199553547,70,"1_JU3237_0.546",NA,NA,NA,NA,NA,"1",810.19884282327,11.0805424281663
"20250529-CbDRC3-p030-m2x_B05_roi_0.png",20250529,"CbDRC3","p030","m2x","B05",0,839.313526017259,36.0577332853224,"","48h",10,"15hHB101","DMSO",1,"Levamisole",1.09,NA,NA,"JU3237","1",NA,NA,799.464925836722,668.152789738937,748.10452044612,771.573585274209,806.930062942565,38.6000250244241,825.549877151087,838.680538715947,875.665197280319,0.0482823245610496,37.347510256075,27.5140929450897,35.1273647920192,36.0889349767293,37.1290126298629,2.34549172186174,38.8276420452896,40.3768526844655,42.7468733019594,0.0628018228197748,97,"1_JU3237_1.09",NA,"n>75",NA,NA,NA,"1",810.19884282327,-3.26877988070521
"20250529-CbDRC3-p030-m2x_B06_roi_0.png",20250529,"CbDRC3","p030","m2x","B06",0,804.334729101758,38.9362055279174,"","48h",10,"15hHB101","DMSO",1,"Levamisole",2.1875,NA,NA,"JU3237","1",NA,NA,772.306713857438,314.744782793169,735.481049349877,756.605581308697,776.383915946561,61.5624018060689,802.015507485306,823.884903348292,843.906460869429,0.0797123742438846,37.4036556267585,30.9668234383739,34.9333957915095,36.1459858410587,37.288111700358,1.99012181133293,38.7049004532298,39.9993128362071,41.4336373993465,0.0532066125084631,81,"1_JU3237_2.1875",NA,"n>75",NA,NA,NA,"1",810.19884282327,-33.8149268767096
"20250529-CbDRC3-p030-m2x_B07_roi_0.png",20250529,"CbDRC3","p030","m2x","B07",0,662.116092562532,32.7169119813795,"","48h",10,"15hHB101","DMSO",1,"Levamisole",4.375,NA,NA,"JU3237","1",NA,NA,583.262692129353,299.164024435786,493.021603464756,541.50179999709,597.451025795268,72.2824443275818,635.079731296237,660.805962179129,716.126096109586,0.123927769258987,31.7027305529315,17.0088285176961,26.3520093498961,29.7510202857924,31.9450313052021,4.05487763581917,34.4068386343934,36.5339921703973,39.5069640890682,0.127903103773634,84,"1_JU3237_4.375",NA,"n>75",NA,NA,NA,"1",810.19884282327,-212.747817028002
"20250529-CbDRC3-p030-m2x_B09_roi_0.png",20250529,"CbDRC3","p030","m2x","B09",0,436.123617298106,25.0384239325452,"","48h",10,"15hHB101","DMSO",1,"Levamisole",17.5,NA,NA,"JU3237","1",NA,NA,410.943148575396,356.101541543273,375.694434317896,390.238238495931,407.896723923922,32.7565923529026,426.851338520681,444.85962077633,540.166940878767,0.0797107640471897,23.2574809551531,18.5206589535264,21.0559352685828,21.8780670855864,23.4512533421457,1.88241577085109,24.236140855814,25.2472742821883,28.6293651877217,0.0809380764185473,66,"1_JU3237_17.5",NA,NA,NA,NA,NA,"1",810.19884282327,-402.302118899348
"20250529-CbDRC3-p030-m2x_B10_roi_0.png",20250529,"CbDRC3","p030","m2x","B10",0,444.298203227755,24.3252268582765,"","48h",10,"15hHB101","DMSO",1,"Levamisole",35,NA,NA,"JU3237","1",NA,NA,401.528532072413,229.593320553598,324.499112061375,382.962940111159,402.237904671932,56.1360957257588,441.122980480819,465.505362022131,517.862241305741,0.139805994448322,23.0556704357528,13.1696188314253,19.8873127547704,21.67558399646,23.481526908403,3.17221719647646,25.0368808977666,26.1854778885679,29.3409257546003,0.137589457886996,73,"1_JU3237_35",NA,NA,NA,NA,NA,"1",810.19884282327,-407.960938151338
"20250529-CbDRC3-p030-m2x_B11_roi_0.png",20250529,"CbDRC3","p030","m2x","B11",0,404.352514158891,23.1253457056679,"","48h",10,"15hHB101","DMSO",1,"Levamisole",70,NA,NA,"JU3237","1",NA,NA,332.153714707042,158.75905482231,253.248739811722,302.226893929517,345.386505950638,53.5919163313905,369.743622209402,387.528293379112,404.70297728616,0.161346731824626,20.5739459889569,15.8447861510791,17.494416432964,18.5283081700901,20.5395286845031,2.32667322146895,22.8806189589186,23.2065545655489,25.6955004020323,0.113088331364231,59,"1_JU3237_70",NA,NA,NA,NA,NA,"1",810.19884282327,-464.812336872632
"20250529-CbDRC3-p030-m2x_B12_roi_0.png",20250529,"CbDRC3","p030","m2x","B12",0,370.114440542656,20.8143273317639,"","48h",10,"15hHB101","DMSO",1,"Levamisole",140,NA,NA,"JU3237","1",NA,NA,296.607386051773,196.877695057361,235.045962715838,257.615795397788,292.045019383715,49.2348803171166,332.412410977787,362.901440463061,378.336598069081,0.165993439922371,18.6090704426591,14.2671535692222,15.6083991806548,17.1600208698925,18.5393618127771,2.08979406232486,20.0376951038437,21.1352201235985,23.998077832671,0.112299755582323,57,"1_JU3237_140",NA,NA,NA,NA,NA,"1",810.19884282327,-518.153823439555
"20250529-CbDRC3-p030-m2x_C01_roi_0.png",20250529,"CbDRC3","p030","m2x","C01",0,810.180091699258,38.725475380109,"","48h",10,"15hHB101","DMSO",1,"Levamisole",0,NA,NA,"VX34","1",NA,NA,746.869539693749,177.410462218315,688.66640675913,738.381800575604,759.219520158296,100.795342600661,792.136260847445,815.161277367411,866.717657911075,0.134957093901556,36.8583652697622,12.7678983672238,33.3424601592862,35.4844827788165,37.8202296543664,4.56603210477597,39.144003088587,40.1450267130205,42.7176878953877,0.123880483340965,57,"1_VX34_0",NA,NA,NA,NA,NA,"1",764.119037751743,-4.89951759344729
"20250529-CbDRC3-p030-m2x_C02_roi_0.png",20250529,"CbDRC3","p030","m2x","C02",0,882.671314145743,38.1666953859244,"","48h",10,"15hHB101","DMSO",1,"Levamisole",0.136,NA,NA,"VX34","1",NA,NA,766.671223250302,615.949495766281,718.781856391381,744.01082616114,765.437406184144,44.7588219596111,793.201966249431,820.395666047501,882.671314145743,0.0583807251429839,37.2334690757561,29.9634028716467,33.9750661314011,35.5458637429448,37.5014608903495,2.62493154633914,38.7364045086764,39.9608788575112,45.0511337555431,0.0704992473572202,61,"1_VX34_0.136",NA,NA,NA,NA,NA,"1",764.119037751743,1.31836843240046
"20250529-CbDRC3-p030-m2x_C03_roi_0.png",20250529,"CbDRC3","p030","m2x","C03",0,792.005750646353,37.5774083135636,"","48h",10,"15hHB101","DMSO",1,"Levamisole",0.273,NA,NA,"VX34","1",NA,NA,761.107542146175,454.814145197357,698.752315011422,742.498024496613,766.676665806677,73.5558895319249,800.970960167789,827.736930934884,901.649446951348,0.0966432277421817,36.5283943190653,23.6988534803314,33.1848186869885,35.3419352669978,36.973092711117,3.34498783990898,38.9059358194652,39.9252579704979,41.5131392177996,0.0915722659663451,63,"1_VX34_0.273",NA,NA,NA,NA,NA,"1",764.119037751743,2.55762805493328
"20250529-CbDRC3-p030-m2x_C04_roi_0.png",20250529,"CbDRC3","p030","m2x","C04",0,722.857932894875,32.5290552914025,"","48h",10,"15hHB101","DMSO",1,"Levamisole",0.546,NA,NA,"VX34","1",NA,NA,786.159138668126,626.225237164196,726.05893964577,760.478874936157,785.954968810905,51.1694324374901,829.318171960446,846.213180961889,877.618322702759,0.0650878809653972,36.8991300592807,28.6713057871929,33.2862487044651,35.972030076817,37.4463161454218,2.92555334777967,38.5687761775345,39.6809986421014,43.6153300311257,0.0792851577551989,43,"1_VX34_0.546",NA,NA,NA,NA,NA,"1",764.119037751743,21.8359310591615
"20250529-CbDRC3-p030-m2x_C05_roi_0.png",20250529,"CbDRC3","p030","m2x","C05",0,809.139169100833,36.9745026958831,"","48h",10,"15hHB101","DMSO",1,"Levamisole",1.09,NA,NA,"VX34","1",NA,NA,748.29756691453,172.811638428305,694.190046708966,731.850539005025,770.243713834633,94.5472287705742,795.371287502538,811.115307682141,832.498658974503,0.12634977440916,36.2858355924201,10.9183523097377,32.563978090863,34.2649818738487,36.7934047600528,4.77783103986303,38.8870453197674,39.9148798935669,43.8598578214149,0.131672068779948,57,"1_VX34_1.09",NA,NA,NA,NA,NA,"1",764.119037751743,6.12467608289012
"20250529-CbDRC3-p030-m2x_C06_roi_0.png",20250529,"CbDRC3","p030","m2x","C06",0,783.006821712407,40.2558716658549,"","48h",10,"15hHB101","DMSO",1,"Levamisole",2.1875,NA,NA,"VX34","1",NA,NA,707.562834798168,227.054588109978,594.964518736078,697.207963450208,739.688589681085,111.748115884843,775.485478096593,798.530383434586,825.560493825368,0.15793384048601,36.0522146234039,14.0144384877026,29.2673892094633,34.7991368615294,37.2276636768225,5.5821827920975,39.6949851035048,41.5363497495875,43.3349014883124,0.154836057934531,75,"1_VX34_2.1875",NA,NA,NA,NA,NA,"1",764.119037751743,-24.4304480706581
"20250529-CbDRC3-p030-m2x_C07_roi_0.png",20250529,"CbDRC3","p030","m2x","C07",0,694.699084144683,37.4486776332041,"","48h",10,"15hHB101","DMSO",1,"Levamisole",4.375,NA,NA,"VX34","1",NA,NA,593.806794026301,339.379250949555,456.341600612992,556.075168707923,616.773182051312,82.3699885796742,646.386497628474,673.888178478941,745.287302885116,0.138715133286309,32.6690889821381,21.2862288186359,26.62131926116,29.9081373959435,33.5954814430162,4.44798503879902,36.3352639937735,37.0854611869168,40.4204868136434,0.136152711244289,51,"1_VX34_4.375",NA,NA,NA,NA,NA,"1",764.119037751743,-147.345855700431
"20250529-CbDRC3-p030-m2x_C08_roi_0.png",20250529,"CbDRC3","p030","m2x","C08",0,625.069979161903,34.2462984395553,"","48h",10,"15hHB101","DMSO",1,"Levamisole",8.75,NA,NA,"VX34","1",NA,NA,509.275766504848,240.091805204315,379.604527994838,491.299757357969,519.768957840474,84.1199508491964,555.79643476358,602.272129605264,641.807223378612,0.165175640353969,29.232402737372,16.9510821185798,23.8986856073773,26.7266556720929,29.9867583109508,4.16338169226229,31.4525098307384,34.1990806219128,36.4728322238985,0.142423519875075,59,"1_VX34_8.75",NA,NA,NA,NA,NA,"1",764.119037751743,-244.35007991127
"20250529-CbDRC3-p030-m2x_C09_roi_0.png",20250529,"CbDRC3","p030","m2x","C09",0,504.563412711492,30.5482081381835,"","48h",10,"15hHB101","DMSO",1,"Levamisole",17.5,NA,NA,"VX34","1",NA,NA,432.127975914765,195.978125792994,334.283955207615,378.591633009959,457.738869245614,90.0658938840061,502.422462994727,522.866650116904,597.118767893945,0.20842412179713,25.6183225960746,13.1280780871135,20.3595241735168,22.3548144263272,24.9799160387205,4.8573072951227,29.3939547009944,30.5577681083005,35.2776641001856,0.189602862439829,49,"1_VX34_17.5",NA,NA,NA,NA,NA,"1",764.119037751743,-306.380168506129
"20250529-CbDRC3-p030-m2x_C10_roi_0.png",20250529,"CbDRC3","p030","m2x","C10",0,549.315225837107,27.8423534807928,"","48h",10,"15hHB101","DMSO",1,"Levamisole",35,NA,NA,"VX34","1",NA,NA,432.408513018267,179.754042305537,321.344019963247,375.532344478783,456.996943073504,89.2120411994916,499.559665316341,517.169008012768,569.901753388938,0.206314257267462,25.4106673789108,14.4285306926881,20.6184030084904,23.0792879133587,25.1250487683414,4.18710839660854,28.2993271697597,30.3680112210338,33.7416996926944,0.16477758471167,49,"1_VX34_35",NA,NA,NA,NA,NA,"1",764.119037751743,-307.12209467824
"20250529-CbDRC3-p030-m2x_C11_roi_0.png",20250529,"CbDRC3","p030","m2x","C11",0,437.46272983843,26.64233753349,"","48h",10,"15hHB101","DMSO",1,"Levamisole",70,NA,NA,"VX34","1",NA,NA,313.565300426596,115.715102925804,212.109752216141,287.238138608362,330.363718087742,70.2129065105803,363.390650270838,383.556770332254,437.46272983843,0.223917973114557,19.9827571953476,9.08164992493186,13.5344465596816,17.0189785807769,20.9341480724931,4.22899683341725,23.2350706589201,24.2253287469781,26.64233753349,0.211632298389826,36,"1_VX34_70",NA,NA,NA,NA,NA,"1",764.119037751743,-433.755319664001
"20250529-CbDRC3-p030-m2x_C12_roi_0.png",20250529,"CbDRC3","p030","m2x","C12",0,378.259324132712,21.6712542195166,"","48h",10,"15hHB101","DMSO",1,"Levamisole",140,NA,NA,"VX34","1",NA,NA,300.104467250769,162.278416529861,192.366848516704,253.181998435589,309.698770836601,69.6978601588107,356.662598223273,380.078161027415,392.719720166447,0.232245327093284,18.7763850337557,13.1912362195852,13.922142129303,16.1151846969466,19.591402958922,3.20664022331045,21.5007303122537,22.5808660975347,22.9411461298917,0.170780489297893,32,"1_VX34_140",NA,NA,NA,NA,NA,"1",764.119037751743,-454.420266915142
"20250529-CbDRC3-p030-m2x_D01_roi_0.png",20250529,"CbDRC3","p030","m2x","D01",0,752.826414823022,35.1436065599262,"","48h",10,"15hHB101","DMSO",1,"Levamisole",0,NA,NA,"NIC1667","1",NA,NA,716.685197985259,496.924095196966,640.993043715498,689.487618206017,729.084229441893,58.3443642982481,761.860571505212,777.814752430417,784.845115131435,0.0814086358449503,32.9905519668075,22.618704133304,30.0491478054056,31.5506734676843,32.9779324993197,2.74158716483203,34.3197343171407,35.8278030913311,40.9075694901702,0.0831021914271215,66,"1_NIC1667_0",NA,NA,NA,NA,NA,"1",733.394904851972,-4.31067541007906
"20250529-CbDRC3-p030-m2x_D02_roi_0.png",20250529,"CbDRC3","p030","m2x","D02",0,766.56597877479,34.7937439945876,"","48h",10,"15hHB101","DMSO",1,"Levamisole",0.136,NA,NA,"NIC1667","1",NA,NA,708.540185273591,419.256844137007,616.0533565396,684.898073108551,726.321058355162,74.8208414122599,758.360647271855,772.783204078967,807.292365381016,0.105598585609324,33.2992060220181,25.3469024979872,29.3504444064649,30.6423883124592,33.658803880755,3.40539350269399,35.6602850445302,37.0913239083407,42.6851347890736,0.102266507508986,66,"1_NIC1667_0.136",NA,NA,NA,NA,NA,"1",733.394904851972,-7.07384649681057
"20250529-CbDRC3-p030-m2x_D03_roi_0.png",20250529,"CbDRC3","p030","m2x","D03",0,659.773727219551,29.6151137453164,"","48h",10,"15hHB101","DMSO",1,"Levamisole",0.273,NA,NA,"NIC1667","1",NA,NA,693.673305477756,151.706849778074,627.174185044579,670.779430011153,709.928138684344,88.5430828520021,741.125912006696,754.435259895041,783.633487797659,0.127643780080336,31.9211937717722,13.5830295893368,28.2271215051719,30.5329758128124,32.8199656517448,3.62576867682191,34.069531230722,35.2257876505597,37.9253855517926,0.11358499631139,59,"1_NIC1667_0.273",NA,NA,NA,NA,NA,"1",733.394904851972,-23.4667661676286
"20250529-CbDRC3-p030-m2x_D04_roi_0.png",20250529,"CbDRC3","p030","m2x","D04",0,720.081701920654,32.9738962571005,"","48h",10,"15hHB101","DMSO",1,"Levamisole",0.546,NA,NA,"NIC1667","1",NA,NA,703.311008563459,550.657169441732,626.1658861684,676.006708274955,717.807849832087,55.4824666897378,738.574586179796,765.542138476101,815.313429102361,0.0788875277283985,31.8239420022313,25.5965153573815,28.4513940291283,30.6061997165259,32.4319895437236,2.49103014518924,33.5057397055021,34.4331888091815,36.2340258652363,0.0782753483215431,55,"1_NIC1667_0.546",NA,NA,NA,NA,NA,"1",733.394904851972,-15.5870550198848
"20250529-CbDRC3-p030-m2x_D05_roi_0.png",20250529,"CbDRC3","p030","m2x","D05",0,749.66873524084,33.6763515364651,"","48h",10,"15hHB101","DMSO",1,"Levamisole",1.09,NA,NA,"NIC1667","1",NA,NA,699.622887806894,582.993717236241,631.747242208792,672.412443987149,711.451862982368,49.2622068548638,735.593377377522,754.372150451848,790.53359905413,0.0704125146752788,32.8256032883767,26.8515273518254,29.5069447363701,30.6765305762385,32.5332491704246,2.8791791667166,35.2956903810216,36.5247864026804,38.8644044006592,0.087711386182995,68,"1_NIC1667_1.09",NA,NA,NA,NA,NA,"1",733.394904851972,-21.9430418696046
"20250529-CbDRC3-p030-m2x_D06_roi_0.png",20250529,"CbDRC3","p030","m2x","D06",0,730.989203903868,34.9146667422667,"","48h",10,"15hHB101","DMSO",1,"Levamisole",2.1875,NA,NA,"NIC1667","1",NA,NA,681.058931927962,553.225411367344,612.789609759076,648.828952408648,685.503562610096,46.4713250135479,715.267055330178,737.096495147891,768.787230723778,0.0682339263681566,33.4301698104473,27.3720090671129,29.8814516405353,31.3951624707981,33.7114405228644,2.52687668278979,35.2124867717679,36.6337105602863,38.696862350917,0.0755867139508249,64,"1_NIC1667_2.1875",NA,NA,NA,NA,NA,"1",733.394904851972,-47.891342241876
"20250529-CbDRC3-p030-m2x_D07_roi_0.png",20250529,"CbDRC3","p030","m2x","D07",0,647.388211608618,33.3000290709435,"","48h",10,"15hHB101","DMSO",1,"Levamisole",4.375,NA,NA,"NIC1667","1",NA,NA,594.797112934407,490.981819878012,530.994306357187,580.451701039829,602.987731086517,40.9232420464602,619.707128294457,637.926639361698,669.238742890405,0.0688020186321469,31.4010301343755,25.8310961979347,27.4870200512537,29.8514672704757,31.8140998217882,2.54864913435878,33.2006899702797,34.2300320717479,36.496938896539,0.0811645071340736,68,"1_NIC1667_4.375",NA,NA,NA,NA,NA,"1",733.394904851972,-130.407173765455
"20250529-CbDRC3-p030-m2x_D08_roi_0.png",20250529,"CbDRC3","p030","m2x","D08",0,611.709032715446,33.7592597491783,"","48h",10,"15hHB101","DMSO",1,"Levamisole",8.75,NA,NA,"NIC1667","1",NA,NA,551.149856953177,391.620005037779,504.021453405292,523.859652919277,550.320865460657,46.4150797844833,567.830487098662,599.489377885673,706.10546706579,0.0842149901681395,29.5574366577398,19.8077618429974,26.2644362529063,28.325954327793,29.7405575873919,2.66118439940383,30.9838206456441,32.478198764822,35.107039282678,0.0900343433099088,64,"1_NIC1667_8.75",NA,NA,NA,NA,NA,"1",733.394904851972,-183.074039391315
"20250529-CbDRC3-p030-m2x_D09_roi_0.png",20250529,"CbDRC3","p030","m2x","D09",0,554.646930345906,28.6267640702777,"","48h",10,"15hHB101","DMSO",1,"Levamisole",17.5,NA,NA,"NIC1667","1",NA,NA,481.207510252963,189.128710636182,438.659955045263,474.128413968019,494.645151910058,67.1463267508978,513.919984786212,527.89556798177,556.369056816016,0.139537154595946,26.8696496001752,10.3801886282362,24.2305510914692,26.3707516636259,27.8396555806367,3.69203437864556,28.8283598366839,29.4020522795584,33.3800977037369,0.137405378692452,77,"1_NIC1667_17.5",NA,"n>75",NA,NA,NA,"1",733.394904851972,-238.749752941914
"20250529-CbDRC3-p030-m2x_D10_roi_0.png",20250529,"CbDRC3","p030","m2x","D10",0,544.569479540213,30.6344883180211,"","48h",10,"15hHB101","DMSO",1,"Levamisole",35,NA,NA,"NIC1667","1",NA,NA,503.855335157631,260.62427489311,464.917377902793,497.320950689935,507.243666541265,48.3438430809815,529.233730709694,543.517213978731,599.096926976531,0.0959478638166193,28.4026161962456,17.4439732130411,26.7059856280824,27.6488539220012,28.6357220464994,2.4471570205727,29.2738266304724,30.657671862841,36.2208092879192,0.0861595637410391,80,"1_NIC1667_35",NA,"n>75",NA,NA,NA,"1",733.394904851972,-226.151238310707
"20250529-CbDRC3-p030-m2x_D11_roi_0.png",20250529,"CbDRC3","p030","m2x","D11",0,389.293157713423,22.0548758030286,"","48h",10,"15hHB101","DMSO",1,"Levamisole",70,NA,NA,"NIC1667","1",NA,NA,375.028982949899,287.823636834274,328.670063828785,358.336045743122,380.222545868745,33.8515589023696,393.399839360407,412.617223728491,446.532120622451,0.0902638474394708,22.4466892422733,18.0007926373304,19.8002892622773,21.2896343115546,22.7299453211114,1.85928815977676,23.7223793747401,24.2962152039311,27.2942808694019,0.0828312870423317,69,"1_NIC1667_70",NA,NA,NA,NA,NA,"1",733.394904851972,-353.172358983228
"20250529-CbDRC3-p030-m2x_E01_roi_0.png",20250529,"CbDRC3","p030","m2x","E01",0,775.637017008182,36.3676518781536,"","48h",10,"15hHB101","DMSO",1,"Levamisole",0,NA,NA,"PB420","1",NA,NA,753.181293147256,654.672906261232,711.485069141737,737.120764176883,757.622440307391,30.3811192497763,775.637017008182,787.835654168109,799.291420627127,0.0403370603149545,36.7323607218925,31.7135637395369,33.9372605183992,35.2787820133351,36.7880187952417,2.02763100091021,38.1729826062665,39.3498516373982,41.9100472111292,0.0552001276547887,73,"1_PB420_0",NA,NA,NA,NA,NA,"1",755.762080684412,1.86035962297865
"20250529-CbDRC3-p030-m2x_E02_roi_0.png",20250529,"CbDRC3","p030","m2x","E02",0,743.635281303565,36.1566417962568,"","48h",10,"15hHB101","DMSO",1,"Levamisole",0.136,NA,NA,"PB420","1",NA,NA,754.600110994871,555.62329510447,718.496395369379,737.561113063394,762.847152090044,40.2772411215256,782.003375029809,795.270891355869,819.698785314614,0.0533756098556939,36.7336026787622,31.5906274413098,34.6148318007625,35.6629801397438,36.6309174382478,2.1159160566401,37.6098471411276,39.4086278218104,41.6905765057032,0.0576016481460836,71,"1_PB420_0.136",NA,NA,NA,NA,NA,"1",755.762080684412,7.08507140563154
"20250529-CbDRC3-p030-m2x_E03_roi_0.png",20250529,"CbDRC3","p030","m2x","E03",0,792.804404229319,37.2831404170968,"","48h",10,"15hHB101","DMSO",1,"Levamisole",0.273,NA,NA,"PB420","1",NA,NA,764.949886274109,683.735157258613,721.571989993393,748.490438900231,767.628858497931,31.5984999821036,784.306753271836,799.839300440756,845.402997180856,0.0413079347406828,37.2038107649739,32.5283606504091,35.0623671212251,36.1028012072333,37.2716214397169,1.73221234578559,38.2285279304164,39.5866852708682,41.2854694123362,0.0465600783943456,63,"1_PB420_0.273",NA,NA,NA,NA,NA,"1",755.762080684412,11.8667778135186
"20250529-CbDRC3-p030-m2x_E04_roi_0.png",20250529,"CbDRC3","p030","m2x","E04",0,785.440827737735,38.4734933522297,"","48h",10,"15hHB101","DMSO",1,"Levamisole",0.546,NA,NA,"PB420","1",NA,NA,755.374018431329,647.796504906102,716.353322405332,730.278519186883,758.641197030483,36.6855899073614,783.034137072208,794.30529225658,814.54456456106,0.0485661262000322,36.8494189151537,29.7726249770887,34.2382643009231,35.7855377854853,36.7756166547109,2.42724787174044,38.1177330791802,39.4711370747888,42.1320313945962,0.0658693662803533,55,"1_PB420_0.546",NA,NA,NA,NA,NA,"1",755.762080684412,2.87911634607144
"20250529-CbDRC3-p030-m2x_E05_roi_0.png",20250529,"CbDRC3","p030","m2x","E05",0,732.644660029107,36.1149146873967,"","48h",10,"15hHB101","DMSO",1,"Levamisole",1.09,NA,NA,"PB420","1",NA,NA,745.741070513476,651.255308632054,703.320222641392,723.971821140909,749.537714812086,35.2403968572405,771.582393648381,785.096958314525,808.693823859829,0.0472555398256072,37.0606343322536,31.733495113619,33.9320140644613,35.4608911173429,36.637548153702,2.4740642065722,38.9379007779787,40.2132504471584,42.6874358896017,0.0667572007643443,61,"1_PB420_1.09",NA,NA,NA,NA,NA,"1",755.762080684412,-6.22436587232562
"20250529-CbDRC3-p030-m2x_E06_roi_0.png",20250529,"CbDRC3","p030","m2x","E06",0,737.417263052508,37.5692357456496,"","48h",10,"15hHB101","DMSO",1,"Levamisole",2.1875,NA,NA,"PB420","1",NA,NA,684.407983851692,371.607464397003,633.661966312064,663.429954486087,696.078323820534,68.9434341222057,722.314716368382,740.069225383399,770.940821192084,0.10073440951727,34.9158901801143,19.5403349715074,29.9558302935679,33.7024201281361,35.2704658286277,3.89573300601012,36.9475536042608,39.5081217730741,40.7382312331768,0.111574786892555,59,"1_PB420_2.1875",NA,NA,NA,NA,NA,"1",755.762080684412,-59.6837568638779
"20250529-CbDRC3-p030-m2x_E07_roi_0.png",20250529,"CbDRC3","p030","m2x","E07",0,538.273584889624,29.1135888068628,"","48h",10,"15hHB101","DMSO",1,"Levamisole",4.375,NA,NA,"PB420","1",NA,NA,497.998751221104,144.55923137496,393.484306288795,489.254204497992,515.209672720232,87.2477097822823,539.828337142792,567.260586679449,627.806682203972,0.17519664370312,28.0337482071924,15.3069458236797,24.3296357578457,27.0155459117324,28.7054320986273,4.33322485291835,30.7829471710472,32.3418531070234,33.7978054854045,0.15457172622413,50,"1_PB420_4.375",NA,NA,NA,NA,NA,"1",755.762080684412,-240.55240796418
"20250529-CbDRC3-p030-m2x_E08_roi_0.png",20250529,"CbDRC3","p030","m2x","E08",0,482.221452198908,28.7494775526154,"","48h",10,"15hHB101","DMSO",1,"Levamisole",8.75,NA,NA,"PB420","1",NA,NA,470.441629248091,230.535453214832,341.073027709096,456.077258533387,491.369414534426,82.7370087719764,516.316365600829,544.598824544881,601.271505065199,0.175870934092749,27.3607767927448,13.0620851643139,20.2581351145175,26.4558837311184,28.4751208836104,4.53181894682046,30.3674226207098,31.8829421416147,34.2849028005491,0.165631954865483,55,"1_PB420_8.75",NA,NA,NA,NA,NA,"1",755.762080684412,-264.392666149986
"20250529-CbDRC3-p030-m2x_E09_roi_0.png",20250529,"CbDRC3","p030","m2x","E09",0,469.083866106607,26.2557020381212,"","48h",10,"15hHB101","DMSO",1,"Levamisole",17.5,NA,NA,"PB420","1",NA,NA,412.213401136539,230.196854607786,326.184407379181,354.613477678124,428.136057787618,74.0728993065464,468.022735817033,491.052115671468,571.811392414782,0.179695514755986,24.2306258749575,12.3956858713419,20.5878163476311,22.4646724996401,24.2029197904788,3.7025546615962,26.312820229129,28.9716816206025,30.9217067622939,0.152804747211371,42,"1_PB420_17.5",NA,NA,NA,NA,NA,"1",755.762080684412,-327.626022896794
"20250529-CbDRC3-p030-m2x_E10_roi_0.png",20250529,"CbDRC3","p030","m2x","E10",0,461.903981406913,26.8099778557843,"","48h",10,"15hHB101","DMSO",1,"Levamisole",35,NA,NA,"PB420","1",NA,NA,433.720453880261,232.8752998636,314.189137708085,401.399398385705,461.20923203814,77.0602042990629,482.540422222369,498.1110839181,566.995057961695,0.177672516040337,25.489987012232,15.3493048354435,20.1577559208868,23.2435836818491,26.3622020379904,3.54591399830948,27.8399379968642,28.6302413843969,33.3407509380481,0.139110074736715,50,"1_PB420_35",NA,NA,NA,NA,NA,"1",755.762080684412,-294.552848646272
"20250529-CbDRC3-p030-m2x_E11_roi_0.png",20250529,"CbDRC3","p030","m2x","E11",0,357.557574759185,20.3632366559879,"","48h",10,"15hHB101","DMSO",1,"Levamisole",70,NA,NA,"PB420","1",NA,NA,329.368451949141,238.747122391152,278.962818625975,318.401985692414,334.756007984737,32.9531788127013,350.164060310346,367.782620595629,381.29331433089,0.100049590717297,20.7826141362566,16.2196631355693,18.30524194314,19.5267346203539,20.7992936701613,1.93595367300889,22.3225777770423,23.249635263986,23.886020737138,0.0931525582064045,50,"1_PB420_70",NA,NA,NA,NA,NA,"1",755.762080684412,-421.006072699675
"20250529-CbDRC3-p030-m2x_E12_roi_0.png",20250529,"CbDRC3","p030","m2x","E12",0,355.030857372272,20.4352886885788,"","48h",10,"15hHB101","DMSO",1,"Levamisole",140,NA,NA,"PB420","1",NA,NA,276.507317359865,188.360863815069,220.454411957236,238.974247305039,268.815613786127,48.2223097892613,315.797612744369,352.711130713874,361.25973303021,0.174397951742093,18.617071555541,12.1823455880294,15.9583607833617,17.5461737242016,18.7528599422466,2.08761308759882,20.2246188879716,20.8032177438205,22.386134439461,0.112134343007211,57,"1_PB420_140",NA,NA,NA,NA,NA,"1",755.762080684412,-486.946466898285
"20250529-CbDRC3-p030-m2x_F01_roi_0.png",20250529,"CbDRC3","p030","m2x","F01",0,762.494466853632,35.8692003211942,"","48h",10,"15hHB101","DMSO",1,"Levamisole",0,NA,NA,"ED3102","1",NA,NA,760.067894203697,672.780799729019,718.279491081646,749.110718320632,763.793407393948,31.2558836750129,776.158530579219,797.845451834524,839.961965114588,0.0411224890741621,35.8397027386561,30.5752037919718,33.1778912892509,34.3013620991346,35.6538125849182,2.20541458486607,37.6807137717968,38.8491831838531,40.0665393945358,0.0615355155411865,78,"1_ED3102_0",NA,"n>75",NA,NA,NA,"1",757.719229001539,6.07417839240873
"20250529-CbDRC3-p030-m2x_F02_roi_0.png",20250529,"CbDRC3","p030","m2x","F02",0,729.95820176323,33.5891009037698,"","48h",10,"15hHB101","DMSO",1,"Levamisole",0.136,NA,NA,"ED3102","1",NA,NA,735.523213814932,400.78279785853,676.318540190329,730.997299037247,754.965541177502,65.5979196559785,770.284508294885,782.482322690235,842.841970612097,0.0891853831719903,34.7473111698556,19.8716645508921,31.4093042319714,33.4786096061087,34.7994438552215,3.16946556559967,36.5927221092587,37.7797172313239,42.7273978916488,0.0912147000412877,76,"1_ED3102_0.136",NA,"n>75",NA,NA,NA,"1",757.719229001539,-2.75368782403666
"20250529-CbDRC3-p030-m2x_F03_roi_0.png",20250529,"CbDRC3","p030","m2x","F03",0,775.508609036967,34.8037053052654,"","48h",10,"15hHB101","DMSO",1,"Levamisole",0.273,NA,NA,"ED3102","1",NA,NA,718.137653360871,315.940571219537,597.482935834228,713.489989769454,750.526377154889,93.2595954708531,768.420095861327,787.670800506084,826.82436232227,0.129863118908192,35.3354371937086,25.4775753442674,31.52152134894,33.5621369272267,35.242606615834,3.11868143677343,37.25615797422,39.0857570952281,48.002047628456,0.0882593137217134,98,"1_ED3102_0.273",NA,"n>75",NA,NA,NA,"1",757.719229001539,-7.19285184664989
"20250529-CbDRC3-p030-m2x_F04_roi_0.png",20250529,"CbDRC3","p030","m2x","F04",0,736.633429108306,35.6841116232781,"","48h",10,"15hHB101","DMSO",1,"Levamisole",0.546,NA,NA,"ED3102","1",NA,NA,737.682605997149,332.632967624505,698.911739136996,726.844961948377,750.580649298477,56.342261816809,765.163638011622,773.631650990309,806.936365645944,0.076377376067651,35.7253194498006,29.4236798027324,32.6961344066197,34.2059540391484,35.3186700852266,2.69782206228491,37.1404109620967,38.510624814954,48.5721140695408,0.0755156875805058,96,"1_ED3102_0.546",NA,"n>75",NA,NA,NA,"1",757.719229001539,-7.13857970306174
"20250529-CbDRC3-p030-m2x_F05_roi_0.png",20250529,"CbDRC3","p030","m2x","F05",0,725.431030592514,32.796600348805,"","48h",10,"15hHB101","DMSO",1,"Levamisole",1.09,NA,NA,"ED3102","1",NA,NA,722.136216546038,244.912391973999,679.270390970405,710.076500818707,734.126181795285,66.9846389792088,751.708759988344,765.243050373183,801.743291759421,0.0927590078497862,34.7306502923013,14.9087841694108,32.6284793335043,33.6017177364095,34.9037731393336,3.14203376865052,36.2676833188509,37.5890111416224,40.1490885551818,0.0904686132337409,80,"1_ED3102_1.09",NA,"n>75",NA,NA,NA,"1",757.719229001539,-23.5930472062539
"20250529-CbDRC3-p030-m2x_F06_roi_0.png",20250529,"CbDRC3","p030","m2x","F06",0,736.816095915005,39.3115113786258,"","48h",10,"15hHB101","DMSO",1,"Levamisole",2.1875,NA,NA,"ED3102","1",NA,NA,676.370922964602,457.756502235092,623.364222635131,655.522623847041,682.950809762089,60.0301619879289,721.009304449443,734.309434265318,769.641244511529,0.0887533155990956,34.2502998245649,26.9932858657992,31.703738173346,32.91436407346,34.1459305966885,2.41046378513584,35.6107951657527,37.6634604265193,39.434010983305,0.0703778885873289,85,"1_ED3102_2.1875",NA,"n>75",NA,NA,NA,"1",757.719229001539,-74.7684192394496
"20250529-CbDRC3-p030-m2x_F07_roi_0.png",20250529,"CbDRC3","p030","m2x","F07",0,545.856769451033,29.8378669779738,"","48h",10,"15hHB101","DMSO",1,"Levamisole",4.375,NA,NA,"ED3102","1",NA,NA,512.139540427404,206.899333639058,454.689382035579,477.567452298386,514.789291171586,59.2878362432163,548.123272893357,575.602686077516,623.568287475133,0.115765004580076,29.3570757992312,13.2555028242273,25.9125096352504,27.6792628828137,29.5938191507643,3.20050995545592,31.5173343382659,33.0033592327451,34.6186067192982,0.109020052860297,88,"1_ED3102_4.375",NA,"n>75",NA,NA,NA,"1",757.719229001539,-242.929937829952
"20250529-CbDRC3-p030-m2x_F08_roi_0.png",20250529,"CbDRC3","p030","m2x","F08",0,587.614922489988,30.0629209263809,"","48h",10,"15hHB101","DMSO",1,"Levamisole",8.75,NA,NA,"ED3102","1",NA,NA,501.113835260527,254.330025782307,458.753353615948,486.800867598235,509.716326183529,60.8636615014787,534.880891844471,552.54921059058,606.822907276174,0.121456757364993,29.2106307005129,17.0932680841547,24.9812488792874,27.6747342994094,29.6365945204865,3.49484027248549,31.2147539693739,32.481182359723,37.0467113522868,0.119642752952408,74,"1_ED3102_8.75",NA,NA,NA,NA,NA,"1",757.719229001539,-248.00290281801
"20250529-CbDRC3-p030-m2x_F09_roi_0.png",20250529,"CbDRC3","p030","m2x","F09",0,489.040295864401,28.3461462538062,"","48h",10,"15hHB101","DMSO",1,"Levamisole",17.5,NA,NA,"ED3102","1",NA,NA,453.741663284193,177.600723960612,376.558559899747,430.09338788814,477.495545851335,73.1926895224208,500.170228950479,518.52835474203,562.741156749013,0.161309166525838,26.431751388154,14.2039497449857,21.8694547538699,24.7259779651295,27.5451422287636,3.80342470224888,29.0598101630327,30.1583472385265,32.6229658347413,0.143896053136815,84,"1_ED3102_17.5",NA,"n>75",NA,NA,NA,"1",757.719229001539,-280.223683150204
"20250529-CbDRC3-p030-m2x_F10_roi_0.png",20250529,"CbDRC3","p030","m2x","F10",0,515.222446574418,30.1011844472105,"","48h",10,"15hHB101","DMSO",1,"Levamisole",35,NA,NA,"ED3102","1",NA,NA,466.851052474005,170.819838576095,401.773996188178,456.327076694305,481.195696697302,61.5929755189876,500.334462104284,515.615447285256,549.80406434898,0.131932819241994,27.0988215932126,15.22686802316,23.7060645317861,26.0068181678164,27.6483135405494,2.9265188711072,29.1356085065333,30.0180302179495,31.3029401555961,0.107994322226919,102,"1_ED3102_35",NA,"n>75",NA,NA,NA,"1",757.719229001539,-276.523532304237
"20250529-CbDRC3-p030-m2x_F11_roi_0.png",20250529,"CbDRC3","p030","m2x","F11",0,458.970928914805,25.7042662676881,"","48h",10,"15hHB101","DMSO",1,"Levamisole",70,NA,NA,"ED3102","1",NA,NA,375.948413460549,190.297415581718,322.944070394102,359.238348574061,377.368492834882,53.7592754183703,400.17874896252,429.613771508214,490.360053445645,0.142996415182403,23.5546909074213,15.3832678374908,20.8572236367952,22.5851114961565,23.4682732047865,2.60454210180214,24.6432748585036,26.4948333058744,30.4071284825502,0.110574242389296,78,"1_ED3102_70",NA,"n>75",NA,NA,NA,"1",757.719229001539,-380.350736166656
