"Filename","Date","Metadata_Experiment","Metadata_Plate","Magnification","Metadata_Well","Worm_ID","Length_um","Width_um","Topology_Warnings","assay_type","food_conc_OD","food_type","diluent","diluent_concentration_perc","drug","concentration_um","drug_stock_prep_date","drug_prep_method","strain","bleach","well_censor","well_censor_reason","notes","mean_wormlength_um","min_wormlength_um","q10_wormlength_um","q25_wormlength_um","median_wormlength_um","sd_wormlength_um","q75_wormlength_um","q90_wormlength_um","max_wormlength_um","cv_wormlength_um","mean_wormwidth_um","min_wormwidth_um","q10_wormwidth_um","q25_wormwidth_um","median_wormwidth_um","sd_wormwidth_um","q75_wormwidth_um","q90_wormwidth_um","max_wormwidth_um","cv_wormwidth_um","n","flag_id","titer_WellFlag","n_WellFlag","outlier_length_WellFlag","outlier_width_WellFlag","outlier_WellFlag","assay_bleach","control_median_wormlength_um","median_wormlength_um_delta"
"20250529-CbDRC3-p007-m2x_A01_roi_0.png",20250529,"CbDRC3","p007","m2x","A01",0,691.56641848654,29.3187359235624,"","48h",10,"15hHB101","DMSO",1,"Ivermectin",0,NA,NA,"ECA2666",1,NA,NA,NA,719.810985214739,250.696000788266,625.7913157824,691.918932259764,733.128448212701,94.0041644280694,763.104841686719,794.581503043496,1088.69998772849,0.130595623516395,33.8981518521369,14.3663422934382,29.9390842196062,32.3271945545276,34.2877967142811,3.99589926985852,36.1847500281575,37.9077452412164,45.2560414019646,0.117879561319111,82,"1_ECA2666_0",NA,"n>75",NA,NA,NA,"1",751.991352055543,-18.8629038428427
"20250529-CbDRC3-p007-m2x_A02_roi_0.png",20250529,"CbDRC3","p007","m2x","A02",0,820.49855813413,34.9138215471546,"","48h",10,"15hHB101","DMSO",1,"Ivermectin",2.9e-05,NA,NA,"ECA2666",1,NA,NA,NA,728.156859521939,592.507121245835,651.179576060057,714.670005350294,737.562188188152,48.4996196546043,756.407771377624,777.572682225165,820.49855813413,0.0666060053138084,33.9900940952317,27.9226065616208,30.1323836503709,32.1935328663925,34.27228536702,2.74258588539168,35.7707705571126,36.8319755011838,41.3964290513329,0.0806877991484121,78,"1_ECA2666_2.9e-05",NA,"n>75",NA,NA,NA,"1",751.991352055543,-14.4291638673911
"20250529-CbDRC3-p007-m2x_A03_roi_0.png",20250529,"CbDRC3","p007","m2x","A03",0,753.76424188479,33.8277199180411,"","48h",10,"15hHB101","DMSO",1,"Ivermectin",5.8e-05,NA,NA,"ECA2666",1,NA,NA,NA,726.367242078001,354.756074476402,661.163805887598,712.602529875122,742.127575955531,67.3453093668788,765.964571168486,784.206448439252,795.852434321546,0.092715234754002,33.9212967874867,16.9448291821505,30.8670511903928,32.5490864940456,34.0504605895674,3.04229677640749,36.0168615467708,37.5451212573394,38.3459960060396,0.0896869242784897,86,"1_ECA2666_5.8e-05",NA,"n>75",NA,NA,NA,"1",751.991352055543,-9.86377610001171
"20250529-CbDRC3-p007-m2x_A04_roi_0.png",20250529,"CbDRC3","p007","m2x","A04",0,787.735622281717,35.0170511946064,"","48h",10,"15hHB101","DMSO",1,"Ivermectin",0.00011,NA,NA,"ECA2666",1,NA,NA,NA,734.072961699779,553.012150019388,679.250840631243,711.520133283821,741.217500761424,42.7104238408075,756.535554082207,776.483366495594,803.126202731015,0.058182804801732,33.3305075735851,26.4021916035797,30.1547988537656,31.5517100959135,33.3925383293127,2.83525011230802,35.0945319959916,36.7602593791573,38.8738853476929,0.085064714542631,72,"1_ECA2666_0.00011",NA,NA,NA,NA,NA,"1",751.991352055543,-10.7738512941191
"20250529-CbDRC3-p007-m2x_A05_roi_0.png",20250529,"CbDRC3","p007","m2x","A05",0,779.118093667671,35.0912149508454,"","48h",10,"15hHB101","DMSO",1,"Ivermectin",0.00023,NA,NA,"ECA2666",1,NA,NA,NA,732.112044250689,551.035131929842,655.597499067472,718.103397953632,741.435621179063,53.2050146333908,765.22252506084,781.649875817367,856.719238682084,0.072673322411798,32.9936373743834,24.0998621476499,29.1447270937639,30.8339237410637,33.5964161208318,2.99869724038103,35.2178581247753,36.0616919229402,39.7630497393097,0.0908871370062777,77,"1_ECA2666_0.00023",NA,"n>75",NA,NA,NA,"1",751.991352055543,-10.5557308764803
"20250529-CbDRC3-p007-m2x_A06_roi_0.png",20250529,"CbDRC3","p007","m2x","A06",0,686.306116368087,29.0310947394431,"","48h",10,"15hHB101","DMSO",1,"Ivermectin",0.00046,NA,NA,"ECA2666",1,NA,NA,NA,658.421227938129,451.323568162367,573.161821453132,603.275158275469,677.883343537295,77.8646439143035,720.014749989891,745.746810356369,780.756090727362,0.118259619541945,29.3341832263907,21.2778408099048,26.3318387058186,27.6701078892489,29.1337105980321,3.40990140618707,31.1178162738651,33.7103881415192,39.4809668975244,0.116243270858121,92,"1_ECA2666_0.00046",NA,"n>75",NA,NA,NA,"1",751.991352055543,-74.1080085182485
"20250529-CbDRC3-p007-m2x_A07_roi_0.png",20250529,"CbDRC3","p007","m2x","A07",0,367.09526297919,19.0478218962521,"","48h",10,"15hHB101","DMSO",1,"Ivermectin",0.00093,NA,NA,"ECA2666",1,NA,NA,NA,383.483379901411,266.776891801848,342.246814172932,360.249531569166,379.634224717716,43.1970236738762,401.38403260389,418.221519142467,623.487964834477,0.112643796153517,18.8513285216387,15.162237234762,17.3419023216056,18.0331619949718,18.6159376452156,1.43458986408012,19.4596001311355,20.7107755229487,24.5643026801965,0.076100199645527,76,"1_ECA2666_0.00093",NA,"n>75",NA,NA,NA,"1",751.991352055543,-372.357127337828
"20250529-CbDRC3-p007-m2x_A08_roi_0.png",20250529,"CbDRC3","p007","m2x","A08",0,255.804991509575,14.456067206882,"","48h",10,"15hHB101","DMSO",1,"Ivermectin",0.0018,NA,NA,"ECA2666",1,NA,NA,NA,285.004884605547,220.831773202224,256.131490443447,267.479992414619,281.471516959502,35.2307514907607,291.919061585634,310.642246134445,473.144236784879,0.123614553271678,16.1612060190976,14.0962514888892,14.6992618948477,15.1231545224191,15.497558179869,2.7812283040201,16.1123759350246,17.0677911750291,34.0944263759426,0.172092868609777,60,"1_ECA2666_0.0018",NA,NA,NA,NA,NA,"1",751.991352055543,-470.519835096041
"20250529-CbDRC3-p007-m2x_A10_roi_0.png",20250529,"CbDRC3","p007","m2x","A10",0,227.077973902289,14.5896880407049,"","48h",10,"15hHB101","DMSO",1,"Ivermectin",0.0075,NA,NA,"ECA2666",1,NA,NA,NA,222.731868825083,163.467443851366,196.030021675096,213.532729634844,224.660291610755,23.1492972715938,233.92396520115,246.96202639143,295.039069988041,0.103933475679556,14.0310396766861,11.4879304896203,13.0995940729013,13.6163860190932,14.1272224161621,0.873173646063935,14.4318417078699,14.8802465217203,16.080855285735,0.062231571300792,44,"1_ECA2666_0.0075",NA,NA,NA,NA,NA,"1",751.991352055543,-527.331060444788
"20250529-CbDRC3-p007-m2x_A11_roi_0.png",20250529,"CbDRC3","p007","m2x","A11",0,240.328599494222,14.9938684968934,"","48h",10,"15hHB101","DMSO",1,"Ivermectin",0.015,NA,NA,"ECA2666",1,NA,NA,NA,213.358361338648,128.39690650831,190.813656580198,204.533398267318,217.231409134644,26.1551549070096,230.639829764099,239.716011143156,249.551283357214,0.122587906763567,13.6806357398803,11.8658662984115,12.7313912602363,13.1500302495679,13.7872185645694,0.823356855379849,14.1860444338295,14.740112797256,15.5431698544672,0.0601841077443271,56,"1_ECA2666_0.015",NA,NA,NA,NA,NA,"1",751.991352055543,-534.759942920899
"20250529-CbDRC3-p007-m2x_A12_roi_0.png",20250529,"CbDRC3","p007","m2x","A12",0,244.261952538146,13.0515537280626,"","48h",10,"15hHB101","DMSO",1,"Ivermectin",0.03,NA,NA,"ECA2666",1,NA,NA,NA,208.566543875943,144.988806033881,185.706872204073,195.074712474003,208.215492542615,25.4300056149886,225.624749137993,242.774981694709,262.696671833447,0.121927539970718,13.8644825009625,11.7539632188753,12.8654004388528,13.3266414622068,13.938562316764,0.878315592212542,14.2473935252386,14.9275132630797,16.5038880334076,0.0633500451352273,44,"1_ECA2666_0.03",NA,NA,NA,NA,NA,"1",751.991352055543,-543.775859512928
"20250529-CbDRC3-p007-m2x_B01_roi_0.png",20250529,"CbDRC3","p007","m2x","B01",0,778.510302054661,36.3187155947618,"","48h",10,"15hHB101","DMSO",1,"Ivermectin",0,NA,NA,"JU3237",1,NA,NA,NA,808.305762227584,691.320684681122,752.220183767991,790.733560002801,817.535704508855,38.9571097691579,839.273386914249,849.401602555055,873.018707589553,0.048196006498577,38.1936571129059,33.1052513688116,36.3115257611005,37.1881790047702,38.2599887642326,1.66604260595439,39.3566006307271,39.9600181348343,42.4123913106673,0.0436209237840024,80,"1_JU3237_0",NA,"n>75",NA,NA,NA,"1",828.6410824654,-11.1053779565455
"20250529-CbDRC3-p007-m2x_B02_roi_0.png",20250529,"CbDRC3","p007","m2x","B02",0,863.065401005277,37.4706510089684,"","48h",10,"15hHB101","DMSO",1,"Ivermectin",2.9e-05,NA,NA,"JU3237",1,NA,NA,NA,808.375755370226,636.303411896667,747.496303318372,792.563090076372,819.645658175374,48.1739084659745,842.993802628931,859.106588590775,864.635895189817,0.0595934602762937,37.7167406481678,29.897885560155,34.5272873201385,36.4697186980226,37.8256341882838,2.35216654400023,39.399596587695,40.3308121515946,42.5856373334919,0.0623639928471522,67,"1_JU3237_2.9e-05",NA,NA,NA,NA,NA,"1",828.6410824654,-8.99542429002656
"20250529-CbDRC3-p007-m2x_B03_roi_0.png",20250529,"CbDRC3","p007","m2x","B03",0,796.395481473968,34.9538630910246,"","48h",10,"15hHB101","DMSO",1,"Ivermectin",5.8e-05,NA,NA,"JU3237",1,NA,NA,NA,822.911067086154,628.77337614941,779.033569968952,800.223343173054,828.374558152137,49.9182712949334,851.470686037905,881.535327461985,898.2674322959,0.0606605905443573,37.551434252062,31.293322129348,34.9696764536615,36.5751031030574,37.7377679134425,2.05658850474668,38.973891278848,39.6944584684282,40.8989517954733,0.0547672424691409,65,"1_JU3237_5.8e-05",NA,NA,NA,NA,NA,"1",828.6410824654,-0.266524313263062
"20250529-CbDRC3-p007-m2x_B04_roi_0.png",20250529,"CbDRC3","p007","m2x","B04",0,755.884387184135,33.9622760736384,"","48h",10,"15hHB101","DMSO",1,"Ivermectin",0.00011,NA,NA,"JU3237",1,NA,NA,NA,790.896246649132,247.013417913966,743.668009890549,786.309693184432,820.323828132027,120.749918721864,846.536968519049,860.242942931138,918.862935559877,0.152674790446227,36.6589488985839,14.0931555943134,34.3747883465928,36.4907820989832,37.1228329947167,4.22720183575265,38.5529042838724,39.8333956469853,40.9692972658308,0.115311594106179,71,"1_JU3237_0.00011",NA,NA,NA,NA,NA,"1",828.6410824654,-8.31725433337294
"20250529-CbDRC3-p007-m2x_B05_roi_0.png",20250529,"CbDRC3","p007","m2x","B05",0,830.829261551734,38.8915656008175,"","48h",10,"15hHB101","DMSO",1,"Ivermectin",0.00023,NA,NA,"JU3237",1,NA,NA,NA,793.523002064784,269.363306866796,747.750921370586,779.381393043575,810.936051425988,90.5029817648976,835.050301329572,850.553599626968,923.031047608175,0.114052121399638,36.2186217249757,17.9023043944164,33.2038009010177,35.5084629971142,36.7358907754744,3.56125509248763,38.4726999564067,39.2781875769742,42.407718697592,0.0983266320714753,64,"1_JU3237_0.00023",NA,NA,NA,NA,NA,"1",828.6410824654,-17.705031039412
"20250529-CbDRC3-p007-m2x_B06_roi_0.png",20250529,"CbDRC3","p007","m2x","B06",0,791.022886930971,35.3875361288243,"","48h",10,"15hHB101","DMSO",1,"Ivermectin",0.00046,NA,NA,"JU3237",1,NA,NA,NA,775.171693184027,605.588307521181,715.563173396008,754.21956629613,776.459290493833,52.9670204934159,798.937643414886,845.012278572367,877.919259210509,0.0683294049036455,35.5052010759213,28.9955112702756,31.2216285983646,33.838880423235,36.0299938137345,2.81541946414565,37.3767015410588,38.6118265598041,42.5904940566759,0.0792959729512697,87,"1_JU3237_0.00046",NA,"n>75",NA,NA,NA,"1",828.6410824654,-52.1817919715672
"20250529-CbDRC3-p007-m2x_B07_roi_0.png",20250529,"CbDRC3","p007","m2x","B07",0,642.038282524734,26.6045407706369,"","48h",10,"15hHB101","DMSO",1,"Ivermectin",0.00093,NA,NA,"JU3237",1,NA,NA,NA,430.250718041855,190.93032753826,313.097298832243,352.222075093062,414.067202131327,106.954234207189,485.499034970796,566.948124398551,688.048319126071,0.248585835472759,20.605046133217,13.3402121447222,17.0634718918425,18.4087582909531,19.859181123163,3.51005611290606,22.0542932011717,25.6118909478684,30.3538353713252,0.170349345020275,81,"1_JU3237_0.00093",NA,"n>75",NA,NA,NA,"1",828.6410824654,-414.573880334073
"20250529-CbDRC3-p007-m2x_B08_roi_0.png",20250529,"CbDRC3","p007","m2x","B08",0,296.287277566279,15.3297834158897,"","48h",10,"15hHB101","DMSO",1,"Ivermectin",0.0018,NA,NA,"JU3237",1,NA,NA,NA,283.870537307621,182.936065599433,252.699630646176,273.308963235088,285.243456812314,26.1202498452967,299.142904260881,314.250878790045,340.377222037859,0.0920146560225482,15.8142995862924,11.3343725489191,14.5833305141094,15.1417999887643,15.8958626436855,1.08856353849274,16.3663460555253,17.1588202533452,19.1881742448098,0.0688341290458598,91,"1_JU3237_0.0018",NA,"n>75",NA,NA,NA,"1",828.6410824654,-543.397625653086
"20250529-CbDRC3-p007-m2x_B09_roi_0.png",20250529,"CbDRC3","p007","m2x","B09",0,283.038972274988,14.0537828808284,"","48h",10,"15hHB101","DMSO",1,"Ivermectin",0.0037,NA,NA,"JU3237",1,NA,NA,NA,254.25971528453,210.035631196064,222.96858089088,236.253925877571,252.278555830756,22.7824940722763,269.632164226046,285.526846532558,304.32351709216,0.089603239139875,14.9193315492037,12.7513323167368,13.9926016357378,14.5400559396566,14.9302436563401,0.76738764922481,15.3097722645903,15.8758431150057,16.8593568696958,0.0514357929974261,72,"1_JU3237_0.0037",NA,NA,NA,NA,NA,"1",828.6410824654,-576.362526634644
"20250529-CbDRC3-p007-m2x_B10_roi_0.png",20250529,"CbDRC3","p007","m2x","B10",0,268.946521947805,14.1519339430423,"","48h",10,"15hHB101","DMSO",1,"Ivermectin",0.0075,NA,NA,"JU3237",1,NA,NA,NA,228.806728346178,180.038143991847,205.443391895812,217.834656817204,227.4999703296,18.8643845316271,238.177323637489,253.821293760367,277.478796693881,0.0824468085706195,14.4531422631664,10.8286848659703,13.1082148854447,13.8914029142541,14.5387901634702,1.09100383290758,15.0963748543356,15.4648286086755,17.3599782292111,0.0754855804393474,83,"1_JU3237_0.0075",NA,"n>75",NA,NA,NA,"1",828.6410824654,-601.141112135801
"20250529-CbDRC3-p007-m2x_B11_roi_0.png",20250529,"CbDRC3","p007","m2x","B11",0,240.219480588603,14.7061111329399,"","48h",10,"15hHB101","DMSO",1,"Ivermectin",0.015,NA,NA,"JU3237",1,NA,NA,NA,235.651548096073,177.766785075618,210.120699554003,222.682303296504,235.542696902533,20.0416378421461,251.500814575074,260.330116339503,277.470736252483,0.0850477665182802,14.4550862572762,12.347285459557,13.163519237529,13.9669260151497,14.4840204054183,0.902614612361856,15.0870351732829,15.4706303430467,16.4661260525238,0.0624426998425908,77,"1_JU3237_0.015",NA,"n>75",NA,NA,NA,"1",828.6410824654,-593.098385562867
"20250529-CbDRC3-p007-m2x_B12_roi_0.png",20250529,"CbDRC3","p007","m2x","B12",0,210.621187677108,14.3565070364851,"","48h",10,"15hHB101","DMSO",1,"Ivermectin",0.03,NA,NA,"JU3237",1,NA,NA,NA,235.577093735621,174.798074409146,209.266974867662,220.001300506707,236.498171048527,22.5333512943604,250.962319344463,260.035074238515,291.428081684573,0.0956517076301514,14.5257632213349,11.6620225527919,13.5620305361548,13.9554097200738,14.3565070364851,0.983178086400129,15.101027100186,15.5820625681603,17.517085271306,0.0676851241080452,75,"1_JU3237_0.03",NA,NA,NA,NA,NA,"1",828.6410824654,-592.142911416873
"20250529-CbDRC3-p007-m2x_C01_roi_0.png",20250529,"CbDRC3","p007","m2x","C01",0,827.916823277233,38.8078846076942,"","48h",10,"15hHB101","DMSO",1,"Ivermectin",0,NA,NA,"VX34",1,NA,NA,NA,742.423320065932,223.012598748359,683.371661307122,722.946531373899,762.002368500081,112.004468821695,799.748868720769,822.205834019328,842.692591805503,0.150863349512981,37.2315366965375,22.3129563145109,33.2097611196836,35.9360695389192,38.3405504608458,3.89508456634995,39.2649427234698,40.898498425622,43.9974693603884,0.104617883438375,57,"1_VX34_0",NA,NA,NA,NA,NA,"1",777.984787055657,-15.9824185555763
"20250529-CbDRC3-p007-m2x_C02_roi_0.png",20250529,"CbDRC3","p007","m2x","C02",0,861.710736907584,38.7220014026551,"","48h",10,"15hHB101","DMSO",1,"Ivermectin",2.9e-05,NA,NA,"VX34",1,NA,NA,NA,754.837275040678,285.896606793128,676.553861098161,732.389659881064,764.211379935462,82.7647947574845,800.232347366023,823.756129504039,861.710736907584,0.109645876660005,37.149422392433,20.7135636077434,33.529330416129,35.3709662347744,37.6716118034568,3.57252270397473,39.1461767907986,40.925144700391,42.3437440295122,0.0961663055278732,77,"1_VX34_2.9e-05",NA,"n>75",NA,NA,NA,"1",777.984787055657,-13.7734071201946
"20250529-CbDRC3-p007-m2x_C03_roi_0.png",20250529,"CbDRC3","p007","m2x","C03",0,743.854996890139,33.6926000310206,"","48h",10,"15hHB101","DMSO",1,"Ivermectin",5.8e-05,NA,NA,"VX34",1,NA,NA,NA,774.252793616913,639.221012504973,713.732094438291,738.555281313411,774.819586517455,48.2012580905702,806.800185923219,835.091490196561,850.392567038375,0.0622551942827337,37.5118289042749,29.5336863506132,33.8352500537606,36.2446073716653,37.0696580399766,3.02483946320628,39.8620104479585,41.3488468090792,44.2034041828712,0.0806369497719043,54,"1_VX34_5.8e-05",NA,NA,NA,"outlier","outlier","1",777.984787055657,-3.16520053820227
"20250529-CbDRC3-p007-m2x_C04_roi_0.png",20250529,"CbDRC3","p007","m2x","C04",0,784.938988704074,38.6254817959245,"","48h",10,"15hHB101","DMSO",1,"Ivermectin",0.00011,NA,NA,"VX34",1,NA,NA,NA,778.577856246659,600.93936134457,728.176653977854,754.046153002668,785.096493050576,48.3378188418637,815.817359455085,831.171754647629,851.665790930433,0.0620847593519921,37.6043642820418,32.7550883301673,34.4859682082579,35.5871202256031,37.9329063885028,2.29891505424355,39.2806355422356,40.2556211669556,41.9072157223254,0.0611342618904852,72,"1_VX34_0.00011",NA,NA,NA,NA,NA,"1",777.984787055657,7.11170599491936
"20250529-CbDRC3-p007-m2x_C05_roi_0.png",20250529,"CbDRC3","p007","m2x","C05",0,774.477136513797,35.01742913407,"","48h",10,"15hHB101","DMSO",1,"Ivermectin",0.00023,NA,NA,"VX34",1,NA,NA,NA,750.988955889032,143.812912295338,687.785623492471,738.23267019776,769.193353752587,99.0395472086974,811.058960158401,823.518190654138,828.57206701509,0.131878833146691,36.8672450697543,14.1302078898756,32.1535418205095,36.1394860947266,37.6657716506884,4.12094547009073,38.8501887025052,40.2857284252172,43.2551268941241,0.111777960688241,70,"1_VX34_0.00023",NA,NA,NA,NA,NA,"1",777.984787055657,-8.79143330306954
"20250529-CbDRC3-p007-m2x_C06_roi_0.png",20250529,"CbDRC3","p007","m2x","C06",0,805.18003701616,38.6284758841948,"","48h",10,"15hHB101","DMSO",1,"Ivermectin",0.00046,NA,NA,"VX34",1,NA,NA,NA,665.766863104443,416.296093345698,441.89245782028,601.477422678112,702.935717548942,115.589845504038,748.356541668012,782.725140648742,823.414574131917,0.173619102886929,31.6340641664842,19.3828405083371,21.9917646095528,28.3880610027891,33.3314168381755,5.75733813985152,36.4345315052794,38.0183838401885,41.0854082034385,0.181998054677759,51,"1_VX34_0.00046",NA,NA,NA,NA,NA,"1",777.984787055657,-75.0490695067152
"20250529-CbDRC3-p007-m2x_C07_roi_0.png",20250529,"CbDRC3","p007","m2x","C07",0,427.20326647396,20.9415879733155,"","48h",10,"15hHB101","DMSO",1,"Ivermectin",0.00093,NA,NA,"VX34",1,NA,NA,NA,359.908171325318,254.942293742561,282.623709366463,324.478515069307,358.782631815081,62.9177031650861,381.939994590042,421.709368610353,583.86357971917,0.174815989682589,18.41196485085,14.516200081031,16.1151513133614,17.1246165115704,18.3593555997173,2.09859127401931,19.3070866486077,20.7555411476581,25.2661099992335,0.11397975669731,63,"1_VX34_0.00093",NA,NA,NA,NA,NA,"1",777.984787055657,-419.202155240576
"20250529-CbDRC3-p007-m2x_C08_roi_0.png",20250529,"CbDRC3","p007","m2x","C08",0,258.39748141199,14.5296671710684,"","48h",10,"15hHB101","DMSO",1,"Ivermectin",0.0018,NA,NA,"VX34",1,NA,NA,NA,272.830443070265,218.127195241016,233.701713653456,257.661025464524,274.20875916995,26.6508549297276,291.111183995427,296.790433032634,350.407270910194,0.0976828488412633,15.7313133305376,14.0229584533324,14.3874503411455,14.9973383297278,15.6038188746555,1.08422172463729,16.4087827656864,16.9158850267104,18.5352486035048,0.0689212465517805,52,"1_VX34_0.0018",NA,NA,NA,NA,NA,"1",777.984787055657,-503.776027885706
"20250529-CbDRC3-p007-m2x_C09_roi_0.png",20250529,"CbDRC3","p007","m2x","C09",0,269.145082134843,14.1200224403041,"","48h",10,"15hHB101","DMSO",1,"Ivermectin",0.0037,NA,NA,"VX34",1,NA,NA,NA,245.344370856802,137.217411501785,219.009023011442,231.014038781529,242.968726069201,32.0400495148206,255.639533734513,281.355715316656,378.533826506994,0.130592152585075,15.2388038367981,11.8248635747533,13.9665244525116,14.3816760355821,14.8531919008007,2.71541305010366,15.6036954966474,15.9238605671929,33.9458924685487,0.178190695226786,57,"1_VX34_0.0037",NA,NA,NA,NA,NA,"1",777.984787055657,-535.016060986455
"20250529-CbDRC3-p007-m2x_C10_roi_0.png",20250529,"CbDRC3","p007","m2x","C10",0,237.584093621173,14.2537068037005,"","48h",10,"15hHB101","DMSO",1,"Ivermectin",0.0075,NA,NA,"VX34",1,NA,NA,NA,223.414806608447,154.885229731983,173.956567739055,206.652737333159,223.721579873122,32.7876055403497,241.628428150166,265.813851162603,308.142021616176,0.146756636402406,14.2265932759118,11.7514822101679,13.2313032469862,13.3996700264604,14.3155660303901,1.06350029314586,14.7489728404401,15.5883178736754,16.8820109055854,0.0747543893692776,48,"1_VX34_0.0075",NA,NA,NA,NA,NA,"1",777.984787055657,-554.263207182535
"20250529-CbDRC3-p007-m2x_C11_roi_0.png",20250529,"CbDRC3","p007","m2x","C11",0,256.848262867376,14.2212631379645,"","48h",10,"15hHB101","DMSO",1,"Ivermectin",0.015,NA,NA,"VX34",1,NA,NA,NA,221.987977803038,115.838377535917,190.172879468757,210.94545575188,222.402232854273,27.4008089693218,236.186864537042,255.669283202883,274.717006304246,0.123433751865759,14.3553705558349,11.5794381060641,13.0778579484153,13.5172007784646,14.1794051362846,1.39398917871942,14.8207100773463,15.5769620473954,18.6313981375024,0.0971057607532691,44,"1_VX34_0.015",NA,NA,NA,NA,NA,"1",777.984787055657,-555.582554201384
"20250529-CbDRC3-p007-m2x_C12_roi_0.png",20250529,"CbDRC3","p007","m2x","C12",0,217.906761160859,14.2462370139833,"","48h",10,"15hHB101","DMSO",1,"Ivermectin",0.03,NA,NA,"VX34",1,NA,NA,NA,205.905370033657,150.478586748658,180.421561950882,196.655433919405,206.290166513008,22.8587739135414,221.073870349501,226.018012989694,276.516008423908,0.111015919156479,14.2566762120627,11.370770026693,12.8564698660595,13.6520636502949,14.151331134022,1.47782064456311,14.5359461073673,15.4343580012867,20.6542040599178,0.103658147423781,37,"1_VX34_0.03",NA,NA,NA,NA,NA,"1",777.984787055657,-571.694620542649
"20250529-CbDRC3-p007-m2x_D01_roi_0.png",20250529,"CbDRC3","p007","m2x","D01",0,768.638146889412,35.841568735874,"","48h",10,"15hHB101","DMSO",1,"Ivermectin",0,NA,NA,"NIC1667",1,NA,NA,NA,715.218063239199,580.389159911293,638.451685590613,687.762782681074,731.593136773039,50.1210971218349,753.527236450585,768.147652130736,780.979263310699,0.0700780638772434,34.0542841785717,28.4777116809663,30.1300869064375,32.6656381573546,34.2299272855643,2.62197359893444,35.9627350241596,37.2716091615968,39.9351863582725,0.0769939425296829,54,"1_NIC1667_0",NA,NA,NA,NA,NA,"1",744.004850767335,-12.4117139942965
"20250529-CbDRC3-p007-m2x_D02_roi_0.png",20250529,"CbDRC3","p007","m2x","D02",0,806.957696515653,31.7778028035679,"","48h",10,"15hHB101","DMSO",1,"Ivermectin",2.9e-05,NA,NA,"NIC1667",1,NA,NA,NA,729.955402038176,645.594879515054,677.753752275933,703.298361695819,743.753712275529,38.995797247923,756.835773356568,779.49566292361,806.957696515653,0.053422164065146,33.8464793513023,28.7793214874234,30.4041851006639,32.1632755366177,33.6984317621978,2.70422795195253,35.3647739848086,38.0375433944935,39.2880130902375,0.079896875650923,73,"1_NIC1667_2.9e-05",NA,NA,NA,NA,NA,"1",744.004850767335,-0.251138491805818
"20250529-CbDRC3-p007-m2x_D03_roi_0.png",20250529,"CbDRC3","p007","m2x","D03",0,650.197074367884,30.229727129477,"","48h",10,"15hHB101","DMSO",1,"Ivermectin",5.8e-05,NA,NA,"NIC1667",1,NA,NA,NA,729.811700622407,383.530497013093,678.614559448721,704.035086952412,741.103459465521,58.1050687596983,763.644493626241,779.185051459883,818.776278851416,0.0796165212343738,34.0726902250994,18.7361636442769,30.4393936291538,32.5740967682172,34.5548990573682,3.13983520351285,36.1021713710566,37.4692510326262,39.800464325434,0.0921510800224375,73,"1_NIC1667_5.8e-05",NA,NA,NA,NA,NA,"1",744.004850767335,-2.90139130181421
"20250529-CbDRC3-p007-m2x_D04_roi_0.png",20250529,"CbDRC3","p007","m2x","D04",0,766.007184570711,34.6269018739362,"","48h",10,"15hHB101","DMSO",1,"Ivermectin",0.00011,NA,NA,"NIC1667",1,NA,NA,NA,729.844046239513,599.407791321745,666.50528803477,704.525868976365,736.717686165805,48.4449747976378,759.561816044575,780.349285215808,870.957727293616,0.0663771596784933,33.6612466922463,26.534640880163,30.5155624027844,32.2031413679956,33.9085840427826,2.31842512803738,34.9687364449719,36.5366707721063,38.7025420268248,0.068875200887061,85,"1_NIC1667_0.00011",NA,"n>75",NA,NA,NA,"1",744.004850767335,-7.28716460152998
"20250529-CbDRC3-p007-m2x_D05_roi_0.png",20250529,"CbDRC3","p007","m2x","D05",0,717.56314979984,32.7105504907937,"","48h",10,"15hHB101","DMSO",1,"Ivermectin",0.00023,NA,NA,"NIC1667",1,NA,NA,NA,724.030355223825,579.386642598354,678.455981898965,697.353146061849,725.296121525251,44.701952845269,748.101499593751,776.244616351003,831.386049595095,0.0617404401939059,33.8790964931894,26.9661599525262,30.4475646352241,31.9656970299189,33.5389904792209,2.62841625695139,35.7789753013824,37.2387550431491,40.2255967807738,0.0775822418251258,76,"1_NIC1667_0.00023",NA,"n>75",NA,NA,NA,"1",744.004850767335,-18.708729242084
"20250529-CbDRC3-p007-m2x_D06_roi_0.png",20250529,"CbDRC3","p007","m2x","D06",0,773.315800293479,35.8168782930298,"","48h",10,"15hHB101","DMSO",1,"Ivermectin",0.00046,NA,NA,"NIC1667",1,NA,NA,NA,683.143673299857,242.147038478641,617.747351212188,639.605923436466,692.253165436945,77.8941874289303,731.275901251666,761.823878302329,822.07086934054,0.114023141065876,31.3284088769128,14.1383878454191,27.9064088662281,29.2880211048351,31.3127823041628,3.69428763347225,33.3518120286222,35.7941145739051,39.098760641087,0.117921329742179,71,"1_NIC1667_0.00046",NA,NA,NA,NA,NA,"1",744.004850767335,-51.7516853303897
"20250529-CbDRC3-p007-m2x_D07_roi_0.png",20250529,"CbDRC3","p007","m2x","D07",0,373.328211629949,19.0012839376309,"","48h",10,"15hHB101","DMSO",1,"Ivermectin",0.00093,NA,NA,"NIC1667",1,NA,NA,NA,366.640522014331,285.834061293456,324.583969129834,342.463277429568,365.053958913443,42.7752341225542,381.202898622702,404.624439071197,544.185286367654,0.116668048276677,18.8989324982408,16.3223174751133,17.50961420974,18.2439538910204,18.7440858201916,1.34592665445597,19.4325320437071,20.1300235276735,24.7416180918559,0.0712170729527317,67,"1_NIC1667_0.00093",NA,NA,NA,NA,NA,"1",744.004850767335,-378.950891853892
"20250529-CbDRC3-p007-m2x_D08_roi_0.png",20250529,"CbDRC3","p007","m2x","D08",0,276.078228868721,15.7274438475419,"","48h",10,"15hHB101","DMSO",1,"Ivermectin",0.0018,NA,NA,"NIC1667",1,NA,NA,NA,279.765987235284,187.510690439701,257.271044148097,267.209383812369,281.222436717654,25.1110558483668,296.255285520659,303.955280724866,327.001906600205,0.0897573579137352,15.8336179212816,13.1520331774274,15.0208945242724,15.333542072865,15.8262631701207,0.892040521236837,16.446242164013,16.6564347800068,18.2451440414336,0.0563383887164453,47,"1_NIC1667_0.0018",NA,NA,NA,NA,NA,"1",744.004850767335,-462.782414049681
"20250529-CbDRC3-p007-m2x_D09_roi_0.png",20250529,"CbDRC3","p007","m2x","D09",0,274.969900829658,15.7767077290259,"","48h",10,"15hHB101","DMSO",1,"Ivermectin",0.0037,NA,NA,"NIC1667",1,NA,NA,NA,253.145235335932,208.166024486344,229.566556289132,238.159004720032,253.011199799287,21.2834551264531,265.033247896988,274.681530323448,313.078570994597,0.0840760644703001,14.9165024998847,13.328542368129,13.9471752498262,14.3428083048228,14.9285989008413,0.722760304351043,15.4858194892837,15.877852274215,16.4473074442493,0.048453738023148,62,"1_NIC1667_0.0037",NA,NA,NA,NA,NA,"1",744.004850767335,-490.993650968048
"20250529-CbDRC3-p007-m2x_D10_roi_0.png",20250529,"CbDRC3","p007","m2x","D10",0,266.194450071738,12.8629469499965,"","48h",10,"15hHB101","DMSO",1,"Ivermectin",0.0075,NA,NA,"NIC1667",1,NA,NA,NA,242.759578910919,193.501313025681,218.700336422436,228.597076082911,243.619665360112,19.6460805373796,255.427571898811,267.153907386616,289.787826764985,0.0809281373180696,14.4609157111109,12.7377188041269,13.4091754381296,14.0945874841167,14.4173283868576,0.801242892279719,14.8834975641886,15.5122506983178,16.6868917698888,0.0554074796013153,53,"1_NIC1667_0.0075",NA,NA,NA,NA,NA,"1",744.004850767335,-500.385185407223
"20250529-CbDRC3-p007-m2x_D11_roi_0.png",20250529,"CbDRC3","p007","m2x","D11",0,232.782509661917,14.9764696973326,"","48h",10,"15hHB101","DMSO",1,"Ivermectin",0.015,NA,NA,"NIC1667",1,NA,NA,NA,227.548949219757,192.266105731438,202.072872503856,211.27750803185,226.591717044066,19.9083043161612,237.964683292685,256.419193988378,272.885542827438,0.0874902054455746,14.557335994342,12.5905976756888,13.8580334441536,14.111649407557,14.6280222369312,0.708677154936373,15.0214339087071,15.4723271338788,16.1464696887927,0.0486817887017113,45,"1_NIC1667_0.015",NA,NA,NA,NA,NA,"1",744.004850767335,-517.413133723269
"20250529-CbDRC3-p007-m2x_D12_roi_0.png",20250529,"CbDRC3","p007","m2x","D12",0,208.367963909917,13.5329639144746,"","48h",10,"15hHB101","DMSO",1,"Ivermectin",0.03,NA,NA,"NIC1667",1,NA,NA,NA,217.629251949615,136.056207268476,189.245931122808,205.695146153993,219.06352625095,29.0942761051477,229.89640394448,248.302924933869,305.193816571111,0.133687341405206,14.6591582442501,11.1243253534169,12.6047674803823,13.5329639144746,14.1661715848021,2.51819412077275,14.8104013985966,17.5079184087822,24.5126484155551,0.171782995913868,41,"1_NIC1667_0.03",NA,NA,NA,NA,NA,"1",744.004850767335,-524.941324516386
"20250529-CbDRC3-p007-m2x_E01_roi_0.png",20250529,"CbDRC3","p007","m2x","E01",0,790.683313694861,38.8249681742857,"","48h",10,"15hHB101","DMSO",1,"Ivermectin",0,NA,NA,"PB420",1,NA,NA,NA,747.631300002259,534.21281467273,695.290540829205,726.065266414415,765.920301470983,53.2761445440691,782.616617375577,791.965497666626,829.68974537859,0.071259917213081,36.2893470809113,27.5145854633049,32.5112574880829,34.4721432828057,36.7666771663229,2.83721592167843,38.3026428804271,39.3595953780579,42.881013160156,0.0781831625505007,65,"1_PB420_0",NA,NA,NA,"outlier","outlier","1",769.59900028371,-3.67869881272691
"20250529-CbDRC3-p007-m2x_E03_roi_0.png",20250529,"CbDRC3","p007","m2x","E03",0,773.659641269631,37.5875374862201,"","48h",10,"15hHB101","DMSO",1,"Ivermectin",5.8e-05,NA,NA,"PB420",1,NA,NA,NA,760.657928699765,677.292173630341,724.701547057697,742.439155503841,763.740921232004,30.9558826874793,783.612820316266,795.697793232705,827.598110374162,0.0406961940703016,37.1661367133158,31.9474447780601,34.5500852295569,36.1367793067613,37.1545946966834,2.17955921379604,38.3096522694031,39.8488814207183,43.702865752799,0.0586436849922889,77,"1_PB420_5.8e-05",NA,"n>75",NA,NA,NA,"1",769.59900028371,-5.85807905170589
"20250529-CbDRC3-p007-m2x_E04_roi_0.png",20250529,"CbDRC3","p007","m2x","E04",0,771.242368184643,36.41779748213,"","48h",10,"15hHB101","DMSO",1,"Ivermectin",0.00011,NA,NA,"PB420",1,NA,NA,NA,754.812058875044,474.66088302601,716.006550480164,739.920600654694,761.395923436389,49.542661587714,785.047124527015,797.002345988442,839.461878494797,0.0656357579415878,36.9607772312374,25.7436235704376,34.8755468372402,35.9766656601093,37.1072554869554,2.5557199618346,38.4426376215756,39.3463907608743,42.322995573395,0.0691468132784456,72,"1_PB420_0.00011",NA,NA,NA,NA,NA,"1",769.59900028371,-8.20307684732074
"20250529-CbDRC3-p007-m2x_E05_roi_0.png",20250529,"CbDRC3","p007","m2x","E05",0,737.727805527816,36.9816198129018,"","48h",10,"15hHB101","DMSO",1,"Ivermectin",0.00023,NA,NA,"PB420",1,NA,NA,NA,742.954605382834,550.640506587396,684.917623800364,729.271515782946,748.952640761996,46.3592006672565,773.814729676504,792.498988243037,819.113428467562,0.0623984296367182,36.0951960592493,23.2335757403961,32.6218422390851,34.5666971220843,36.6171669488197,2.78029224252686,37.8268590268042,39.106786548174,40.8284022213334,0.0770266557899585,77,"1_PB420_0.00023",NA,"n>75",NA,NA,NA,"1",769.59900028371,-20.6463595217137
"20250529-CbDRC3-p007-m2x_E06_roi_0.png",20250529,"CbDRC3","p007","m2x","E06",0,716.877325492781,36.0898530088296,"","48h",10,"15hHB101","DMSO",1,"Ivermectin",0.00046,NA,NA,"PB420",1,NA,NA,NA,656.940280884763,429.520969675678,540.52367218543,593.128238570631,686.434188223891,93.0565516043071,720.266368343874,759.953000038341,799.029240938387,0.141651462563658,31.5489231470616,21.3421257640006,27.3598613162328,28.6199600431519,30.9448936042087,4.19257357969551,34.7850181077164,36.7499938211853,39.2927081745461,0.13289117857216,62,"1_PB420_0.00046",NA,NA,NA,NA,NA,"1",769.59900028371,-83.1648120598188
"20250529-CbDRC3-p007-m2x_E07_roi_0.png",20250529,"CbDRC3","p007","m2x","E07",0,343.721601211223,18.6954169102503,"","48h",10,"15hHB101","DMSO",1,"Ivermectin",0.00093,NA,NA,"PB420",1,NA,NA,NA,317.561988585829,186.430725062568,263.678232015906,289.98202897611,323.634308602097,43.0607518725168,347.358519783185,372.479970009263,397.170147845199,0.13559794125322,17.4854801965586,13.6084906619884,15.8734156452927,16.8562015000252,17.3902881969044,1.39978481659042,18.1816052781797,19.345410918736,20.6049990877316,0.0800541249571125,75,"1_PB420_0.00093",NA,NA,NA,NA,NA,"1",769.59900028371,-445.964691681613
"20250529-CbDRC3-p007-m2x_E08_roi_0.png",20250529,"CbDRC3","p007","m2x","E08",0,262.251803100956,14.8793343972872,"","48h",10,"15hHB101","DMSO",1,"Ivermectin",0.0018,NA,NA,"PB420",1,NA,NA,NA,251.836961448894,201.839300179357,226.356813821593,240.825003565178,255.280654088144,18.435400515023,261.236682921161,267.495155580669,296.157371365851,0.0732037124692046,15.4493661903169,13.2318041856983,14.246717216586,14.9525569147522,15.517744858633,0.85134026299482,16.0286047846893,16.3601571548645,17.2162967566418,0.0551051902393516,56,"1_PB420_0.0018",NA,NA,NA,NA,NA,"1",769.59900028371,-514.318346195566
"20250529-CbDRC3-p007-m2x_E09_roi_0.png",20250529,"CbDRC3","p007","m2x","E09",0,233.449498519707,15.444708458467,"","48h",10,"15hHB101","DMSO",1,"Ivermectin",0.0037,NA,NA,"PB420",1,NA,NA,NA,231.291939118719,196.863743904396,207.5311787741,219.007573866226,231.329260246477,17.3894310553406,245.042156978128,253.519568042598,263.866529188392,0.0751839044698175,14.8014481231899,12.2528460166371,13.6910999409559,14.1849602132933,14.8063857820027,0.999237688333828,15.4056563702608,16.1602690753083,16.6695972825739,0.0675094544815714,51,"1_PB420_0.0037",NA,NA,NA,NA,NA,"1",769.59900028371,-538.269740037233
"20250529-CbDRC3-p007-m2x_E10_roi_0.png",20250529,"CbDRC3","p007","m2x","E10",0,219.200297568825,13.7982392266093,"","48h",10,"15hHB101","DMSO",1,"Ivermectin",0.0075,NA,NA,"PB420",1,NA,NA,NA,230.519734858912,175.895628340613,204.323002278102,214.846149193281,229.536747779728,23.9737624580648,244.405061628223,252.845824637735,316.345200787433,0.103998742115237,14.8027487230052,12.4059048704962,13.3765792890074,13.8148363275221,14.5022820865602,2.41426766382881,14.9712561970414,16.127695199951,30.7988413891178,0.163095902592521,55,"1_PB420_0.0075",NA,NA,NA,NA,NA,"1",769.59900028371,-540.062252503982
"20250529-CbDRC3-p007-m2x_E11_roi_1.png",20250529,"CbDRC3","p007","m2x","E11",1,243.084922213487,15.1324448599551,"","48h",10,"15hHB101","DMSO",1,"Ivermectin",0.015,NA,NA,"PB420",1,NA,NA,NA,221.783197465809,138.124816860869,194.216022276005,209.626044726575,223.84835934256,25.7594430126828,237.931345318499,243.893302281504,272.452255176499,0.11614695480551,13.9729314698577,12.0267389930495,12.7789665191049,13.3405792269506,13.8113215440613,0.948658481178283,14.6266871460069,15.2093603713495,16.3078987190763,0.067892588124741,49,"1_PB420_0.015",NA,NA,NA,NA,NA,"1",769.59900028371,-545.750640941151
"20250529-CbDRC3-p007-m2x_E12_roi_0.png",20250529,"CbDRC3","p007","m2x","E12",0,224.76328127507,14.2031788363716,"","48h",10,"15hHB101","DMSO",1,"Ivermectin",0.03,NA,NA,"PB420",1,NA,NA,NA,219.328529564472,181.42166628316,194.381988813811,206.554656541669,217.772430109896,19.0334802659257,229.901162619828,244.648685287968,266.370732747584,0.0867806860499229,14.0316763896232,12.2217655428357,12.8340989842535,13.5643895879568,13.8982852761549,0.901907593176351,14.5498437021924,15.249790946391,16.425170039066,0.0642765388919129,47,"1_PB420_0.03",NA,NA,NA,NA,NA,"1",769.59900028371,-551.826570173814
"20250529-CbDRC3-p007-m2x_F01_roi_0.png",20250529,"CbDRC3","p007","m2x","F01",0,797.708892472286,38.7157373705826,"","48h",10,"15hHB101","DMSO",1,"Ivermectin",0,NA,NA,"ED3102",1,NA,NA,NA,758.167028277294,518.857253376357,735.897657752743,745.03610958758,761.488767538545,38.4894964004853,776.505859267661,790.118307174477,828.608971487217,0.0507665131362163,36.9242974726537,29.8792334733676,34.6220512985517,35.9674628242847,36.7317048658042,2.34179985320531,37.976906141104,39.4579371098442,47.0981627148634,0.063421649523316,73,"1_ED3102_0",NA,NA,NA,NA,NA,"1",766.428098311703,-4.93933077315751
"20250529-CbDRC3-p007-m2x_F02_roi_0.png",20250529,"CbDRC3","p007","m2x","F02",0,762.274700222246,33.0386187978065,"","48h",10,"15hHB101","DMSO",1,"Ivermectin",2.9e-05,NA,NA,"ED3102",1,NA,NA,NA,755.271008622099,625.526410939454,723.313177234027,742.109597552052,757.802203194174,30.0885731651111,774.870101414819,786.952732913848,811.296049513096,0.0398381148245105,36.4105784388837,30.7440614114763,33.7934470773832,35.3764607029244,36.5914764572013,2.0110207015243,37.7164966155286,38.9519593931327,40.1838332547179,0.055231770209305,84,"1_ED3102_2.9e-05",NA,"n>75",NA,NA,NA,"1",766.428098311703,-8.62589511752901
"20250529-CbDRC3-p007-m2x_F03_roi_0.png",20250529,"CbDRC3","p007","m2x","F03",0,751.128856647849,33.2690428503254,"","48h",10,"15hHB101","DMSO",1,"Ivermectin",5.8e-05,NA,NA,"ED3102",1,NA,NA,NA,758.133363054645,454.106975038034,729.88660728609,748.029065636509,763.578500676618,44.703110458795,778.184924563148,792.619521099443,808.525934963984,0.0589647054690731,36.5254848961255,21.7612700190462,34.1155479473602,35.5448180176486,36.8000995193477,2.73622604377265,38.0943751248349,39.2720346104174,41.7162373090985,0.0749127917549673,66,"1_ED3102_5.8e-05",NA,NA,NA,NA,NA,"1",766.428098311703,-2.84959763508459
"20250529-CbDRC3-p007-m2x_F04_roi_0.png",20250529,"CbDRC3","p007","m2x","F04",0,743.642759979823,34.8676630121519,"","48h",10,"15hHB101","DMSO",1,"Ivermectin",0.00011,NA,NA,"ED3102",1,NA,NA,NA,752.593423324802,365.719809235679,723.253932040669,742.116859064809,758.259672788607,51.7052396311813,773.899603508076,794.108062909015,812.866864683881,0.0687027524141232,36.1600265378259,20.8563023976858,33.672960745329,34.8434175273344,36.1352270652472,2.73316955619452,37.8843168682444,39.3742581937055,40.112735052533,0.0755853857943229,76,"1_ED3102_0.00011",NA,"n>75",NA,NA,NA,"1",766.428098311703,-8.16842552309561
"20250529-CbDRC3-p007-m2x_F05_roi_0.png",20250529,"CbDRC3","p007","m2x","F05",0,748.637562275308,34.0914667471259,"","48h",10,"15hHB101","DMSO",1,"Ivermectin",0.00023,NA,NA,"ED3102",1,NA,NA,NA,745.140090521431,670.144590498233,708.432223444578,729.843632626347,744.763156659463,29.9810129808927,767.474002173939,784.400228171517,802.754004109323,0.0402354045397191,35.7261935343942,30.1644124886869,33.0902983344144,34.5894825748745,35.4341648487477,2.31286763019292,36.9345002009548,38.9655912643195,40.5219827880511,0.0647387085323347,58,"1_ED3102_0.00023",NA,NA,NA,NA,NA,"1",766.428098311703,-21.6649416522397
"20250529-CbDRC3-p007-m2x_F06_roi_0.png",20250529,"CbDRC3","p007","m2x","F06",0,742.714522785129,33.6445884617913,"","48h",10,"15hHB101","DMSO",1,"Ivermectin",0.00046,NA,NA,"ED3102",1,NA,NA,NA,562.156325949364,367.883470508175,406.571954802272,501.360597506475,573.796727899852,99.9209199501057,618.688170306161,662.61269461872,762.295318481525,0.177745789449866,26.229607959737,17.5351582840564,20.2637340780052,23.8633953776876,26.2994053202011,4.37014211138323,28.3595283297859,31.4112495596785,39.0793631354133,0.166611034297253,67,"1_ED3102_0.00046",NA,NA,NA,NA,NA,"1",766.428098311703,-192.631370411851
"20250529-CbDRC3-p007-m2x_F07_roi_0.png",20250529,"CbDRC3","p007","m2x","F07",0,394.824601145531,19.451465372247,"","48h",10,"15hHB101","DMSO",1,"Ivermectin",0.00093,NA,NA,"ED3102",1,NA,NA,NA,325.39505452485,155.212118444619,283.981404791269,307.117716184936,324.892885766048,36.2726934187902,349.945162855748,365.839090615992,395.619987567615,0.111472786431117,17.8609184464773,15.1686434436117,16.3807360444801,17.2543319965865,17.924526394387,1.1518965823158,18.5350047676231,19.3037550674451,20.5188602159211,0.0644925727513741,79,"1_ED3102_0.00093",NA,"n>75",NA,NA,NA,"1",766.428098311703,-441.535212545655
"20250529-CbDRC3-p007-m2x_F08_roi_0.png",20250529,"CbDRC3","p007","m2x","F08",0,276.731282655931,15.9433831806137,"","48h",10,"15hHB101","DMSO",1,"Ivermectin",0.0018,NA,NA,"ED3102",1,NA,NA,NA,270.296051587934,227.55615779535,242.670516767153,261.415306244325,267.967958683216,19.4089877684481,280.261204343239,296.129100344727,313.780299485309,0.0718064050674226,15.7629822963257,13.9322835871068,14.6790747115652,15.3025376793316,15.7940330810504,0.752447861794808,16.2813976851174,16.6690405636312,17.5988851098083,0.0477351206548144,64,"1_ED3102_0.0018",NA,NA,NA,NA,NA,"1",766.428098311703,-498.460139628487
"20250529-CbDRC3-p007-m2x_F09_roi_0.png",20250529,"CbDRC3","p007","m2x","F09",0,228.78316355483,15.6315680644606,"","48h",10,"15hHB101","DMSO",1,"Ivermectin",0.0037,NA,NA,"ED3102",1,NA,NA,NA,246.094124147782,208.636732886726,219.037893770074,231.796923515405,245.773183624108,20.8558482050211,257.804464569967,274.997520075713,293.602014885068,0.0847474448130136,15.0943507871154,12.972852263685,14.1989258288197,14.6002879194148,15.0586713040364,0.889452390352547,15.5503001618783,16.0613553438722,17.6046879884411,0.0589261772763215,74,"1_ED3102_0.0037",NA,NA,NA,NA,NA,"1",766.428098311703,-520.654914687595
"20250529-CbDRC3-p007-m2x_F10_roi_0.png",20250529,"CbDRC3","p007","m2x","F10",0,216.336899096131,14.8715756431831,"","48h",10,"15hHB101","DMSO",1,"Ivermectin",0.0075,NA,NA,"ED3102",1,NA,NA,NA,233.997051399974,134.06710439532,212.755099549467,226.090452630738,234.205695494211,22.729879174296,244.284490852563,259.211959762669,283.265233456539,0.0971374598026176,14.8699911725361,11.51290973935,14.0561959043939,14.4180337326375,14.9296893193612,0.850071156036516,15.282621966897,15.7956735939579,17.0026763553604,0.0571668904287275,61,"1_ED3102_0.0075",NA,NA,NA,NA,NA,"1",766.428098311703,-532.222402817492
"20250529-CbDRC3-p007-m2x_F11_roi_0.png",20250529,"CbDRC3","p007","m2x","F11",0,219.246954160956,14.5629734900086,"","48h",10,"15hHB101","DMSO",1,"Ivermectin",0.015,NA,NA,"ED3102",1,NA,NA,NA,236.844785524632,188.222571661752,216.997538924103,224.423851542605,234.637100762931,20.1892674040657,248.572218542912,265.513515848279,287.457193321503,0.0852426088222494,14.9897726007888,13.1928727291082,14.3136097972902,14.5642416266849,14.9785637170172,0.634392760096109,15.4749320713519,15.7582989731778,16.1737147108513,0.0423217067390821,58,"1_ED3102_0.015",NA,NA,NA,NA,NA,"1",766.428098311703,-531.790997548772
"20250529-CbDRC3-p007-m2x_F12_roi_0.png",20250529,"CbDRC3","p007","m2x","F12",0,253.402084335663,14.8489491052767,"","48h",10,"15hHB101","DMSO",1,"Ivermectin",0.03,NA,NA,"ED3102",1,NA,NA,NA,228.896584914032,186.704422631774,199.793853445625,215.47987918715,231.005950399801,20.2790979168883,244.173133897005,252.613217139731,267.622890005851,0.088595021740952,15.0843169736148,12.8997816694952,14.2722912755176,14.652304539193,15.1338498581685,0.757396247188974,15.5522566830586,16.0611105851823,16.4181054516427,0.0502108413999652,43,"1_ED3102_0.03",NA,NA,NA,NA,NA,"1",766.428098311703,-535.422147911902
"20250529-CbDRC3-p008-m2x_A01_roi_0.png",20250529,"CbDRC3","p008","m2x","A01",0,810.225822365409,35.7495487196605,"","48h",10,"15hHB101","DMSO",1,"Ivermectin",0,NA,NA,"ECA2666",1,NA,NA,NA,758.738791639573,534.80143340762,713.453530847129,738.772554566069,766.540256500562,50.3814233318661,788.223694250019,811.370135652644,826.166130851016,0.0664015388260246,35.1066092426824,24.8749134976315,31.9902912644907,34.1889576045707,35.7263270707567,2.74539177326185,36.6134318903815,37.9785271694514,39.0174110834273,0.0782015646764319,52,"1_ECA2666_0",NA,NA,NA,NA,NA,"1",751.991352055543,14.5489044450193
"20250529-CbDRC3-p008-m2x_A02_roi_0.png",20250529,"CbDRC3","p008","m2x","A02",0,778.283768002712,35.5535540680117,"","48h",10,"15hHB101","DMSO",1,"Ivermectin",2.9e-05,NA,NA,"ECA2666",1,NA,NA,NA,755.529739305901,330.765270516945,695.274091784575,736.312931970193,766.071360913736,79.082713668127,792.016372426509,824.643073694381,947.328742382326,0.104671873989738,34.7452489652158,23.2218976293863,31.3380733566464,33.0939992156225,34.6358272449047,3.35421937964435,36.4772729256601,38.6571428704074,41.8735543089588,0.0965374973425093,79,"1_ECA2666_2.9e-05",NA,"n>75",NA,NA,NA,"1",751.991352055543,14.0800088581932
"20250529-CbDRC3-p008-m2x_A03_roi_0.png",20250529,"CbDRC3","p008","m2x","A03",0,728.007863621218,31.5807948515468,"","48h",10,"15hHB101","DMSO",1,"Ivermectin",5.8e-05,NA,NA,"ECA2666",1,NA,NA,NA,750.708281036032,595.012969066142,687.720833687763,730.601560948207,759.748583108499,54.3033556801057,774.351215954946,795.615628029775,969.974265837535,0.0723361617979798,34.4841568078249,27.6136370874076,30.5266938739953,32.3295240016953,34.8414424950988,2.90850469430289,36.737299693209,38.2058326697677,39.9294168848328,0.0843432162343873,86,"1_ECA2666_5.8e-05",NA,"n>75",NA,NA,NA,"1",751.991352055543,7.75723105295549
"20250529-CbDRC3-p008-m2x_A04_roi_0.png",20250529,"CbDRC3","p008","m2x","A04",0,791.316493151742,36.0886009895409,"","48h",10,"15hHB101","DMSO",1,"Ivermectin",0.00011,NA,NA,"ECA2666",1,NA,NA,NA,750.294350568721,602.545452210036,708.204834065989,730.296516434188,752.412466109534,41.5572779528664,774.035780906142,802.306899825973,840.067025049339,0.0553879659647791,33.64072740291,28.5520328879815,29.9651357947439,31.9001023988405,34.0795505110545,2.61457477450506,35.2427770319381,36.3957517502664,40.5895969845427,0.0777205184415511,70,"1_ECA2666_0.00011",NA,NA,NA,NA,NA,"1",751.991352055543,0.421114053990436
"20250529-CbDRC3-p008-m2x_A05_roi_0.png",20250529,"CbDRC3","p008","m2x","A05",0,785.751898460255,33.2052862537679,"","48h",10,"15hHB101","DMSO",1,"Ivermectin",0.00023,NA,NA,"ECA2666",1,NA,NA,NA,739.453877823558,560.402597264327,676.0154643167,714.898577036366,743.397183003559,50.8227938765199,776.512303236937,796.978373874183,815.094417453812,0.0687301742552316,33.5367428700673,25.186244655636,29.9958107364048,31.767760478766,33.3732569052122,3.10742775275778,35.4209038365231,37.7611289090071,40.7191964556614,0.09265741055406,70,"1_ECA2666_0.00023",NA,NA,NA,NA,NA,"1",751.991352055543,-8.59416905198441
"20250529-CbDRC3-p008-m2x_A06_roi_0.png",20250529,"CbDRC3","p008","m2x","A06",0,736.724029140807,31.604439227874,"","48h",10,"15hHB101","DMSO",1,"Ivermectin",0.00046,NA,NA,"ECA2666",1,NA,NA,NA,622.89516242224,323.734228790766,458.241565019313,549.303967478225,660.678696888753,114.181644096746,711.798388416547,739.528309423309,777.883892871272,0.183307964140756,27.760951735863,15.6253244899123,22.4547692510496,24.1101156455969,27.9586535237164,4.51142747827272,31.2059289979567,33.8758803902595,35.7642663478656,0.162509827515915,60,"1_ECA2666_0.00046",NA,NA,NA,NA,NA,"1",751.991352055543,-91.31265516679
"20250529-CbDRC3-p008-m2x_A07_roi_0.png",20250529,"CbDRC3","p008","m2x","A07",0,380.198632768071,19.1220459841376,"","48h",10,"15hHB101","DMSO",1,"Ivermectin",0.00093,NA,NA,"ECA2666",1,NA,NA,NA,383.207023656503,199.738253680254,343.278397714343,361.459033896736,386.772308583456,41.6567779580537,404.993324067531,417.539530956578,491.555809353782,0.108705674443467,18.5869804237599,14.9530167247686,16.2141860287165,17.2840555103137,18.6202998137885,1.73969272806984,19.5775940596785,21.2484930763186,22.5729138622318,0.0935973831363148,63,"1_ECA2666_0.00093",NA,NA,NA,NA,NA,"1",751.991352055543,-365.219043472087
"20250529-CbDRC3-p008-m2x_A08_roi_1.png",20250529,"CbDRC3","p008","m2x","A08",1,273.722369047189,15.3589998844735,"","48h",10,"15hHB101","DMSO",1,"Ivermectin",0.0018,NA,NA,"ECA2666",1,NA,NA,NA,274.42969465539,167.102889827243,249.203745631465,262.396644767578,272.174818728181,25.4869271977048,286.755546111081,311.719421787551,346.565604873803,0.0928723374112614,15.5008707738727,13.8784700699389,14.2803133359594,14.9936145577401,15.4767388310411,0.859436231329998,15.9600197515314,16.5327734751022,18.0595318051543,0.0554443839876795,69,"1_ECA2666_0.0018",NA,NA,NA,NA,NA,"1",751.991352055543,-479.816533327362
"20250529-CbDRC3-p008-m2x_A09_roi_0.png",20250529,"CbDRC3","p008","m2x","A09",0,252.027486823663,15.5216013244546,"","48h",10,"15hHB101","DMSO",1,"Ivermectin",0.0037,NA,NA,"ECA2666",1,NA,NA,NA,247.728280295224,204.760301549291,219.400445840663,229.026788523692,246.175669216335,21.744267760645,267.188705251203,272.121775389221,286.148360750145,0.0877746688215484,14.6849493937176,12.8437743786427,13.6867567962687,13.9801320661667,14.7155603030953,0.835003753533909,15.3344746303135,15.7343418354452,16.7951287814745,0.0568611938077999,53,"1_ECA2666_0.0037",NA,NA,NA,NA,NA,"1",751.991352055543,-505.815682839208
"20250529-CbDRC3-p008-m2x_A10_roi_0.png",20250529,"CbDRC3","p008","m2x","A10",0,238.879673108613,13.7719956033581,"","48h",10,"15hHB101","DMSO",1,"Ivermectin",0.0075,NA,NA,"ECA2666",1,NA,NA,NA,229.481589620483,119.997624050524,201.192440913647,215.457808617809,230.866258145206,24.7141365943312,244.824037881725,256.675806118819,281.530672897607,0.10769550897396,14.0143729789454,11.0273668489375,12.8141944380649,13.3923861323309,14.1215002927096,1.00232289533794,14.6418800126223,15.0471711608837,17.0189252701916,0.0715210660401139,62,"1_ECA2666_0.0075",NA,NA,NA,NA,NA,"1",751.991352055543,-521.125093910337
"20250529-CbDRC3-p008-m2x_A12_roi_0.png",20250529,"CbDRC3","p008","m2x","A12",0,192.752872483011,13.8421293514796,"","48h",10,"15hHB101","DMSO",1,"Ivermectin",0.03,NA,NA,"ECA2666",1,NA,NA,NA,210.858634435947,156.318625672386,188.892559027088,200.69327008591,212.506307571967,20.0018221002076,226.505464413508,232.606454204179,241.463101675251,0.0948589188852192,13.7090696858246,11.9160306707615,12.8686274952463,13.1851881253182,13.846138606342,0.749646915425118,14.1658887936442,14.5746047812995,15.6624070994388,0.0546825519604925,44,"1_ECA2666_0.03",NA,NA,NA,NA,NA,"1",751.991352055543,-539.485044483576
"20250529-CbDRC3-p008-m2x_B01_roi_0.png",20250529,"CbDRC3","p008","m2x","B01",0,809.784553129395,37.5025106447622,"","48h",10,"15hHB101","DMSO",1,"Ivermectin",0,NA,NA,"JU3237",1,NA,NA,NA,834.967637895715,742.753303810866,794.456549182524,819.469142368865,842.238125439603,29.8307990491106,855.112449581577,865.433855021341,887.663923253157,0.0357268925108165,38.533795760216,32.4382683679374,36.6716350381266,37.4754055491285,38.6127767562202,1.67085888257421,39.4842718514488,40.7561013391594,42.0160252810282,0.0433608693254994,82,"1_JU3237_0",NA,"n>75",NA,NA,NA,"1",828.6410824654,13.5970429742032
"20250529-CbDRC3-p008-m2x_B02_roi_0.png",20250529,"CbDRC3","p008","m2x","B02",0,890.79755304816,38.3072114461824,"","48h",10,"15hHB101","DMSO",1,"Ivermectin",2.9e-05,NA,NA,"JU3237",1,NA,NA,NA,823.242476987329,304.313086818502,774.800350827033,807.203626883363,836.250568854346,68.1475735641735,855.310488984883,871.070604139809,895.550351680908,0.0827794671304629,38.244889959962,16.2176383900027,36.2067560263992,37.4084376552335,38.6172124085144,3.22786279812741,39.5420810907355,40.7181806748045,43.8001895158487,0.0843998453520618,85,"1_JU3237_2.9e-05",NA,"n>75",NA,NA,NA,"1",828.6410824654,7.60948638894615
"20250529-CbDRC3-p008-m2x_B03_roi_0.png",20250529,"CbDRC3","p008","m2x","B03",0,865.530741094468,36.3539827451277,"","48h",10,"15hHB101","DMSO",1,"Ivermectin",5.8e-05,NA,NA,"JU3237",1,NA,NA,NA,822.92398595893,214.275438268665,776.558066242327,813.157413724523,845.480235516038,103.336874557336,863.403816560615,877.367433771948,909.118781491306,0.125572806626751,38.0697774363212,19.0216611995419,35.9632520495717,37.0866980677115,38.1071191982689,3.00283319753812,39.8229124456109,40.7830971582465,42.2263292425159,0.0788770883297367,70,"1_JU3237_5.8e-05",NA,NA,NA,NA,NA,"1",828.6410824654,16.8391530506382
"20250529-CbDRC3-p008-m2x_B04_roi_0.png",20250529,"CbDRC3","p008","m2x","B04",0,882.435391136116,37.6980139607828,"","48h",10,"15hHB101","DMSO",1,"Ivermectin",0.00011,NA,NA,"JU3237",1,NA,NA,NA,830.752449352159,756.026929438973,797.498002060069,806.735081460401,826.399462645875,34.5098642951947,852.819508019548,863.414836259808,975.291934274173,0.041540490578278,38.3331666359148,34.1474097598088,36.0364023508834,36.9797579905784,38.1212979987412,1.93296928872464,39.4217091018245,40.923562785852,44.0995404300957,0.0504255050745955,81,"1_JU3237_0.00011",NA,"n>75",NA,NA,NA,"1",828.6410824654,-2.24161981952477
"20250529-CbDRC3-p008-m2x_B05_roi_0.png",20250529,"CbDRC3","p008","m2x","B05",0,767.70066688902,32.2170153449592,"","48h",10,"15hHB101","DMSO",1,"Ivermectin",0.00023,NA,NA,"JU3237",1,NA,NA,NA,822.057863753576,571.853188584302,764.586897965707,804.529012767742,831.247573231062,49.6054881587189,858.337936850656,869.742952897412,886.773688885919,0.0603430614144564,37.4921330143234,31.1851073952568,35.4677780539093,36.3129722605776,37.4502487313575,2.02285817769072,38.7028927597233,39.9591946771811,42.2476632201818,0.0539542035903349,72,"1_JU3237_0.00023",NA,NA,NA,NA,NA,"1",828.6410824654,2.60649076566199
"20250529-CbDRC3-p008-m2x_B06_roi_0.png",20250529,"CbDRC3","p008","m2x","B06",0,839.075538485333,36.5518353783267,"","48h",10,"15hHB101","DMSO",1,"Ivermectin",0.00046,NA,NA,"JU3237",1,NA,NA,NA,780.813316801972,587.573950609094,662.116848893944,722.812413336423,798.173339203626,78.4999690437753,843.479807349032,868.374008719662,891.69843261742,0.100536155511913,35.0732542105191,27.1461656369885,29.8817788034583,32.4539440457701,36.0368706911763,3.50902994424292,37.8478832774404,39.0884304128796,39.7355484257422,0.100048598946102,53,"1_JU3237_0.00046",NA,NA,NA,NA,NA,"1",828.6410824654,-30.4677432617742
"20250529-CbDRC3-p008-m2x_B07_roi_0.png",20250529,"CbDRC3","p008","m2x","B07",0,496.86973165971,19.7506199656267,"","48h",10,"15hHB101","DMSO",1,"Ivermectin",0.00093,NA,NA,"JU3237",1,NA,NA,NA,405.331595726416,197.64928537869,305.615624590513,351.225886773256,404.20208474967,85.0403028186512,459.389047374177,507.518310182131,711.098984661526,0.209804278065829,19.3170584354937,14.8154190154423,16.4868510151835,17.6989924931852,19.1426624480547,2.83183809405555,20.2574187386566,21.4591341874757,36.2029927846732,0.146597790937581,75,"1_JU3237_0.00093",NA,NA,NA,NA,NA,"1",828.6410824654,-424.438997715731
"20250529-CbDRC3-p008-m2x_B08_roi_0.png",20250529,"CbDRC3","p008","m2x","B08",0,275.94976994681,15.3180106452697,"","48h",10,"15hHB101","DMSO",1,"Ivermectin",0.0018,NA,NA,"JU3237",1,NA,NA,NA,280.689979800023,221.999220850918,252.010282269269,265.391382209213,282.696425081295,22.5814737309993,298.529616803877,309.772566974386,322.068446616387,0.0804498747945595,16.2153041926511,13.8940454163038,14.5909719236684,15.1100886214706,15.718543942177,2.40610320218102,16.644579989256,17.3128616582059,30.1343454089739,0.148384709506189,55,"1_JU3237_0.0018",NA,NA,NA,NA,NA,"1",828.6410824654,-545.944657384106
"20250529-CbDRC3-p008-m2x_B09_roi_0.png",20250529,"CbDRC3","p008","m2x","B09",0,247.387315138229,14.365585386446,"","48h",10,"15hHB101","DMSO",1,"Ivermectin",0.0037,NA,NA,"JU3237",1,NA,NA,NA,248.651410082682,162.318397623578,220.604517878353,231.383859662579,247.576722475506,26.6507349621787,264.451892176213,282.904916465463,314.747967870111,0.107181113323736,15.0095302717344,12.2450757232223,13.9571986403178,14.4024261549546,15.0255091856549,0.880337646345743,15.5832483881443,16.0280758263329,17.451523476289,0.0586519118458741,88,"1_JU3237_0.0037",NA,"n>75",NA,NA,NA,"1",828.6410824654,-581.064359989894
"20250529-CbDRC3-p008-m2x_B11_roi_0.png",20250529,"CbDRC3","p008","m2x","B11",0,215.766904039229,15.7747060128287,"","48h",10,"15hHB101","DMSO",1,"Ivermectin",0.015,NA,NA,"JU3237",1,NA,NA,NA,227.70069551319,175.245164237984,203.409796636668,216.576727770483,228.560602058213,19.9890105246716,242.900726053338,251.018914927602,273.217895953249,0.087786339341742,14.6698408654622,10.9047677079135,13.5554808106969,14.2225943045335,14.6376374423307,1.35070072848806,14.9316668895381,15.7471875340047,22.0750386074288,0.0920733047396625,54,"1_JU3237_0.015",NA,NA,NA,NA,NA,"1",828.6410824654,-600.080480407187
"20250529-CbDRC3-p008-m2x_C01_roi_0.png",20250529,"CbDRC3","p008","m2x","C01",0,799.665489285526,39.9069293240154,"","48h",10,"15hHB101","DMSO",1,"Ivermectin",0,NA,NA,"VX34",1,NA,NA,NA,788.779751574632,702.240951229885,735.78588472506,752.055291437734,786.859990846031,43.5967159040505,819.906996361274,836.734661511369,898.0075716213,0.0552710890676629,37.8686115175446,31.3977721941291,34.7622697451682,36.313389948624,38.1176948046277,2.53949385874146,39.5602624654531,40.4363515417968,45.6788846261076,0.0670606541136293,60,"1_VX34_0",NA,NA,NA,NA,NA,"1",777.984787055657,8.8752037903746
"20250529-CbDRC3-p008-m2x_C02_roi_0.png",20250529,"CbDRC3","p008","m2x","C02",0,794.98842244914,39.0333343278311,"","48h",10,"15hHB101","DMSO",1,"Ivermectin",2.9e-05,NA,NA,"VX34",1,NA,NA,NA,761.208906685354,157.64337599954,714.219767997614,751.379699122061,789.407161355235,118.577359647761,814.360125085988,831.161174657498,862.19155523598,0.155775055449758,37.4590062813072,12.8004595814432,34.1856719119133,36.5551390191577,38.5851210752114,5.13565788692561,40.0671306825994,41.5219555372874,43.9862845815784,0.137100750841018,66,"1_VX34_2.9e-05",NA,NA,NA,NA,NA,"1",777.984787055657,11.4223742995786
"20250529-CbDRC3-p008-m2x_C03_roi_0.png",20250529,"CbDRC3","p008","m2x","C03",0,815.041404271914,36.3140911899462,"","48h",10,"15hHB101","DMSO",1,"Ivermectin",5.8e-05,NA,NA,"VX34",1,NA,NA,NA,781.954629857752,341.61161790331,741.076550756709,760.699497489316,785.975046225863,74.1675227938454,813.896828547337,849.749226111424,884.045486855255,0.0948488824822707,38.3455101981987,32.7135022658621,35.7189483364975,36.6337478807835,38.0265523625603,2.61535733894981,39.4170891143464,41.1327976810606,46.5140671347807,0.0682050473557832,54,"1_VX34_5.8e-05",NA,NA,NA,NA,NA,"1",777.984787055657,7.99025917020629
"20250529-CbDRC3-p008-m2x_C04_roi_0.png",20250529,"CbDRC3","p008","m2x","C04",0,769.895735430222,37.4607960390831,"","48h",10,"15hHB101","DMSO",1,"Ivermectin",0.00011,NA,NA,"VX34",1,NA,NA,NA,781.525948231298,568.62796855353,730.087920802432,754.439474150536,790.875270611101,48.5440823571065,809.999350090662,828.99352180292,884.21720937714,0.0621144857275289,38.1525209054355,33.0597371933197,35.8113881741658,36.5274891035085,37.7052320439043,2.28332804239268,39.5580143779691,40.9715359391759,44.7654383549894,0.059847370192185,66,"1_VX34_0.00011",NA,NA,NA,NA,NA,"1",777.984787055657,12.890483555444
"20250529-CbDRC3-p008-m2x_C05_roi_0.png",20250529,"CbDRC3","p008","m2x","C05",0,827.827283301545,39.4327385887603,"","48h",10,"15hHB101","DMSO",1,"Ivermectin",0.00023,NA,NA,"VX34",1,NA,NA,NA,784.934693655225,688.370054135488,712.814678932349,754.109761467626,788.668466900924,50.048610374003,825.261869192499,837.821635972574,915.920221079167,0.0637614960563667,37.8635947940391,29.9959757864991,34.0696670986539,35.9377745351301,38.3761989879227,2.80176551380058,39.7176521280298,40.725923252826,44.4614194944921,0.0739962892863428,54,"1_VX34_0.00023",NA,NA,NA,NA,NA,"1",777.984787055657,10.6836798452673
"20250529-CbDRC3-p008-m2x_C06_roi_0.png",20250529,"CbDRC3","p008","m2x","C06",0,734.612767961274,34.448013697338,"","48h",10,"15hHB101","DMSO",1,"Ivermectin",0.00046,NA,NA,"VX34",1,NA,NA,NA,681.347649015255,416.60720229245,496.929741478591,596.719231294076,716.404515248875,116.592078428675,772.512701606306,798.371554911822,836.51650442744,0.171119807336511,32.3715775341553,19.9299969604743,22.3662492828464,28.4032711441841,33.4909508294864,6.08333496602564,36.8433331144318,39.0123701831157,42.6861608014958,0.187922104185597,48,"1_VX34_0.00046",NA,NA,NA,NA,NA,"1",777.984787055657,-61.5802718067821
"20250529-CbDRC3-p008-m2x_C07_roi_0.png",20250529,"CbDRC3","p008","m2x","C07",0,462.715680668747,21.6845065246006,"","48h",10,"15hHB101","DMSO",1,"Ivermectin",0.00093,NA,NA,"VX34",1,NA,NA,NA,327.2081335801,218.712630948882,259.895666667701,291.385555605556,328.109723558319,51.6214515131324,368.409213799229,389.604192806383,462.715680668747,0.157763350648787,17.4290007552873,13.4348092270431,15.315553830795,15.9955682294131,17.4170570004227,1.73868519912396,18.5668798907185,19.399661548438,21.6845065246006,0.0997581687863835,59,"1_VX34_0.00093",NA,NA,NA,NA,NA,"1",777.984787055657,-449.875063497338
"20250529-CbDRC3-p008-m2x_C08_roi_0.png",20250529,"CbDRC3","p008","m2x","C08",0,288.918997687423,17.942724783881,"","48h",10,"15hHB101","DMSO",1,"Ivermectin",0.0018,NA,NA,"VX34",1,NA,NA,NA,271.933039300302,165.20958068078,248.380022671214,258.216511928901,274.756978934848,26.702653599503,288.637171902132,298.274114966138,331.821915298569,0.0981956943084604,15.7294805866078,11.8056810219358,14.5774907476977,14.9919504799956,15.8123405181254,1.1778027080168,16.3353141701477,17.1402556306452,19.9181653282332,0.0748786777498294,61,"1_VX34_0.0018",NA,NA,NA,NA,NA,"1",777.984787055657,-503.227808120809
"20250529-CbDRC3-p008-m2x_C09_roi_0.png",20250529,"CbDRC3","p008","m2x","C09",0,230.378412937916,16.5885468182626,"","48h",10,"15hHB101","DMSO",1,"Ivermectin",0.0037,NA,NA,"VX34",1,NA,NA,NA,243.666287234035,133.385763490031,218.675783434975,229.648452878086,243.067537166126,28.7623956077629,260.830174388863,281.361295785833,295.889134305903,0.11804011106443,14.7679489419398,11.1320376754538,13.1722761962251,13.9314956540936,14.8379051647945,1.4527772390694,15.4796295362889,15.8432910824081,19.7264166582622,0.0983736634505569,49,"1_VX34_0.0037",NA,NA,NA,NA,NA,"1",777.984787055657,-534.917249889531
"20250529-CbDRC3-p008-m2x_C10_roi_0.png",20250529,"CbDRC3","p008","m2x","C10",0,240.051395935712,14.1294483277231,"","48h",10,"15hHB101","DMSO",1,"Ivermectin",0.0075,NA,NA,"VX34",1,NA,NA,NA,220.25066731316,114.180196523829,180.341305106404,209.763286236416,219.096064244131,40.4964053164635,236.003440119804,255.203568963805,420.239887265523,0.183865074328625,14.3783162411888,10.0134693818751,13.1832926573763,13.6433299367641,14.2602766337914,1.48352304870766,14.9236227896244,15.7345951368812,20.9654365572566,0.103177800781561,62,"1_VX34_0.0075",NA,NA,NA,NA,NA,"1",777.984787055657,-558.888722811526
"20250529-CbDRC3-p008-m2x_C11_roi_0.png",20250529,"CbDRC3","p008","m2x","C11",0,229.986107032556,14.0309524250302,"","48h",10,"15hHB101","DMSO",1,"Ivermectin",0.015,NA,NA,"VX34",1,NA,NA,NA,214.2685342018,160.512390013913,178.3544257703,192.587195790626,213.92865828432,26.7461274356443,232.32216030701,239.31564507493,299.421573881558,0.124825269073128,13.8792624554267,10.8322032306858,12.8197461111996,13.2720010860482,13.8007303525371,1.07844594048895,14.5391961245888,15.2212177029678,16.2477725997162,0.0777019631952621,48,"1_VX34_0.015",NA,NA,NA,"outlier","outlier","1",777.984787055657,-564.056128771337
"20250529-CbDRC3-p008-m2x_C12_roi_0.png",20250529,"CbDRC3","p008","m2x","C12",0,235.395391395614,14.9951560480713,"","48h",10,"15hHB101","DMSO",1,"Ivermectin",0.03,NA,NA,"VX34",1,NA,NA,NA,214.066460185838,105.65667036355,170.910624288446,185.505941368121,198.64369242153,66.6604136055009,228.012033749677,245.080518454292,493.240626140727,0.311400550780496,15.0488867333898,11.7004828205033,12.7952923991225,13.1871031111101,13.8875262167425,4.52304174766322,14.934290101936,15.899398487173,34.8431377556408,0.300556567923905,45,"1_VX34_0.03",NA,NA,NA,NA,NA,"1",777.984787055657,-579.341094634126
"20250529-CbDRC3-p008-m2x_D01_roi_0.png",20250529,"CbDRC3","p008","m2x","D01",0,807.948686158465,36.846204672086,"","48h",10,"15hHB101","DMSO",1,"Ivermectin",0,NA,NA,"NIC1667",1,NA,NA,NA,731.105853170347,169.867382477829,681.853867130261,728.506254011257,758.65996377533,116.681763993205,778.3759233737,801.144153373376,858.929322521607,0.159596265694263,34.6492573764966,11.7687794636549,30.551934469411,33.0932648908837,36.0179779096758,5.08660782140908,37.5063942943502,38.4731214097573,39.4504610462183,0.14680279482294,56,"1_NIC1667_0",NA,NA,NA,NA,NA,"1",744.004850767335,14.6551130079953
"20250529-CbDRC3-p008-m2x_D02_roi_0.png",20250529,"CbDRC3","p008","m2x","D02",0,718.827552610436,32.4577703382256,"","48h",10,"15hHB101","DMSO",1,"Ivermectin",2.9e-05,NA,NA,"NIC1667",1,NA,NA,NA,749.361317234024,595.490713558901,694.413155994157,729.800572230129,757.750731585084,48.6488212892987,783.596875358141,796.443793961802,818.281354512338,0.0649203797560127,35.4661871762362,26.9960188046263,31.1912501520211,33.5572757116196,36.0163505541189,2.94421631004662,37.5030333522655,38.5493388923211,40.5492992885612,0.0830147400795135,76,"1_NIC1667_2.9e-05",NA,"n>75",NA,NA,NA,"1",744.004850767335,13.7458808177489
"20250529-CbDRC3-p008-m2x_D03_roi_0.png",20250529,"CbDRC3","p008","m2x","D03",0,819.127087870418,36.1523562274273,"","48h",10,"15hHB101","DMSO",1,"Ivermectin",5.8e-05,NA,NA,"NIC1667",1,NA,NA,NA,755.00250010757,571.065498971744,706.537108589644,732.616021741889,754.41652467019,51.2576279719621,790.146607361696,815.244810806282,832.39180362393,0.0678906731628824,35.1508128471077,26.3618670748044,30.6599602141256,33.7721010435013,35.399774823068,2.9956936778687,37.4818675293911,38.6205450246471,41.1447206958348,0.0852240228668052,60,"1_NIC1667_5.8e-05",NA,NA,NA,NA,NA,"1",744.004850767335,10.4116739028549
"20250529-CbDRC3-p008-m2x_D04_roi_0.png",20250529,"CbDRC3","p008","m2x","D04",0,806.822357400989,36.0236188426633,"","48h",10,"15hHB101","DMSO",1,"Ivermectin",0.00011,NA,NA,"NIC1667",1,NA,NA,NA,746.658699566859,610.871046027672,685.324959561156,721.070828389066,755.091485844563,45.2651244706577,776.163506633943,793.663318765331,822.113036525045,0.0606235814260468,34.9086494783239,28.369891835276,31.7330115046376,33.6762110988383,34.9987458856499,2.32332514598,36.5890874941958,37.7483761234641,38.9433892327531,0.0665544265017366,66,"1_NIC1667_0.00011",NA,NA,NA,NA,NA,"1",744.004850767335,11.0866350772277
"20250529-CbDRC3-p008-m2x_D05_roi_0.png",20250529,"CbDRC3","p008","m2x","D05",0,733.399733780398,30.931004412969,"","48h",10,"15hHB101","DMSO",1,"Ivermectin",0.00023,NA,NA,"NIC1667",1,NA,NA,NA,746.013871200105,384.152912184239,698.788228260423,728.158363864157,753.590942063454,54.9394960358657,774.170172180412,789.410083427897,845.389437290818,0.0736440677000886,34.9189476989906,22.8691670566749,32.0282823548978,33.4055154597901,35.1538548099087,2.62896565657771,36.7334133545069,37.694967764538,39.4672988196406,0.0752876541194769,75,"1_NIC1667_0.00023",NA,NA,NA,NA,NA,"1",744.004850767335,9.58609129611852
"20250529-CbDRC3-p008-m2x_D06_roi_0.png",20250529,"CbDRC3","p008","m2x","D06",0,705.71457622558,28.859359330687,"","48h",10,"15hHB101","DMSO",1,"Ivermectin",0.00046,NA,NA,"NIC1667",1,NA,NA,NA,688.787472231807,544.782585650222,605.668629432554,640.895908329508,703.688070539293,62.4392426808072,731.296617432117,761.033916284122,799.466715483118,0.0906509557708588,31.8796161454058,22.3660490926558,27.7480452656849,29.2259439772505,32.5145495238611,3.56630754474634,34.1857209332249,35.8769255838611,40.6680548165968,0.111867957521198,66,"1_NIC1667_0.00046",NA,NA,NA,NA,NA,"1",744.004850767335,-40.3167802280417
"20250529-CbDRC3-p008-m2x_D07_roi_0.png",20250529,"CbDRC3","p008","m2x","D07",0,367.336116089116,18.3612161229571,"","48h",10,"15hHB101","DMSO",1,"Ivermectin",0.00093,NA,NA,"NIC1667",1,NA,NA,NA,360.87869844299,292.272423988042,326.476873916069,344.075429578457,362.540898580016,30.0066619065653,371.871213003798,404.400862683648,445.692033843933,0.0831488864153771,18.4546427543665,16.1194495427826,16.9230315695348,17.7990117795106,18.4229673638623,1.13313324987564,19.0300107986716,20.0970339420817,21.5460580198551,0.061400985375755,53,"1_NIC1667_0.00093",NA,NA,NA,NA,NA,"1",744.004850767335,-381.463952187319
"20250529-CbDRC3-p008-m2x_D08_roi_0.png",20250529,"CbDRC3","p008","m2x","D08",0,264.767342221005,15.9850884698994,"","48h",10,"15hHB101","DMSO",1,"Ivermectin",0.0018,NA,NA,"NIC1667",1,NA,NA,NA,277.188529963282,223.717718887961,255.132260888489,265.133678648057,276.694741697154,22.7861051050815,287.426173038353,311.674845566132,328.27868269641,0.082204357835802,15.8716463342509,14.0383667725645,14.6563641010085,15.120178795059,15.899324861576,0.989714042164578,16.5806961526339,17.1610125748692,18.1461525158579,0.0623573649085654,51,"1_NIC1667_0.0018",NA,NA,NA,NA,NA,"1",744.004850767335,-467.310109070181
"20250529-CbDRC3-p008-m2x_D09_roi_0.png",20250529,"CbDRC3","p008","m2x","D09",0,255.119953571606,14.2041429868107,"","48h",10,"15hHB101","DMSO",1,"Ivermectin",0.0037,NA,NA,"NIC1667",1,NA,NA,NA,255.355899017288,150.929745785481,222.450664175002,239.583665231838,255.899728277024,34.2395949779804,263.833556224698,280.572734932662,407.624840149728,0.134085780315818,15.0729113451851,13.3778391354799,13.8815585478311,14.4408367464631,14.9786276054706,1.11929720554202,15.6056003090795,15.897570234853,19.5202101338143,0.0742588594803593,48,"1_NIC1667_0.0037",NA,NA,NA,NA,NA,"1",744.004850767335,-488.105122490311
"20250529-CbDRC3-p008-m2x_D10_roi_0.png",20250529,"CbDRC3","p008","m2x","D10",0,282.468189591386,14.108946083705,"","48h",10,"15hHB101","DMSO",1,"Ivermectin",0.0075,NA,NA,"NIC1667",1,NA,NA,NA,240.319883800072,125.407593202965,214.59839911999,227.988827248595,242.167154477942,25.9870445682449,257.374202076668,268.694611849247,293.138194478251,0.108135224423894,14.5178709073603,12.7601866025793,13.709207683847,14.1076703462033,14.4635455657777,0.66920000600499,14.8542311859136,15.4556011538666,16.0231772186486,0.0460949136602199,54,"1_NIC1667_0.0075",NA,NA,NA,NA,NA,"1",744.004850767335,-501.837696289393
"20250529-CbDRC3-p008-m2x_D11_roi_0.png",20250529,"CbDRC3","p008","m2x","D11",0,222.116616779521,14.5474637647088,"","48h",10,"15hHB101","DMSO",1,"Ivermectin",0.015,NA,NA,"NIC1667",1,NA,NA,NA,232.541845333003,125.795795441335,194.897017041622,220.318969205843,233.046361827919,34.4157099538408,247.76463066697,267.922252118905,363.597074424302,0.147997922286017,14.6967936347514,11.0824092191629,13.4625386254376,14.0189092104781,14.6449418617999,1.11694671773374,15.3196991402502,15.894463879876,18.0817557478914,0.0759993468978604,60,"1_NIC1667_0.015",NA,NA,NA,NA,NA,"1",744.004850767335,-510.958488939416
"20250529-CbDRC3-p008-m2x_D12_roi_0.png",20250529,"CbDRC3","p008","m2x","D12",0,227.069269159226,11.999979489316,"","48h",10,"15hHB101","DMSO",1,"Ivermectin",0.03,NA,NA,"NIC1667",1,NA,NA,NA,220.331304606448,147.918045980255,180.524745809804,203.066952883432,218.683279534298,31.0848933050374,235.453554943391,260.485186962269,295.442221817412,0.141082509181166,14.4767482966599,11.999979489316,13.066204989857,13.7135200255956,14.1488982166709,1.54309277771441,15.0204714491363,15.5184824810519,21.3118525531269,0.106591117431421,47,"1_NIC1667_0.03",NA,NA,NA,NA,NA,"1",744.004850767335,-525.321571233037
"20250529-CbDRC3-p008-m2x_E01_roi_0.png",20250529,"CbDRC3","p008","m2x","E01",0,816.711788276831,37.8372484438762,"","48h",10,"15hHB101","DMSO",1,"Ivermectin",0,NA,NA,"PB420",1,NA,NA,NA,767.390972726323,589.067174927957,724.569903292766,755.820187180391,771.602825697525,38.0634788082377,788.958644176113,803.289522515185,839.807225446095,0.0496011552924697,37.8705992061145,29.4480701256809,35.3536432769492,36.8399742247046,37.9585078843824,2.27896097976799,39.0980100324853,40.664268940646,43.0209034055146,0.0601775791126123,57,"1_PB420_0",NA,NA,NA,NA,NA,"1",769.59900028371,2.00382541381521
"20250529-CbDRC3-p008-m2x_E02_roi_0.png",20250529,"CbDRC3","p008","m2x","E02",0,772.023218370612,40.1727748358288,"","48h",10,"15hHB101","DMSO",1,"Ivermectin",2.9e-05,NA,NA,"PB420",1,NA,NA,NA,754.014092031178,289.239215780816,742.35700880223,758.501103144562,773.544500338426,89.0056819877674,788.020325648327,796.620097950426,814.398646489734,0.118042464893464,36.6432685541628,17.3972493939157,33.9810338835473,35.8071020778644,37.2964073964691,3.7440317767133,38.5673872193634,39.5522178024941,41.9499805762913,0.102175158615537,67,"1_PB420_2.9e-05",NA,NA,NA,NA,NA,"1",769.59900028371,3.94550005471558
"20250529-CbDRC3-p008-m2x_E03_roi_0.png",20250529,"CbDRC3","p008","m2x","E03",0,808.164609845541,36.3061513529792,"","48h",10,"15hHB101","DMSO",1,"Ivermectin",5.8e-05,NA,NA,"PB420",1,NA,NA,NA,766.409357632527,451.662685153869,723.368856624859,751.994652946235,779.016134792647,53.8017344003449,797.345962948646,804.920333719461,835.614844753117,0.0701997357737657,37.0526039755198,26.4334222285535,34.7258064033724,36.0804727108826,37.1132423238766,2.77859529970562,38.595248579875,39.6585897978639,42.4430587669836,0.0749905540118423,59,"1_PB420_5.8e-05",NA,NA,NA,NA,NA,"1",769.59900028371,9.41713450893656
"20250529-CbDRC3-p008-m2x_E04_roi_0.png",20250529,"CbDRC3","p008","m2x","E04",0,781.672682165385,37.7398099007915,"","48h",10,"15hHB101","DMSO",1,"Ivermectin",0.00011,NA,NA,"PB420",1,NA,NA,NA,767.778802884576,581.359960207112,735.221550107392,754.373498356656,778.44693638915,43.4166753132805,792.626918086527,803.171293072039,826.411735435021,0.0565484162237383,37.0866428827756,28.7762808547933,34.061154421813,36.0451273042644,37.3861950730727,2.68207522465409,38.7613861965159,39.5932215983785,42.1950060607593,0.0723191698189468,64,"1_PB420_0.00011",NA,NA,NA,NA,NA,"1",769.59900028371,8.84793610543966
"20250529-CbDRC3-p008-m2x_E05_roi_0.png",20250529,"CbDRC3","p008","m2x","E05",0,776.561233121383,38.4851740428508,"","48h",10,"15hHB101","DMSO",1,"Ivermectin",0.00023,NA,NA,"PB420",1,NA,NA,NA,762.880779850027,522.893288051237,727.071398860615,754.195227367463,768.568746721244,40.7826401888611,781.269097747228,795.16951861414,826.952310214295,0.053458733351335,37.2558158094522,29.1873743300742,34.4332902022321,36.0569561755917,37.5902244614839,2.65587531229828,38.7424818459559,40.3804795658873,42.0507718218138,0.0712875360422103,69,"1_PB420_0.00023",NA,NA,NA,NA,NA,"1",769.59900028371,-1.03025356246576
"20250529-CbDRC3-p008-m2x_E06_roi_0.png",20250529,"CbDRC3","p008","m2x","E06",0,801.596812589947,36.6416703481704,"","48h",10,"15hHB101","DMSO",1,"Ivermectin",0.00046,NA,NA,"PB420",1,NA,NA,NA,644.011300901657,337.357084741747,460.56040033573,596.385151195507,672.935463697607,115.29298825715,728.512561221882,751.408743944584,805.490217813434,0.179023237784387,30.8897757454922,17.3703479846371,23.809865436221,28.6625529132968,30.8813634817105,5.25670191708235,34.6827433134808,36.967951306274,40.2106698083293,0.1701761113578,59,"1_PB420_0.00046",NA,NA,NA,NA,NA,"1",769.59900028371,-96.6635365861032
"20250529-CbDRC3-p008-m2x_E07_roi_0.png",20250529,"CbDRC3","p008","m2x","E07",0,411.585661679064,17.7364212392166,"","48h",10,"15hHB101","DMSO",1,"Ivermectin",0.00093,NA,NA,"PB420",1,NA,NA,NA,322.008419433515,251.14874094104,289.873023476765,302.202252628807,321.959022218516,31.779450974834,337.516573160052,360.664928530316,411.585661679064,0.0986913666131498,17.7982357321924,15.0701841152016,16.116633674199,17.1508660676189,17.8086588088652,1.22768600032165,18.3998966430682,19.0043281529009,21.1199964865154,0.0689779604447584,60,"1_PB420_0.00093",NA,NA,NA,NA,NA,"1",769.59900028371,-447.639978065194
"20250529-CbDRC3-p008-m2x_E08_roi_0.png",20250529,"CbDRC3","p008","m2x","E08",0,288.19722635796,15.4940774624318,"","48h",10,"15hHB101","DMSO",1,"Ivermectin",0.0018,NA,NA,"PB420",1,NA,NA,NA,258.127123870967,192.66032154838,222.403823931442,244.581645159904,262.347842912635,23.7406855194495,275.509003132912,280.220980974355,313.385512988465,0.0919728433162144,15.3997258659217,12.6828976861014,14.3257428747321,14.8822633173156,15.4083818509132,0.892316758474044,15.8195738734065,16.2899740780601,17.8571285585347,0.0579436781045996,49,"1_PB420_0.0018",NA,NA,NA,NA,NA,"1",769.59900028371,-507.251157371075
"20250529-CbDRC3-p008-m2x_E10_roi_0.png",20250529,"CbDRC3","p008","m2x","E10",0,232.131140197224,13.75339941848,"","48h",10,"15hHB101","DMSO",1,"Ivermectin",0.0075,NA,NA,"PB420",1,NA,NA,NA,217.401943732926,123.6638755637,172.038795008936,211.523785300063,226.439567670155,30.0605497556105,236.386009667115,240.962061490848,256.141052512683,0.138271761693811,13.9319771125829,9.11074372205392,12.9221735822153,13.4664049974149,14.1093847522726,1.41182040843941,14.8715453018476,15.2192581535918,16.0160214660512,0.101336687322311,38,"1_PB420_0.0075",NA,NA,NA,NA,NA,"1",769.59900028371,-543.159432613555
"20250529-CbDRC3-p008-m2x_E11_roi_0.png",20250529,"CbDRC3","p008","m2x","E11",0,226.440692178896,12.1096869326402,"","48h",10,"15hHB101","DMSO",1,"Ivermectin",0.015,NA,NA,"PB420",1,NA,NA,NA,230.242168585849,172.27847053467,211.375840609352,221.848867683412,230.010804188363,18.2871710243899,242.318115283651,249.114674040015,265.653478955425,0.0794258112521699,14.577925803188,12.1096869326402,13.4261182269649,13.7702526921132,14.6034651840843,1.1243404753027,15.0090605671064,15.6298329769142,18.0729002220362,0.0771262311581265,30,"1_PB420_0.015",NA,NA,NA,NA,NA,"1",769.59900028371,-539.588196095348
"20250529-CbDRC3-p008-m2x_E12_roi_0.png",20250529,"CbDRC3","p008","m2x","E12",0,196.564481208605,14.1295882691805,"","48h",10,"15hHB101","DMSO",1,"Ivermectin",0.03,NA,NA,"PB420",1,NA,NA,NA,210.968319135798,160.668455938245,185.596184661104,197.691934192091,208.606604804422,23.6305541580501,222.462965539163,246.04274013149,265.269060927994,0.112009965547668,14.189545993519,12.2805224998249,13.2005685120017,13.6521791392191,14.0592564300205,1.36646212219395,14.4062732209184,14.8117090699903,21.0424293817148,0.0963006232065544,34,"1_PB420_0.03",NA,NA,NA,NA,NA,"1",769.59900028371,-560.992395479288
"20250529-CbDRC3-p008-m2x_F01_roi_0.png",20250529,"CbDRC3","p008","m2x","F01",0,785.413870162373,37.9748188911194,"","48h",10,"15hHB101","DMSO",1,"Ivermectin",0,NA,NA,"ED3102",1,NA,NA,NA,760.125849479387,152.891590219111,735.244870872454,748.929495056604,769.692192582791,75.9728544602452,790.059543559753,805.49674984337,815.43572553396,0.0999477316976909,37.1814379579759,14.8980243520536,34.9681833336647,36.089331706758,37.4308844041382,3.26001409380378,38.7522556523252,40.2903287516744,41.9929374184737,0.0876785372714308,76,"1_ED3102_0",NA,"n>75",NA,NA,NA,"1",766.428098311703,3.26409427108774
"20250529-CbDRC3-p008-m2x_F02_roi_0.png",20250529,"CbDRC3","p008","m2x","F02",0,772.671762161202,36.2694187009347,"","48h",10,"15hHB101","DMSO",1,"Ivermectin",2.9e-05,NA,NA,"ED3102",1,NA,NA,NA,775.443342312585,710.633191996204,743.425755410863,760.895343803567,774.732003944103,26.4369179246959,791.796842517742,805.945225200146,861.992211563062,0.0340926493041436,37.5360569795964,33.5701456797818,35.427644662465,36.268142544335,37.4809521787416,1.90472750635914,38.9268283916614,40.1458668918024,41.5397805081915,0.0507439422152012,68,"1_ED3102_2.9e-05",NA,NA,NA,NA,NA,"1",766.428098311703,8.30390563239973
"20250529-CbDRC3-p008-m2x_F03_roi_0.png",20250529,"CbDRC3","p008","m2x","F03",0,849.341657133603,38.8212479168753,"","48h",10,"15hHB101","DMSO",1,"Ivermectin",5.8e-05,NA,NA,"ED3102",1,NA,NA,NA,771.174001076673,720.309321431279,738.632319920014,753.08140768019,769.242802649848,26.0605574883807,787.495492849972,800.0036596089,849.341657133603,0.0337933559118906,37.79225863987,28.8518563487228,35.7960112919676,36.7628974330222,38.0809676317195,2.00850326570051,39.1102976558701,39.7391855010245,41.5462995562926,0.0531458911953354,74,"1_ED3102_5.8e-05",NA,NA,NA,NA,NA,"1",766.428098311703,2.81470433814468
"20250529-CbDRC3-p008-m2x_F04_roi_0.png",20250529,"CbDRC3","p008","m2x","F04",0,749.790351394603,34.1255556830329,"","48h",10,"15hHB101","DMSO",1,"Ivermectin",0.00011,NA,NA,"ED3102",1,NA,NA,NA,773.938507901279,448.848231370803,747.529192541856,760.519335746848,777.692431148527,52.1521216137541,796.708167146611,816.845576255089,833.634757010926,0.0673853556598148,37.3091550739563,20.9264602830081,34.9640771852901,36.0750011562597,37.6751976278049,3.03119578135134,39.2329715166005,40.232740511706,42.3431472429515,0.0812453612348694,53,"1_ED3102_0.00011",NA,NA,NA,NA,NA,"1",766.428098311703,11.2643328368238
"20250529-CbDRC3-p008-m2x_F05_roi_0.png",20250529,"CbDRC3","p008","m2x","F05",0,758.920907740935,35.3860894275516,"","48h",10,"15hHB101","DMSO",1,"Ivermectin",0.00023,NA,NA,"ED3102",1,NA,NA,NA,747.028763107935,624.484944397493,681.442241459536,714.431174038919,754.010702103763,44.1422683449106,775.983959411496,787.820350230259,889.424363065602,0.0590904534401879,35.3921141410565,29.5952072711765,31.6350810903537,33.5741047916293,35.6271067953762,2.5512655277561,37.487861166166,38.726859301448,39.7544466023036,0.0720857058040654,76,"1_ED3102_0.00023",NA,"n>75",NA,NA,NA,"1",766.428098311703,-12.4173962079398
"20250529-CbDRC3-p008-m2x_F06_roi_0.png",20250529,"CbDRC3","p008","m2x","F06",0,676.852641658131,30.1342991558665,"","48h",10,"15hHB101","DMSO",1,"Ivermectin",0.00046,NA,NA,"ED3102",1,NA,NA,NA,487.851344026437,331.843874004068,377.525047674109,403.776162459342,486.857742542684,94.9597197506202,554.118858846931,629.939712155442,698.603735719819,0.194648884159832,23.219484497843,16.7307256962357,19.025276244441,19.977442905884,23.0215846498175,3.7417395322995,25.4306577497807,28.4250632463892,32.5562582563224,0.161146537626496,77,"1_ED3102_0.00046",NA,"n>75",NA,NA,NA,"1",766.428098311703,-279.570355769019
"20250529-CbDRC3-p008-m2x_F07_roi_0.png",20250529,"CbDRC3","p008","m2x","F07",0,373.491136733456,17.4938677918306,"","48h",10,"15hHB101","DMSO",1,"Ivermectin",0.00093,NA,NA,"ED3102",1,NA,NA,NA,323.083388033821,243.219550979839,283.261098257654,292.587734210272,322.926419796094,39.4548424984384,348.365376851017,366.104872144938,477.232379686458,0.122119687856895,17.2550315986962,14.4885020000929,16.0022467460478,16.5173711023536,17.2050002482139,1.14843477995864,17.9663396449598,18.6309729098266,20.4527200969923,0.0665565156105198,59,"1_ED3102_0.00093",NA,NA,NA,NA,NA,"1",766.428098311703,-443.501678515609
"20250529-CbDRC3-p008-m2x_F08_roi_0.png",20250529,"CbDRC3","p008","m2x","F08",0,294.72231566316,17.0569024388338,"","48h",10,"15hHB101","DMSO",1,"Ivermectin",0.0018,NA,NA,"ED3102",1,NA,NA,NA,270.130973869857,178.49020639869,246.261765677537,257.761269089057,270.000505975578,27.0682125930696,280.002473913474,293.149731527592,421.503375576712,0.100204031419627,15.8868247841074,12.832985565462,14.7323236062375,15.3101203730272,15.8031874491414,1.20022154140039,16.3582538897813,17.1038854989604,22.4292032287258,0.0755482330617159,70,"1_ED3102_0.0018",NA,NA,NA,NA,NA,"1",766.428098311703,-496.427592336125
"20250529-CbDRC3-p008-m2x_F09_roi_0.png",20250529,"CbDRC3","p008","m2x","F09",0,278.764058358826,14.3572668071713,"","48h",10,"15hHB101","DMSO",1,"Ivermectin",0.0037,NA,NA,"ED3102",1,NA,NA,NA,245.592499379634,141.198269786943,224.26192437681,231.990204959939,243.987546725165,22.9121033447071,260.629994847305,271.751787108823,291.374087331175,0.0932931722368679,14.9912573968906,12.5752746696527,13.8707765532049,14.3869900117372,15.0350400703879,0.834820122196076,15.5250126406042,15.9929504570215,16.7627557427832,0.0556871315123458,62,"1_ED3102_0.0037",NA,NA,NA,NA,NA,"1",766.428098311703,-522.440551586538
"20250529-CbDRC3-p008-m2x_F10_roi_0.png",20250529,"CbDRC3","p008","m2x","F10",0,235.304713387676,15.4640861581991,"","48h",10,"15hHB101","DMSO",1,"Ivermectin",0.0075,NA,NA,"ED3102",1,NA,NA,NA,241.32044877065,156.188646337432,216.424146602461,227.829153784529,242.169484627627,22.7676412587723,258.607084038989,265.559963046331,292.821997149433,0.0943460919899521,14.9439037087465,12.822317044369,13.9578568040309,14.3769388076325,14.8342512340553,0.926959901458748,15.508510118941,16.1353309846997,17.4720639767796,0.0620293010129748,67,"1_ED3102_0.0075",NA,NA,NA,NA,NA,"1",766.428098311703,-524.258613684076
"20250529-CbDRC3-p008-m2x_F11_roi_0.png",20250529,"CbDRC3","p008","m2x","F11",0,257.06430811598,16.7704332813824,"","48h",10,"15hHB101","DMSO",1,"Ivermectin",0.015,NA,NA,"ED3102",1,NA,NA,NA,241.99712249872,190.270356966861,208.178541597121,217.965051799418,243.772844826967,26.9548893200762,261.234111640228,275.025172408495,292.527817388063,0.111385164591033,14.9934735018841,12.9055575174,13.9938738903809,14.4964629058602,14.8699921602908,0.917820458334315,15.5200110358838,15.8495725616765,17.3830458643577,0.0612146650486948,48,"1_ED3102_0.015",NA,NA,NA,NA,NA,"1",766.428098311703,-522.655253484736
"20250529-CbDRC3-p008-m2x_F12_roi_0.png",20250529,"CbDRC3","p008","m2x","F12",0,221.408175845484,15.4175531885494,"","48h",10,"15hHB101","DMSO",1,"Ivermectin",0.03,NA,NA,"ED3102",1,NA,NA,NA,234.841577128896,176.017657028133,206.247400483044,222.075346437852,233.828631629471,21.98039135391,247.540294045274,260.03998222962,287.344503395458,0.0935966774820532,14.892072463592,12.7705370813765,14.0130055048206,14.4166196292742,14.7910873979412,0.791477386538237,15.3085326557201,15.8199333051031,17.6432006285416,0.0531475648183443,57,"1_ED3102_0.03",NA,NA,NA,NA,NA,"1",766.428098311703,-532.599466682232
"20250529-CbDRC3-p009-m2x_A01_roi_0.png",20250529,"CbDRC3","p009","m2x","A01",0,787.544004799229,36.9617844044069,"","48h",10,"15hHB101","DMSO",1,"Ivermectin",0,NA,NA,"ECA2666",1,NA,NA,NA,756.224830816771,478.025031727978,708.84758954455,734.311094167654,758.548411909131,59.2432955626103,785.935306891784,809.349862595983,945.054898671681,0.0783408493723007,34.4051172248566,25.1586465090883,30.3221292346722,32.4426695533902,34.5511098409187,3.27297449317383,36.4950537356937,38.7599573090754,40.0925833622186,0.0951304560825392,67,"1_ECA2666_0",NA,NA,NA,NA,NA,"1",751.991352055543,6.55705985358782
"20250529-CbDRC3-p009-m2x_A02_roi_0.png",20250529,"CbDRC3","p009","m2x","A02",0,760.205625400371,34.1531841888205,"","48h",10,"15hHB101","DMSO",1,"Ivermectin",2.9e-05,NA,NA,"ECA2666",1,NA,NA,NA,769.341758892301,673.667700612543,720.134814322706,746.097827492674,770.720222610528,37.4100578260539,796.533187216535,811.940254291543,845.536272745899,0.0486260590870784,34.7014148074017,28.9427107082651,31.1050258090465,32.8666797740334,34.6550971272108,2.8120159558068,36.7279850248188,38.1161250706833,41.3247269826243,0.0810346198105734,70,"1_ECA2666_2.9e-05",NA,NA,NA,NA,NA,"1",751.991352055543,18.7288705549851
"20250529-CbDRC3-p009-m2x_A03_roi_0.png",20250529,"CbDRC3","p009","m2x","A03",0,763.567250710377,32.6777273152888,"","48h",10,"15hHB101","DMSO",1,"Ivermectin",5.8e-05,NA,NA,"ECA2666",1,NA,NA,NA,750.028349942928,360.727026044938,688.028095242722,727.269034737571,762.945635276736,65.3681522407188,785.116518110099,811.116693892674,850.538008504605,0.0871542418972467,35.2442999467783,25.5374843369236,31.6681734171357,33.6394717841674,35.4066169398932,2.9619818259643,37.2806844914065,39.1458838961126,41.2639524812501,0.0840414430258829,80,"1_ECA2666_5.8e-05",NA,"n>75",NA,NA,NA,"1",751.991352055543,10.9542832211927
"20250529-CbDRC3-p009-m2x_A04_roi_0.png",20250529,"CbDRC3","p009","m2x","A04",0,794.065826153547,37.1296441149832,"","48h",10,"15hHB101","DMSO",1,"Ivermectin",0.00011,NA,NA,"ECA2666",1,NA,NA,NA,755.589768693603,513.221581474628,707.289202934478,734.61890288264,755.531942890544,50.4269598551327,782.862706973214,809.446047158737,856.872109044398,0.0667385424531617,34.646658493751,23.0616588868972,31.0814828387745,32.8743298399329,35.0935715981185,3.04487673425958,36.6027902753243,37.8560829989478,41.6498703418329,0.0878837055760733,91,"1_ECA2666_0.00011",NA,"n>75",NA,NA,NA,"1",751.991352055543,3.54059083500044
"20250529-CbDRC3-p009-m2x_A05_roi_0.png",20250529,"CbDRC3","p009","m2x","A05",0,709.350023751286,35.1910534718414,"","48h",10,"15hHB101","DMSO",1,"Ivermectin",0.00023,NA,NA,"ECA2666",1,NA,NA,NA,738.197405095719,567.288625802363,684.127004195681,715.136454051075,742.679080495073,44.962110884979,767.502896320065,783.779920967364,836.241833027616,0.0609079774252918,33.4445103225021,24.9714617940307,29.5610839438698,31.5992586698832,33.5681403628734,3.03076288925147,35.3374223230209,37.0848268282051,42.720077815743,0.0906206387842467,89,"1_ECA2666_0.00023",NA,"n>75",NA,NA,NA,"1",751.991352055543,-9.31227156047044
"20250529-CbDRC3-p009-m2x_A08_roi_0.png",20250529,"CbDRC3","p009","m2x","A08",0,293.720673387349,14.8084421163451,"","48h",10,"15hHB101","DMSO",1,"Ivermectin",0.0018,NA,NA,"ECA2666",1,NA,NA,NA,273.604241051174,160.105944866628,247.563655060624,262.232981600947,274.111018110352,27.737005793737,286.671178107827,302.181788287315,346.121631820489,0.101376373725688,15.666279693181,12.5239643543381,14.1805841274398,14.7655939822199,15.8136733432726,1.29355371479423,16.5748662113242,16.9456817570341,19.6701639362269,0.0825692978887175,68,"1_ECA2666_0.0018",NA,NA,NA,NA,NA,"1",751.991352055543,-477.880333945191
"20250529-CbDRC3-p009-m2x_A09_roi_0.png",20250529,"CbDRC3","p009","m2x","A09",0,287.937069397098,14.6533848222744,"","48h",10,"15hHB101","DMSO",1,"Ivermectin",0.0037,NA,NA,"ECA2666",1,NA,NA,NA,243.842910841062,165.789142461259,221.387377754929,235.00586467019,246.757104770121,23.798588187022,257.74849417052,272.010365448997,294.379599697182,0.0975980318842818,14.7329592259911,12.0452075611192,13.3721750891219,14.1586422625279,14.6240905772371,2.14658694849954,14.9871685989848,15.4279140227252,29.4153211557604,0.145699646321742,56,"1_ECA2666_0.0037",NA,NA,NA,NA,NA,"1",751.991352055543,-505.234247285422
"20250529-CbDRC3-p009-m2x_A10_roi_0.png",20250529,"CbDRC3","p009","m2x","A10",0,230.612972350529,14.2317683052589,"","48h",10,"15hHB101","DMSO",1,"Ivermectin",0.0075,NA,NA,"ECA2666",1,NA,NA,NA,224.707998908445,158.114102819594,204.45285627858,214.581905984718,228.568839886842,23.5818544200179,237.530143068476,250.75752676954,280.462309693468,0.104944436934023,13.9032757238579,10.1258076953252,12.2753519311458,13.5926041383028,14.1700351806366,1.26475085096625,14.7876545920113,15.0648314976868,15.7776852696568,0.0909678320480943,60,"1_ECA2666_0.0075",NA,NA,NA,"outlier","outlier","1",751.991352055543,-523.422512168701
"20250529-CbDRC3-p009-m2x_A11_roi_0.png",20250529,"CbDRC3","p009","m2x","A11",0,223.688800414079,13.0631994493563,"","48h",10,"15hHB101","DMSO",1,"Ivermectin",0.015,NA,NA,"ECA2666",1,NA,NA,NA,214.924214293311,127.442503258828,183.247509466742,201.402116901017,218.076762800998,27.5742148055328,230.934294351434,249.994206058322,262.057889254701,0.128297385644512,14.3441075298366,7.61063188594719,12.5046882759071,13.6872944949258,14.676372263221,1.61989719456829,15.3127313170937,15.8495237981622,17.2284657058385,0.11293119430392,58,"1_ECA2666_0.015",NA,NA,NA,"outlier","outlier","1",751.991352055543,-533.914589254546
"20250529-CbDRC3-p009-m2x_A12_roi_0.png",20250529,"CbDRC3","p009","m2x","A12",0,228.648743730826,14.4613080106917,"","48h",10,"15hHB101","DMSO",1,"Ivermectin",0.03,NA,NA,"ECA2666",1,NA,NA,NA,207.085308970066,5.79781248669592,180.66655834153,198.206506715113,211.653769048464,39.7404171039829,226.136563956105,239.095936185056,290.289754792125,0.191903603889774,25.4736530642508,11.9723487675054,13.2160173919578,13.4919571955354,13.9839209651489,87.7833141798731,14.6281912157315,15.4548653576264,699.735397698853,3.44604340643495,61,"1_ECA2666_0.03",NA,NA,NA,NA,NA,"1",751.991352055543,-540.337583007079
"20250529-CbDRC3-p009-m2x_B01_roi_0.png",20250529,"CbDRC3","p009","m2x","B01",0,830.730953107027,39.9002550786019,"","48h",10,"15hHB101","DMSO",1,"Ivermectin",0,NA,NA,"JU3237",1,NA,NA,NA,827.440123912619,155.615369150774,790.59487986425,817.037212350637,839.704525752678,96.2985102947542,856.637004184987,870.454364107586,1135.10696224165,0.116381243200292,38.5038369007092,16.0284801272304,36.065587338688,37.2679728623712,39.3092567393941,3.47179934437716,40.147319920303,41.0453749280562,44.0634393129292,0.0901676202641825,73,"1_JU3237_0",NA,NA,NA,NA,NA,"1",828.6410824654,11.0634432872781
"20250529-CbDRC3-p009-m2x_B02_roi_0.png",20250529,"CbDRC3","p009","m2x","B02",0,838.587595951712,35.5328923600769,"","48h",10,"15hHB101","DMSO",1,"Ivermectin",2.9e-05,NA,NA,"JU3237",1,NA,NA,NA,835.906688214841,531.589795498388,805.793981898045,822.321126078732,845.339151549814,50.0309753395917,859.501848385496,875.195348061923,905.661338307995,0.0598523448190583,38.0555776160616,25.3440708256403,35.6558219861039,37.1384923912851,38.3404129436829,2.59529257611334,39.6876770121442,40.6182602075548,41.7284502239868,0.0681974296198301,71,"1_JU3237_2.9e-05",NA,NA,NA,NA,NA,"1",828.6410824654,16.6980690844138
"20250529-CbDRC3-p009-m2x_B03_roi_0.png",20250529,"CbDRC3","p009","m2x","B03",0,865.525708300945,36.4816592997344,"","48h",10,"15hHB101","DMSO",1,"Ivermectin",5.8e-05,NA,NA,"JU3237",1,NA,NA,NA,828.93350824951,597.537740384337,772.114621827438,812.455458253625,841.564764789949,49.3095324738755,859.777359813035,869.379652207787,899.927759866179,0.0594855099753469,37.8290632722322,29.6552308833638,35.0606372543148,36.6784964006069,38.3847569630565,2.45923555145465,39.5071317591962,40.0771652494994,41.7307348781636,0.065009158005237,96,"1_JU3237_5.8e-05",NA,"n>75",NA,NA,NA,"1",828.6410824654,12.9236823245484
"20250529-CbDRC3-p009-m2x_B04_roi_0.png",20250529,"CbDRC3","p009","m2x","B04",0,850.816934564648,38.0000811420103,"","48h",10,"15hHB101","DMSO",1,"Ivermectin",0.00011,NA,NA,"JU3237",1,NA,NA,NA,828.141212682816,412.484534714034,777.987845741633,814.945104673429,843.624178306447,67.6574105319897,863.207719292823,876.924688200713,904.008294453773,0.0816979151572583,37.449190961724,21.4757245611288,35.13302123822,36.4493797604159,37.9515647028504,2.78009279928574,38.7904143728654,40.1390584404798,42.1827697180007,0.0742363914383947,85,"1_JU3237_0.00011",NA,"n>75",NA,NA,NA,"1",828.6410824654,14.9830958410469
"20250529-CbDRC3-p009-m2x_B05_roi_0.png",20250529,"CbDRC3","p009","m2x","B05",0,798.076488748199,38.4243345183824,"","48h",10,"15hHB101","DMSO",1,"Ivermectin",0.00023,NA,NA,"JU3237",1,NA,NA,NA,823.802751227257,581.515494811833,776.260302650783,800.284521954857,827.118789377403,43.8500196008705,848.993757590566,869.902258411803,933.238635146062,0.0532287850890825,37.6526395026341,31.4943800777046,35.1245459864781,36.1648806462661,37.96252107953,1.95278346201497,39.0820487627165,40.1604261477513,42.2256125177127,0.0518631226870126,84,"1_JU3237_0.00023",NA,"n>75",NA,NA,NA,"1",828.6410824654,-1.52229308799735
"20250529-CbDRC3-p009-m2x_B06_roi_0.png",20250529,"CbDRC3","p009","m2x","B06",0,786.139522557115,36.9368036604804,"","48h",10,"15hHB101","DMSO",1,"Ivermectin",0.00046,NA,NA,"JU3237",1,NA,NA,NA,773.816312317944,529.080979731477,687.379523017019,736.387438042622,786.589857544178,70.7724120787652,824.177415019333,858.949026142368,888.069875560199,0.0914589301778461,34.7945330934549,26.8778968452529,30.0459562366982,31.5159674211885,35.0710813085478,3.57758852298684,37.669870192331,39.4223325250713,41.1290080958558,0.102820420477486,73,"1_JU3237_0.00046",NA,NA,NA,NA,NA,"1",828.6410824654,-42.0512249212222
"20250529-CbDRC3-p009-m2x_B07_roi_0.png",20250529,"CbDRC3","p009","m2x","B07",0,548.11724153059,23.6366464872892,"","48h",10,"15hHB101","DMSO",1,"Ivermectin",0.00093,NA,NA,"JU3237",1,NA,NA,NA,410.288282570183,289.153500526925,320.854381877523,347.287660297837,389.833493920667,78.0405148032873,477.076987911436,523.340085082277,581.762771122114,0.190208977732475,19.6854178931835,16.4680148263223,17.2618970452668,18.1291977611016,19.5170150239822,2.06530527039549,20.708067036685,22.2825597522015,25.1337569644296,0.104915490318885,77,"1_JU3237_0.00093",NA,"n>75",NA,NA,NA,"1",828.6410824654,-438.807588544733
"20250529-CbDRC3-p009-m2x_B08_roi_0.png",20250529,"CbDRC3","p009","m2x","B08",0,292.116074388863,15.2579568227188,"","48h",10,"15hHB101","DMSO",1,"Ivermectin",0.0018,NA,NA,"JU3237",1,NA,NA,NA,273.98209850128,190.059408346493,248.273200069767,260.508817517139,277.399661992114,21.4605417297488,288.774397297171,296.645278796102,317.951788516231,0.078328262492845,15.7410274561275,12.9690898706532,14.6564102478058,15.0760383606236,15.7638538009421,0.968855916010613,16.3799445184795,17.0955751978117,17.8958839386363,0.0615497253092884,64,"1_JU3237_0.0018",NA,NA,NA,NA,NA,"1",828.6410824654,-551.241420473286
"20250529-CbDRC3-p009-m2x_B09_roi_0.png",20250529,"CbDRC3","p009","m2x","B09",0,288.238194672651,14.7349366684083,"","48h",10,"15hHB101","DMSO",1,"Ivermectin",0.0037,NA,NA,"JU3237",1,NA,NA,NA,251.990794156702,205.063910908805,224.629863218167,238.138675602354,250.787308885704,20.6077031166539,267.487700411247,281.87348801004,300.566267007814,0.0817795871695175,15.0562474088875,13.3667076408116,14.0760937399868,14.5567163348074,15.003742383051,0.814270633210604,15.5698277127443,16.016008904919,17.4497403500814,0.0540819110563998,75,"1_JU3237_0.0037",NA,NA,NA,NA,NA,"1",828.6410824654,-577.853773579696
"20250529-CbDRC3-p009-m2x_B10_roi_0.png",20250529,"CbDRC3","p009","m2x","B10",0,207.518375502616,13.906153739854,"","48h",10,"15hHB101","DMSO",1,"Ivermectin",0.0075,NA,NA,"JU3237",1,NA,NA,NA,233.104128922924,138.552153654458,203.917147990753,216.003395239691,229.701366227398,28.6432104986005,251.612555560157,270.236854077516,303.300311938005,0.122877319380608,14.4068872608668,7.73076806664181,13.1745636287702,13.8026832004755,14.4189025084588,1.36502333022007,15.0812122516258,15.5137662570319,18.448661279001,0.0947479705715379,64,"1_JU3237_0.0075",NA,NA,NA,NA,NA,"1",828.6410824654,-598.939716238002
"20250529-CbDRC3-p009-m2x_B11_roi_0.png",20250529,"CbDRC3","p009","m2x","B11",0,252.867873827248,15.0662449251391,"","48h",10,"15hHB101","DMSO",1,"Ivermectin",0.015,NA,NA,"JU3237",1,NA,NA,NA,229.684865094568,153.971041971377,194.869942977033,215.055973733044,232.336752456235,26.9001599493672,250.263608232981,257.77075592955,293.036438100734,0.117117686175324,14.7029880461869,12.0107516098087,13.2693588404648,13.9254036634925,14.4884704050813,1.92501789576259,15.1303211321002,15.7017694807296,28.7834962546555,0.130926985026137,77,"1_JU3237_0.015",NA,"n>75",NA,NA,NA,"1",828.6410824654,-596.304330009165
"20250529-CbDRC3-p009-m2x_B12_roi_0.png",20250529,"CbDRC3","p009","m2x","B12",0,240.851518246962,14.530014852025,"","48h",10,"15hHB101","DMSO",1,"Ivermectin",0.03,NA,NA,"JU3237",1,NA,NA,NA,236.527532669741,184.972799034345,216.158546467587,224.438380200806,234.592650507515,23.6203732584345,245.307574001416,263.283596822043,352.430100029094,0.0998631025818681,14.6141550408378,7.91199858943107,13.8340221643597,14.1778847623851,14.7923114542945,1.15308784349755,15.1681100451706,15.4372702659617,17.3933930813718,0.078902121968418,62,"1_JU3237_0.03",NA,NA,NA,NA,NA,"1",828.6410824654,-594.048431957885
"20250529-CbDRC3-p009-m2x_C01_roi_0.png",20250529,"CbDRC3","p009","m2x","C01",0,819.557902019237,39.1601894843733,"","48h",10,"15hHB101","DMSO",1,"Ivermectin",0,NA,NA,"VX34",1,NA,NA,NA,784.43826298847,646.127384062609,725.184934985061,753.58598160106,786.293951078261,53.5511845676901,819.557902019237,830.498150857611,973.771880839989,0.0682669205396437,38.3254679139652,30.0996409180733,34.91990613372,36.2711702033386,38.7217918226669,2.86635295067236,39.9305808579899,40.9962147633422,44.659213846098,0.0747897705282263,53,"1_VX34_0",NA,NA,NA,NA,NA,"1",777.984787055657,8.30916402260402
"20250529-CbDRC3-p009-m2x_C02_roi_0.png",20250529,"CbDRC3","p009","m2x","C02",0,804.489431455006,37.0798725449367,"","48h",10,"15hHB101","DMSO",1,"Ivermectin",2.9e-05,NA,NA,"VX34",1,NA,NA,NA,779.14497305741,519.723122843965,712.436942095805,759.457539224362,789.566710087664,63.1611521157627,819.555311544051,838.411764725946,869.499867188235,0.0810646982267173,38.1175545435229,28.3572380007881,35.3851790837707,37.0192825695945,38.4719606996648,2.52600163179325,39.7097514352798,41.0164231056889,41.7463588846771,0.0662687221686544,63,"1_VX34_2.9e-05",NA,NA,NA,NA,NA,"1",777.984787055657,11.5819230320069
"20250529-CbDRC3-p009-m2x_C03_roi_0.png",20250529,"CbDRC3","p009","m2x","C03",0,847.769541585251,38.0042735986672,"","48h",10,"15hHB101","DMSO",1,"Ivermectin",5.8e-05,NA,NA,"VX34",1,NA,NA,NA,774.621559133426,589.536636379012,723.797215860137,754.897367036834,779.566253068571,47.5598543668437,805.213012138368,825.589716533487,847.769541585251,0.0613975351009456,38.0998370624736,30.3814321159963,33.6663848284553,35.7774058570815,38.8295530869784,3.10682172321792,40.2522847049282,41.9311190475685,43.2178480940421,0.0815442259798527,43,"1_VX34_5.8e-05",NA,NA,NA,"outlier","outlier","1",777.984787055657,1.58146601291435
"20250529-CbDRC3-p009-m2x_C04_roi_0.png",20250529,"CbDRC3","p009","m2x","C04",0,827.149403657647,38.1978183919507,"","48h",10,"15hHB101","DMSO",1,"Ivermectin",0.00011,NA,NA,"VX34",1,NA,NA,NA,763.813276887479,143.026252847212,712.408977133062,749.352421331171,780.514941545127,100.491316346648,814.873829024477,839.286641052122,882.778331402091,0.131565291397065,37.4133257788255,15.6073631686043,33.2411340722522,36.0144503313263,38.3229778498267,4.60069292629221,40.0523657093499,41.3025012446798,42.4082669622288,0.122969365340304,71,"1_VX34_0.00011",NA,NA,NA,NA,NA,"1",777.984787055657,2.53015448946974
"20250529-CbDRC3-p009-m2x_C05_roi_0.png",20250529,"CbDRC3","p009","m2x","C05",0,835.287913557586,37.1210239705354,"","48h",10,"15hHB101","DMSO",1,"Ivermectin",0.00023,NA,NA,"VX34",1,NA,NA,NA,764.056080608835,404.128287716784,679.807323429792,744.582103607867,777.299679544908,83.5448036630997,817.568199554866,838.0289794147,869.185377555013,0.109343810989015,37.6902859774931,23.4479174585206,32.8735717141404,35.829958187572,38.483785564555,3.81587099600508,40.4804252790355,41.324565882096,42.8032399815291,0.101242824166517,65,"1_VX34_0.00023",NA,NA,NA,NA,NA,"1",777.984787055657,-0.685107510749162
"20250529-CbDRC3-p009-m2x_C06_roi_0.png",20250529,"CbDRC3","p009","m2x","C06",0,787.077419736255,36.8066612028219,"","48h",10,"15hHB101","DMSO",1,"Ivermectin",0.00046,NA,NA,"VX34",1,NA,NA,NA,665.248313228895,348.71926689043,544.344701773819,595.461090151602,674.546267289159,110.840783879008,753.104084398159,791.934714430917,825.26693105683,0.16661565565048,31.7470745625048,18.1608283908051,25.5984881619112,28.0146911579166,31.5776028522849,5.14636685018764,35.7673245681724,38.1990025952894,40.1896884808226,0.162105230831751,61,"1_VX34_0.00046",NA,NA,NA,NA,NA,"1",777.984787055657,-103.438519766498
"20250529-CbDRC3-p009-m2x_C07_roi_0.png",20250529,"CbDRC3","p009","m2x","C07",0,381.499290452833,18.5923325454964,"","48h",10,"15hHB101","DMSO",1,"Ivermectin",0.00093,NA,NA,"VX34",1,NA,NA,NA,335.474215899078,147.376920526088,263.139971299987,299.686967590925,349.049665099977,53.3828418378201,373.462143611819,384.521940031075,444.363338090499,0.159126511987674,18.1048423222098,14.3480243631325,15.9171141948898,16.915548718371,18.2419322964427,1.86575576007948,19.1678055387523,20.0078843080865,24.2878062806161,0.103052858836042,68,"1_VX34_0.00093",NA,NA,NA,NA,NA,"1",777.984787055657,-428.93512195568
"20250529-CbDRC3-p009-m2x_C08_roi_0.png",20250529,"CbDRC3","p009","m2x","C08",0,294.764216797475,14.7272620287626,"","48h",10,"15hHB101","DMSO",1,"Ivermectin",0.0018,NA,NA,"VX34",1,NA,NA,NA,271.658683379722,180.747867146316,249.426045467391,261.373314712157,271.094877141666,22.6615314752042,284.626044578472,297.553984498389,318.365830111509,0.0834191316591494,15.4415785769652,13.2383613664541,14.323710656812,14.8393832047489,15.3672997716114,0.952769391028208,16.0056426178494,16.5421614904526,19.1337355079472,0.061701553780874,68,"1_VX34_0.0018",NA,NA,NA,NA,NA,"1",777.984787055657,-506.889909913991
"20250529-CbDRC3-p009-m2x_C09_roi_1.png",20250529,"CbDRC3","p009","m2x","C09",1,229.395725356247,14.7382661619628,"","48h",10,"15hHB101","DMSO",1,"Ivermectin",0.0037,NA,NA,"VX34",1,NA,NA,NA,240.816117579923,129.377032525391,201.539731191891,228.673280627222,252.006610716977,33.1381436697773,259.896866280371,270.118001132163,285.20535894422,0.13760766514633,15.0888162977524,10.2206040787824,13.7509181382156,14.1425836527409,14.6917199817902,3.44552680322916,15.3201423754089,15.9285868287778,37.3303648843397,0.228349708501813,49,"1_VX34_0.0037",NA,NA,NA,NA,NA,"1",777.984787055657,-525.97817633868
"20250529-CbDRC3-p009-m2x_C10_roi_0.png",20250529,"CbDRC3","p009","m2x","C10",0,232.990264332142,13.0297735810375,"","48h",10,"15hHB101","DMSO",1,"Ivermectin",0.0075,NA,NA,"VX34",1,NA,NA,NA,220.776983177941,103.061048186407,183.786735172821,204.33046057478,225.410360989986,33.8263284739734,238.902850579606,249.254851456486,320.650215771926,0.153214922982755,14.5000343414057,9.92182383053392,13.4141938908867,13.7526780763646,14.5709620777837,1.18163330230624,15.2726390368599,15.8499817643952,16.9739264010405,0.0814917588803231,50,"1_VX34_0.0075",NA,NA,NA,NA,NA,"1",777.984787055657,-552.57442606567
"20250529-CbDRC3-p009-m2x_C11_roi_0.png",20250529,"CbDRC3","p009","m2x","C11",0,201.0941389905,13.8620294619406,"","48h",10,"15hHB101","DMSO",1,"Ivermectin",0.015,NA,NA,"VX34",1,NA,NA,NA,213.728242714143,118.962998178227,171.687744835475,201.0941389905,213.974866007277,33.9974342622196,235.40411178732,244.753780048442,331.901086863234,0.159068515374874,13.9584592420344,8.36232432525792,12.4116588672895,13.1610042200777,14.2158758061332,1.36404651409918,14.7432854245949,15.3267712360347,16.2697257377787,0.0977218538555818,53,"1_VX34_0.015",NA,NA,NA,NA,NA,"1",777.984787055657,-564.009921048379
"20250529-CbDRC3-p009-m2x_C12_roi_1.png",20250529,"CbDRC3","p009","m2x","C12",1,229.958061930638,14.4825799029918,"","48h",10,"15hHB101","DMSO",1,"Ivermectin",0.03,NA,NA,"VX34",1,NA,NA,NA,206.534526985458,151.504800664543,168.418454386153,188.25229909322,208.765121770389,27.7246685852293,224.549340669069,244.554707960977,256.186407401943,0.134237451674031,14.2805589805026,12.0514427251627,12.9175313659177,13.613234650168,14.2839271531186,0.984139403264895,14.9712772485468,15.5303476872574,16.1774689179323,0.0689146275442406,38,"1_VX34_0.03",NA,NA,NA,NA,NA,"1",777.984787055657,-569.219665285267
"20250529-CbDRC3-p009-m2x_D01_roi_0.png",20250529,"CbDRC3","p009","m2x","D01",0,778.811220108385,34.0678595328537,"","48h",10,"15hHB101","DMSO",1,"Ivermectin",0,NA,NA,"NIC1667",1,NA,NA,NA,742.978910679247,636.655267680452,698.974516253245,723.583431455176,747.94780784201,34.7822191063428,764.245418611342,781.453435058409,828.274437461944,0.0468145442709056,34.6080738368406,27.1253530283336,31.2889617508099,32.9433039331516,34.999581061247,2.47670753491196,36.4331648409467,37.4765781091123,39.6810769544997,0.0715644432160069,89,"1_NIC1667_0",NA,"n>75",NA,NA,NA,"1",744.004850767335,3.94295707467461
"20250529-CbDRC3-p009-m2x_D02_roi_0.png",20250529,"CbDRC3","p009","m2x","D02",0,779.960360114539,35.833058731512,"","48h",10,"15hHB101","DMSO",1,"Ivermectin",2.9e-05,NA,NA,"NIC1667",1,NA,NA,NA,752.880248880047,606.508477800184,701.295471644657,724.778816581556,758.435231116611,42.0578723464243,773.777296643681,795.697423600658,844.876799939228,0.0558626320839042,34.6191541129293,28.9647595840408,30.4934217554214,32.4992749688958,35.359566194783,2.67116542512572,36.2865959777043,37.5850872829727,40.5749147252959,0.0771585988615507,65,"1_NIC1667_2.9e-05",NA,NA,NA,NA,NA,"1",744.004850767335,14.430380349276
"20250529-CbDRC3-p009-m2x_D03_roi_0.png",20250529,"CbDRC3","p009","m2x","D03",0,810.399171747604,37.8451937192288,"","48h",10,"15hHB101","DMSO",1,"Ivermectin",5.8e-05,NA,NA,"NIC1667",1,NA,NA,NA,750.452127125072,365.038118627212,709.973992271399,735.707923625424,761.131202426836,57.4736429593398,775.659446636059,796.572581606156,816.506705319224,0.0765853555236325,35.9333727319572,21.1112477718134,32.771969528611,34.8126195864278,36.1055961346939,2.94210587099219,37.8260172842419,38.8341361832221,40.7068738089586,0.0818766969896939,69,"1_NIC1667_5.8e-05",NA,NA,NA,NA,NA,"1",744.004850767335,17.1263516595009
"20250529-CbDRC3-p009-m2x_D04_roi_0.png",20250529,"CbDRC3","p009","m2x","D04",0,781.682547175117,33.955789135571,"","48h",10,"15hHB101","DMSO",1,"Ivermectin",0.00011,NA,NA,"NIC1667",1,NA,NA,NA,757.361910117255,625.321467689332,717.91223404429,739.211725561316,759.424868792812,38.1601284674716,782.821703114349,796.589195146741,823.64169777721,0.050385592353811,35.853833980566,30.9029257285039,32.373854293326,34.1297400807251,36.1683667218651,2.45769789189099,37.5574411896171,39.1575759967317,40.4577912737083,0.0685477010135972,75,"1_NIC1667_0.00011",NA,NA,NA,"outlier","outlier","1",744.004850767335,15.420018025477
"20250529-CbDRC3-p009-m2x_D05_roi_0.png",20250529,"CbDRC3","p009","m2x","D05",0,833.232149023022,38.1561952615019,"","48h",10,"15hHB101","DMSO",1,"Ivermectin",0.00023,NA,NA,"NIC1667",1,NA,NA,NA,742.462608610165,621.804820787039,691.844632542121,727.623408344486,746.642543492906,39.2698271487996,763.169571342248,782.870483018415,833.232149023022,0.0528913196346814,35.0761791662263,27.5278093080705,32.3559284471182,33.5822273913238,35.2432470769225,2.39957133458912,36.5552347517697,37.9812464130317,40.2323311335908,0.0684102827510812,62,"1_NIC1667_0.00023",NA,NA,NA,NA,NA,"1",744.004850767335,2.63769272557124
"20250529-CbDRC3-p009-m2x_D06_roi_0.png",20250529,"CbDRC3","p009","m2x","D06",0,699.218633016936,29.4796098851738,"","48h",10,"15hHB101","DMSO",1,"Ivermectin",0.00046,NA,NA,"NIC1667",1,NA,NA,NA,666.497154157315,467.137050961782,539.520853356511,632.520400745043,675.530446183115,80.070811416153,724.000056321738,746.525743278563,880.013916809739,0.120136764150764,30.9523063692324,21.2749424155262,26.3086122306894,28.8306900555934,30.6871596966831,4.48513147840517,32.9414956640423,34.6235121342681,52.9301795525032,0.14490459692734,70,"1_NIC1667_0.00046",NA,NA,NA,NA,NA,"1",744.004850767335,-68.4744045842199
"20250529-CbDRC3-p009-m2x_D07_roi_0.png",20250529,"CbDRC3","p009","m2x","D07",0,372.763383249847,18.4666651744306,"fallback_a","48h",10,"15hHB101","DMSO",1,"Ivermectin",0.00093,NA,NA,"NIC1667",1,NA,NA,NA,340.639482296388,188.962528294907,317.530828495057,324.350172856607,341.00989461934,29.4094497074337,357.67116529141,371.827748425793,399.614396428233,0.0863359981326085,18.8369708091771,14.0075872284215,16.9519757088089,17.7767094166937,19.1244343335925,1.57959518582687,19.8486795814529,20.5842981610497,21.8262104021011,0.0838561147558456,57,"1_NIC1667_0.00093",NA,NA,NA,"outlier","outlier","1",744.004850767335,-402.994956147995
"20250529-CbDRC3-p009-m2x_D08_roi_0.png",20250529,"CbDRC3","p009","m2x","D08",0,311.338546414373,16.5077032505367,"","48h",10,"15hHB101","DMSO",1,"Ivermectin",0.0018,NA,NA,"NIC1667",1,NA,NA,NA,273.82062136268,73.6189864903666,253.242953343904,268.474176510128,280.485407321045,41.4975848652761,290.124824383568,305.484670667816,330.301315643092,0.151550254538031,15.5920091406362,12.3476877038615,14.2712790988779,14.7335751903023,15.6833629107481,1.16883790513736,16.3679192948604,17.0758599807753,18.0207334547968,0.0749639058439948,53,"1_NIC1667_0.0018",NA,NA,NA,NA,NA,"1",744.004850767335,-463.51944344629
"20250529-CbDRC3-p009-m2x_D09_roi_0.png",20250529,"CbDRC3","p009","m2x","D09",0,295.390073683039,14.9449413587073,"","48h",10,"15hHB101","DMSO",1,"Ivermectin",0.0037,NA,NA,"NIC1667",1,NA,NA,NA,251.869650314785,135.369712402386,234.876357799521,244.639700025173,255.450313335321,30.896123945153,269.82624564351,277.958711966443,295.390073683039,0.122667117322549,14.8055810908081,12.125622692122,13.8719701914642,14.3109441465282,14.6672879036064,1.02651137428231,15.2809962541488,16.2168412862209,16.7325921735806,0.0693327312171225,35,"1_NIC1667_0.0037",NA,NA,NA,"outlier","outlier","1",744.004850767335,-488.554537432014
"20250529-CbDRC3-p009-m2x_D10_roi_0.png",20250529,"CbDRC3","p009","m2x","D10",0,209.938594232506,13.7023838605133,"","48h",10,"15hHB101","DMSO",1,"Ivermectin",0.0075,NA,NA,"NIC1667",1,NA,NA,NA,245.048304129877,192.938419089662,218.339625297736,230.340458769916,245.865551196629,21.7654594991539,259.955570575928,269.811296647214,302.189434574659,0.0888210982583176,14.4713814844017,13.2697152956624,13.7894605944624,14.0242194260817,14.4808154995244,0.603322620919354,14.8187875100651,15.1679503767662,16.577841135109,0.0416907412446877,49,"1_NIC1667_0.0075",NA,NA,NA,NA,NA,"1",744.004850767335,-498.139299570706
"20250529-CbDRC3-p009-m2x_D11_roi_0.png",20250529,"CbDRC3","p009","m2x","D11",0,243.841760870156,12.600147092615,"","48h",10,"15hHB101","DMSO",1,"Ivermectin",0.015,NA,NA,"NIC1667",1,NA,NA,NA,239.34599445891,154.00777078833,197.885425828665,212.864533018973,229.60598443169,86.0841842243771,243.205981091567,253.840647525902,690.652425809203,0.359664194167894,15.0543485114164,12.2285439750907,13.0808954797823,13.8889740359024,14.2924688119796,4.04651358269188,14.9002363549502,15.4050614594809,36.315127678484,0.268793669790708,32,"1_NIC1667_0.015",NA,NA,NA,NA,NA,"1",744.004850767335,-514.398866335645
"20250529-CbDRC3-p009-m2x_D12_roi_0.png",20250529,"CbDRC3","p009","m2x","D12",0,226.929322211623,13.9426534663135,"","48h",10,"15hHB101","DMSO",1,"Ivermectin",0.03,NA,NA,"NIC1667",1,NA,NA,NA,221.335909477314,166.986308070802,191.661116457939,206.627729466016,224.869050867876,23.7319168256246,238.89479765016,251.490040075083,262.110379330519,0.107221267808137,14.1131016851505,11.720575770723,13.0384946589535,13.5685544644057,14.3439530059259,0.843144711736165,14.6383052845051,14.9431319988797,15.7280447443028,0.0597419851812805,42,"1_NIC1667_0.03",NA,NA,NA,NA,NA,"1",744.004850767335,-519.135799899459
"20250529-CbDRC3-p009-m2x_E01_roi_0.png",20250529,"CbDRC3","p009","m2x","E01",0,773.837730919021,36.6871093513253,"","48h",10,"15hHB101","DMSO",1,"Ivermectin",0,NA,NA,"PB420",1,NA,NA,NA,764.531447860263,644.627780434754,717.310713232006,758.646280200624,772.445592092034,32.7571111873004,786.121330835211,797.290814561707,807.567678732516,0.0428459957781719,37.6442814999218,32.0830030547802,35.3797094553634,36.316944843014,37.5734107564735,2.08910690795478,39.1164993926136,40.3902669090076,42.0345612305238,0.0554959963297245,58,"1_PB420_0",NA,NA,NA,NA,NA,"1",769.59900028371,2.84659180832421
"20250529-CbDRC3-p009-m2x_E02_roi_0.png",20250529,"CbDRC3","p009","m2x","E02",0,756.131530168811,34.3146969501619,"","48h",10,"15hHB101","DMSO",1,"Ivermectin",2.9e-05,NA,NA,"PB420",1,NA,NA,NA,772.442578346123,696.677654393908,729.617200605898,754.998254247531,772.359535589754,28.3586161223363,790.066559387532,806.544305970801,850.782737308307,0.0367129116355224,38.4234908468805,34.0861666850263,35.6862789344084,37.0168467492379,38.4625090699591,2.13908467360557,40.1258735115596,40.903616596945,43.2605175849984,0.055671273652098,60,"1_PB420_2.9e-05",NA,NA,NA,"outlier","outlier","1",769.59900028371,2.76053530604372
"20250529-CbDRC3-p009-m2x_E04_roi_0.png",20250529,"CbDRC3","p009","m2x","E04",0,776.803592208285,37.4998055228373,"","48h",10,"15hHB101","DMSO",1,"Ivermectin",0.00011,NA,NA,"PB420",1,NA,NA,NA,760.139066135676,657.760120399508,713.450090889166,735.267984544599,769.555072356314,39.9339025674468,787.175696818182,802.588313804883,857.861797200699,0.0525349956955364,36.9460213749938,29.4423685702989,33.5654133753841,35.5454956058925,36.8340434657068,2.6030420376038,38.5687860352863,39.6367924348084,43.4018774610345,0.0704552734158709,70,"1_PB420_0.00011",NA,NA,NA,NA,NA,"1",769.59900028371,-0.043927927396453
"20250529-CbDRC3-p009-m2x_E05_roi_0.png",20250529,"CbDRC3","p009","m2x","E05",0,751.966550775514,37.2838432368213,"","48h",10,"15hHB101","DMSO",1,"Ivermectin",0.00023,NA,NA,"PB420",1,NA,NA,NA,755.216644841058,506.710134765292,703.330798168862,742.228175823717,765.969009139083,56.1453051027252,787.322673644268,802.435742878139,834.885255710199,0.0743433099445809,36.4606501797098,28.3963260469337,33.9932854416008,35.1788567137926,36.8899184195682,2.71878755977113,38.0077167630705,39.4883854083646,41.7415344948004,0.0745677201687457,49,"1_PB420_0.00023",NA,NA,NA,NA,NA,"1",769.59900028371,-3.62999114462673
"20250529-CbDRC3-p009-m2x_E06_roi_0.png",20250529,"CbDRC3","p009","m2x","E06",0,687.659508007468,28.9345371775902,"","48h",10,"15hHB101","DMSO",1,"Ivermectin",0.00046,NA,NA,"PB420",1,NA,NA,NA,625.836399285738,278.906718789402,507.502292958873,586.402123545153,645.780379304613,100.758733685113,685.439559256424,736.600657918241,790.932846462621,0.160998519421542,29.4476603029397,15.9257914520568,24.9774203969151,27.1738362986474,29.3330915511071,4.55249338930991,31.8337534460063,35.2604353286522,38.8129396131082,0.154596098381895,55,"1_PB420_0.00046",NA,NA,NA,NA,NA,"1",769.59900028371,-123.818620979097
"20250529-CbDRC3-p009-m2x_E07_roi_0.png",20250529,"CbDRC3","p009","m2x","E07",0,349.622653948186,18.0277301277242,"","48h",10,"15hHB101","DMSO",1,"Ivermectin",0.00093,NA,NA,"PB420",1,NA,NA,NA,324.844172752806,222.377834138219,277.626417893201,301.821920334576,320.724063337266,39.4970443187462,352.296923128096,368.308961916588,419.100641206978,0.121587664584034,17.7451016373332,15.0192838518206,16.1658610952818,16.8845358318169,17.7452254243876,1.22404187209999,18.512790815554,19.1900841161483,21.2064731579767,0.0689791412366314,77,"1_PB420_0.00093",NA,"n>75",NA,NA,NA,"1",769.59900028371,-448.874936946444
"20250529-CbDRC3-p009-m2x_E08_roi_0.png",20250529,"CbDRC3","p009","m2x","E08",0,275.658843480895,14.6889140467881,"","48h",10,"15hHB101","DMSO",1,"Ivermectin",0.0018,NA,NA,"PB420",1,NA,NA,NA,256.074816908821,208.735219069121,225.088259613498,238.083584148747,252.329775780047,25.0204101373502,271.576023476405,298.881744051247,302.614289998471,0.0977074217581462,15.1107835776026,12.7110170208872,13.4364611720413,14.4446757048636,15.1199699098037,1.14404337228904,15.9191171855445,16.6728001791846,17.081227968258,0.0757103936016103,55,"1_PB420_0.0018",NA,NA,NA,NA,NA,"1",769.59900028371,-517.269224503664
"20250529-CbDRC3-p009-m2x_E09_roi_0.png",20250529,"CbDRC3","p009","m2x","E09",0,214.950015327584,13.9524194863103,"","48h",10,"15hHB101","DMSO",1,"Ivermectin",0.0037,NA,NA,"PB420",1,NA,NA,NA,236.49247001552,189.570130774075,211.774910934296,220.147333441986,233.946917289109,20.0239621795994,250.257298801992,257.386004041682,290.358876735144,0.0846706120422577,14.8084599355234,11.790424468019,13.7541626378379,14.2466387407916,14.7905635175683,0.967764030584393,15.5032092530828,15.804044769915,16.7681012581037,0.0653521051343675,57,"1_PB420_0.0037",NA,NA,NA,NA,NA,"1",769.59900028371,-535.652082994601
"20250529-CbDRC3-p009-m2x_E10_roi_0.png",20250529,"CbDRC3","p009","m2x","E10",0,235.475569755448,14.4781701916326,"","48h",10,"15hHB101","DMSO",1,"Ivermectin",0.0075,NA,NA,"PB420",1,NA,NA,NA,246.373648730724,181.202746851973,210.186695390864,224.718838793223,235.475569755448,60.5493516145188,252.802857193991,277.282652991504,654.503370059431,0.245762287998164,15.0925310422217,12.424831441406,13.3288276258097,13.7175318079718,14.5044237689052,4.3287277926365,14.9393736532079,15.31546110078,44.4801360131247,0.286812581701955,61,"1_PB420_0.0075",NA,NA,NA,NA,NA,"1",769.59900028371,-534.123430528262
"20250529-CbDRC3-p009-m2x_E11_roi_0.png",20250529,"CbDRC3","p009","m2x","E11",0,208.249971569772,14.043841599236,"","48h",10,"15hHB101","DMSO",1,"Ivermectin",0.015,NA,NA,"PB420",1,NA,NA,NA,224.678623381151,190.283929170341,201.208614521285,209.278379842384,223.681188660839,18.8959657673503,238.799485150946,252.497628553696,258.463131663707,0.0841021966531042,14.1283426803888,12.0596434317865,12.9627003549687,13.3518104548302,14.3140599744627,0.943808321328113,14.8468595132078,15.1914955199503,16.1740633140289,0.0668024794329337,64,"1_PB420_0.015",NA,NA,NA,NA,NA,"1",769.59900028371,-545.917811622871
"20250529-CbDRC3-p009-m2x_E12_roi_0.png",20250529,"CbDRC3","p009","m2x","E12",0,227.780407209494,14.3884147887883,"","48h",10,"15hHB101","DMSO",1,"Ivermectin",0.03,NA,NA,"PB420",1,NA,NA,NA,211.810629749606,142.157794788056,183.735443113739,197.358621763049,209.615453305109,25.4211943674269,223.688741838545,244.974827837147,262.457312030936,0.120018501420249,14.4661487169464,13.0026873824069,13.6116945600048,13.8623536175551,14.3810885976478,0.750644034620454,15.1451702763183,15.437109120717,15.7721282792427,0.0518896942999841,33,"1_PB420_0.03",NA,NA,NA,"outlier","outlier","1",769.59900028371,-559.983546978601
"20250529-CbDRC3-p009-m2x_F01_roi_0.png",20250529,"CbDRC3","p009","m2x","F01",0,777.830840600101,36.9075761539443,"","48h",10,"15hHB101","DMSO",1,"Ivermectin",0,NA,NA,"ED3102",1,NA,NA,NA,772.02915077087,688.215726352279,740.747105302625,756.454922393467,773.875573996061,24.6220844556685,788.205892431473,803.686619978028,819.262293951323,0.031892687511972,37.4393060510302,32.3725805463631,35.281804808876,36.4341555811152,37.5681390970515,1.81967790978707,38.6129318878596,39.4315008644227,41.5632716745123,0.0486034091365588,81,"1_ED3102_0",NA,"n>75",NA,NA,NA,"1",766.428098311703,7.44747568435855
"20250529-CbDRC3-p009-m2x_F02_roi_0.png",20250529,"CbDRC3","p009","m2x","F02",0,779.86690763,37.7580247020517,"","48h",10,"15hHB101","DMSO",1,"Ivermectin",2.9e-05,NA,NA,"ED3102",1,NA,NA,NA,777.068304529035,602.52839973924,748.937698710619,761.502351708916,779.86690763,32.0621354773179,795.128684601265,814.564552245561,835.109678192769,0.0412603825049203,37.7223595121776,27.8546715946174,35.252383226553,36.3813171340846,37.8808675404264,2.26212752388406,39.1945030295549,40.3189624292673,42.5516710369368,0.0599678162537473,89,"1_ED3102_2.9e-05",NA,"n>75",NA,NA,NA,"1",766.428098311703,13.4388093182974
"20250529-CbDRC3-p009-m2x_F03_roi_0.png",20250529,"CbDRC3","p009","m2x","F03",0,738.875469018896,34.8434960997254,"","48h",10,"15hHB101","DMSO",1,"Ivermectin",5.8e-05,NA,NA,"ED3102",1,NA,NA,NA,775.737154974549,487.184517678794,745.016574384446,762.897531237652,780.247541045259,39.9065780931495,793.905027219789,810.320577955414,837.536624637278,0.0514434275027846,37.5898028679857,23.6663409358951,35.1140737584821,36.0293982301017,37.6706443014262,2.55380540067476,39.3131649043285,40.6620356766697,41.8391388965169,0.067938781420154,87,"1_ED3102_5.8e-05",NA,"n>75",NA,NA,NA,"1",766.428098311703,13.8194427335557
"20250529-CbDRC3-p009-m2x_F04_roi_0.png",20250529,"CbDRC3","p009","m2x","F04",0,786.08497674054,37.0202226548001,"","48h",10,"15hHB101","DMSO",1,"Ivermectin",0.00011,NA,NA,"ED3102",1,NA,NA,NA,782.882195782807,656.033960037633,736.344943579848,760.189897679508,776.684061971267,63.8420760910609,797.112151902931,814.542368343219,1239.23574027041,0.0815474875210631,37.7338495809017,32.1634604906394,35.1776516883455,36.359103569023,37.7821882617429,2.26819896002466,39.164296570439,40.3983032135167,45.4508014895884,0.0601104574597306,81,"1_ED3102_0.00011",NA,"n>75",NA,NA,NA,"1",766.428098311703,10.2559636595638
"20250529-CbDRC3-p009-m2x_F05_roi_0.png",20250529,"CbDRC3","p009","m2x","F05",0,742.956301944754,35.8726895417886,"","48h",10,"15hHB101","DMSO",1,"Ivermectin",0.00023,NA,NA,"ED3102",1,NA,NA,NA,754.835537970616,623.197350362105,717.083820440867,737.485234231761,760.249712427488,33.8472033645092,776.462706414863,789.387686094093,828.650694789136,0.0448405005618944,35.4630914346827,28.5853556915904,32.5146214077707,33.6320547100384,35.7437805534535,2.52734392400591,37.5179729414511,38.5686959299252,39.4622618649558,0.0712668811928276,90,"1_ED3102_0.00023",NA,"n>75",NA,NA,NA,"1",766.428098311703,-6.17838588421466
"20250529-CbDRC3-p009-m2x_F06_roi_0.png",20250529,"CbDRC3","p009","m2x","F06",0,529.464555201642,23.6959263382475,"","48h",10,"15hHB101","DMSO",1,"Ivermectin",0.00046,NA,NA,"ED3102",1,NA,NA,NA,510.59483079981,341.117516834583,374.516335793884,412.070981461431,517.073016505918,105.378358498845,585.645565776381,659.902201638415,761.767093514794,0.206383520048131,24.0099904139424,17.3188429454921,18.8327667989431,20.5450497066949,23.8273835290285,4.09742695773898,26.5166325339303,28.9830846950416,36.1537756418695,0.170655085116554,71,"1_ED3102_0.00046",NA,NA,NA,NA,NA,"1",766.428098311703,-249.355081805784
"20250529-CbDRC3-p009-m2x_F07_roi_0.png",20250529,"CbDRC3","p009","m2x","F07",0,305.542586325214,15.5174742762293,"","48h",10,"15hHB101","DMSO",1,"Ivermectin",0.00093,NA,NA,"ED3102",1,NA,NA,NA,312.411591896994,191.52530633749,264.734274209668,296.727416935689,320.358086810675,38.9944971680987,335.785158546131,354.883382719497,388.537550381062,0.124817702606105,17.4027033839387,15.0737265805994,15.8082063061597,16.6121205087948,17.4097147919323,1.17711492060719,18.1548540529734,19.0417364248719,20.1754503361019,0.0676397738120141,60,"1_ED3102_0.00093",NA,NA,NA,NA,NA,"1",766.428098311703,-446.070011501028
"20250529-CbDRC3-p009-m2x_F08_roi_0.png",20250529,"CbDRC3","p009","m2x","F08",0,285.937652536472,16.3255303960961,"","48h",10,"15hHB101","DMSO",1,"Ivermectin",0.0018,NA,NA,"ED3102",1,NA,NA,NA,274.010618648286,236.726520303081,249.531901615493,259.910778762555,272.734441329321,20.2126047097606,286.777115184901,302.182108325291,320.756949668749,0.0737657715948045,15.5051401921336,13.4897448834866,14.3092313347229,14.9696578495994,15.5444194222406,0.882742750915671,16.191570734781,16.7430433987079,17.3270781945186,0.0569322650409521,66,"1_ED3102_0.0018",NA,NA,NA,NA,NA,"1",766.428098311703,-493.693656982382
"20250529-CbDRC3-p009-m2x_F09_roi_0.png",20250529,"CbDRC3","p009","m2x","F09",0,259.492437384513,14.6254643124508,"","48h",10,"15hHB101","DMSO",1,"Ivermectin",0.0037,NA,NA,"ED3102",1,NA,NA,NA,252.335319092329,216.285932647717,226.846162489289,242.421905137622,252.120462141807,18.7699628231125,260.841994969488,274.024923381371,322.650326149567,0.0743850004455563,15.3355614392794,13.0771144176545,14.1333132567203,14.7783083481314,15.0109066216331,1.86672603205174,15.5138731187894,16.1574005963043,29.0811026252571,0.121725314031897,69,"1_ED3102_0.0037",NA,NA,NA,NA,NA,"1",766.428098311703,-514.307636169896
"20250529-CbDRC3-p009-m2x_F10_roi_0.png",20250529,"CbDRC3","p009","m2x","F10",0,612.805507527906,20.6034828849535,"","48h",10,"15hHB101","DMSO",1,"Ivermectin",0.0075,NA,NA,"ED3102",1,NA,NA,NA,248.921755729312,215.208624644261,222.974361500066,228.653935650079,241.967743083368,51.6524312637514,255.40800862848,260.898194742603,612.805507527906,0.207504688018995,15.1192000822056,13.1600645243958,14.2194664052158,14.5131885346734,15.0298312200055,1.08219349967965,15.5073408814215,16.0234691564545,20.6034828849535,0.0715774309352071,58,"1_ED3102_0.0075",NA,NA,NA,NA,NA,"1",766.428098311703,-524.460355228335
"20250529-CbDRC3-p009-m2x_F11_roi_0.png",20250529,"CbDRC3","p009","m2x","F11",0,226.184586331389,12.8763417651145,"","48h",10,"15hHB101","DMSO",1,"Ivermectin",0.015,NA,NA,"ED3102",1,NA,NA,NA,236.532301293772,145.391550113497,209.181622978115,226.677669382292,238.814832735377,23.2177767436631,248.076965359223,262.198680314278,300.401140468106,0.0981590109116921,15.002351832314,11.9389914457144,13.8660005015304,14.3388670403357,15.0557604828045,0.999212284466558,15.5223712586853,16.016879969554,17.7964229234744,0.0666037095806758,86,"1_ED3102_0.015",NA,"n>75",NA,NA,NA,"1",766.428098311703,-527.613265576326
"20250529-CbDRC3-p009-m2x_F12_roi_1.png",20250529,"CbDRC3","p009","m2x","F12",1,242.132106041608,14.650213081404,"","48h",10,"15hHB101","DMSO",1,"Ivermectin",0.03,NA,NA,"ED3102",1,NA,NA,NA,232.116641892849,175.564471498756,212.237813414359,218.389708957276,231.026128918425,20.8564631863378,241.040972550043,261.565860829438,290.363834990759,0.0898533729260379,14.8735763336247,13.2318416703162,13.7131673430315,14.3293764227186,14.8063310506806,0.793987893103097,15.4526349513479,15.9185628479512,16.3610005587877,0.0533824465140994,59,"1_ED3102_0.03",NA,NA,NA,NA,NA,"1",766.428098311703,-535.401969393278
"20250529-CbDRC3-p010-m2x_A01_roi_0.png",20250529,"CbDRC3","p010","m2x","A01",0,718.713823797056,29.4197317692569,"","48h",10,"15hHB101","DMSO",1,"Ivermectin",0,NA,NA,"ECA2666",1,NA,NA,NA,729.891814992788,579.743737969257,684.732858109625,710.094841422776,738.612771204585,47.2989588179392,760.715787250886,776.09418357112,823.021496777746,0.0648026979428541,33.2600956674937,26.9082237194128,30.3562040623858,31.7150482456587,33.4057218076229,2.30888697573113,34.5506118903264,35.8608161357652,39.1128037705955,0.0694191321279841,80,"1_ECA2666_0",NA,"n>75",NA,NA,NA,"1",751.991352055543,-13.378580850958
"20250529-CbDRC3-p010-m2x_A02_roi_0.png",20250529,"CbDRC3","p010","m2x","A02",0,753.874756978809,33.1546595496822,"","48h",10,"15hHB101","DMSO",1,"Ivermectin",2.9e-05,NA,NA,"ECA2666",1,NA,NA,NA,741.924739088145,584.752839304182,702.536298863419,725.324379041156,753.474849295012,41.6244914581931,766.45416095527,779.369106941138,825.253038446412,0.0561033879384468,34.308492275832,27.9971434305219,31.3830122814463,32.7604806109129,34.4079222577644,2.60241550788102,35.6041606740735,37.576412231033,42.7159019090581,0.0758533918354159,70,"1_ECA2666_2.9e-05",NA,NA,NA,NA,NA,"1",751.991352055543,1.48349723946887
"20250529-CbDRC3-p010-m2x_A03_roi_0.png",20250529,"CbDRC3","p010","m2x","A03",0,754.461722383962,34.8443079801646,"","48h",10,"15hHB101","DMSO",1,"Ivermectin",5.8e-05,NA,NA,"ECA2666",1,NA,NA,NA,745.852063494665,575.380809420761,683.991916006487,735.042679209026,757.321463153462,51.0699230939258,775.247177860338,797.287547792842,854.162534669937,0.0684719203626513,33.1571901415459,27.7826951458158,29.8376149445295,31.3108655358593,33.0373467308188,2.71590098918867,34.6746188694972,36.8740499224788,40.2695443602382,0.0819098656307927,68,"1_ECA2666_5.8e-05",NA,NA,NA,NA,NA,"1",751.991352055543,5.33011109791835
"20250529-CbDRC3-p010-m2x_A04_roi_0.png",20250529,"CbDRC3","p010","m2x","A04",0,804.231885441013,37.4494430767898,"","48h",10,"15hHB101","DMSO",1,"Ivermectin",0.00011,NA,NA,"ECA2666",1,NA,NA,NA,706.922922711515,164.630399586378,596.694126244312,690.463588114249,739.488281864314,97.9800585303318,768.508340896803,781.16265072638,804.231885441013,0.138600765914498,32.7014095651159,14.035198426273,27.3295292143615,30.6636728877039,32.5000256676682,5.19075348685863,35.2001593113954,37.2117249863096,57.8022243649175,0.158731796454299,72,"1_ECA2666_0.00011",NA,NA,NA,NA,NA,"1",751.991352055543,-12.5030701912295
"20250529-CbDRC3-p010-m2x_A05_roi_0.png",20250529,"CbDRC3","p010","m2x","A05",0,655.46574702518,29.1910421781863,"","48h",10,"15hHB101","DMSO",1,"Ivermectin",0.00023,NA,NA,"ECA2666",1,NA,NA,NA,730.28710041634,548.956578674773,647.132738371712,700.926238492195,741.181595169498,72.1554829892401,763.414402727841,784.636896489186,1079.94728728317,0.0988042688253757,32.8401777818223,25.8119385269297,28.8535352525801,30.9994345614711,32.8021318245335,3.63591357874909,34.4215878338542,35.3727517964354,53.9248754558744,0.11071540485879,69,"1_ECA2666_0.00023",NA,NA,NA,NA,NA,"1",751.991352055543,-10.8097568860447
"20250529-CbDRC3-p010-m2x_A06_roi_0.png",20250529,"CbDRC3","p010","m2x","A06",0,751.711469525464,32.0514564484802,"","48h",10,"15hHB101","DMSO",1,"Ivermectin",0.00046,NA,NA,"ECA2666",1,NA,NA,NA,634.625907615127,325.142912313318,473.759666609386,567.475369986731,656.884703790148,104.68247320225,721.871915991436,751.496969173425,801.479992832854,0.164951465022344,28.9451162826025,17.6594489031939,23.1136333523762,26.1880081356269,29.3635272261458,4.20152631048819,31.4946234851401,33.860480831962,38.4441323783543,0.145154929400422,67,"1_ECA2666_0.00046",NA,NA,NA,NA,NA,"1",751.991352055543,-95.1066482653947
"20250529-CbDRC3-p010-m2x_A07_roi_0.png",20250529,"CbDRC3","p010","m2x","A07",0,400.217056198997,18.803001635551,"","48h",10,"15hHB101","DMSO",1,"Ivermectin",0.00093,NA,NA,"ECA2666",1,NA,NA,NA,377.1204880741,298.276307732731,333.156027854644,350.097244656818,376.827280001113,34.5033328157512,399.89076480824,419.481446929288,462.783431363169,0.0914915362778478,18.1922282139797,14.7284053342499,16.9912725275753,17.5937648483343,18.1577357845108,1.09490763414773,18.66171829898,19.4828007648465,21.8143421987472,0.0601854605862056,79,"1_ECA2666_0.00093",NA,"n>75",NA,NA,NA,"1",751.991352055543,-375.164072054431
"20250529-CbDRC3-p010-m2x_A08_roi_0.png",20250529,"CbDRC3","p010","m2x","A08",0,281.438469578366,14.9950636957961,"","48h",10,"15hHB101","DMSO",1,"Ivermectin",0.0018,NA,NA,"ECA2666",1,NA,NA,NA,279.305136454552,228.836795654946,257.747884934298,266.682899414277,278.554651480612,19.4489915701022,289.356703454806,301.171224858194,334.949053361227,0.0696334905150118,15.5557111650144,13.4807118305514,14.501555237924,15.0263265423419,15.5423414331441,0.785842346787064,16.0674496476435,16.4847939901155,17.0795091114822,0.0505179312248009,69,"1_ECA2666_0.0018",NA,NA,NA,NA,NA,"1",751.991352055543,-473.436700574931
"20250529-CbDRC3-p010-m2x_A09_roi_0.png",20250529,"CbDRC3","p010","m2x","A09",0,285.333701669244,15.9777801080891,"","48h",10,"15hHB101","DMSO",1,"Ivermectin",0.0037,NA,NA,"ECA2666",1,NA,NA,NA,254.691309997128,213.158384247146,223.655564262824,236.999169083336,250.176372564053,26.5879286693345,269.857474628388,283.381976986857,375.375571403287,0.1043927594924,14.8975565672849,12.5074580963979,13.895021070441,14.3061425095326,14.8048795940708,0.909208908067504,15.3877707721882,15.9726235635517,16.8793985904608,0.0610307404412968,69,"1_ECA2666_0.0037",NA,NA,NA,NA,NA,"1",751.991352055543,-501.81497949149
"20250529-CbDRC3-p010-m2x_A10_roi_0.png",20250529,"CbDRC3","p010","m2x","A10",0,229.131967474089,13.7929697297529,"","48h",10,"15hHB101","DMSO",1,"Ivermectin",0.0075,NA,NA,"ECA2666",1,NA,NA,NA,235.369322412887,182.574326617839,207.32929743189,222.795380068509,232.547348444777,24.2577730288941,249.854432704838,262.173023173498,330.85878420877,0.103062594480095,14.0195467934991,7.92828560328937,13.1423934392619,13.4251466367434,13.9863859353596,1.2328805669123,14.4980088690301,15.1315643346796,17.810317943143,0.0879401156879046,77,"1_ECA2666_0.0075",NA,"n>75",NA,NA,NA,"1",751.991352055543,-519.444003610766
"20250529-CbDRC3-p010-m2x_A11_roi_0.png",20250529,"CbDRC3","p010","m2x","A11",0,213.330339874822,13.8162062980094,"","48h",10,"15hHB101","DMSO",1,"Ivermectin",0.015,NA,NA,"ECA2666",1,NA,NA,NA,223.090319986154,147.244794836091,191.783906912935,209.639081198544,220.94891517587,25.0059164198983,236.299752068004,249.777277076511,282.583219766068,0.11208875589694,13.9113207810605,10.813736063778,12.988700208648,13.1982035454996,13.8162062980094,1.29232836650727,14.3324083158445,14.6068684903688,20.0288504164344,0.0928976038182301,67,"1_ECA2666_0.015",NA,NA,NA,NA,NA,"1",751.991352055543,-531.042436879673
"20250529-CbDRC3-p010-m2x_A12_roi_0.png",20250529,"CbDRC3","p010","m2x","A12",0,229.106567164624,14.1804188041378,"","48h",10,"15hHB101","DMSO",1,"Ivermectin",0.03,NA,NA,"ECA2666",1,NA,NA,NA,221.505791569158,180.272528861038,194.566870227329,201.63566961506,216.048130154333,38.4040071769831,226.890525192761,235.697336636082,399.058077051947,0.173376988948809,13.6487002500665,8.50684009251954,12.5594300460226,13.2055662468378,13.8533270754035,1.14943053845326,14.3367246491243,14.7713457880837,15.0525012288975,0.084215384424437,47,"1_ECA2666_0.03",NA,NA,NA,NA,NA,"1",751.991352055543,-535.94322190121
"20250529-CbDRC3-p010-m2x_B01_roi_0.png",20250529,"CbDRC3","p010","m2x","B01",0,851.034574709402,37.3673581941517,"","48h",10,"15hHB101","DMSO",1,"Ivermectin",0,NA,NA,"JU3237",1,NA,NA,NA,810.585943248443,719.055820956058,760.721811860217,788.122927455793,808.930814728636,35.2851098612813,841.976968867333,855.371353687741,879.091804095059,0.0435303747309944,37.3709476064586,31.3256339897937,35.1528085222773,35.8867689723373,37.3673581941517,2.07687317568016,39.0839818985971,39.8812961764855,42.5781572929798,0.0555745387446698,83,"1_JU3237_0",NA,"n>75",NA,NA,NA,"1",828.6410824654,-19.7102677367645
"20250529-CbDRC3-p010-m2x_B02_roi_0.png",20250529,"CbDRC3","p010","m2x","B02",0,889.282470858132,37.8209268212352,"","48h",10,"15hHB101","DMSO",1,"Ivermectin",2.9e-05,NA,NA,"JU3237",1,NA,NA,NA,812.467358759676,527.112184229987,754.442563415776,786.453741695956,818.988070454723,53.1062327703738,847.947103492889,862.028888354216,933.689773973062,0.0653641431840985,38.1279392391903,28.4594252707829,34.7958876335039,36.3647106069674,38.0969315323358,3.17003638323972,39.9270306479778,42.3016366139263,45.6337059511531,0.0831420854757699,87,"1_JU3237_2.9e-05",NA,"n>75",NA,NA,NA,"1",828.6410824654,-9.65301201067757
"20250529-CbDRC3-p010-m2x_B03_roi_0.png",20250529,"CbDRC3","p010","m2x","B03",0,802.226902840769,35.5136861710516,"","48h",10,"15hHB101","DMSO",1,"Ivermectin",5.8e-05,NA,NA,"JU3237",1,NA,NA,NA,805.067588215019,238.303454015487,774.216462044215,786.446678121462,811.64106941377,84.0617989546022,842.989322793562,864.612481848796,896.685988194264,0.104415828167896,36.3400393559277,13.4761458163342,34.6043374726189,35.6626786246968,36.756919125008,3.66761688666927,38.019055061328,39.8829438827809,40.5274187874333,0.100924956375179,78,"1_JU3237_5.8e-05",NA,"n>75",NA,NA,NA,"1",828.6410824654,-17.0000130516302
"20250529-CbDRC3-p010-m2x_B04_roi_0.png",20250529,"CbDRC3","p010","m2x","B04",0,815.974145542658,37.4031875479585,"","48h",10,"15hHB101","DMSO",1,"Ivermectin",0.00011,NA,NA,"JU3237",1,NA,NA,NA,800.6388423563,305.893447653332,757.621120550027,788.646787840503,813.87104972778,87.0427474085941,834.135623537662,856.513334500868,904.904054701398,0.108716618285,36.9416506201474,17.3469106749363,33.8401579687543,35.80048223491,37.1440589788401,3.91754857631579,38.6192849422148,39.6778801405118,55.5365939113759,0.106046928346489,68,"1_JU3237_0.00011",NA,NA,NA,NA,NA,"1",828.6410824654,-14.7700327376205
"20250529-CbDRC3-p010-m2x_B05_roi_0.png",20250529,"CbDRC3","p010","m2x","B05",0,752.629029215279,36.4090947816963,"","48h",10,"15hHB101","DMSO",1,"Ivermectin",0.00023,NA,NA,"JU3237",1,NA,NA,NA,808.152957229533,636.657102757043,757.450610206301,784.863116259259,803.297428106682,43.8294931622658,839.210780227064,860.832515281739,889.077066989309,0.0542341555149656,36.0129076015354,29.0032781308861,32.7245477778513,34.2305655809634,35.8631445020482,2.5378599863125,37.950242535666,39.0018361076865,41.0396699096935,0.0704708437983579,60,"1_JU3237_0.00023",NA,NA,NA,NA,NA,"1",828.6410824654,-25.3436543587178
"20250529-CbDRC3-p010-m2x_B06_roi_0.png",20250529,"CbDRC3","p010","m2x","B06",0,841.443353413039,37.6909569871222,"","48h",10,"15hHB101","DMSO",1,"Ivermectin",0.00046,NA,NA,"JU3237",1,NA,NA,NA,768.423628822852,605.673923240882,703.68696112587,744.875839473975,773.463515575623,55.6240841526845,799.220539559327,831.387849139775,913.747402554023,0.0723872640901153,34.1968466016009,27.3864678789333,29.6476090278843,32.7565693518722,33.9692789356494,2.98518858664161,36.4058047283804,37.6828856452991,41.1953445771248,0.0872942649192065,65,"1_JU3237_0.00046",NA,NA,NA,NA,NA,"1",828.6410824654,-55.1775668897768
"20250529-CbDRC3-p010-m2x_B07_roi_0.png",20250529,"CbDRC3","p010","m2x","B07",0,492.706317644867,21.5392687027319,"","48h",10,"15hHB101","DMSO",1,"Ivermectin",0.00093,NA,NA,"JU3237",1,NA,NA,NA,413.482694866654,216.407289959602,296.427680167204,338.524987094075,393.04100231508,102.708616591054,497.237631276481,549.773814252636,704.802025569071,0.24839882748703,19.9946602801433,15.1552059267324,16.6249074925566,18.1525460805158,19.4509131152754,2.98022536531043,21.5392687027319,23.5495245477316,29.7399520077304,0.149051062811509,73,"1_JU3237_0.00093",NA,NA,NA,NA,NA,"1",828.6410824654,-435.60008015032
"20250529-CbDRC3-p010-m2x_B08_roi_0.png",20250529,"CbDRC3","p010","m2x","B08",0,295.180665640067,15.7464523152685,"","48h",10,"15hHB101","DMSO",1,"Ivermectin",0.0018,NA,NA,"JU3237",1,NA,NA,NA,285.958311896187,235.401187289416,261.877617125104,275.0466654471,285.016696075646,20.771427966737,296.235847616902,311.251131864962,345.617305016378,0.0726379584107972,15.9109842172261,13.5963020531465,14.6653274152413,15.1719491035565,15.7656891683485,1.14470745272129,16.5992630632319,17.3270774170715,19.0956393476075,0.0719444779212318,82,"1_JU3237_0.0018",NA,"n>75",NA,NA,NA,"1",828.6410824654,-543.624386389754
"20250529-CbDRC3-p010-m2x_B09_roi_0.png",20250529,"CbDRC3","p010","m2x","B09",0,281.246870116148,14.4774443429251,"","48h",10,"15hHB101","DMSO",1,"Ivermectin",0.0037,NA,NA,"JU3237",1,NA,NA,NA,254.602618002416,212.189279551578,226.88928852616,235.65477449732,252.292157533524,26.1791410435836,265.483669340117,281.218781393829,371.837895203161,0.102823534372828,15.0129997131951,13.325378033596,13.6593974187759,14.4904648775854,15.1232855032187,0.948594441206194,15.4866796217964,16.0445973581637,18.0301859467695,0.0631848704008475,64,"1_JU3237_0.0037",NA,NA,NA,"outlier","outlier","1",828.6410824654,-576.348924931876
"20250529-CbDRC3-p010-m2x_B10_roi_0.png",20250529,"CbDRC3","p010","m2x","B10",0,236.92905291295,15.4080095755114,"","48h",10,"15hHB101","DMSO",1,"Ivermectin",0.0075,NA,NA,"JU3237",1,NA,NA,NA,232.148289122406,188.351819382448,207.51112830609,218.012062607587,231.714000012506,20.6715701819017,247.035794194134,264.280476173699,271.485117329707,0.0890446802776226,14.5193489937649,12.2365541400588,13.4387139067162,13.8097972909324,14.6496066673496,0.913268992666955,15.2097858787672,15.4406620429655,17.206939972066,0.0629001336808658,63,"1_JU3237_0.0075",NA,NA,NA,NA,NA,"1",828.6410824654,-596.927082452895
"20250529-CbDRC3-p010-m2x_B11_roi_0.png",20250529,"CbDRC3","p010","m2x","B11",0,202.958178451311,12.5461329400595,"","48h",10,"15hHB101","DMSO",1,"Ivermectin",0.015,NA,NA,"JU3237",1,NA,NA,NA,233.630056858997,170.542208736212,212.086260874223,220.998958478937,235.131196374709,23.8549671405975,247.412659948199,255.474094932215,327.173521745465,0.102105728437993,14.7106259524397,10.8162622267101,13.0103126106973,13.9195164075645,14.4906076920786,3.15624932412001,14.873676608878,15.3049762620477,37.425040679323,0.214555745916207,61,"1_JU3237_0.015",NA,NA,NA,NA,NA,"1",828.6410824654,-593.509886090692
"20250529-CbDRC3-p010-m2x_C01_roi_0.png",20250529,"CbDRC3","p010","m2x","C01",0,813.071741644541,38.5578020252192,"","48h",10,"15hHB101","DMSO",1,"Ivermectin",0,NA,NA,"VX34",1,NA,NA,NA,734.568935244776,391.329470737161,635.559773747424,715.907442208793,756.467946217424,94.6759281409911,794.207180602273,817.325092455885,857.831342038199,0.128886376211162,35.8002891583076,24.2981329134636,30.6958935804538,33.7033859363529,36.6526795383876,4.03130674628975,38.5577934584393,39.717812446268,42.1081908275403,0.112605424175862,55,"1_VX34_0",NA,NA,NA,"outlier","outlier","1",777.984787055657,-21.5168408382325
"20250529-CbDRC3-p010-m2x_C02_roi_0.png",20250529,"CbDRC3","p010","m2x","C02",0,796.537300657873,36.6600087552833,"","48h",10,"15hHB101","DMSO",1,"Ivermectin",2.9e-05,NA,NA,"VX34",1,NA,NA,NA,768.298954617594,471.553012455057,702.620981849913,742.88399485487,773.130601328784,84.2589816565819,817.6207603387,843.463715013147,987.216066119471,0.109669525319763,36.193483625338,26.2616002235874,31.8200074654339,34.2074175197628,36.6026929516464,3.62647478729407,38.3189034646412,40.8075115439423,42.4388099791858,0.100196898006117,56,"1_VX34_2.9e-05",NA,NA,NA,"outlier","outlier","1",777.984787055657,-4.85418572687308
"20250529-CbDRC3-p010-m2x_C03_roi_0.png",20250529,"CbDRC3","p010","m2x","C03",0,757.041465069636,37.7316119265811,"","48h",10,"15hHB101","DMSO",1,"Ivermectin",5.8e-05,NA,NA,"VX34",1,NA,NA,NA,776.925931854126,573.09302356662,720.577220579495,750.854615064805,780.859840729899,51.8357956151703,809.900659293539,842.486123580357,878.65298495004,0.0667190957205723,37.0657070643124,29.7442168019134,34.0543983758318,35.4619564832854,36.9964274758017,2.75184534018959,39.0700002941497,40.24091798245,42.9592701666398,0.0742423538667396,78,"1_VX34_5.8e-05",NA,"n>75",NA,NA,NA,"1",777.984787055657,2.87505367424251
"20250529-CbDRC3-p010-m2x_C04_roi_0.png",20250529,"CbDRC3","p010","m2x","C04",0,765.490229114603,36.4580388013672,"","48h",10,"15hHB101","DMSO",1,"Ivermectin",0.00011,NA,NA,"VX34",1,NA,NA,NA,770.695853936515,518.175698277476,717.842893027282,752.825333556169,777.796282682418,57.2670766171962,808.101449428277,824.304168862763,860.01135303647,0.0743056762595658,37.1026830667854,29.4534820850489,33.3782932833206,35.8963792665155,37.2329255485439,2.66126037180997,38.5229244665372,40.0964560208134,43.5380535928494,0.071726898214333,45,"1_VX34_0.00011",NA,NA,NA,NA,NA,"1",777.984787055657,-0.188504373239198
"20250529-CbDRC3-p010-m2x_C05_roi_0.png",20250529,"CbDRC3","p010","m2x","C05",0,806.489415981906,36.9633232834675,"","48h",10,"15hHB101","DMSO",1,"Ivermectin",0.00023,NA,NA,"VX34",1,NA,NA,NA,765.967244006974,607.19852532395,704.676911473358,733.229431793334,766.179739861055,49.3790630869802,800.403047406542,833.608292137029,848.398629436592,0.0644662855668155,36.5181218121765,29.3829782221959,32.8262637025299,35.2315891610743,36.7404582215785,2.81438058567213,38.1180574339123,40.1236210387345,43.3893092382545,0.0770680540512823,61,"1_VX34_0.00023",NA,NA,NA,NA,NA,"1",777.984787055657,-11.8050471946023
"20250529-CbDRC3-p010-m2x_C06_roi_0.png",20250529,"CbDRC3","p010","m2x","C06",0,837.232275670001,36.879736940914,"","48h",10,"15hHB101","DMSO",1,"Ivermectin",0.00046,NA,NA,"VX34",1,NA,NA,NA,710.526978679149,371.922714521723,597.801868650723,662.699795296269,743.150057186969,95.5932756924891,769.086637513808,792.870762545863,839.980522507535,0.134538558789414,33.5194552020454,18.1095771259755,27.598416066125,30.4801962795015,33.9774049906773,4.91145881250591,36.879736940914,39.4839666550364,41.1577949531851,0.146525615732746,61,"1_VX34_0.00046",NA,NA,NA,NA,NA,"1",777.984787055657,-34.8347298686883
"20250529-CbDRC3-p010-m2x_C07_roi_0.png",20250529,"CbDRC3","p010","m2x","C07",0,449.672168097225,20.968739056381,"","48h",10,"15hHB101","DMSO",1,"Ivermectin",0.00093,NA,NA,"VX34",1,NA,NA,NA,341.151798818118,266.23212570897,297.532197811663,305.643387036837,338.431117569514,41.184305100848,368.134197164556,387.858049477444,460.952828862665,0.12072134821955,18.0271023465616,14.2205359943221,16.1813654746332,16.9251390713209,18.167319813481,1.61583661582056,18.8064341866605,20.0366547887997,22.2351121874899,0.089633740617707,55,"1_VX34_0.00093",NA,NA,NA,NA,NA,"1",777.984787055657,-439.553669486143
"20250529-CbDRC3-p010-m2x_C08_roi_0.png",20250529,"CbDRC3","p010","m2x","C08",0,301.754652312421,15.1719426774515,"","48h",10,"15hHB101","DMSO",1,"Ivermectin",0.0018,NA,NA,"VX34",1,NA,NA,NA,263.155537708071,174.606081867273,233.290401785503,249.854197334505,263.184092943303,26.2373772981467,278.518711996489,298.690371492162,318.966800907763,0.0997029267430919,15.3122802073016,12.7555207085806,14.1388075351932,14.7041316289393,15.2337945572379,0.949366644625779,15.9924907161229,16.4042699069749,17.803911241871,0.0620003442840002,61,"1_VX34_0.0018",NA,NA,NA,NA,NA,"1",777.984787055657,-514.800694112354
"20250529-CbDRC3-p010-m2x_C09_roi_0.png",20250529,"CbDRC3","p010","m2x","C09",0,257.313113366597,16.481017991111,"","48h",10,"15hHB101","DMSO",1,"Ivermectin",0.0037,NA,NA,"VX34",1,NA,NA,NA,262.090664747577,201.316613679245,225.813382299819,238.23707911564,252.889025814737,66.4122003067883,264.248594391329,277.393669205505,660.543430241164,0.253393993909515,15.5031541356301,13.4844969180448,14.1324803688046,14.496275813833,14.9097384481278,2.83297043193012,15.5413225787745,16.2584031059972,32.155633655815,0.182735100686334,48,"1_VX34_0.0037",NA,NA,NA,NA,NA,"1",777.984787055657,-525.09576124092
"20250529-CbDRC3-p010-m2x_C10_roi_0.png",20250529,"CbDRC3","p010","m2x","C10",0,277.306702835564,14.694335271128,"","48h",10,"15hHB101","DMSO",1,"Ivermectin",0.0075,NA,NA,"VX34",1,NA,NA,NA,225.389202868493,127.176115803505,180.971086897869,205.189453649239,224.225291044566,46.1111666378751,241.095938658999,257.783173614678,495.826821971114,0.20458462983597,14.4732951028672,11.4773917995134,13.1520216739617,13.9617160970615,14.3170435606221,1.2995762167362,14.8301235645014,15.7535174843114,19.5417654530917,0.0897913161791851,64,"1_VX34_0.0075",NA,NA,NA,NA,NA,"1",777.984787055657,-553.759496011091
"20250529-CbDRC3-p010-m2x_C11_roi_0.png",20250529,"CbDRC3","p010","m2x","C11",0,225.793364952234,13.391313570194,"","48h",10,"15hHB101","DMSO",1,"Ivermectin",0.015,NA,NA,"VX34",1,NA,NA,NA,211.136847161247,120.112175242775,182.51215825306,192.780440134534,210.515122360162,32.2434352607304,237.030229662413,247.940141105429,267.380591735754,0.152713444830906,14.6549170768392,12.6367876508175,13.1961783745187,13.597103790461,14.0682204924806,2.42476099312537,14.8219999222145,15.8884402922382,25.669159209814,0.165457162289747,28,"1_VX34_0.015",NA,NA,NA,NA,NA,"1",777.984787055657,-567.469664695495
"20250529-CbDRC3-p010-m2x_C12_roi_0.png",20250529,"CbDRC3","p010","m2x","C12",0,256.150127591201,13.2841136503046,"","48h",10,"15hHB101","DMSO",1,"Ivermectin",0.03,NA,NA,"VX34",1,NA,NA,NA,212.228955850516,102.857565678273,176.541149040219,197.693603974127,214.325960482015,32.3106841693307,234.574738329016,243.581336416423,279.86434969032,0.152244466547199,13.8647299472151,9.79232993560441,12.1808840612741,13.2532961928343,14.1816324972129,1.17127972310455,14.6780752152676,15.0135281191513,15.5462705559504,0.0844790866871388,42,"1_VX34_0.03",NA,NA,NA,NA,NA,"1",777.984787055657,-563.658826573642
"20250529-CbDRC3-p010-m2x_D01_roi_0.png",20250529,"CbDRC3","p010","m2x","D01",0,733.487169384873,32.12705421044,"","48h",10,"15hHB101","DMSO",1,"Ivermectin",0,NA,NA,"NIC1667",1,NA,NA,NA,713.224783957692,618.827613699001,640.227483863565,683.626144793469,723.981724053773,46.3531855023627,748.243614399983,767.121986571787,795.261132492908,0.0649909909820413,33.2581741176977,27.8268327757068,29.3039150141379,31.1170994180945,33.5683799387563,2.80663677580182,35.5231315123228,36.8295563268468,37.8884071789176,0.0843893824678826,56,"1_NIC1667_0",NA,NA,NA,NA,NA,"1",744.004850767335,-20.0231267135616
"20250529-CbDRC3-p010-m2x_D02_roi_0.png",20250529,"CbDRC3","p010","m2x","D02",0,798.90865266639,38.1542782049171,"","48h",10,"15hHB101","DMSO",1,"Ivermectin",2.9e-05,NA,NA,"NIC1667",1,NA,NA,NA,719.300845946695,500.467662816206,667.355123709824,692.318459374314,721.518324044962,51.8843025983288,751.488096457842,778.269896096037,831.49183622547,0.0721315745570161,32.8995696706196,23.8627035577508,29.4589180452866,31.1913247881797,32.9870190430857,2.80015912273767,34.8900869902858,36.060171420779,39.0869725978341,0.0851123327986355,65,"1_NIC1667_2.9e-05",NA,NA,NA,NA,NA,"1",744.004850767335,-22.4865267223729
"20250529-CbDRC3-p010-m2x_D03_roi_0.png",20250529,"CbDRC3","p010","m2x","D03",0,768.921781667379,34.3782453160815,"","48h",10,"15hHB101","DMSO",1,"Ivermectin",5.8e-05,NA,NA,"NIC1667",1,NA,NA,NA,716.889777422723,339.180917662919,637.588681992362,702.086675230288,734.1916712706,78.5761570644559,763.58244848987,774.482269288647,834.769715713748,0.109607026824882,33.2286488872017,17.499907822147,29.3283583151242,31.4402770823961,34.0337283111102,3.41790826522226,35.0833232307203,36.9919366247118,40.3532049911008,0.102860284112806,68,"1_NIC1667_5.8e-05",NA,NA,NA,NA,NA,"1",744.004850767335,-9.81317949673507
"20250529-CbDRC3-p010-m2x_D04_roi_0.png",20250529,"CbDRC3","p010","m2x","D04",0,657.127922307119,29.3555867417148,"","48h",10,"15hHB101","DMSO",1,"Ivermectin",0.00011,NA,NA,"NIC1667",1,NA,NA,NA,733.197430232515,581.567591422706,682.471602786389,710.599572095818,735.111415571784,43.182039172847,757.458912287438,783.567941579988,834.596548238937,0.058895513530582,33.2647252421502,28.8379062228003,30.9388354041807,31.6754522701326,33.193525726977,2.10931223329123,34.6528092104723,36.1795257934283,38.6497188649172,0.0634098799234478,66,"1_NIC1667_0.00011",NA,NA,NA,"outlier","outlier","1",744.004850767335,-8.89343519555132
"20250529-CbDRC3-p010-m2x_D05_roi_0.png",20250529,"CbDRC3","p010","m2x","D05",0,771.354497025857,33.2324689553967,"","48h",10,"15hHB101","DMSO",1,"Ivermectin",0.00023,NA,NA,"NIC1667",1,NA,NA,NA,721.711987980854,624.177517216367,673.396429127833,698.029567942983,730.020053854338,40.079273794877,751.687791485971,770.760243128343,784.230129347856,0.055533612386026,32.7891263679948,28.3295410138321,30.07826847445,31.2155981855571,33.1938573502572,2.03928073534038,33.9539916632546,34.9953623734805,37.4869829949606,0.0621938112181882,51,"1_NIC1667_0.00023",NA,NA,NA,NA,NA,"1",744.004850767335,-13.9847969129967
"20250529-CbDRC3-p010-m2x_D06_roi_0.png",20250529,"CbDRC3","p010","m2x","D06",0,700.369407150622,30.4041889250701,"","48h",10,"15hHB101","DMSO",1,"Ivermectin",0.00046,NA,NA,"NIC1667",1,NA,NA,NA,660.481386344731,378.38803308898,580.747965425181,627.496828949442,647.504579963517,78.8345095712499,702.940261844956,748.906458455985,860.784590796913,0.11935916923797,29.8589897099639,20.2519616842945,26.6477473903861,28.6307181626998,29.6710049802754,3.09942128325331,31.8893061395849,33.4178995199674,36.1322956522325,0.103801947532707,61,"1_NIC1667_0.00046",NA,NA,NA,NA,NA,"1",744.004850767335,-96.5002708038184
"20250529-CbDRC3-p010-m2x_D07_roi_0.png",20250529,"CbDRC3","p010","m2x","D07",0,460.907187560193,22.2414665644286,"","48h",10,"15hHB101","DMSO",1,"Ivermectin",0.00093,NA,NA,"NIC1667",1,NA,NA,NA,341.887137190854,165.544251693242,302.727915817788,320.812353034906,341.540951568279,45.1856612927831,360.30351287494,390.153537028282,460.907187560193,0.132165432323822,18.1218429835734,14.3815404464376,16.7883646984443,17.2889554345273,17.9371354693645,1.44977925565166,18.7870159698714,19.4795805013881,22.5072161408394,0.0800017557246144,53,"1_NIC1667_0.00093",NA,NA,NA,"outlier","outlier","1",744.004850767335,-402.463899199056
"20250529-CbDRC3-p010-m2x_D08_roi_0.png",20250529,"CbDRC3","p010","m2x","D08",0,271.190132474217,14.6707613069091,"","48h",10,"15hHB101","DMSO",1,"Ivermectin",0.0018,NA,NA,"NIC1667",1,NA,NA,NA,277.031587184853,193.435328852007,251.955670541358,258.734851392757,279.389362065318,24.6148273925634,290.20952208625,305.30693498441,340.743681902441,0.0888520606718352,15.6099977853766,13.4799302637198,14.7271263791229,15.0836173319113,15.5078995831888,0.7999696314838,16.2220100934299,16.6885447226235,17.4940258332391,0.051247261049147,59,"1_NIC1667_0.0018",NA,NA,NA,NA,NA,"1",744.004850767335,-464.615488702017
"20250529-CbDRC3-p010-m2x_D09_roi_0.png",20250529,"CbDRC3","p010","m2x","D09",0,236.314978382124,14.3345720510965,"","48h",10,"15hHB101","DMSO",1,"Ivermectin",0.0037,NA,NA,"NIC1667",1,NA,NA,NA,250.066121492367,219.852212498587,232.180856796862,239.945316312577,249.727530000171,14.7926427887187,258.630718803274,270.597988420786,280.265721633549,0.0591549255070534,15.0755994866499,13.817689112656,14.3556562635892,14.6524911485772,15.0155053873205,0.616063442786128,15.4816412615148,15.816602109201,17.0074874945654,0.0408649382952685,59,"1_NIC1667_0.0037",NA,NA,NA,NA,NA,"1",744.004850767335,-494.277320767164
"20250529-CbDRC3-p010-m2x_D10_roi_0.png",20250529,"CbDRC3","p010","m2x","D10",0,256.557627402619,14.6787719555206,"","48h",10,"15hHB101","DMSO",1,"Ivermectin",0.0075,NA,NA,"NIC1667",1,NA,NA,NA,243.030332415185,204.41563014305,216.14154104466,230.433085526127,245.530601269604,18.3442985439958,256.961550206581,263.66460747248,290.576765043269,0.0754815185482978,14.6415606882858,13.2173204959141,13.5819798513828,13.9922081647868,14.4257675369708,1.18354070778228,15.1053845129595,15.7343339618987,21.381742618616,0.0808343272264128,67,"1_NIC1667_0.0075",NA,NA,NA,NA,NA,"1",744.004850767335,-498.474249497731
"20250529-CbDRC3-p010-m2x_D11_roi_0.png",20250529,"CbDRC3","p010","m2x","D11",0,227.556742901264,13.4962975520096,"","48h",10,"15hHB101","DMSO",1,"Ivermectin",0.015,NA,NA,"NIC1667",1,NA,NA,NA,240.287419733947,206.156564770345,217.042039221263,227.830275104493,240.230447802181,17.5097907871912,253.418411105774,260.085663203617,282.88064980806,0.0728701935647676,14.5246375568098,12.6637203674356,13.4621287000049,13.9670922504067,14.4417189549537,0.947206509509805,14.8903840164473,15.598875195542,17.3236228905912,0.0652137794010368,58,"1_NIC1667_0.015",NA,NA,NA,NA,NA,"1",744.004850767335,-503.774402965154
"20250529-CbDRC3-p010-m2x_D12_roi_0.png",20250529,"CbDRC3","p010","m2x","D12",0,220.986132215935,14.0052353276327,"","48h",10,"15hHB101","DMSO",1,"Ivermectin",0.03,NA,NA,"NIC1667",1,NA,NA,NA,224.980124526616,151.313628249264,178.29774175825,208.761068730317,230.123701950937,31.4013463884396,245.505541386015,256.617861649466,289.739350825405,0.139573868822909,14.4608209741127,11.3433009635399,13.1124319920733,13.4630352421206,14.0170949946124,2.33295028072313,14.699922868681,15.3744283108773,26.206784342624,0.161329034146781,48,"1_NIC1667_0.03",NA,NA,NA,NA,NA,"1",744.004850767335,-513.881148816398
"20250529-CbDRC3-p010-m2x_E01_roi_0.png",20250529,"CbDRC3","p010","m2x","E01",0,779.449791931821,37.2794121562301,"","48h",10,"15hHB101","DMSO",1,"Ivermectin",0,NA,NA,"PB420",1,NA,NA,NA,758.413387168441,663.473679111138,715.461282181079,732.009207703251,765.352781786078,33.7397234457977,787.572345039251,798.519976311922,807.673985919418,0.0444872466871476,36.856634161079,31.1744381718765,33.8558041609748,35.3683933534088,36.905813359096,2.28757303399328,38.3855350911241,39.7450116739817,41.3927119454619,0.0620667916662065,78,"1_PB420_0",NA,"n>75",NA,NA,NA,"1",769.59900028371,-4.24621849763184
"20250529-CbDRC3-p010-m2x_E02_roi_0.png",20250529,"CbDRC3","p010","m2x","E02",0,778.663829203653,35.2269426697958,"","48h",10,"15hHB101","DMSO",1,"Ivermectin",2.9e-05,NA,NA,"PB420",1,NA,NA,NA,754.849782963621,180.164422139256,727.121697880049,743.542579443433,766.350053621421,73.4557535161963,784.13453902488,803.311859478479,819.380097188086,0.0973117501972394,36.8417719364684,13.4626332440452,33.9695622058997,35.864429667398,37.1315712172964,3.73638728277064,38.544392908754,40.1384392986349,47.7426836532407,0.101417143812025,84,"1_PB420_2.9e-05",NA,"n>75",NA,NA,NA,"1",769.59900028371,-3.24894666228954
"20250529-CbDRC3-p010-m2x_E04_roi_0.png",20250529,"CbDRC3","p010","m2x","E04",0,735.247446018132,35.4002862892189,"","48h",10,"15hHB101","DMSO",1,"Ivermectin",0.00011,NA,NA,"PB420",1,NA,NA,NA,742.683373270512,190.402810243198,716.709593306911,735.341254540511,761.211858488348,85.8899845549773,776.735184044902,788.102857149338,815.302779080773,0.115648185547427,36.4707858927677,14.2499213104528,33.2786464897238,35.427906873943,36.5289438780169,3.72179363508293,38.6814802872742,39.7708969760087,42.3303827961605,0.102048627249926,62,"1_PB420_0.00011",NA,NA,NA,NA,NA,"1",769.59900028371,-8.38714179536203
"20250529-CbDRC3-p010-m2x_E06_roi_0.png",20250529,"CbDRC3","p010","m2x","E06",0,631.600210336183,32.9154708338493,"","48h",10,"15hHB101","DMSO",1,"Ivermectin",0.00046,NA,NA,"PB420",1,NA,NA,NA,636.226985508627,379.907481635232,522.166985582492,572.646434179252,643.327279887699,92.637951651678,710.818200110546,747.405504388675,789.01989345674,0.14560519085436,29.9101102942359,20.3621162796665,24.4172413590184,27.0477041042425,28.9549659338453,4.50909582547483,33.6267107924128,35.9153513939783,39.3510803180389,0.150754904649877,56,"1_PB420_0.00046",NA,NA,NA,NA,NA,"1",769.59900028371,-126.271720396011
"20250529-CbDRC3-p010-m2x_E07_roi_0.png",20250529,"CbDRC3","p010","m2x","E07",0,393.365641142571,18.3777212763692,"","48h",10,"15hHB101","DMSO",1,"Ivermectin",0.00093,NA,NA,"PB420",1,NA,NA,NA,318.716681922234,224.071949183833,275.358848518626,294.216779185737,322.226779231606,35.0298536184899,340.437796867527,362.807815570167,393.365641142571,0.109909068478057,17.5499980369267,14.9244999606495,15.7834026408338,16.7744938254745,17.5503176620817,1.15223392584321,18.309786929093,18.9936520478129,20.5137796259359,0.065654362092737,66,"1_PB420_0.00093",NA,NA,NA,NA,NA,"1",769.59900028371,-447.372221052104
"20250529-CbDRC3-p010-m2x_E08_roi_0.png",20250529,"CbDRC3","p010","m2x","E08",0,247.786421331737,15.6606902199196,"","48h",10,"15hHB101","DMSO",1,"Ivermectin",0.0018,NA,NA,"PB420",1,NA,NA,NA,250.544139355191,188.327065304959,226.069059336758,239.318473419487,249.150998982981,20.3325805486661,264.925167846982,275.063354135143,293.229651686931,0.081153686536012,15.2374466858995,13.4346999005776,14.1777127153931,14.5980701160492,15.0662589976678,0.893201646961139,15.8533029790038,16.3729811186813,17.4189982129448,0.0586188529727681,54,"1_PB420_0.0018",NA,NA,NA,NA,NA,"1",769.59900028371,-520.448001300729
"20250529-CbDRC3-p010-m2x_E09_roi_0.png",20250529,"CbDRC3","p010","m2x","E09",0,261.133092692655,13.1608719825305,"","48h",10,"15hHB101","DMSO",1,"Ivermectin",0.0037,NA,NA,"PB420",1,NA,NA,NA,243.394688558649,195.118496377741,218.562223452571,230.282083536835,240.522703278757,26.1087645203262,255.858530549141,264.44961807888,397.832841577698,0.107269245171038,14.6750021716209,12.8899012138973,13.50791381838,13.9070994717498,14.2935301334594,2.33300875512452,14.9241861748688,15.4642722785512,32.078547599318,0.158978426567881,65,"1_PB420_0.0037",NA,NA,NA,NA,NA,"1",769.59900028371,-529.076297004953
"20250529-CbDRC3-p010-m2x_E10_roi_0.png",20250529,"CbDRC3","p010","m2x","E10",0,214.042532527273,13.7079036260401,"","48h",10,"15hHB101","DMSO",1,"Ivermectin",0.0075,NA,NA,"PB420",1,NA,NA,NA,222.532673834536,166.273526396866,189.78695677954,201.764581798412,223.024469329501,24.4144382368684,242.801918453159,251.881667858094,274.010497210634,0.109711701280423,14.1617294458241,12.3062373793186,13.2222842936717,13.5950368008422,14.0819689751291,0.86092554260092,14.8206845660063,15.3079913941856,16.2007491955523,0.0607924015138408,52,"1_PB420_0.0075",NA,NA,NA,NA,NA,"1",769.59900028371,-546.574530954209
"20250529-CbDRC3-p010-m2x_E11_roi_1.png",20250529,"CbDRC3","p010","m2x","E11",1,209.456493923699,13.5141689410078,"","48h",10,"15hHB101","DMSO",1,"Ivermectin",0.015,NA,NA,"PB420",1,NA,NA,NA,221.746955078172,182.321113338955,192.782747653879,210.340297300554,223.562894525138,19.6752958628937,230.347469374497,245.579581681417,274.317279954616,0.0887285954206569,14.042746417517,12.0564971963813,13.2406762203171,13.4653517317692,13.9623485596438,0.772887090997432,14.7170969293476,14.9256805347183,15.803647812017,0.0550381718802049,55,"1_PB420_0.015",NA,NA,NA,NA,NA,"1",769.59900028371,-546.036105758572
"20250529-CbDRC3-p010-m2x_E12_roi_0.png",20250529,"CbDRC3","p010","m2x","E12",0,214.584627172691,14.2217675835878,"","48h",10,"15hHB101","DMSO",1,"Ivermectin",0.03,NA,NA,"PB420",1,NA,NA,NA,222.944945054409,160.806218854317,194.222865712829,209.645639050805,219.143851496301,45.3742391978543,232.728697653061,247.460830029787,548.332139310969,0.203522170851557,14.0701434109534,11.6773765494279,13.0027173975351,13.5261643079875,14.1542450275716,0.848034684515877,14.6333883777268,14.9719726279198,15.8553284844545,0.0602719289879943,68,"1_PB420_0.03",NA,NA,NA,NA,NA,"1",769.59900028371,-550.45514878741
"20250529-CbDRC3-p010-m2x_F01_roi_0.png",20250529,"CbDRC3","p010","m2x","F01",0,756.027506846645,36.621483809575,"","48h",10,"15hHB101","DMSO",1,"Ivermectin",0,NA,NA,"ED3102",1,NA,NA,NA,759.889858214303,704.855935022399,728.808030650141,747.43890658061,759.056265251539,22.2139827219298,772.421826048431,792.097238156908,807.215170910717,0.0292331612032978,36.0290397396259,32.037006406121,33.8795042166662,35.1022649108668,36.2154976812653,1.5208267791361,37.337231801299,37.753904245818,38.8955751285428,0.0422111382964072,72,"1_ED3102_0",NA,NA,NA,NA,NA,"1",766.428098311703,-7.37183306016402
"20250529-CbDRC3-p010-m2x_F02_roi_0.png",20250529,"CbDRC3","p010","m2x","F02",0,789.523011815673,35.9034350802404,"","48h",10,"15hHB101","DMSO",1,"Ivermectin",2.9e-05,NA,NA,"ED3102",1,NA,NA,NA,764.413959389021,614.961322921174,727.816150671933,741.893108457822,761.145010367798,77.526482932464,776.021086098068,788.472226197792,1411.13428597258,0.101419501802962,36.0726578276335,27.6250543235547,34.099161712552,35.0333467068958,36.1145530402508,1.86764056678228,37.248584033894,38.0306405924969,40.3463774042309,0.0517744097400989,83,"1_ED3102_2.9e-05",NA,"n>75",NA,NA,NA,"1",766.428098311703,-5.28308794390443
"20250529-CbDRC3-p010-m2x_F03_roi_0.png",20250529,"CbDRC3","p010","m2x","F03",0,766.196352854842,33.7905204474622,"","48h",10,"15hHB101","DMSO",1,"Ivermectin",5.8e-05,NA,NA,"ED3102",1,NA,NA,NA,755.561428412885,673.59630086301,705.724808464338,732.667976283957,762.329650790885,34.4748358279386,780.038624959136,802.006379832887,817.801001973496,0.0456281045213699,35.0783344172825,30.2645762987864,32.4181697245539,33.341546342826,35.126458218627,1.99474079985294,36.7188603062908,37.438617308898,39.5578894337207,0.0568653225128661,73,"1_ED3102_5.8e-05",NA,NA,NA,NA,NA,"1",766.428098311703,-4.09844752081801
"20250529-CbDRC3-p010-m2x_F04_roi_0.png",20250529,"CbDRC3","p010","m2x","F04",0,739.762995128127,31.9542266666484,"","48h",10,"15hHB101","DMSO",1,"Ivermectin",0.00011,NA,NA,"ED3102",1,NA,NA,NA,751.931959111288,491.483043417506,725.936637747026,739.534271838609,755.496841446126,37.5055736099696,770.826835992939,784.95341884197,809.859388373357,0.0498789460342896,35.1556719340914,28.8255044378507,32.776832395843,33.8944044396243,35.0603221849045,1.91339352568687,36.5733042468565,37.4115723328089,39.579888181273,0.0544263107607225,86,"1_ED3102_0.00011",NA,"n>75",NA,NA,NA,"1",766.428098311703,-10.9312568655772
"20250529-CbDRC3-p010-m2x_F05_roi_0.png",20250529,"CbDRC3","p010","m2x","F05",0,730.335731873931,33.4805452640006,"","48h",10,"15hHB101","DMSO",1,"Ivermectin",0.00023,NA,NA,"ED3102",1,NA,NA,NA,736.395582844324,619.779646065785,699.333953222333,718.684217240334,736.537941130593,34.4051392963681,758.571368280951,779.869647294539,806.990639638393,0.0467210017250218,34.430532410531,29.522568142086,31.9437793014483,33.1792866200066,34.5749174469992,1.9265893856206,35.7441512412625,36.9018944549832,39.0532942330336,0.0559558406663304,68,"1_ED3102_0.00023",NA,NA,NA,NA,NA,"1",766.428098311703,-29.8901571811103
"20250529-CbDRC3-p010-m2x_F06_roi_0.png",20250529,"CbDRC3","p010","m2x","F06",0,567.306641681043,26.1896623671708,"","48h",10,"15hHB101","DMSO",1,"Ivermectin",0.00046,NA,NA,"ED3102",1,NA,NA,NA,524.670172811587,375.270996417834,409.385695512224,472.154932579513,536.219201399029,81.4963771316603,580.479520606499,620.883748434169,720.728985599714,0.155328778639998,24.5802925989062,18.7953755550869,20.5238643016282,21.8674565650624,24.3630860005596,3.13815144663567,26.9387578663576,28.5727295201459,31.8302457742397,0.127669409711393,71,"1_ED3102_0.00046",NA,NA,NA,NA,NA,"1",766.428098311703,-230.208896912673
"20250529-CbDRC3-p010-m2x_F07_roi_0.png",20250529,"CbDRC3","p010","m2x","F07",0,359.818953434054,17.7124759692093,"","48h",10,"15hHB101","DMSO",1,"Ivermectin",0.00093,NA,NA,"ED3102",1,NA,NA,NA,317.383816404124,222.627689116764,287.61466762061,297.102127469622,316.590183600458,28.9823120036683,336.047164469812,357.386137127084,374.558135627589,0.0913162880578798,17.4150271120281,15.2131519686996,16.2428987944907,16.719500118566,17.3876568532121,0.952619117397237,18.1240087975486,18.5321779256301,19.3614091831622,0.0547009838841589,64,"1_ED3102_0.00093",NA,NA,NA,NA,NA,"1",766.428098311703,-449.837914711245
"20250529-CbDRC3-p010-m2x_F08_roi_0.png",20250529,"CbDRC3","p010","m2x","F08",0,262.132586702931,16.0163692455664,"","48h",10,"15hHB101","DMSO",1,"Ivermectin",0.0018,NA,NA,"ED3102",1,NA,NA,NA,270.769811632118,154.21603696715,249.401622454364,259.010815310556,272.222572603463,29.4278084365612,283.68010338792,296.900486741502,363.116343860214,0.108682013918683,15.8126771274082,11.1886362045042,14.6355598232656,15.1461735054965,15.8810810586352,1.16088954252482,16.5924767741589,17.1012958831071,17.6454219693276,0.0734151170716469,61,"1_ED3102_0.0018",NA,NA,NA,NA,NA,"1",766.428098311703,-494.20552570824
"20250529-CbDRC3-p010-m2x_F09_roi_0.png",20250529,"CbDRC3","p010","m2x","F09",0,265.041947723793,15.8109425771055,"","48h",10,"15hHB101","DMSO",1,"Ivermectin",0.0037,NA,NA,"ED3102",1,NA,NA,NA,249.816532438816,212.336610296969,227.601077159881,237.644796094095,249.480613078833,18.5886727483393,264.367972734242,273.799977998139,288.342443076566,0.074409297762917,15.2074467797595,13.8353936115562,14.1336512788069,14.4655365361883,15.1569970074846,0.943606736508186,15.6791595430317,16.3789796045588,18.5474519101437,0.0620489915351267,67,"1_ED3102_0.0037",NA,NA,NA,NA,NA,"1",766.428098311703,-516.94748523287
"20250529-CbDRC3-p010-m2x_F10_roi_1.png",20250529,"CbDRC3","p010","m2x","F10",1,262.120480196305,15.0795399352765,"","48h",10,"15hHB101","DMSO",1,"Ivermectin",0.0075,NA,NA,"ED3102",1,NA,NA,NA,236.900934265705,105.152026649829,214.678977605481,222.748558817042,241.033710887451,26.5674621902128,254.808059872417,262.120480196305,289.441752342245,0.112145873432543,15.1260257160905,12.1363126783323,13.7501001700842,14.3197640610281,15.1568381446258,1.12895483225123,15.8224612228089,16.5519660268387,17.9084604870092,0.0746365802518962,61,"1_ED3102_0.0075",NA,NA,NA,NA,NA,"1",766.428098311703,-525.394387424252
"20250529-CbDRC3-p010-m2x_F11_roi_0.png",20250529,"CbDRC3","p010","m2x","F11",0,238.281697420783,14.2084821460318,"","48h",10,"15hHB101","DMSO",1,"Ivermectin",0.015,NA,NA,"ED3102",1,NA,NA,NA,243.423140551973,195.348964223286,209.323878598898,226.075765034516,245.777092248202,24.01918060997,260.012457952392,273.174491094496,297.721785856097,0.0986725442597833,15.1350430753623,13.2206325298718,14.2055818400461,14.6650158702332,15.1287164610464,0.814328408047581,15.6218746462699,16.1622942698907,16.9674233051465,0.0538041685109698,51,"1_ED3102_0.015",NA,NA,NA,NA,NA,"1",766.428098311703,-520.651006063501
"20250529-CbDRC3-p010-m2x_F12_roi_0.png",20250529,"CbDRC3","p010","m2x","F12",0,230.816105951511,14.8334764529779,"","48h",10,"15hHB101","DMSO",1,"Ivermectin",0.03,NA,NA,"ED3102",1,NA,NA,NA,237.752353990668,174.133498639018,210.821570872578,224.550888389179,238.058761348962,21.0087030283954,252.204213793958,265.318784260011,282.512549180197,0.088363806607021,14.8807015948427,13.0153842719513,13.9458257429789,14.2414822601162,14.8434380336611,0.786153565863617,15.3923050056214,15.8682378824889,16.6310939177881,0.0528304099677719,68,"1_ED3102_0.03",NA,NA,NA,NA,NA,"1",766.428098311703,-528.369336962741
"20250529-CbDRC3-p011-m2x_A01_roi_0.png",20250529,"CbDRC3","p011","m2x","A01",0,803.789183062836,35.5264603854811,"","48h",10,"15hHB101","DMSO",1,"Ivermectin",0,NA,NA,"ECA2666",1,NA,NA,NA,746.582252407649,592.860762352819,689.36009056815,720.211600432862,747.695808286127,48.4064290801246,779.233114724971,801.843742868934,842.86694868926,0.0648373691231193,33.8777429474718,26.128244433663,29.8136550564073,31.8036516477632,34.0857621351826,2.99474576386324,36.0175174366099,37.8274791176438,39.7147915339895,0.0883986211391552,90,"1_ECA2666_0",NA,"n>75",NA,NA,NA,"1",751.991352055543,-4.29554376941667
"20250529-CbDRC3-p011-m2x_A02_roi_0.png",20250529,"CbDRC3","p011","m2x","A02",0,762.02392049822,33.0351087309674,"","48h",10,"15hHB101","DMSO",1,"Ivermectin",2.9e-05,NA,NA,"ECA2666",1,NA,NA,NA,762.4165868411,590.619853630293,727.112289028713,745.338104480253,764.365181559762,35.6127713377171,782.562383690402,797.587984580369,844.2027299804,0.0467103837355777,34.3932159458579,28.1642270919521,31.5649789162002,32.6501806885197,34.8270139401618,2.2560340252589,35.6341173743208,36.9902795139072,39.2154719451852,0.0655953205658456,65,"1_ECA2666_2.9e-05",NA,NA,NA,NA,NA,"1",751.991352055543,12.3738295042189
"20250529-CbDRC3-p011-m2x_A03_roi_0.png",20250529,"CbDRC3","p011","m2x","A03",0,792.638675691246,35.9919663425921,"","48h",10,"15hHB101","DMSO",1,"Ivermectin",5.8e-05,NA,NA,"ECA2666",1,NA,NA,NA,755.08765778159,578.653084879629,683.254192732063,736.007700256964,767.927145174057,51.4550533149777,788.002294449968,805.847518221799,834.512282751573,0.0681444767169815,34.1109411902622,25.1502598350369,30.2347842414559,32.4373746411475,34.4648835938589,2.9378698297716,35.9842745070443,37.2926131529438,42.7090160389473,0.0861269061262458,78,"1_ECA2666_5.8e-05",NA,"n>75",NA,NA,NA,"1",751.991352055543,15.9357931185141
"20250529-CbDRC3-p011-m2x_A04_roi_0.png",20250529,"CbDRC3","p011","m2x","A04",0,770.446939144474,34.6990020517831,"","48h",10,"15hHB101","DMSO",1,"Ivermectin",0.00011,NA,NA,"ECA2666",1,NA,NA,NA,755.514205564535,484.504368505772,709.942292493432,742.307304789544,762.362740741894,54.2801912755328,780.675594396807,797.264474264297,845.264750546337,0.0718453615772501,34.1751019067758,24.2778684895489,30.5577587231538,32.7835238147587,34.6990020517831,2.83694164545595,36.1723062781819,37.0869308503671,38.2602359809451,0.0830119439934566,67,"1_ECA2666_0.00011",NA,NA,NA,NA,NA,"1",751.991352055543,10.371388686351
"20250529-CbDRC3-p011-m2x_A05_roi_0.png",20250529,"CbDRC3","p011","m2x","A05",0,741.918546976434,35.1804009777007,"","48h",10,"15hHB101","DMSO",1,"Ivermectin",0.00023,NA,NA,"ECA2666",1,NA,NA,NA,728.112484125652,472.770251792228,635.939369079036,702.023618799981,746.076550904739,66.1128844917802,766.565748554419,792.866611513394,831.210026249976,0.0908003721034552,32.3296351442688,22.3404281113847,27.6815366502346,30.2837212858135,32.8752322727182,3.21454212162999,34.8503191007454,35.9608492501936,37.460404049761,0.0994302010302719,68,"1_ECA2666_0.00023",NA,NA,NA,NA,NA,"1",751.991352055543,-5.91480115080378
"20250529-CbDRC3-p011-m2x_A07_roi_0.png",20250529,"CbDRC3","p011","m2x","A07",0,478.41059864646,21.9153067697993,"","48h",10,"15hHB101","DMSO",1,"Ivermectin",0.00093,NA,NA,"ECA2666",1,NA,NA,NA,384.60801790484,267.818074887275,334.064557711477,367.636499129329,391.611537611146,40.1604633539029,409.441532064967,422.382379014527,478.41059864646,0.104419204707894,18.7942721217643,14.1817161904893,16.6370522038995,17.6876392962841,18.7063699540887,1.97020640933675,19.6940001594942,21.2865341527234,25.6846919230007,0.104830152323654,62,"1_ECA2666_0.00093",NA,NA,NA,NA,NA,"1",751.991352055543,-360.379814444397
"20250529-CbDRC3-p011-m2x_A08_roi_0.png",20250529,"CbDRC3","p011","m2x","A08",0,299.924883312907,15.5120255531264,"","48h",10,"15hHB101","DMSO",1,"Ivermectin",0.0018,NA,NA,"ECA2666",1,NA,NA,NA,301.489100652002,215.095412270583,251.882452893891,273.729602595914,291.773681978559,90.1986104252365,307.048418173699,326.242349623757,937.53002382981,0.299177019103418,16.2252588095104,14.3305401957281,14.8526164628045,15.1114810291941,15.6677787666363,3.81101627346527,16.261211490297,16.8433765530653,43.8813373585043,0.234881693919819,57,"1_ECA2666_0.0018",NA,NA,NA,NA,NA,"1",751.991352055543,-460.217670076984
"20250529-CbDRC3-p011-m2x_A09_roi_0.png",20250529,"CbDRC3","p011","m2x","A09",0,252.420350524172,15.1862415242838,"","48h",10,"15hHB101","DMSO",1,"Ivermectin",0.0037,NA,NA,"ECA2666",1,NA,NA,NA,247.204275245185,207.879602457501,219.614788295857,233.919271043738,246.808226323981,20.9259463280644,258.312160799296,276.742014181169,296.906627665724,0.0846504224383231,14.6800351487912,12.1133409977796,13.5643348777549,14.0844166226968,14.8352339952197,0.979895792524295,15.2953365708809,15.848512583938,16.4154502495295,0.066750234763912,58,"1_ECA2666_0.0037",NA,NA,NA,NA,NA,"1",751.991352055543,-505.183125731562
"20250529-CbDRC3-p011-m2x_A10_roi_0.png",20250529,"CbDRC3","p011","m2x","A10",0,220.735223859934,13.4119739348722,"","48h",10,"15hHB101","DMSO",1,"Ivermectin",0.0075,NA,NA,"ECA2666",1,NA,NA,NA,232.160941411181,185.3478597566,202.858318339796,214.246103084691,230.582275288877,21.9049748525588,245.469841791346,254.233687886839,287.95992462224,0.0943525414714911,14.0935264580974,11.863100746059,13.1222210986983,13.7776226803993,14.1373057914348,0.823857020516638,14.4771619444999,15.0916745560338,15.7843953218428,0.0584564142243683,45,"1_ECA2666_0.0075",NA,NA,NA,NA,NA,"1",751.991352055543,-521.409076766666
"20250529-CbDRC3-p011-m2x_A11_roi_0.png",20250529,"CbDRC3","p011","m2x","A11",0,229.346936721832,13.8471983955234,"","48h",10,"15hHB101","DMSO",1,"Ivermectin",0.015,NA,NA,"ECA2666",1,NA,NA,NA,216.299222824145,83.5470788541478,184.200829010231,204.531951467386,218.571148532329,30.059203108703,231.791398266992,241.045364166866,280.581604166728,0.138970462844158,13.8479148690843,10.6175067083462,12.9002047672241,13.2087853084834,13.8441466739657,1.09622563903152,14.4186716826971,14.9150700820642,17.204153522509,0.0791617835172331,48,"1_ECA2666_0.015",NA,NA,NA,NA,NA,"1",751.991352055543,-533.420203523214
"20250529-CbDRC3-p011-m2x_A12_roi_1.png",20250529,"CbDRC3","p011","m2x","A12",1,231.806589723684,14.0145632649493,"","48h",10,"15hHB101","DMSO",1,"Ivermectin",0.03,NA,NA,"ECA2666",1,NA,NA,NA,210.691944865941,178.475309995183,187.079688743938,195.527978042458,209.320816817243,26.8425232970529,218.93351188112,227.113063791659,344.749918595064,0.12740175384556,13.8122901396303,11.946868849501,13.083559258551,13.2439111877926,13.7371648841571,0.890522473721157,14.2634605227657,14.7385378500727,17.2706090049894,0.0644731948662205,39,"1_ECA2666_0.03",NA,NA,NA,NA,NA,"1",751.991352055543,-542.6705352383
"20250529-CbDRC3-p011-m2x_B01_roi_0.png",20250529,"CbDRC3","p011","m2x","B01",0,788.370270802517,40.7174408209207,"","48h",10,"15hHB101","DMSO",1,"Ivermectin",0,NA,NA,"JU3237",1,NA,NA,NA,822.672347563529,670.213435644774,779.228868635979,798.201616266796,829.267429805802,39.0637560781562,848.662514281569,860.150348310732,908.462234224886,0.0474839785169023,39.0076430135637,34.0144835488112,36.2661841060194,37.4105989977361,39.0859162327822,2.49354774816356,40.1561763166523,42.2902704857735,45.7230757462627,0.0639245941441915,71,"1_JU3237_0",NA,NA,NA,NA,NA,"1",828.6410824654,0.626347340402049
"20250529-CbDRC3-p011-m2x_B02_roi_0.png",20250529,"CbDRC3","p011","m2x","B02",0,871.860313226874,37.837041975382,"","48h",10,"15hHB101","DMSO",1,"Ivermectin",2.9e-05,NA,NA,"JU3237",1,NA,NA,NA,823.786061859828,639.361591082493,774.968335562161,801.893724403036,833.160845747286,41.7720888685185,851.134120535599,868.239446187883,888.89622441375,0.0507074479679971,37.7094873241135,26.1853086969207,35.0226873920757,36.760442034533,37.9629345473312,2.35978516512133,39.2072490050968,40.0264765893544,41.441003982203,0.0625780230009216,69,"1_JU3237_2.9e-05",NA,NA,NA,NA,NA,"1",828.6410824654,4.51976328188562
"20250529-CbDRC3-p011-m2x_B03_roi_0.png",20250529,"CbDRC3","p011","m2x","B03",0,877.774724109237,35.7808253002117,"","48h",10,"15hHB101","DMSO",1,"Ivermectin",5.8e-05,NA,NA,"JU3237",1,NA,NA,NA,823.634708675491,341.519963051086,781.879359055532,801.312869325284,833.491119149239,66.5522743407903,859.069700630405,873.44590572042,903.116747138471,0.0808031444520045,37.7690534969596,19.1950860416607,35.3376394631062,36.8522752104611,38.2312176319231,2.76038331663393,39.3085645651091,40.20787613359,42.0888222048729,0.0730858483614408,92,"1_JU3237_5.8e-05",NA,"n>75",NA,NA,NA,"1",828.6410824654,4.85003668383922
"20250529-CbDRC3-p011-m2x_B04_roi_0.png",20250529,"CbDRC3","p011","m2x","B04",0,804.425453120794,34.6391418443693,"","48h",10,"15hHB101","DMSO",1,"Ivermectin",0.00011,NA,NA,"JU3237",1,NA,NA,NA,830.303547195111,633.702910699703,786.464155532938,804.152450991897,831.658577181398,43.4633679079155,863.301990245986,880.52687177069,902.934070930707,0.0523463594184816,37.4319822916658,31.5939992630623,34.7197939601219,36.2777724179444,37.4517364717346,1.99435084922924,38.8678006349266,39.7362951938181,41.5400362887866,0.0532793276532748,74,"1_JU3237_0.00011",NA,NA,NA,NA,NA,"1",828.6410824654,3.01749471599794
"20250529-CbDRC3-p011-m2x_B05_roi_0.png",20250529,"CbDRC3","p011","m2x","B05",0,835.075735132903,36.9184320398023,"","48h",10,"15hHB101","DMSO",1,"Ivermectin",0.00023,NA,NA,"JU3237",1,NA,NA,NA,823.444488110827,291.916204996995,782.151387165647,798.789070104671,831.945830373053,73.8822119330325,859.810523310945,875.589941005542,916.246949793849,0.0897233669054431,36.6888969452816,21.2666885106674,34.5670786135512,36.0035582168469,36.830581763686,2.51449145028303,37.9625080969677,38.944838051897,41.1656237930717,0.0685354878352756,70,"1_JU3237_0.00023",NA,NA,NA,NA,NA,"1",828.6410824654,3.30474790765322
"20250529-CbDRC3-p011-m2x_B06_roi_0.png",20250529,"CbDRC3","p011","m2x","B06",0,887.598483156442,36.0667557585365,"","48h",10,"15hHB101","DMSO",1,"Ivermectin",0.00046,NA,NA,"JU3237",1,NA,NA,NA,776.971319626391,372.050814613951,722.807691511374,747.057844108905,781.805184800821,69.3319818935153,818.008697929928,845.171146733177,888.615514791288,0.0892336436908042,34.634962605841,19.0692486357088,30.5034216086139,32.4538347881855,35.1470906729774,3.56709818399363,36.9133969006477,38.9248868276492,41.3348627661603,0.102991252642267,84,"1_JU3237_0.00046",NA,"n>75",NA,NA,NA,"1",828.6410824654,-46.8358976645796
"20250529-CbDRC3-p011-m2x_B07_roi_0.png",20250529,"CbDRC3","p011","m2x","B07",0,479.261644983579,21.6908479180807,"","48h",10,"15hHB101","DMSO",1,"Ivermectin",0.00093,NA,NA,"JU3237",1,NA,NA,NA,391.991058609386,173.241318891631,291.609420430756,340.076475806878,389.990075030672,84.1317577972767,439.897425633388,510.258726071058,654.112227620009,0.214626726680296,19.4506356291887,13.495764309677,16.4874411038765,17.8940191262085,19.2370515524797,2.80043936123446,20.6608792493295,22.4153496539128,30.0069380668468,0.143976752977264,68,"1_JU3237_0.00093",NA,NA,NA,NA,NA,"1",828.6410824654,-438.651007434729
"20250529-CbDRC3-p011-m2x_B08_roi_0.png",20250529,"CbDRC3","p011","m2x","B08",0,303.719446473825,14.3440410085539,"","48h",10,"15hHB101","DMSO",1,"Ivermectin",0.0018,NA,NA,"JU3237",1,NA,NA,NA,284.141823343242,243.013116903681,257.631956734073,272.677728535443,282.878842599142,18.7812047518688,297.068900710584,305.419557288748,341.069211435376,0.0660979947650338,16.1727929558473,13.0301994812521,14.7622458841622,15.7084769744105,16.1522203393015,1.0344870047238,16.5938179964047,17.4221017325857,19.09237849972,0.0639646477604709,60,"1_JU3237_0.0018",NA,NA,NA,"outlier","outlier","1",828.6410824654,-545.762239866259
"20250529-CbDRC3-p011-m2x_B09_roi_0.png",20250529,"CbDRC3","p011","m2x","B09",0,264.76211313789,13.8125823047154,"","48h",10,"15hHB101","DMSO",1,"Ivermectin",0.0037,NA,NA,"JU3237",1,NA,NA,NA,257.442791979486,209.81874204732,230.057951935997,237.96746507185,256.452704613203,25.1423257224056,273.07730446613,279.471859763148,356.750520898473,0.0976617971281519,15.0985499612781,11.657537204259,13.7642479192159,14.2810757986971,14.9420481289511,2.014887009939,15.675204178685,15.9698893590576,27.2175289396337,0.133449040808979,50,"1_JU3237_0.0037",NA,NA,NA,NA,NA,"1",828.6410824654,-572.188377852197
"20250529-CbDRC3-p011-m2x_B10_roi_0.png",20250529,"CbDRC3","p011","m2x","B10",0,248.302044312715,15.1700587298283,"","48h",10,"15hHB101","DMSO",1,"Ivermectin",0.0075,NA,NA,"JU3237",1,NA,NA,NA,231.008139202096,175.080198309828,202.962763331276,212.713967433338,231.261234487909,23.0339575032719,247.902741004523,259.378130949922,280.035330203913,0.0997105884789659,14.5612298176795,12.4185615108715,13.8422502165587,14.0307037843298,14.5339195954603,0.782299370629582,15.0002046619701,15.384774413168,16.5155454329773,0.0537248144850893,51,"1_JU3237_0.0075",NA,NA,NA,NA,NA,"1",828.6410824654,-597.379847977491
"20250529-CbDRC3-p011-m2x_B11_roi_0.png",20250529,"CbDRC3","p011","m2x","B11",0,254.214489104728,14.4646787246399,"","48h",10,"15hHB101","DMSO",1,"Ivermectin",0.015,NA,NA,"JU3237",1,NA,NA,NA,236.891662647532,200.113505328284,211.001375341251,224.825691235335,236.369792610497,20.0096580416818,251.225972575131,259.993452448849,288.805684631869,0.0844675486593796,14.6357298717949,12.6703945722915,13.4602077478453,14.0910944852021,14.4939552422422,0.95925062273716,15.1735862812395,15.7373146071115,17.8555072692958,0.0655417004235485,40,"1_JU3237_0.015",NA,NA,NA,NA,NA,"1",828.6410824654,-592.271289854903
"20250529-CbDRC3-p011-m2x_B12_roi_0.png",20250529,"CbDRC3","p011","m2x","B12",0,266.963292396688,14.4031356026502,"","48h",10,"15hHB101","DMSO",1,"Ivermectin",0.03,NA,NA,"JU3237",1,NA,NA,NA,238.607449318431,31.68127737002,217.858595304128,223.143614824732,241.969568185673,32.6322000587992,251.277012740307,264.417528180356,362.502236523152,0.136761028006507,14.4443452509164,10.5354543143519,13.4969666352503,14.0265255465069,14.4948215073838,1.0403749625516,14.8954325049246,15.5373603251794,17.5103161117764,0.0720264535691293,79,"1_JU3237_0.03",NA,"n>75",NA,NA,NA,"1",828.6410824654,-586.671514279727
"20250529-CbDRC3-p011-m2x_C01_roi_0.png",20250529,"CbDRC3","p011","m2x","C01",0,787.800911252102,36.042242504948,"","48h",10,"15hHB101","DMSO",1,"Ivermectin",0,NA,NA,"VX34",1,NA,NA,NA,764.875271426651,200.394238530211,706.729178000006,735.539665210452,787.794423463591,102.790284384075,822.783108233067,843.867747952995,868.373211762182,0.134388296005897,36.3929244841727,13.9301170540954,29.0006962281887,35.5420340706081,37.8177286314635,4.99808321767983,39.278569303228,40.6857927764562,43.3690996351251,0.137336674326722,53,"1_VX34_0",NA,NA,NA,NA,NA,"1",777.984787055657,9.80963640793425
"20250529-CbDRC3-p011-m2x_C03_roi_0.png",20250529,"CbDRC3","p011","m2x","C03",0,793.310611688685,36.9991449500341,"","48h",10,"15hHB101","DMSO",1,"Ivermectin",5.8e-05,NA,NA,"VX34",1,NA,NA,NA,780.556147087601,632.204769425301,729.243699152988,744.211151245765,783.708219487797,48.0413441542386,818.963137774324,842.423230857158,854.469583387376,0.0615475828785536,37.7287457361043,28.0422424435958,34.5383477309993,36.1719964307966,38.2003676641102,2.55074989999151,39.266561376109,40.4324940439179,43.0394984749179,0.0676075986684758,75,"1_VX34_5.8e-05",NA,NA,NA,NA,NA,"1",777.984787055657,5.72343243214027
"20250529-CbDRC3-p011-m2x_C04_roi_0.png",20250529,"CbDRC3","p011","m2x","C04",0,819.735161753585,38.287158102821,"","48h",10,"15hHB101","DMSO",1,"Ivermectin",0.00011,NA,NA,"VX34",1,NA,NA,NA,775.055059678124,493.638882730719,716.13496465998,744.259376867404,780.437944543429,59.5582738315653,815.266129619341,842.036392504033,869.945587921859,0.0768439262318983,37.4402146789056,27.5940446332909,33.4078179685035,35.5948904774535,37.3642329595679,3.15475731582956,39.4908103539416,41.3559758913356,44.2939563329884,0.0842611972950838,68,"1_VX34_0.00011",NA,NA,NA,NA,NA,"1",777.984787055657,2.45315748777216
"20250529-CbDRC3-p011-m2x_C05_roi_0.png",20250529,"CbDRC3","p011","m2x","C05",0,845.445105477887,39.6770664547654,"","48h",10,"15hHB101","DMSO",1,"Ivermectin",0.00023,NA,NA,"VX34",1,NA,NA,NA,773.062127773882,516.37531310474,721.119631973091,752.90409437837,777.380288711797,69.1808099741598,819.121660479984,837.876877864904,878.227461393577,0.0894893275568596,36.9016959869013,26.4455694642283,32.9589596574925,35.1908101504031,37.3444592566992,3.35414233853589,39.5130614209264,40.5139958463972,43.023036546899,0.0908939887133231,59,"1_VX34_0.00023",NA,NA,NA,NA,NA,"1",777.984787055657,-0.604498343859859
"20250529-CbDRC3-p011-m2x_C06_roi_0.png",20250529,"CbDRC3","p011","m2x","C06",0,756.716394656524,35.5274120402346,"","48h",10,"15hHB101","DMSO",1,"Ivermectin",0.00046,NA,NA,"VX34",1,NA,NA,NA,659.598251335951,235.184551716452,437.365656967675,593.272590868793,698.973710519136,133.476649890962,736.288029933508,822.723364098081,854.959544477061,0.202360527215799,30.9404445087534,16.0081191114022,23.5323500328661,27.8144773475795,31.5426611233285,5.59069022901262,35.1792468856562,37.3453321300572,40.774561875189,0.180691981572241,49,"1_VX34_0.00046",NA,NA,NA,NA,NA,"1",777.984787055657,-79.0110765365205
"20250529-CbDRC3-p011-m2x_C07_roi_0.png",20250529,"CbDRC3","p011","m2x","C07",0,600.366428161068,24.2338555366841,"","48h",10,"15hHB101","DMSO",1,"Ivermectin",0.00093,NA,NA,"VX34",1,NA,NA,NA,355.501912162331,199.773987812774,276.236230460713,307.901275220265,349.696066862942,79.7728826211076,377.443738665348,441.205407758552,633.46513309025,0.224395087317228,18.3119698284262,14.4401836522443,15.8981176977118,16.8158824176619,17.8224898650288,2.80000857560253,18.4332697450425,21.3830909815951,28.8959215687506,0.15290591901566,57,"1_VX34_0.00093",NA,NA,NA,NA,NA,"1",777.984787055657,-428.288720192715
"20250529-CbDRC3-p011-m2x_C08_roi_0.png",20250529,"CbDRC3","p011","m2x","C08",0,287.023923892531,15.6392573951897,"","48h",10,"15hHB101","DMSO",1,"Ivermectin",0.0018,NA,NA,"VX34",1,NA,NA,NA,267.482244430898,189.792749991705,227.067059570524,256.377990384269,273.440340901151,28.4962372058667,286.506452558889,298.592282079029,324.278590144589,0.106535060921506,15.4471076554661,10.7648474871411,13.7014838928535,14.6444589151744,15.5814062664394,1.34057809669149,16.4520691010683,16.8504349463965,18.0837045544813,0.0867850555969369,57,"1_VX34_0.0018",NA,NA,NA,NA,NA,"1",777.984787055657,-504.544446154506
"20250529-CbDRC3-p011-m2x_C09_roi_0.png",20250529,"CbDRC3","p011","m2x","C09",0,282.791662401278,15.0292303892839,"","48h",10,"15hHB101","DMSO",1,"Ivermectin",0.0037,NA,NA,"VX34",1,NA,NA,NA,252.861217446815,196.804580505084,226.249215855352,240.290900124335,252.752577503352,21.9329147872131,270.965795158694,279.06353454185,290.023078985105,0.0867389432380087,14.8947306753394,13.5578741534428,14.0545357013096,14.3248227394426,14.9032194470692,0.802321515342602,15.0872291444826,15.9076420917876,17.5934383239494,0.0538661311057457,65,"1_VX34_0.0037",NA,NA,NA,NA,NA,"1",777.984787055657,-525.232209552305
"20250529-CbDRC3-p011-m2x_C10_roi_0.png",20250529,"CbDRC3","p011","m2x","C10",0,238.610423057956,15.0464798275982,"","48h",10,"15hHB101","DMSO",1,"Ivermectin",0.0075,NA,NA,"VX34",1,NA,NA,NA,222.080232156216,130.692721643728,177.00477869948,204.359177795352,230.049644934067,32.767738789752,238.861631760624,252.904841545268,293.922158429996,0.147549101834073,14.5543061339985,12.3905597209757,12.9835062769041,13.6421272386284,14.7304583435628,1.42240331080384,15.0160547609898,15.5473062900765,21.2912405395374,0.0977307538887855,58,"1_VX34_0.0075",NA,NA,NA,NA,NA,"1",777.984787055657,-547.935142121589
"20250529-CbDRC3-p011-m2x_C11_roi_0.png",20250529,"CbDRC3","p011","m2x","C11",0,251.906430829102,14.5741821264694,"","48h",10,"15hHB101","DMSO",1,"Ivermectin",0.015,NA,NA,"VX34",1,NA,NA,NA,210.410373004034,115.182255516884,162.838984266648,190.670020937122,214.674701163363,37.1884179689971,235.328277572075,240.301460327645,350.115008590691,0.176742322339232,14.0474876616551,7.00948119314768,12.8878620577853,13.6985591503924,14.1344710840498,1.38564395450599,14.7475650537367,15.2908349735628,16.6668993203828,0.0986399837380406,52,"1_VX34_0.015",NA,NA,NA,NA,NA,"1",777.984787055657,-563.310085892294
"20250529-CbDRC3-p011-m2x_C12_roi_0.png",20250529,"CbDRC3","p011","m2x","C12",0,296.395584663903,14.2678184831005,"","48h",10,"15hHB101","DMSO",1,"Ivermectin",0.03,NA,NA,"VX34",1,NA,NA,NA,208.912747737793,75.2569704993917,166.734798727408,188.55234106921,204.819070626901,44.6216555956996,225.570454759479,251.203734536291,345.988892772614,0.213589912912851,13.4214510306214,8.54979010940292,11.1623195974233,12.6943003804675,13.5198590617499,2.08407143483408,14.109359419834,14.9760604705691,22.5389210271713,0.155279144563372,46,"1_VX34_0.03",NA,NA,NA,NA,NA,"1",777.984787055657,-573.165716428756
"20250529-CbDRC3-p011-m2x_D01_roi_0.png",20250529,"CbDRC3","p011","m2x","D01",0,801.687347281492,36.397987652232,"","48h",10,"15hHB101","DMSO",1,"Ivermectin",0,NA,NA,"NIC1667",1,NA,NA,NA,731.276442045942,146.438246355357,691.020349506215,725.051699366598,749.838628787607,86.717248051439,770.731291261346,777.347506579171,803.752929940848,0.118583401659739,34.0804833730732,13.2302140489261,30.8402735297486,32.8001188420416,34.6675897825797,3.76169509899518,36.1493606222181,37.4305551165342,39.3679140182405,0.110376811790389,62,"1_NIC1667_0",NA,NA,NA,NA,NA,"1",744.004850767335,5.83377802027167
"20250529-CbDRC3-p011-m2x_D02_roi_0.png",20250529,"CbDRC3","p011","m2x","D02",0,749.991782394648,33.7377313473215,"","48h",10,"15hHB101","DMSO",1,"Ivermectin",2.9e-05,NA,NA,"NIC1667",1,NA,NA,NA,725.712722853498,211.600543354654,669.517242291599,703.831829972695,738.867753573737,86.7549518937489,769.890628680541,788.278002836624,807.564906236746,0.119544482495262,33.6445443486362,14.033218087096,29.5770428845771,31.4371353280271,33.9519825757546,4.02789203341268,36.2930823526051,37.9166743355825,39.083910426342,0.11971902462623,51,"1_NIC1667_2.9e-05",NA,NA,NA,NA,NA,"1",744.004850767335,-5.13709719359792
"20250529-CbDRC3-p011-m2x_D03_roi_0.png",20250529,"CbDRC3","p011","m2x","D03",0,733.50276641059,31.3729142250119,"","48h",10,"15hHB101","DMSO",1,"Ivermectin",5.8e-05,NA,NA,"NIC1667",1,NA,NA,NA,735.907814727472,574.180236515015,657.480693562965,709.939867794266,739.892694524485,53.5267962546331,773.297586767044,797.273718093784,871.176266471963,0.0727357356226142,34.3259765769238,29.4184589715228,30.6541500474413,32.7367771009321,34.6027817393338,2.35533660341667,36.2289061956446,37.1908201540187,38.8398581553041,0.0686167398074868,69,"1_NIC1667_5.8e-05",NA,NA,NA,NA,NA,"1",744.004850767335,-4.11215624285012
"20250529-CbDRC3-p011-m2x_D04_roi_0.png",20250529,"CbDRC3","p011","m2x","D04",0,728.682169349576,32.6938702404119,"","48h",10,"15hHB101","DMSO",1,"Ivermectin",0.00011,NA,NA,"NIC1667",1,NA,NA,NA,737.286544723281,416.895842128987,657.42520081294,723.297864513186,754.166682002001,65.157972196702,774.281494516449,792.342788568715,808.572542545631,0.0883753713709195,33.970091901061,24.6721551386773,29.6224916098549,32.7540415862682,34.5699817409047,2.88841908115178,36.0349338507621,37.0260858403463,38.3660741368175,0.0850282975260826,56,"1_NIC1667_0.00011",NA,NA,NA,NA,NA,"1",744.004850767335,10.1618312346664
"20250529-CbDRC3-p011-m2x_D05_roi_0.png",20250529,"CbDRC3","p011","m2x","D05",0,790.054247380385,34.3389485039269,"","48h",10,"15hHB101","DMSO",1,"Ivermectin",0.00023,NA,NA,"NIC1667",1,NA,NA,NA,719.134550610278,356.440732545347,671.477154133456,705.452901682018,741.551694392289,81.8114107311008,759.434737665479,785.204938066878,799.488326958771,0.113763704805552,33.6762519475015,24.5395370572361,30.5472734961714,31.6133986876661,33.8574161644259,3.1913604044009,36.0846665635512,37.2980929555163,38.882435718976,0.0947659023746459,49,"1_NIC1667_0.00023",NA,NA,NA,NA,NA,"1",744.004850767335,-2.45315637504621
"20250529-CbDRC3-p011-m2x_D06_roi_0.png",20250529,"CbDRC3","p011","m2x","D06",0,747.673645048031,32.6614539151267,"","48h",10,"15hHB101","DMSO",1,"Ivermectin",0.00046,NA,NA,"NIC1667",1,NA,NA,NA,696.495844873435,555.982941393911,624.07409506716,643.949125870923,703.249260860332,58.8500592820084,739.006333868853,768.178251497173,824.977476056503,0.0844944872466575,31.0691635944599,26.2215917644219,27.7207928969613,29.1052631257613,30.8582903807103,2.58788906794081,32.5340942135204,34.6346594055974,37.0701749310832,0.083294455612647,60,"1_NIC1667_0.00046",NA,NA,NA,NA,NA,"1",744.004850767335,-40.7555899070035
"20250529-CbDRC3-p011-m2x_D07_roi_0.png",20250529,"CbDRC3","p011","m2x","D07",0,371.679725211089,18.5048922935233,"","48h",10,"15hHB101","DMSO",1,"Ivermectin",0.00093,NA,NA,"NIC1667",1,NA,NA,NA,355.198121059466,211.847158084791,308.714737171172,332.730507292562,359.880274181892,50.2384999824732,371.900406395549,400.311138996023,524.864059812086,0.141437966599104,18.5736268784434,15.6794179132605,16.6684943878116,17.6125214402784,18.4576182786285,1.47309167087257,19.4043128996573,20.3358993160373,22.7859130086542,0.0793109326742343,56,"1_NIC1667_0.00093",NA,NA,NA,NA,NA,"1",744.004850767335,-384.124576585443
"20250529-CbDRC3-p011-m2x_D08_roi_0.png",20250529,"CbDRC3","p011","m2x","D08",0,339.605521820175,16.1501443891778,"","48h",10,"15hHB101","DMSO",1,"Ivermectin",0.0018,NA,NA,"NIC1667",1,NA,NA,NA,281.202285866785,215.696147289985,260.702180078642,270.034898404132,276.888875885967,24.1385651409797,287.48308509885,310.45547398489,353.37765904358,0.085840572264818,16.1222790319769,14.5647424929864,14.9209743609915,15.4122563891039,16.076276494086,1.33892422132441,16.5754389025026,16.9506032364401,23.1773974681137,0.0830480739521248,44,"1_NIC1667_0.0018",NA,NA,NA,NA,NA,"1",744.004850767335,-467.115974881368
"20250529-CbDRC3-p011-m2x_D09_roi_0.png",20250529,"CbDRC3","p011","m2x","D09",0,235.153811934089,12.0022956923724,"","48h",10,"15hHB101","DMSO",1,"Ivermectin",0.0037,NA,NA,"NIC1667",1,NA,NA,NA,252.218083190237,203.320708755004,228.224669959175,241.487251091955,254.145766298052,17.766159501187,263.746430485442,271.626479831416,292.882246731682,0.0704396737794043,15.0323037699325,12.0022956923724,13.217456126008,14.3580097037681,15.0470899708826,1.97745127462155,15.374246648261,15.8367949459034,25.4957563739605,0.131546787830142,44,"1_NIC1667_0.0037",NA,NA,NA,NA,NA,"1",744.004850767335,-489.859084469283
"20250529-CbDRC3-p011-m2x_D10_roi_0.png",20250529,"CbDRC3","p011","m2x","D10",0,259.155206890252,14.5633043340984,"","48h",10,"15hHB101","DMSO",1,"Ivermectin",0.0075,NA,NA,"NIC1667",1,NA,NA,NA,246.555951899474,150.204703627252,220.524754216696,235.689143399126,246.669933640278,28.544819529042,257.921098870288,269.514981825253,356.344669969356,0.115774205851174,14.5564754823894,11.8376915707708,13.8288614022474,13.9932876235048,14.3925604918545,1.37469000695208,14.8742825929119,15.1272797197031,21.8800319104786,0.0944383830148442,39,"1_NIC1667_0.0075",NA,NA,NA,NA,NA,"1",744.004850767335,-497.334917127057
"20250529-CbDRC3-p011-m2x_D11_roi_0.png",20250529,"CbDRC3","p011","m2x","D11",0,231.506523021931,13.3900777480658,"","48h",10,"15hHB101","DMSO",1,"Ivermectin",0.015,NA,NA,"NIC1667",1,NA,NA,NA,233.688543181705,147.535067802347,206.14768611095,220.601226770586,234.14155626845,26.9264264100697,252.045524565988,257.646157058837,301.033205931906,0.115223562282782,14.2828370560878,11.271738732872,13.1034810677214,13.689969076322,14.3436795223315,1.0163198523495,15.0164842391537,15.405960157864,16.4115693195681,0.0711567210602821,34,"1_NIC1667_0.015",NA,NA,NA,NA,NA,"1",744.004850767335,-509.863294498885
"20250529-CbDRC3-p011-m2x_D12_roi_0.png",20250529,"CbDRC3","p011","m2x","D12",0,238.621648316929,13.635370706368,"","48h",10,"15hHB101","DMSO",1,"Ivermectin",0.03,NA,NA,"NIC1667",1,NA,NA,NA,222.010386687728,96.2623243104599,196.170613658861,210.300989095424,220.975854811912,28.4893462043958,237.161027328752,254.933166315361,266.542306844854,0.128324384410302,14.2891316786148,12.1617651372355,12.8896571096504,13.6621533774828,14.1940060358757,1.28850635303791,14.6479648135488,15.0628914172133,20.3426599312182,0.0901738735437853,50,"1_NIC1667_0.03",NA,NA,NA,NA,NA,"1",744.004850767335,-523.028995955424
"20250529-CbDRC3-p011-m2x_E01_roi_0.png",20250529,"CbDRC3","p011","m2x","E01",0,734.690877884233,35.8132896588243,"","48h",10,"15hHB101","DMSO",1,"Ivermectin",0,NA,NA,"PB420",1,NA,NA,NA,752.873355190206,217.983315430805,730.827420183829,743.326715215666,764.94425390784,78.8098306106712,784.559591184475,797.581752126799,823.754949703355,0.10467873523132,37.3525848589388,17.7465424419981,35.2371069223468,35.9669345716457,37.8504866509508,3.64111946498512,39.5096876630179,40.6827098516433,41.8829388481356,0.0974797187058331,66,"1_PB420_0",NA,NA,NA,NA,NA,"1",769.59900028371,-4.65474637587067
"20250529-CbDRC3-p011-m2x_E02_roi_0.png",20250529,"CbDRC3","p011","m2x","E02",0,797.929836456131,36.7395699748494,"","48h",10,"15hHB101","DMSO",1,"Ivermectin",2.9e-05,NA,NA,"PB420",1,NA,NA,NA,760.572736195161,204.455093393759,730.713629627107,755.765222096657,774.834057282032,82.4884284186997,790.382957626666,807.444962093267,816.568515623582,0.10845567359061,36.9689907224768,13.8472471063165,34.6352389613396,36.309069897113,37.2033452741018,3.70691471593702,38.8050017669946,39.790773247829,43.0239579203915,0.100270920127751,62,"1_PB420_2.9e-05",NA,NA,NA,NA,NA,"1",769.59900028371,5.23505699832208
"20250529-CbDRC3-p011-m2x_E03_roi_0.png",20250529,"CbDRC3","p011","m2x","E03",0,765.645218658623,35.7945987042257,"","48h",10,"15hHB101","DMSO",1,"Ivermectin",5.8e-05,NA,NA,"PB420",1,NA,NA,NA,773.475219848435,685.912553724403,722.813712614358,758.097806508053,779.397162713417,32.7730673841046,794.565925708593,809.421325627796,828.986676625784,0.042371192435262,37.3042600829641,32.4556298209266,33.5592895580801,36.351751836868,37.598161780075,2.28336862663946,38.7498327186762,39.5915346368034,44.1203275310653,0.0612093262689378,68,"1_PB420_5.8e-05",NA,NA,NA,NA,NA,"1",769.59900028371,9.79816242970674
"20250529-CbDRC3-p011-m2x_E04_roi_0.png",20250529,"CbDRC3","p011","m2x","E04",0,738.296251421186,34.0306016562049,"","48h",10,"15hHB101","DMSO",1,"Ivermectin",0.00011,NA,NA,"PB420",1,NA,NA,NA,763.287642307247,478.303120477379,718.397904181174,750.184643129578,772.426986821238,52.5729994597357,793.880338278497,801.580284102649,882.121077712984,0.0688770478463654,37.3225883692603,31.6635126086415,34.0075877539012,35.309232989899,37.7079658906529,2.73782449725684,38.9726820654909,40.3453086988096,44.1887427465629,0.0733556973640065,55,"1_PB420_0.00011",NA,NA,NA,NA,NA,"1",769.59900028371,2.82798653752752
"20250529-CbDRC3-p011-m2x_E05_roi_0.png",20250529,"CbDRC3","p011","m2x","E05",0,708.23568748972,33.0923193286843,"","48h",10,"15hHB101","DMSO",1,"Ivermectin",0.00023,NA,NA,"PB420",1,NA,NA,NA,753.319691906737,580.330783509986,708.574129364894,733.529046669546,757.950946136057,43.66141920238,778.013123507597,799.153887120974,838.319680957305,0.057958685630357,36.3800337444276,28.4458227166442,33.041548526482,34.9697941263744,36.1833848566414,2.57583942549039,38.0036546319349,39.0974014889918,42.8807083951816,0.0708036568516083,67,"1_PB420_0.00023",NA,NA,NA,NA,NA,"1",769.59900028371,-11.6480541476528
"20250529-CbDRC3-p011-m2x_E06_roi_0.png",20250529,"CbDRC3","p011","m2x","E06",0,730.294067054823,31.9222157661568,"","48h",10,"15hHB101","DMSO",1,"Ivermectin",0.00046,NA,NA,"PB420",1,NA,NA,NA,662.985371896653,351.692705603476,557.416620122165,596.314088017154,697.029082548228,90.7376333123142,727.008949793274,749.192891465854,786.980569787594,0.136862195092984,31.5561229917742,18.33022209942,26.4560182179154,29.4400100940962,31.8031588648017,4.17938471373553,34.6947614741803,36.6657821997599,38.9590386721853,0.132442908617924,74,"1_PB420_0.00046",NA,NA,NA,NA,NA,"1",769.59900028371,-72.5699177354827
"20250529-CbDRC3-p011-m2x_E07_roi_0.png",20250529,"CbDRC3","p011","m2x","E07",0,356.525152011507,17.8090041223184,"","48h",10,"15hHB101","DMSO",1,"Ivermectin",0.00093,NA,NA,"PB420",1,NA,NA,NA,324.913534828091,119.581886913162,275.161060676293,303.926474727832,323.276531325279,48.0098258802927,355.943814642171,373.055671676628,458.821767468102,0.147761852720891,17.3777480589613,15.1141235878254,15.8146100075425,16.5380875675868,17.2833648108926,1.28118223440606,18.129423068392,18.9966244456601,22.0877260570451,0.0737254464766729,62,"1_PB420_0.00093",NA,NA,NA,NA,NA,"1",769.59900028371,-446.322468958431
"20250529-CbDRC3-p011-m2x_E08_roi_0.png",20250529,"CbDRC3","p011","m2x","E08",0,277.865987265125,14.6061214980756,"","48h",10,"15hHB101","DMSO",1,"Ivermectin",0.0018,NA,NA,"PB420",1,NA,NA,NA,261.626891631892,203.683913837354,241.061804750747,247.966391588586,260.9458393014,19.399222288221,275.455906708595,283.995399978708,310.18312666666,0.0741484262845411,15.4381246619493,13.7605755898207,14.4943085764251,14.8090144704633,15.4498902538612,0.788379945415139,15.9526466672447,16.4485810854681,17.0802594290203,0.0510670798868645,46,"1_PB420_0.0018",NA,NA,NA,NA,NA,"1",769.59900028371,-508.65316098231
"20250529-CbDRC3-p011-m2x_E09_roi_0.png",20250529,"CbDRC3","p011","m2x","E09",0,219.560083588342,12.6507997530426,"","48h",10,"15hHB101","DMSO",1,"Ivermectin",0.0037,NA,NA,"PB420",1,NA,NA,NA,232.777673117554,186.10179687246,208.044204225539,215.880091428367,233.013426603145,23.240835378549,247.694005144989,263.362683485248,282.190136871862,0.0998413424590434,14.3632849591071,11.684857785462,12.7863622513445,13.9644608450294,14.3209528612143,0.96378573011634,15.0597583591599,15.5810487529,16.0968975363107,0.0671006481358741,51,"1_PB420_0.0037",NA,NA,NA,NA,NA,"1",769.59900028371,-536.585573680566
"20250529-CbDRC3-p011-m2x_E10_roi_0.png",20250529,"CbDRC3","p011","m2x","E10",0,219.588007475869,14.2155155255946,"","48h",10,"15hHB101","DMSO",1,"Ivermectin",0.0075,NA,NA,"PB420",1,NA,NA,NA,232.586770331788,191.330395910433,212.527731195553,218.855315721291,233.626656880698,18.4447569563221,241.940614070576,256.276246488077,278.566732737732,0.0793026917653589,14.3877408990564,12.7306712740969,13.4535563834441,13.9915263099615,14.2950498406016,0.74148969385206,14.7392195831366,15.1321398595392,16.5983283402977,0.0515362139931705,39,"1_PB420_0.0075",NA,NA,NA,NA,NA,"1",769.59900028371,-535.972343403012
"20250529-CbDRC3-p011-m2x_E11_roi_0.png",20250529,"CbDRC3","p011","m2x","E11",0,269.454026836839,15.4185950087993,"","48h",10,"15hHB101","DMSO",1,"Ivermectin",0.015,NA,NA,"PB420",1,NA,NA,NA,225.223485585035,150.626447465136,196.834027589967,208.525712590589,222.919790256176,29.3820387887332,235.492772766698,256.678511441895,329.598934237394,0.130457259874169,14.3842281285296,11.6875428808884,13.2774539945671,13.7572529993621,14.317862715407,1.08404509434306,14.9105892419615,15.5068449803333,17.733957943856,0.0753634525715687,65,"1_PB420_0.015",NA,NA,NA,NA,NA,"1",769.59900028371,-546.679210027534
"20250529-CbDRC3-p011-m2x_E12_roi_0.png",20250529,"CbDRC3","p011","m2x","E12",0,239.023381338704,15.0920430834933,"","48h",10,"15hHB101","DMSO",1,"Ivermectin",0.03,NA,NA,"PB420",1,NA,NA,NA,221.585777266005,177.82957051247,197.695788671454,207.918481362512,220.568140892303,21.7906279118297,233.988437737908,241.371878754466,306.676618533909,0.0983394700719935,14.3883739822706,12.6451632685291,13.0569222449406,13.4666201664274,14.156887112131,1.96398845776031,14.6540737441407,15.3191092193299,26.194185641834,0.13649829092435,51,"1_PB420_0.03",NA,NA,NA,NA,NA,"1",769.59900028371,-549.030859391407
"20250529-CbDRC3-p011-m2x_F01_roi_0.png",20250529,"CbDRC3","p011","m2x","F01",0,785.285512238153,36.3610488022836,"","48h",10,"15hHB101","DMSO",1,"Ivermectin",0,NA,NA,"ED3102",1,NA,NA,NA,762.589903257782,662.461600491717,719.086436064423,750.456925129625,767.40391638038,27.7965934156898,784.501254057544,795.091548015318,807.199153675242,0.0364502510418022,37.6186742169245,32.9952932441582,35.0505459945584,36.500996976327,37.6690330219577,2.00688240567109,38.6785229857502,40.0622734972204,43.0922759470482,0.0533480365123607,88,"1_ED3102_0",NA,"n>75",NA,NA,NA,"1",766.428098311703,0.975818068677313
"20250529-CbDRC3-p011-m2x_F02_roi_0.png",20250529,"CbDRC3","p011","m2x","F02",0,775.288070637457,33.6928778477332,"","48h",10,"15hHB101","DMSO",1,"Ivermectin",2.9e-05,NA,NA,"ED3102",1,NA,NA,NA,760.654147755044,489.523242332168,730.486789812215,749.425881917453,766.577198511808,42.3943989545555,778.648337262778,792.30608414487,852.902119961169,0.0557341323644604,36.4468261703888,25.890325150303,33.6997851897503,35.2597730998108,36.6609810808508,2.44005192119763,37.8790879083384,39.0298897542724,41.1953947148763,0.0669482689601117,92,"1_ED3102_2.9e-05",NA,"n>75",NA,NA,NA,"1",766.428098311703,0.14910020010484
"20250529-CbDRC3-p011-m2x_F03_roi_0.png",20250529,"CbDRC3","p011","m2x","F03",0,843.984088731013,40.7472193774123,"","48h",10,"15hHB101","DMSO",1,"Ivermectin",5.8e-05,NA,NA,"ED3102",1,NA,NA,NA,759.123016190955,678.751200451878,727.371223791769,740.469349241871,757.515136634043,31.1983639589372,777.137551000586,793.999612374831,843.984088731013,0.0410979028346169,36.640758540088,31.6294013875963,33.664751115802,35.3597459075208,36.4228056588194,2.26038042780472,38.1515236000151,38.8579216138622,44.0062328802375,0.0616903284175101,79,"1_ED3102_5.8e-05",NA,"n>75",NA,NA,NA,"1",766.428098311703,-8.91296167765972
"20250529-CbDRC3-p011-m2x_F04_roi_0.png",20250529,"CbDRC3","p011","m2x","F04",0,794.950711489803,37.3385111838907,"","48h",10,"15hHB101","DMSO",1,"Ivermectin",0.00011,NA,NA,"ED3102",1,NA,NA,NA,767.660661558745,677.752897037151,740.722399234457,754.833747995664,767.64240719516,25.5203927304014,786.225796604964,799.91381754987,817.983858768305,0.0332443669558134,36.4464897001148,32.1774008925051,34.1388570898046,35.0839495960334,36.7280579035559,1.7841425716959,37.7682428598189,38.6686712579496,39.9472556676329,0.0489523843414276,79,"1_ED3102_0.00011",NA,"n>75",NA,NA,NA,"1",766.428098311703,1.21430888345674
"20250529-CbDRC3-p011-m2x_F05_roi_0.png",20250529,"CbDRC3","p011","m2x","F05",0,791.78214263488,36.5052392763425,"","48h",10,"15hHB101","DMSO",1,"Ivermectin",0.00023,NA,NA,"ED3102",1,NA,NA,NA,743.293844905337,182.759201711675,683.215216712977,725.247466509694,757.064702796938,73.7734000152247,774.264693605385,791.78214263488,856.919180382967,0.0992519990860683,35.1224572350093,14.9683860895254,31.7760223899254,33.8850318560848,35.8877047434572,3.33003003967784,36.8859680328113,38.2211517593141,40.8219092178788,0.0948119893034858,91,"1_ED3102_0.00023",NA,"n>75",NA,NA,NA,"1",766.428098311703,-9.36339551476442
"20250529-CbDRC3-p011-m2x_F06_roi_0.png",20250529,"CbDRC3","p011","m2x","F06",0,671.9413235133,27.6560756954945,"","48h",10,"15hHB101","DMSO",1,"Ivermectin",0.00046,NA,NA,"ED3102",1,NA,NA,NA,550.216389342396,348.323216616853,401.85085175342,477.107069191008,550.549256626034,106.97421751488,624.218419338759,695.997257444396,761.489590732527,0.194422084814181,25.7833621051493,18.7102865377058,20.3292764538985,22.4593515429331,25.7114177831652,4.02254352359678,28.3379532650917,31.2433329075957,34.8334555506364,0.156013149378739,77,"1_ED3102_0.00046",NA,"n>75",NA,NA,NA,"1",766.428098311703,-215.878841685668
"20250529-CbDRC3-p011-m2x_F07_roi_0.png",20250529,"CbDRC3","p011","m2x","F07",0,331.895611203391,17.6856884880556,"","48h",10,"15hHB101","DMSO",1,"Ivermectin",0.00093,NA,NA,"ED3102",1,NA,NA,NA,311.779441513437,183.39794565592,270.25456119774,295.788205252381,311.892709101096,32.0828994515052,337.921039187543,346.778567273013,369.935620738024,0.102902549622158,17.3927968460291,13.3266818401431,15.7678756692502,16.3300617043251,17.5267014495571,1.7281765616575,18.0487259090078,18.5610128685182,25.688476980235,0.0993616252150986,61,"1_ED3102_0.00093",NA,NA,NA,NA,NA,"1",766.428098311703,-454.535389210607
"20250529-CbDRC3-p011-m2x_F08_roi_0.png",20250529,"CbDRC3","p011","m2x","F08",0,302.69789330718,16.3049623711347,"","48h",10,"15hHB101","DMSO",1,"Ivermectin",0.0018,NA,NA,"ED3102",1,NA,NA,NA,276.608965827589,122.750431235683,251.825281761942,264.875547073173,278.394382898205,27.2097785122372,291.90573536784,301.466514675611,339.333612111155,0.0983691126237648,15.8337445796366,12.9330418956922,14.6363928802921,15.326922294264,15.6676153960157,1.0401278626638,16.3108437619601,16.7912857618185,20.5138483542682,0.0656905798519373,68,"1_ED3102_0.0018",NA,NA,NA,NA,NA,"1",766.428098311703,-488.033715413498
"20250529-CbDRC3-p011-m2x_F09_roi_0.png",20250529,"CbDRC3","p011","m2x","F09",0,274.580282486487,15.39947915529,"","48h",10,"15hHB101","DMSO",1,"Ivermectin",0.0037,NA,NA,"ED3102",1,NA,NA,NA,245.901308007674,189.788447042892,225.980929988168,233.864831925664,244.740909030784,18.5323003120089,255.693821099338,270.593243961023,285.648778338264,0.0753647894846926,15.1665044023763,12.9297729186527,14.1617662575352,14.7437285657064,15.1152876416652,0.833269269155054,15.6150131839804,16.1981732409616,17.7071860074195,0.0549414187374976,72,"1_ED3102_0.0037",NA,NA,NA,NA,NA,"1",766.428098311703,-521.687189280919
"20250529-CbDRC3-p011-m2x_F10_roi_0.png",20250529,"CbDRC3","p011","m2x","F10",0,231.628948657654,13.7691594284947,"","48h",10,"15hHB101","DMSO",1,"Ivermectin",0.0075,NA,NA,"ED3102",1,NA,NA,NA,240.646527181495,202.532756602015,217.814113451959,227.280236862185,236.518102351382,19.8036425404496,257.198555754157,265.940117927883,284.203232252881,0.0822934898433575,14.717034675488,12.5499728718016,13.8281190182281,14.0280254133594,14.5488130106309,0.960782125893744,15.2408963454809,16.1009075792945,17.1626999577024,0.0652836761670458,46,"1_ED3102_0.0075",NA,NA,NA,NA,NA,"1",766.428098311703,-529.909995960321
"20250529-CbDRC3-p011-m2x_F11_roi_0.png",20250529,"CbDRC3","p011","m2x","F11",0,233.245351439055,13.966578635843,"","48h",10,"15hHB101","DMSO",1,"Ivermectin",0.015,NA,NA,"ED3102",1,NA,NA,NA,237.509011745029,183.703758069568,206.890488529515,224.851949187207,239.406748199967,21.877047450947,254.356592794862,261.023473465899,293.290254314302,0.0921103889499252,14.8790461432637,13.3557221792908,13.9093942516783,14.2439435923234,14.8434902606766,0.826427931498985,15.3732457258877,15.8212370033079,17.2071203240006,0.0555430720183054,64,"1_ED3102_0.015",NA,NA,NA,NA,NA,"1",766.428098311703,-527.021350111736
"20250529-CbDRC3-p011-m2x_F12_roi_0.png",20250529,"CbDRC3","p011","m2x","F12",0,230.795936359026,14.1263265237898,"","48h",10,"15hHB101","DMSO",1,"Ivermectin",0.03,NA,NA,"ED3102",1,NA,NA,NA,232.361898974238,183.860374089896,207.976676957784,219.70320187172,230.700014200902,19.9638676302611,246.873490534736,256.747311538682,277.816012289638,0.0859171306414331,15.0754983023806,11.89538827443,13.7530306456486,14.5181854865246,15.2179797912703,0.996595905306837,15.7367926226507,16.1977813667297,16.7806790947107,0.0661069959557797,56,"1_ED3102_0.03",NA,NA,NA,NA,NA,"1",766.428098311703,-535.728084110801
"20250529-CbDRC3-p012-m2x_A01_roi_0.png",20250529,"CbDRC3","p012","m2x","A01",0,774.189304330996,35.6083006778568,"","48h",10,"15hHB101","DMSO",1,"Ivermectin",0,NA,NA,"ECA2666",1,NA,NA,NA,758.88989040434,605.012272658437,718.814015793667,749.417781373259,767.422416220154,47.8038675937896,785.353432142365,802.558778277739,844.195335774776,0.0629918360993312,34.671678840058,25.7920419880287,31.5164733613294,33.5576908697031,34.7677684005376,2.62476067923474,36.5975943584961,37.478463675502,40.3413809721546,0.0757033050329891,70,"1_ECA2666_0",NA,NA,NA,NA,NA,"1",751.991352055543,15.4310641646103
"20250529-CbDRC3-p012-m2x_A02_roi_0.png",20250529,"CbDRC3","p012","m2x","A02",0,777.606262691844,34.2780408092486,"","48h",10,"15hHB101","DMSO",1,"Ivermectin",2.9e-05,NA,NA,"ECA2666",1,NA,NA,NA,757.513953144524,661.152098511387,715.947164447683,736.897961610248,760.142170174689,37.4160160825893,779.925896035759,798.297048935965,847.291079275757,0.0493931708152322,34.7655406931844,26.9326999916061,31.3574648864935,33.2365357730296,34.776103286781,2.87873229759694,36.2604091106439,38.1895835320505,42.3284312319709,0.0828041859898728,74,"1_ECA2666_2.9e-05",NA,NA,NA,NA,NA,"1",751.991352055543,8.1508181191457
"20250529-CbDRC3-p012-m2x_A03_roi_0.png",20250529,"CbDRC3","p012","m2x","A03",0,757.925202033141,34.0186538689988,"","48h",10,"15hHB101","DMSO",1,"Ivermectin",5.8e-05,NA,NA,"ECA2666",1,NA,NA,NA,731.514494027198,164.278351696798,636.51876896904,724.396662632781,755.570026029914,92.8464348505053,772.699812277912,794.33700665529,825.483056756068,0.126923575142522,33.4150407036105,11.0464442182788,30.5660709352528,32.0926617065547,33.8179418711488,3.86559237680662,35.657382760078,37.0478462388057,38.9375288244505,0.115684203742087,68,"1_ECA2666_5.8e-05",NA,NA,NA,NA,NA,"1",751.991352055543,3.5786739743711
"20250529-CbDRC3-p012-m2x_A04_roi_0.png",20250529,"CbDRC3","p012","m2x","A04",0,658.000804904225,29.1915400195119,"","48h",10,"15hHB101","DMSO",1,"Ivermectin",0.00011,NA,NA,"ECA2666",1,NA,NA,NA,752.675403430185,622.035931202319,704.745897917952,738.280301636336,757.243195672883,42.3115587114258,777.399193231406,801.030056762966,834.899051478318,0.0562148816323721,34.1439073423311,27.0189062512117,30.9419487909883,32.3826489815581,34.101073193406,2.66904691183398,35.7414810783542,37.5072814976525,39.9892869667639,0.0781705176585029,69,"1_ECA2666_0.00011",NA,NA,NA,NA,NA,"1",751.991352055543,5.25184361733966
"20250529-CbDRC3-p012-m2x_A05_roi_0.png",20250529,"CbDRC3","p012","m2x","A05",0,794.749469702067,32.0073199147455,"","48h",10,"15hHB101","DMSO",1,"Ivermectin",0.00023,NA,NA,"ECA2666",1,NA,NA,NA,732.862931547746,515.656398955131,647.8732100181,708.692168613396,747.235371496362,68.1550374909718,775.816093652445,794.631059932561,837.365951754466,0.092998341923276,32.7274015649977,24.2085571576764,28.1684291716607,31.4129052632496,32.5369687827553,3.02778913731685,34.6276575913737,36.2585144085996,39.6007344079176,0.0925154149895939,78,"1_ECA2666_0.00023",NA,"n>75",NA,NA,NA,"1",751.991352055543,-4.75598055918078
"20250529-CbDRC3-p012-m2x_A06_roi_0.png",20250529,"CbDRC3","p012","m2x","A06",0,613.28307729885,27.2983977121256,"","48h",10,"15hHB101","DMSO",1,"Ivermectin",0.00046,NA,NA,"ECA2666",1,NA,NA,NA,647.830317406889,420.950464759832,530.207308318141,585.239916530925,665.842803611308,96.3581533039625,722.817462963914,761.083226400035,808.845646620874,0.148739802252018,28.8184375635035,17.8305369814792,23.3054729687299,26.5959865357491,28.7167726674485,3.99531104106204,31.6604670090406,33.8098230078667,36.0159654946328,0.13863732314627,75,"1_ECA2666_0.00046",NA,NA,NA,NA,NA,"1",751.991352055543,-86.1485484442352
"20250529-CbDRC3-p012-m2x_A07_roi_0.png",20250529,"CbDRC3","p012","m2x","A07",0,422.763973901231,18.451045160517,"","48h",10,"15hHB101","DMSO",1,"Ivermectin",0.00093,NA,NA,"ECA2666",1,NA,NA,NA,388.973696966915,202.77674208545,341.445317327698,365.36845886915,385.90945362489,54.5611948664842,421.63820377531,447.289700349685,573.986441281783,0.140269625663468,18.6285852284599,14.1892378504949,16.6004463356024,17.4641635668285,18.451045160517,1.88860103865403,19.4854890506763,20.6942646045731,25.7179590152608,0.101381882493616,71,"1_ECA2666_0.00093",NA,NA,NA,NA,NA,"1",751.991352055543,-366.081898430653
"20250529-CbDRC3-p012-m2x_A08_roi_0.png",20250529,"CbDRC3","p012","m2x","A08",0,321.60277437076,17.5374769366571,"","48h",10,"15hHB101","DMSO",1,"Ivermectin",0.0018,NA,NA,"ECA2666",1,NA,NA,NA,277.601715483937,194.897850384533,246.402796502452,257.905652495835,274.748055542091,38.6372254085566,292.876391450976,306.005303755997,546.826398501343,0.139182228543513,15.6337393399764,13.4145044682293,14.5708198158634,14.9709340382642,15.5062346258584,1.08203032967935,16.0221502827014,16.9064189036005,20.7166628829153,0.0692112300294359,90,"1_ECA2666_0.0018",NA,"n>75",NA,NA,NA,"1",751.991352055543,-477.243296513452
"20250529-CbDRC3-p012-m2x_A10_roi_0.png",20250529,"CbDRC3","p012","m2x","A10",0,211.772948924349,12.7045112039853,"","48h",10,"15hHB101","DMSO",1,"Ivermectin",0.0075,NA,NA,"ECA2666",1,NA,NA,NA,227.22026629705,188.205353312776,202.186221094205,211.772948924349,226.815647097725,19.8395859777223,241.004998959772,258.532744089847,266.98851230532,0.0873143329203988,13.9968393261507,11.5799748331888,12.6080046867354,13.4148272632672,13.8980648719294,1.11294513906599,14.5755777137789,15.3058626748314,17.6829602348129,0.0795140326421151,69,"1_ECA2666_0.0075",NA,NA,NA,"outlier","outlier","1",751.991352055543,-525.175704957818
"20250529-CbDRC3-p012-m2x_A11_roi_0.png",20250529,"CbDRC3","p012","m2x","A11",0,207.734792948007,13.8753934351189,"","48h",10,"15hHB101","DMSO",1,"Ivermectin",0.015,NA,NA,"ECA2666",1,NA,NA,NA,222.646950247585,101.229835432895,190.124265881334,202.883797231273,219.44647157616,40.2798304838623,239.557171187108,250.918765610979,440.547355278528,0.180913461599501,13.8206217124613,11.2459824732156,12.6332678370687,13.1873018520934,13.7296939367163,1.1391621809808,14.2050667558203,14.9367187028014,17.5515438410675,0.0824248145040889,56,"1_ECA2666_0.015",NA,NA,NA,NA,NA,"1",751.991352055543,-532.544880479383
"20250529-CbDRC3-p012-m2x_A12_roi_0.png",20250529,"CbDRC3","p012","m2x","A12",0,199.403468465976,14.9007422696769,"","48h",10,"15hHB101","DMSO",1,"Ivermectin",0.03,NA,NA,"ECA2666",1,NA,NA,NA,219.869115046939,138.418541433262,187.249942069819,205.264755578061,218.148457050366,31.1935623570081,231.724653217937,251.425057260168,328.379588860981,0.141873324729345,13.7598341433603,8.4186855780126,12.8112631514148,13.3813185856377,13.8816768324553,1.41075332390273,14.6523344858991,14.9373879460391,16.2770285582406,0.102526913420935,56,"1_ECA2666_0.03",NA,NA,NA,NA,NA,"1",751.991352055543,-533.842895005178
"20250529-CbDRC3-p012-m2x_B01_roi_0.png",20250529,"CbDRC3","p012","m2x","B01",0,850.113187067926,36.8818832987232,"","48h",10,"15hHB101","DMSO",1,"Ivermectin",0,NA,NA,"JU3237",1,NA,NA,NA,831.027618164856,706.926104589877,787.80263552831,811.702993920841,834.169894556827,39.4739877044213,846.435865806002,867.276418543995,982.443416189734,0.0475002115953631,38.2288130669095,30.7416723728241,36.1109289068191,37.1712143563412,38.3900887008997,2.1380233081025,39.7521966492841,40.4512781855719,42.2450010515403,0.0559270125483743,77,"1_JU3237_0",NA,"n>75",NA,NA,NA,"1",828.6410824654,5.52881209142686
"20250529-CbDRC3-p012-m2x_B02_roi_0.png",20250529,"CbDRC3","p012","m2x","B02",0,848.385183352136,36.8059442450074,"","48h",10,"15hHB101","DMSO",1,"Ivermectin",2.9e-05,NA,NA,"JU3237",1,NA,NA,NA,819.059530907937,456.830315549189,781.01547813971,801.128800283504,829.939895202163,53.7828905926577,845.721948562027,856.800451582391,932.747963517165,0.0656642021283102,37.9774039514244,22.7850642783128,36.3900997092013,37.0706118065919,38.1936930472603,2.49366482080113,39.0688791501729,40.203713789461,42.4567879758411,0.0656618031077292,74,"1_JU3237_2.9e-05",NA,NA,NA,NA,NA,"1",828.6410824654,1.29881273676244
"20250529-CbDRC3-p012-m2x_B03_roi_0.png",20250529,"CbDRC3","p012","m2x","B03",0,864.849281877558,38.0496027445459,"","48h",10,"15hHB101","DMSO",1,"Ivermectin",5.8e-05,NA,NA,"JU3237",1,NA,NA,NA,819.651042160412,383.955930071146,766.909448715984,794.069694201066,835.916609303705,61.568170874181,855.387783232555,864.925546627538,884.49718946996,0.0751151010702084,37.5659395470695,17.8417062073269,35.0815000090474,36.5550484746752,37.9189011624968,2.87598272810861,38.9123057991231,40.1905163457105,42.4693310667098,0.0765582536410424,84,"1_JU3237_5.8e-05",NA,"n>75",NA,NA,NA,"1",828.6410824654,7.27552683830515
"20250529-CbDRC3-p012-m2x_B04_roi_0.png",20250529,"CbDRC3","p012","m2x","B04",0,817.727534784128,35.6159583289419,"","48h",10,"15hHB101","DMSO",1,"Ivermectin",0.00011,NA,NA,"JU3237",1,NA,NA,NA,829.028182030268,737.979051032482,786.387420967733,806.452241453846,835.1246928115,31.9427710502164,853.277218408627,864.722812525859,892.898604442972,0.0385303802000909,38.0269023875529,32.8264714100478,35.6447935192473,36.7524829003642,38.0876861406226,1.87292130002344,39.3769228047524,40.3554651518477,41.7374034331506,0.0492525339280985,77,"1_JU3237_0.00011",NA,"n>75",NA,NA,NA,"1",828.6410824654,6.48361034609957
"20250529-CbDRC3-p012-m2x_B05_roi_0.png",20250529,"CbDRC3","p012","m2x","B05",0,825.98321091716,35.2234432101526,"","48h",10,"15hHB101","DMSO",1,"Ivermectin",0.00023,NA,NA,"JU3237",1,NA,NA,NA,835.558525436635,727.01114478801,795.300845948002,819.947385130459,839.991183756628,32.3582337407334,858.415352305832,871.907184996948,907.558345431193,0.0387264718815766,38.1154684184381,31.7957526908179,35.8747013136207,37.0679826529474,38.1531743650417,1.88269475589737,39.4549924268128,40.1355190308511,43.1213868209596,0.0493945065879507,63,"1_JU3237_0.00023",NA,NA,NA,NA,NA,"1",828.6410824654,11.3501012912279
"20250529-CbDRC3-p012-m2x_B06_roi_0.png",20250529,"CbDRC3","p012","m2x","B06",0,796.420600335836,34.7338770908019,"","48h",10,"15hHB101","DMSO",1,"Ivermectin",0.00046,NA,NA,"JU3237",1,NA,NA,NA,789.655587269657,578.018608875328,741.02755232211,759.842337457687,796.420600335836,57.9007267184334,823.835754449855,851.226890391335,901.673446401347,0.0733240258815025,36.270677251571,28.5229212743969,32.4259448316142,34.986041222939,36.8101815000537,2.88724533543341,38.3590672506327,39.1541669306061,42.0602966238761,0.0796027412283389,67,"1_JU3237_0.00046",NA,NA,NA,NA,NA,"1",828.6410824654,-32.2204821295645
"20250529-CbDRC3-p012-m2x_B07_roi_0.png",20250529,"CbDRC3","p012","m2x","B07",0,552.345186331549,23.5317754301161,"","48h",10,"15hHB101","DMSO",1,"Ivermectin",0.00093,NA,NA,"JU3237",1,NA,NA,NA,452.685327982742,301.798688018351,332.348933616901,364.148623312574,428.562211958845,108.521485657555,515.992925903229,603.477659484884,747.777860846027,0.239728303413651,20.919453197071,16.2033835836164,17.5252469656769,18.6634792983413,19.9089815475818,3.31452990098845,22.7883097951371,25.3732455231419,32.9995921564077,0.158442473126044,63,"1_JU3237_0.00093",NA,NA,NA,NA,NA,"1",828.6410824654,-400.078870506555
"20250529-CbDRC3-p012-m2x_B08_roi_0.png",20250529,"CbDRC3","p012","m2x","B08",0,287.440056563874,15.8118083181616,"","48h",10,"15hHB101","DMSO",1,"Ivermectin",0.0018,NA,NA,"JU3237",1,NA,NA,NA,268.474965156047,126.191646488893,243.589448224875,259.088728344076,267.720960332482,29.137358432119,287.205646530618,295.610165686745,327.959011011317,0.108529145036608,15.8156858708379,13.8343316529396,14.6300153944455,15.2468094831244,15.7262649250449,0.882470120089271,16.4745944677647,16.8507668792326,17.805884853302,0.0557971451441403,73,"1_JU3237_0.0018",NA,NA,NA,NA,NA,"1",828.6410824654,-560.920122132918
"20250529-CbDRC3-p012-m2x_B09_roi_0.png",20250529,"CbDRC3","p012","m2x","B09",0,308.759634370378,16.3641555713445,"","48h",10,"15hHB101","DMSO",1,"Ivermectin",0.0037,NA,NA,"JU3237",1,NA,NA,NA,254.894565130809,210.671435004726,230.425962595647,245.506141302534,254.379474195317,19.3782880109733,266.402118776827,282.36987814196,308.759634370378,0.0760247202643514,15.0867936463237,12.9594007707179,14.2721418772129,14.6432763599617,14.955941986187,0.820540990481539,15.5581800398387,16.0500091156164,17.6726699381149,0.0543880303341647,74,"1_JU3237_0.0037",NA,NA,NA,NA,NA,"1",828.6410824654,-574.261608270083
"20250529-CbDRC3-p012-m2x_B10_roi_0.png",20250529,"CbDRC3","p012","m2x","B10",0,238.221392988793,14.3303779294024,"","48h",10,"15hHB101","DMSO",1,"Ivermectin",0.0075,NA,NA,"JU3237",1,NA,NA,NA,232.107441064073,171.390336133351,207.25767643179,219.606801573535,230.809997498776,20.8778670969486,243.223069659212,256.88621308962,296.079303934315,0.0899491502781474,14.507444215473,11.4910142402011,13.6748694519035,14.0954573779959,14.5447924792172,0.868145902119289,14.955892516138,15.3318457380745,17.6399782474459,0.059841408950128,57,"1_JU3237_0.0075",NA,NA,NA,NA,NA,"1",828.6410824654,-597.831084966624
"20250529-CbDRC3-p012-m2x_B11_roi_0.png",20250529,"CbDRC3","p012","m2x","B11",0,234.535116877116,14.6380247530349,"","48h",10,"15hHB101","DMSO",1,"Ivermectin",0.015,NA,NA,"JU3237",1,NA,NA,NA,229.303426734617,143.196878422328,195.050444538245,218.086919631283,230.629458592943,27.2273163153723,241.588325762567,256.346097605288,305.32654789492,0.118739247394169,14.4073020906237,12.5126780615991,13.3706383139792,13.8769576947756,14.3298602073534,1.18527843553535,14.7635265063781,15.3002336209325,21.436864433664,0.0822692845669372,60,"1_JU3237_0.015",NA,NA,NA,"outlier","outlier","1",828.6410824654,-598.011623872457
"20250529-CbDRC3-p012-m2x_B12_roi_0.png",20250529,"CbDRC3","p012","m2x","B12",0,224.189097091118,15.1692927923309,"","48h",10,"15hHB101","DMSO",1,"Ivermectin",0.03,NA,NA,"JU3237",1,NA,NA,NA,235.068985691801,191.912096595282,212.06112051302,225.013168252126,233.22301164395,20.3225225470051,245.554695423322,267.295071602584,285.976379283136,0.0864534404111055,14.2851651952239,12.0292419034324,13.2383232269262,13.7604146250285,14.2981923005641,0.923212958589616,14.9173572692275,15.256794170906,16.7732349787315,0.0646273911412858,52,"1_JU3237_0.03",NA,NA,NA,NA,NA,"1",828.6410824654,-595.418070821451
"20250529-CbDRC3-p012-m2x_C01_roi_0.png",20250529,"CbDRC3","p012","m2x","C01",0,800.109921846785,36.0470354877035,"","48h",10,"15hHB101","DMSO",1,"Ivermectin",0,NA,NA,"VX34",1,NA,NA,NA,767.14391102188,425.30898207878,709.503532104728,747.106582914039,788.490042228553,72.7685360255535,811.505903218302,825.395732391663,845.81231516135,0.0948564343404898,37.5873016599351,21.6511022542468,33.8264708487796,35.737110035795,38.1956445486549,3.57659304424068,39.8368047827426,41.5007039968455,42.403487936558,0.0951542911113789,69,"1_VX34_0",NA,NA,NA,NA,NA,"1",777.984787055657,10.5052551728959
"20250529-CbDRC3-p012-m2x_C02_roi_0.png",20250529,"CbDRC3","p012","m2x","C02",0,781.227069645029,38.9681653950718,"","48h",10,"15hHB101","DMSO",1,"Ivermectin",2.9e-05,NA,NA,"VX34",1,NA,NA,NA,766.404466194834,393.771733539203,715.861110860836,743.492306644548,778.994694763321,72.2504827812716,811.556710138142,829.972011880481,859.067803084113,0.0942720012319243,37.8192402416182,27.0218504141985,34.3037070383758,36.459813812317,38.2752193872629,3.27663283188592,39.8431165639345,41.5712436479526,43.5687063036169,0.086639308747407,65,"1_VX34_2.9e-05",NA,NA,NA,NA,NA,"1",777.984787055657,1.00990770766373
"20250529-CbDRC3-p012-m2x_C03_roi_0.png",20250529,"CbDRC3","p012","m2x","C03",0,803.978624062516,39.5123130029053,"","48h",10,"15hHB101","DMSO",1,"Ivermectin",5.8e-05,NA,NA,"VX34",1,NA,NA,NA,773.481367180167,649.990813742319,724.054998625273,748.870231951939,775.477676930079,41.2365824453404,805.512344683977,822.416492539256,837.650241045673,0.0533129616239808,37.8175724712934,30.7175933660302,34.1033021598061,37.0231371199162,38.1400401313089,2.31957080500258,39.3686374652565,40.0697437923534,42.1449360511408,0.0613357932152657,55,"1_VX34_5.8e-05",NA,NA,NA,NA,NA,"1",777.984787055657,-2.50711012557736
"20250529-CbDRC3-p012-m2x_C04_roi_0.png",20250529,"CbDRC3","p012","m2x","C04",0,775.583035578819,38.9891670195803,"","48h",10,"15hHB101","DMSO",1,"Ivermectin",0.00011,NA,NA,"VX34",1,NA,NA,NA,784.522164225121,575.634131581057,740.928786365272,759.921256368798,789.835656507486,46.1695025440152,809.788027832252,829.286696228697,885.577677686927,0.0588504756772769,38.9606056934116,28.6714380214103,36.8461289877409,37.9370949151256,39.3390318674675,2.43686092346532,40.4385477328094,41.1891830454993,42.8249550561295,0.0625467925894542,53,"1_VX34_0.00011",NA,NA,NA,NA,NA,"1",777.984787055657,11.8508694518295
"20250529-CbDRC3-p012-m2x_C05_roi_0.png",20250529,"CbDRC3","p012","m2x","C05",0,850.075597889608,39.0618983008946,"","48h",10,"15hHB101","DMSO",1,"Ivermectin",0.00023,NA,NA,"VX34",1,NA,NA,NA,742.93665269835,119.24511062934,701.854360095434,743.068021937612,778.695521704507,150.031183896427,808.062942870345,825.205807002154,850.075597889608,0.201943440738201,37.6501764131999,21.8454662519935,34.4054680784321,36.383734809834,37.9521961823225,3.69033555253199,40.0047123292613,41.0246838172198,43.4086266509876,0.0980164212786578,47,"1_VX34_0.00023",NA,NA,NA,NA,NA,"1",777.984787055657,0.710734648850575
"20250529-CbDRC3-p012-m2x_C06_roi_0.png",20250529,"CbDRC3","p012","m2x","C06",0,801.039618674712,37.8389004922206,"","48h",10,"15hHB101","DMSO",1,"Ivermectin",0.00046,NA,NA,"VX34",1,NA,NA,NA,738.579635340179,454.332376137873,653.351330842173,697.655294477787,742.854770973318,75.6221147371894,795.87317151986,830.898430157027,858.812383248204,0.102388572766915,35.4129745552741,23.2097116928562,29.591788037131,33.0388857128104,35.2839986789076,4.23302844193113,37.8966586706352,40.5716387161516,43.539661327809,0.119533264152212,66,"1_VX34_0.00046",NA,NA,NA,NA,NA,"1",777.984787055657,-35.1300160823387
"20250529-CbDRC3-p012-m2x_C08_roi_0.png",20250529,"CbDRC3","p012","m2x","C08",0,340.782625915976,16.0362207494942,"","48h",10,"15hHB101","DMSO",1,"Ivermectin",0.0018,NA,NA,"VX34",1,NA,NA,NA,265.967723248581,195.036074622052,233.707258677282,248.381888114285,266.450964019402,28.5509859433699,285.408357124817,295.79928926685,340.782625915976,0.107347559300214,15.5538888152727,13.8063195343635,14.555382129486,15.0367930915195,15.6029924628557,0.961027580962651,15.8921986871061,16.4673476561277,19.3977880278953,0.0617869648148055,53,"1_VX34_0.0018",NA,NA,NA,NA,NA,"1",777.984787055657,-511.533823036255
"20250529-CbDRC3-p012-m2x_C09_roi_0.png",20250529,"CbDRC3","p012","m2x","C09",0,244.428639048555,14.4177954924359,"","48h",10,"15hHB101","DMSO",1,"Ivermectin",0.0037,NA,NA,"VX34",1,NA,NA,NA,248.417711819011,157.841645756506,214.450624786275,238.075209399555,252.891610287974,26.5201084454946,262.245246774211,277.361654084232,289.208495869556,0.10675610950324,14.8027627225185,12.890859663183,13.761792885062,14.3564868172902,14.7801140381485,0.80292197306923,15.351200159906,15.8378818324572,17.0225980674931,0.054241359408389,52,"1_VX34_0.0037",NA,NA,NA,NA,NA,"1",777.984787055657,-525.093176767683
"20250529-CbDRC3-p012-m2x_C10_roi_0.png",20250529,"CbDRC3","p012","m2x","C10",0,223.716431786295,13.4916729583236,"","48h",10,"15hHB101","DMSO",1,"Ivermectin",0.0075,NA,NA,"VX34",1,NA,NA,NA,219.030181616714,97.0125668211481,191.923804555468,202.364905637242,217.905789622177,31.1257234579571,241.959509759307,248.020060005305,282.304383499294,0.142107006569646,14.6865385768747,12.1749467101429,12.7816508834056,13.5860160875288,14.0311162337184,3.04102916347307,14.8167000752832,15.3656281050332,28.9994471147115,0.207062348119348,39,"1_VX34_0.0075",NA,NA,NA,NA,NA,"1",777.984787055657,-560.078997433479
"20250529-CbDRC3-p012-m2x_C11_roi_0.png",20250529,"CbDRC3","p012","m2x","C11",0,240.340747071027,15.6301813753508,"","48h",10,"15hHB101","DMSO",1,"Ivermectin",0.015,NA,NA,"VX34",1,NA,NA,NA,213.359662221982,99.2231894657746,178.45039940185,190.627586712283,221.68789367902,35.528018093287,236.310602670583,252.211641937632,269.100314233136,0.166517033835211,14.2538760021763,11.488393049063,12.7714618282527,13.6123918740288,14.2285423463343,1.45854061548849,14.8046455842476,15.4646958864824,20.4444515472097,0.102325894743703,41,"1_VX34_0.015",NA,NA,NA,NA,NA,"1",777.984787055657,-556.296893376637
"20250529-CbDRC3-p012-m2x_C12_roi_0.png",20250529,"CbDRC3","p012","m2x","C12",0,222.513187315833,13.4923844617337,"","48h",10,"15hHB101","DMSO",1,"Ivermectin",0.03,NA,NA,"VX34",1,NA,NA,NA,201.078291971088,134.906472635734,162.805319814694,183.532915436097,202.451566810338,34.0924095909625,218.84676519384,234.377331693809,292.733876686735,0.169547937058588,13.8487214246592,7.56022964915782,12.7151067796804,13.2670018881422,13.8040273065907,1.84384421569046,14.5099134170678,15.3639792976689,20.6591405216928,0.133141837368993,36,"1_VX34_0.03",NA,NA,NA,NA,NA,"1",777.984787055657,-575.533220245318
"20250529-CbDRC3-p012-m2x_D01_roi_0.png",20250529,"CbDRC3","p012","m2x","D01",0,722.808753786001,32.6199605946483,"","48h",10,"15hHB101","DMSO",1,"Ivermectin",0,NA,NA,"NIC1667",1,NA,NA,NA,748.868782750145,645.715903139715,713.180099068953,725.314130175249,752.007843372252,36.6932944052522,771.98217855963,790.914073798584,828.875903191261,0.0489982961641154,34.9944007420862,29.498950798514,32.2740668268242,33.5598538034535,34.9704690630214,2.3796956176457,36.4636979506713,37.2995664082656,40.5934262955483,0.0680021822686551,58,"1_NIC1667_0",NA,NA,NA,NA,NA,"1",744.004850767335,8.0029926049167
"20250529-CbDRC3-p012-m2x_D02_roi_0.png",20250529,"CbDRC3","p012","m2x","D02",0,755.827589307603,34.3736607833038,"","48h",10,"15hHB101","DMSO",1,"Ivermectin",2.9e-05,NA,NA,"NIC1667",1,NA,NA,NA,743.428208853805,616.012637027879,675.926838905298,702.763609517486,755.903748473584,49.9421126141505,778.952273158985,794.835466047569,821.14920610642,0.0671781242887591,34.2023654041228,27.1984212532454,30.33365710548,32.398104740524,34.4806214568452,2.99187751490629,36.2026144379796,37.87961715746,40.5747622031225,0.0874757485207629,52,"1_NIC1667_2.9e-05",NA,NA,NA,NA,NA,"1",744.004850767335,11.8988977062494
"20250529-CbDRC3-p012-m2x_D03_roi_0.png",20250529,"CbDRC3","p012","m2x","D03",0,724.099910395622,32.1952832392716,"","48h",10,"15hHB101","DMSO",1,"Ivermectin",5.8e-05,NA,NA,"NIC1667",1,NA,NA,NA,727.428915792805,593.40763807447,639.065738518193,716.4928013759,735.024026777928,50.661422979068,755.174502322262,781.648868570544,825.440462038129,0.0696444997981053,33.8444847597821,24.3983990672561,30.503719897281,31.8419623952757,34.3728852666068,2.64719926486024,35.6273553902908,36.9131909197324,38.167385950509,0.0782165627176559,62,"1_NIC1667_5.8e-05",NA,NA,NA,NA,NA,"1",744.004850767335,-8.98082398940721
"20250529-CbDRC3-p012-m2x_D04_roi_0.png",20250529,"CbDRC3","p012","m2x","D04",0,776.48453672385,37.9887063863959,"","48h",10,"15hHB101","DMSO",1,"Ivermectin",0.00011,NA,NA,"NIC1667",1,NA,NA,NA,743.866152491739,604.590481440751,704.756207731334,720.38173429475,741.552756861762,41.338624414937,770.128758091704,786.511369086622,831.964388358888,0.0555726648893278,34.2260734926587,28.5519268814062,31.0593627496282,33.0365446590751,34.2957006633178,2.39128332485349,35.2808410790075,36.9839956528565,40.576569550202,0.0698672994249958,48,"1_NIC1667_0.00011",NA,NA,NA,NA,NA,"1",744.004850767335,-2.45209390557284
"20250529-CbDRC3-p012-m2x_D05_roi_0.png",20250529,"CbDRC3","p012","m2x","D05",0,770.80191157822,34.605402256973,"","48h",10,"15hHB101","DMSO",1,"Ivermectin",0.00023,NA,NA,"NIC1667",1,NA,NA,NA,740.442249240431,634.409614941623,701.194968853255,722.643660285752,742.175834520393,36.8758396398456,762.599896119846,783.844220376945,834.169147491356,0.0498024520854584,34.2827941104095,29.0573543539966,31.8206657833921,32.5365325947348,34.4051731383924,2.11655498795452,35.913132711221,37.1408757105927,38.2324019056171,0.0617381121602296,79,"1_NIC1667_0.00023",NA,"n>75",NA,NA,NA,"1",744.004850767335,-1.82901624694227
"20250529-CbDRC3-p012-m2x_D06_roi_0.png",20250529,"CbDRC3","p012","m2x","D06",0,750.048734990444,34.7270470843409,"","48h",10,"15hHB101","DMSO",1,"Ivermectin",0.00046,NA,NA,"NIC1667",1,NA,NA,NA,697.665954465051,209.815738507509,625.008060539777,680.26992482277,709.290433048558,82.7180136276912,731.058646276896,771.081217933426,837.582682927248,0.118563924609331,31.9580366851196,18.0694239789223,28.3620693990956,30.0218215986137,32.4532439029268,3.2870698267653,34.1326416016458,35.3794811195343,37.8571612278182,0.102855812425293,59,"1_NIC1667_0.00046",NA,NA,NA,NA,NA,"1",744.004850767335,-34.7144177187773
"20250529-CbDRC3-p012-m2x_D07_roi_0.png",20250529,"CbDRC3","p012","m2x","D07",0,381.162823015555,18.9048613849813,"","48h",10,"15hHB101","DMSO",1,"Ivermectin",0.00093,NA,NA,"NIC1667",1,NA,NA,NA,348.02537340807,225.817074971629,309.713723153228,328.533057560242,349.612451441348,33.2900019594006,367.609468577314,381.162823015555,428.040454354057,0.0956539508410125,18.3765936577736,10.9874317144478,17.0578258256626,17.657134681977,18.549064084466,1.51618018763947,19.2122795269363,19.8563891636834,21.3052851325869,0.082506051767548,51,"1_NIC1667_0.00093",NA,NA,NA,NA,NA,"1",744.004850767335,-394.392399325987
"20250529-CbDRC3-p012-m2x_D08_roi_0.png",20250529,"CbDRC3","p012","m2x","D08",0,307.520007246853,16.4010305508341,"","48h",10,"15hHB101","DMSO",1,"Ivermectin",0.0018,NA,NA,"NIC1667",1,NA,NA,NA,277.87290808965,184.28421361584,253.472330144497,269.378943291362,277.896744784691,22.3305102249414,288.726998392677,304.576000024161,321.636970014462,0.0803623151982018,15.9403168487143,13.5044667003159,14.5927716545335,15.3963647761448,15.9178939815329,1.11328081830534,16.4570231628282,17.1810372042741,20.08278970415,0.069840570226503,63,"1_NIC1667_0.0018",NA,NA,NA,NA,NA,"1",744.004850767335,-466.108105982644
"20250529-CbDRC3-p012-m2x_D09_roi_0.png",20250529,"CbDRC3","p012","m2x","D09",0,246.390000856993,14.8598005201317,"","48h",10,"15hHB101","DMSO",1,"Ivermectin",0.0037,NA,NA,"NIC1667",1,NA,NA,NA,256.798233953116,212.726218980476,239.416108427068,244.670738588428,256.044292284655,18.0641473566861,265.946880879909,277.385487659282,301.327712256626,0.0703437367095915,15.087138064456,12.615270081111,13.8586044070812,14.4488739514367,15.1032262538608,0.991103439167129,15.7832582044759,16.3251207346122,17.5775492916355,0.0656919446838021,46,"1_NIC1667_0.0037",NA,NA,NA,NA,NA,"1",744.004850767335,-487.96055848268
"20250529-CbDRC3-p012-m2x_D11_roi_0.png",20250529,"CbDRC3","p012","m2x","D11",0,249.33174412224,13.0717520793053,"","48h",10,"15hHB101","DMSO",1,"Ivermectin",0.015,NA,NA,"NIC1667",1,NA,NA,NA,238.073583642639,177.293791335551,213.296832337033,226.137931243291,236.807820780338,22.3349878623553,248.903892116203,271.813119487623,286.618739707526,0.0938154814180529,14.4242995761084,10.9708001897807,12.9316367514868,13.6530124203881,14.3013923091159,1.68537180208096,14.9411119032054,15.5034263567381,23.119129640058,0.116842540130858,54,"1_NIC1667_0.015",NA,NA,NA,NA,NA,"1",744.004850767335,-507.197029986997
"20250529-CbDRC3-p012-m2x_D12_roi_0.png",20250529,"CbDRC3","p012","m2x","D12",0,233.15700737998,13.2676707330423,"","48h",10,"15hHB101","DMSO",1,"Ivermectin",0.03,NA,NA,"NIC1667",1,NA,NA,NA,222.978625868151,148.052448428369,203.285212966981,212.224717950369,223.771114834568,20.6764054815702,233.80772260245,246.648075730392,269.787321652639,0.0927281949158495,13.9811178020476,12.5124480703227,12.9533935781287,13.5755056950036,13.8120205076459,0.776686021360417,14.4944796895699,15.0618191619584,15.6898327730186,0.0555524981877106,44,"1_NIC1667_0.03",NA,NA,NA,"outlier","outlier","1",744.004850767335,-520.233735932767
"20250529-CbDRC3-p012-m2x_E01_roi_0.png",20250529,"CbDRC3","p012","m2x","E01",0,771.509309332869,37.0723592467585,"","48h",10,"15hHB101","DMSO",1,"Ivermectin",0,NA,NA,"PB420",1,NA,NA,NA,760.076807543443,161.809294451908,737.886894216633,760.041698719936,777.3282467478,87.5947761405434,792.647270695393,805.787947667093,830.684145319534,0.115244637477689,37.1056908487759,11.5031126700101,34.9435810882301,36.3967076287866,37.5795253570115,3.93569467085418,39.0716149752736,39.7716553076799,41.2168352041521,0.106067144441377,63,"1_PB420_0",NA,NA,NA,NA,NA,"1",769.59900028371,7.72924646409001
"20250529-CbDRC3-p012-m2x_E02_roi_0.png",20250529,"CbDRC3","p012","m2x","E02",0,783.622356877313,36.5338984450171,"","48h",10,"15hHB101","DMSO",1,"Ivermectin",2.9e-05,NA,NA,"PB420",1,NA,NA,NA,774.01518674617,702.051838582519,744.889348939499,760.720481347988,773.586745757508,25.7898893489853,793.852647816918,801.839621898412,813.809660764048,0.0333196167085579,37.4231960786832,31.6832234464679,35.0146897112131,36.3322143846835,37.5605887164709,2.07029830196833,38.9185838467725,39.7743044337911,41.7511764780206,0.0553212584413015,55,"1_PB420_2.9e-05",NA,NA,NA,NA,NA,"1",769.59900028371,3.9877454737973
"20250529-CbDRC3-p012-m2x_E03_roi_0.png",20250529,"CbDRC3","p012","m2x","E03",0,783.185763844784,36.3389309885744,"","48h",10,"15hHB101","DMSO",1,"Ivermectin",5.8e-05,NA,NA,"PB420",1,NA,NA,NA,771.342830391344,666.479401523683,726.741985523619,759.756278067826,778.145590707593,31.5095978439948,789.84453503251,803.924713019293,818.322757437153,0.0408503153234837,37.4083615255927,29.7373457420975,35.161805241763,35.9333964638126,37.7043143784639,2.3104660639041,38.88928197341,40.1029301803058,41.3265997730579,0.0617633590373482,62,"1_PB420_5.8e-05",NA,NA,NA,NA,NA,"1",769.59900028371,8.54659042388266
"20250529-CbDRC3-p012-m2x_E04_roi_0.png",20250529,"CbDRC3","p012","m2x","E04",0,799.732734771395,37.8765040507408,"","48h",10,"15hHB101","DMSO",1,"Ivermectin",0.00011,NA,NA,"PB420",1,NA,NA,NA,775.367988802221,683.794372076535,735.370831709917,755.08553083513,784.28847754092,29.1696882764288,798.942846454184,806.28698623326,812.40889231047,0.0376204443537703,37.9441644557251,32.0142606853847,35.5038628112162,36.9173685849587,38.0982135141666,1.99679043686204,38.8888248556386,40.0827671523808,41.9632911175379,0.0526244408199313,45,"1_PB420_0.00011",NA,NA,NA,NA,NA,"1",769.59900028371,14.6894772572093
"20250529-CbDRC3-p012-m2x_E05_roi_0.png",20250529,"CbDRC3","p012","m2x","E05",0,791.676182548065,38.5716786903697,"","48h",10,"15hHB101","DMSO",1,"Ivermectin",0.00023,NA,NA,"PB420",1,NA,NA,NA,758.972705129307,527.201436316547,714.939141556641,734.537449607473,766.822039517538,49.7828345555885,786.813138515434,806.41720243869,835.597495262284,0.0655923911612961,37.3426940923238,25.6414282769883,34.2234614965931,36.1495492546164,37.9314872775224,3.06892109767365,39.1983020231258,40.8090005412453,42.1411405296402,0.0821826376556077,65,"1_PB420_0.00023",NA,NA,NA,NA,NA,"1",769.59900028371,-2.77696076617224
"20250529-CbDRC3-p012-m2x_E06_roi_0.png",20250529,"CbDRC3","p012","m2x","E06",0,721.01819568934,33.4420837298357,"","48h",10,"15hHB101","DMSO",1,"Ivermectin",0.00046,NA,NA,"PB420",1,NA,NA,NA,698.78856004612,439.432127010273,595.3404123848,667.710510394629,700.992342307655,74.0012166285769,744.24160540439,785.520308712137,814.504788476158,0.10589929609565,33.5805385620791,21.5883764599097,29.3507451804531,30.9343107418024,34.0827315530134,4.3201993701527,36.0495752659847,38.6572750670033,42.5896646350962,0.128651878592301,57,"1_PB420_0.00046",NA,NA,NA,NA,NA,"1",769.59900028371,-68.6066579760549
"20250529-CbDRC3-p012-m2x_E08_roi_0.png",20250529,"CbDRC3","p012","m2x","E08",0,266.178425881305,16.737993633887,"","48h",10,"15hHB101","DMSO",1,"Ivermectin",0.0018,NA,NA,"PB420",1,NA,NA,NA,256.111063391322,119.732918950952,237.254757819321,247.696179651213,258.502930628354,26.9003409883409,268.865066747406,283.435766515765,294.287146932434,0.105033888939186,15.6806311650624,11.7994734041963,14.5609939282357,15.2119162313492,15.7712648534936,1.11156870679376,16.2522271440938,16.9896134265165,18.1273050246555,0.0708880079566195,58,"1_PB420_0.0018",NA,NA,NA,NA,NA,"1",769.59900028371,-511.096069655356
"20250529-CbDRC3-p012-m2x_E09_roi_0.png",20250529,"CbDRC3","p012","m2x","E09",0,215.400439291943,14.1479382415594,"","48h",10,"15hHB101","DMSO",1,"Ivermectin",0.0037,NA,NA,"PB420",1,NA,NA,NA,237.2324344491,177.302370772889,214.462735409725,227.473764740416,236.738102572281,21.4352696081118,254.2877099225,261.474781995474,278.534187029437,0.0903555606040493,14.5123270521633,12.3117117553257,13.3815576953022,14.1438173783251,14.5111792695074,0.871189200320787,14.9933901915458,15.3675031771854,17.3420822361039,0.0600309789869933,42,"1_PB420_0.0037",NA,NA,NA,NA,NA,"1",769.59900028371,-532.86089771143
"20250529-CbDRC3-p012-m2x_E10_roi_0.png",20250529,"CbDRC3","p012","m2x","E10",0,236.504578797175,13.0699081052508,"","48h",10,"15hHB101","DMSO",1,"Ivermectin",0.0075,NA,NA,"PB420",1,NA,NA,NA,231.730550263749,181.162558892031,204.857440475536,217.15534617021,230.749501668801,30.2287675160105,242.755893645915,256.45606092216,411.707810434633,0.130447916692922,14.7338398882998,12.6674679545832,13.3127782376895,13.8552795961616,14.4633003187417,2.39641646972628,14.9036066833533,15.6232844936819,31.7730389572607,0.162647109503971,61,"1_PB420_0.0075",NA,NA,NA,NA,NA,"1",769.59900028371,-538.849498614909
"20250529-CbDRC3-p012-m2x_E11_roi_1.png",20250529,"CbDRC3","p012","m2x","E11",1,249.219489300959,14.0557474512815,"","48h",10,"15hHB101","DMSO",1,"Ivermectin",0.015,NA,NA,"PB420",1,NA,NA,NA,226.451445177874,124.57617964103,202.114655195768,218.828977547335,227.952711020736,24.1065562049089,242.874353957201,249.720125885214,258.763262849766,0.106453532173193,14.5153686969149,12.7958635757958,13.396494427537,13.7979662741625,14.2331109846389,1.14213300788475,14.8282346883768,16.6229146185407,17.3096594620756,0.0786843952594539,48,"1_PB420_0.015",NA,NA,NA,NA,NA,"1",769.59900028371,-541.646289262975
"20250529-CbDRC3-p012-m2x_E12_roi_1.png",20250529,"CbDRC3","p012","m2x","E12",1,195.995454794877,14.2747261808896,"","48h",10,"15hHB101","DMSO",1,"Ivermectin",0.03,NA,NA,"PB420",1,NA,NA,NA,221.262220677885,182.524386945942,198.234366681225,208.540840101376,219.239180922624,19.448198452914,237.397225589212,248.165539460968,258.425666407655,0.0878966069911539,14.0714061718528,11.7104371268174,13.1562412311566,13.5769394252458,14.0308045882058,0.89318304976634,14.6370469553603,15.2521885550082,16.032684461518,0.0634750385894612,35,"1_PB420_0.03",NA,NA,NA,NA,NA,"1",769.59900028371,-550.359819361087
"20250529-CbDRC3-p012-m2x_F01_roi_0.png",20250529,"CbDRC3","p012","m2x","F01",0,748.952053164212,36.0833467260877,"","48h",10,"15hHB101","DMSO",1,"Ivermectin",0,NA,NA,"ED3102",1,NA,NA,NA,767.787983086117,700.721771907941,740.309863939474,753.073240267079,767.051874120901,24.484786686045,783.847683521708,802.831322046398,832.452453440106,0.0318900363452273,37.0081069485369,31.7413819460338,34.3284239164831,35.8678546069089,37.0825936270802,1.94730308237777,38.5055850393114,39.1544486901297,41.4607246580373,0.0526182840177605,86,"1_ED3102_0",NA,"n>75",NA,NA,NA,"1",766.428098311703,0.623775809198037
"20250529-CbDRC3-p012-m2x_F02_roi_0.png",20250529,"CbDRC3","p012","m2x","F02",0,762.529578218206,34.67292523869,"","48h",10,"15hHB101","DMSO",1,"Ivermectin",2.9e-05,NA,NA,"ED3102",1,NA,NA,NA,763.651685126892,655.296749360561,716.908455424922,751.939952797497,766.16053699872,37.0269662292583,779.925645357117,794.706116645111,933.868159097455,0.0484867210410277,36.2951737049801,31.8207361426165,34.298670265837,35.0766447272429,36.1469269505271,1.68554782861409,37.4276868721777,38.536924439952,39.7362960870841,0.0464399989462735,77,"1_ED3102_2.9e-05",NA,"n>75",NA,NA,NA,"1",766.428098311703,-0.267561312983162
"20250529-CbDRC3-p012-m2x_F03_roi_0.png",20250529,"CbDRC3","p012","m2x","F03",0,804.950524237296,39.1596998468282,"","48h",10,"15hHB101","DMSO",1,"Ivermectin",5.8e-05,NA,NA,"ED3102",1,NA,NA,NA,770.410398833194,717.805255252607,742.811114960051,750.805129843335,774.246331009378,21.6341703284194,786.19711905629,793.709459243815,813.635103071311,0.0280813581451975,37.4229453692789,32.9351220320408,35.1956199191584,36.4828404921521,37.3872909229924,1.78844579018272,38.8227512587172,39.6201631198194,41.3730364142053,0.0477900863370013,61,"1_ED3102_5.8e-05",NA,NA,NA,NA,NA,"1",766.428098311703,7.8182326976754
"20250529-CbDRC3-p012-m2x_F04_roi_0.png",20250529,"CbDRC3","p012","m2x","F04",0,756.363640598725,34.5153956079463,"","48h",10,"15hHB101","DMSO",1,"Ivermectin",0.00011,NA,NA,"ED3102",1,NA,NA,NA,766.36697709485,671.45934327158,731.073973097137,750.465503947027,764.911301199375,34.7893770198653,781.777744712857,801.487624846084,900.526373544588,0.0453951932424661,37.1171654321904,31.532200604215,34.3947126493762,35.8133735161176,37.3451003321231,2.29705074088617,38.310379519941,39.183282233378,43.6844178081306,0.0618864806657358,74,"1_ED3102_0.00011",NA,NA,NA,NA,NA,"1",766.428098311703,-1.51679711232794
"20250529-CbDRC3-p012-m2x_F05_roi_0.png",20250529,"CbDRC3","p012","m2x","F05",0,777.801453078122,37.5937919123883,"","48h",10,"15hHB101","DMSO",1,"Ivermectin",0.00023,NA,NA,"ED3102",1,NA,NA,NA,748.078585796768,674.431168211968,694.241774197421,728.443595502519,754.282408015966,34.524766900387,770.486406715602,788.512796382216,843.646159996229,0.0461512567741999,35.5677607467486,30.5560363937398,32.0748816205235,33.5028570346739,35.7168492494842,2.62598313373572,37.6566720197474,38.9662521479805,40.3564743632203,0.073830431789996,69,"1_ED3102_0.00023",NA,NA,NA,NA,NA,"1",766.428098311703,-12.1456902957369
"20250529-CbDRC3-p012-m2x_F06_roi_0.png",20250529,"CbDRC3","p012","m2x","F06",0,704.317885500265,28.3688877194281,"","48h",10,"15hHB101","DMSO",1,"Ivermectin",0.00046,NA,NA,"ED3102",1,NA,NA,NA,574.893969745383,244.973428649746,468.034765488038,518.241198613611,592.787425111858,92.1447039024772,630.235884283053,679.607798186545,770.025759270808,0.16028121488783,26.6409183448003,14.512772542835,21.809425225961,24.3689832099277,26.9217404423447,3.70665753718706,28.8872648576316,31.6272242882864,35.1164342411479,0.139134000157713,72,"1_ED3102_0.00046",NA,NA,NA,NA,NA,"1",766.428098311703,-173.640673199845
"20250529-CbDRC3-p012-m2x_F08_roi_0.png",20250529,"CbDRC3","p012","m2x","F08",0,274.503904525397,16.5283410547287,"","48h",10,"15hHB101","DMSO",1,"Ivermectin",0.0018,NA,NA,"ED3102",1,NA,NA,NA,281.222693007573,220.674729759741,251.909468068775,263.133842879616,274.236385890119,39.0469743596216,290.461370743362,307.436574801562,537.678729553876,0.138847167495726,16.1655516140139,13.1809818681918,14.7270255589364,15.3814958019362,15.8486284008075,2.26916102329165,16.519606318183,16.954600295591,28.3804576458808,0.140370157324203,68,"1_ED3102_0.0018",NA,NA,NA,NA,NA,"1",766.428098311703,-492.191712421584
"20250529-CbDRC3-p012-m2x_F09_roi_0.png",20250529,"CbDRC3","p012","m2x","F09",0,232.400837659951,13.8850968891188,"","48h",10,"15hHB101","DMSO",1,"Ivermectin",0.0037,NA,NA,"ED3102",1,NA,NA,NA,254.106313176697,210.277829060412,234.353524929494,243.730729017038,252.395150945897,17.9127539364286,266.050190887915,276.166630058864,305.38907282867,0.0704931479761097,15.0263288369795,13.7739799024823,14.3289385219207,14.6458241366929,14.9725817607368,0.553545089348892,15.4317196390236,15.6706658993111,16.2257624861165,0.0368383452375026,56,"1_ED3102_0.0037",NA,NA,NA,NA,NA,"1",766.428098311703,-514.032947365806
"20250529-CbDRC3-p012-m2x_F10_roi_0.png",20250529,"CbDRC3","p012","m2x","F10",0,240.465929798919,14.6996330926388,"","48h",10,"15hHB101","DMSO",1,"Ivermectin",0.0075,NA,NA,"ED3102",1,NA,NA,NA,244.615341545987,191.669205761477,220.777940012912,227.389931382764,240.101486567074,46.3323162815883,249.122544046677,258.824149433035,556.7947983159,0.189408873494052,15.3515015829098,13.2188820846471,14.1135223075115,14.6996330926388,15.2051909148051,1.19594138277263,15.8791083268377,16.4692317314327,20.8626919416413,0.0779038699448149,53,"1_ED3102_0.0075",NA,NA,NA,NA,NA,"1",766.428098311703,-526.326611744629
"20250529-CbDRC3-p012-m2x_F11_roi_0.png",20250529,"CbDRC3","p012","m2x","F11",0,234.213068104591,13.6599182040595,"","48h",10,"15hHB101","DMSO",1,"Ivermectin",0.015,NA,NA,"ED3102",1,NA,NA,NA,239.578355084656,194.739541421142,213.811231071652,228.960364407941,239.578584832023,19.1300546015508,253.44424921896,264.63794771729,277.693504836998,0.0798488435851861,14.7928367803742,12.5691655914163,13.7688187882682,14.3653287713746,14.9118066568481,0.747656451537191,15.2914220062306,15.6203835902828,16.4615787431358,0.0505417900999972,55,"1_ED3102_0.015",NA,NA,NA,NA,NA,"1",766.428098311703,-526.84951347968
"20250529-CbDRC3-p012-m2x_F12_roi_0.png",20250529,"CbDRC3","p012","m2x","F12",0,204.257577985646,13.5736027041364,"","48h",10,"15hHB101","DMSO",1,"Ivermectin",0.03,NA,NA,"ED3102",1,NA,NA,NA,232.165250932679,182.374698728761,200.208929485053,215.397372277917,237.261220657566,23.4894404024051,248.874811657954,260.702288067306,270.342436599701,0.101175521780459,14.7023510319403,13.3156214014023,13.9121583096405,14.2850682664454,14.6548714770531,0.709785938077977,15.3264982602455,15.6533829748535,16.3885838364605,0.0482770365457873,39,"1_ED3102_0.03",NA,NA,NA,NA,NA,"1",766.428098311703,-529.166877654137
