"Filename","Date","Metadata_Experiment","Metadata_Plate","Magnification","Metadata_Well","Worm_ID","Length_um","Width_um","Topology_Warnings","assay_type","food_conc_OD","food_type","diluent","diluent_concentration_perc","drug","concentration_um","drug_stock_prep_date","drug_prep_method","strain","bleach","well_censor","well_censor_reason","notes","mean_wormlength_um","min_wormlength_um","q10_wormlength_um","q25_wormlength_um","median_wormlength_um","sd_wormlength_um","q75_wormlength_um","q90_wormlength_um","max_wormlength_um","cv_wormlength_um","mean_wormwidth_um","min_wormwidth_um","q10_wormwidth_um","q25_wormwidth_um","median_wormwidth_um","sd_wormwidth_um","q75_wormwidth_um","q90_wormwidth_um","max_wormwidth_um","cv_wormwidth_um","n","flag_id","titer_WellFlag","n_WellFlag","outlier_length_WellFlag","outlier_width_WellFlag","outlier_WellFlag","assay_bleach","control_median_wormlength_um","median_wormlength_um_delta"
"20250529-CbDRC3-p031-m2x_A01_roi_0.png",20250529,"CbDRC3","p031","m2x","A01",0,764.376540743511,34.9725271034868,"","48h",10,"15hHB101","DMSO",1,"Closantel",0,NA,NA,"ECA2666","1",NA,NA,NA,736.027729958341,443.244180945327,687.915150180641,716.187465579035,746.966569669609,49.6683915178997,765.408365048926,779.595022618615,811.070890565791,0.06748168512715,33.1302230570441,26.3649870830605,30.1456191438208,31.4207966392674,33.3860368186039,2.70783123668817,35.086800819959,36.2698592036211,39.8073196274598,0.0817329612307708,97,"1_ECA2666_0",NA,"n>75",NA,NA,NA,"1",754.074163879375,-7.10759420976535
"20250529-CbDRC3-p031-m2x_A02_roi_0.png",20250529,"CbDRC3","p031","m2x","A02",0,767.704272010456,35.7492578706167,"","48h",10,"15hHB101","DMSO",1,"Closantel",0.097,NA,NA,"ECA2666","1",NA,NA,NA,735.29337511801,620.430126966995,689.828559837428,710.977494420455,737.163143546772,40.2425910032417,763.658078420704,784.825218404728,815.20763421733,0.0547299790329038,32.8330125277902,27.3412745517755,29.8026320816576,30.8446443616534,33.053584593079,2.50354605182208,34.6642892022307,35.8548746582903,37.7927825175733,0.0762508785845665,79,"1_ECA2666_0.097",NA,"n>75",NA,NA,NA,"1",754.074163879375,-16.9110203326026
"20250529-CbDRC3-p031-m2x_A05_roi_0.png",20250529,"CbDRC3","p031","m2x","A05",0,701.03675869655,26.9886120603626,"","48h",10,"15hHB101","DMSO",1,"Closantel",0.78,NA,NA,"ECA2666","1",NA,NA,NA,741.189863525247,543.433674652645,693.310873551691,713.340087021321,752.865414460239,44.8833700353143,766.481343694382,784.036376599569,857.123560883415,0.0605558335914634,32.4742564263099,25.426316427642,29.0921025057293,30.7737848868283,32.3501975185198,2.69136204483523,34.4420327748821,36.2591571133455,37.0948261129189,0.0828767873697873,66,"1_ECA2666_0.78",NA,NA,NA,NA,NA,"1",754.074163879375,-1.20874941913553
"20250529-CbDRC3-p031-m2x_A06_roi_0.png",20250529,"CbDRC3","p031","m2x","A06",0,755.581326887631,31.6040448971664,"","48h",10,"15hHB101","DMSO",1,"Closantel",1.56,NA,NA,"ECA2666","1",NA,NA,NA,719.898264455938,569.289797363427,634.619702539278,697.94137774761,739.41022652454,52.5327220838673,752.387943072738,766.470024296576,793.028732128989,0.0729724249628089,32.2821044673702,24.4611889355667,28.9572769535156,30.4796530035038,32.2444884908864,2.73395866479762,33.8884076988379,35.3418349929069,40.3299766112528,0.0846896046557628,63,"1_ECA2666_1.56",NA,NA,NA,NA,NA,"1",754.074163879375,-14.663937354834
"20250529-CbDRC3-p031-m2x_A07_roi_0.png",20250529,"CbDRC3","p031","m2x","A07",0,709.965165455816,31.7038156664609,"","48h",10,"15hHB101","DMSO",1,"Closantel",3.125,NA,NA,"ECA2666","1",NA,NA,NA,675.451024479171,326.480364879561,603.638407161265,637.027543367376,695.843881938583,71.3311078811681,721.108133046797,738.526522949475,772.168953528988,0.105605151663173,30.7850639880282,18.18711935219,27.9771289133018,29.0576585217489,31.3284080966186,2.84703548354283,32.5288575587417,33.759943524087,36.0674226777337,0.0924810643450342,86,"1_ECA2666_3.125",NA,"n>75",NA,NA,NA,"1",754.074163879375,-58.2302819407912
"20250529-CbDRC3-p031-m2x_A08_roi_0.png",20250529,"CbDRC3","p031","m2x","A08",0,712.396120214563,31.2954172690433,"","48h",10,"15hHB101","DMSO",1,"Closantel",6.25,NA,NA,"ECA2666","1",NA,NA,NA,606.371921375413,417.634052684315,539.709747457322,582.042669612271,609.03060499866,60.2108146940759,629.388999158704,686.19210392625,751.894255209421,0.0992968384114846,27.9936061943014,22.8509258658719,24.1421533116415,27.1417122258533,28.2133988139341,2.36245858424727,29.3547478384805,30.394966895002,33.8776611834518,0.0843927919771976,76,"1_ECA2666_6.25",NA,"n>75",NA,NA,NA,"1",754.074163879375,-145.043558880714
"20250529-CbDRC3-p031-m2x_A09_roi_0.png",20250529,"CbDRC3","p031","m2x","A09",0,589.115862812758,25.8295910206178,"","48h",10,"15hHB101","DMSO",1,"Closantel",12.5,NA,NA,"ECA2666","1",NA,NA,NA,520.921578688236,23.5452271933735,443.826155107586,490.243307363688,529.831543698873,82.8806882356615,569.707145070935,596.421213802955,626.044970879039,0.159103964255749,25.2923107051578,19.4801295437459,22.3634965145605,23.6154757713989,25.4647887906786,2.28812084379392,27.2327890406767,28.082503045803,29.698152703652,0.0904670542153077,67,"1_ECA2666_12.5",NA,NA,NA,NA,NA,"1",754.074163879375,-224.242620180501
"20250529-CbDRC3-p031-m2x_A10_roi_0.png",20250529,"CbDRC3","p031","m2x","A10",0,546.253902212801,23.4350402375285,"","48h",10,"15hHB101","DMSO",1,"Closantel",25,NA,NA,"ECA2666","1",NA,NA,NA,391.597050602869,223.079155385431,313.758199903752,351.438106214734,373.420536931927,78.4419791516576,421.371007319696,462.853411142873,711.829341067803,0.200312997840242,19.9857860918724,14.3481974194224,17.1685608572932,18.514341142867,20.0176341457479,2.41846518549189,21.2766924277723,22.623796944192,26.156319180632,0.121009259999806,73,"1_ECA2666_25",NA,NA,NA,NA,NA,"1",754.074163879375,-380.653626947447
"20250529-CbDRC3-p031-m2x_B01_roi_0.png",20250529,"CbDRC3","p031","m2x","B01",0,881.136335276323,36.1816001346,"","48h",10,"15hHB101","DMSO",1,"Closantel",0,NA,NA,"JU3237","1",NA,NA,NA,797.791751410557,550.65086344965,751.998822359059,782.326837883623,798.765092015765,46.8888609928795,822.652238799706,850.945350608211,881.136335276323,0.0587733088365183,37.5694756888881,28.6906264409738,35.496464559114,36.2099225896652,37.3556319298974,2.14324199684008,39.0654873955026,40.2483510773199,43.4075282042159,0.0570474289976313,82,"1_JU3237_0",NA,"n>75",NA,NA,NA,"1",806.291096380612,-7.52600436484704
"20250529-CbDRC3-p031-m2x_B02_roi_0.png",20250529,"CbDRC3","p031","m2x","B02",0,814.306415713253,36.1633868299338,"","48h",10,"15hHB101","DMSO",1,"Closantel",0.097,NA,NA,"JU3237","1",NA,NA,NA,809.986273957457,518.552335003708,756.129659479515,791.411671048586,814.528029218869,53.0449772339553,840.765269758829,860.663883532739,902.394763072786,0.0654887359692978,37.0809658221857,28.3886280446523,34.3341453836205,35.9761596503168,37.3447613963395,2.54437062335403,38.7251562723983,39.8131207606755,40.975681911866,0.0686166222194709,71,"1_JU3237_0.097",NA,NA,NA,NA,NA,"1",806.291096380612,8.23693283825651
"20250529-CbDRC3-p031-m2x_B03_roi_0.png",20250529,"CbDRC3","p031","m2x","B03",0,830.208533318112,36.1008168077447,"","48h",10,"15hHB101","DMSO",1,"Closantel",0.195,NA,NA,"JU3237","1",NA,NA,NA,814.391283401157,305.600354444954,767.014398361071,793.401074734981,828.053840680059,75.0469753478682,855.805682620303,870.719987517517,897.901477305743,0.0921510051463815,36.4885930167451,17.3400364917406,33.0780702757978,35.1603387134527,36.7881624844556,3.32199586976548,38.1469745261883,39.9307259861284,41.600856489391,0.0910420379388421,69,"1_JU3237_0.195",NA,NA,NA,NA,NA,"1",806.291096380612,21.7627442994465
"20250529-CbDRC3-p031-m2x_B04_roi_0.png",20250529,"CbDRC3","p031","m2x","B04",0,806.467184213979,37.0453973965596,"","48h",10,"15hHB101","DMSO",1,"Closantel",0.39,NA,NA,"JU3237","1",NA,NA,NA,802.276767816215,294.430753954707,761.379293440301,780.470888666726,810.713672792149,75.4021647750445,838.392766051539,859.403010789041,888.290123545956,0.0939852277915114,36.4784539354697,15.9483818074355,33.0863152513215,35.4369547401413,36.9315319775893,3.76996616869971,38.4998291148813,40.4918599911942,42.3368564989948,0.10334775084955,68,"1_JU3237_0.39",NA,NA,NA,NA,NA,"1",806.291096380612,4.4225764115364
"20250529-CbDRC3-p031-m2x_B05_roi_0.png",20250529,"CbDRC3","p031","m2x","B05",0,831.698990840547,36.2420592834306,"","48h",10,"15hHB101","DMSO",1,"Closantel",0.78,NA,NA,"JU3237","1",NA,NA,NA,799.896861374606,303.092256365017,740.914226060588,783.260440087347,812.646966877504,74.05773601025,834.579383977958,854.61109363437,893.621023295957,0.0925841062596286,36.3410460303464,16.6569552152235,32.4779360638878,35.2147464228388,36.8991403779026,3.30665701996084,38.2829305568686,39.5317497222317,41.1350170571036,0.0909895938933523,79,"1_JU3237_0.78",NA,"n>75",NA,NA,NA,"1",806.291096380612,6.35587049689173
"20250529-CbDRC3-p031-m2x_B06_roi_0.png",20250529,"CbDRC3","p031","m2x","B06",0,802.302281299022,36.6349036407888,"","48h",10,"15hHB101","DMSO",1,"Closantel",1.56,NA,NA,"JU3237","1",NA,NA,NA,793.812472528391,348.606761482181,747.445422295313,781.80412801249,803.585414730272,75.8581602969531,824.994909207014,850.713107126822,918.279374881133,0.0955618145622422,36.6419126517468,21.2813479552891,33.825554594112,35.5687479429851,36.8946819600444,3.32139241388215,38.2102259642139,40.3974931360709,43.1488563018319,0.0906446245164502,80,"1_JU3237_1.56",NA,"n>75",NA,NA,NA,"1",806.291096380612,-2.70568165034024
"20250529-CbDRC3-p031-m2x_B07_roi_0.png",20250529,"CbDRC3","p031","m2x","B07",0,759.264106363938,33.4455114145554,"","48h",10,"15hHB101","DMSO",1,"Closantel",3.125,NA,NA,"JU3237","1",NA,NA,NA,771.777379615407,398.569024065553,732.12748996214,769.32884972045,783.001902939684,73.035271919789,801.31469943746,819.400393557843,893.721285126622,0.0946325635459594,34.9426810771308,24.5681803965235,31.4908457074514,33.1305804933544,35.146938534866,2.8864568181397,36.5288322457415,37.9235129190266,44.6107368995748,0.0826054764306226,76,"1_JU3237_3.125",NA,"n>75",NA,NA,NA,"1",806.291096380612,-23.2891934409281
"20250529-CbDRC3-p031-m2x_B08_roi_0.png",20250529,"CbDRC3","p031","m2x","B08",0,729.261022257007,31.5374638342799,"","48h",10,"15hHB101","DMSO",1,"Closantel",6.25,NA,NA,"JU3237","1",NA,NA,NA,736.624573617039,281.56227280315,697.473700709542,718.141295140209,742.101800588675,63.2490124132163,762.299535422846,788.034324197758,850.308697537623,0.085863294110113,32.9910847612256,16.689949083478,30.3706087067658,31.6046376418992,32.8900193774146,2.97824156683509,34.6243909365786,36.6084670946767,39.8115640438619,0.0902741327964886,76,"1_JU3237_6.25",NA,"n>75",NA,NA,NA,"1",806.291096380612,-64.189295791937
"20250529-CbDRC3-p031-m2x_B09_roi_0.png",20250529,"CbDRC3","p031","m2x","B09",0,640.128714256463,26.7323490393011,"","48h",10,"15hHB101","DMSO",1,"Closantel",12.5,NA,NA,"JU3237","1",NA,NA,NA,629.479595531068,439.566393854161,585.705062898502,605.786838015448,625.037848918653,45.7031029701307,653.901469199051,687.14387493676,747.129650288382,0.0726045820938369,28.9697433485487,24.9620263538975,26.762003769711,27.9332850066734,28.7770450965244,1.68238087229186,29.9795385456349,31.1093980145471,33.738631753039,0.058073723748614,92,"1_JU3237_12.5",NA,"n>75",NA,NA,NA,"1",806.291096380612,-181.253247461959
"20250529-CbDRC3-p031-m2x_B10_roi_0.png",20250529,"CbDRC3","p031","m2x","B10",0,525.570450513955,23.3194186756933,"","48h",10,"15hHB101","DMSO",1,"Closantel",25,NA,NA,"JU3237","1",NA,NA,NA,491.860043310984,191.370809730781,434.232455513646,450.581730932913,498.294277579686,70.5017073991834,537.886299677788,570.161017098721,608.356382308694,0.143336927562965,23.3011929017678,14.5201415471513,20.6193609601035,22.0921555614689,23.2999422744871,2.49637446726801,24.7711255669425,26.1441161409676,27.8879714969148,0.107135050029074,79,"1_JU3237_25",NA,"n>75",NA,NA,NA,"1",806.291096380612,-307.996818800926
"20250529-CbDRC3-p031-m2x_B11_roi_0.png",20250529,"CbDRC3","p031","m2x","B11",0,480.655968927501,22.3566363861491,"","48h",10,"15hHB101","DMSO",1,"Closantel",50,NA,NA,"JU3237","1",NA,NA,NA,385.197140059978,123.747465373236,315.8234113348,351.985037779193,393.432624510049,68.2339189235823,423.693379748673,454.227471372235,570.516387356585,0.177140253203743,19.9682134428301,14.5758947718099,17.8200927096567,18.6039334902079,20.0255466842648,2.06229236519582,21.8375647484949,22.3503134375306,24.4712720552215,0.103278762073545,74,"1_JU3237_50",NA,NA,NA,NA,NA,"1",806.291096380612,-412.858471870563
"20250529-CbDRC3-p031-m2x_C01_roi_0.png",20250529,"CbDRC3","p031","m2x","C01",0,782.126631954439,37.3644770764403,"","48h",10,"15hHB101","DMSO",1,"Closantel",0,NA,NA,"VX34","1",NA,NA,NA,760.620406836141,579.381582348891,718.550169513193,731.528780358502,758.142059455392,57.3525508557568,804.07916314097,826.165703940749,857.547036795249,0.0754023299142329,36.5287708888555,29.306302147603,32.3766307699506,34.1496485915075,37.002626881292,3.23689763123579,38.4237323301303,40.391458693327,44.1899238056024,0.0886122788276823,58,"1_VX34_0",NA,NA,NA,NA,NA,"1",765.858641051975,-7.71658159658296
"20250529-CbDRC3-p031-m2x_C02_roi_0.png",20250529,"CbDRC3","p031","m2x","C02",0,812.378899180259,38.4443366114364,"","48h",10,"15hHB101","DMSO",1,"Closantel",0.097,NA,NA,"VX34","1",NA,NA,NA,768.243000292812,673.010371665922,720.201509857348,734.128227645356,765.586034070072,43.116772069584,804.773040199151,825.181445827543,886.799895552063,0.0561238723335588,36.829647403387,30.4805745836625,33.1749168545417,35.1564627531162,36.6310964989243,2.85019402264889,38.8005431607673,40.2918066019074,42.3921403081703,0.0773885775074451,60,"1_VX34_0.097",NA,NA,NA,NA,NA,"1",765.858641051975,-0.272606981902641
"20250529-CbDRC3-p031-m2x_C03_roi_0.png",20250529,"CbDRC3","p031","m2x","C03",0,723.302387651976,34.8918210291142,"","48h",10,"15hHB101","DMSO",1,"Closantel",0.195,NA,NA,"VX34","1",NA,NA,NA,749.369939245005,225.991110806115,645.817643009054,716.937603124589,766.800248765099,92.7697977054968,803.544703170799,833.494540882343,870.626402896138,0.123797063168777,35.8582332909278,15.1714973000136,31.0658103628111,34.2324587706499,36.4319678582691,4.10429096013567,38.3823068748253,39.7572388281408,43.8812315004254,0.114458816942721,64,"1_VX34_0.195",NA,NA,NA,NA,NA,"1",765.858641051975,0.941607713123517
"20250529-CbDRC3-p031-m2x_C04_roi_0.png",20250529,"CbDRC3","p031","m2x","C04",0,735.117588310864,34.146547952158,"","48h",10,"15hHB101","DMSO",1,"Closantel",0.39,NA,NA,"VX34","1",NA,NA,NA,768.671361169418,663.588066986883,705.803084353886,730.955816010377,767.599086621789,51.7694124276964,795.284331736003,842.629992970196,908.374365708034,0.0673492145576192,36.4738034801738,29.5013994163163,32.4181312255007,34.4085660259443,36.8504620421028,2.94266555992078,38.7530681408727,40.0203435798482,41.8023085481956,0.0806788785140091,51,"1_VX34_0.39",NA,NA,NA,NA,NA,"1",765.858641051975,1.74044556981437
"20250529-CbDRC3-p031-m2x_C05_roi_0.png",20250529,"CbDRC3","p031","m2x","C05",0,728.159822492015,36.0931548451935,"","48h",10,"15hHB101","DMSO",1,"Closantel",0.78,NA,NA,"VX34","1",NA,NA,NA,773.128707127374,516.852085097094,695.7938369872,740.440102850869,784.181971807348,64.3369228421359,817.090260049795,840.796911943566,863.577548466029,0.0832163160532289,36.8104130438789,28.0674046217347,33.4773527193644,35.5808790100784,36.594468857599,2.75627443967868,38.5287433453253,40.5806072995211,41.805977782892,0.0748775743535705,57,"1_VX34_0.78",NA,NA,NA,NA,NA,"1",765.858641051975,18.323330755373
"20250529-CbDRC3-p031-m2x_C06_roi_0.png",20250529,"CbDRC3","p031","m2x","C06",0,808.966101326047,37.9599079786941,"","48h",10,"15hHB101","DMSO",1,"Closantel",1.56,NA,NA,"VX34","1",NA,NA,NA,762.60953019497,643.260891234145,699.167961279826,715.18652302227,765.732719520844,53.1544929484742,799.069219805565,832.364717974091,851.710560947294,0.0697007981724076,36.2968562633126,28.9665381851903,32.4127192503483,34.433989142661,36.7342567449419,2.93524877123394,38.0421289903773,39.4570665062158,42.74654444473,0.0808678511973712,54,"1_VX34_1.56",NA,NA,NA,NA,NA,"1",765.858641051975,-0.125921531130871
"20250529-CbDRC3-p031-m2x_C07_roi_0.png",20250529,"CbDRC3","p031","m2x","C07",0,707.224686712176,33.0581509332322,"","48h",10,"15hHB101","DMSO",1,"Closantel",3.125,NA,NA,"VX34","1",NA,NA,NA,738.078197393312,494.935932933413,699.827888900704,722.763237716343,742.318447582904,56.8936767212804,767.244531376593,794.590433263787,834.758929413401,0.0770835352164759,36.0389537258793,28.2414502663127,32.8700006009107,33.9462683677942,36.4267092954744,3.19447201713596,37.6062385273335,40.2984800739195,42.0074822579701,0.0886394217055763,51,"1_VX34_3.125",NA,NA,NA,NA,NA,"1",765.858641051975,-23.5401934690709
"20250529-CbDRC3-p031-m2x_C08_roi_0.png",20250529,"CbDRC3","p031","m2x","C08",0,679.026249015864,34.225126956017,"","48h",10,"15hHB101","DMSO",1,"Closantel",6.25,NA,NA,"VX34","1",NA,NA,NA,643.742748687602,419.196456166202,581.439677268709,603.74698687014,633.578063263432,62.7553967309936,681.221763916368,724.204987634613,790.464762814985,0.0974852095172069,31.1245031391126,24.7451138542971,27.6987466187217,29.3180451662394,31.308335895485,2.9309054125278,32.8436420171608,34.9797321389098,38.4763934320462,0.0941671389717601,55,"1_VX34_6.25",NA,NA,NA,NA,NA,"1",765.858641051975,-132.280577788543
"20250529-CbDRC3-p031-m2x_C10_roi_0.png",20250529,"CbDRC3","p031","m2x","C10",0,456.789021088166,22.9145234641643,"","48h",10,"15hHB101","DMSO",1,"Closantel",25,NA,NA,"VX34","1",NA,NA,NA,352.165310077894,180.918543051815,258.432136129502,303.371186827259,346.687214382619,76.9340001852785,394.749107933119,446.94900612535,543.218694489151,0.218459905003879,19.1540599643217,13.958719207072,16.3621678461638,17.6441782176205,19.1494289114899,2.4933905938708,20.4593879044423,22.114701995414,27.0063448878086,0.130175565833836,55,"1_VX34_25",NA,NA,NA,NA,NA,"1",765.858641051975,-419.171426669356
"20250529-CbDRC3-p031-m2x_C11_roi_0.png",20250529,"CbDRC3","p031","m2x","C11",0,322.514872663758,17.0694058433676,"","48h",10,"15hHB101","DMSO",1,"Closantel",50,NA,NA,"VX34","1",NA,NA,NA,272.581918569164,146.951411111385,203.581467595609,242.098097644309,273.490800795078,51.1717579206208,305.336168569431,333.127676464976,396.249412661339,0.187729832518721,16.3015149132878,13.0235854398258,13.8714557773952,15.1647606430833,15.8982458598305,1.83511419353883,17.4980513936207,18.4966199470484,20.9039709299848,0.112573230359283,58,"1_VX34_50",NA,NA,NA,NA,NA,"1",765.858641051975,-492.367840256897
"20250529-CbDRC3-p031-m2x_C12_roi_1.png",20250529,"CbDRC3","p031","m2x","C12",1,240.264007094114,18.0742148562438,"","48h",10,"15hHB101","DMSO",1,"Closantel",100,NA,NA,"VX34","1",NA,NA,NA,235.816859951595,121.516312548066,191.990387423564,222.098022545568,233.005599208436,43.9493696349232,254.886778133325,298.111032107891,309.362635128046,0.186370769434995,15.4187434513316,12.5015395164726,13.4197955769543,13.7263660489799,14.6647909059551,2.63615571373388,16.2035562732882,18.1046752720727,28.131084803306,0.170970852589561,40,"1_VX34_100",NA,NA,NA,NA,NA,"1",765.858641051975,-532.853041843539
"20250529-CbDRC3-p031-m2x_D01_roi_0.png",20250529,"CbDRC3","p031","m2x","D01",0,737.307297708872,30.1485345711232,"","48h",10,"15hHB101","DMSO",1,"Closantel",0,NA,NA,"NIC1667","1",NA,NA,NA,701.201141106805,560.736985009921,626.211902050726,648.452247764717,721.489678042449,54.3374188694216,741.533591911632,764.158490532267,792.2562703688,0.0774919144935407,31.8098027773495,26.9860164335679,28.5873991650315,29.8632995798807,31.4930887383524,2.48034202821287,33.9157716386856,35.2402569313201,36.0147337265545,0.0779741404111762,73,"1_NIC1667_0",NA,NA,NA,NA,NA,"1",722.159115222897,-0.669437180447744
"20250529-CbDRC3-p031-m2x_D02_roi_0.png",20250529,"CbDRC3","p031","m2x","D02",0,728.393601798038,30.3161756153968,"","48h",10,"15hHB101","DMSO",1,"Closantel",0.097,NA,NA,"NIC1667","1",NA,NA,NA,724.250875714981,594.89874027765,676.994698818489,702.032998669321,724.136382158138,41.3487365251071,757.750945563627,770.19800874406,794.889819154727,0.0570917314863964,33.3581012402389,28.3421214527403,30.1214188890873,31.7906590400619,33.0985096823579,2.37050972935546,35.0114979339436,36.6233395939705,38.1031728598847,0.0710624898067034,73,"1_NIC1667_0.097",NA,NA,NA,NA,NA,"1",722.159115222897,1.97726693524055
"20250529-CbDRC3-p031-m2x_D03_roi_0.png",20250529,"CbDRC3","p031","m2x","D03",0,750.219450036781,32.5571294230606,"","48h",10,"15hHB101","DMSO",1,"Closantel",0.195,NA,NA,"NIC1667","1",NA,NA,NA,705.496191508245,527.024118853462,627.973943894714,673.887666089036,714.298977964404,61.2236263510807,747.501715376473,777.540481829403,830.769681706781,0.0867809452240894,32.0457109902892,23.6480803205494,29.4453284270318,30.7881310681944,32.2230156370461,2.52941854940381,33.6707646890941,35.1370633995915,36.0519132078627,0.0789315783996895,66,"1_NIC1667_0.195",NA,NA,NA,NA,NA,"1",722.159115222897,-7.8601372584933
"20250529-CbDRC3-p031-m2x_D04_roi_0.png",20250529,"CbDRC3","p031","m2x","D04",0,744.340164947943,34.740908961398,"","48h",10,"15hHB101","DMSO",1,"Closantel",0.39,NA,NA,"NIC1667","1",NA,NA,NA,712.786863108758,556.322989224205,659.698307096475,685.026261401972,722.466388365056,47.7202649463939,745.71519049593,763.370498378388,793.100122715922,0.0669488558448821,32.3249484814757,24.702834918233,28.9873329979806,30.4828944895155,32.5768832832172,2.73656345435682,34.5517753492122,35.7241093088024,38.1397394854556,0.0846579370706515,58,"1_NIC1667_0.39",NA,NA,NA,NA,NA,"1",722.159115222897,0.307273142158692
"20250529-CbDRC3-p031-m2x_D05_roi_0.png",20250529,"CbDRC3","p031","m2x","D05",0,702.29052924068,30.3592685745064,"","48h",10,"15hHB101","DMSO",1,"Closantel",0.78,NA,NA,"NIC1667","1",NA,NA,NA,720.404864647818,596.520492877862,683.179266048532,697.884393024967,723.530917163437,42.7957894420184,746.939487242119,768.99774092844,803.173850320571,0.0594051921941696,32.6707096845847,28.3938111172596,30.1363240005987,30.7171832197386,32.7677489305083,2.1518485200106,34.1568915152069,35.3307149270289,38.121710989414,0.0658647620693078,61,"1_NIC1667_0.78",NA,NA,NA,NA,NA,"1",722.159115222897,1.37180194054031
"20250529-CbDRC3-p031-m2x_D06_roi_0.png",20250529,"CbDRC3","p031","m2x","D06",0,753.725856708478,33.4408406199221,"","48h",10,"15hHB101","DMSO",1,"Closantel",1.56,NA,NA,"NIC1667","1",NA,NA,NA,701.981425973852,549.33580703878,632.472371703763,671.055812455167,715.452889628353,48.6358241218404,737.178843681322,757.57417076287,769.529090281292,0.069283633900097,32.1111321712247,23.1750645261561,29.7677014602908,30.8697925860488,32.1597997462407,2.42501578119749,33.6768273374598,35.0237489127475,37.8865136747286,0.0755194730683019,72,"1_NIC1667_1.56",NA,NA,NA,NA,NA,"1",722.159115222897,-6.70622559454432
"20250529-CbDRC3-p031-m2x_D07_roi_0.png",20250529,"CbDRC3","p031","m2x","D07",0,682.068744172257,32.1335333200929,"","48h",10,"15hHB101","DMSO",1,"Closantel",3.125,NA,NA,"NIC1667","1",NA,NA,NA,695.531803442553,210.030413926222,646.036783987793,686.662271266078,709.640555391714,71.6582291064865,722.676629237778,742.302458196166,775.403346617568,0.103026531284137,31.6013280804095,13.2931204277831,29.0251298457846,31.0676567183933,32.0009264035021,3.08704154593124,33.2304667668317,34.1961844896947,35.8802304201585,0.0976870825832469,65,"1_NIC1667_3.125",NA,NA,NA,NA,NA,"1",722.159115222897,-12.5185598311834
"20250529-CbDRC3-p031-m2x_D08_roi_0.png",20250529,"CbDRC3","p031","m2x","D08",0,709.006064896873,30.3283284058448,"","48h",10,"15hHB101","DMSO",1,"Closantel",6.25,NA,NA,"NIC1667","1",NA,NA,NA,668.758707228298,485.806754470575,621.793241202947,638.790822559016,669.372665332129,45.80530624966,693.974921437024,715.995059075916,857.816252649065,0.0684930240975885,30.3139244509857,25.3737420043455,28.4880121327349,29.2448973670852,30.4090676865743,1.72644167293332,31.4331310552928,32.355721935738,34.0433839105348,0.0569521005346829,73,"1_NIC1667_6.25",NA,NA,NA,NA,NA,"1",722.159115222897,-52.7864498907678
"20250529-CbDRC3-p031-m2x_D09_roi_0.png",20250529,"CbDRC3","p031","m2x","D09",0,532.091794720653,25.5234541967689,"","48h",10,"15hHB101","DMSO",1,"Closantel",12.5,NA,NA,"NIC1667","1",NA,NA,NA,611.131768881822,515.744076833158,565.961505138625,588.823414170958,618.849533388915,31.366648519646,633.02804985536,644.324391482331,675.04034755669,0.0513255080439314,28.3570581499814,22.7873681441878,25.6694918029407,27.1856317902834,28.3762272329676,1.92778307640713,29.8990356356748,30.6798826222395,32.514762866703,0.0679824778089118,74,"1_NIC1667_12.5",NA,NA,NA,NA,NA,"1",722.159115222897,-103.309581833983
"20250529-CbDRC3-p031-m2x_D10_roi_0.png",20250529,"CbDRC3","p031","m2x","D10",0,577.049291409913,28.2393628137532,"","48h",10,"15hHB101","DMSO",1,"Closantel",25,NA,NA,"NIC1667","1",NA,NA,NA,512.922741007087,305.049021265258,458.879623883192,483.697268820506,509.822607659424,50.5580421756191,554.811764567804,575.784055926113,582.342227047877,0.0985685331017923,24.5865610541717,16.7113117283519,22.9889855645555,23.5755395904832,24.5422374456175,1.79430107127592,25.4860827558135,26.937147155765,28.2393628137532,0.072978936229533,56,"1_NIC1667_25",NA,NA,NA,NA,NA,"1",722.159115222897,-212.336507563473
"20250529-CbDRC3-p031-m2x_D11_roi_0.png",20250529,"CbDRC3","p031","m2x","D11",0,480.858083467784,21.1487311514225,"","48h",10,"15hHB101","DMSO",1,"Closantel",50,NA,NA,"NIC1667","1",NA,NA,NA,423.737594764998,309.456268042077,331.699170984838,387.798089594051,434.206760954701,59.7595010794288,454.480353062977,482.287305749329,580.973180752218,0.141029499902106,21.5077158956265,15.390412609735,18.8715089227321,20.4989693118647,21.5703724919167,2.18082709919617,22.9716505883211,24.0950464229466,25.9973578580496,0.101397429172832,44,"1_NIC1667_50",NA,NA,NA,NA,NA,"1",722.159115222897,-287.952354268197
"20250529-CbDRC3-p031-m2x_E01_roi_0.png",20250529,"CbDRC3","p031","m2x","E01",0,661.933104981715,31.4628032258466,"","48h",10,"15hHB101","DMSO",1,"Closantel",0,NA,NA,"PB420","1",NA,NA,NA,745.483484142252,658.776291831765,694.163166337863,727.136431767034,750.06308955774,37.3035588420077,770.144809911766,781.814979697749,840.263342528119,0.0500394168824933,35.8829586293695,28.8077447963738,33.4401963458597,34.5878030583435,35.9221942729703,2.24524710884035,37.1913351006512,38.8854482401405,41.3282536043071,0.0625714042153329,59,"1_PB420_0",NA,NA,NA,"outlier","outlier","1",752.470008939206,-2.40691938146642
"20250529-CbDRC3-p031-m2x_E02_roi_0.png",20250529,"CbDRC3","p031","m2x","E02",0,742.246448421932,36.0446239433114,"","48h",10,"15hHB101","DMSO",1,"Closantel",0.097,NA,NA,"PB420","1",NA,NA,NA,755.248685738048,627.15194022415,696.824161176533,738.037439342714,763.532285779779,44.2206671581696,780.79065382645,804.444937436962,833.855052468819,0.0585511342068156,36.5829879418727,28.782995697682,33.696456003607,35.2875735553117,36.699059389742,2.57748976599051,38.4823763642528,39.6482943633477,42.0403865750467,0.0704559663110604,55,"1_PB420_0.097",NA,NA,NA,NA,NA,"1",752.470008939206,11.0622768405728
"20250529-CbDRC3-p031-m2x_E03_roi_0.png",20250529,"CbDRC3","p031","m2x","E03",0,764.107073963822,39.3399603163092,"","48h",10,"15hHB101","DMSO",1,"Closantel",0.195,NA,NA,"PB420","1",NA,NA,NA,736.171090444948,317.688570215561,683.125397637109,725.12224530743,759.617543691762,87.0833249744614,780.280282155296,799.338518909879,843.867831919669,0.118292236824768,35.7178702641209,16.6711304875021,32.6916971671034,34.446632866626,35.9505160831968,3.82257829773033,37.8280680237971,39.4299470398731,41.8859934894281,0.107021450872175,57,"1_PB420_0.195",NA,NA,NA,NA,NA,"1",752.470008939206,7.14753475255623
"20250529-CbDRC3-p031-m2x_E04_roi_0.png",20250529,"CbDRC3","p031","m2x","E04",0,764.189793346466,35.6734031613481,"","48h",10,"15hHB101","DMSO",1,"Closantel",0.39,NA,NA,"PB420","1",NA,NA,NA,753.904923194803,448.8942010727,698.132994376713,739.241464445399,767.710009100151,61.881953527701,788.202564519632,802.687121813322,831.962512230518,0.0820819066487397,36.2988335896308,29.2141054095931,33.272909506939,34.6785157195477,36.3899556514569,2.82155137028929,38.0241328141496,39.4885799609251,42.9041495273668,0.0777311855854041,61,"1_PB420_0.39",NA,NA,NA,NA,NA,"1",752.470008939206,15.2400001609445
"20250529-CbDRC3-p031-m2x_E05_roi_0.png",20250529,"CbDRC3","p031","m2x","E05",0,759.780685471861,35.5846838345728,"","48h",10,"15hHB101","DMSO",1,"Closantel",0.78,NA,NA,"PB420","1",NA,NA,NA,750.033904560301,108.641022425187,723.361376993019,748.78695392847,761.625406181707,97.7248582040806,782.080109944611,799.174394450848,836.827681680911,0.130293920861312,36.6962647780692,31.1212710844754,34.1692261862326,35.3404143900676,36.9373604837359,2.07822852465143,38.062886510696,39.1190654264706,40.9612689565337,0.0566332442067357,49,"1_PB420_0.78",NA,NA,NA,NA,NA,"1",752.470008939206,9.15539724250118
"20250529-CbDRC3-p031-m2x_E06_roi_0.png",20250529,"CbDRC3","p031","m2x","E06",0,749.12709202892,37.8871726626912,"","48h",10,"15hHB101","DMSO",1,"Closantel",1.56,NA,NA,"PB420","1",NA,NA,NA,733.572035054512,152.628572887233,699.359001558473,726.495719715931,749.429675448891,82.3410411635638,762.592885644439,780.820090414058,799.930462344844,0.112246701385563,35.6768864475603,14.4478456102445,31.9213289169767,34.4221976977643,35.6620442527981,3.75839325314443,37.8871726626912,38.9664633869903,41.1650170015856,0.105345326551091,65,"1_PB420_1.56",NA,NA,NA,NA,NA,"1",752.470008939206,-3.04033349031533
"20250529-CbDRC3-p031-m2x_E08_roi_0.png",20250529,"CbDRC3","p031","m2x","E08",0,653.474990611497,32.2041136683072,"","48h",10,"15hHB101","DMSO",1,"Closantel",6.25,NA,NA,"PB420","1",NA,NA,NA,672.453857491606,568.179190370583,625.455072388056,651.971867914536,674.524111587145,36.2047306888791,694.575524790609,711.88782454441,765.389273987938,0.0538397248904637,32.3592680365028,26.6823777082156,29.6659981754358,31.0828155361351,32.1520259595627,2.31758918175197,33.490228746183,35.3117143491387,37.7674865055056,0.0716205687698999,65,"1_PB420_6.25",NA,NA,NA,NA,NA,"1",752.470008939206,-77.9458973520614
"20250529-CbDRC3-p031-m2x_E09_roi_0.png",20250529,"CbDRC3","p031","m2x","E09",0,603.583350459226,28.0192395052358,"","48h",10,"15hHB101","DMSO",1,"Closantel",12.5,NA,NA,"PB420","1",NA,NA,NA,600.202785836354,531.443416932598,571.538099260301,585.229894417904,599.609596067134,29.1641677779574,611.286886644629,639.583155395821,670.843765687116,0.0485905238465672,29.0561619650874,25.3285097810994,27.2136326749334,27.7786963511991,28.9480910464928,1.71240058283672,30.1142721555622,31.3934188728554,33.8057561376284,0.0589341629116146,54,"1_PB420_12.5",NA,NA,NA,NA,NA,"1",752.470008939206,-152.860412872072
"20250529-CbDRC3-p031-m2x_E10_roi_0.png",20250529,"CbDRC3","p031","m2x","E10",0,577.385914486818,26.9759642267417,"","48h",10,"15hHB101","DMSO",1,"Closantel",25,NA,NA,"PB420","1",NA,NA,NA,474.916333677156,142.62812727474,412.792550175577,443.874342084485,476.884263254166,67.9321303728285,523.870160521195,541.056786404307,577.385914486818,0.143040206359818,24.2380145122478,15.9366784920842,22.1362892175343,22.9084318876659,23.8968707735271,2.34140161987699,25.6874770143526,26.9765961648044,30.286042640646,0.0966003885629264,60,"1_PB420_25",NA,NA,NA,NA,NA,"1",752.470008939206,-275.58574568504
"20250529-CbDRC3-p031-m2x_E11_roi_0.png",20250529,"CbDRC3","p031","m2x","E11",0,455.599049126812,21.1325665212856,"","48h",10,"15hHB101","DMSO",1,"Closantel",50,NA,NA,"PB420","1",NA,NA,NA,404.135175917834,316.303382619993,361.986776916138,384.94189424753,404.205170977745,31.8688730895745,425.973126166062,437.639215090079,474.780710692205,0.0788569641759019,20.9137116012954,16.7450737757819,18.9326013627033,19.9464930666882,20.9543691180574,1.50963202534378,21.9586194084399,22.6843803651849,23.8997820349802,0.0721838406364118,48,"1_PB420_50",NA,NA,NA,NA,NA,"1",752.470008939206,-348.264837961462
"20250529-CbDRC3-p031-m2x_E12_roi_0.png",20250529,"CbDRC3","p031","m2x","E12",0,478.916202478725,23.5761927867236,"","48h",10,"15hHB101","DMSO",1,"Closantel",100,NA,NA,"PB420","1",NA,NA,NA,355.695394302267,194.374530071407,265.005950547045,301.936840720556,367.318956370715,68.3895940531306,405.492634674491,436.251875768082,479.243464823415,0.192270114116276,19.7225581960196,13.9112159235634,17.4249686336248,18.6532406663475,19.6302596441672,1.94814903167838,20.8581332088957,22.102326726221,23.5761927867236,0.0987777048147613,55,"1_PB420_100",NA,NA,NA,NA,NA,"1",752.470008939206,-385.151052568491
"20250529-CbDRC3-p031-m2x_F01_roi_0.png",20250529,"CbDRC3","p031","m2x","F01",0,722.743594277105,31.0173711187682,"","48h",10,"15hHB101","DMSO",1,"Closantel",0,NA,NA,"ED3102","1",NA,NA,NA,736.070029669117,501.863561493802,692.330912551667,719.052216811379,750.297179152587,49.9174480596944,769.331632105391,775.936693471458,809.2165404086,0.067816167005378,34.6096872193729,28.1935670601516,31.9358392946909,33.4785922061289,34.9869702515599,2.30457889464689,36.0292437073357,37.5018388343412,38.3870156598398,0.0665876833858495,72,"1_ED3102_0",NA,NA,NA,NA,NA,"1",756.303082720057,-6.00590356747023
"20250529-CbDRC3-p031-m2x_F02_roi_0.png",20250529,"CbDRC3","p031","m2x","F02",0,742.936620584352,33.7966911168695,"","48h",10,"15hHB101","DMSO",1,"Closantel",0.097,NA,NA,"ED3102","1",NA,NA,NA,743.724086599836,608.744617860522,716.03631198109,728.848298402477,747.752331978337,30.6939538511486,759.135561871315,772.698563277193,798.769443596597,0.0412706195808118,35.3199916965787,31.417620242768,32.9015739767373,33.7147468335562,35.1616903828523,2.06317873111598,36.8183734420068,38.0990427329419,40.510014460192,0.0584139075920517,85,"1_ED3102_0.097",NA,"n>75",NA,NA,NA,"1",756.303082720057,-8.55075074171975
"20250529-CbDRC3-p031-m2x_F03_roi_0.png",20250529,"CbDRC3","p031","m2x","F03",0,722.135353000441,35.4514987657352,"","48h",10,"15hHB101","DMSO",1,"Closantel",0.195,NA,NA,"ED3102","1",NA,NA,NA,736.180157359688,240.488971889312,708.594400232895,724.769761356756,747.030740415658,68.2998325385368,766.512083579249,782.167960065164,793.960591299024,0.0927759759017335,34.8256193720571,12.6674433114373,32.2989761211268,33.7152616908101,35.1097891330435,3.3655771532872,36.6840060864584,37.7570047489378,39.9914291355187,0.0966408412534259,73,"1_ED3102_0.195",NA,NA,NA,NA,NA,"1",756.303082720057,-9.27234230439865
"20250529-CbDRC3-p031-m2x_F04_roi_0.png",20250529,"CbDRC3","p031","m2x","F04",0,750.062383434841,35.3014129217171,"","48h",10,"15hHB101","DMSO",1,"Closantel",0.39,NA,NA,"ED3102","1",NA,NA,NA,732.278508892441,415.775092599992,703.866566939404,724.418797040159,739.707410229395,57.0466003804937,762.471647192305,772.270646688774,791.390917683103,0.0779028739581279,34.5267371752801,21.6526466227737,31.6559290478777,33.3451944369778,34.8741060884072,2.77325956503308,36.3399834302051,37.3141695581387,38.9094509221178,0.0803220863574286,82,"1_ED3102_0.39",NA,"n>75",NA,NA,NA,"1",756.303082720057,-16.5956724906617
"20250529-CbDRC3-p031-m2x_F05_roi_0.png",20250529,"CbDRC3","p031","m2x","F05",0,748.525445227157,33.7459236616913,"","48h",10,"15hHB101","DMSO",1,"Closantel",0.78,NA,NA,"ED3102","1",NA,NA,NA,737.718188123848,542.869568121127,694.108777310905,720.047297906011,744.414905681952,39.3555102224347,764.47763932703,776.85995954044,798.003970245037,0.0533476208883,34.5894837530866,25.9657478503458,31.8139184640335,33.4257413788438,34.9547888282643,2.1621356101826,35.9480824861912,37.1985018683194,38.0190834006735,0.062508467186639,108,"1_ED3102_0.78",NA,"n>75",NA,NA,NA,"1",756.303082720057,-11.888177038105
"20250529-CbDRC3-p031-m2x_F06_roi_0.png",20250529,"CbDRC3","p031","m2x","F06",0,730.375400105883,32.7830748132953,"","48h",10,"15hHB101","DMSO",1,"Closantel",1.56,NA,NA,"ED3102","1",NA,NA,NA,722.015125032443,189.800518408652,683.28419462351,707.647987361852,735.799858353378,76.0377389551922,751.849375366937,761.967890346373,894.503176470849,0.105313221730328,34.0912012893568,14.3158643850327,32.3258755160457,33.0418681964302,34.3425833980374,2.97507926315226,35.7231949921784,36.8116802099357,37.6301694931346,0.0872682437295359,67,"1_ED3102_1.56",NA,NA,NA,NA,NA,"1",756.303082720057,-20.5032243666794
"20250529-CbDRC3-p031-m2x_F07_roi_0.png",20250529,"CbDRC3","p031","m2x","F07",0,706.728881007992,33.0810998238243,"","48h",10,"15hHB101","DMSO",1,"Closantel",3.125,NA,NA,"ED3102","1",NA,NA,NA,691.522188300005,265.277509460471,651.99887908106,681.706874107353,705.450508737895,76.8886821197223,725.899128573701,743.065189884553,798.797726212676,0.111187585041545,32.7832970619217,14.0461933649162,30.3880010679737,31.812450987074,33.3466109055871,3.46878614381161,34.3817643340704,35.2214003101416,39.8487593366677,0.105809557143069,76,"1_ED3102_3.125",NA,"n>75",NA,NA,NA,"1",756.303082720057,-50.852573982162
"20250529-CbDRC3-p031-m2x_F08_roi_0.png",20250529,"CbDRC3","p031","m2x","F08",0,733.770157913748,33.3195829724111,"","48h",10,"15hHB101","DMSO",1,"Closantel",6.25,NA,NA,"ED3102","1",NA,NA,NA,621.15503067543,214.069244883357,585.94391228036,603.27011933843,622.37487973287,65.0452471374453,655.454315602001,670.616205468587,733.770157913748,0.104716606845664,29.5455109005415,12.370225796292,27.5770274489228,28.7471582743685,29.7186027133971,2.68027976483762,30.9321631170058,31.6917750940621,33.3195829724111,0.0907169882375768,67,"1_ED3102_6.25",NA,NA,NA,NA,NA,"1",756.303082720057,-133.928202987187
"20250529-CbDRC3-p031-m2x_F09_roi_0.png",20250529,"CbDRC3","p031","m2x","F09",0,595.497728975254,28.6592302417796,"","48h",10,"15hHB101","DMSO",1,"Closantel",12.5,NA,NA,"ED3102","1",NA,NA,NA,552.91822250878,337.36938355611,518.371234955594,535.154933428414,553.868893151742,48.2292702708355,568.463911125135,583.186505698102,842.803943331837,0.0872267693620274,26.1510707996717,20.2873055612241,23.8336659554031,25.3255860625285,26.263099976123,1.89037348188726,27.5641297277791,28.3881270153862,31.2906523346497,0.0722866568779658,81,"1_ED3102_12.5",NA,"n>75",NA,NA,NA,"1",756.303082720057,-202.434189568315
"20250529-CbDRC3-p031-m2x_F10_roi_0.png",20250529,"CbDRC3","p031","m2x","F10",0,426.18076679246,22.4306172055761,"","48h",10,"15hHB101","DMSO",1,"Closantel",25,NA,NA,"ED3102","1",NA,NA,NA,410.974190022338,158.327122153543,365.042661978764,392.907720692602,421.736165343064,53.3872465969866,437.581061880129,452.735454132278,546.129661677277,0.129904134841375,21.2313698288443,12.8141353251933,19.2039767492026,20.4321629038185,21.4956869971184,1.78261609057369,22.2117100111793,22.8646699912493,26.5924720119581,0.0839614261794774,95,"1_ED3102_25",NA,"n>75",NA,NA,NA,"1",756.303082720057,-334.566917376993
"20250529-CbDRC3-p031-m2x_F11_roi_0.png",20250529,"CbDRC3","p031","m2x","F11",0,412.789490998723,19.2589038746266,"","48h",10,"15hHB101","DMSO",1,"Closantel",50,NA,NA,"ED3102","1",NA,NA,NA,320.784629211037,162.143385388098,281.857532850738,294.333915263292,312.889915996308,46.7959869304978,338.630526460783,380.124977788303,539.32978137975,0.145879766887807,18.0219998700347,13.2069041763292,15.8458531796101,16.863275054891,18.0816105011277,1.70158764281586,18.920898323287,19.8222638426981,23.4373622327508,0.0944172486453684,79,"1_ED3102_50",NA,"n>75",NA,NA,NA,"1",756.303082720057,-443.413166723749
"20250529-CbDRC3-p031-m2x_F12_roi_0.png",20250529,"CbDRC3","p031","m2x","F12",0,324.849721935047,17.9125462559072,"","48h",10,"15hHB101","DMSO",1,"Closantel",100,NA,NA,"ED3102","1",NA,NA,NA,275.065426152199,178.990248221764,236.124863380076,255.942194979761,276.647424394899,34.8468472729673,291.16803186123,312.269930804134,371.971910143705,0.126685668062426,16.4997047660422,13.7993624195398,14.8803105611623,15.6576430827252,16.5276528462776,1.26876942210283,17.3293256022341,17.9896020032849,20.0337531977566,0.0768964923974924,80,"1_ED3102_100",NA,"n>75",NA,NA,NA,"1",756.303082720057,-479.655658325158
"20250529-CbDRC3-p032-m2x_A01_roi_0.png",20250529,"CbDRC3","p032","m2x","A01",0,734.992273506226,31.6666007050236,"","48h",10,"15hHB101","DMSO",1,"Closantel",0,NA,NA,"ECA2666","1",NA,NA,NA,754.397839936564,626.87596852804,706.192246145972,734.992273506226,756.035175677897,44.2332234793932,774.814550764035,798.524186707414,932.979302229781,0.0586338151274568,34.0137667509474,27.8639395094075,30.773580214657,32.6841159888988,33.9198279184253,2.64572227025702,35.9898892741975,36.8469622508559,44.5445216426508,0.0777838658572954,73,"1_ECA2666_0",NA,NA,NA,NA,NA,"1",754.074163879375,1.96101179852292
"20250529-CbDRC3-p032-m2x_A02_roi_0.png",20250529,"CbDRC3","p032","m2x","A02",0,781.18538948583,38.0520985467411,"","48h",10,"15hHB101","DMSO",1,"Closantel",0.097,NA,NA,"ECA2666","1",NA,NA,NA,732.703219529822,564.706664146908,682.323336174321,707.21387644651,738.175392635971,47.8116428882733,768.295069608352,784.817645857283,823.673908203057,0.0652537638894971,34.0440160464691,28.8110516830029,30.8566790191253,31.9766564346184,34.019666703174,2.59267458761042,35.722710679701,37.540583053492,40.4297459066277,0.0761565434604277,74,"1_ECA2666_0.097",NA,NA,NA,NA,NA,"1",754.074163879375,-15.8987712434034
"20250529-CbDRC3-p032-m2x_A03_roi_0.png",20250529,"CbDRC3","p032","m2x","A03",0,747.233163755695,32.7638369789897,"","48h",10,"15hHB101","DMSO",1,"Closantel",0.195,NA,NA,"ECA2666","1",NA,NA,NA,744.932469712173,660.687317073301,682.273828587276,737.601520983511,749.902493987453,36.498149351158,769.413096129106,788.081138727803,799.747430241035,0.0489952456566434,34.1360550968083,25.6811227892999,30.6263388492123,32.3496391776373,34.1758304898951,2.88607022850869,36.068539516497,37.8774116180728,39.7564451410645,0.0845460970907132,61,"1_ECA2666_0.195",NA,NA,NA,NA,NA,"1",754.074163879375,-4.17166989192117
"20250529-CbDRC3-p032-m2x_A04_roi_0.png",20250529,"CbDRC3","p032","m2x","A04",0,767.585812557415,35.6090912001788,"","48h",10,"15hHB101","DMSO",1,"Closantel",0.39,NA,NA,"ECA2666","1",NA,NA,NA,731.857288412617,609.161169752028,688.416715186776,716.055587084519,739.429817415128,35.9113121489432,755.882421988199,768.922701811186,796.957219536733,0.0490687361013157,33.4542914478624,27.6305033139938,29.9129508605288,31.7328793656573,33.7590634596069,2.62141248148239,35.2334802886731,36.4925420910358,39.2211839445199,0.0783580332456836,67,"1_ECA2666_0.39",NA,NA,NA,NA,NA,"1",754.074163879375,-14.644346464247
"20250529-CbDRC3-p032-m2x_A05_roi_0.png",20250529,"CbDRC3","p032","m2x","A05",0,757.976465120519,33.3100587785993,"","48h",10,"15hHB101","DMSO",1,"Closantel",0.78,NA,NA,"ECA2666","1",NA,NA,NA,727.294544642971,537.217070026233,648.857355144185,709.898439708899,736.136555836235,51.0979074223686,757.851709405481,775.099451940206,821.174581648488,0.0702575150587064,32.9933267562757,26.5101366487545,29.029424653954,31.2038864249832,33.3497311947925,2.66530902945148,35.1105240961979,35.8125234190461,38.0179688340301,0.0807832762406871,94,"1_ECA2666_0.78",NA,"n>75",NA,NA,NA,"1",754.074163879375,-17.9376080431393
"20250529-CbDRC3-p032-m2x_A06_roi_0.png",20250529,"CbDRC3","p032","m2x","A06",0,736.389777362289,29.9705099330255,"","48h",10,"15hHB101","DMSO",1,"Closantel",1.56,NA,NA,"ECA2666","1",NA,NA,NA,700.577770936766,565.159390659436,606.224452362488,671.548707678087,718.238774715323,60.3818124963069,742.821167195391,762.636598424793,803.43899031454,0.0861885931886881,31.6214474872127,26.3132614499678,28.1857887697428,29.3625659060939,30.9680029163286,2.90363205150487,33.9953159964723,35.788081156626,37.5674506093393,0.0918247671198186,70,"1_ECA2666_1.56",NA,NA,NA,NA,NA,"1",754.074163879375,-35.835389164052
"20250529-CbDRC3-p032-m2x_A07_roi_0.png",20250529,"CbDRC3","p032","m2x","A07",0,753.45621110459,33.6056149379962,"","48h",10,"15hHB101","DMSO",1,"Closantel",3.125,NA,NA,"ECA2666","1",NA,NA,NA,636.466048480111,379.404146754102,547.47470058575,598.558781955671,656.292599217129,72.8509074466917,685.168902908261,723.19537338392,758.818086742063,0.114461576734,29.3276509194676,20.0211717347294,25.7148717167073,27.3820852945728,29.4163559554296,3.02772693050303,31.2535373371122,32.9480783122498,35.4273166652118,0.103237962659097,54,"1_ECA2666_3.125",NA,NA,NA,NA,NA,"1",754.074163879375,-97.781564662246
"20250529-CbDRC3-p032-m2x_A08_roi_0.png",20250529,"CbDRC3","p032","m2x","A08",0,589.628010335103,28.6919954475818,"","48h",10,"15hHB101","DMSO",1,"Closantel",6.25,NA,NA,"ECA2666","1",NA,NA,NA,603.186667483843,430.947645146826,555.378005646882,586.068085796908,600.348860558857,59.1794067867533,619.321127095367,685.183594479262,741.225570999814,0.0981112646829823,28.4027825379954,21.9039680158361,25.537201306314,27.1777129258946,28.8977633346877,2.24878699992681,29.8519658437751,31.1179326361859,32.7669201988097,0.0791748835494736,71,"1_ECA2666_6.25",NA,NA,NA,NA,NA,"1",754.074163879375,-153.725303320518
"20250529-CbDRC3-p032-m2x_A09_roi_1.png",20250529,"CbDRC3","p032","m2x","A09",1,598.597503352672,24.411723733636,"","48h",10,"15hHB101","DMSO",1,"Closantel",12.5,NA,NA,"ECA2666","1",NA,NA,NA,529.551014692309,342.739477805684,432.110256248385,461.084258600755,553.997582566109,73.1155108220042,575.557405129925,595.885599612526,776.25237952452,0.138070759555597,25.5462155250797,20.9857844505935,22.1178493222201,23.324298257815,26.0676317033712,2.4426812764585,27.4938959420106,28.5872995105261,29.3986796557797,0.095618126843893,59,"1_ECA2666_12.5",NA,NA,NA,NA,NA,"1",754.074163879375,-200.076581313265
"20250529-CbDRC3-p032-m2x_A10_roi_0.png",20250529,"CbDRC3","p032","m2x","A10",0,395.966030071232,21.4471189243513,"","48h",10,"15hHB101","DMSO",1,"Closantel",25,NA,NA,"ECA2666","1",NA,NA,NA,370.130501375883,16.9358647289208,321.956277372839,343.382235837612,372.295974609288,68.3794203516133,407.188819843625,426.160763065336,535.430975570137,0.184744083768906,20.0687921957979,14.4439677911809,17.857458639277,18.7459929319435,19.7992232671088,2.1905405285082,20.9458440910913,22.3044170016997,29.1751883533705,0.109151587556269,68,"1_ECA2666_25",NA,NA,NA,NA,NA,"1",754.074163879375,-381.778189270086
"20250529-CbDRC3-p032-m2x_A11_roi_0.png",20250529,"CbDRC3","p032","m2x","A11",0,308.079745954313,17.7954874348802,"","48h",10,"15hHB101","DMSO",1,"Closantel",50,NA,NA,"ECA2666","1",NA,NA,NA,282.888118360576,148.710821373369,244.061998997528,255.52800363124,277.891359837151,40.9724027086037,308.079745954313,340.88350470268,392.408850656155,0.144836067863336,17.1472028137037,13.9503486346254,15.099518608391,16.0463584578396,17.0003912392231,1.6441709115982,18.0993828376792,18.7876069810726,22.5151616135444,0.0958856630706092,57,"1_ECA2666_50",NA,NA,NA,NA,NA,"1",754.074163879375,-476.182804042223
"20250529-CbDRC3-p032-m2x_A12_roi_0.png",20250529,"CbDRC3","p032","m2x","A12",0,393.679395017662,19.1674298594103,"","48h",10,"15hHB101","DMSO",1,"Closantel",100,NA,NA,"ECA2666","1",NA,NA,NA,258.843168284108,167.990362999648,209.807771563698,223.082910196408,245.573571224679,59.2636474094898,279.245299578893,339.934396780974,441.436927558588,0.228955810587365,15.0789163731572,10.08310827996,12.3320057871276,13.6359304171362,14.6748970242563,2.52422131749288,16.1877201911359,18.0612353001574,23.9464590059092,0.167400710702686,43,"1_ECA2666_100",NA,NA,NA,NA,NA,"1",754.074163879375,-508.500592654695
"20250529-CbDRC3-p032-m2x_B01_roi_0.png",20250529,"CbDRC3","p032","m2x","B01",0,861.24690374646,35.9993503371061,"","48h",10,"15hHB101","DMSO",1,"Closantel",0,NA,NA,"JU3237","1",NA,NA,NA,810.134086935543,717.190935194127,770.116717791949,785.556866319805,810.284904661102,34.3086405754113,838.752045638563,849.763202073101,878.839947434642,0.0423493359046143,37.5094180967905,32.8239088112765,34.8983236384328,36.182553623099,37.2909246555919,2.10549559355609,38.8482085057558,40.2809082519881,43.3483789610819,0.0561324515385178,84,"1_JU3237_0",NA,"n>75",NA,NA,NA,"1",806.291096380612,3.99380828049016
"20250529-CbDRC3-p032-m2x_B02_roi_0.png",20250529,"CbDRC3","p032","m2x","B02",0,751.506811976037,33.0633998817594,"","48h",10,"15hHB101","DMSO",1,"Closantel",0.097,NA,NA,"JU3237","1",NA,NA,NA,809.58117871463,520.852059950781,766.375689690582,789.940981507571,817.725231306556,50.1539097758201,839.696963490926,852.454798227497,878.087802517597,0.0619504394302364,36.9154454206169,31.0784944053863,34.1725462080159,35.7122460043247,37.1088616785248,2.17981236163833,38.2257618151154,39.8285157592951,40.5537548682804,0.0590487893834521,72,"1_JU3237_0.097",NA,NA,NA,NA,NA,"1",806.291096380612,11.4341349259439
"20250529-CbDRC3-p032-m2x_B03_roi_0.png",20250529,"CbDRC3","p032","m2x","B03",0,814.627052019737,37.2181173121967,"","48h",10,"15hHB101","DMSO",1,"Closantel",0.195,NA,NA,"JU3237","1",NA,NA,NA,817.072893377564,717.125075948806,774.979888152692,790.965038002922,816.185598553055,33.8844198896067,846.397160262689,858.494756126034,877.203835573903,0.0414704981210886,37.8594022317545,32.568011895038,35.6625380545566,36.9939894102418,37.923482428756,1.84293101637132,38.8905128123437,40.243551175731,41.3826236738754,0.0486782914608611,76,"1_JU3237_0.195",NA,"n>75",NA,NA,NA,"1",806.291096380612,9.89450217244257
"20250529-CbDRC3-p032-m2x_B04_roi_0.png",20250529,"CbDRC3","p032","m2x","B04",0,836.001248688126,37.8654007853479,"","48h",10,"15hHB101","DMSO",1,"Closantel",0.39,NA,NA,"JU3237","1",NA,NA,NA,804.265574292049,664.186962202706,758.152996907195,783.808990914741,804.494541994497,40.0935442234492,831.91863863644,850.221876408081,883.886047439678,0.0498511256791532,37.5723975605086,31.905190121525,35.2005585592674,36.2829761460235,37.8798873277094,2.07235565248719,38.7659258724584,39.9888740242077,43.6760054614937,0.055156332495145,76,"1_JU3237_0.39",NA,"n>75",NA,NA,NA,"1",806.291096380612,-1.7965543861153
"20250529-CbDRC3-p032-m2x_B05_roi_0.png",20250529,"CbDRC3","p032","m2x","B05",0,800.758566596755,36.3029036210475,"","48h",10,"15hHB101","DMSO",1,"Closantel",0.78,NA,NA,"JU3237","1",NA,NA,NA,800.745740919955,278.845599353237,760.838516930841,786.265298288937,810.471981133785,74.5408952299738,836.977326106351,858.766567779697,872.926687440938,0.0930893433717622,36.8925363933631,16.039917397356,34.7953051274787,35.6262848580713,37.0307138308464,3.27963506660694,38.6274186712413,40.1471853620241,42.0089941486263,0.0888969799104662,70,"1_JU3237_0.78",NA,NA,NA,NA,NA,"1",806.291096380612,4.18088475317234
"20250529-CbDRC3-p032-m2x_B06_roi_0.png",20250529,"CbDRC3","p032","m2x","B06",0,845.992425032781,39.2371007836163,"","48h",10,"15hHB101","DMSO",1,"Closantel",1.56,NA,NA,"JU3237","1",NA,NA,NA,796.466930791817,526.847556922848,751.390338492887,784.085624369417,803.670516593519,47.7606305032768,821.779998352039,842.218320994915,887.844627891642,0.0599656164704729,36.9229674661086,27.9250343783917,33.9642850174817,35.7680714346738,36.7922864157429,2.47896099378974,38.4769117761663,39.7892282703928,42.1342129322042,0.0671387259451767,77,"1_JU3237_1.56",NA,"n>75",NA,NA,NA,"1",806.291096380612,-2.62057978709299
"20250529-CbDRC3-p032-m2x_B07_roi_0.png",20250529,"CbDRC3","p032","m2x","B07",0,788.885258239838,34.3255195104406,"","48h",10,"15hHB101","DMSO",1,"Closantel",3.125,NA,NA,"JU3237","1",NA,NA,NA,767.331997734159,347.903841427427,740.027525525286,762.604048841768,779.828221328142,73.4475433416461,795.00593828022,817.653175792709,855.797479310347,0.0957180771276685,35.597350424825,19.3662765776686,33.0114549919848,34.8803102889842,36.3023279551041,3.36487899030055,37.2870733243765,38.5594353103837,40.7492406707685,0.0945261079867883,86,"1_JU3237_3.125",NA,"n>75",NA,NA,NA,"1",806.291096380612,-26.4628750524704
"20250529-CbDRC3-p032-m2x_B08_roi_0.png",20250529,"CbDRC3","p032","m2x","B08",0,782.355609127285,33.053648724253,"","48h",10,"15hHB101","DMSO",1,"Closantel",6.25,NA,NA,"JU3237","1",NA,NA,NA,727.894601862865,193.167486465215,679.970617915457,711.959647991035,737.959285934586,71.2942714363,765.184058936662,774.550999292168,812.345216367983,0.0979458719076087,33.4791365863477,15.5597415492147,31.1253218012158,32.0879687204029,33.5926714331637,2.95537742359169,35.0348633613459,36.1993381890428,38.7371969626407,0.0882751983752428,85,"1_JU3237_6.25",NA,"n>75",NA,NA,NA,"1",806.291096380612,-68.3318104460267
"20250529-CbDRC3-p032-m2x_B09_roi_0.png",20250529,"CbDRC3","p032","m2x","B09",0,655.533322067696,27.6741902585762,"","48h",10,"15hHB101","DMSO",1,"Closantel",12.5,NA,NA,"JU3237","1",NA,NA,NA,635.596539036969,448.748121241147,597.435960997345,615.840272509506,631.051156953772,45.618531351168,660.624066299675,693.847241982616,746.895406212617,0.0717727812368006,29.1066204374536,22.6267439476175,27.2909026784312,28.150009453617,29.0675305545063,1.65607967421539,30.1972502313375,31.0631890747122,33.8694751902655,0.0568970100041018,73,"1_JU3237_12.5",NA,NA,NA,NA,NA,"1",806.291096380612,-175.23993942684
"20250529-CbDRC3-p032-m2x_B10_roi_0.png",20250529,"CbDRC3","p032","m2x","B10",0,547.582757548326,25.2872112898887,"","48h",10,"15hHB101","DMSO",1,"Closantel",25,NA,NA,"JU3237","1",NA,NA,NA,457.370360722647,265.797580100746,408.137373632644,433.040560233875,454.358564404703,59.8134721810052,495.331756996206,540.294341284359,559.127794815791,0.130776887436474,22.3944159056842,16.7952455311318,20.6532752919671,21.1466246591922,22.5194929585976,2.01964894017728,23.4357728894553,24.9137812751669,28.1742998168181,0.090185381422011,75,"1_JU3237_25",NA,NA,NA,NA,NA,"1",806.291096380612,-351.93253197591
"20250529-CbDRC3-p032-m2x_B11_roi_0.png",20250529,"CbDRC3","p032","m2x","B11",0,464.762081032786,20.8409267321424,"","48h",10,"15hHB101","DMSO",1,"Closantel",50,NA,NA,"JU3237","1",NA,NA,NA,368.080592208186,240.834885711411,286.937148583594,335.686289750517,373.361703193502,59.0618904763389,400.968593860312,432.781182481421,535.185469221862,0.160459126959167,19.8334574737759,13.5529899468531,17.759781691535,18.5880342717338,19.929304148026,2.1232986297447,20.9300086266169,22.6480988838698,25.190284789274,0.107056403683128,61,"1_JU3237_50",NA,NA,NA,NA,NA,"1",806.291096380612,-432.92939318711
"20250529-CbDRC3-p032-m2x_B12_roi_0.png",20250529,"CbDRC3","p032","m2x","B12",0,441.121681219236,21.7267423611792,"","48h",10,"15hHB101","DMSO",1,"Closantel",100,NA,NA,"JU3237","1",NA,NA,NA,328.299866144664,231.606375773577,262.445173946857,294.076441370067,319.759868461542,57.4192664585709,365.70877445227,414.933766799842,452.266804290455,0.174898842125234,18.1605060921116,13.0601927043095,16.041318838831,16.8218792141338,18.3433547410069,1.98108279176397,19.2871867107484,20.7911491110483,22.0623629127279,0.10908742199781,52,"1_JU3237_100",NA,NA,NA,NA,NA,"1",806.291096380612,-486.53122791907
"20250529-CbDRC3-p032-m2x_C01_roi_0.png",20250529,"CbDRC3","p032","m2x","C01",0,795.217824052006,40.8153731972286,"","48h",10,"15hHB101","DMSO",1,"Closantel",0,NA,NA,"VX34","1",NA,NA,NA,775.401323520069,666.082669801735,713.968792504031,739.466891249988,783.094775335252,45.6412697757065,808.593432363057,826.106948127829,862.982354202856,0.0588614803602734,38.1523946481925,29.347143290251,33.5691296094449,36.2107481559351,38.8412366996016,3.4104211135679,40.6161253816517,41.3677212555907,44.8794542861581,0.0893894379374027,57,"1_VX34_0",NA,NA,NA,NA,NA,"1",765.858641051975,17.2361342832771
"20250529-CbDRC3-p032-m2x_C02_roi_0.png",20250529,"CbDRC3","p032","m2x","C02",0,745.70522218046,40.1387232849492,"","48h",10,"15hHB101","DMSO",1,"Closantel",0.097,NA,NA,"VX34","1",NA,NA,NA,756.588576712946,514.309033446915,686.753347433361,716.184652597515,764.42600647414,67.5345029386826,808.496603681584,826.245986950752,861.063501769306,0.0892618591098627,37.4457380920161,29.1047975847814,32.2127413069601,34.8145208233092,38.5285778837915,3.72715734989052,40.3605801246269,41.7644748271554,42.4833431943975,0.0995348880754255,44,"1_VX34_0.097",NA,NA,NA,NA,NA,"1",765.858641051975,-1.43263457783507
"20250529-CbDRC3-p032-m2x_C03_roi_0.png",20250529,"CbDRC3","p032","m2x","C03",0,761.561653328795,38.2766943415499,"","48h",10,"15hHB101","DMSO",1,"Closantel",0.195,NA,NA,"VX34","1",NA,NA,NA,755.555686932595,299.904488768915,687.974234157386,728.981627600022,774.325256167131,88.4680523168647,816.302063606048,824.455446770134,848.296789978053,0.11709004888313,37.7917062525128,17.981429011417,33.4922168061061,36.071782836284,38.5307603567841,4.24913300980488,40.2900389441121,42.391881674847,44.1910032959864,0.112435595826594,51,"1_VX34_0.195",NA,NA,NA,NA,NA,"1",765.858641051975,8.46661511515572
"20250529-CbDRC3-p032-m2x_C04_roi_0.png",20250529,"CbDRC3","p032","m2x","C04",0,790.532032137672,36.8134984684756,"","48h",10,"15hHB101","DMSO",1,"Closantel",0.39,NA,NA,"VX34","1",NA,NA,NA,770.070015740367,584.433616724877,715.57768282053,740.799963876608,767.269060854752,58.9703316267765,807.774128613003,830.297659559651,974.833422250524,0.0765778830773988,37.9145953787849,28.8266988038555,34.4812134316816,36.0953343509397,37.8635942724279,3.16839651258003,40.3022957283194,41.7222736030002,43.761249971007,0.0835666708539611,59,"1_VX34_0.39",NA,NA,NA,NA,NA,"1",765.858641051975,1.41041980277646
"20250529-CbDRC3-p032-m2x_C05_roi_0.png",20250529,"CbDRC3","p032","m2x","C05",0,815.674746656847,38.5659609549059,"","48h",10,"15hHB101","DMSO",1,"Closantel",0.78,NA,NA,"VX34","1",NA,NA,NA,767.085155169318,583.966021133722,719.317792897979,740.160216220139,770.090395065913,46.2531222548342,797.392224710442,816.444983707302,847.566887338261,0.0602972459356547,37.6772735176626,30.2200795787351,33.9298111942458,36.6997553967588,38.0679664273466,2.74218820127812,39.1725603905177,40.9212797424712,43.1231817721188,0.0727809617113779,60,"1_VX34_0.78",NA,NA,NA,NA,NA,"1",765.858641051975,4.2317540139378
"20250529-CbDRC3-p032-m2x_C06_roi_0.png",20250529,"CbDRC3","p032","m2x","C06",0,827.01740675048,38.9142797283008,"","48h",10,"15hHB101","DMSO",1,"Closantel",1.56,NA,NA,"VX34","1",NA,NA,NA,750.218314464512,329.06828461998,687.265991620448,724.547611201717,760.079880892025,79.9819213141054,803.877272888796,827.051993309649,837.126519099923,0.106611528633761,37.4797326788915,31.8102371364759,34.2555242528169,35.7648973209797,37.7503634357679,2.56464615345148,38.8917267734561,40.3124971801362,45.5840040728997,0.0684275465736148,50,"1_VX34_1.56",NA,NA,NA,"outlier","outlier","1",765.858641051975,-5.77876015995014
"20250529-CbDRC3-p032-m2x_C07_roi_0.png",20250529,"CbDRC3","p032","m2x","C07",0,776.129829973099,37.8588328029974,"","48h",10,"15hHB101","DMSO",1,"Closantel",3.125,NA,NA,"VX34","1",NA,NA,NA,687.836095418138,84.2833985540925,534.615840168343,685.862674007303,725.675980286835,143.668953725818,758.225292859656,787.329994669272,858.695539584981,0.208870913699987,34.4197398362518,13.8966151166667,29.8038927306293,32.6379870656655,35.3046111289054,4.81123556151592,37.7654586138965,38.5689285474293,42.0343980329573,0.139781287842524,46,"1_VX34_3.125",NA,NA,NA,NA,NA,"1",765.858641051975,-40.1826607651396
"20250529-CbDRC3-p032-m2x_C08_roi_0.png",20250529,"CbDRC3","p032","m2x","C08",0,741.238375122366,36.6244770405181,"","48h",10,"15hHB101","DMSO",1,"Closantel",6.25,NA,NA,"VX34","1",NA,NA,NA,628.459697426299,489.288799298496,573.205136054424,594.942650751355,612.875638083744,54.6120278651391,664.351648000548,698.031923749316,742.200873213477,0.0868982181177077,31.0657157356924,24.7187261958949,28.0130206703331,29.3622858065405,30.6538099255773,2.90178970187146,32.9288443534777,34.5724269964282,37.8512907730867,0.093408107077266,50,"1_VX34_6.25",NA,NA,NA,NA,NA,"1",765.858641051975,-152.983002968231
"20250529-CbDRC3-p032-m2x_C09_roi_0.png",20250529,"CbDRC3","p032","m2x","C09",0,575.551552811733,27.9881650015843,"","48h",10,"15hHB101","DMSO",1,"Closantel",12.5,NA,NA,"VX34","1",NA,NA,NA,522.995990550487,316.528100013298,402.554646579139,436.722496330825,562.159837639186,87.5215101404825,590.35172403783,610.313196822324,637.758540370137,0.167346426591838,26.4755012994885,18.3177930859178,20.4672898522991,23.0861237942535,27.7645386295977,4.12719831812956,29.7219054900386,30.7084958907961,34.0006926944297,0.155887447472403,57,"1_VX34_12.5",NA,NA,NA,NA,NA,"1",765.858641051975,-203.698803412789
"20250529-CbDRC3-p032-m2x_C10_roi_0.png",20250529,"CbDRC3","p032","m2x","C10",0,426.166686878116,20.6845157030698,"","48h",10,"15hHB101","DMSO",1,"Closantel",25,NA,NA,"VX34","1",NA,NA,NA,350.213848580504,228.212782076036,289.176621890607,307.33690337371,345.198325113322,60.2578814740217,393.247961219911,415.038057075798,509.686692786728,0.172060247526649,19.3862726145794,14.5052937100506,16.7147758583154,17.8317407557828,19.3558102432422,2.30798088434598,20.6779850597537,22.5755891728288,23.6075524881791,0.119052327914252,34,"1_VX34_25",NA,NA,NA,NA,NA,"1",765.858641051975,-420.660315938653
"20250529-CbDRC3-p032-m2x_C11_roi_0.png",20250529,"CbDRC3","p032","m2x","C11",0,384.619310863518,21.2828791970791,"","48h",10,"15hHB101","DMSO",1,"Closantel",50,NA,NA,"VX34","1",NA,NA,NA,273.404126910254,160.313500384429,192.745443404305,238.503639856432,269.897680655884,77.9153658271159,288.192264896108,346.327800087631,514.512552191757,0.284982405743611,16.8466648871997,12.6152929093738,13.6814450906069,14.8238784044837,16.2810632396076,3.14034499025837,18.0534327700131,21.2416596739353,25.7040645957936,0.186407518122144,37,"1_VX34_50",NA,NA,NA,NA,NA,"1",765.858641051975,-495.960960396091
"20250529-CbDRC3-p032-m2x_C12_roi_0.png",20250529,"CbDRC3","p032","m2x","C12",0,248.0263437972,14.610098545704,"","48h",10,"15hHB101","DMSO",1,"Closantel",100,NA,NA,"VX34","1",NA,NA,NA,228.89387506012,148.114992545005,171.765376214408,207.151302825008,225.4049988075,42.3459722535362,247.729554226209,290.598161787917,304.030264854572,0.185002644751476,14.9745929089333,12.3270144223452,13.3591958335852,14.022731026525,14.7088806537473,1.62174989934255,15.6613734516315,17.0270151267181,19.0992416568282,0.108300099321903,26,"1_VX34_100",NA,NA,NA,NA,NA,"1",765.858641051975,-540.453642244475
"20250529-CbDRC3-p032-m2x_D02_roi_0.png",20250529,"CbDRC3","p032","m2x","D02",0,695.639719171855,32.7877153467951,"","48h",10,"15hHB101","DMSO",1,"Closantel",0.097,NA,NA,"NIC1667","1",NA,NA,NA,712.966840043514,556.692476148151,675.442126195743,690.905687113641,712.565885332104,42.1636480238899,734.726404144722,762.262929910114,797.448400575861,0.0591383016092538,33.0140319617937,26.6322753870672,29.8385924106417,31.7623845786233,32.9856136697955,2.18373256903101,34.6683342129328,35.3174321280018,38.8451748835086,0.0661455883836968,69,"1_NIC1667_0.097",NA,NA,NA,NA,NA,"1",722.159115222897,-9.59322989079283
"20250529-CbDRC3-p032-m2x_D03_roi_0.png",20250529,"CbDRC3","p032","m2x","D03",0,736.111028968777,33.5009381115586,"","48h",10,"15hHB101","DMSO",1,"Closantel",0.195,NA,NA,"NIC1667","1",NA,NA,NA,718.685573474542,220.993842949909,650.252056130974,711.729946240441,736.604150934417,78.4736776406489,752.922082009662,776.434309165821,792.458208269546,0.109190556394866,33.3201359269981,13.8942665125232,29.7949297799915,32.0689290105455,33.5009381115586,3.49862324339112,35.3395787026887,36.8627763389331,38.1323785364104,0.105000269238287,61,"1_NIC1667_0.195",NA,NA,NA,NA,NA,"1",722.159115222897,14.4450357115201
"20250529-CbDRC3-p032-m2x_D04_roi_0.png",20250529,"CbDRC3","p032","m2x","D04",0,583.064784347918,29.2294882699391,"","48h",10,"15hHB101","DMSO",1,"Closantel",0.39,NA,NA,"NIC1667","1",NA,NA,NA,707.780186090343,346.269265575092,675.111818069504,701.253411610867,720.995486010142,70.5102815044082,743.476340779787,752.890953542921,788.677938121555,0.0996217228033678,33.335514011291,20.5477115251327,30.367065565005,32.2556240685978,33.7456326675476,2.88336929618856,35.2908729224807,35.9682617552427,38.0035461203947,0.0864954203259605,68,"1_NIC1667_0.39",NA,NA,NA,NA,NA,"1",722.159115222897,-1.16362921275459
"20250529-CbDRC3-p032-m2x_D05_roi_0.png",20250529,"CbDRC3","p032","m2x","D05",0,743.52216240578,35.4686692368315,"","48h",10,"15hHB101","DMSO",1,"Closantel",0.78,NA,NA,"NIC1667","1",NA,NA,NA,706.007767454274,409.630692188472,658.106024918745,692.154887547711,713.933584196843,61.5593345237196,735.278232028137,762.148901875746,787.304267291228,0.0871935655123038,32.6726196649656,19.8971808100826,29.3347053558945,31.076054104494,33.1866561998403,3.1471392846247,34.6269414127249,35.9835714732373,38.226174762106,0.0963234450404153,50,"1_NIC1667_0.78",NA,NA,NA,NA,NA,"1",722.159115222897,-8.22553102605434
"20250529-CbDRC3-p032-m2x_D06_roi_0.png",20250529,"CbDRC3","p032","m2x","D06",0,725.80249502049,33.7440043835722,"","48h",10,"15hHB101","DMSO",1,"Closantel",1.56,NA,NA,"NIC1667","1",NA,NA,NA,707.509520291832,509.817964650134,658.126503567546,690.279019250707,723.98250603166,46.5859788712913,730.581373317857,744.004968582242,778.271468344332,0.0658450205052726,32.5024167624824,22.4081853226569,29.3826746835669,31.0003122070873,32.3718152800592,2.94022032781096,34.0519741722056,35.4571292621606,42.5997425115304,0.0904615908809852,64,"1_NIC1667_1.56",NA,NA,NA,NA,NA,"1",722.159115222897,1.82339080876284
"20250529-CbDRC3-p032-m2x_D07_roi_0.png",20250529,"CbDRC3","p032","m2x","D07",0,686.317766659435,30.4710167674815,"","48h",10,"15hHB101","DMSO",1,"Closantel",3.125,NA,NA,"NIC1667","1",NA,NA,NA,696.465881294424,562.505954139598,646.421807562141,678.912366400051,694.491260054627,40.864925060718,718.241233483415,735.25139656776,845.823711108822,0.0586746977249884,31.6668127006688,25.9498984679613,29.3482380686355,30.2333773011461,31.5395353738703,1.89908572378436,32.9501681921709,33.7641717707339,36.6272257492239,0.0599708515579229,64,"1_NIC1667_3.125",NA,NA,NA,"outlier","outlier","1",722.159115222897,-27.6678551682703
"20250529-CbDRC3-p032-m2x_D08_roi_0.png",20250529,"CbDRC3","p032","m2x","D08",0,681.828835660663,32.0912654632692,"","48h",10,"15hHB101","DMSO",1,"Closantel",6.25,NA,NA,"NIC1667","1",NA,NA,NA,664.386024423254,531.341284212123,618.391317488395,635.744852146048,669.314823840486,43.7359421243318,694.698898363254,707.174976497972,781.655139326236,0.0658291121675813,30.7061003421401,23.3721256102543,28.7581825589672,29.7078326890147,30.6584737419242,2.07390837714194,31.7739003193927,33.2813738479891,35.9053822044058,0.0675405979278905,62,"1_NIC1667_6.25",NA,NA,NA,NA,NA,"1",722.159115222897,-52.844291382411
"20250529-CbDRC3-p032-m2x_D09_roi_0.png",20250529,"CbDRC3","p032","m2x","D09",0,669.798068480231,29.8447518107641,"","48h",10,"15hHB101","DMSO",1,"Closantel",12.5,NA,NA,"NIC1667","1",NA,NA,NA,609.694319992756,214.908618648225,582.033198096996,591.334044940592,614.527338127373,56.8494331362879,636.785514254951,650.817236424514,690.437427589651,0.0932425172289015,28.065508162488,13.6755533724785,26.0280868588157,27.0468129730393,28.180034787029,2.32139732322064,29.2819887384307,30.3112227662606,31.4046507949576,0.0827135325603472,69,"1_NIC1667_12.5",NA,NA,NA,NA,NA,"1",722.159115222897,-107.631777095524
"20250529-CbDRC3-p032-m2x_D10_roi_0.png",20250529,"CbDRC3","p032","m2x","D10",0,612.805782956722,28.6891746609078,"","48h",10,"15hHB101","DMSO",1,"Closantel",25,NA,NA,"NIC1667","1",NA,NA,NA,521.600783183789,397.815792505583,475.432103929338,492.86928382453,520.351395097091,39.8264654773397,556.260877991221,569.884244809212,612.805782956722,0.0763543053640444,24.65132979012,20.6985371814682,22.7305493229248,23.579853745736,24.5684744672879,1.69719516388363,25.6787833180264,26.9099743671381,28.6891746609078,0.0688480166519798,56,"1_NIC1667_25",NA,NA,NA,NA,NA,"1",722.159115222897,-201.807720125806
"20250529-CbDRC3-p032-m2x_D11_roi_0.png",20250529,"CbDRC3","p032","m2x","D11",0,458.735218566263,22.1227230127859,"","48h",10,"15hHB101","DMSO",1,"Closantel",50,NA,NA,"NIC1667","1",NA,NA,NA,418.456201171311,297.944354964703,339.727274708727,381.837441404141,427.40294336719,52.8386729578908,455.893421178407,476.127869612768,528.489358696663,0.126270498107063,21.3536430706146,16.8790803916242,18.8947599732583,20.1233959149465,21.2406983205635,2.00193678396334,22.8974725183954,23.8006670503123,26.2951942243056,0.0937515335131861,64,"1_NIC1667_50",NA,NA,NA,NA,NA,"1",722.159115222897,-294.756171855707
"20250529-CbDRC3-p032-m2x_D12_roi_0.png",20250529,"CbDRC3","p032","m2x","D12",0,449.992476833613,21.9743366859734,"","48h",10,"15hHB101","DMSO",1,"Closantel",100,NA,NA,"NIC1667","1",NA,NA,NA,329.310923339689,248.305877877293,263.523716550112,283.287406669933,311.88876579959,61.8690622920521,361.916029472222,413.184347433877,509.206966502733,0.187874309374892,17.9204856161024,13.8640518206731,15.4581340691991,16.1031005334554,17.2596571854045,2.42245685540564,19.5655144928991,21.9513072797251,24.1902143231278,0.13517808095719,58,"1_NIC1667_100",NA,NA,NA,NA,NA,"1",722.159115222897,-410.270349423307
"20250529-CbDRC3-p032-m2x_E01_roi_0.png",20250529,"CbDRC3","p032","m2x","E01",0,769.688437086194,37.4120305626832,"","48h",10,"15hHB101","DMSO",1,"Closantel",0,NA,NA,"PB420","1",NA,NA,NA,746.487163205985,200.883382111756,702.519229666858,735.078308258637,757.292810121039,78.1177405975121,783.182642476898,797.606422983443,818.133879940156,0.104647131856916,36.9578571381042,13.3859883156882,34.2029568616504,36.1704219045042,37.1846990314699,3.7835734388622,38.8523059973968,40.2075449486918,43.1472219431139,0.102375346728673,69,"1_PB420_0",NA,NA,NA,"outlier","outlier","1",752.470008939206,4.8228011818328
"20250529-CbDRC3-p032-m2x_E02_roi_0.png",20250529,"CbDRC3","p032","m2x","E02",0,757.561378206712,35.2504829433551,"","48h",10,"15hHB101","DMSO",1,"Closantel",0.097,NA,NA,"PB420","1",NA,NA,NA,745.524779687833,612.118130715391,696.940377342116,728.774117956618,748.770393864809,36.8733056451262,770.88130600735,785.839824028199,805.508175278904,0.0494595305880589,36.8171534386383,29.1066329828792,34.1545822374818,35.0082709365683,36.5913627132238,2.43708155924951,39.0803326746932,39.9318430111503,40.8813999054759,0.0661941875357448,49,"1_PB420_0.097",NA,NA,NA,NA,NA,"1",752.470008939206,-3.69961507439677
"20250529-CbDRC3-p032-m2x_E03_roi_0.png",20250529,"CbDRC3","p032","m2x","E03",0,762.276664228336,34.5383094608752,"","48h",10,"15hHB101","DMSO",1,"Closantel",0.195,NA,NA,"PB420","1",NA,NA,NA,740.351806577437,332.708832890697,699.027509357229,732.188283579324,758.700561327141,71.7306156877884,777.77421514198,788.466335174533,794.748350540735,0.0968872028818177,36.6096889350953,19.7689487375308,33.7428051663721,35.2273532289319,36.8398016418891,3.41246604256036,38.3650774865259,40.0072062383213,43.0143920058153,0.0932121015453111,80,"1_PB420_0.195",NA,"n>75",NA,NA,NA,"1",752.470008939206,6.23055238793506
"20250529-CbDRC3-p032-m2x_E04_roi_0.png",20250529,"CbDRC3","p032","m2x","E04",0,762.62329345605,37.3183605030223,"","48h",10,"15hHB101","DMSO",1,"Closantel",0.39,NA,NA,"PB420","1",NA,NA,NA,747.856644921997,590.688448591862,711.051567408245,728.259040219282,747.348305197262,43.235141041477,777.036177118667,801.461816036684,817.629086199618,0.057812070448323,37.0955552310979,30.1064809528363,33.8505638122819,35.809338012855,37.245842374258,2.5253722354714,38.5779367477989,40.0553719271877,43.1594104923348,0.0680774885222458,65,"1_PB420_0.39",NA,NA,NA,NA,NA,"1",752.470008939206,-5.12170374194386
"20250529-CbDRC3-p032-m2x_E05_roi_0.png",20250529,"CbDRC3","p032","m2x","E05",0,735.927901173256,35.9004430410271,"","48h",10,"15hHB101","DMSO",1,"Closantel",0.78,NA,NA,"PB420","1",NA,NA,NA,744.637975374531,539.619130246803,717.964948992574,728.534663653944,747.329535227558,40.0575948489432,770.046685599663,788.138395540123,806.418213781829,0.0537947246496466,37.0995741461116,28.6073879604685,34.910139461484,35.9405706929274,37.0597232281549,2.21469133247352,38.5688480205939,39.7118393957943,41.6567214874046,0.0596958693852189,66,"1_PB420_0.78",NA,NA,NA,NA,NA,"1",752.470008939206,-5.14047371164861
"20250529-CbDRC3-p032-m2x_E06_roi_0.png",20250529,"CbDRC3","p032","m2x","E06",0,695.764476997371,34.1764393868883,"","48h",10,"15hHB101","DMSO",1,"Closantel",1.56,NA,NA,"PB420","1",NA,NA,NA,737.499360201094,625.560317387242,691.148785945536,721.099513581811,739.746317864999,33.5924682825114,760.386387683547,777.912802153819,795.828935852572,0.045549149050586,36.3367755410584,31.3714189383087,33.3117565538786,35.0452487857534,36.3301539236634,2.22835566610585,38.2755741746967,38.9721806448523,40.3537363489595,0.0613250799754629,62,"1_PB420_1.56",NA,NA,NA,NA,NA,"1",752.470008939206,-12.7236910742073
"20250529-CbDRC3-p032-m2x_E07_roi_0.png",20250529,"CbDRC3","p032","m2x","E07",0,684.808201036265,31.7968209992207,"","48h",10,"15hHB101","DMSO",1,"Closantel",3.125,NA,NA,"PB420","1",NA,NA,NA,712.038712472352,523.687885128508,656.170452416065,690.881169830873,720.574327685422,47.9530993960997,742.09779618087,757.987527208454,801.522031473967,0.0673461969920093,34.8202346303768,25.8436386492116,30.7959396659779,33.1669894863686,35.3534024928669,2.87539769819322,36.5516504549491,38.105122463191,42.3859492569438,0.0825783550488989,65,"1_PB420_3.125",NA,NA,NA,NA,NA,"1",752.470008939206,-31.8956812537843
"20250529-CbDRC3-p032-m2x_E08_roi_0.png",20250529,"CbDRC3","p032","m2x","E08",0,649.049285573928,32.0958351752073,"","48h",10,"15hHB101","DMSO",1,"Closantel",6.25,NA,NA,"PB420","1",NA,NA,NA,661.434110134102,550.594375371141,613.309230086598,638.650339348313,660.759342636817,43.289299392675,687.807217793292,716.099806845854,748.540004580778,0.0654476367780583,32.2763296360196,26.2844578523316,28.8013494134785,30.566078103773,32.3952452858447,2.43684416547051,33.8667189713889,35.4220704070813,37.1047671689614,0.07549941994492,59,"1_PB420_6.25",NA,NA,NA,NA,NA,"1",752.470008939206,-91.7106663023892
"20250529-CbDRC3-p032-m2x_E09_roi_0.png",20250529,"CbDRC3","p032","m2x","E09",0,597.399698907831,27.1506691932341,"","48h",10,"15hHB101","DMSO",1,"Closantel",12.5,NA,NA,"PB420","1",NA,NA,NA,597.203217364291,524.894074605664,568.539545355623,579.328915354076,594.47340870352,28.9552059288592,611.866023872504,638.295749611185,663.875847560162,0.0484846783924753,29.4010454942687,25.4980095703904,27.8255993030471,28.5620389574584,29.3204490707917,1.51031719779958,30.2662205081826,31.3630604187607,32.7175121975826,0.0513695065059506,48,"1_PB420_12.5",NA,NA,NA,"outlier","outlier","1",752.470008939206,-157.996600235686
"20250529-CbDRC3-p032-m2x_E10_roi_0.png",20250529,"CbDRC3","p032","m2x","E10",0,515.897210203936,23.6479626689615,"","48h",10,"15hHB101","DMSO",1,"Closantel",25,NA,NA,"PB420","1",NA,NA,NA,474.120026924158,188.464105948245,420.352302103495,442.916794128336,482.42273194628,65.5467665548,517.181151556161,539.637185710606,585.54128719644,0.138249309948017,23.761617430923,13.2278559050741,21.9045499248541,22.6826340027036,23.8902829959265,2.26884854314014,24.7671528766912,26.2583144706138,28.872405183929,0.0954837586176895,60,"1_PB420_25",NA,NA,NA,NA,NA,"1",752.470008939206,-270.047276992926
"20250529-CbDRC3-p032-m2x_E11_roi_0.png",20250529,"CbDRC3","p032","m2x","E11",0,417.06741481165,23.3525904753065,"","48h",10,"15hHB101","DMSO",1,"Closantel",50,NA,NA,"PB420","1",NA,NA,NA,397.43398300828,264.098331943968,323.054583972764,373.465390238415,400.645598914813,53.6112725242427,428.571750572478,455.721197400563,530.656924750507,0.134893529029514,21.150540845274,17.0646429588732,18.5095097964676,19.5520263981512,21.2162780089097,2.10849759048385,22.7776861441038,23.2601816196741,28.1572892338466,0.0996900082087017,48,"1_PB420_50",NA,NA,NA,NA,NA,"1",752.470008939206,-351.824410024393
"20250529-CbDRC3-p032-m2x_E12_roi_0.png",20250529,"CbDRC3","p032","m2x","E12",0,432.109956064082,21.1052264194674,"","48h",10,"15hHB101","DMSO",1,"Closantel",100,NA,NA,"PB420","1",NA,NA,NA,332.811105260152,160.046348291086,267.519417763091,287.77715333621,336.31058661058,64.1621552714616,384.059184999346,406.845674368518,494.797639417444,0.192788504522129,18.6076564913801,12.1945558612515,15.8945686124801,17.5561038843028,18.7682508411642,2.13279472198116,20.1611053613956,21.2022347777452,22.5861244434589,0.114619201132027,74,"1_PB420_100",NA,NA,NA,NA,NA,"1",752.470008939206,-416.159422328626
"20250529-CbDRC3-p032-m2x_F01_roi_0.png",20250529,"CbDRC3","p032","m2x","F01",0,761.142182065228,33.6808222965742,"","48h",10,"15hHB101","DMSO",1,"Closantel",0,NA,NA,"ED3102","1",NA,NA,NA,762.067742841272,686.318707382407,716.967949056601,746.48641116619,764.192010853521,32.6733189153948,775.830050326066,789.018536392576,886.018569123001,0.0428745596731027,36.4945565740519,31.3048949275829,34.1247983120018,35.5283226379666,36.3370880817563,1.99908369832202,37.8068687695234,39.0532872155984,43.6652679519863,0.0547775856452901,73,"1_ED3102_0",NA,NA,NA,NA,NA,"1",756.303082720057,7.88892813346365
"20250529-CbDRC3-p032-m2x_F02_roi_0.png",20250529,"CbDRC3","p032","m2x","F02",0,762.125061502034,36.30871982348,"","48h",10,"15hHB101","DMSO",1,"Closantel",0.097,NA,NA,"ED3102","1",NA,NA,NA,745.648311388944,630.059037108588,707.679172982746,731.716472439861,748.079347368276,30.2510435939745,765.181887799449,774.746470486046,843.616477603911,0.040570122847358,35.8705374751884,30.5522026950365,32.6693115872711,34.3526046326841,35.9349086556586,2.30489193629397,37.5089618256219,39.0156612798224,41.2031403603129,0.0642558516969047,84,"1_ED3102_0.097",NA,"n>75",NA,NA,NA,"1",756.303082720057,-8.22373535178065
"20250529-CbDRC3-p032-m2x_F03_roi_0.png",20250529,"CbDRC3","p032","m2x","F03",0,761.902172420103,36.5557131464322,"","48h",10,"15hHB101","DMSO",1,"Closantel",0.195,NA,NA,"ED3102","1",NA,NA,NA,746.231887288017,176.759844706066,725.26723732516,741.239549894919,753.328131231035,72.8654389696629,766.697845112903,780.959189734164,807.464575150081,0.097644499264797,35.8126619422801,16.5540384420943,33.8342838146521,34.9635614152099,36.2919941728814,2.88261887349006,37.2858027215653,38.019579426541,39.5096044505862,0.0804916115461069,69,"1_ED3102_0.195",NA,NA,NA,NA,NA,"1",756.303082720057,-2.97495148902192
"20250529-CbDRC3-p032-m2x_F04_roi_1.png",20250529,"CbDRC3","p032","m2x","F04",1,782.098906246294,38.2928973781897,"","48h",10,"15hHB101","DMSO",1,"Closantel",0.39,NA,NA,"ED3102","1",NA,NA,NA,741.160267390444,449.196320551546,706.501780834891,734.006012636945,747.015497157241,49.7007678168056,765.951536415085,780.125706672974,813.253975437773,0.0670580574857275,35.6870368314726,30.2564284464662,32.9503725356833,33.8662091804745,35.7078603489206,2.32303217580056,37.0929339545343,38.2950031257105,43.4820650170414,0.0650945660400659,86,"1_ED3102_0.39",NA,"n>75",NA,NA,NA,"1",756.303082720057,-9.28758556281548
"20250529-CbDRC3-p032-m2x_F05_roi_0.png",20250529,"CbDRC3","p032","m2x","F05",0,805.332011739048,38.2708753390247,"","48h",10,"15hHB101","DMSO",1,"Closantel",0.78,NA,NA,"ED3102","1",NA,NA,NA,745.119411196611,213.30520523072,719.892538305646,738.882457771993,750.22753440096,70.5653429929241,764.929200290634,776.349915615833,943.592573193685,0.0947034018072364,35.5526159774398,16.506471746975,33.2332227424251,34.1800510256119,35.8657208885087,3.00781520844549,37.0374419019864,38.2641058767865,41.3493393461909,0.0846017972447971,73,"1_ED3102_0.78",NA,NA,NA,NA,NA,"1",756.303082720057,-6.07554831909727
"20250529-CbDRC3-p032-m2x_F06_roi_0.png",20250529,"CbDRC3","p032","m2x","F06",0,736.233134351461,34.6364224923001,"","48h",10,"15hHB101","DMSO",1,"Closantel",1.56,NA,NA,"ED3102","1",NA,NA,NA,726.049213575395,163.976834418964,694.770229497151,718.006122050242,736.397611850749,69.9154343716401,748.877913410579,762.896175220963,794.183267660872,0.0962957235740878,34.6028563602176,13.9806766772658,31.8184367541128,32.8812116599829,35.1118072074319,3.26198082695313,36.4944934130179,37.6840645257492,39.7559586614565,0.0942691202424371,79,"1_ED3102_1.56",NA,"n>75",NA,NA,NA,"1",756.303082720057,-19.9054708693077
"20250529-CbDRC3-p032-m2x_F07_roi_0.png",20250529,"CbDRC3","p032","m2x","F07",0,735.985810445434,30.1218504991813,"","48h",10,"15hHB101","DMSO",1,"Closantel",3.125,NA,NA,"ED3102","1",NA,NA,NA,685.598254830575,219.567919893239,629.903776453186,674.716383674307,700.390896524795,69.8591444740466,717.211772624426,735.06594432508,760.883842415619,0.101895160878597,32.8683249230623,15.2068613894584,29.8557441078055,31.4602726275991,33.2501595143036,3.08315919898193,34.521576360697,35.8374209679385,38.239675529638,0.0938033564594162,74,"1_ED3102_3.125",NA,NA,NA,NA,NA,"1",756.303082720057,-55.9121861952623
"20250529-CbDRC3-p032-m2x_F08_roi_0.png",20250529,"CbDRC3","p032","m2x","F08",0,572.79867319159,29.2427556542005,"","48h",10,"15hHB101","DMSO",1,"Closantel",6.25,NA,NA,"ED3102","1",NA,NA,NA,628.04523680784,562.650997784844,591.570750807967,608.765875239112,625.003453705346,29.5276281515826,647.797747010291,668.094786637636,702.356984628618,0.0470151295178392,29.9280282431343,25.5640925650423,28.4104430417979,28.9974721110652,29.8818928229854,1.38648929695518,30.8996677394078,31.7381717272962,33.1889964675495,0.0463274521692973,80,"1_ED3102_6.25",NA,"n>75",NA,NA,NA,"1",756.303082720057,-131.299629014711
"20250529-CbDRC3-p032-m2x_F09_roi_0.png",20250529,"CbDRC3","p032","m2x","F09",0,575.930537154029,27.7110905027417,"","48h",10,"15hHB101","DMSO",1,"Closantel",12.5,NA,NA,"ED3102","1",NA,NA,NA,546.705366642989,383.793051378689,518.357468071688,531.592845268943,547.987584247277,39.053824944523,570.15113297464,583.094883849598,612.582614950111,0.0714348666162372,27.1747270609854,21.3041805518895,24.6874174602246,26.0682840267467,27.2741439307347,1.86914691369985,28.4946354782926,29.4248509822995,30.8726442470922,0.0687825459849189,78,"1_ED3102_12.5",NA,"n>75",NA,NA,NA,"1",756.303082720057,-208.31549847278
"20250529-CbDRC3-p032-m2x_F10_roi_0.png",20250529,"CbDRC3","p032","m2x","F10",0,431.040319360163,22.1343734128684,"","48h",10,"15hHB101","DMSO",1,"Closantel",25,NA,NA,"ED3102","1",NA,NA,NA,403.876956185351,306.442839635016,354.078683867244,390.339306072913,409.249820506894,35.2675320783794,429.023827750533,445.497326628297,473.800966122372,0.0873224667519633,21.0698447083081,16.1101888205985,18.7598914505076,20.0803671065699,21.3332408761578,1.54177142224374,22.2449569848441,22.6187392374506,23.5885229265319,0.073174313507674,97,"1_ED3102_25",NA,"n>75",NA,NA,NA,"1",756.303082720057,-347.053262213163
"20250529-CbDRC3-p032-m2x_F11_roi_0.png",20250529,"CbDRC3","p032","m2x","F11",0,332.353193009778,19.4293616891285,"","48h",10,"15hHB101","DMSO",1,"Closantel",50,NA,NA,"ED3102","1",NA,NA,NA,311.851299045424,235.860925347855,279.875078976477,291.873759808159,305.272887134458,30.1917013133066,330.58442904693,351.988932720513,423.073735910699,0.0968144157350739,17.6367636030833,12.7550655286065,15.9237928295067,16.8133679939954,17.8116662434058,1.46499134351963,18.3687330426514,19.2911383304845,22.7958908679283,0.0830646356944717,66,"1_ED3102_50",NA,NA,NA,NA,NA,"1",756.303082720057,-451.030195585599
"20250529-CbDRC3-p032-m2x_F12_roi_0.png",20250529,"CbDRC3","p032","m2x","F12",0,279.926818742186,17.0141150935199,"","48h",10,"15hHB101","DMSO",1,"Closantel",100,NA,NA,"ED3102","1",NA,NA,NA,267.446700078752,186.834960468734,236.119118592389,257.286489359272,273.170734260434,23.828723799972,283.097308745024,293.832363231238,316.558379962692,0.0890970940862441,16.0619953087454,13.650535140804,14.6709017954798,15.2095034667922,16.2968325688482,1.01892317031031,16.7818120641866,17.247928142294,17.8658055000187,0.0634368987616082,58,"1_ED3102_100",NA,NA,NA,NA,NA,"1",756.303082720057,-483.132348459623
"20250529-CbDRC3-p033-m2x_A01_roi_0.png",20250529,"CbDRC3","p033","m2x","A01",0,730.112507913783,31.3349449186224,"","48h",10,"15hHB101","DMSO",1,"Closantel",0,NA,NA,"ECA2666","1",NA,NA,NA,745.109219337985,532.904675968168,699.081718224357,728.281747521241,756.462673534356,50.7931050250672,773.007215252495,793.584443603788,838.326950379741,0.0681686707221203,34.0966216271207,26.2718043425384,30.0635654911247,31.8267744924183,34.6460170159991,2.98921881081901,35.9894790291036,38.0674829952004,39.8110119471638,0.0876690612785334,76,"1_ECA2666_0",NA,"n>75",NA,NA,NA,"1",754.074163879375,2.38850965498136
"20250529-CbDRC3-p033-m2x_A02_roi_0.png",20250529,"CbDRC3","p033","m2x","A02",0,704.765031772506,31.3181872557106,"","48h",10,"15hHB101","DMSO",1,"Closantel",0.097,NA,NA,"ECA2666","1",NA,NA,NA,733.104399128088,621.527476364049,675.270664104816,708.977897615215,735.685142212933,42.8829993131746,759.504217954594,784.897007981359,821.47945061907,0.0584950784147212,33.0606507444326,27.194568599154,30.4931313115439,31.7458020195045,33.1120111353172,2.15547245087994,34.4890686807738,35.9548455208787,36.9313534312816,0.0651975203858601,72,"1_ECA2666_0.097",NA,NA,NA,NA,NA,"1",754.074163879375,-18.3890216664413
"20250529-CbDRC3-p033-m2x_A03_roi_0.png",20250529,"CbDRC3","p033","m2x","A03",0,730.323037276004,33.1127590210873,"","48h",10,"15hHB101","DMSO",1,"Closantel",0.195,NA,NA,"ECA2666","1",NA,NA,NA,736.835662784225,449.433912192018,693.96181452752,714.09629062203,745.572321978556,60.6974584320203,771.996275976837,792.983748101206,838.592623617417,0.0823758423997386,33.8880706108965,23.0463914266489,29.2209117514379,31.4324160696671,34.5232972529163,3.51455244835594,36.5018716795347,37.4059089735027,40.9625365912824,0.10371060922028,65,"1_ECA2666_0.195",NA,NA,NA,NA,NA,"1",754.074163879375,-8.5018419008187
"20250529-CbDRC3-p033-m2x_A04_roi_0.png",20250529,"CbDRC3","p033","m2x","A04",0,734.414691992995,31.3581288655881,"","48h",10,"15hHB101","DMSO",1,"Closantel",0.39,NA,NA,"ECA2666","1",NA,NA,NA,724.231160205023,252.574889307088,674.219194259535,695.33631463957,738.396782315785,70.3380899553558,761.697355283623,777.136980418064,803.254286740408,0.0971210489416718,32.8712837159242,26.5401687908487,29.9247675502792,31.6725607801377,32.7635829158522,2.43028584531645,34.7305915434086,35.9310196385137,38.1160426425162,0.0739334023678279,74,"1_ECA2666_0.39",NA,NA,NA,NA,NA,"1",754.074163879375,-15.6773815635891
"20250529-CbDRC3-p033-m2x_A05_roi_0.png",20250529,"CbDRC3","p033","m2x","A05",0,768.792900740884,32.7785535058711,"","48h",10,"15hHB101","DMSO",1,"Closantel",0.78,NA,NA,"ECA2666","1",NA,NA,NA,734.96800836008,451.09284551126,674.671401283638,718.249902874359,746.944293700754,50.1582349521228,763.838621307753,783.15814505496,800.856378684739,0.0682454669884746,33.5497765314648,25.2910222203661,29.8042377318112,31.7166886137053,33.5693200974405,2.94592482407399,35.0821207573213,37.4737597662357,41.061164614474,0.0878075840925839,95,"1_ECA2666_0.78",NA,"n>75",NA,NA,NA,"1",754.074163879375,-7.12987017862099
"20250529-CbDRC3-p033-m2x_A06_roi_0.png",20250529,"CbDRC3","p033","m2x","A06",0,693.564294390595,27.7092430766089,"","48h",10,"15hHB101","DMSO",1,"Closantel",1.56,NA,NA,"ECA2666","1",NA,NA,NA,712.521498812148,571.729317109294,664.267637479376,690.033183053229,717.219250823816,45.8700897724182,740.268994149821,759.889066310995,781.523520574854,0.0643771308639651,32.9838577175975,27.7067430584015,28.8983825758493,30.5113778793601,33.0764754727062,3.05373837418203,35.3218257274526,37.5029552686145,38.9120798630649,0.092582814306551,63,"1_ECA2666_1.56",NA,NA,NA,NA,NA,"1",754.074163879375,-36.8549130555589
"20250529-CbDRC3-p033-m2x_A07_roi_0.png",20250529,"CbDRC3","p033","m2x","A07",0,754.118466699761,31.3973126120306,"","48h",10,"15hHB101","DMSO",1,"Closantel",3.125,NA,NA,"ECA2666","1",NA,NA,NA,697.075144143758,546.486945147133,620.868670642985,673.990718422131,709.799839834657,51.6237185172992,732.959635820005,745.663148660733,787.480853947092,0.0740576090698377,31.4061764887986,24.3337264072331,28.9485373451451,29.9092420469908,31.657377701035,2.50539954868421,32.8092180408719,34.2414501011816,37.4001177573814,0.0797741027016703,66,"1_ECA2666_3.125",NA,NA,NA,NA,NA,"1",754.074163879375,-44.2743240447178
"20250529-CbDRC3-p033-m2x_A08_roi_0.png",20250529,"CbDRC3","p033","m2x","A08",0,607.726535884978,27.7543338652671,"","48h",10,"15hHB101","DMSO",1,"Closantel",6.25,NA,NA,"ECA2666","1",NA,NA,NA,605.320626090099,172.820744459477,567.797338148595,583.434020961044,606.594790761744,69.849859521533,648.675963395698,674.130384981338,713.982910696936,0.115393159444622,29.0130499346596,14.6074324297136,26.2771525145063,27.8651392061613,29.1706239405921,2.84548447724437,30.787404338495,32.0678304685114,34.4758512128858,0.0980760203995337,71,"1_ECA2666_6.25",NA,NA,NA,NA,NA,"1",754.074163879375,-147.47937311763
"20250529-CbDRC3-p033-m2x_A09_roi_0.png",20250529,"CbDRC3","p033","m2x","A09",0,617.1640488192,29.7808411246118,"","48h",10,"15hHB101","DMSO",1,"Closantel",12.5,NA,NA,"ECA2666","1",NA,NA,NA,536.289801054281,426.229626964588,454.044024873543,511.7058713802,542.547787078807,48.957903443984,572.036778582612,593.123843079711,621.195336622779,0.0912900139956766,26.0810633221092,20.673245854599,23.2990843366584,24.2392384815105,25.8801532830171,2.35490034489336,27.3115921792417,29.5155637348196,31.305684929067,0.0902915772953583,66,"1_ECA2666_12.5",NA,NA,NA,NA,NA,"1",754.074163879375,-211.526376800568
"20250529-CbDRC3-p033-m2x_A10_roi_0.png",20250529,"CbDRC3","p033","m2x","A10",0,425.322731092921,21.3918291853435,"","48h",10,"15hHB101","DMSO",1,"Closantel",25,NA,NA,"ECA2666","1",NA,NA,NA,373.828046227622,192.110031120729,295.907531281492,333.881700934003,368.423458444851,71.3142963968346,419.572953691065,450.717729955956,543.342249848844,0.190767646024642,20.4987901842956,13.1821748661183,17.7465680918054,18.9305196900479,20.5387495947358,2.62451159775235,22.0068436905381,23.8738518510357,26.8051505441232,0.128032511877849,71,"1_ECA2666_25",NA,NA,NA,"outlier","outlier","1",754.074163879375,-385.650705434524
"20250529-CbDRC3-p033-m2x_A11_roi_0.png",20250529,"CbDRC3","p033","m2x","A11",0,420.519160843015,21.9789420307118,"","48h",10,"15hHB101","DMSO",1,"Closantel",50,NA,NA,"ECA2666","1",NA,NA,NA,296.771566843744,222.305825945189,253.424202863811,267.918665089657,276.986702949362,56.9842913238283,305.566273485413,377.544243418948,526.495622246456,0.192013985469948,17.5759862444272,14.5308094972335,15.1103357071034,15.9306269883555,17.1071901713143,2.65935560200212,18.0935686400936,20.3704754676504,28.8009841720037,0.151306194999175,60,"1_ECA2666_50",NA,NA,NA,"outlier","outlier","1",754.074163879375,-477.087460930012
"20250529-CbDRC3-p033-m2x_A12_roi_0.png",20250529,"CbDRC3","p033","m2x","A12",0,264.586997787369,15.5090425858042,"","48h",10,"15hHB101","DMSO",1,"Closantel",100,NA,NA,"ECA2666","1",NA,NA,NA,252.879808531753,156.074391154554,201.162635836703,226.737186884223,245.482486538727,52.4077042056729,264.586997787369,325.203191078637,420.811950362751,0.20724353007841,15.1246089222776,9.78701843875718,13.287074069531,13.7179586868901,15.029592094423,2.1040008855535,15.9578754062699,17.5288811181802,21.8891626894672,0.139111093474585,49,"1_ECA2666_100",NA,NA,NA,NA,NA,"1",754.074163879375,-508.591677340647
"20250529-CbDRC3-p033-m2x_B01_roi_0.png",20250529,"CbDRC3","p033","m2x","B01",0,785.625402753028,33.315883806811,"","48h",10,"15hHB101","DMSO",1,"Closantel",0,NA,NA,"JU3237","1",NA,NA,NA,805.483000907861,559.11850052379,761.495363889798,784.627586870944,812.656256962657,49.3405738436821,839.118156486504,853.659480469103,880.926235468345,0.0612558847152209,36.8975986626803,30.822164423859,33.7052311638094,35.6526663972098,37.3408031131113,2.24673654344081,38.3417401852106,39.3239943890685,40.990024191398,0.0608911318045542,86,"1_JU3237_0",NA,"n>75",NA,NA,NA,"1",806.291096380612,6.36516058204438
"20250529-CbDRC3-p033-m2x_B02_roi_0.png",20250529,"CbDRC3","p033","m2x","B02",0,867.646920619844,35.8796961218721,"","48h",10,"15hHB101","DMSO",1,"Closantel",0.097,NA,NA,"JU3237","1",NA,NA,NA,818.195536221395,715.606992155225,777.436393298803,794.273265579894,822.772810246408,32.2714678183433,840.840088935664,860.911751589996,871.949418964681,0.0394422438032111,37.1535630983573,32.0441956618842,34.639286445696,35.7752120411392,37.0183014822352,2.14131035564667,38.4364562981701,40.1714880925199,42.0587305240768,0.0576340511400733,71,"1_JU3237_0.097",NA,NA,NA,NA,NA,"1",806.291096380612,16.4817138657954
"20250529-CbDRC3-p033-m2x_B03_roi_0.png",20250529,"CbDRC3","p033","m2x","B03",0,846.391450465524,37.3096979717032,"","48h",10,"15hHB101","DMSO",1,"Closantel",0.195,NA,NA,"JU3237","1",NA,NA,NA,819.102958801383,583.938060130197,766.623974105327,799.047728824853,824.674845237033,49.4494335682328,850.994390424556,869.863644796576,896.324076027112,0.0603702294527095,37.7338963869495,29.2552938175393,34.6390953002216,36.5568942634556,38.1557116886943,2.39724674806551,39.3815795787068,40.3853842792205,42.3843299096446,0.0635303262478511,77,"1_JU3237_0.195",NA,"n>75",NA,NA,NA,"1",806.291096380612,18.3837488564209
"20250529-CbDRC3-p033-m2x_B04_roi_0.png",20250529,"CbDRC3","p033","m2x","B04",0,839.30991200107,36.4708213736409,"","48h",10,"15hHB101","DMSO",1,"Closantel",0.39,NA,NA,"JU3237","1",NA,NA,NA,807.672267771634,680.54362338326,770.062737148449,782.135597559481,815.538466001314,41.4386239303703,833.000410463105,852.743186593394,921.411054775089,0.05130623593738,37.2939050500094,29.9942736467781,35.4043766422719,35.9491481973962,37.1044466351936,2.17768116384558,38.6930832474948,39.8657048544691,42.4630111751838,0.0583924145493857,75,"1_JU3237_0.39",NA,NA,NA,NA,NA,"1",806.291096380612,9.24736962070119
"20250529-CbDRC3-p033-m2x_B05_roi_0.png",20250529,"CbDRC3","p033","m2x","B05",0,838.096500386018,39.6027494809903,"","48h",10,"15hHB101","DMSO",1,"Closantel",0.78,NA,NA,"JU3237","1",NA,NA,NA,806.047720227095,642.416137124977,761.04410622952,784.496584429425,808.564292754127,42.0174777528658,830.272000317252,853.022966432373,898.430174953833,0.052127779408678,37.8165587849953,32.4099937150171,34.8247543973495,36.4838380924652,38.2176662673721,2.16108853640835,39.2808999373822,40.0299821528392,43.2694882469841,0.0571466205768521,68,"1_JU3237_0.78",NA,NA,NA,NA,NA,"1",806.291096380612,2.27319637351513
"20250529-CbDRC3-p033-m2x_B06_roi_0.png",20250529,"CbDRC3","p033","m2x","B06",0,833.370225777618,36.3906022039986,"","48h",10,"15hHB101","DMSO",1,"Closantel",1.56,NA,NA,"JU3237","1",NA,NA,NA,799.299158894031,663.080592988119,759.087066353996,780.446761989024,803.336711842252,40.206052692965,828.883635070695,845.512764276364,869.181111796357,0.0503016326810566,36.3907341786821,30.7718110264228,32.4468106020081,35.3853755561574,36.6870540718436,2.34797970111697,37.718580007741,39.039518567951,40.9648071989264,0.0645213611131932,73,"1_JU3237_1.56",NA,NA,NA,NA,NA,"1",806.291096380612,-2.9543845383605
"20250529-CbDRC3-p033-m2x_B07_roi_0.png",20250529,"CbDRC3","p033","m2x","B07",0,825.408878392955,34.1087000877167,"","48h",10,"15hHB101","DMSO",1,"Closantel",3.125,NA,NA,"JU3237","1",NA,NA,NA,786.84787721607,622.299742478967,756.31745439385,768.310864456256,787.697515084678,38.050944032613,806.271456407003,825.408878392955,856.306708180607,0.0483587045659197,36.2266385223044,31.4432610420129,34.080013033864,34.8643883745267,36.0962675571201,2.11413242635399,37.3913136192258,38.6982039571985,42.7231366345576,0.0583585039239105,81,"1_JU3237_3.125",NA,"n>75",NA,NA,NA,"1",806.291096380612,-18.5935812959344
"20250529-CbDRC3-p033-m2x_B08_roi_0.png",20250529,"CbDRC3","p033","m2x","B08",0,716.708810528462,30.3440524492527,"","48h",10,"15hHB101","DMSO",1,"Closantel",6.25,NA,NA,"JU3237","1",NA,NA,NA,737.508292412423,388.622585945287,689.586721799766,715.767423404172,751.672518787038,62.5025338326211,769.381741485336,788.063235371228,841.293652254991,0.084748245512159,33.1614187943051,19.3901579928819,30.2348063078109,31.4960665372712,33.6339013044507,2.89874547725255,35.0806706220803,36.2115313462349,39.4772641649608,0.0874131922772363,77,"1_JU3237_6.25",NA,"n>75",NA,NA,NA,"1",806.291096380612,-54.6185775935742
"20250529-CbDRC3-p033-m2x_B09_roi_0.png",20250529,"CbDRC3","p033","m2x","B09",0,629.860196886852,27.3807083482932,"","48h",10,"15hHB101","DMSO",1,"Closantel",12.5,NA,NA,"JU3237","1",NA,NA,NA,639.225283973517,524.583427564138,582.77881648856,615.827223639902,631.2094276521,44.9104194365765,668.355934148159,699.209268263119,780.603042303352,0.0702575767300799,28.8219759483139,21.3360368359697,27.0165788121995,27.7547718998334,28.957828790331,1.86701877139631,29.8721296887072,31.0701159929737,32.979116784474,0.0647776118731214,77,"1_JU3237_12.5",NA,"n>75",NA,NA,NA,"1",806.291096380612,-175.081668728512
"20250529-CbDRC3-p033-m2x_B10_roi_0.png",20250529,"CbDRC3","p033","m2x","B10",0,454.30507786429,21.4174288870469,"","48h",10,"15hHB101","DMSO",1,"Closantel",25,NA,NA,"JU3237","1",NA,NA,NA,490.573643864172,276.076388244828,423.744241992248,453.455700538325,495.818600341992,59.217547551665,537.109577263727,565.735619078283,589.345828299828,0.120710821488936,23.4018411455061,18.8294723630654,21.1022222342319,22.0464754669914,23.264076655382,2.08857715516996,24.498311229223,26.4670266688774,29.6398954211189,0.0892484117887892,61,"1_JU3237_25",NA,NA,NA,NA,NA,"1",806.291096380612,-310.472496038621
"20250529-CbDRC3-p033-m2x_B11_roi_0.png",20250529,"CbDRC3","p033","m2x","B11",0,442.687300012889,22.594148463865,"","48h",10,"15hHB101","DMSO",1,"Closantel",50,NA,NA,"JU3237","1",NA,NA,NA,370.099083037923,240.820393344697,304.139548101864,319.625733492194,375.835273269354,55.2849897563637,409.228067318166,431.232844620615,501.102943461682,0.149378888762874,19.6906295553614,14.5879048342247,17.1819952136817,18.4628059096005,19.7601257830654,1.98145188601381,20.931445192757,22.2882203124732,24.1687630514729,0.100629178993127,48,"1_JU3237_50",NA,NA,NA,NA,NA,"1",806.291096380612,-430.455823111258
"20250529-CbDRC3-p033-m2x_B12_roi_0.png",20250529,"CbDRC3","p033","m2x","B12",0,433.731210368498,21.3233158778574,"","48h",10,"15hHB101","DMSO",1,"Closantel",100,NA,NA,"JU3237","1",NA,NA,NA,332.137879849385,214.000773540244,258.186870451097,282.490086951951,318.867032098871,65.7478731977138,375.181080963847,427.872983452124,480.025155427466,0.197953552384716,18.2973984211436,13.3087281898414,15.5721213683104,17.3456702357745,18.223329316979,2.0269071962743,19.4442862236997,20.9834337847175,22.7430897270467,0.11077570426253,54,"1_JU3237_100",NA,NA,NA,NA,NA,"1",806.291096380612,-487.424064281742
"20250529-CbDRC3-p033-m2x_C01_roi_0.png",20250529,"CbDRC3","p033","m2x","C01",0,845.913545211033,38.851307963436,"","48h",10,"15hHB101","DMSO",1,"Closantel",0,NA,NA,"VX34","1",NA,NA,NA,763.777342107935,616.495306443745,708.33705395197,735.641374224403,759.497014043128,44.9889369273801,795.724877372356,824.670733246348,845.913545211033,0.0589032096752385,37.1741259026518,31.3667178966518,34.3242236424591,35.3619356078982,36.8694216712002,2.51562338948377,38.8539412152888,40.2532814453484,43.008216141825,0.0676713528132836,60,"1_VX34_0",NA,NA,NA,NA,NA,"1",765.858641051975,-6.36162700884677
"20250529-CbDRC3-p033-m2x_C02_roi_0.png",20250529,"CbDRC3","p033","m2x","C02",0,817.435347250589,38.2861303554505,"","48h",10,"15hHB101","DMSO",1,"Closantel",0.097,NA,NA,"VX34","1",NA,NA,NA,752.651598810474,356.102745611849,703.4110826305,731.993952607599,759.509729979013,82.1294244194703,804.754048539352,823.663822043425,850.705315226924,0.10912010889138,36.7898832066452,22.2444211729998,33.0175291248423,34.8088676356276,37.203111583275,3.56086379940462,39.3327935593812,40.964429781303,43.067825574442,0.0967892118440168,71,"1_VX34_0.097",NA,NA,NA,NA,NA,"1",765.858641051975,-6.34891107296244
"20250529-CbDRC3-p033-m2x_C03_roi_0.png",20250529,"CbDRC3","p033","m2x","C03",0,802.884222513779,37.5233411320405,"","48h",10,"15hHB101","DMSO",1,"Closantel",0.195,NA,NA,"VX34","1",NA,NA,NA,761.267661743692,180.080028044927,702.839570105611,745.377043820062,773.285493949982,86.1759573325782,803.892155250544,820.466691211814,853.526412185294,0.113200601658543,36.7581632288254,13.5646291131122,33.4924273177113,35.0775892634092,37.8119638016776,4.00836256283885,39.0552841531776,40.0253907372134,41.7700266068634,0.109046867708981,63,"1_VX34_0.195",NA,NA,NA,NA,NA,"1",765.858641051975,7.42685289800659
"20250529-CbDRC3-p033-m2x_C04_roi_0.png",20250529,"CbDRC3","p033","m2x","C04",0,865.635395972576,38.7113656064245,"","48h",10,"15hHB101","DMSO",1,"Closantel",0.39,NA,NA,"VX34","1",NA,NA,NA,752.636380345358,149.638077396788,724.625757897599,741.127058201028,761.589560353439,106.000443667473,792.222294770111,828.615064278529,873.632243913824,0.140838851848795,36.5208115275045,14.0371818651341,33.0032924463629,35.2050689870088,37.0554022784096,4.17667707572589,38.6102705035779,39.7441129018315,43.2377710802717,0.114364300820105,50,"1_VX34_0.39",NA,NA,NA,NA,NA,"1",765.858641051975,-4.26908069853607
"20250529-CbDRC3-p033-m2x_C05_roi_0.png",20250529,"CbDRC3","p033","m2x","C05",0,752.177542211773,37.8355646797118,"","48h",10,"15hHB101","DMSO",1,"Closantel",0.78,NA,NA,"VX34","1",NA,NA,NA,758.662485284674,212.690918299328,706.848989586608,736.8663218623,769.951220137679,96.3051256592074,811.385254853423,838.247674870583,860.552519509199,0.126940671941978,37.3735878621657,17.6254333469056,33.7019115692251,35.262478591558,37.8355646797118,3.80060756669845,39.8161680221843,41.520309258772,43.8949711011315,0.101692339004624,81,"1_VX34_0.78",NA,"n>75",NA,NA,NA,"1",765.858641051975,4.09257908570351
"20250529-CbDRC3-p033-m2x_C06_roi_0.png",20250529,"CbDRC3","p033","m2x","C06",0,805.99270017311,39.0145158489823,"","48h",10,"15hHB101","DMSO",1,"Closantel",1.56,NA,NA,"VX34","1",NA,NA,NA,753.664722642078,426.206880801122,684.547669923494,724.759235135843,758.333515158437,68.4403178417101,805.063425287422,821.446003063014,839.466538997424,0.0908100323467217,36.401656437988,22.3811527852541,32.7036123927797,34.6863169833451,36.6682623879723,3.70818869552694,39.0417940321504,40.4092734419003,43.7850674544146,0.101868680120203,55,"1_VX34_1.56",NA,NA,NA,NA,NA,"1",765.858641051975,-7.52512589353853
"20250529-CbDRC3-p033-m2x_C07_roi_0.png",20250529,"CbDRC3","p033","m2x","C07",0,782.780711543479,37.8740711062665,"","48h",10,"15hHB101","DMSO",1,"Closantel",3.125,NA,NA,"VX34","1",NA,NA,NA,743.4017064032,498.961205538108,680.860831451377,722.675604463652,750.006404621835,58.2992002451846,780.420926954487,801.265512249981,847.33094243665,0.0784222039619113,36.3613960820569,22.957043115323,33.8360949287832,34.5294519198257,36.5433503345315,3.15711989702912,38.2910114195712,40.298276498814,41.9786765749578,0.0868261463312475,46,"1_VX34_3.125",NA,NA,NA,NA,NA,"1",765.858641051975,-15.8522364301397
"20250529-CbDRC3-p033-m2x_C08_roi_0.png",20250529,"CbDRC3","p033","m2x","C08",0,680.083682902889,31.483488296679,"","48h",10,"15hHB101","DMSO",1,"Closantel",6.25,NA,NA,"VX34","1",NA,NA,NA,629.766052069223,550.156050944714,576.042538048168,595.029925958837,611.961917774809,51.593738395155,664.832252158937,703.806100863582,762.30280181581,0.0819252454552503,30.4806662122792,24.8067137416152,28.0641272412381,29.0017791611007,30.2240117544772,2.3746060808207,31.8416335388864,33.6537069441762,35.2463636712528,0.0779053208444667,49,"1_VX34_6.25",NA,NA,NA,NA,NA,"1",765.858641051975,-153.896723277166
"20250529-CbDRC3-p033-m2x_C09_roi_0.png",20250529,"CbDRC3","p033","m2x","C09",0,542.814469357738,27.0797464141662,"","48h",10,"15hHB101","DMSO",1,"Closantel",12.5,NA,NA,"VX34","1",NA,NA,NA,550.878451909334,380.66028994953,434.211089822998,540.488476374257,570.811800466712,62.4973011970748,590.069770211713,605.214121098345,633.281916276685,0.113450255642529,27.1213887750525,20.3942851897261,22.7132220670614,25.7521951250572,27.6207833746365,2.71731193062721,29.2684843035094,30.0848284955196,31.2777336214636,0.100190737029172,59,"1_VX34_12.5",NA,NA,NA,NA,NA,"1",765.858641051975,-195.046840585263
"20250529-CbDRC3-p033-m2x_C10_roi_1.png",20250529,"CbDRC3","p033","m2x","C10",1,443.631820360207,21.6351735138791,"","48h",10,"15hHB101","DMSO",1,"Closantel",25,NA,NA,"VX34","1",NA,NA,NA,333.949619857714,162.909723917093,201.907114872663,286.237408930261,343.748880479729,85.2025272600912,406.371319349782,434.679295357564,463.497289925675,0.255135871382017,18.5951599142368,11.3702587491418,13.9890722052054,17.3599089429122,19.0382573823799,2.98209963102875,20.3923128828792,22.1081425846265,24.4916104137798,0.160369668493445,56,"1_VX34_25",NA,NA,NA,NA,NA,"1",765.858641051975,-422.109760572246
"20250529-CbDRC3-p033-m2x_C12_roi_0.png",20250529,"CbDRC3","p033","m2x","C12",0,291.124723492161,14.4027745283144,"","48h",10,"15hHB101","DMSO",1,"Closantel",100,NA,NA,"VX34","1",NA,NA,NA,216.635233581389,105.269079786186,168.920978210745,196.412136139231,216.221825910613,42.8683755793426,240.828524762411,265.883463303109,343.34119048514,0.197882749129251,14.1182012293584,12.1826589873167,12.6512453221401,13.3919790641253,13.9153394787304,1.44538559650578,14.7061436431377,15.3303867416692,19.616378604424,0.102377461053618,47,"1_VX34_100",NA,NA,NA,NA,NA,"1",765.858641051975,-549.636815141362
"20250529-CbDRC3-p033-m2x_D01_roi_0.png",20250529,"CbDRC3","p033","m2x","D01",0,693.370140781357,31.7223055663571,"","48h",10,"15hHB101","DMSO",1,"Closantel",0,NA,NA,"NIC1667","1",NA,NA,NA,696.825239194812,394.756444636363,605.860561690339,650.845154365265,723.304355610529,73.0779938157936,743.958883605827,766.974253179508,813.663713885568,0.104872771112935,32.6543563651041,24.7542455054892,28.326769335691,30.3952100974996,32.4023186561321,5.25332440179996,34.2087896002837,36.0097725072955,70.7579847496033,0.160876678843804,81,"1_NIC1667_0",NA,"n>75",NA,NA,NA,"1",722.159115222897,1.14524038763216
"20250529-CbDRC3-p033-m2x_D02_roi_0.png",20250529,"CbDRC3","p033","m2x","D02",0,713.088070981572,31.3406272047518,"","48h",10,"15hHB101","DMSO",1,"Closantel",0.097,NA,NA,"NIC1667","1",NA,NA,NA,700.091549196818,581.240197906241,630.038601667037,663.107033238892,708.652541233946,48.154441701349,731.030123693776,755.606237827119,810.179918067298,0.0687830638101465,32.2458035725583,26.3430001827206,28.9598284541357,31.1484604340288,32.4386093372541,2.35823843608045,33.7413536497379,35.1201671854714,38.024610458321,0.0731331886573713,72,"1_NIC1667_0.097",NA,NA,NA,"outlier","outlier","1",722.159115222897,-13.5065739889512
"20250529-CbDRC3-p033-m2x_D03_roi_0.png",20250529,"CbDRC3","p033","m2x","D03",0,675.141555282249,30.6478410021168,"","48h",10,"15hHB101","DMSO",1,"Closantel",0.195,NA,NA,"NIC1667","1",NA,NA,NA,691.720174989001,158.894289628485,640.010457482324,678.109777174232,719.3521553411,115.307131094399,741.573275287921,766.645132169295,855.411147320758,0.166696209339612,33.6544056994248,14.1688053859904,29.7825127129841,31.7130555399105,32.8618223140877,8.02895546953637,34.6779879702886,36.4303426765401,85.7410555276048,0.238570710213837,61,"1_NIC1667_0.195",NA,NA,NA,NA,NA,"1",722.159115222897,-2.80695988179741
"20250529-CbDRC3-p033-m2x_D04_roi_0.png",20250529,"CbDRC3","p033","m2x","D04",0,755.175501680472,32.814556660886,"","48h",10,"15hHB101","DMSO",1,"Closantel",0.39,NA,NA,"NIC1667","1",NA,NA,NA,721.160021005259,637.315183884074,665.08734434322,698.833984041467,726.403075988787,37.0809684058005,743.950769996787,760.218053345646,801.181956875898,0.0514185025871396,33.6243915446443,28.5646280139403,30.8437774583599,32.2899623712679,33.5546036666816,2.35046526039112,35.4218723302454,36.7881789884365,39.5708812847793,0.0699035775047505,57,"1_NIC1667_0.39",NA,NA,NA,NA,NA,"1",722.159115222897,4.24396076588971
"20250529-CbDRC3-p033-m2x_D05_roi_0.png",20250529,"CbDRC3","p033","m2x","D05",0,749.721642141768,34.604215541024,"","48h",10,"15hHB101","DMSO",1,"Closantel",0.78,NA,NA,"NIC1667","1",NA,NA,NA,712.886452949939,624.387537038153,651.502267043562,690.08024189984,726.763550491016,36.8869429414846,741.723393260799,749.408821319945,774.889997184409,0.05174308305179,32.9104196911099,27.3522441666578,30.1027749320224,31.6693486700569,33.137721530359,2.14917925549252,34.6118710674406,35.3609914413987,35.9190077818544,0.0653039151631688,45,"1_NIC1667_0.78",NA,NA,NA,NA,NA,"1",722.159115222897,4.60443526811855
"20250529-CbDRC3-p033-m2x_D06_roi_0.png",20250529,"CbDRC3","p033","m2x","D06",0,750.324863844902,34.2236412171526,"","48h",10,"15hHB101","DMSO",1,"Closantel",1.56,NA,NA,"NIC1667","1",NA,NA,NA,693.255548200068,593.556606853708,637.385433050484,668.292433023942,703.958321779479,39.00220524585,719.988495328815,734.987017025529,783.369438714288,0.0562594924009093,32.1199350863034,25.8529754891541,29.4647551419,30.8525838872871,32.3038578464496,2.0987977595372,33.6472921580038,34.6427700098105,35.9048809611176,0.0653425280561096,71,"1_NIC1667_1.56",NA,NA,NA,NA,NA,"1",722.159115222897,-18.2007934434185
"20250529-CbDRC3-p033-m2x_D07_roi_1.png",20250529,"CbDRC3","p033","m2x","D07",1,712.536447030661,34.3792539212818,"","48h",10,"15hHB101","DMSO",1,"Closantel",3.125,NA,NA,"NIC1667","1",NA,NA,NA,686.612116378684,416.541356848167,638.79408235437,670.280795487054,694.603533159131,53.1114662712765,715.882122902333,730.242532717788,767.311252056405,0.0773529406259184,31.7667397854364,19.4874076558974,29.141971213942,30.3503051906717,32.072995823778,2.58316013897374,33.5941400795499,34.5931653741407,35.7703480888182,0.0813165013602688,59,"1_NIC1667_3.125",NA,NA,NA,NA,NA,"1",722.159115222897,-27.5555820637662
"20250529-CbDRC3-p033-m2x_D08_roi_0.png",20250529,"CbDRC3","p033","m2x","D08",0,704.333344933891,34.2488028984871,"","48h",10,"15hHB101","DMSO",1,"Closantel",6.25,NA,NA,"NIC1667","1",NA,NA,NA,669.642362185566,572.93950583839,618.592415491861,641.006043019016,672.661902538737,39.7327658483062,693.833819005346,720.779527162135,767.464885793296,0.0593343075229397,30.4571489543598,27.4957641091232,28.4552151492821,29.285779213482,30.1199464271032,1.95345404291436,31.1527491785309,32.8814126487495,38.1044327507586,0.0641377840664479,63,"1_NIC1667_6.25",NA,NA,NA,NA,NA,"1",722.159115222897,-49.4972126841596
"20250529-CbDRC3-p033-m2x_D09_roi_0.png",20250529,"CbDRC3","p033","m2x","D09",0,614.719935694016,26.9333601227805,"","48h",10,"15hHB101","DMSO",1,"Closantel",12.5,NA,NA,"NIC1667","1",NA,NA,NA,605.608025388215,220.114105688535,578.193183526817,593.831166443793,610.257154614376,57.5908285543903,624.232924534046,644.247719149799,712.19877761175,0.0950958807348575,28.5445291447701,13.4146360048546,27.2447755205858,27.8302517935829,28.578219528863,2.4131360962149,29.6894136024404,30.2993303587532,32.4460092794317,0.084539355474253,59,"1_NIC1667_12.5",NA,NA,NA,NA,NA,"1",722.159115222897,-111.901960608521
"20250529-CbDRC3-p033-m2x_D10_roi_0.png",20250529,"CbDRC3","p033","m2x","D10",0,500.876323829864,24.0670064587146,"","48h",10,"15hHB101","DMSO",1,"Closantel",25,NA,NA,"NIC1667","1",NA,NA,NA,509.710123411142,412.52914635392,460.212386934151,471.131608983582,505.21948943395,45.886828724454,546.765423074481,573.023080322275,622.305033958529,0.0900253430662996,24.1678715565631,21.5526946845763,22.9321437125357,23.241875541418,24.0630318807031,1.26254061205352,24.977245899254,25.861394784351,27.3373911158887,0.052240455229938,55,"1_NIC1667_25",NA,NA,NA,NA,NA,"1",722.159115222897,-216.939625788947
"20250529-CbDRC3-p033-m2x_D11_roi_0.png",20250529,"CbDRC3","p033","m2x","D11",0,453.059411819132,21.7939090315134,"","48h",10,"15hHB101","DMSO",1,"Closantel",50,NA,NA,"NIC1667","1",NA,NA,NA,409.760980490989,293.472783384122,331.889450836129,373.166140753724,406.700228858299,56.0111085598769,444.056491818316,482.506153893499,530.359735553727,0.136692147926732,20.5999901508998,16.9435671029489,17.7869788887211,18.6851475198127,20.6272303198024,2.06568535559005,21.9737952762839,23.1783725043058,25.292782785961,0.100276036078582,54,"1_NIC1667_50",NA,NA,NA,NA,NA,"1",722.159115222897,-315.458886364598
"20250529-CbDRC3-p033-m2x_D12_roi_0.png",20250529,"CbDRC3","p033","m2x","D12",0,389.823397178329,18.4645692454419,"","48h",10,"15hHB101","DMSO",1,"Closantel",100,NA,NA,"NIC1667","1",NA,NA,NA,332.62060719551,219.714966839077,268.234444091744,288.979303202124,314.631609019848,65.697701657598,366.051464467671,429.346726185599,517.637579747171,0.197515428197694,18.0303102473883,14.2749357269385,15.2959299375283,16.3361834651923,17.5891137417994,2.51585290504022,19.0083425383507,22.4486353231731,24.4455315826889,0.13953464308273,57,"1_NIC1667_100",NA,NA,NA,NA,NA,"1",722.159115222897,-407.527506203049
"20250529-CbDRC3-p033-m2x_E01_roi_0.png",20250529,"CbDRC3","p033","m2x","E01",0,731.909774964132,34.2864198041964,"","48h",10,"15hHB101","DMSO",1,"Closantel",0,NA,NA,"PB420","1",NA,NA,NA,750.950937761596,614.049623415727,710.586475310489,735.283365042198,753.539065557151,34.6340191059204,772.233879871627,783.937526422183,817.309806525775,0.0461202155351934,36.5078648713102,28.7723808269171,33.2740325016583,34.912747743644,36.7139454684693,2.24294402588336,38.0468820052499,38.6591803057785,40.5311256562581,0.0614372830016137,60,"1_PB420_0",NA,NA,NA,NA,NA,"1",752.470008939206,1.06905661794519
"20250529-CbDRC3-p033-m2x_E02_roi_0.png",20250529,"CbDRC3","p033","m2x","E02",0,735.911654963595,35.4949186114839,"","48h",10,"15hHB101","DMSO",1,"Closantel",0.097,NA,NA,"PB420","1",NA,NA,NA,749.089080752568,169.870413723375,717.002815710368,734.677903582913,758.382885162983,75.63170554844,776.626299260256,795.735658770166,832.528366144451,0.100964901894521,36.267309465355,15.0581723790552,33.5229921209707,34.8414241617345,36.5631966513181,3.29398344992207,38.0200715842326,39.4873585502223,40.8212060148118,0.0908251397327585,74,"1_PB420_0.097",NA,NA,NA,NA,NA,"1",752.470008939206,5.91287622377661
"20250529-CbDRC3-p033-m2x_E03_roi_0.png",20250529,"CbDRC3","p033","m2x","E03",0,765.689989640986,37.0362232689793,"","48h",10,"15hHB101","DMSO",1,"Closantel",0.195,NA,NA,"PB420","1",NA,NA,NA,752.882355870348,564.626188863252,700.20222138949,734.600658220189,765.615998932362,53.0869732058576,783.926344960993,799.235501290431,834.945439855253,0.0705116447369629,36.6885880329016,28.7849005442059,33.6240043130581,35.2933403965089,37.1814647206833,2.72567827531319,38.6475111202947,39.241173793934,41.7410145210033,0.0742922642013057,54,"1_PB420_0.195",NA,NA,NA,NA,NA,"1",752.470008939206,13.1459899931561
"20250529-CbDRC3-p033-m2x_E04_roi_0.png",20250529,"CbDRC3","p033","m2x","E04",0,821.073912019882,38.1546465669318,"","48h",10,"15hHB101","DMSO",1,"Closantel",0.39,NA,NA,"PB420","1",NA,NA,NA,747.145680209202,625.175868933389,699.4404404191,733.25641850287,748.608780325579,38.3350660299833,768.033056942852,789.004286300324,837.203075882606,0.0513086899187444,36.3665292977524,30.4295782959471,33.3996080205529,35.3041682812692,36.783473018703,2.11487061143757,37.6430437406487,38.6208930758382,40.7484788910462,0.0581543153079575,58,"1_PB420_0.39",NA,NA,NA,NA,NA,"1",752.470008939206,-3.86122861362708
"20250529-CbDRC3-p033-m2x_E05_roi_0.png",20250529,"CbDRC3","p033","m2x","E05",0,768.146090409391,35.31428101117,"","48h",10,"15hHB101","DMSO",1,"Closantel",0.78,NA,NA,"PB420","1",NA,NA,NA,755.194803771079,465.028831567513,715.961691142455,742.580100410136,763.364371193501,61.1105051009598,790.16772864244,804.383025099129,825.953040426374,0.0809201874745474,36.0827599416735,22.2393911402969,33.6347961590276,34.761735600524,36.2540169012996,3.32086423373988,37.9938235065898,39.475322473694,41.0483329242717,0.0920346514265524,57,"1_PB420_0.78",NA,NA,NA,NA,NA,"1",752.470008939206,10.8943622542947
"20250529-CbDRC3-p033-m2x_E06_roi_0.png",20250529,"CbDRC3","p033","m2x","E06",0,739.87246563276,36.7274533102819,"","48h",10,"15hHB101","DMSO",1,"Closantel",1.56,NA,NA,"PB420","1",NA,NA,NA,732.664728987888,653.19179840971,688.080494416163,711.182468452964,732.677321208096,33.125247946981,756.547387517018,774.044983035048,805.719694687241,0.045212013949055,36.262396188975,31.5234884497164,32.9309133721981,35.116759884462,36.361317349424,2.21670550570097,37.910331424061,38.7912647814202,41.2303855542667,0.0611295925991489,57,"1_PB420_1.56",NA,NA,NA,NA,NA,"1",752.470008939206,-19.7926877311102
"20250529-CbDRC3-p033-m2x_E07_roi_0.png",20250529,"CbDRC3","p033","m2x","E07",0,707.745160199295,32.9919743745726,"","48h",10,"15hHB101","DMSO",1,"Closantel",3.125,NA,NA,"PB420","1",NA,NA,NA,715.098657635508,567.159548607467,670.34515187487,698.847739685847,720.410805116495,40.3573772618791,741.061428674626,756.500783304046,796.94867236514,0.0564360970769011,34.9918520173811,27.7871015594361,32.4645277902963,33.6343247573774,35.0009119839643,2.46111351244392,36.3049936125122,37.6602461763709,41.9159291820629,0.0703339026245722,71,"1_PB420_3.125",NA,NA,NA,NA,NA,"1",752.470008939206,-32.0592038227115
"20250529-CbDRC3-p033-m2x_E08_roi_0.png",20250529,"CbDRC3","p033","m2x","E08",0,639.952136000155,29.4924223729778,"","48h",10,"15hHB101","DMSO",1,"Closantel",6.25,NA,NA,"PB420","1",NA,NA,NA,682.197936127282,581.332370167,636.709044845051,649.487832063833,682.001292108696,39.4232850731997,713.497770255964,723.646386128407,774.41687916601,0.0577886314007322,32.9464359220108,27.4600122795756,29.6510282162739,31.8237630075568,32.79543305796,2.41671642590551,34.4752028673209,36.2621224107888,38.4258035060144,0.073352894122637,64,"1_PB420_6.25",NA,NA,NA,NA,NA,"1",752.470008939206,-70.4687168305106
"20250529-CbDRC3-p033-m2x_E09_roi_0.png",20250529,"CbDRC3","p033","m2x","E09",0,573.162143674313,27.2065313871931,"","48h",10,"15hHB101","DMSO",1,"Closantel",12.5,NA,NA,"PB420","1",NA,NA,NA,584.691825483086,240.451749024973,552.203713207751,568.701371343641,588.0648891316,59.1665212765532,612.004079945653,630.82057975142,684.568458771223,0.101192660300439,28.612070636738,16.9515417688681,26.1341368217218,27.4342181031778,28.9312483915983,2.48937136050897,30.4322456740712,31.0394956424927,32.5844703584488,0.0870042365026391,58,"1_PB420_12.5",NA,NA,NA,NA,NA,"1",752.470008939206,-164.405119807606
"20250529-CbDRC3-p033-m2x_E10_roi_0.png",20250529,"CbDRC3","p033","m2x","E10",0,518.239638095243,24.2418959352249,"","48h",10,"15hHB101","DMSO",1,"Closantel",25,NA,NA,"PB420","1",NA,NA,NA,491.747179591628,378.779636910217,420.580857153394,445.617979921543,497.348549638146,69.899160905464,524.399584907666,549.615243347177,857.541814099647,0.142144508004117,23.8840095110389,19.3543460264186,21.2548153128154,22.2933715419734,24.0120854488681,1.96394187466153,25.3137463874558,26.2126409238438,27.9778457959809,0.0822283157169998,55,"1_PB420_25",NA,NA,NA,NA,NA,"1",752.470008939206,-255.12145930106
"20250529-CbDRC3-p033-m2x_E11_roi_0.png",20250529,"CbDRC3","p033","m2x","E11",0,417.880378587298,20.3817546292131,"","48h",10,"15hHB101","DMSO",1,"Closantel",50,NA,NA,"PB420","1",NA,NA,NA,382.205893857775,249.641331664907,295.340109843477,337.016408658545,393.480194459098,61.9232140475333,415.421384805455,452.84706071852,536.725640680347,0.162015330068604,20.3084040782855,15.7203868750465,17.907788551163,18.9514920631289,20.6719984049436,1.77926395326491,21.7413986977223,22.2164365631423,23.9252254402931,0.0876121996788199,59,"1_PB420_50",NA,NA,NA,NA,NA,"1",752.470008939206,-358.989814480108
"20250529-CbDRC3-p033-m2x_E12_roi_0.png",20250529,"CbDRC3","p033","m2x","E12",0,376.880092169135,21.3335788308166,"","48h",10,"15hHB101","DMSO",1,"Closantel",100,NA,NA,"PB420","1",NA,NA,NA,335.108887679798,163.374729823359,244.187508915693,295.056484451069,348.060404519772,71.7515683483171,386.682891048838,412.017716976675,478.824720658046,0.214114190898085,19.0908446102438,13.9249073576704,15.8875589384905,17.5972014744444,19.1133027289106,2.32501845707659,20.9854113777636,21.5990716549998,24.3125448510811,0.121787092428013,56,"1_PB420_100",NA,NA,NA,NA,NA,"1",752.470008939206,-404.409604419434
"20250529-CbDRC3-p033-m2x_F01_roi_0.png",20250529,"CbDRC3","p033","m2x","F01",0,743.822058766206,35.7048049339141,"","48h",10,"15hHB101","DMSO",1,"Closantel",0,NA,NA,"ED3102","1",NA,NA,NA,744.168435825308,649.949315869442,705.744888857296,727.186237309817,746.860712422215,31.1418954439526,765.242074318867,781.965426949918,823.458619746414,0.0418479123068626,34.5239419407008,29.5061853274438,31.613693676303,33.3549788525976,34.7662693663707,2.03729984071337,35.8966431076125,36.8836767480485,38.6502571172592,0.0590112173231171,105,"1_ED3102_0",NA,"n>75",NA,NA,NA,"1",756.303082720057,-9.44237029784153
"20250529-CbDRC3-p033-m2x_F02_roi_0.png",20250529,"CbDRC3","p033","m2x","F02",0,731.600893201017,33.623659490954,"","48h",10,"15hHB101","DMSO",1,"Closantel",0.097,NA,NA,"ED3102","1",NA,NA,NA,744.957314998719,672.586666504667,714.964857511867,728.691320643548,745.630247939636,26.6279409633616,762.940162451803,772.772387064311,820.558932770555,0.0357442506130803,34.9111671610891,29.9016804219346,32.5230936632968,33.7526575147123,34.9792074976236,1.90034837819522,36.0902905158465,37.2777899820324,39.1595676228528,0.0544338254125543,96,"1_ED3102_0.097",NA,"n>75",NA,NA,NA,"1",756.303082720057,-10.6728347804211
"20250529-CbDRC3-p033-m2x_F03_roi_0.png",20250529,"CbDRC3","p033","m2x","F03",0,742.05989394533,33.1320968087641,"","48h",10,"15hHB101","DMSO",1,"Closantel",0.195,NA,NA,"ED3102","1",NA,NA,NA,741.083740611429,665.904776971931,698.158560343164,722.601841283361,742.660254996045,31.1997890298716,762.707308855148,777.615640783867,818.761150856555,0.0421002206904854,35.0303216337317,28.1045838269453,32.5041814380221,33.9707416686221,35.1348593139383,1.8825890632684,36.2802598691659,37.2040321302859,38.8321422983355,0.0537417007743259,94,"1_ED3102_0.195",NA,"n>75",NA,NA,NA,"1",756.303082720057,-13.6428277240124
"20250529-CbDRC3-p033-m2x_F04_roi_0.png",20250529,"CbDRC3","p033","m2x","F04",0,735.922678659526,34.7038193696807,"","48h",10,"15hHB101","DMSO",1,"Closantel",0.39,NA,NA,"ED3102","1",NA,NA,NA,747.471731199271,687.333121918065,703.107993817252,735.369500238109,752.333996647609,28.6789833494609,765.372439264741,780.003080806471,808.889378564712,0.0383679839014745,35.4244297385861,31.2931824225386,32.9930347508066,34.1511562700434,35.5222555621877,1.78367631581838,36.5840681601086,37.6089104837181,39.1978745405262,0.0503515886912221,69,"1_ED3102_0.39",NA,NA,NA,NA,NA,"1",756.303082720057,-3.96908607244848
"20250529-CbDRC3-p033-m2x_F05_roi_0.png",20250529,"CbDRC3","p033","m2x","F05",0,743.573264451484,33.0485045907022,"","48h",10,"15hHB101","DMSO",1,"Closantel",0.78,NA,NA,"ED3102","1",NA,NA,NA,753.408850309054,692.569571937401,714.576311580376,734.914068209124,753.129372301528,27.6719035051721,776.599791048761,792.633050281437,803.786875067616,0.0367289334254846,35.2506218678297,30.2346125728897,32.7090986367941,34.0150627959739,35.3292457095857,2.15081836982606,36.9589465074463,37.9306488249466,39.5243916817096,0.0610150475611589,80,"1_ED3102_0.78",NA,"n>75",NA,NA,NA,"1",756.303082720057,-3.17371041852869
"20250529-CbDRC3-p033-m2x_F06_roi_0.png",20250529,"CbDRC3","p033","m2x","F06",0,745.596805720411,33.9689234626154,"","48h",10,"15hHB101","DMSO",1,"Closantel",1.56,NA,NA,"ED3102","1",NA,NA,NA,712.028184728715,255.806719589152,674.936113004195,700.55265895396,721.266156999226,60.6879456243105,741.974096264916,754.309914953223,769.879484489544,0.0852325047321445,34.0674684780514,27.8060566409975,32.0218104049646,33.0550387560917,34.0815607968991,1.94022707365284,35.3175058376336,36.2278096349976,38.0855180695522,0.0569524875293527,91,"1_ED3102_1.56",NA,"n>75",NA,NA,NA,"1",756.303082720057,-35.0369257208314
"20250529-CbDRC3-p033-m2x_F07_roi_0.png",20250529,"CbDRC3","p033","m2x","F07",0,736.567866212608,32.9230631902734,"","48h",10,"15hHB101","DMSO",1,"Closantel",3.125,NA,NA,"ED3102","1",NA,NA,NA,695.73083033316,621.65047358454,643.349760753803,669.694445625978,700.716476568142,36.8748018742305,726.23220040937,742.603236556586,765.959556388947,0.0530015348846515,33.3047573505367,28.3846614649503,30.6315331009365,31.9867118074273,33.297548567942,2.07162734811391,34.5866520325141,36.0424340315584,38.1202764880683,0.0622021450662371,84,"1_ED3102_3.125",NA,"n>75",NA,NA,NA,"1",756.303082720057,-55.5866061519151
"20250529-CbDRC3-p033-m2x_F08_roi_0.png",20250529,"CbDRC3","p033","m2x","F08",0,628.729253876482,29.4096876027657,"","48h",10,"15hHB101","DMSO",1,"Closantel",6.25,NA,NA,"ED3102","1",NA,NA,NA,636.308257143983,539.065723545679,595.172270217202,617.166018261521,629.079540821834,34.328844787763,660.903112244526,680.16900900608,727.520360748308,0.0539500224967144,29.8724461422297,23.4243445383415,28.23582394829,28.8672062124669,29.8931739854715,1.8090133993391,30.8398271263341,31.850544641797,35.5920911657305,0.0605579265496358,80,"1_ED3102_6.25",NA,"n>75",NA,NA,NA,"1",756.303082720057,-127.223541898223
"20250529-CbDRC3-p033-m2x_F09_roi_0.png",20250529,"CbDRC3","p033","m2x","F09",0,592.892781654573,25.1979420534756,"","48h",10,"15hHB101","DMSO",1,"Closantel",12.5,NA,NA,"ED3102","1",NA,NA,NA,558.871787579708,444.602681621447,530.66035642684,540.574849478736,554.510046156441,33.1818208838474,577.637385958524,598.262188635646,635.872291430763,0.0593728680195991,26.84768225315,20.884938370611,25.0031536340358,25.9340094302944,26.9197178881729,1.63669870502252,27.8822056463263,28.5362862518982,31.0458039066609,0.0609623836273793,64,"1_ED3102_12.5",NA,NA,NA,NA,NA,"1",756.303082720057,-201.793036563616
"20250529-CbDRC3-p033-m2x_F10_roi_0.png",20250529,"CbDRC3","p033","m2x","F10",0,480.788820002647,22.8688680440203,"","48h",10,"15hHB101","DMSO",1,"Closantel",25,NA,NA,"ED3102","1",NA,NA,NA,417.639474217081,313.772841601295,354.318007000284,396.119707110857,417.953893188244,46.3414261827,443.330412516349,457.27630221756,578.450151707807,0.110960359457336,21.408606200253,16.3689832939342,18.9307660971222,20.4192583295512,21.5077564111196,1.95475425258847,22.7287862919043,23.7516224732738,25.0260392575498,0.0913069367666431,60,"1_ED3102_25",NA,NA,NA,NA,NA,"1",756.303082720057,-338.349189531813
"20250529-CbDRC3-p033-m2x_F11_roi_0.png",20250529,"CbDRC3","p033","m2x","F11",0,324.912161637089,18.0735244524349,"","48h",10,"15hHB101","DMSO",1,"Closantel",50,NA,NA,"ED3102","1",NA,NA,NA,315.46702022842,189.181078878174,276.557972274114,292.622624008249,310.526378465711,41.9297753543746,342.831158497261,365.297167673034,421.940169430713,0.132913340114014,18.0492705357308,14.4517719465032,15.8040797583833,17.0378303109036,18.0970019074903,1.65447261513991,19.0204816538336,19.878298512075,22.1912231450529,0.0916642371703985,66,"1_ED3102_50",NA,NA,NA,"outlier","outlier","1",756.303082720057,-445.776704254346
"20250529-CbDRC3-p033-m2x_F12_roi_0.png",20250529,"CbDRC3","p033","m2x","F12",0,378.949239533984,19.6569334844345,"","48h",10,"15hHB101","DMSO",1,"Closantel",100,NA,NA,"ED3102","1",NA,NA,NA,276.21494197527,197.919023352196,229.678112190641,254.075252342565,273.813166264226,37.8295975140922,300.904963958424,313.485516245518,386.208728933556,0.136957100305888,16.5149607654475,13.936868297471,15.0772517648933,15.7140081121227,16.277636314538,1.19863540405584,17.2913776229947,17.8866693195229,19.6569334844345,0.0725787618317337,82,"1_ED3102_100",NA,"n>75",NA,NA,NA,"1",756.303082720057,-482.489916455831
"20250529-CbDRC3-p034-m2x_A01_roi_0.png",20250529,"CbDRC3","p034","m2x","A01",0,745.33279601944,32.3520833406152,"","48h",10,"15hHB101","DMSO",1,"Closantel",0,NA,NA,"ECA2666","1",NA,NA,NA,751.224803216121,363.690773734161,707.333500633403,734.244703705585,753.819843418653,77.6120416825322,776.842742622155,798.11744030789,1111.40991373028,0.103314003145612,34.047957349225,26.4822949286803,30.2888531282468,31.8048519811198,33.1165391869877,5.8370327866359,35.587494105577,36.7833597609565,74.0995425881721,0.171435623193671,61,"1_ECA2666_0",NA,NA,NA,NA,NA,"1",754.074163879375,-0.254320460721715
"20250529-CbDRC3-p034-m2x_A02_roi_0.png",20250529,"CbDRC3","p034","m2x","A02",0,705.490263282177,30.309054702436,"","48h",10,"15hHB101","DMSO",1,"Closantel",0.097,NA,NA,"ECA2666","1",NA,NA,NA,660.978043159365,477.70023752326,579.998019269055,609.8602995453,667.467637164804,68.9564663728918,712.313139067273,741.966323515403,807.254701204076,0.104324897152848,34.4928944483726,26.9207255960767,30.3477027511772,32.7031644310681,34.6712347420735,2.61574987343413,36.4155683699142,37.8057978494881,39.9652885419828,0.0758344556253251,83,"1_ECA2666_0.097",NA,"n>75",NA,NA,NA,"1",754.074163879375,-86.6065267145708
"20250529-CbDRC3-p034-m2x_A03_roi_0.png",20250529,"CbDRC3","p034","m2x","A03",0,767.312005013913,34.1445448313095,"","48h",10,"15hHB101","DMSO",1,"Closantel",0.195,NA,NA,"ECA2666","1",NA,NA,NA,739.609497762684,189.731351007493,706.342590088155,727.670832565384,749.667687240223,79.9563112282908,772.309272584531,791.188075565961,842.827321433285,0.108106117444622,33.722249241168,14.0294549535245,30.0030668822142,32.3972284843384,34.0718690226071,3.66022312323495,36.3017771451937,37.1213554779726,39.2078331118097,0.108540302192137,62,"1_ECA2666_0.195",NA,NA,NA,NA,NA,"1",754.074163879375,-4.40647663915104
"20250529-CbDRC3-p034-m2x_A04_roi_0.png",20250529,"CbDRC3","p034","m2x","A04",0,759.42533634682,32.4580492249926,"","48h",10,"15hHB101","DMSO",1,"Closantel",0.39,NA,NA,"ECA2666","1",NA,NA,NA,742.400226258005,573.292409300537,695.301211636466,715.127078893402,754.569490457019,43.7302621703779,773.121972363255,786.187633791515,824.774663022478,0.05890389122158,32.6583205448749,27.5770465001584,28.4441266803519,30.4342926633035,33.3568663156673,2.70965996684818,34.3423611448557,35.9695568616857,37.9461365850558,0.0829699727861054,72,"1_ECA2666_0.39",NA,NA,NA,NA,NA,"1",754.074163879375,0.495326577644846
"20250529-CbDRC3-p034-m2x_A05_roi_0.png",20250529,"CbDRC3","p034","m2x","A05",0,792.438770333038,35.8607441116228,"","48h",10,"15hHB101","DMSO",1,"Closantel",0.78,NA,NA,"ECA2666","1",NA,NA,NA,743.703713428466,614.27100115169,697.154819397931,716.177299498068,747.9188398909,37.0085044251781,773.633564002121,786.487457073124,809.85269492889,0.0497624305982946,33.3109397297148,26.8782722374227,30.2726419165768,31.5140606948334,32.8703208637888,2.54701880800665,35.4323616412841,36.3890559710474,39.2409501145367,0.0764619319861035,67,"1_ECA2666_0.78",NA,NA,NA,NA,NA,"1",754.074163879375,-6.15532398847495
"20250529-CbDRC3-p034-m2x_A06_roi_0.png",20250529,"CbDRC3","p034","m2x","A06",0,771.150508896635,33.6789699886897,"","48h",10,"15hHB101","DMSO",1,"Closantel",1.56,NA,NA,"ECA2666","1",NA,NA,NA,699.410276023109,217.795894278038,582.088685563567,696.75266247143,735.387319067906,108.756675527983,761.548868666151,781.979379588382,800.882444648755,0.155497680340615,30.763070033473,15.9114647293548,26.8810421891074,29.4365093449943,30.8533051508867,3.87688349115178,33.0072035239227,35.5146120685543,38.6823859758501,0.126023946470017,64,"1_ECA2666_1.56",NA,NA,NA,NA,NA,"1",754.074163879375,-18.686844811469
"20250529-CbDRC3-p034-m2x_A07_roi_0.png",20250529,"CbDRC3","p034","m2x","A07",0,697.548654901562,26.4928070894529,"","48h",10,"15hHB101","DMSO",1,"Closantel",3.125,NA,NA,"ECA2666","1",NA,NA,NA,702.470865375428,567.667677638632,621.187880674994,688.407495512985,712.710640420764,54.1845098644303,732.593579378501,751.979847795544,891.468930782705,0.0771341738642385,30.3466436190589,24.6729170439421,28.0163441026951,29.0714032114872,30.3780193086632,1.97934002977537,31.8382686450163,32.7135940353169,34.6398150274376,0.065224347529895,63,"1_ECA2666_3.125",NA,NA,NA,NA,NA,"1",754.074163879375,-41.3635234586106
"20250529-CbDRC3-p034-m2x_A08_roi_0.png",20250529,"CbDRC3","p034","m2x","A08",0,734.233785260555,32.3088787929506,"","48h",10,"15hHB101","DMSO",1,"Closantel",6.25,NA,NA,"ECA2666","1",NA,NA,NA,619.787645945114,228.937312146106,563.579600649226,584.03422038269,614.674489710434,73.147014238746,663.197890989382,702.13401736486,776.968920815191,0.118019477666749,28.8718477526747,23.4723214979379,26.4965123123862,27.9250433179817,28.9286796353164,1.92111969125968,29.9008679768436,31.4313746647844,33.3075514496929,0.0665395477184761,77,"1_ECA2666_6.25",NA,"n>75",NA,NA,NA,"1",754.074163879375,-139.399674168941
"20250529-CbDRC3-p034-m2x_A09_roi_1.png",20250529,"CbDRC3","p034","m2x","A09",1,718.370113492838,33.6259863584337,"","48h",10,"15hHB101","DMSO",1,"Closantel",12.5,NA,NA,"ECA2666","1",NA,NA,NA,535.46433297219,146.655003298325,471.204603683658,508.762508401446,539.157114239283,65.0717748907982,574.517687056987,587.283349402829,718.370113492838,0.121524013615633,26.0929821248449,13.8704503748053,23.5945552671549,24.288452879424,25.9556472361318,2.63876567476883,27.7436120826159,28.9692988563272,33.6259863584337,0.101129325201058,83,"1_ECA2666_12.5",NA,"n>75",NA,NA,NA,"1",754.074163879375,-214.917049640092
"20250529-CbDRC3-p034-m2x_A11_roi_0.png",20250529,"CbDRC3","p034","m2x","A11",0,453.191410096741,22.4706230239943,"","48h",10,"15hHB101","DMSO",1,"Closantel",50,NA,NA,"ECA2666","1",NA,NA,NA,298.717954650422,192.170049955617,256.584933382803,271.797101699071,286.696444666494,52.7834389324354,306.883172619569,368.168566738662,469.088969921922,0.176699920813952,17.2846500284064,14.0540015820153,15.8377343520176,16.1817943283728,17.023825136089,1.75286982156314,17.8314401458471,18.6637556134656,23.7676952846332,0.10141193594793,54,"1_ECA2666_50",NA,NA,NA,NA,NA,"1",754.074163879375,-467.377719212881
"20250529-CbDRC3-p034-m2x_A12_roi_0.png",20250529,"CbDRC3","p034","m2x","A12",0,505.866959276653,24.3615036899792,"","48h",10,"15hHB101","DMSO",1,"Closantel",100,NA,NA,"ECA2666","1",NA,NA,NA,263.709792217308,160.39005488565,220.246979367762,230.626773198918,253.614204412234,54.3537160650138,273.34755835151,322.340502754304,505.866959276653,0.206111861103072,15.8215385411634,11.9735417275671,13.6637886151075,14.2745506436243,15.1954356799306,3.64412506598045,16.1012554590101,17.2396276817823,37.5146449341415,0.230326845679351,51,"1_ECA2666_100",NA,NA,NA,NA,NA,"1",754.074163879375,-500.459959467141
"20250529-CbDRC3-p034-m2x_B01_roi_0.png",20250529,"CbDRC3","p034","m2x","B01",0,849.63549700274,36.6579416032403,"","48h",10,"15hHB101","DMSO",1,"Closantel",0,NA,NA,"JU3237","1",NA,NA,NA,799.002952892301,603.614499385368,746.962777189649,773.469253278752,800.074011152631,47.7725287081267,824.944279281649,850.36953152958,886.927593544352,0.0597901779151071,36.9650974083932,29.4317568974906,34.6605473432636,35.6092685297072,36.9076972559337,2.25500716643163,38.563420310873,39.7153874231449,41.8359048787164,0.0610036852200914,77,"1_JU3237_0",NA,"n>75",NA,NA,NA,"1",806.291096380612,-6.2170852279811
"20250529-CbDRC3-p034-m2x_B02_roi_0.png",20250529,"CbDRC3","p034","m2x","B02",0,902.041214099087,35.723941413297,"","48h",10,"15hHB101","DMSO",1,"Closantel",0.097,NA,NA,"JU3237","1",NA,NA,NA,793.055961214537,594.84242737143,755.669639524727,778.450360251695,795.135448666476,43.1827602475946,815.034992785822,836.240459635702,902.041214099087,0.0544510883966646,36.4111152375895,30.6742030329934,33.3218389396803,34.9160027138011,36.418038607122,2.2575763955791,37.7919247677954,39.436984381744,40.7997329087346,0.0620023962696,83,"1_JU3237_0.097",NA,"n>75",NA,NA,NA,"1",806.291096380612,-11.1556477141368
"20250529-CbDRC3-p034-m2x_B03_roi_0.png",20250529,"CbDRC3","p034","m2x","B03",0,867.238719918345,38.2857783250719,"","48h",10,"15hHB101","DMSO",1,"Closantel",0.195,NA,NA,"JU3237","1",NA,NA,NA,804.355774608911,391.624478124781,758.763550645973,782.76259377514,805.408366267481,59.7536785314257,841.591580561015,857.719828374667,880.313085104652,0.0742876229868292,36.8271035637105,21.0823266574096,34.3235113824796,35.7256054179365,37.2847083048025,2.58703981987489,38.3849034025415,39.2308141906141,40.5245536656947,0.070248256570038,82,"1_JU3237_0.195",NA,"n>75",NA,NA,NA,"1",806.291096380612,-0.882730113131174
"20250529-CbDRC3-p034-m2x_B04_roi_0.png",20250529,"CbDRC3","p034","m2x","B04",0,843.041987836112,34.5719430715129,"","48h",10,"15hHB101","DMSO",1,"Closantel",0.39,NA,NA,"JU3237","1",NA,NA,NA,800.628583048126,437.961555132393,768.33224740762,780.668083719059,803.411576417517,60.5682330436448,829.962759912966,849.373311078918,901.076221337571,0.0756508502520001,36.7206340643605,30.2481614582269,34.3067450105818,35.2909294973123,36.5212927038944,2.10585332795117,38.0038056259391,39.3593182305199,42.7540371319578,0.057347956581039,84,"1_JU3237_0.39",NA,"n>75",NA,NA,NA,"1",806.291096380612,-2.87951996309482
"20250529-CbDRC3-p034-m2x_B05_roi_0.png",20250529,"CbDRC3","p034","m2x","B05",0,833.840961785761,38.4421604269189,"","48h",10,"15hHB101","DMSO",1,"Closantel",0.78,NA,NA,"JU3237","1",NA,NA,NA,818.579962722588,753.01732098061,778.961777104392,798.987574001593,818.033758365105,30.7893526436398,837.045688736457,860.766667667018,882.909324606763,0.0376131276671307,36.6691635333441,31.0602542076773,34.1811156666967,35.3716169551805,36.5666054536784,2.09387974290301,38.4487329860162,39.0951658210939,41.3517338997913,0.0571019227367704,55,"1_JU3237_0.78",NA,NA,NA,NA,NA,"1",806.291096380612,11.7426619844924
"20250529-CbDRC3-p034-m2x_B06_roi_0.png",20250529,"CbDRC3","p034","m2x","B06",0,838.717198800566,36.5722525967979,"","48h",10,"15hHB101","DMSO",1,"Closantel",1.56,NA,NA,"JU3237","1",NA,NA,NA,792.245972901767,333.211247727322,760.091741163216,781.540255346036,804.541557202007,80.3091470599267,823.973952210076,849.526205741583,873.432208339355,0.101368955863262,35.8402459851411,17.3325000826405,33.6889085470592,34.7317161215142,36.0271214064971,3.43115411627644,37.543439339675,38.6402008224823,41.3360844560572,0.0957346698373374,81,"1_JU3237_1.56",NA,"n>75",NA,NA,NA,"1",806.291096380612,-1.74953917860489
"20250529-CbDRC3-p034-m2x_B07_roi_0.png",20250529,"CbDRC3","p034","m2x","B07",0,845.88760018389,38.2443751033547,"","48h",10,"15hHB101","DMSO",1,"Closantel",3.125,NA,NA,"JU3237","1",NA,NA,NA,779.551175712687,317.333300055007,743.146534575624,768.597221303511,785.229652530554,70.2362579128501,804.957341785758,830.340846424896,903.815884539134,0.0900983285011894,35.2888480878006,16.3047498168233,32.6878323248707,33.7629604241669,35.5336820205712,2.99912213721257,37.0149968217262,38.0633086536127,40.0815435124386,0.0849878162571528,78,"1_JU3237_3.125",NA,"n>75",NA,NA,NA,"1",806.291096380612,-21.0614438500581
"20250529-CbDRC3-p034-m2x_B08_roi_0.png",20250529,"CbDRC3","p034","m2x","B08",0,748.682446595051,32.5607761728572,"","48h",10,"15hHB101","DMSO",1,"Closantel",6.25,NA,NA,"JU3237","1",NA,NA,NA,732.98525155714,144.307657124195,658.352413638685,734.555175449763,752.501853716578,94.5412550672049,767.808290183257,783.987830456663,830.396169317479,0.128981115058404,33.2857947586836,16.0667837888922,30.2169792256361,32.1697982627878,33.7337543762108,3.27330692208768,34.6014651985094,36.2744920320294,39.947389402117,0.0983394551885754,52,"1_JU3237_6.25",NA,NA,NA,NA,NA,"1",806.291096380612,-53.7892426640344
"20250529-CbDRC3-p034-m2x_B09_roi_0.png",20250529,"CbDRC3","p034","m2x","B09",0,721.324041548631,26.5733290816226,"","48h",10,"15hHB101","DMSO",1,"Closantel",12.5,NA,NA,"JU3237","1",NA,NA,NA,635.113637920888,229.018756507392,583.640488094988,614.157627010116,636.403868053178,76.3268959390892,675.449857260624,701.492480011448,781.756926458205,0.120178329328517,28.8060538937948,16.9560120044673,26.6308763090768,27.4363633334041,28.9323619328187,2.30082769775872,30.2759803412584,31.3768638035978,33.3563260920166,0.0798730609281526,76,"1_JU3237_12.5",NA,"n>75",NA,NA,NA,"1",806.291096380612,-169.887228327434
"20250529-CbDRC3-p034-m2x_B10_roi_0.png",20250529,"CbDRC3","p034","m2x","B10",0,534.370307197427,24.9549435747664,"","48h",10,"15hHB101","DMSO",1,"Closantel",25,NA,NA,"JU3237","1",NA,NA,NA,494.456403622106,347.555514689311,429.290633858313,454.158054736491,501.119444064159,51.3250510500406,539.567077308814,552.579331579654,577.026442189333,0.103800963389416,23.6442381142181,17.4170173309585,21.825097163109,22.3543034825969,23.3544257870209,1.93390820453169,24.8806490088099,25.8866446537137,28.5611424554742,0.0817919442017785,58,"1_JU3237_25",NA,NA,NA,NA,NA,"1",806.291096380612,-305.171652316453
"20250529-CbDRC3-p034-m2x_B11_roi_0.png",20250529,"CbDRC3","p034","m2x","B11",0,427.491685619654,20.7023247140264,"","48h",10,"15hHB101","DMSO",1,"Closantel",50,NA,NA,"JU3237","1",NA,NA,NA,386.039434550191,165.773072449802,315.686845564545,350.867859118811,379.326512188281,67.5762206490007,428.950942202449,466.017389753345,585.761499380127,0.175050045671473,20.0027962073379,13.8796784230325,17.923678725641,18.7978115102532,19.9172927860952,1.83032093904617,21.3311559434595,22.2538087982648,24.6291642723682,0.091503253848816,67,"1_JU3237_50",NA,NA,NA,NA,NA,"1",806.291096380612,-426.964584192331
"20250529-CbDRC3-p034-m2x_B12_roi_0.png",20250529,"CbDRC3","p034","m2x","B12",0,447.093177675583,20.820790842666,"","48h",10,"15hHB101","DMSO",1,"Closantel",100,NA,NA,"JU3237","1",NA,NA,NA,338.30370236702,240.481675479363,280.883485690934,303.571284025308,328.681438040278,49.3697960499347,376.601388753787,403.859356303803,463.152987826782,0.145933360186446,18.9325819150744,14.3263322838054,17.0188318355454,18.0465942692121,18.8058469114562,1.69571522516493,20.0484389205288,21.1982186272775,22.2153908827345,0.0895659785216502,76,"1_JU3237_100",NA,"n>75",NA,NA,NA,"1",806.291096380612,-477.609658340334
"20250529-CbDRC3-p034-m2x_C01_roi_0.png",20250529,"CbDRC3","p034","m2x","C01",0,804.413263504409,38.9396352778968,"","48h",10,"15hHB101","DMSO",1,"Closantel",0,NA,NA,"VX34","1",NA,NA,NA,761.586920055697,603.147009173459,693.744904442348,730.298054837489,762.446623459672,60.3181879870468,802.26654028153,840.212661522096,863.220933248984,0.0792006616692361,36.3138474316209,29.5994190986324,31.9678531285629,33.4142821791564,36.6814269613868,3.68867193257979,39.6854161760903,40.6833970350072,43.481881552457,0.101577557694088,41,"1_VX34_0",NA,NA,NA,NA,NA,"1",765.858641051975,-3.41201759230296
"20250529-CbDRC3-p034-m2x_C02_roi_0.png",20250529,"CbDRC3","p034","m2x","C02",0,772.638516422304,36.5076277252306,"","48h",10,"15hHB101","DMSO",1,"Closantel",0.097,NA,NA,"VX34","1",NA,NA,NA,750.469743718014,207.092752878893,696.717001136639,735.706293346775,762.935394861507,88.0870822823249,785.513844434115,821.464220153328,859.599435271908,0.11737592757027,36.0142130081652,14.4303706878237,32.7736784778837,34.4726451619837,36.5076277252306,3.97531145215487,38.4138525374541,39.5300360283705,41.1668397348379,0.11038173876668,57,"1_VX34_0.097",NA,NA,NA,NA,NA,"1",765.858641051975,-2.92324619046769
"20250529-CbDRC3-p034-m2x_C03_roi_0.png",20250529,"CbDRC3","p034","m2x","C03",0,804.925200666061,36.6699110042515,"","48h",10,"15hHB101","DMSO",1,"Closantel",0.195,NA,NA,"VX34","1",NA,NA,NA,763.885693410589,190.219387834982,699.590188133965,734.027585561139,775.492418095979,87.4080534352266,812.026483505933,840.065019193344,860.242792348945,0.114425566795168,36.5715572490415,13.3700274334362,32.7362269242675,34.8419815443831,37.4356248818263,4.0876354017817,39.0967222959013,40.4943958953027,42.1005769974821,0.111770887248419,67,"1_VX34_0.195",NA,NA,NA,NA,NA,"1",765.858641051975,9.6337770440042
"20250529-CbDRC3-p034-m2x_C05_roi_0.png",20250529,"CbDRC3","p034","m2x","C05",0,814.681966744607,38.2627334621253,"","48h",10,"15hHB101","DMSO",1,"Closantel",0.78,NA,NA,"VX34","1",NA,NA,NA,763.93100669483,498.872478876048,705.982735148152,738.505598782376,773.220450709161,67.7741620755883,803.54325372815,838.953866454809,863.056801307828,0.0887176479049007,36.4492126497716,28.0811584440546,32.6416737880303,34.1521989465649,36.7678517811185,3.25837634878534,38.9279444646403,40.7053345390147,41.6640304111959,0.0893949721244736,44,"1_VX34_0.78",NA,NA,NA,NA,NA,"1",765.858641051975,7.36180965718563
"20250529-CbDRC3-p034-m2x_C06_roi_0.png",20250529,"CbDRC3","p034","m2x","C06",0,773.322062304418,38.9670180661081,"","48h",10,"15hHB101","DMSO",1,"Closantel",1.56,NA,NA,"VX34","1",NA,NA,NA,748.525196997797,550.659529852728,704.723803504935,722.647180318741,750.228947435858,60.8404349096385,786.838280545058,825.110208359177,840.367359009107,0.0812804100031084,35.0717120776748,25.615787067799,31.4860721787844,33.0381289676289,35.4416210733272,3.48525779614012,37.7006366679216,38.7914658388394,41.0572328637101,0.0993751827233632,46,"1_VX34_1.56",NA,NA,NA,NA,NA,"1",765.858641051975,-15.6296936161167
"20250529-CbDRC3-p034-m2x_C07_roi_0.png",20250529,"CbDRC3","p034","m2x","C07",0,771.643477431177,36.5419674082439,"","48h",10,"15hHB101","DMSO",1,"Closantel",3.125,NA,NA,"VX34","1",NA,NA,NA,737.136001704299,583.365225873119,681.878605622366,708.395326266773,730.486708436021,49.3548747410854,766.187042590533,802.470325636673,858.269773488781,0.0669549101210282,35.7215000377597,27.7750384369556,32.5423309543923,33.9287886088907,36.0806685879329,2.74762791336677,37.5526562741237,38.6332062882015,42.2695119844552,0.0769180440480485,47,"1_VX34_3.125",NA,NA,NA,NA,NA,"1",765.858641051975,-35.3719326159544
"20250529-CbDRC3-p034-m2x_C08_roi_0.png",20250529,"CbDRC3","p034","m2x","C08",0,722.208714941719,33.1309876961672,"","48h",10,"15hHB101","DMSO",1,"Closantel",6.25,NA,NA,"VX34","1",NA,NA,NA,645.43826429889,545.965756950829,585.356414964656,606.227271575822,640.968697669726,53.9194842751198,667.826363118263,726.939250420343,780.349839073253,0.0835393363820629,30.9278739820672,25.3183255159813,27.7908953682014,29.6108227565532,30.9799346104574,2.52593209790015,32.4357100635191,33.5441236947925,39.6287223140383,0.0816717016942305,58,"1_VX34_6.25",NA,NA,NA,NA,NA,"1",765.858641051975,-124.889943382249
"20250529-CbDRC3-p034-m2x_C09_roi_0.png",20250529,"CbDRC3","p034","m2x","C09",0,596.229530730855,27.7473923846051,"","48h",10,"15hHB101","DMSO",1,"Closantel",12.5,NA,NA,"VX34","1",NA,NA,NA,536.529491642615,298.9388458657,421.857434095562,487.59029756297,565.75585130947,79.8535571505396,596.246149105835,609.063680024612,622.081508722155,0.148833490785499,26.0110009204475,14.8842360054688,20.5210560492379,23.938606114483,26.7198282379649,3.76974987665922,28.8940936165758,30.316381940543,31.7447154938385,0.144929058600578,56,"1_VX34_12.5",NA,NA,NA,NA,NA,"1",765.858641051975,-200.102789742505
"20250529-CbDRC3-p034-m2x_C11_roi_0.png",20250529,"CbDRC3","p034","m2x","C11",0,442.415833423801,22.5713218159092,"","48h",10,"15hHB101","DMSO",1,"Closantel",50,NA,NA,"VX34","1",NA,NA,NA,272.062208270677,167.413213418117,206.718155485859,245.409976536171,269.319746230611,55.5624081940825,296.961917692197,331.246395545536,442.415833423801,0.204226851451573,16.3311427779187,12.4990630750483,14.0323540541621,15.0662591959643,16.0501769717759,2.31380854249417,17.0593457350728,18.3336284526482,26.2438049745621,0.141680749103649,60,"1_VX34_50",NA,NA,NA,NA,NA,"1",765.858641051975,-496.538894821364
"20250529-CbDRC3-p034-m2x_C12_roi_0.png",20250529,"CbDRC3","p034","m2x","C12",0,292.871375830059,15.8370461143772,"","48h",10,"15hHB101","DMSO",1,"Closantel",100,NA,NA,"VX34","1",NA,NA,NA,246.261215871838,174.093391383685,207.371228539227,221.556626342329,240.32294721691,43.0010383410355,261.575148170982,299.609078963739,412.474486534478,0.174615552793398,15.3804312534965,13.0638075229884,13.9790970457259,14.3152531931859,14.8946694946418,1.73529989554986,15.6171792845692,18.3951489961033,20.5004285580857,0.112825178107758,40,"1_VX34_100",NA,NA,NA,NA,NA,"1",765.858641051975,-525.535693835065
"20250529-CbDRC3-p034-m2x_D01_roi_0.png",20250529,"CbDRC3","p034","m2x","D01",0,759.560903420402,33.6291857681351,"","48h",10,"15hHB101","DMSO",1,"Closantel",0,NA,NA,"NIC1667","1",NA,NA,NA,702.594913638952,375.306457131759,613.886487496197,696.355903128102,719.227905567371,70.7010431196233,746.447970029527,764.048239016709,790.070716124554,0.10062845851451,32.7886407617274,22.50823688504,29.0978793152083,30.8236970544388,33.4584240919069,2.87235009113497,34.6964528959084,35.9807268108787,37.955231846011,0.0876019872860277,65,"1_NIC1667_0",NA,NA,NA,NA,NA,"1",722.159115222897,-2.93120965552623
"20250529-CbDRC3-p034-m2x_D02_roi_0.png",20250529,"CbDRC3","p034","m2x","D02",0,727.723870354464,32.9696332370888,"","48h",10,"15hHB101","DMSO",1,"Closantel",0.097,NA,NA,"NIC1667","1",NA,NA,NA,694.804514645502,115.362374527126,623.926674040005,672.467857157175,719.086206802685,102.260708106629,743.747209939729,767.976438578524,811.40623947749,0.147179107146135,32.0130727289455,14.7012128645821,28.3822820105527,30.2447189237737,32.8591295206895,3.71311133525146,34.4456552792164,35.157846325185,38.6090581023813,0.115987345753728,70,"1_NIC1667_0.097",NA,NA,NA,NA,NA,"1",722.159115222897,-3.07290842021189
"20250529-CbDRC3-p034-m2x_D03_roi_0.png",20250529,"CbDRC3","p034","m2x","D03",0,773.933383864685,32.1201580209272,"","48h",10,"15hHB101","DMSO",1,"Closantel",0.195,NA,NA,"NIC1667","1",NA,NA,NA,715.778308330595,306.12494333738,651.397592030137,710.41725878168,734.07891555564,78.1814109630754,753.165337998968,766.406780526532,814.854797217118,0.109225733796568,32.3072001849326,16.3360140095335,29.4816640682584,30.6426387514599,32.2517354188255,3.0856504007168,34.6737929806214,35.4227522694096,37.3665012070577,0.0955096815277693,61,"1_NIC1667_0.195",NA,NA,NA,NA,NA,"1",722.159115222897,11.9198003327429
"20250529-CbDRC3-p034-m2x_D04_roi_0.png",20250529,"CbDRC3","p034","m2x","D04",0,752.130813600059,32.6214181936599,"","48h",10,"15hHB101","DMSO",1,"Closantel",0.39,NA,NA,"NIC1667","1",NA,NA,NA,705.850736734427,555.802395538603,612.0756786831,685.383103210346,725.600788255315,60.3748386255416,745.617260687332,752.80102839216,806.411851683126,0.0855348524602551,31.7344374183431,25.9721650038081,28.5692094029367,30.4790016541018,31.7443010061628,2.4539546775501,33.5132175819271,34.6954179071909,36.7322598934379,0.0773278141093393,48,"1_NIC1667_0.39",NA,NA,NA,NA,NA,"1",722.159115222897,3.44167303241761
"20250529-CbDRC3-p034-m2x_D05_roi_0.png",20250529,"CbDRC3","p034","m2x","D05",0,784.165268353267,33.0663551435232,"","48h",10,"15hHB101","DMSO",1,"Closantel",0.78,NA,NA,"NIC1667","1",NA,NA,NA,707.215314143193,146.415226188378,629.339555696209,686.018266530533,722.17124485425,92.5537299509721,762.292818657004,788.249027526771,808.943627154209,0.130870652968118,32.0438693823951,12.830828558138,29.1191671807253,30.8809536535397,32.5562680167828,3.7471277880255,33.9664790282045,35.2002578102633,39.2406068063372,0.116937431722405,63,"1_NIC1667_0.78",NA,NA,NA,NA,NA,"1",722.159115222897,0.0121296313533321
"20250529-CbDRC3-p034-m2x_D06_roi_0.png",20250529,"CbDRC3","p034","m2x","D06",0,727.910982777405,31.373236356073,"","48h",10,"15hHB101","DMSO",1,"Closantel",1.56,NA,NA,"NIC1667","1",NA,NA,NA,706.426248960301,516.030686936696,640.0785688587,690.680849732616,714.360398133157,52.5806929558549,731.755251661151,754.086497530866,854.039269410466,0.0744319637516892,31.7103649127968,24.8282865092682,28.7760182569896,30.4744177273889,31.8516118769959,2.56795457832281,33.076613398589,34.2548496164565,37.944510440425,0.0809815524162104,59,"1_NIC1667_1.56",NA,NA,NA,"outlier","outlier","1",722.159115222897,-7.79871708973985
"20250529-CbDRC3-p034-m2x_D07_roi_0.png",20250529,"CbDRC3","p034","m2x","D07",0,775.351811937364,30.5540981944115,"","48h",10,"15hHB101","DMSO",1,"Closantel",3.125,NA,NA,"NIC1667","1",NA,NA,NA,698.463013765705,601.678427127214,646.677381224818,674.008008079888,698.362604949538,39.5457182270914,724.936396421391,740.08522627901,823.785043149415,0.056618199457526,31.7764520909285,28.2544901317286,29.0738734168519,30.6731835328623,31.5076998293906,2.10212053130632,32.9556362748687,34.3403820945143,41.1866982082268,0.0661534058393645,76,"1_NIC1667_3.125",NA,"n>75",NA,NA,NA,"1",722.159115222897,-23.7965102733594
"20250529-CbDRC3-p034-m2x_D08_roi_0.png",20250529,"CbDRC3","p034","m2x","D08",0,695.759679063751,28.0370934813444,"","48h",10,"15hHB101","DMSO",1,"Closantel",6.25,NA,NA,"NIC1667","1",NA,NA,NA,676.034394504861,545.375869079278,616.122482211249,642.321404912383,678.192494625619,53.749272599286,703.06195827495,745.63817352975,810.713212213041,0.0795067130255301,30.4021628806017,26.9082063816271,27.97999521001,29.191753708708,30.2227181860986,1.93668387554704,31.3525860990335,32.8755375638467,36.968222336927,0.0637021741891513,59,"1_NIC1667_6.25",NA,NA,NA,NA,NA,"1",722.159115222897,-43.9666205972783
"20250529-CbDRC3-p034-m2x_D09_roi_0.png",20250529,"CbDRC3","p034","m2x","D09",0,616.091219458862,28.825888132028,"","48h",10,"15hHB101","DMSO",1,"Closantel",12.5,NA,NA,"NIC1667","1",NA,NA,NA,611.090625514838,453.081765754578,579.753451927324,596.048367521789,615.720196554829,35.4323903190798,631.665869198207,648.277117126904,694.447016893884,0.0579822187408428,28.3795036389718,24.0325872031437,26.6792948290005,27.5758687781705,28.3781915007089,1.61453805053469,29.273318077279,30.5577342866472,31.7136881709592,0.0568909897464712,59,"1_NIC1667_12.5",NA,NA,NA,NA,NA,"1",722.159115222897,-106.438918668068
"20250529-CbDRC3-p034-m2x_D10_roi_0.png",20250529,"CbDRC3","p034","m2x","D10",0,584.599809945382,27.071332866541,"","48h",10,"15hHB101","DMSO",1,"Closantel",25,NA,NA,"NIC1667","1",NA,NA,NA,493.079598915343,195.238963768738,436.744874407352,467.333482753242,496.688899452632,64.1748916973587,539.749110227137,555.717194225829,584.599809945382,0.130151180131013,23.6999224630146,13.8782411277556,20.8310862498174,22.6943662452437,24.0481418900356,2.6285114151911,25.170366841215,26.5565004567489,29.8587680643934,0.11090801749639,60,"1_NIC1667_25",NA,NA,NA,NA,NA,"1",722.159115222897,-225.470215770266
"20250529-CbDRC3-p034-m2x_D11_roi_0.png",20250529,"CbDRC3","p034","m2x","D11",0,463.348371225993,23.4636062669166,"","48h",10,"15hHB101","DMSO",1,"Closantel",50,NA,NA,"NIC1667","1",NA,NA,NA,403.232213889019,291.068066580623,325.646330827816,344.089424874575,413.497572770241,62.0996854550433,440.069862882626,486.554742468786,530.87802921349,0.154004772724172,20.5516425853885,15.5179962187165,17.9737599202534,18.7131942991876,20.2950044110183,2.41338074517487,22.0658713789376,23.5335530171535,26.015390611679,0.117430065998262,57,"1_NIC1667_50",NA,NA,NA,NA,NA,"1",722.159115222897,-308.661542452656
"20250529-CbDRC3-p034-m2x_D12_roi_0.png",20250529,"CbDRC3","p034","m2x","D12",0,285.425859402709,18.052285018742,"","48h",10,"15hHB101","DMSO",1,"Closantel",100,NA,NA,"NIC1667","1",NA,NA,NA,315.877846451542,196.390164257561,266.976116915487,284.216779085022,311.180970721205,55.298991109795,340.532757502228,364.787504809983,479.952793462633,0.17506448056109,17.5842545216225,12.9509242682922,16.1122906538782,16.7757643121264,17.285755858401,1.79813065860062,18.2742214822318,19.8181073334995,23.0898299303609,0.102257997709801,53,"1_NIC1667_100",NA,NA,NA,NA,NA,"1",722.159115222897,-410.978144501692
"20250529-CbDRC3-p034-m2x_E01_roi_0.png",20250529,"CbDRC3","p034","m2x","E01",0,792.006286978776,37.9697829442322,"","48h",10,"15hHB101","DMSO",1,"Closantel",0,NA,NA,"PB420","1",NA,NA,NA,740.398607730569,575.243403721646,678.177458870971,727.294071541791,750.9807091188,47.6253096137758,766.593491072846,786.02752079211,803.195140886366,0.0643238778632424,36.2684959335267,27.5471355185718,32.8165175839824,34.8186658210286,36.7566054321218,2.84710893220525,38.3812124607032,39.6699357624764,40.5541763253369,0.0785008823476844,53,"1_PB420_0",NA,NA,NA,NA,NA,"1",752.470008939206,-1.48929982040647
"20250529-CbDRC3-p034-m2x_E02_roi_0.png",20250529,"CbDRC3","p034","m2x","E02",0,760.018439196061,35.1255828024431,"","48h",10,"15hHB101","DMSO",1,"Closantel",0.097,NA,NA,"PB420","1",NA,NA,NA,757.208997506258,678.182845108518,722.566432865797,737.253207738707,757.956755151287,30.754201470371,771.378825410511,799.716832657824,815.503370996901,0.0406152087094249,36.6681570783764,29.246521828944,34.2382557680217,35.4271017927712,36.4857973346349,2.41979673146274,38.0321333920389,40.0640330240176,41.9582459774642,0.0659917739059136,60,"1_PB420_0.097",NA,NA,NA,NA,NA,"1",752.470008939206,5.48674621208056
"20250529-CbDRC3-p034-m2x_E03_roi_0.png",20250529,"CbDRC3","p034","m2x","E03",0,741.953394639547,35.3094807723278,"","48h",10,"15hHB101","DMSO",1,"Closantel",0.195,NA,NA,"PB420","1",NA,NA,NA,747.683400381877,556.730597297579,704.594873137519,724.456686355757,757.017954593195,53.5983396825754,776.929906994515,795.943644020764,831.550642580568,0.0716858762080316,36.2697290707869,26.7599173802531,32.8823203921365,34.5262402053607,36.5284734158894,3.20448746006244,38.6843957687535,40.0840199122764,42.5946102977986,0.0883515687092207,71,"1_PB420_0.195",NA,NA,NA,NA,NA,"1",752.470008939206,4.54794565398879
"20250529-CbDRC3-p034-m2x_E04_roi_0.png",20250529,"CbDRC3","p034","m2x","E04",0,766.595741694406,37.8378957056022,"","48h",10,"15hHB101","DMSO",1,"Closantel",0.39,NA,NA,"PB420","1",NA,NA,NA,753.9990889591,494.091502271214,724.3942260516,737.246673634144,756.532998414752,50.543715935842,780.983465333567,800.176551847282,864.735030396508,0.0670341870115757,36.4419690024318,26.4636414018292,33.6665310155726,34.9945271542409,36.485447365807,2.56345572693218,37.8958469084843,39.7787719047218,40.4091929736546,0.0703435022065114,51,"1_PB420_0.39",NA,NA,NA,NA,NA,"1",752.470008939206,4.06298947554626
"20250529-CbDRC3-p034-m2x_E05_roi_0.png",20250529,"CbDRC3","p034","m2x","E05",0,727.848242187728,34.7326794711375,"","48h",10,"15hHB101","DMSO",1,"Closantel",0.78,NA,NA,"PB420","1",NA,NA,NA,749.284985771348,619.089544766577,712.203901133007,730.240614710431,749.109225251854,38.3534942577056,771.871085171643,794.689204979153,816.677431263331,0.0511867913891571,36.0317341919374,30.0372690283182,33.0328739109013,34.8392241850381,35.9602471027382,2.3925105276611,37.298115287942,38.9357662926841,41.9528280187306,0.0664000937317211,63,"1_PB420_0.78",NA,NA,NA,NA,NA,"1",752.470008939206,-3.36078368735195
"20250529-CbDRC3-p034-m2x_E06_roi_0.png",20250529,"CbDRC3","p034","m2x","E06",0,734.898188684151,34.9225765577382,"","48h",10,"15hHB101","DMSO",1,"Closantel",1.56,NA,NA,"PB420","1",NA,NA,NA,740.944921463662,656.024444287194,696.049014332012,719.862064212967,742.367754981704,33.971825725879,764.303783134324,784.185192971406,807.46118938698,0.0458493266392475,35.5751691390791,30.0610027572846,33.0435429927704,33.9837666469284,35.5627265427827,2.27764432242542,36.7818982860442,38.620225367911,39.9502672969782,0.0640234291935787,55,"1_PB420_1.56",NA,NA,NA,NA,NA,"1",752.470008939206,-10.1022539575021
"20250529-CbDRC3-p034-m2x_E07_roi_0.png",20250529,"CbDRC3","p034","m2x","E07",0,715.401474440229,33.8335078677682,"","48h",10,"15hHB101","DMSO",1,"Closantel",3.125,NA,NA,"PB420","1",NA,NA,NA,715.471145878111,541.809557685856,661.017760087417,694.064008118195,722.623177092356,44.9472411145142,743.382774714709,767.952866345148,797.446137910606,0.0628218781057195,34.4612056198118,27.8853321696075,31.8829373019145,32.9137574316199,34.1412189341665,2.55367752932466,35.8910166328086,37.2727228719891,41.0979443233346,0.074102965447516,64,"1_PB420_3.125",NA,NA,NA,NA,NA,"1",752.470008939206,-29.8468318468503
"20250529-CbDRC3-p034-m2x_E08_roi_0.png",20250529,"CbDRC3","p034","m2x","E08",0,665.550524384957,31.3514538198227,"","48h",10,"15hHB101","DMSO",1,"Closantel",6.25,NA,NA,"PB420","1",NA,NA,NA,660.3517107574,570.984509286001,593.731618998048,625.025460877506,662.687608745462,46.0967572700386,697.922841155649,713.850554010609,744.473844971048,0.0698063721485135,32.0746315405214,25.8784015537327,29.2791146797508,30.1811417549956,31.6627020827444,2.4011763507018,34.1859102262046,35.1172227348443,36.3079370790265,0.0748621647506156,55,"1_PB420_6.25",NA,NA,NA,NA,NA,"1",752.470008939206,-89.7824001937443
"20250529-CbDRC3-p034-m2x_E09_roi_0.png",20250529,"CbDRC3","p034","m2x","E09",0,586.155537035838,26.8036127038627,"","48h",10,"15hHB101","DMSO",1,"Closantel",12.5,NA,NA,"PB420","1",NA,NA,NA,582.577915527064,473.0461338713,554.033456490809,569.49118220512,581.390924176236,30.8820002965377,593.982302458193,614.896011047032,663.47421409077,0.0530092189790587,28.0549393457058,23.2397350093876,25.3548616763564,26.8198935397136,27.9905008694196,2.15820237755963,29.3845126963974,30.5105948251402,33.6236122981119,0.0769277149725854,55,"1_PB420_12.5",NA,NA,NA,"outlier","outlier","1",752.470008939206,-171.079084762971
"20250529-CbDRC3-p034-m2x_E10_roi_0.png",20250529,"CbDRC3","p034","m2x","E10",0,523.094544893914,22.969552848953,"","48h",10,"15hHB101","DMSO",1,"Closantel",25,NA,NA,"PB420","1",NA,NA,NA,453.298176141453,175.936395622887,379.927409648404,426.01520895481,458.072272856789,81.8014305276724,513.743060205181,538.537733258127,553.752286343864,0.180458327064052,22.8794739200723,13.2799308697205,19.6953333547369,21.9816589345653,22.9490289622335,3.04479341034647,24.6484869734438,26.1518156323293,27.7257957179353,0.133079694969527,46,"1_PB420_25",NA,NA,NA,"outlier","outlier","1",752.470008939206,-294.397736082417
"20250529-CbDRC3-p034-m2x_E11_roi_0.png",20250529,"CbDRC3","p034","m2x","E11",0,480.523175422955,25.8599383903925,"","48h",10,"15hHB101","DMSO",1,"Closantel",50,NA,NA,"PB420","1",NA,NA,NA,397.881236954939,193.270628383802,330.024284665077,371.039083510404,405.740726233361,58.8680073564941,429.505076467507,450.804349568902,563.149938248717,0.147953715553471,21.0455226491743,13.4600509355272,18.4269931748025,19.9690284017518,20.9094515196357,2.22032234646844,22.6483632410317,23.4899089407362,25.8599383903925,0.105500936397773,56,"1_PB420_50",NA,NA,NA,NA,NA,"1",752.470008939206,-346.729282705845
"20250529-CbDRC3-p034-m2x_E12_roi_0.png",20250529,"CbDRC3","p034","m2x","E12",0,392.09752079039,21.0129085922695,"","48h",10,"15hHB101","DMSO",1,"Closantel",100,NA,NA,"PB420","1",NA,NA,NA,341.295338660489,246.617754069677,282.746703394327,299.828388123316,349.459972390243,46.5739703425557,374.633273088488,394.700437002687,431.890863171079,0.136462368707842,19.2607922564661,15.2595696881674,17.1646675677862,18.0739801771171,19.1116316390723,1.75406064643233,20.9479217541699,21.6617057890279,22.1420303699498,0.0910689769702214,48,"1_PB420_100",NA,NA,NA,NA,NA,"1",752.470008939206,-403.010036548963
"20250529-CbDRC3-p034-m2x_F01_roi_0.png",20250529,"CbDRC3","p034","m2x","F01",0,762.388523975637,31.1791432909085,"","48h",10,"15hHB101","DMSO",1,"Closantel",0,NA,NA,"ED3102","1",NA,NA,NA,747.08780869526,520.658143419463,706.339279909057,741.812041766088,759.510254656947,46.711524587093,773.600782070961,781.857264722385,808.667506657284,0.0625248117335385,34.2765699932388,28.1825105439061,31.9733793712787,33.1441748572501,34.2505083561316,1.9777137594156,35.7232630148527,36.8180266626933,38.0372025603307,0.0576987067202382,80,"1_ED3102_0",NA,"n>75",NA,NA,NA,"1",756.303082720057,3.2071719368904
"20250529-CbDRC3-p034-m2x_F02_roi_0.png",20250529,"CbDRC3","p034","m2x","F02",0,742.199302892403,33.386670190356,"","48h",10,"15hHB101","DMSO",1,"Closantel",0.097,NA,NA,"ED3102","1",NA,NA,NA,746.286601880582,403.738507175995,712.53540401189,733.310356481708,756.891286819362,53.547044856041,769.731956875153,787.755946017954,824.548342978886,0.0717513147376715,34.5236976873123,20.3892714055341,32.1027267049031,33.2467572253243,34.373776574824,2.86989117218937,36.4261852400399,37.7327781077504,39.4326645259357,0.0831281515144325,91,"1_ED3102_0.097",NA,"n>75",NA,NA,NA,"1",756.303082720057,0.588204099305131
"20250529-CbDRC3-p034-m2x_F03_roi_0.png",20250529,"CbDRC3","p034","m2x","F03",0,781.433345335099,32.8847433106831,"","48h",10,"15hHB101","DMSO",1,"Closantel",0.195,NA,NA,"ED3102","1",NA,NA,NA,748.242796452074,656.221148447392,710.359105574262,730.689217915316,749.803343570419,30.5703425665341,769.848143274586,782.694377218823,804.940708609065,0.0408561802552444,34.8199763032802,30.1277791328599,32.8490051517354,33.3964855226156,34.6423007989642,1.67288031173525,36.0231169289868,36.9994138173764,38.3227949977099,0.0480436947218042,75,"1_ED3102_0.195",NA,NA,NA,NA,NA,"1",756.303082720057,-6.49973914963834
"20250529-CbDRC3-p034-m2x_F04_roi_0.png",20250529,"CbDRC3","p034","m2x","F04",0,512.011305099966,52.6688546221462,"","48h",10,"15hHB101","DMSO",1,"Closantel",0.39,NA,NA,"ED3102","1",NA,NA,NA,742.37037266915,512.011305099966,698.839657725279,725.397689022333,749.991935655844,43.7788892057643,767.746062165039,778.528424823166,877.425344251923,0.0589717623675629,34.9722783947734,25.9069528009309,32.1028456070553,33.3681294052355,34.8140321463837,2.87577699777769,36.5119836259072,37.3768735548766,52.6688546221462,0.0822301871589663,107,"1_ED3102_0.39",NA,"n>75",NA,NA,NA,"1",756.303082720057,-6.31114706421329
"20250529-CbDRC3-p034-m2x_F05_roi_0.png",20250529,"CbDRC3","p034","m2x","F05",0,744.249950019731,36.1732418171665,"","48h",10,"15hHB101","DMSO",1,"Closantel",0.78,NA,NA,"ED3102","1",NA,NA,NA,752.747799700542,675.482924432417,713.410426261143,734.413408549665,755.591543245612,31.9537978324582,770.015200401067,782.732260516525,887.137527185387,0.0424495399988815,34.7745650788141,28.2064363578246,32.8881468240305,33.7579745000717,34.9249576256156,1.75737670411467,35.7659375127908,36.4796385726682,39.6809084181265,0.0505362669563717,77,"1_ED3102_0.78",NA,"n>75",NA,NA,NA,"1",756.303082720057,-0.711539474445431
"20250529-CbDRC3-p034-m2x_F06_roi_0.png",20250529,"CbDRC3","p034","m2x","F06",0,710.004281563348,30.0399993346973,"","48h",10,"15hHB101","DMSO",1,"Closantel",1.56,NA,NA,"ED3102","1",NA,NA,NA,731.767435387072,532.44601802626,690.286676258925,716.926448426268,736.329049401711,37.8893222313122,752.597004285793,772.374628987389,795.378833538707,0.0517778195626736,33.9630714582667,28.0442417402156,30.7933890945458,32.6663467305159,33.7277450087245,2.83267637147828,35.1116595556512,36.5681198501734,45.9438908174066,0.0834045994620665,80,"1_ED3102_1.56",NA,"n>75",NA,NA,NA,"1",756.303082720057,-19.9740333183457
"20250529-CbDRC3-p034-m2x_F07_roi_0.png",20250529,"CbDRC3","p034","m2x","F07",0,761.523675899455,32.1231038820733,"","48h",10,"15hHB101","DMSO",1,"Closantel",3.125,NA,NA,"ED3102","1",NA,NA,NA,707.457772614464,636.929032727213,668.992690292123,691.080123238838,709.980595108092,28.8607468127849,726.618504136054,742.061342273883,772.815530701426,0.0407950098648684,33.1052107756695,28.0218824219294,30.4195019361867,32.0478234853368,33.0669355067664,1.88310448555432,34.4177471597168,35.5285801285126,37.0893649835031,0.0568824194570088,67,"1_ED3102_3.125",NA,NA,NA,NA,NA,"1",756.303082720057,-46.3224876119652
"20250529-CbDRC3-p034-m2x_F08_roi_0.png",20250529,"CbDRC3","p034","m2x","F08",0,578.648227997311,26.7531888581638,"","48h",10,"15hHB101","DMSO",1,"Closantel",6.25,NA,NA,"ED3102","1",NA,NA,NA,619.696262384962,359.476627091892,578.201505537008,601.450243526254,617.92485384696,45.9480145180962,643.179669559919,673.338824911627,694.545746155588,0.0741460249272132,29.6201878173108,17.8750914330852,27.8576953132171,28.7125364140088,29.8920347365598,2.13754123151711,30.882831734899,31.6184072730769,32.7803421431206,0.0721650127507928,72,"1_ED3102_6.25",NA,NA,NA,NA,NA,"1",756.303082720057,-138.378228873097
"20250529-CbDRC3-p034-m2x_F09_roi_0.png",20250529,"CbDRC3","p034","m2x","F09",0,584.085793927599,26.5078618608531,"","48h",10,"15hHB101","DMSO",1,"Closantel",12.5,NA,NA,"ED3102","1",NA,NA,NA,538.507768815942,200.193476383333,510.887056647381,529.983053132755,545.956519726965,51.7757388768156,561.981785986499,575.482417740691,602.233253469742,0.096146688822445,25.7873546143605,12.1442286029247,23.5883886827091,24.7032171300057,25.9459483587065,2.68059615176501,27.1551228941467,28.3023275001071,34.8606112228795,0.103950024802941,95,"1_ED3102_12.5",NA,"n>75",NA,NA,NA,"1",756.303082720057,-210.346562993092
"20250529-CbDRC3-p034-m2x_F10_roi_0.png",20250529,"CbDRC3","p034","m2x","F10",0,433.191117297139,22.2476583208097,"","48h",10,"15hHB101","DMSO",1,"Closantel",25,NA,NA,"ED3102","1",NA,NA,NA,407.492447769285,275.778324789528,363.598044600048,397.233805517436,413.044296030408,41.0784235926343,433.191117297139,449.684304375176,479.09517742245,0.100807815746053,21.1931271307567,14.9376107687054,19.213674646619,20.295696587777,21.2319367940175,1.71029941016903,22.3014399494706,23.0280104210874,23.983541929974,0.0807006629846027,73,"1_ED3102_25",NA,NA,NA,NA,NA,"1",756.303082720057,-343.258786689649
"20250529-CbDRC3-p034-m2x_F11_roi_0.png",20250529,"CbDRC3","p034","m2x","F11",0,407.69675129745,20.568515312894,"","48h",10,"15hHB101","DMSO",1,"Closantel",50,NA,NA,"ED3102","1",NA,NA,NA,329.347334745603,247.63505497264,285.613626993119,302.932743136687,317.590289155925,42.1851328857804,354.116687633425,387.359755937174,446.797485864312,0.128087063216605,17.7899995705337,15.1366165670234,16.1056116478184,17.2038971922127,17.7270164282321,1.36568456630093,18.4567814520651,19.2383657500951,21.6035754757984,0.0767669814092051,60,"1_ED3102_50",NA,NA,NA,NA,NA,"1",756.303082720057,-438.712793564132
"20250529-CbDRC3-p034-m2x_F12_roi_0.png",20250529,"CbDRC3","p034","m2x","F12",0,308.947317996014,17.4390952888214,"","48h",10,"15hHB101","DMSO",1,"Closantel",100,NA,NA,"ED3102","1",NA,NA,NA,275.388069220349,176.193883942759,229.946314107413,253.011984656116,268.435896744578,39.2355412742486,303.386775449538,311.322346196376,376.79371039796,0.142473642323461,16.721552339718,14.3029199460004,15.1530904591354,15.8570907775467,16.4975873487257,1.43669683477619,17.215044481941,18.3603647264219,21.8664638288512,0.0859188671953422,61,"1_ED3102_100",NA,NA,NA,NA,NA,"1",756.303082720057,-487.867185975479
"20250529-CbDRC3-p035-m2x_A01_roi_0.png",20250529,"CbDRC3","p035","m2x","A01",0,796.041925251043,36.118793848638,"","48h",10,"15hHB101","DMSO",1,"Closantel",0,NA,NA,"ECA2666","1",NA,NA,NA,737.561203299845,373.583227795352,661.967570723037,726.202497069782,751.159244641,78.5664310136842,777.543523038919,795.144788459866,871.512123943655,0.106521913926842,33.487821004194,20.4250766086855,30.4064000376865,32.559678883151,34.0958160219172,3.16590217036679,35.2958834823381,36.5186969099631,39.6654918356412,0.094538912220365,58,"1_ECA2666_0",NA,NA,NA,NA,NA,"1",754.074163879375,-2.91491923837452
"20250529-CbDRC3-p035-m2x_A02_roi_0.png",20250529,"CbDRC3","p035","m2x","A02",0,735.488402707695,32.7684856928684,"","48h",10,"15hHB101","DMSO",1,"Closantel",0.097,NA,NA,"ECA2666","1",NA,NA,NA,727.301712783092,453.28397203409,658.39601176737,695.157650790776,741.293762137779,61.4900084483297,767.921978238065,785.207910577685,809.424827090605,0.084545392053364,33.1079542134959,25.5402463609306,29.2865755947569,31.1030651408683,33.339246578435,3.06206453507489,35.2037178385351,37.0596960184204,39.3954265719989,0.0924872770854169,77,"1_ECA2666_0.097",NA,"n>75",NA,NA,NA,"1",754.074163879375,-12.7804017415958
"20250529-CbDRC3-p035-m2x_A03_roi_0.png",20250529,"CbDRC3","p035","m2x","A03",0,780.650518418582,33.1959359093962,"","48h",10,"15hHB101","DMSO",1,"Closantel",0.195,NA,NA,"ECA2666","1",NA,NA,NA,739.887056928766,414.923047216666,698.416768782243,724.546609510722,751.549041699965,55.0443230503618,762.916448800486,784.927476777921,811.141539951718,0.0743955750203931,33.5981543576097,26.162856184923,30.6147737035245,31.5403511948519,33.4955093340584,2.80399390490914,35.5720301185833,36.7867463524706,39.9170316722281,0.083456783818069,70,"1_ECA2666_0.195",NA,NA,NA,NA,NA,"1",754.074163879375,-2.52512217940955
"20250529-CbDRC3-p035-m2x_A04_roi_0.png",20250529,"CbDRC3","p035","m2x","A04",0,730.374299611017,33.9391873948592,"","48h",10,"15hHB101","DMSO",1,"Closantel",0.39,NA,NA,"ECA2666","1",NA,NA,NA,733.09765169648,569.765630519744,668.878066043543,718.035287612407,743.556644091143,47.1420526289142,763.140424081043,786.859754000508,810.158395341087,0.0643052839138436,33.4469924919757,27.3094722390362,29.7625035560884,31.7601774441582,33.4455452578597,2.79910735090333,35.5209474611165,36.9796508375011,39.7080239995222,0.0836878637615882,77,"1_ECA2666_0.39",NA,"n>75",NA,NA,NA,"1",754.074163879375,-10.5175197882317
"20250529-CbDRC3-p035-m2x_A05_roi_0.png",20250529,"CbDRC3","p035","m2x","A05",0,775.523330217486,36.9277337241749,"","48h",10,"15hHB101","DMSO",1,"Closantel",0.78,NA,NA,"ECA2666","1",NA,NA,NA,734.055868912172,546.042324396992,672.818051452579,711.864565064929,747.490335400631,52.0014583501003,766.450242088314,783.244521244779,808.1220713956,0.0708412813689011,33.1144601083767,26.6646900635455,29.5792158189637,31.0293109448457,32.9679872636458,2.9493922186127,35.1290731484537,36.6916282142647,41.0135250869551,0.0890665953471675,89,"1_ECA2666_0.78",NA,"n>75",NA,NA,NA,"1",754.074163879375,-6.5838284787435
"20250529-CbDRC3-p035-m2x_A06_roi_0.png",20250529,"CbDRC3","p035","m2x","A06",0,727.54785217488,31.1579976868397,"","48h",10,"15hHB101","DMSO",1,"Closantel",1.56,NA,NA,"ECA2666","1",NA,NA,NA,711.118965475481,379.516963360312,648.121936907325,693.581148151499,722.163252348443,63.5906879111316,746.040454812584,767.416114197368,792.015860423319,0.0894234171755108,32.6706091197838,27.6199612328499,29.9224996942168,30.9521464629944,32.7519490797149,2.20586234162045,34.1052061189631,35.2559864607528,37.7878204407595,0.0675182496149018,88,"1_ECA2666_1.56",NA,"n>75",NA,NA,NA,"1",754.074163879375,-31.9109115309315
"20250529-CbDRC3-p035-m2x_A07_roi_0.png",20250529,"CbDRC3","p035","m2x","A07",0,754.812082029373,34.0422358033472,"","48h",10,"15hHB101","DMSO",1,"Closantel",3.125,NA,NA,"ECA2666","1",NA,NA,NA,680.593086602973,522.112868993074,603.261137945763,660.293634591104,685.335569180982,55.6768312376841,710.601094452644,739.717404696896,782.019463831796,0.0818063426350427,31.0627523968382,25.0381800713003,27.8048158394693,29.2081700842904,31.2076378797833,2.5332281267471,32.8565000805319,34.0602645556814,36.2633265709492,0.0815519531039673,50,"1_ECA2666_3.125",NA,NA,NA,NA,NA,"1",754.074163879375,-68.7385946983929
"20250529-CbDRC3-p035-m2x_A08_roi_0.png",20250529,"CbDRC3","p035","m2x","A08",0,684.958443981126,29.2074584465886,"","48h",10,"15hHB101","DMSO",1,"Closantel",6.25,NA,NA,"ECA2666","1",NA,NA,NA,606.699307066149,210.772797907957,563.113208703335,592.27656703269,609.421078503109,86.8102931644306,640.588811283981,690.455194493774,755.738427266473,0.143086191385687,28.3684334129313,12.9047578084601,26.5754985148235,27.7295293445992,28.7986351286976,3.30434907228693,29.8724690740918,31.2276309482373,33.1240330705265,0.116479786676577,74,"1_ECA2666_6.25",NA,NA,NA,NA,NA,"1",754.074163879375,-144.653085376265
"20250529-CbDRC3-p035-m2x_A09_roi_0.png",20250529,"CbDRC3","p035","m2x","A09",0,540.836938633078,23.0577979909163,"","48h",10,"15hHB101","DMSO",1,"Closantel",12.5,NA,NA,"ECA2666","1",NA,NA,NA,523.013803731026,298.465014552269,443.802089164112,486.591462451577,526.924119676252,63.9393470072334,571.656851396395,597.463791836321,623.224334580043,0.122251738961972,24.8625729778685,16.146749304729,21.9827572092137,23.4443210437994,25.1444371536454,2.40629372869297,26.1334587253948,27.9369637514457,30.4890731767207,0.0967837774004702,69,"1_ECA2666_12.5",NA,NA,NA,NA,NA,"1",754.074163879375,-227.150044203122
"20250529-CbDRC3-p035-m2x_A10_roi_0.png",20250529,"CbDRC3","p035","m2x","A10",0,504.316508566751,24.2961846849219,"","48h",10,"15hHB101","DMSO",1,"Closantel",25,NA,NA,"ECA2666","1",NA,NA,NA,375.938673412882,261.037805148531,298.993220272196,350.263415857697,381.006917543121,50.828789515261,408.551612232903,436.647593803392,504.316508566751,0.135205003129426,19.9741904156761,16.7370849494918,18.1630291628231,18.6947285172914,19.6341950278739,1.79166132533179,21.0421263154283,22.3636469101032,25.477578176136,0.0896988207304592,73,"1_ECA2666_25",NA,NA,NA,NA,NA,"1",754.074163879375,-373.067246336254
"20250529-CbDRC3-p035-m2x_A11_roi_0.png",20250529,"CbDRC3","p035","m2x","A11",0,418.080114853063,21.0666511624673,"","48h",10,"15hHB101","DMSO",1,"Closantel",50,NA,NA,"ECA2666","1",NA,NA,NA,301.608693085558,181.13891347098,240.426964101328,266.868456350201,293.464952647938,51.8387590468613,338.115960659605,360.044803077746,438.80169221641,0.171874220588715,17.250342932387,13.2271925261795,14.9649865514077,16.1309191064741,17.2902551444866,1.68923025518653,18.2834262059008,19.2444413259783,22.1282112741122,0.097924444853502,83,"1_ECA2666_50",NA,"n>75",NA,NA,NA,"1",754.074163879375,-460.609211231437
"20250529-CbDRC3-p035-m2x_A12_roi_0.png",20250529,"CbDRC3","p035","m2x","A12",0,260.859565149956,15.9061925772491,"","48h",10,"15hHB101","DMSO",1,"Closantel",100,NA,NA,"ECA2666","1",NA,NA,NA,257.002360273434,170.818150793643,213.972511446781,231.911367700055,248.840759358542,45.8859102682382,273.068727033157,298.645224842599,455.341068871934,0.178542758204316,15.7101590446437,13.2069890954063,13.725773538183,14.3724744707474,15.132549877736,2.30523077095076,16.5542255678947,17.4577470994675,25.8869149737967,0.146735037143797,57,"1_ECA2666_100",NA,NA,NA,NA,NA,"1",754.074163879375,-505.233404520832
"20250529-CbDRC3-p035-m2x_B01_roi_0.png",20250529,"CbDRC3","p035","m2x","B01",0,784.24746004524,35.4767099595663,"","48h",10,"15hHB101","DMSO",1,"Closantel",0,NA,NA,"JU3237","1",NA,NA,NA,802.780112626851,345.528376701671,765.817796600366,781.567130174923,806.166421942,63.060100218536,832.274720321269,854.679809887803,927.271138014132,0.0785521455086763,36.2824329072459,19.4375421969321,33.061856799863,34.8486291921195,36.4831013549112,2.94027931514421,38.0756369439658,39.3880364500136,42.7312331022179,0.0810386481706143,93,"1_JU3237_0",NA,"n>75",NA,NA,NA,"1",806.291096380612,-0.124674438612487
"20250529-CbDRC3-p035-m2x_B02_roi_0.png",20250529,"CbDRC3","p035","m2x","B02",0,771.501626249827,34.1784749685722,"","48h",10,"15hHB101","DMSO",1,"Closantel",0.097,NA,NA,"JU3237","1",NA,NA,NA,806.007310131982,707.391825254715,761.834913951307,784.879450652225,808.318887046408,33.9414904999997,826.0362371019,850.763284579547,884.282243025794,0.0421106484684883,36.6416523162186,31.8528733767452,34.2169630496219,35.4478888079819,36.5178719104079,1.98108878859383,37.8093408568157,39.6473903058008,40.782371835911,0.0540665789713022,84,"1_JU3237_0.097",NA,"n>75",NA,NA,NA,"1",806.291096380612,2.02779066579615
"20250529-CbDRC3-p035-m2x_B03_roi_0.png",20250529,"CbDRC3","p035","m2x","B03",0,852.662743560372,37.4531835645229,"","48h",10,"15hHB101","DMSO",1,"Closantel",0.195,NA,NA,"JU3237","1",NA,NA,NA,805.803106964469,656.194953689267,762.35052833712,777.296785928857,807.838975452177,40.6098142205545,835.010043163684,852.603285778665,924.967728985542,0.0503966960037363,36.8171720703493,31.3427510560334,34.0856440254761,35.570267049648,37.0765374441407,2.00226724822476,38.2220192263615,39.1322254770696,41.7541069245987,0.0543840587321284,86,"1_JU3237_0.195",NA,"n>75",NA,NA,NA,"1",806.291096380612,1.54787907156503
"20250529-CbDRC3-p035-m2x_B04_roi_0.png",20250529,"CbDRC3","p035","m2x","B04",0,854.356885423544,37.906217751941,"","48h",10,"15hHB101","DMSO",1,"Closantel",0.39,NA,NA,"JU3237","1",NA,NA,NA,801.814294644477,327.551941973312,768.713599622751,790.973739545684,805.296204857196,63.4115780471522,827.628775357722,855.838861427545,878.729655819473,0.0790851179265503,36.8334674059707,18.4629137498019,34.0502794094936,35.6673480937267,37.4083458073098,3.00715487290359,38.6646250022509,39.4881835705956,40.5481035463631,0.0816419165689552,80,"1_JU3237_0.39",NA,"n>75",NA,NA,NA,"1",806.291096380612,-0.994891523415845
"20250529-CbDRC3-p035-m2x_B05_roi_0.png",20250529,"CbDRC3","p035","m2x","B05",0,804.443803296518,36.3615121242801,"","48h",10,"15hHB101","DMSO",1,"Closantel",0.78,NA,NA,"JU3237","1",NA,NA,NA,794.264945559541,306.837109530213,750.281858593881,779.228053431789,808.361655225834,72.2994907762063,830.562985435672,847.666428143159,876.18907507559,0.0910269188894808,36.6289357903633,26.2225413959804,33.3340633557534,34.9213343738992,36.8077160266987,3.01628653105758,38.3398311166341,39.8936039807319,44.5875198827894,0.0823470970688461,79,"1_JU3237_0.78",NA,"n>75",NA,NA,NA,"1",806.291096380612,2.07055884522151
"20250529-CbDRC3-p035-m2x_B06_roi_0.png",20250529,"CbDRC3","p035","m2x","B06",0,835.976397036631,34.6854993627895,"","48h",10,"15hHB101","DMSO",1,"Closantel",1.56,NA,NA,"JU3237","1",NA,NA,NA,781.400332199423,339.000275068705,729.878617354103,772.048081388957,803.700144549877,91.3389867999851,822.302367892404,834.660389266279,894.093797857872,0.116891410249201,35.2651126922,21.9516785911559,32.9413260132925,34.0144605904958,35.4901149846522,3.30344270091596,36.9454103643487,38.2496672530247,40.1456799822286,0.0936745255785505,65,"1_JU3237_1.56",NA,NA,NA,NA,NA,"1",806.291096380612,-2.59095183073498
"20250529-CbDRC3-p035-m2x_B07_roi_0.png",20250529,"CbDRC3","p035","m2x","B07",0,863.39417705588,36.5260270175991,"","48h",10,"15hHB101","DMSO",1,"Closantel",3.125,NA,NA,"JU3237","1",NA,NA,NA,781.849051357629,480.837894021162,736.111052832412,768.61933765013,786.181410292087,56.5807896311143,806.672087019716,829.431701489617,879.371412055146,0.0723679200388687,35.4688648832813,23.0941693182418,32.7429950307648,33.8342053810262,35.8765065662605,2.89891252847324,37.2924100268541,38.3307134677891,40.8282196143525,0.081731189819939,94,"1_JU3237_3.125",NA,"n>75",NA,NA,NA,"1",806.291096380612,-20.1096860885253
"20250529-CbDRC3-p035-m2x_B08_roi_0.png",20250529,"CbDRC3","p035","m2x","B08",0,788.665639388346,35.9705904563845,"","48h",10,"15hHB101","DMSO",1,"Closantel",6.25,NA,NA,"JU3237","1",NA,NA,NA,739.682401588908,210.11984898504,704.566776865878,721.816319750811,748.253553301939,68.5536695251694,770.824867087615,786.390199980602,816.23352188512,0.0926798709526003,32.8618849986069,14.5667866419343,29.5988399190936,31.473909889906,32.9969880587271,3.15757005090818,34.9774870602232,36.0719475713428,37.7409892953937,0.0960860903457619,79,"1_JU3237_6.25",NA,"n>75",NA,NA,NA,"1",806.291096380612,-58.0375430786737
"20250529-CbDRC3-p035-m2x_B09_roi_0.png",20250529,"CbDRC3","p035","m2x","B09",0,625.651201105533,29.423935084268,"","48h",10,"15hHB101","DMSO",1,"Closantel",12.5,NA,NA,"JU3237","1",NA,NA,NA,640.961582086238,220.156961002207,598.752790756142,624.304605490595,641.800406288675,74.6607939376115,679.250538263203,705.656678915703,767.653864663647,0.1164824788634,28.9879010432509,13.5042868905529,27.4011065662872,28.2833320012168,29.2931087211269,2.86029159916621,30.136117510739,31.5243997497084,34.8225463432263,0.0986719112535454,76,"1_JU3237_12.5",NA,"n>75",NA,NA,NA,"1",806.291096380612,-164.490690091937
"20250529-CbDRC3-p035-m2x_B10_roi_0.png",20250529,"CbDRC3","p035","m2x","B10",0,508.102782987,24.6079905022385,"","48h",10,"15hHB101","DMSO",1,"Closantel",25,NA,NA,"JU3237","1",NA,NA,NA,487.478347933045,360.984765361757,423.942540793339,451.083061114006,486.305525771409,55.9898759350446,521.61677207824,544.961326473408,693.254122242655,0.114856128836177,22.9285278807195,19.6299238558469,21.2887258675345,22.1631412687093,22.6539299422357,1.45359972003519,24.0038742918545,24.5058143943376,27.283213167481,0.0633969929337467,56,"1_JU3237_25",NA,NA,NA,NA,NA,"1",806.291096380612,-319.985570609203
"20250529-CbDRC3-p035-m2x_B11_roi_0.png",20250529,"CbDRC3","p035","m2x","B11",0,506.899920170714,22.8202957157727,"","48h",10,"15hHB101","DMSO",1,"Closantel",50,NA,NA,"JU3237","1",NA,NA,NA,378.119570446236,188.928555110261,307.348336959326,332.978237713124,376.757834068158,66.4458058355624,424.669400901782,462.363141876872,539.360656240314,0.175726968474937,19.5329523048734,12.2920819866909,17.7372528997372,18.4446722029065,19.5546262262311,2.07451981087928,20.8141831505349,21.819327796999,25.110505348751,0.106206157599724,89,"1_JU3237_50",NA,"n>75",NA,NA,NA,"1",806.291096380612,-429.533262312454
"20250529-CbDRC3-p035-m2x_B12_roi_0.png",20250529,"CbDRC3","p035","m2x","B12",0,490.144513656589,22.9690315548832,"","48h",10,"15hHB101","DMSO",1,"Closantel",100,NA,NA,"JU3237","1",NA,NA,NA,332.162550613195,206.929650937483,254.559416008314,286.034796077381,312.874848637112,70.1421072130997,374.102857724985,418.559521043454,524.244864782359,0.211168017236177,18.3098405363437,14.5469010496682,15.6869698204608,16.7886360110023,17.7547222395622,2.22206810005099,19.799356943722,21.9878186051007,23.4291458026286,0.121359227331355,62,"1_JU3237_100",NA,NA,NA,NA,NA,"1",806.291096380612,-493.4162477435
"20250529-CbDRC3-p035-m2x_C01_roi_0.png",20250529,"CbDRC3","p035","m2x","C01",0,805.055590841277,39.5480992903414,"","48h",10,"15hHB101","DMSO",1,"Closantel",0,NA,NA,"VX34","1",NA,NA,NA,755.253632503624,479.043295631182,710.924372100444,729.315562802734,757.003590447467,65.3269837578861,802.823128222392,821.641443371125,849.925980182993,0.0864967488356604,37.3507826864977,32.1389250318274,34.0905591200759,35.3829753624781,37.4350261369591,2.39016893741772,38.6957198326593,40.6975983570143,42.4342491007942,0.0639924725936669,76,"1_VX34_0",NA,"n>75",NA,NA,NA,"1",765.858641051975,-8.85505060450771
"20250529-CbDRC3-p035-m2x_C02_roi_0.png",20250529,"CbDRC3","p035","m2x","C02",0,838.199967381588,36.7139132071524,"","48h",10,"15hHB101","DMSO",1,"Closantel",0.097,NA,NA,"VX34","1",NA,NA,NA,762.459139912447,201.195628686497,699.236875234272,740.526241842997,771.633027009032,87.9625754403642,815.110988618836,828.732441485743,860.499366558744,0.11536693684394,36.7414036599934,23.3718456252864,32.4389415681374,35.2788561014038,37.2805192092818,3.5513257127666,38.7757278170533,40.3258996173719,44.8016711142452,0.0966573227748925,63,"1_VX34_0.097",NA,NA,NA,NA,NA,"1",765.858641051975,5.77438595705655
"20250529-CbDRC3-p035-m2x_C03_roi_0.png",20250529,"CbDRC3","p035","m2x","C03",0,833.491654583959,37.9820924519687,"","48h",10,"15hHB101","DMSO",1,"Closantel",0.195,NA,NA,"VX34","1",NA,NA,NA,771.115914108631,656.250992681587,715.555864210944,739.195649301087,764.0475461433,50.0185413691034,802.796292322664,835.824317432434,875.922833409595,0.0648651395386155,37.2793008282068,31.1286076770304,33.7922511360092,34.5478709706161,38.0351157352034,2.8900833976615,39.3584844107902,40.7068723673064,43.6867762758413,0.0775251502430207,62,"1_VX34_0.195",NA,NA,NA,NA,NA,"1",765.858641051975,-1.81109490867493
"20250529-CbDRC3-p035-m2x_C04_roi_0.png",20250529,"CbDRC3","p035","m2x","C04",0,844.281478249171,37.8673559232021,"","48h",10,"15hHB101","DMSO",1,"Closantel",0.39,NA,NA,"VX34","1",NA,NA,NA,744.212374137816,216.252135574593,684.828737641796,723.047055398064,765.822869994683,109.95913558285,801.444296235851,830.525805942573,857.415560528084,0.147752361293697,36.3811697745511,12.4933126656868,31.8117931395109,34.6863379707176,37.2828363892003,4.92665696779481,38.8127409141886,40.9627214408611,43.1998058896409,0.135417772389524,61,"1_VX34_0.39",NA,NA,NA,NA,NA,"1",765.858641051975,-0.0357710572923224
"20250529-CbDRC3-p035-m2x_C05_roi_0.png",20250529,"CbDRC3","p035","m2x","C05",0,775.830264082126,36.8918332382266,"","48h",10,"15hHB101","DMSO",1,"Closantel",0.78,NA,NA,"VX34","1",NA,NA,NA,764.597495159046,504.735299288907,697.766660504581,736.050108755543,771.880315975877,64.6842463515041,807.408780098472,840.787784738806,867.622074825077,0.0845990822112869,36.0282287349753,24.241244344042,31.1805585077999,33.5953455754396,36.4975740205884,3.80672520745735,37.9339952391447,39.9639641303818,45.0178988912033,0.105659515916248,57,"1_VX34_0.78",NA,NA,NA,NA,NA,"1",765.858641051975,6.0216749239022
"20250529-CbDRC3-p035-m2x_C06_roi_0.png",20250529,"CbDRC3","p035","m2x","C06",0,779.653601170145,34.2658643141299,"","48h",10,"15hHB101","DMSO",1,"Closantel",1.56,NA,NA,"VX34","1",NA,NA,NA,719.096730838762,218.364185469642,654.592355070493,701.508739236168,728.500893690037,99.788081061126,770.183119745006,811.978356026794,850.035398961425,0.138768647918524,35.656334247007,12.7813928917067,31.7643270060853,33.7713934577284,36.3141831080741,4.63215149319771,38.3203415664179,39.6381502330421,42.749330991945,0.12991104080158,65,"1_VX34_1.56",NA,NA,NA,NA,NA,"1",765.858641051975,-37.3577473619381
"20250529-CbDRC3-p035-m2x_C07_roi_0.png",20250529,"CbDRC3","p035","m2x","C07",0,722.595463091565,34.5149393293198,"","48h",10,"15hHB101","DMSO",1,"Closantel",3.125,NA,NA,"VX34","1",NA,NA,NA,737.616764483992,575.975719307649,681.748171434976,709.317241285118,740.115586659068,51.4944143525724,774.494108420369,801.119667811487,826.419476037563,0.0698118817684355,36.3308889094852,25.9268319634821,33.3955245760864,34.5155688745835,36.4056624818874,3.01655353379641,38.4110670233641,39.9078564416245,43.1465489654687,0.0830299952558787,72,"1_VX34_3.125",NA,NA,NA,NA,NA,"1",765.858641051975,-25.7430543929071
"20250529-CbDRC3-p035-m2x_C08_roi_0.png",20250529,"CbDRC3","p035","m2x","C08",0,653.6802502828,29.7865763805567,"","48h",10,"15hHB101","DMSO",1,"Closantel",6.25,NA,NA,"VX34","1",NA,NA,NA,650.721012543095,531.51676744135,589.251374974654,599.516462786151,639.870398867883,61.6328158149856,692.338962591678,732.241521816879,840.90710451333,0.0947146544017646,30.6068596574146,26.8011230452512,27.9095951963676,28.9095728700241,30.0769260318562,2.45424640867559,31.5428359573861,34.1952136259145,38.6608529231075,0.080186155526774,51,"1_VX34_6.25",NA,NA,NA,NA,NA,"1",765.858641051975,-125.988242184092
"20250529-CbDRC3-p035-m2x_C09_roi_0.png",20250529,"CbDRC3","p035","m2x","C09",0,585.068579917898,30.6677601503228,"","48h",10,"15hHB101","DMSO",1,"Closantel",12.5,NA,NA,"VX34","1",NA,NA,NA,527.037555361603,242.771758770888,382.367568307262,466.37544769824,558.474446298239,86.14096921001,588.398589856,605.838286579406,627.35204297854,0.163443702130313,26.14233901448,14.0775131377225,20.3950631635342,23.4167777990124,26.9101690250793,3.96166135973431,29.6133637338552,30.2804175023883,31.4132718780927,0.151541962543596,65,"1_VX34_12.5",NA,NA,NA,NA,NA,"1",765.858641051975,-207.384194753736
"20250529-CbDRC3-p035-m2x_C10_roi_0.png",20250529,"CbDRC3","p035","m2x","C10",0,437.815495374345,21.2571401959751,"","48h",10,"15hHB101","DMSO",1,"Closantel",25,NA,NA,"VX34","1",NA,NA,NA,351.345863375777,195.001757734365,275.139209568213,307.592780793263,341.881646699233,72.8135153664425,402.535413817628,441.541045130111,517.592734775936,0.207241703849423,19.1165889743,12.4818521062788,15.3955318363652,17.5911197538718,18.9341773494281,2.88441224032061,20.9781538989653,23.0983776322125,25.9745839380223,0.1508852988469,67,"1_VX34_25",NA,NA,NA,NA,NA,"1",765.858641051975,-423.976994352742
"20250529-CbDRC3-p035-m2x_C11_roi_0.png",20250529,"CbDRC3","p035","m2x","C11",0,381.117856760738,17.3661733301591,"","48h",10,"15hHB101","DMSO",1,"Closantel",50,NA,NA,"VX34","1",NA,NA,NA,270.97637770072,184.9126119021,207.729843737568,236.758018319355,264.423281300927,52.9878829501344,302.130441595038,321.213863806288,431.381240138898,0.195544288397924,15.6683125473105,11.154834599618,13.515292810513,14.2490060243839,15.6759488417928,2.08314946974881,17.1378731808983,17.7117758142603,23.0119562779044,0.132953019890223,47,"1_VX34_50",NA,NA,NA,NA,NA,"1",765.858641051975,-501.435359751048
"20250529-CbDRC3-p035-m2x_C12_roi_0.png",20250529,"CbDRC3","p035","m2x","C12",0,275.936630109732,14.8495165203157,"","48h",10,"15hHB101","DMSO",1,"Closantel",100,NA,NA,"VX34","1",NA,NA,NA,226.325230540294,148.862275546025,167.816871834591,206.140688793808,231.197695425374,40.3276619793935,243.736301893082,281.873643179134,318.946425480998,0.178184561584766,14.2822794374283,11.5913396932305,12.9193828836655,13.5220338971467,14.3376174064088,1.23725684376331,14.8996192561492,15.3922640302878,18.0276276801354,0.0866288080403285,32,"1_VX34_100",NA,NA,NA,NA,NA,"1",765.858641051975,-534.660945626601
"20250529-CbDRC3-p035-m2x_D01_roi_0.png",20250529,"CbDRC3","p035","m2x","D01",0,755.552501389135,33.6660594524638,"","48h",10,"15hHB101","DMSO",1,"Closantel",0,NA,NA,"NIC1667","1",NA,NA,NA,720.006872077556,597.659037443534,646.777342647254,695.762218825535,724.614521671239,51.9722254212001,761.875377082096,777.110470638603,801.539754579588,0.0721829574643308,33.3245050146829,28.0448292709938,29.9914503364837,31.1082867233452,33.3227189378262,2.6482926159254,35.1994478902074,36.6422077729617,40.1560111620959,0.0794698260261795,59,"1_NIC1667_0",NA,NA,NA,NA,NA,"1",722.159115222897,2.45540644834171
"20250529-CbDRC3-p035-m2x_D02_roi_0.png",20250529,"CbDRC3","p035","m2x","D02",0,750.651421907454,33.1339184580295,"","48h",10,"15hHB101","DMSO",1,"Closantel",0.097,NA,NA,"NIC1667","1",NA,NA,NA,710.846530657097,468.911526895248,619.514283879511,705.177564730331,727.514689235925,60.4807372563182,749.565734323009,765.01484036743,786.306330243248,0.0850826931664289,33.1633897866303,24.767027187764,29.3211184692294,31.8549445179824,33.6208508175869,2.9412637924168,35.1457928863438,36.168076900412,38.1492735250228,0.0886900829903267,82,"1_NIC1667_0.097",NA,"n>75",NA,NA,NA,"1",722.159115222897,5.35557401302776
"20250529-CbDRC3-p035-m2x_D03_roi_0.png",20250529,"CbDRC3","p035","m2x","D03",0,745.552161885299,31.2434614052467,"","48h",10,"15hHB101","DMSO",1,"Closantel",0.195,NA,NA,"NIC1667","1",NA,NA,NA,707.724699510874,527.324638024956,624.364610097178,676.322597762834,727.4819408754,56.0287203390068,743.995829947705,770.346830932599,791.334035999109,0.0791673942957334,32.4513544866595,22.5591578951336,28.7601923328663,31.2971763931668,33.0776920799636,2.84191662096358,34.1916035246193,35.0622802612756,38.194436969111,0.0875746687902309,76,"1_NIC1667_0.195",NA,"n>75",NA,NA,NA,"1",722.159115222897,5.32282565250262
"20250529-CbDRC3-p035-m2x_D05_roi_0.png",20250529,"CbDRC3","p035","m2x","D05",0,654.543369479279,28.3446129519536,"","48h",10,"15hHB101","DMSO",1,"Closantel",0.78,NA,NA,"NIC1667","1",NA,NA,NA,718.552685777068,543.316692157317,628.826968557612,702.279149626008,737.947365397903,56.636164999885,755.721702682884,768.416434710813,820.909661962819,0.0788197805407083,32.3467573275972,25.8550813269697,28.1839884247048,30.5650784388483,32.9762047992415,2.83946214313935,34.283484696628,35.3434637366359,39.1920241319538,0.0877819719108851,66,"1_NIC1667_0.78",NA,NA,NA,NA,NA,"1",722.159115222897,15.7882501750057
"20250529-CbDRC3-p035-m2x_D06_roi_0.png",20250529,"CbDRC3","p035","m2x","D06",0,701.994937897695,31.3698108935554,"","48h",10,"15hHB101","DMSO",1,"Closantel",1.56,NA,NA,"NIC1667","1",NA,NA,NA,693.876849730882,542.326433214418,622.016697049977,671.806347905645,701.748694423865,51.2192010506329,725.653860760028,751.242737629321,782.743085262468,0.073815982000982,31.8589179352574,25.7065977351796,29.4146721475682,30.3254995863543,32.253860179109,2.22783318327456,33.4124902403742,34.3993251579318,36.2784333396187,0.0699280869426226,60,"1_NIC1667_1.56",NA,NA,NA,NA,NA,"1",722.159115222897,-20.410420799032
"20250529-CbDRC3-p035-m2x_D07_roi_0.png",20250529,"CbDRC3","p035","m2x","D07",0,675.044739761397,30.4335283399164,"","48h",10,"15hHB101","DMSO",1,"Closantel",3.125,NA,NA,"NIC1667","1",NA,NA,NA,682.364145657703,270.38549337601,631.815725939648,674.318186783959,693.074915043729,67.4804136279896,717.327689606853,731.065153246937,765.808829994629,0.0988920857835342,31.6030017696068,22.0419502712621,28.455176282908,30.4588331373893,31.9127849253459,2.53766656237667,33.0869488861812,34.0857246602884,36.8736178413208,0.0802982761218964,62,"1_NIC1667_3.125",NA,NA,NA,NA,NA,"1",722.159115222897,-29.0842001791682
"20250529-CbDRC3-p035-m2x_D08_roi_0.png",20250529,"CbDRC3","p035","m2x","D08",0,713.108041197141,30.7389779281982,"","48h",10,"15hHB101","DMSO",1,"Closantel",6.25,NA,NA,"NIC1667","1",NA,NA,NA,674.224392404499,146.743624611731,626.76903703961,645.491732705566,687.677533227372,91.7134017963211,710.050468159554,738.599781360512,936.61321416098,0.136028009116137,30.4318501446677,13.3089995574396,28.438913490286,29.1843894189159,30.9681870901031,3.01607424943801,31.9749997138926,33.0239781018487,34.7752601607208,0.0991091318832117,56,"1_NIC1667_6.25",NA,NA,NA,NA,NA,"1",722.159115222897,-34.4815819955249
"20250529-CbDRC3-p035-m2x_D09_roi_0.png",20250529,"CbDRC3","p035","m2x","D09",0,603.714618501203,27.9220980809238,"","48h",10,"15hHB101","DMSO",1,"Closantel",12.5,NA,NA,"NIC1667","1",NA,NA,NA,615.516943359302,556.633179956627,578.891823166954,592.471748872242,612.439756124738,32.2862980508678,632.900070113485,663.334735148833,705.896778263082,0.0524539550035115,28.6392992832809,25.838628876334,27.1000247058659,27.6807063875622,28.344748148033,1.29645448403919,29.4808035254836,30.2801123314041,31.7144053052982,0.04526837305674,62,"1_NIC1667_12.5",NA,NA,NA,NA,NA,"1",722.159115222897,-109.719359098159
"20250529-CbDRC3-p035-m2x_D10_roi_0.png",20250529,"CbDRC3","p035","m2x","D10",0,581.840624685091,27.4843784031819,"","48h",10,"15hHB101","DMSO",1,"Closantel",25,NA,NA,"NIC1667","1",NA,NA,NA,515.062686240013,419.177622370355,442.487531331771,469.783475940612,517.620476381811,52.6645749568897,560.825824764135,571.437097006929,636.915975383019,0.102248864776721,24.3245812298995,21.1023933826278,21.7011952546048,22.9327152644802,23.767098033878,2.16616177627642,25.4824272742891,27.0837927727315,31.9274418956394,0.0890523769269991,56,"1_NIC1667_25",NA,NA,NA,NA,NA,"1",722.159115222897,-204.538638841086
"20250529-CbDRC3-p035-m2x_D11_roi_0.png",20250529,"CbDRC3","p035","m2x","D11",0,548.234313519586,25.4434553335351,"","48h",10,"15hHB101","DMSO",1,"Closantel",50,NA,NA,"NIC1667","1",NA,NA,NA,383.546638732903,302.564820719754,316.34840239173,336.136411337333,374.619797494455,59.561284198737,422.788792690656,458.728200100835,548.234313519586,0.155290851708427,20.0959108804735,16.7308693078369,17.5692935379913,18.6561284607154,19.6812578358602,2.15551685028261,21.6349315738536,23.1070688532447,25.4434553335351,0.107261465434595,50,"1_NIC1667_50",NA,NA,NA,NA,NA,"1",722.159115222897,-347.539317728442
"20250529-CbDRC3-p035-m2x_E01_roi_0.png",20250529,"CbDRC3","p035","m2x","E01",0,755.67714217511,34.4923184421825,"","48h",10,"15hHB101","DMSO",1,"Closantel",0,NA,NA,"PB420","1",NA,NA,NA,748.443700411243,578.668521502943,700.901776522513,729.182588206016,750.474370341301,37.3406440229841,771.060484933869,796.34337640956,820.462653106601,0.0498910525968308,36.2621437205763,29.5087679495922,34.0672372577409,35.1771353294154,36.2556221236881,2.22086422341485,37.4064844375043,39.1967080283845,41.6837531119695,0.0612447030304681,79,"1_PB420_0",NA,"n>75",NA,NA,NA,"1",752.470008939206,-1.99563859790487
"20250529-CbDRC3-p035-m2x_E02_roi_0.png",20250529,"CbDRC3","p035","m2x","E02",0,745.398739500148,32.36427704307,"","48h",10,"15hHB101","DMSO",1,"Closantel",0.097,NA,NA,"PB420","1",NA,NA,NA,744.739071642706,442.344482330631,715.808258996652,735.751385822925,753.586310024083,60.9122594165031,773.200270145672,786.385819715649,823.109121605237,0.0817900681404376,36.4766238779694,27.1397684857666,34.1576459631539,35.2161533074562,36.9008821404839,2.40377874549751,37.5290098743418,39.2117697312533,41.6694279217316,0.0658991564992205,76,"1_PB420_0.097",NA,"n>75",NA,NA,NA,"1",752.470008939206,1.11630108487634
"20250529-CbDRC3-p035-m2x_E03_roi_0.png",20250529,"CbDRC3","p035","m2x","E03",0,763.239704164471,35.9788405303963,"","48h",10,"15hHB101","DMSO",1,"Closantel",0.195,NA,NA,"PB420","1",NA,NA,NA,754.820124782423,662.605815080517,701.034547595744,737.647844966863,761.047876268842,36.9027386491558,782.315922484135,790.745566079059,835.617739376807,0.0488894472173659,37.087820363785,32.2350779592705,33.6216335454969,35.8049928592778,37.2866932745431,2.50263846980829,38.3497093921097,40.5648832032322,42.1218874628111,0.067478715256398,47,"1_PB420_0.195",NA,NA,NA,NA,NA,"1",752.470008939206,8.57786732963541
"20250529-CbDRC3-p035-m2x_E04_roi_0.png",20250529,"CbDRC3","p035","m2x","E04",0,739.196098459223,34.7971841094824,"","48h",10,"15hHB101","DMSO",1,"Closantel",0.39,NA,NA,"PB420","1",NA,NA,NA,742.934939089249,340.57212385513,705.276315538364,739.540146419251,754.501972218761,64.5888957287833,769.832718828092,783.950726903983,814.668000524338,0.0869374858153282,36.4145039326685,21.3267758394271,33.2813027690107,34.6654173644175,36.66968012814,3.13427778094518,38.8132665757295,39.6579808880254,42.0509749813006,0.0860722361271363,63,"1_PB420_0.39",NA,NA,NA,NA,NA,"1",752.470008939206,2.03196327955482
"20250529-CbDRC3-p035-m2x_E05_roi_0.png",20250529,"CbDRC3","p035","m2x","E05",0,815.67914303741,37.2856221134245,"","48h",10,"15hHB101","DMSO",1,"Closantel",0.78,NA,NA,"PB420","1",NA,NA,NA,753.614334151219,456.8795875865,720.218125700482,737.960911539913,758.832021694293,46.8484227989705,775.926565405135,798.904203856228,829.578612197097,0.0621649837004958,36.1095588701811,30.234028328167,33.2672103905778,34.7759974796568,36.2282428417915,2.20196643952283,37.3972091185037,38.9893948799959,40.6876566854818,0.0609801534114335,82,"1_PB420_0.78",NA,"n>75",NA,NA,NA,"1",752.470008939206,6.36201275508722
"20250529-CbDRC3-p035-m2x_E06_roi_0.png",20250529,"CbDRC3","p035","m2x","E06",0,759.783043370922,36.6567418455902,"","48h",10,"15hHB101","DMSO",1,"Closantel",1.56,NA,NA,"PB420","1",NA,NA,NA,716.265459909754,242.334792222972,698.86169518303,712.048935937694,737.789846606859,105.20184478421,757.841029544066,780.439992584896,808.680227400174,0.146875496128859,35.7375339216771,27.3750638106416,33.2834863878083,34.7571013284437,35.6566228518323,2.61238544685709,37.0893083940375,38.8767761774582,40.8461498734223,0.073099208596274,59,"1_PB420_1.56",NA,NA,NA,NA,NA,"1",752.470008939206,-14.680162332347
"20250529-CbDRC3-p035-m2x_E07_roi_0.png",20250529,"CbDRC3","p035","m2x","E07",0,667.338689753255,32.2032068748564,"","48h",10,"15hHB101","DMSO",1,"Closantel",3.125,NA,NA,"PB420","1",NA,NA,NA,703.089496981464,175.827202906581,669.878171029299,697.991251892891,721.444864800109,91.4168229186674,735.619121615998,749.989252493853,803.972185301054,0.130021602244298,34.2145513923064,14.7716515983708,31.1324864421432,32.8555659823292,34.7474192029335,4.33082104090253,36.1515435806153,38.3010270700392,41.9442712893556,0.126578337714998,71,"1_PB420_3.125",NA,NA,NA,NA,NA,"1",752.470008939206,-31.0251441390972
"20250529-CbDRC3-p035-m2x_E08_roi_0.png",20250529,"CbDRC3","p035","m2x","E08",0,732.892225613687,34.3290094664534,"","48h",10,"15hHB101","DMSO",1,"Closantel",6.25,NA,NA,"PB420","1",NA,NA,NA,668.373110116578,411.904377860656,617.033239146301,643.759655393747,673.357671040944,52.9120744494556,696.088091785251,725.891690188891,766.945077239713,0.0791654745658852,32.4335954508264,20.2279877221485,29.8289556482914,31.0524911026864,32.7462353184334,2.73312987625613,34.1940795100511,35.2473832985128,38.5100117857932,0.0842684826725398,57,"1_PB420_6.25",NA,NA,NA,NA,NA,"1",752.470008939206,-79.112337898262
"20250529-CbDRC3-p035-m2x_E09_roi_0.png",20250529,"CbDRC3","p035","m2x","E09",0,593.86203353552,28.5352841240985,"","48h",10,"15hHB101","DMSO",1,"Closantel",12.5,NA,NA,"PB420","1",NA,NA,NA,568.944510466967,80.1330602530813,509.152685812982,561.134592655294,589.199104693392,86.0770533431072,597.472519726305,625.084665982833,684.521657069724,0.151292528110445,28.7333742517935,13.5201092712792,26.8329229756714,28.0756137729748,28.9372641393867,2.61374112058874,30.0123876000788,31.4926880484206,33.1734181912616,0.0909653386923603,72,"1_PB420_12.5",NA,NA,NA,NA,NA,"1",752.470008939206,-163.270904245815
"20250529-CbDRC3-p035-m2x_E10_roi_0.png",20250529,"CbDRC3","p035","m2x","E10",0,519.122464138571,24.1424584239751,"","48h",10,"15hHB101","DMSO",1,"Closantel",25,NA,NA,"PB420","1",NA,NA,NA,488.158490243602,193.248605298851,433.791546605312,467.162216977751,501.254046359856,57.4895632200588,523.49543877101,545.32905802335,573.289856170268,0.117768233819656,23.7584643068993,13.9832260710165,21.1198513317321,22.4490091514403,23.5535921400173,2.3900703793915,25.1998416742319,26.7206340597734,29.9552363914516,0.10059868973507,67,"1_PB420_25",NA,NA,NA,NA,NA,"1",752.470008939206,-251.21596257935
"20250529-CbDRC3-p035-m2x_E11_roi_0.png",20250529,"CbDRC3","p035","m2x","E11",0,438.496291532541,20.9410989373247,"","48h",10,"15hHB101","DMSO",1,"Closantel",50,NA,NA,"PB420","1",NA,NA,NA,388.719465390276,208.684268393784,336.647589282296,367.781723948003,391.105327974732,51.2975537856004,417.755876431458,437.327533699304,496.649563725357,0.131965487589096,20.5806327657136,16.8392145979687,18.6019315574744,19.2175274077881,20.5110787561378,1.91687038458812,21.4417519418375,22.8675139420847,28.2180469751442,0.0931395261948183,63,"1_PB420_50",NA,NA,NA,NA,NA,"1",752.470008939206,-361.364680964474
"20250529-CbDRC3-p035-m2x_E12_roi_0.png",20250529,"CbDRC3","p035","m2x","E12",0,428.899834583548,21.6360734202516,"","48h",10,"15hHB101","DMSO",1,"Closantel",100,NA,NA,"PB420","1",NA,NA,NA,342.836922319665,210.069933970086,253.176731156496,293.793988243629,343.241878222688,65.0094134655987,403.693859228206,415.764123472041,448.863638637018,0.189621972527752,19.4946701243231,15.329365965754,17.1225731186152,17.964694335378,19.5919357772747,1.90204318649381,20.7896243531874,21.9202298000361,23.3534068408948,0.0975673440157711,57,"1_PB420_100",NA,NA,NA,NA,NA,"1",752.470008939206,-409.228130716518
"20250529-CbDRC3-p035-m2x_F01_roi_0.png",20250529,"CbDRC3","p035","m2x","F01",0,766.952856148427,35.7075833254597,"","48h",10,"15hHB101","DMSO",1,"Closantel",0,NA,NA,"ED3102","1",NA,NA,NA,745.386533283708,212.988052173228,728.601528017845,747.104916170138,760.178984776383,90.1610246567476,771.976130488786,786.645605410424,801.904167919757,0.120958751776148,35.2556123926499,13.3150791564452,32.98190984256,34.6478401915952,35.7201855618791,3.87559072994216,37.0261887626263,38.2832990529653,40.2284527315547,0.109928333871464,76,"1_ED3102_0",NA,"n>75",NA,NA,NA,"1",756.303082720057,3.87590205632648
"20250529-CbDRC3-p035-m2x_F02_roi_0.png",20250529,"CbDRC3","p035","m2x","F02",0,765.68625955536,32.5599940981251,"","48h",10,"15hHB101","DMSO",1,"Closantel",0.097,NA,NA,"ED3102","1",NA,NA,NA,750.973111904356,653.78734781503,715.079210373274,732.314966765267,754.718377708745,29.4826331261411,769.166994644061,785.644340561897,813.748558422984,0.0392592393239986,35.3111271527965,30.4898140770262,33.3583729473997,34.3086118028887,35.4439969513785,1.75977600241673,36.2620138350474,37.4074244266105,39.9952284101826,0.0498363021605602,86,"1_ED3102_0.097",NA,"n>75",NA,NA,NA,"1",756.303082720057,-1.58470501131148
"20250529-CbDRC3-p035-m2x_F03_roi_0.png",20250529,"CbDRC3","p035","m2x","F03",0,729.49112117602,36.3063271780385,"","48h",10,"15hHB101","DMSO",1,"Closantel",0.195,NA,NA,"ED3102","1",NA,NA,NA,747.796229591099,631.545088285563,700.648956347643,729.023153390638,756.699590990567,33.7659501895193,770.29695960842,781.077758204698,803.750175854053,0.0451539454912507,35.1885845388813,28.9906650212854,32.3264526724844,33.7070720949956,35.1539739630775,2.15664440691949,36.6540266622496,38.1910007796705,39.4247589774835,0.0612881829485505,76,"1_ED3102_0.195",NA,"n>75",NA,NA,NA,"1",756.303082720057,0.396508270509798
"20250529-CbDRC3-p035-m2x_F04_roi_0.png",20250529,"CbDRC3","p035","m2x","F04",0,747.62602053739,48.7219705593917,"","48h",10,"15hHB101","DMSO",1,"Closantel",0.39,NA,NA,"ED3102","1",NA,NA,NA,741.367064404618,609.24540471563,698.71835030702,725.259119334858,747.4527622181,35.1367376566853,766.772934604009,778.791830573657,787.619823837062,0.0473945220171106,35.4152500557686,29.49259700274,33.0245285603801,34.0993447685139,35.3395335562279,2.4609311009001,36.3938924559617,38.0062054823469,48.7219705593917,0.0694878928434746,78,"1_ED3102_0.39",NA,"n>75",NA,NA,NA,"1",756.303082720057,-8.85032050195707
"20250529-CbDRC3-p035-m2x_F05_roi_0.png",20250529,"CbDRC3","p035","m2x","F05",0,790.44508205166,35.2647695720678,"","48h",10,"15hHB101","DMSO",1,"Closantel",0.78,NA,NA,"ED3102","1",NA,NA,NA,756.581010200499,688.613008762288,716.403131447897,742.724974478267,758.590845203459,27.2331052453534,775.609546439446,789.903502332482,810.522635145528,0.035994962704835,34.6815754430193,29.8480736908334,32.4889447088252,33.1984380305011,34.7540325457179,1.82097397680553,35.8485338989516,36.996364072221,39.2592747903009,0.0525055149180673,94,"1_ED3102_0.78",NA,"n>75",NA,NA,NA,"1",756.303082720057,2.28776248340171
"20250529-CbDRC3-p035-m2x_F06_roi_0.png",20250529,"CbDRC3","p035","m2x","F06",0,678.516694072622,27.8221644557322,"","48h",10,"15hHB101","DMSO",1,"Closantel",1.56,NA,NA,"ED3102","1",NA,NA,NA,704.240932521238,275.473721207611,675.063121855773,690.811035081734,722.721979338754,87.3174516163821,740.107258677288,758.983342134194,766.121551085459,0.123988038161569,33.5541883867062,17.4660747249241,30.9850327894189,32.7629384019219,33.9952555975626,3.2205514465933,35.3074319382578,36.570405666067,38.7167937901961,0.0959806093199751,89,"1_ED3102_1.56",NA,"n>75",NA,NA,NA,"1",756.303082720057,-33.5811033813033
"20250529-CbDRC3-p035-m2x_F07_roi_0.png",20250529,"CbDRC3","p035","m2x","F07",0,728.011026311369,30.1483940129397,"","48h",10,"15hHB101","DMSO",1,"Closantel",3.125,NA,NA,"ED3102","1",NA,NA,NA,696.915591187271,248.955062891144,661.773962960384,683.659926275342,709.13904944122,63.1191058471943,726.904930239454,743.289178995024,770.829564611593,0.0905692262382365,32.6774342710452,15.3598732907296,30.2280657908285,31.5677016561245,32.6596195462117,2.81054681575911,34.2647136994648,35.5667504390766,36.6717530090157,0.0860087971548451,79,"1_ED3102_3.125",NA,"n>75",NA,NA,NA,"1",756.303082720057,-47.1640332788375
"20250529-CbDRC3-p035-m2x_F08_roi_0.png",20250529,"CbDRC3","p035","m2x","F08",0,647.999464774304,28.7715810498111,"","48h",10,"15hHB101","DMSO",1,"Closantel",6.25,NA,NA,"ED3102","1",NA,NA,NA,621.714511449907,482.02110322511,584.8661460318,604.568351471564,618.573864470759,32.523883457213,644.523242238068,663.207059024183,713.252195230066,0.0523132126695317,29.2961968929231,22.0980568945618,26.9395849706221,28.5290094276752,29.6291902497834,1.73873208169862,30.4514100254481,30.8782250268246,33.5947738785016,0.0593500954425463,99,"1_ED3102_6.25",NA,"n>75",NA,NA,NA,"1",756.303082720057,-137.729218249298
"20250529-CbDRC3-p035-m2x_F09_roi_0.png",20250529,"CbDRC3","p035","m2x","F09",0,571.483638920585,26.6808986336346,"","48h",10,"15hHB101","DMSO",1,"Closantel",12.5,NA,NA,"ED3102","1",NA,NA,NA,551.562647438957,424.123927676449,524.159857068955,538.745589322669,555.44138770856,31.0091661058673,565.758353486153,587.694275000669,619.460325617484,0.0562205694128321,26.1686714628614,20.9321952620674,23.6133874359934,24.6203359699973,26.649251668977,1.8370635452018,27.3853825274478,28.3755415529883,30.0455350347513,0.070200871595983,85,"1_ED3102_12.5",NA,"n>75",NA,NA,NA,"1",756.303082720057,-200.861695011497
"20250529-CbDRC3-p035-m2x_F10_roi_0.png",20250529,"CbDRC3","p035","m2x","F10",0,458.18550688471,22.7682924560955,"","48h",10,"15hHB101","DMSO",1,"Closantel",25,NA,NA,"ED3102","1",NA,NA,NA,419.3331976558,303.387941492934,364.62545186158,402.226426438076,422.325125775264,35.4271797380116,440.129054960939,458.035625365725,516.79996017476,0.0844845577122447,21.6040623802775,18.2099874825923,20.0271011278168,20.6638259958633,21.6590719827586,1.36253103571723,22.4685942928861,23.1910586435992,24.875904514039,0.0630682790918571,87,"1_ED3102_25",NA,"n>75",NA,NA,NA,"1",756.303082720057,-333.977956944793
"20250529-CbDRC3-p035-m2x_F11_roi_0.png",20250529,"CbDRC3","p035","m2x","F11",0,314.880527335396,18.0589643222368,"","48h",10,"15hHB101","DMSO",1,"Closantel",50,NA,NA,"ED3102","1",NA,NA,NA,318.665493592781,162.876967769455,270.794796898884,295.837039207378,312.592022235132,44.7923669518936,341.506816895983,379.275722685367,506.235620560524,0.140562338416011,17.9009724273979,15.0263079817918,16.2995026844825,17.2045401404172,17.9219812698088,1.23215742261763,18.5512013133212,19.2954044744264,22.663156065619,0.0688318708726561,96,"1_ED3102_50",NA,"n>75",NA,NA,NA,"1",756.303082720057,-443.711060484925
"20250529-CbDRC3-p035-m2x_F12_roi_0.png",20250529,"CbDRC3","p035","m2x","F12",0,330.77640114205,17.9443601030761,"","48h",10,"15hHB101","DMSO",1,"Closantel",100,NA,NA,"ED3102","1",NA,NA,NA,273.257352063429,180.378027924934,237.678133049175,253.631001625976,274.557505534265,31.8732765241686,294.598640896731,318.256104264765,344.142988924094,0.116641972424479,16.5414677566234,14.0370636238396,15.0961835964425,15.5243541980969,16.2472659351671,1.32333569890975,17.3717639669172,18.1667619785769,22.0109014916483,0.0800011050035064,79,"1_ED3102_100",NA,"n>75",NA,NA,NA,"1",756.303082720057,-481.745577185792
"20250529-CbDRC3-p036-m2x_A01_roi_0.png",20250529,"CbDRC3","p036","m2x","A01",0,735.458901249704,33.7842592212794,"","48h",10,"15hHB101","DMSO",1,"Closantel",0,NA,NA,"ECA2666","1",NA,NA,NA,748.600584780509,431.801499163986,684.721589054556,732.284092699488,760.001476334732,61.2646454974861,778.866884300091,803.519934810971,848.854538471881,0.0818388961256944,34.2799281999791,23.3650622534909,30.4321979582926,32.4580156156786,34.2540655212896,3.21105182499898,36.2655765918606,38.5964038745663,40.2220677516552,0.0936714863072827,63,"1_ECA2666_0",NA,NA,NA,NA,NA,"1",754.074163879375,5.9273124553572
"20250529-CbDRC3-p036-m2x_A02_roi_0.png",20250529,"CbDRC3","p036","m2x","A02",0,745.515423833064,35.4491640048383,"","48h",10,"15hHB101","DMSO",1,"Closantel",0.097,NA,NA,"ECA2666","1",NA,NA,NA,734.787164445392,470.352285239392,683.034333247808,718.220175715448,745.420391408588,54.5704580541117,766.110072451753,788.734288120146,802.524114346419,0.0742670268271504,33.6494812028419,24.0029612329314,30.0158166438977,32.0448052459514,33.570955060479,2.81366243757711,35.9208560291561,37.0244339453283,38.8984507196021,0.0836168147917681,76,"1_ECA2666_0.097",NA,"n>75",NA,NA,NA,"1",754.074163879375,-8.65377247078675
"20250529-CbDRC3-p036-m2x_A03_roi_0.png",20250529,"CbDRC3","p036","m2x","A03",0,746.86403665771,34.6769217276613,"","48h",10,"15hHB101","DMSO",1,"Closantel",0.195,NA,NA,"ECA2666","1",NA,NA,NA,743.610614736287,609.226546227704,691.110832585395,721.209693396001,752.026960686927,47.6057607974607,772.200823099086,796.793573067259,847.436953356291,0.0640197434706382,33.6678913749251,27.5406888867786,29.052725068417,32.1929435436649,34.414102099052,2.68179176183219,35.3412897452098,36.5392287418009,39.2107462230957,0.0796542834229739,69,"1_ECA2666_0.195",NA,NA,NA,NA,NA,"1",754.074163879375,-2.04720319244757
"20250529-CbDRC3-p036-m2x_A04_roi_0.png",20250529,"CbDRC3","p036","m2x","A04",0,769.993083976215,34.0235591587143,"","48h",10,"15hHB101","DMSO",1,"Closantel",0.39,NA,NA,"ECA2666","1",NA,NA,NA,736.850531548606,257.151843647642,700.525705798973,728.982949727951,755.055597816757,110.251141573582,776.82124190956,794.00187084093,935.396646923132,0.149624838217694,35.0202199795019,22.6994253557657,30.0548150922669,31.9025055384165,33.8214780816182,11.8847073438697,36.0623924666941,37.0878669665553,122.50536556284,0.339367009996685,60,"1_ECA2666_0.39",NA,NA,NA,NA,NA,"1",754.074163879375,0.981433937382576
"20250529-CbDRC3-p036-m2x_A05_roi_0.png",20250529,"CbDRC3","p036","m2x","A05",0,740.189160906646,31.6850980923147,"","48h",10,"15hHB101","DMSO",1,"Closantel",0.78,NA,NA,"ECA2666","1",NA,NA,NA,722.493673850573,480.776545597613,672.217507012877,702.564860094693,735.779793801155,55.384991021872,755.928793833689,779.080748438898,817.717044108624,0.0766580982317733,32.8750231408462,23.8788155416595,29.4473935757592,31.1779041405809,32.7384172127338,2.70473769129117,34.9518370084702,36.0208719669472,38.4574815333011,0.082273331936628,66,"1_ECA2666_0.78",NA,NA,NA,NA,NA,"1",754.074163879375,-18.2943700782196
"20250529-CbDRC3-p036-m2x_A06_roi_0.png",20250529,"CbDRC3","p036","m2x","A06",0,748.437927129453,32.740050582977,"","48h",10,"15hHB101","DMSO",1,"Closantel",1.56,NA,NA,"ECA2666","1",NA,NA,NA,698.633980000153,382.716711343312,612.790675375817,684.276232570915,716.417772740758,77.719063658067,745.203675370229,770.422909175441,830.522796695421,0.111244322324617,31.7935565572323,22.4493651350497,28.1448719896765,30.0682321288876,31.8449726668388,3.10759329149082,33.6641517474901,35.7238868391582,39.1142055844572,0.0977428645296971,71,"1_ECA2666_1.56",NA,NA,NA,NA,NA,"1",754.074163879375,-37.6563911386161
"20250529-CbDRC3-p036-m2x_A07_roi_0.png",20250529,"CbDRC3","p036","m2x","A07",0,603.641009708607,27.0057270946296,"","48h",10,"15hHB101","DMSO",1,"Closantel",3.125,NA,NA,"ECA2666","1",NA,NA,NA,687.925337079986,534.240606791628,609.360800033963,631.250390672751,698.395777049496,61.0076109032962,736.700615667351,762.111393642027,793.972669379831,0.0886834771375819,30.9907506389109,25.3568806712723,27.5540721698364,29.0739052665211,30.6848488919444,2.84698205862868,32.9717979139766,34.5284929436615,40.5699635287092,0.0918655405220846,58,"1_ECA2666_3.125",NA,NA,NA,NA,NA,"1",754.074163879375,-55.6783868298784
"20250529-CbDRC3-p036-m2x_A08_roi_0.png",20250529,"CbDRC3","p036","m2x","A08",0,659.256092239988,30.592297960026,"","48h",10,"15hHB101","DMSO",1,"Closantel",6.25,NA,NA,"ECA2666","1",NA,NA,NA,618.401271698891,544.030992448643,560.936482965753,591.095566286398,611.861909933085,45.5204086864027,632.375604531061,680.524130267494,751.94708057664,0.0736098238629873,28.8432623494989,22.936842288841,25.6703184910641,27.4040380016707,29.0601307672773,2.2720458514176,30.1452309243971,31.2345333379817,35.4367950308381,0.0787721521888484,66,"1_ECA2666_6.25",NA,NA,NA,NA,NA,"1",754.074163879375,-142.212253946289
"20250529-CbDRC3-p036-m2x_A09_roi_0.png",20250529,"CbDRC3","p036","m2x","A09",0,582.438254875657,27.8879173933164,"","48h",10,"15hHB101","DMSO",1,"Closantel",12.5,NA,NA,"ECA2666","1",NA,NA,NA,534.485453364503,343.342846957725,451.123756456638,509.031101089517,539.368296951082,59.86690409131,581.422586721288,605.82668975598,622.215069189545,0.112008481642404,25.4277843748487,20.2203725620632,22.059123091033,24.0792707928297,25.7418990023277,2.35974122143018,27.1201932194544,28.1300653617791,32.6251895978976,0.0928016844347737,82,"1_ECA2666_12.5",NA,"n>75",NA,NA,NA,"1",754.074163879375,-214.705866928292
"20250529-CbDRC3-p036-m2x_A10_roi_0.png",20250529,"CbDRC3","p036","m2x","A10",0,495.399344828824,21.8754268521208,"","48h",10,"15hHB101","DMSO",1,"Closantel",25,NA,NA,"ECA2666","1",NA,NA,NA,380.796747815971,266.68998824551,309.991176389055,339.030609005398,378.351849423187,59.5859186253237,411.44118217167,455.462038993566,581.609392832811,0.156476963017867,20.0356497380562,15.966258622518,17.7340473089817,18.5072087827867,19.7693765311567,2.04334901716107,21.1205271880433,23.264104551906,25.4877271587104,0.101985662749927,71,"1_ECA2666_25",NA,NA,NA,NA,NA,"1",754.074163879375,-375.722314456187
"20250529-CbDRC3-p036-m2x_A11_roi_0.png",20250529,"CbDRC3","p036","m2x","A11",0,389.404152951669,18.1394058318654,"","48h",10,"15hHB101","DMSO",1,"Closantel",50,NA,NA,"ECA2666","1",NA,NA,NA,292.387423788892,215.53653212794,250.502351059179,263.324271989331,281.289822230881,48.1176682308981,303.809371400051,361.699594119703,444.950229691099,0.164568186987549,17.1561651982591,13.7153202099864,15.1013257470926,15.8063761606842,16.6823628166986,2.07648329253072,17.9995955857183,20.3700029299007,23.4300527445602,0.121034232798215,70,"1_ECA2666_50",NA,NA,NA,"outlier","outlier","1",754.074163879375,-472.784341648494
"20250529-CbDRC3-p036-m2x_A12_roi_0.png",20250529,"CbDRC3","p036","m2x","A12",0,360.790604652901,19.5299674495106,"","48h",10,"15hHB101","DMSO",1,"Closantel",100,NA,NA,"ECA2666","1",NA,NA,NA,249.482899319127,185.943589847395,205.69921691768,219.024749018114,243.291168302836,40.2444785669049,270.596825380594,304.777149506214,360.790604652901,0.161311571561568,15.3122709072474,12.9421309184351,13.8965711825365,14.2389640228347,14.8008569764185,1.54107994465025,15.870749977702,17.5239633935608,19.5299674495106,0.100643461311858,43,"1_ECA2666_100",NA,NA,NA,NA,NA,"1",754.074163879375,-510.782995576539
"20250529-CbDRC3-p036-m2x_B01_roi_0.png",20250529,"CbDRC3","p036","m2x","B01",0,848.232997300492,38.069141071383,"","48h",10,"15hHB101","DMSO",1,"Closantel",0,NA,NA,"JU3237","1",NA,NA,NA,808.217550002877,661.469432445438,760.817294999963,787.754981004519,809.799891549518,43.5296543555758,835.908760241555,858.194256363493,887.295143676083,0.053858833374035,36.9665979163241,31.6141103227155,33.5510498171625,35.4954145192457,37.297691667776,2.23562910647036,38.3668451879267,39.6223667873271,41.2758438505798,0.0604770044441423,75,"1_JU3237_0",NA,NA,NA,NA,NA,"1",806.291096380612,3.50879516890598
"20250529-CbDRC3-p036-m2x_B02_roi_0.png",20250529,"CbDRC3","p036","m2x","B02",0,800.73481934146,34.3356785510399,"","48h",10,"15hHB101","DMSO",1,"Closantel",0.097,NA,NA,"JU3237","1",NA,NA,NA,800.472583722286,286.273746327769,763.018707366082,775.150476073936,802.398784594221,66.9540504784534,833.779589109156,855.96441835077,887.799131070836,0.0836431526075629,36.7132023581692,16.3073749598955,34.352572428731,35.5935208572832,36.7435761934919,3.07336377290547,38.4074272452881,39.7935651272435,42.0561253171983,0.0837127674922535,85,"1_JU3237_0.097",NA,"n>75",NA,NA,NA,"1",806.291096380612,-3.89231178639182
"20250529-CbDRC3-p036-m2x_B03_roi_0.png",20250529,"CbDRC3","p036","m2x","B03",0,867.79380056955,37.2985816740403,"","48h",10,"15hHB101","DMSO",1,"Closantel",0.195,NA,NA,"JU3237","1",NA,NA,NA,808.531523642611,660.480579773664,762.368132124442,787.388678544687,809.861555224656,39.0309840576496,836.75920718382,855.397068086573,874.235181780417,0.0482739174866138,36.6634019404492,30.7350809096644,34.2902587199216,35.2468075411834,36.3975965210044,2.23209329662636,38.0206563487403,39.7703573962994,43.5600710962196,0.0608806924205194,91,"1_JU3237_0.195",NA,"n>75",NA,NA,NA,"1",806.291096380612,3.57045884404351
"20250529-CbDRC3-p036-m2x_B04_roi_0.png",20250529,"CbDRC3","p036","m2x","B04",0,815.438758173869,36.2207095657404,"","48h",10,"15hHB101","DMSO",1,"Closantel",0.39,NA,NA,"JU3237","1",NA,NA,NA,798.273042362968,697.779955778124,758.347750815365,774.983104752771,794.977800324218,34.540632803833,826.063832083894,847.213090737237,863.835766511309,0.0432691960905874,36.4892835723433,29.0831651345241,34.3744678729815,35.4295239369823,36.3863565715652,2.0090660919791,37.769145728159,38.9232211299122,41.4974012341258,0.0550590720148272,83,"1_JU3237_0.39",NA,"n>75",NA,NA,NA,"1",806.291096380612,-11.3132960563942
"20250529-CbDRC3-p036-m2x_B05_roi_0.png",20250529,"CbDRC3","p036","m2x","B05",0,831.769030721377,38.2087583154939,"","48h",10,"15hHB101","DMSO",1,"Closantel",0.78,NA,NA,"JU3237","1",NA,NA,NA,806.287916350484,317.385008910764,775.890157783708,792.900360659523,809.549227246089,66.0535602390812,833.958476888572,854.090223325073,895.77791596449,0.0819230437410753,37.4649710359882,24.59849494985,35.3472259994336,36.4345810064092,37.6226823258246,2.40283355047762,39.0869366356739,39.8933922904301,40.9694851682739,0.0641354706552289,85,"1_JU3237_0.78",NA,"n>75",NA,NA,NA,"1",806.291096380612,3.25813086547646
"20250529-CbDRC3-p036-m2x_B06_roi_0.png",20250529,"CbDRC3","p036","m2x","B06",0,815.740368225835,37.2629722621406,"","48h",10,"15hHB101","DMSO",1,"Closantel",1.56,NA,NA,"JU3237","1",NA,NA,NA,781.393399114744,183.070507947785,742.244727702174,766.619312307902,786.312654198641,82.2639937660723,816.303135407632,843.871467960563,890.80623620956,0.105278588044474,35.8603441094397,12.0310784866543,32.8182443535923,34.8043928865558,36.6250126389659,3.52328773519109,37.7018142770657,38.5384392317556,40.2182732817498,0.0982502489222806,76,"1_JU3237_1.56",NA,"n>75",NA,NA,NA,"1",806.291096380612,-19.9784421819713
"20250529-CbDRC3-p036-m2x_B07_roi_0.png",20250529,"CbDRC3","p036","m2x","B07",0,804.339793274529,37.2302541884601,"","48h",10,"15hHB101","DMSO",1,"Closantel",3.125,NA,NA,"JU3237","1",NA,NA,NA,783.916358687356,708.085565384201,744.183604588173,765.837083911964,787.253784722618,31.7354183407004,804.339793274529,826.671328135416,842.92631477838,0.0404831688853137,35.6133434807816,30.3994227446268,33.1176444095937,34.3711597192481,35.8420253213206,1.94461876341582,36.8434035059606,37.7035621078451,39.5371115619558,0.0546036561960325,73,"1_JU3237_3.125",NA,NA,NA,NA,NA,"1",806.291096380612,-19.0373116579948
"20250529-CbDRC3-p036-m2x_B08_roi_0.png",20250529,"CbDRC3","p036","m2x","B08",0,836.566083236301,37.2328614987339,"","48h",10,"15hHB101","DMSO",1,"Closantel",6.25,NA,NA,"JU3237","1",NA,NA,NA,730.862564148972,291.56635765685,680.880198483824,713.72939202863,746.395917884189,67.1714360655033,764.15684769777,779.846994422997,836.566083236301,0.091907068935346,32.6713785101953,16.3673097955138,29.7634786218342,30.8678065927995,32.9778094918773,2.97878494677633,34.4055144266116,36.2779147378925,37.3569648074089,0.09117414332079,79,"1_JU3237_6.25",NA,"n>75",NA,NA,NA,"1",806.291096380612,-59.895178496423
"20250529-CbDRC3-p036-m2x_B09_roi_0.png",20250529,"CbDRC3","p036","m2x","B09",0,621.646338212987,27.3602926639902,"","48h",10,"15hHB101","DMSO",1,"Closantel",12.5,NA,NA,"JU3237","1",NA,NA,NA,627.027009269457,352.461170435087,558.17677233627,595.056450490461,631.820410595921,64.2424820679613,662.100900759606,700.863615163737,754.669281784724,0.102455685509959,28.2405792531873,19.7395186114025,24.764505235412,26.9054381503032,28.3576637855709,2.69193797032881,29.8793681823074,31.4045859138838,32.6181440337677,0.0953216273007215,66,"1_JU3237_12.5",NA,NA,NA,NA,NA,"1",806.291096380612,-174.470685784692
"20250529-CbDRC3-p036-m2x_B10_roi_0.png",20250529,"CbDRC3","p036","m2x","B10",0,501.098181626165,22.7173667110688,"","48h",10,"15hHB101","DMSO",1,"Closantel",25,NA,NA,"JU3237","1",NA,NA,NA,458.70593165313,212.240299570827,336.367922039824,423.336504772976,465.448592419297,84.8367056084259,516.779929239265,548.526339322978,601.979294292236,0.18494791489328,22.1488957444644,13.3704100296519,18.5638120702068,20.8106217346866,22.5998099342446,2.93637331930988,24.1338180559462,25.5984551448776,27.6562837747959,0.132574253506239,57,"1_JU3237_25",NA,NA,NA,NA,NA,"1",806.291096380612,-340.842503961316
"20250529-CbDRC3-p036-m2x_B11_roi_0.png",20250529,"CbDRC3","p036","m2x","B11",0,395.707778517953,21.7031874856435,"","48h",10,"15hHB101","DMSO",1,"Closantel",50,NA,NA,"JU3237","1",NA,NA,NA,387.03462177004,241.817999636111,283.337445213881,347.503106784591,384.31937048206,71.1535356351638,439.750636027991,487.021218306424,530.083696733635,0.183842818272316,20.2927797023285,15.7718224642281,17.9383398996283,19.0480448083278,20.1580478854666,1.94682938793816,21.5327080062336,22.6919090870849,24.6429668119998,0.0959370483736523,70,"1_JU3237_50",NA,NA,NA,NA,NA,"1",806.291096380612,-421.971725898553
"20250529-CbDRC3-p036-m2x_B12_roi_0.png",20250529,"CbDRC3","p036","m2x","B12",0,373.6805221808,19.7568695917265,"","48h",10,"15hHB101","DMSO",1,"Closantel",100,NA,NA,"JU3237","1",NA,NA,NA,334.538547640989,229.548500683911,280.301455368386,290.919294824583,329.514387625311,51.5219197103613,375.838611930101,397.450427012323,450.225961897433,0.154008917877088,18.2243203973733,14.5928482914454,16.1094431667998,17.003260417887,18.0474669728892,1.79411181026307,19.5014425884993,20.4914700125564,22.7858231858849,0.098446019996535,63,"1_JU3237_100",NA,NA,NA,NA,NA,"1",806.291096380612,-476.776708755301
"20250529-CbDRC3-p036-m2x_C01_roi_0.png",20250529,"CbDRC3","p036","m2x","C01",0,808.878528291373,37.8187661596397,"","48h",10,"15hHB101","DMSO",1,"Closantel",0,NA,NA,"VX34","1",NA,NA,NA,773.038316460557,583.891566281135,717.433569915112,740.601613556906,774.967783570938,54.4048054190766,817.809253628494,832.747239253143,870.885705588312,0.0703778897638284,37.4392284310581,30.7359085173646,33.639962969175,35.6250144598285,37.8981058481338,2.78996410866952,39.0759901759434,40.8440308367064,43.9496818253915,0.0745198078482587,67,"1_VX34_0",NA,NA,NA,NA,NA,"1",765.858641051975,9.10914251896327
"20250529-CbDRC3-p036-m2x_C02_roi_0.png",20250529,"CbDRC3","p036","m2x","C02",0,794.453448722417,34.6088714930141,"","48h",10,"15hHB101","DMSO",1,"Closantel",0.097,NA,NA,"VX34","1",NA,NA,NA,758.623089042215,314.634453126381,688.265982945266,738.884864502053,773.540128298623,76.5155016451498,801.227763148836,815.505776619098,870.058627159536,0.100861024071589,37.0111404286506,23.1386810832656,32.6442298981103,34.7853982224433,37.6439409880009,3.35086846493915,39.754738221023,40.6489592162621,42.4040589447412,0.0905367526136866,68,"1_VX34_0.097",NA,NA,NA,NA,NA,"1",765.858641051975,7.68148724664832
"20250529-CbDRC3-p036-m2x_C03_roi_0.png",20250529,"CbDRC3","p036","m2x","C03",0,831.275914670798,37.0563346863524,"","48h",10,"15hHB101","DMSO",1,"Closantel",0.195,NA,NA,"VX34","1",NA,NA,NA,774.178233812948,677.42118726415,715.903369620348,746.426503793522,764.128488321885,46.9235840369906,819.329917854296,833.15353234847,872.508534868167,0.0606108283436034,36.9237609523833,30.0608112937699,33.5494657453544,34.9207691399153,37.08242420361,2.83205577419242,38.5439861332755,40.9265757798579,43.6682589599194,0.0767000896210065,54,"1_VX34_0.195",NA,NA,NA,NA,NA,"1",765.858641051975,-1.73015273009025
"20250529-CbDRC3-p036-m2x_C04_roi_0.png",20250529,"CbDRC3","p036","m2x","C04",0,755.2370248789,36.7864265290188,"","48h",10,"15hHB101","DMSO",1,"Closantel",0.39,NA,NA,"VX34","1",NA,NA,NA,771.548851257127,554.814078596346,700.963011712276,744.401399171706,773.626515182989,58.5498837818894,810.882972980981,837.935512577795,873.64454809241,0.0758861654534135,37.0073495107961,29.9817846265816,33.1871322775955,35.5718367084073,37.3925522616447,2.63803943513835,38.840172333082,40.0798407101837,41.577369673192,0.0712842035436437,62,"1_VX34_0.39",NA,NA,NA,NA,NA,"1",765.858641051975,7.76787413101408
"20250529-CbDRC3-p036-m2x_C05_roi_0.png",20250529,"CbDRC3","p036","m2x","C05",0,727.919545498992,33.8792082668583,"","48h",10,"15hHB101","DMSO",1,"Closantel",0.78,NA,NA,"VX34","1",NA,NA,NA,781.840297442676,584.314686749838,731.681850687575,751.479763595228,788.827941480692,55.6235794969811,818.23953653109,843.242383231577,865.210572378991,0.0711444263987421,37.2326286319318,26.4322995385341,33.718663257661,36.1049933141199,37.2263043770187,3.20018694571679,39.4649114683294,41.0964838961427,42.1538191778111,0.0859511418694789,56,"1_VX34_0.78",NA,NA,NA,NA,NA,"1",765.858641051975,22.9693004287174
"20250529-CbDRC3-p036-m2x_C06_roi_0.png",20250529,"CbDRC3","p036","m2x","C06",0,735.963740436712,33.6658906583087,"","48h",10,"15hHB101","DMSO",1,"Closantel",1.56,NA,NA,"VX34","1",NA,NA,NA,728.530027634665,199.063167259044,666.615638284849,699.931310224856,736.084079127494,90.3944727920055,770.987212993273,816.958836852978,850.969472929113,0.124077895712125,35.2606045599612,21.1263455261061,31.5318594191607,33.4565074838574,36.0726601666132,3.41075709878807,37.416494154813,38.9592881312428,40.3281665624949,0.0967299665264679,66,"1_VX34_1.56",NA,NA,NA,NA,NA,"1",765.858641051975,-29.7745619244814
"20250529-CbDRC3-p036-m2x_C07_roi_0.png",20250529,"CbDRC3","p036","m2x","C07",0,756.861993202802,37.2196040863049,"","48h",10,"15hHB101","DMSO",1,"Closantel",3.125,NA,NA,"VX34","1",NA,NA,NA,698.872054448123,161.582776960341,598.425767595249,682.421655349073,718.528801054536,104.340304287056,746.476804775426,785.755018335596,862.317073219668,0.149298149243427,34.2448662844573,15.2415222083022,29.8407906096448,32.5673356497809,35.2874121327781,4.23295385924055,36.2935974972202,38.3986704352551,42.66856284035,0.123608421305524,59,"1_VX34_3.125",NA,NA,NA,NA,NA,"1",765.858641051975,-47.3298399974389
"20250529-CbDRC3-p036-m2x_C08_roi_0.png",20250529,"CbDRC3","p036","m2x","C08",0,662.448828533918,32.8349445568453,"","48h",10,"15hHB101","DMSO",1,"Closantel",6.25,NA,NA,"VX34","1",NA,NA,NA,644.724047701242,533.36130044754,578.055249267282,602.506025661108,640.122194236363,56.7851545464755,686.581475595887,723.01112845884,761.324489813517,0.0880766814095775,31.7493520487599,26.4159304985068,29.171501227555,30.3651254445632,31.1251566230217,2.46078861002447,33.4537564629874,35.0829871111278,37.8940209396012,0.0775067348223438,53,"1_VX34_6.25",NA,NA,NA,NA,NA,"1",765.858641051975,-125.736446815612
"20250529-CbDRC3-p036-m2x_C09_roi_0.png",20250529,"CbDRC3","p036","m2x","C09",0,599.966869114175,28.6740594246407,"","48h",10,"15hHB101","DMSO",1,"Closantel",12.5,NA,NA,"VX34","1",NA,NA,NA,543.518038623391,351.744240565348,463.162877136201,527.594042884559,557.419475763088,64.5650586382817,589.619996186515,604.592062375808,632.602384745379,0.118791013453409,26.0881813015562,17.9969506181222,22.5390777507603,24.1071507105055,26.6719144194094,2.97891650340592,28.1096478680147,29.0579088321191,32.5901532405179,0.11418643825617,51,"1_VX34_12.5",NA,NA,NA,NA,NA,"1",765.858641051975,-208.439165288887
"20250529-CbDRC3-p036-m2x_C10_roi_0.png",20250529,"CbDRC3","p036","m2x","C10",0,521.066643903875,24.7521658912293,"","48h",10,"15hHB101","DMSO",1,"Closantel",25,NA,NA,"VX34","1",NA,NA,NA,344.630835716914,165.164259851842,226.962774481243,300.032698354347,345.414653598633,78.9784096702327,400.268243542069,437.001771617471,521.066643903875,0.229168145984206,19.3809866704485,11.0196002924757,15.6426188536687,17.8036528343837,19.5067901189678,2.78324409871773,21.2894427582075,22.4191001969078,24.7521658912293,0.143606935294039,51,"1_VX34_25",NA,NA,NA,NA,NA,"1",765.858641051975,-420.443987453342
"20250529-CbDRC3-p036-m2x_C12_roi_0.png",20250529,"CbDRC3","p036","m2x","C12",0,289.794362012467,17.0565830757171,"","48h",10,"15hHB101","DMSO",1,"Closantel",100,NA,NA,"VX34","1",NA,NA,NA,228.900544744272,165.323059018297,181.034894291685,198.350013147791,223.854772931503,37.6450019154426,261.740964037898,279.791956360806,289.794362012467,0.164460080064465,14.5846006286842,12.4659412503363,12.9350468260962,13.5113037297252,14.1371861874305,1.74306767051512,15.4510033391507,16.3349983757667,21.4550287349021,0.11951425444499,34,"1_VX34_100",NA,NA,NA,NA,NA,"1",765.858641051975,-542.003868120472
"20250529-CbDRC3-p036-m2x_D02_roi_0.png",20250529,"CbDRC3","p036","m2x","D02",0,791.470617071987,36.1877108697394,"","48h",10,"15hHB101","DMSO",1,"Closantel",0.097,NA,NA,"NIC1667","1",NA,NA,NA,725.218855443924,574.37307856382,647.91129888027,709.762344781155,736.628156234281,47.6071912222617,755.343897012928,768.597486462046,799.368826819487,0.0656452750295911,33.5557555571531,25.5687860416369,30.0401281397542,31.4351409461881,34.0882309798195,2.65103423527574,35.6554187712516,36.2532715557431,39.448924692982,0.0790038606271409,71,"1_NIC1667_0.097",NA,NA,NA,"outlier","outlier","1",722.159115222897,14.4690410113839
"20250529-CbDRC3-p036-m2x_D03_roi_0.png",20250529,"CbDRC3","p036","m2x","D03",0,728.476422964772,33.138479658352,"","48h",10,"15hHB101","DMSO",1,"Closantel",0.195,NA,NA,"NIC1667","1",NA,NA,NA,708.724131400946,180.983514726578,645.15531539087,712.833339068092,733.723500108043,104.062467522237,752.660777173696,774.484091494849,804.955313714815,0.146830710161561,32.731226681826,14.5292015609091,29.9882783103467,31.0891920517052,33.2771345807064,4.11421176329533,35.3588956635029,36.1567811734903,39.3389935578311,0.12569684000202,51,"1_NIC1667_0.195",NA,NA,NA,NA,NA,"1",722.159115222897,11.5643848851464
"20250529-CbDRC3-p036-m2x_D04_roi_0.png",20250529,"CbDRC3","p036","m2x","D04",0,725.806422902033,33.6673498266746,"","48h",10,"15hHB101","DMSO",1,"Closantel",0.39,NA,NA,"NIC1667","1",NA,NA,NA,699.522794659602,10.0564766893001,612.261040525397,692.893126165224,720.936360929582,107.560273896577,752.40220503329,765.72299183758,775.563475419393,0.153762357306623,83.8641654648908,27.0700056255646,29.8627695132866,31.6297427926792,33.7013313457998,395.076658733801,34.8559623939507,35.6618769190024,3118.86300601867,4.71091146670025,61,"1_NIC1667_0.39",NA,NA,NA,NA,NA,"1",722.159115222897,-1.22275429331535
"20250529-CbDRC3-p036-m2x_D05_roi_0.png",20250529,"CbDRC3","p036","m2x","D05",0,757.281453003029,33.3496997856377,"","48h",10,"15hHB101","DMSO",1,"Closantel",0.78,NA,NA,"NIC1667","1",NA,NA,NA,717.585107054213,584.594639321683,645.771212397165,700.482676307094,732.682498167571,46.4762892916441,750.639771102913,762.137529768872,777.230526133925,0.0647676336015888,32.9526295082732,28.6138575015937,29.646186983259,31.8050559730429,33.3496997856377,2.09502244690614,34.6476888908441,35.3351216257782,36.4235237559532,0.0635767912354356,67,"1_NIC1667_0.78",NA,NA,NA,NA,NA,"1",722.159115222897,10.5233829446736
"20250529-CbDRC3-p036-m2x_D06_roi_0.png",20250529,"CbDRC3","p036","m2x","D06",0,766.286423700631,33.2103174619619,"","48h",10,"15hHB101","DMSO",1,"Closantel",1.56,NA,NA,"NIC1667","1",NA,NA,NA,707.393588917243,596.454934545497,668.725948735889,688.738997278184,709.494771288248,37.606631667937,734.599461414623,751.720615765877,766.286423700631,0.0531622455407022,32.8735416695273,28.3182896197719,30.1860489574848,32.071134634501,32.9726562543941,1.68623896468446,33.6779734319754,35.2055994278604,36.0822560691047,0.0512947154169137,56,"1_NIC1667_1.56",NA,NA,NA,"outlier","outlier","1",722.159115222897,-12.6643439346491
"20250529-CbDRC3-p036-m2x_D07_roi_0.png",20250529,"CbDRC3","p036","m2x","D07",0,765.400624666158,31.7992784519928,"","48h",10,"15hHB101","DMSO",1,"Closantel",3.125,NA,NA,"NIC1667","1",NA,NA,NA,698.970730234368,615.643423983103,647.349905714424,670.954617912937,705.814234416642,39.3960048088594,724.863416826033,749.258171006065,781.080761457306,0.0563628820274774,32.1235992714232,27.3326311376398,29.942048752869,30.6584023911937,32.1956128725801,1.97283642081807,33.2364724286879,34.0800615586673,36.8107205409485,0.061413928250969,62,"1_NIC1667_3.125",NA,NA,NA,NA,NA,"1",722.159115222897,-16.3448808062551
"20250529-CbDRC3-p036-m2x_D08_roi_0.png",20250529,"CbDRC3","p036","m2x","D08",0,738.410160493342,29.5535719133492,"","48h",10,"15hHB101","DMSO",1,"Closantel",6.25,NA,NA,"NIC1667","1",NA,NA,NA,678.483811837486,591.889796630314,623.671603347329,639.945209766539,679.319043950963,45.0506927812248,703.968121344455,737.280692767042,811.261728721208,0.0663990680326145,30.8394309296228,27.0543732989903,28.7858213843321,29.5535719133492,30.6507351281827,1.76766084908654,31.9689039713929,32.9661032810739,35.1728540562755,0.0573182058099721,65,"1_NIC1667_6.25",NA,NA,NA,NA,NA,"1",722.159115222897,-42.8400712719341
"20250529-CbDRC3-p036-m2x_D09_roi_0.png",20250529,"CbDRC3","p036","m2x","D09",0,631.855080558652,28.2620330307446,"","48h",10,"15hHB101","DMSO",1,"Closantel",12.5,NA,NA,"NIC1667","1",NA,NA,NA,607.468105345974,297.188918624939,577.281276631301,590.71660099173,613.324310652612,50.5041790587226,631.787843746808,645.88095340429,696.813299676752,0.0831388160370307,28.3906633936941,16.7295996624283,26.5053275786538,27.7415041786639,28.5987264919318,2.08645261552323,29.2564454764593,30.7482290683053,32.8357866013988,0.0734908017678325,66,"1_NIC1667_12.5",NA,NA,NA,NA,NA,"1",722.159115222897,-108.834804570285
"20250529-CbDRC3-p036-m2x_D10_roi_0.png",20250529,"CbDRC3","p036","m2x","D10",0,595.468414907443,28.0948726521242,"","48h",10,"15hHB101","DMSO",1,"Closantel",25,NA,NA,"NIC1667","1",NA,NA,NA,504.743884861834,405.505034964029,455.751690988223,477.658173920031,507.666667409529,40.9520742328608,527.340692271205,560.4642288176,595.989071180799,0.0811343643005615,24.1950730649975,20.7283195810984,22.3517766292615,23.0860869202116,24.0409155680405,1.59386343840695,25.0329857595179,26.5227347797933,29.2438920333062,0.0658755373098154,74,"1_NIC1667_25",NA,NA,NA,NA,NA,"1",722.159115222897,-214.492447813368
"20250529-CbDRC3-p036-m2x_D11_roi_0.png",20250529,"CbDRC3","p036","m2x","D11",0,455.075511338221,22.0956781650777,"","48h",10,"15hHB101","DMSO",1,"Closantel",50,NA,NA,"NIC1667","1",NA,NA,NA,387.203660560929,204.167506418295,311.605452637105,330.842863482267,401.392710802111,67.7598599162137,442.626157612162,458.48908995835,490.451350877669,0.174997983795019,19.9938138454109,12.5031623308344,17.1399790497549,17.7798975716846,20.1310466723417,2.41053915172095,21.9235334847189,22.8349322790836,23.6706329844122,0.120564249040172,50,"1_NIC1667_50",NA,NA,NA,NA,NA,"1",722.159115222897,-320.766404420786
"20250529-CbDRC3-p036-m2x_D12_roi_0.png",20250529,"CbDRC3","p036","m2x","D12",0,415.132577581517,20.6851627567301,"","48h",10,"15hHB101","DMSO",1,"Closantel",100,NA,NA,"NIC1667","1",NA,NA,NA,324.984370664062,218.162616578443,269.604748822856,291.326440904707,315.718113906147,54.1369504776993,339.429910971825,405.540261656665,453.226546241558,0.166583243271292,17.5775561650926,14.3942766319976,15.7745552557202,16.358592250911,17.437852132517,1.82035112781539,18.6065288765348,20.1497181818083,22.2014281139,0.103561104326348,48,"1_NIC1667_100",NA,NA,NA,NA,NA,"1",722.159115222897,-406.44100131675
"20250529-CbDRC3-p036-m2x_E02_roi_0.png",20250529,"CbDRC3","p036","m2x","E02",0,768.819059616792,36.9186691332073,"","48h",10,"15hHB101","DMSO",1,"Closantel",0.097,NA,NA,"PB420","1",NA,NA,NA,754.287057647047,668.483719128221,715.624437443805,733.154240250481,748.522575333012,32.1554899817712,778.109283172311,791.127699942539,821.606908820649,0.0426303085221671,36.9006281127568,30.6995036844037,34.266159538557,35.3851842454281,37.0144192380847,2.29296051915926,38.6379101091684,39.6690318107034,41.2994696772626,0.0621387937395724,55,"1_PB420_0.097",NA,NA,NA,"outlier","outlier","1",752.470008939206,-3.94743360619373
"20250529-CbDRC3-p036-m2x_E03_roi_0.png",20250529,"CbDRC3","p036","m2x","E03",0,757.421834761154,35.4312984268406,"","48h",10,"15hHB101","DMSO",1,"Closantel",0.195,NA,NA,"PB420","1",NA,NA,NA,741.603712354059,176.35928296367,698.832158994898,734.785673985793,757.421834761154,81.7113322908783,777.652080878842,787.129594063413,805.914686372132,0.110181935351299,35.8096255314868,13.0811611104585,32.4056969449246,34.4214875337931,36.1139955427236,3.86027425495195,38.0008210810017,39.521073069637,41.347437368143,0.107799905686187,61,"1_PB420_0.195",NA,NA,NA,NA,NA,"1",752.470008939206,4.95182582194809
"20250529-CbDRC3-p036-m2x_E04_roi_0.png",20250529,"CbDRC3","p036","m2x","E04",0,733.93169728034,36.4330632948645,"","48h",10,"15hHB101","DMSO",1,"Closantel",0.39,NA,NA,"PB420","1",NA,NA,NA,755.618039049313,611.279408413467,714.178538873399,745.50807472364,762.503941323105,39.5189794355343,779.028735769632,792.133984051763,838.060738017023,0.0523002064445886,36.8284217116292,30.9594114104301,33.8065889206106,35.5650949125121,37.0463441938123,2.17193174315815,38.5087137945002,39.4270089845078,41.2260243623916,0.0589743367273413,64,"1_PB420_0.39",NA,NA,NA,NA,NA,"1",752.470008939206,10.0339323838984
"20250529-CbDRC3-p036-m2x_E05_roi_0.png",20250529,"CbDRC3","p036","m2x","E05",0,774.175546910185,37.6702159549813,"","48h",10,"15hHB101","DMSO",1,"Closantel",0.78,NA,NA,"PB420","1",NA,NA,NA,738.477901730462,620.964357756674,699.90309188772,719.130580843003,744.37609875846,38.2168721705541,761.978231755824,778.976427957054,794.643928535979,0.051750867671194,37.0948737915996,31.3230595597987,34.0502538363054,35.8590764822103,37.4825210049952,2.42527116681238,38.372936831417,40.097878661274,42.2558498782792,0.0653802242443969,50,"1_PB420_0.78",NA,NA,NA,NA,NA,"1",752.470008939206,-8.09391018074609
"20250529-CbDRC3-p036-m2x_E06_roi_0.png",20250529,"CbDRC3","p036","m2x","E06",0,735.778807807223,35.9299866900845,"","48h",10,"15hHB101","DMSO",1,"Closantel",1.56,NA,NA,"PB420","1",NA,NA,NA,720.418670069934,293.507920382576,674.490309982737,707.647179706724,735.874789967457,68.8442576708925,752.664199461544,767.417516509565,802.266198434733,0.0955614568736947,35.6231545589965,18.1448918107289,32.6085979399223,34.5223759230745,35.8381003013126,3.20843750963247,37.579995731867,38.8618273598902,40.6885540502459,0.0900660693684184,68,"1_PB420_1.56",NA,NA,NA,NA,NA,"1",752.470008939206,-16.5952189717494
"20250529-CbDRC3-p036-m2x_E07_roi_0.png",20250529,"CbDRC3","p036","m2x","E07",0,713.208371597167,33.8192438456402,"","48h",10,"15hHB101","DMSO",1,"Closantel",3.125,NA,NA,"PB420","1",NA,NA,NA,713.528291854304,517.930674426341,656.901340146335,701.304090695664,720.431147807483,45.4556536474846,743.579591098751,752.61970688952,786.782433753294,0.0637054678369589,34.8282974741537,25.2419887101092,31.7017161674376,33.5730062406795,35.4766484304375,2.70638157693484,36.5026339941439,37.5904433366738,38.6148882809698,0.0777063989114961,70,"1_PB420_3.125",NA,NA,NA,NA,NA,"1",752.470008939206,-32.0388611317234
"20250529-CbDRC3-p036-m2x_E08_roi_0.png",20250529,"CbDRC3","p036","m2x","E08",0,714.123675217829,33.1453487504225,"","48h",10,"15hHB101","DMSO",1,"Closantel",6.25,NA,NA,"PB420","1",NA,NA,NA,669.539373625464,578.077734270344,611.116609205138,646.085630415456,672.902298005148,41.8072715321277,703.393957216897,717.658296018701,756.012159960607,0.0624418416287411,32.7488655647641,27.5016112389653,29.7449960208948,31.3366132107428,32.8753960749195,2.20780814053242,34.0662953360424,35.576399150178,37.4404193685351,0.0674163242743863,54,"1_PB420_6.25",NA,NA,NA,NA,NA,"1",752.470008939206,-79.5677109340581
"20250529-CbDRC3-p036-m2x_E09_roi_0.png",20250529,"CbDRC3","p036","m2x","E09",0,687.235983112993,32.7966255380196,"","48h",10,"15hHB101","DMSO",1,"Closantel",12.5,NA,NA,"PB420","1",NA,NA,NA,593.136116067435,435.259676982735,563.396179933625,575.296130924144,591.126261519056,33.9030496400551,611.503994422509,632.787955296504,687.235983112993,0.0571589702964582,29.1584977553063,22.3025034268741,26.9862829830771,28.1548955932435,29.0477984453715,1.94639995312287,30.3399927812833,31.6710882286278,33.7495665755083,0.0667524084902029,67,"1_PB420_12.5",NA,NA,NA,NA,NA,"1",752.470008939206,-161.34374742015
"20250529-CbDRC3-p036-m2x_E10_roi_0.png",20250529,"CbDRC3","p036","m2x","E10",0,531.005618199506,22.6052380954555,"","48h",10,"15hHB101","DMSO",1,"Closantel",25,NA,NA,"PB420","1",NA,NA,NA,483.525473963214,290.607136327863,425.516829854819,456.817118519084,484.589733095518,50.9148523925354,521.484804067574,539.386907208838,571.599948097163,0.105299214072864,24.0790530473331,14.6254665288284,21.6200049817702,23.0731238384331,24.2699913680637,2.15625831528085,25.7190482041273,26.4645193016226,27.9741456332175,0.0895491326441373,63,"1_PB420_25",NA,NA,NA,NA,NA,"1",752.470008939206,-267.880275843688
"20250529-CbDRC3-p036-m2x_E11_roi_0.png",20250529,"CbDRC3","p036","m2x","E11",0,461.790284920171,21.8075015801586,"","48h",10,"15hHB101","DMSO",1,"Closantel",50,NA,NA,"PB420","1",NA,NA,NA,399.092402199885,287.065532944253,331.265268095567,369.643470723022,396.213960449069,55.5764522981788,425.225980370346,450.716081558888,645.431254196947,0.139257104349342,21.678080201289,16.94710429054,19.0741586178021,20.1679291210267,21.4568668375758,3.60913110268395,22.4127135324193,23.0712805728667,44.6088323079712,0.166487579581394,54,"1_PB420_50",NA,NA,NA,NA,NA,"1",752.470008939206,-356.256048490137
"20250529-CbDRC3-p036-m2x_E12_roi_0.png",20250529,"CbDRC3","p036","m2x","E12",0,430.912784444158,22.2438817203702,"","48h",10,"15hHB101","DMSO",1,"Closantel",100,NA,NA,"PB420","1",NA,NA,NA,351.964047417399,192.770251039797,269.05096098637,302.207167866472,366.711396132622,60.4947700082051,399.446860909231,416.232972435797,462.441797142888,0.171877697316236,19.5148525629844,13.8715530493218,16.7362547812445,17.9377666613983,19.2316520848751,2.32711084383616,21.5369091819264,22.2065047953459,23.5874075883767,0.119248189876167,46,"1_PB420_100",NA,NA,NA,NA,NA,"1",752.470008939206,-385.758612806584
"20250529-CbDRC3-p036-m2x_F01_roi_0.png",20250529,"CbDRC3","p036","m2x","F01",0,771.341119591371,35.4101257163107,"","48h",10,"15hHB101","DMSO",1,"Closantel",0,NA,NA,"ED3102","1",NA,NA,NA,756.69109132379,679.822815247892,727.973897455958,743.45282066264,756.779354458688,23.4128781781092,771.601145057923,788.520820735464,814.113163500209,0.0309411309932956,35.9128303019839,31.1533492982998,33.3930312714757,34.9170414668686,35.8427122205401,1.89904559916369,37.1157261555129,38.5599491855345,40.368869411805,0.0528793075676574,83,"1_ED3102_0",NA,"n>75",NA,NA,NA,"1",756.303082720057,0.476271738631453
"20250529-CbDRC3-p036-m2x_F02_roi_0.png",20250529,"CbDRC3","p036","m2x","F02",0,781.480154876005,36.6370094940825,"","48h",10,"15hHB101","DMSO",1,"Closantel",0.097,NA,NA,"ED3102","1",NA,NA,NA,747.197062412412,496.050270906516,716.020828848425,738.733071378733,756.472546611997,41.8256119462997,768.647473391017,779.54157138128,789.704223991024,0.0559766814543687,35.0253035829502,28.5840481971969,32.4539828730628,33.6686429135828,35.4467261339936,2.17294513902475,36.5643564027678,37.4813869013653,40.1068599615109,0.0620392949308372,69,"1_ED3102_0.097",NA,NA,NA,NA,NA,"1",756.303082720057,0.169463891939813
"20250529-CbDRC3-p036-m2x_F03_roi_0.png",20250529,"CbDRC3","p036","m2x","F03",0,755.997787354626,34.7659728074188,"","48h",10,"15hHB101","DMSO",1,"Closantel",0.195,NA,NA,"ED3102","1",NA,NA,NA,743.803899480932,541.390796643224,705.212599063266,728.854136590649,752.05389732246,37.2263287583766,764.082173824338,777.521609632283,811.345668454446,0.0500485797188684,35.1597580278647,26.8371079055103,32.6073966009276,34.2107380250945,35.1183755227126,2.14713799559971,36.6228262332067,37.4118491206759,40.1182911256497,0.0610680538215896,84,"1_ED3102_0.195",NA,"n>75",NA,NA,NA,"1",756.303082720057,-4.24918539759699
"20250529-CbDRC3-p036-m2x_F04_roi_0.png",20250529,"CbDRC3","p036","m2x","F04",0,753.35681762441,35.541342480489,"","48h",10,"15hHB101","DMSO",1,"Closantel",0.39,NA,NA,"ED3102","1",NA,NA,NA,750.506604754382,641.931999033149,710.804446417539,737.55518856694,752.323545801392,30.4514569610244,771.605536121804,787.844890187438,810.906159677196,0.0405745356111692,35.4224159489804,31.4796841731019,33.4228473677347,34.0808859018304,35.4509838634697,1.65637262593986,36.5197865879575,37.5156604012679,40.0478326340671,0.0467605774921046,70,"1_ED3102_0.39",NA,NA,NA,NA,NA,"1",756.303082720057,-3.9795369186653
"20250529-CbDRC3-p036-m2x_F05_roi_0.png",20250529,"CbDRC3","p036","m2x","F05",0,748.459236585568,33.1801110206039,"","48h",10,"15hHB101","DMSO",1,"Closantel",0.78,NA,NA,"ED3102","1",NA,NA,NA,750.703602430745,648.366698514909,713.318596711683,734.027415233797,752.733376357113,29.8377028970667,772.026434813343,782.32265726135,834.708421706831,0.0397463163896557,35.5747220627382,30.4713218443621,33.1881896413721,34.1393710860098,35.6951927831881,1.98364653192719,36.8774478316905,37.5086130591068,42.4690863147424,0.055760000835113,79,"1_ED3102_0.78",NA,"n>75",NA,NA,NA,"1",756.303082720057,-3.56970636294409
"20250529-CbDRC3-p036-m2x_F06_roi_0.png",20250529,"CbDRC3","p036","m2x","F06",0,771.558815968758,35.1335977675094,"","48h",10,"15hHB101","DMSO",1,"Closantel",1.56,NA,NA,"ED3102","1",NA,NA,NA,711.502036411258,238.957614670032,678.416242829353,706.182509199777,726.559744452069,75.9324456723337,745.195930885904,760.981702815852,787.388813140996,0.106721332879564,33.7941024914506,15.6756209468275,31.3157115657869,33.1167230422543,34.2753032783576,3.28029259219764,35.5898454227025,36.736202799104,39.7097461976258,0.0970670131875082,78,"1_ED3102_1.56",NA,"n>75",NA,NA,NA,"1",756.303082720057,-29.7433382679882
"20250529-CbDRC3-p036-m2x_F07_roi_0.png",20250529,"CbDRC3","p036","m2x","F07",0,786.536490069761,33.8536086604873,"","48h",10,"15hHB101","DMSO",1,"Closantel",3.125,NA,NA,"ED3102","1",NA,NA,NA,697.062466030958,347.469962980197,658.098988695323,682.235912901092,698.454285223576,54.8133911000548,721.354950583204,728.695081042806,927.856855696906,0.0786348337074578,32.9458846636526,22.1565499656678,30.7710881693958,31.8215883545481,33.2449114250278,2.14888882074051,34.2515365352401,34.9298443918493,38.07866112931,0.0652248025111089,86,"1_ED3102_3.125",NA,"n>75",NA,NA,NA,"1",756.303082720057,-57.8487974964813
"20250529-CbDRC3-p036-m2x_F08_roi_0.png",20250529,"CbDRC3","p036","m2x","F08",0,688.884438840847,29.2735032921701,"","48h",10,"15hHB101","DMSO",1,"Closantel",6.25,NA,NA,"ED3102","1",NA,NA,NA,621.10220261094,340.105908617008,582.2119737885,601.895788222633,618.567647497646,47.9647556559529,648.655319178115,672.330120935928,692.255912425019,0.077225222281168,29.8047001965092,25.5386535599772,27.8123486842717,28.8139449899355,29.794078808237,1.73708329511493,30.8536049923152,31.6935011505987,34.7912808989815,0.0582821931997955,67,"1_ED3102_6.25",NA,NA,NA,NA,NA,"1",756.303082720057,-137.735435222411
"20250529-CbDRC3-p036-m2x_F09_roi_0.png",20250529,"CbDRC3","p036","m2x","F09",0,542.49326025023,24.6592019563699,"","48h",10,"15hHB101","DMSO",1,"Closantel",12.5,NA,NA,"ED3102","1",NA,NA,NA,542.727276603541,420.509453073984,513.504411283956,524.027217406383,543.551059904644,28.6405226793936,561.762372390262,575.632212456275,595.872248933172,0.0527714819469362,25.9630432894882,22.2977910455742,23.7649750411271,24.8603009751338,25.9414872160894,1.77656336473771,27.2231343758043,28.6246896840274,29.4315644349888,0.068426622600787,64,"1_ED3102_12.5",NA,NA,NA,NA,NA,"1",756.303082720057,-212.752022815413
"20250529-CbDRC3-p036-m2x_F10_roi_0.png",20250529,"CbDRC3","p036","m2x","F10",0,449.289072326037,20.3245546911836,"","48h",10,"15hHB101","DMSO",1,"Closantel",25,NA,NA,"ED3102","1",NA,NA,NA,403.097667405615,265.582374842679,339.300192579488,382.649387300854,407.915469986352,52.7268748201613,439.97254736707,450.808349720563,617.153017028952,0.130804217150444,20.7880988518728,15.1501634130374,17.9315864421208,19.1115211888449,21.1653155809937,2.09307452282747,22.2571698146916,23.2285877896791,24.6441188966123,0.100686192505714,69,"1_ED3102_25",NA,NA,NA,NA,NA,"1",756.303082720057,-348.387612733705
"20250529-CbDRC3-p036-m2x_F11_roi_0.png",20250529,"CbDRC3","p036","m2x","F11",0,378.912655816387,18.8390547377331,"","48h",10,"15hHB101","DMSO",1,"Closantel",50,NA,NA,"ED3102","1",NA,NA,NA,311.203622985558,250.949917669674,269.501108601224,285.941380231307,301.920554964774,38.6085112002963,335.862296855775,367.10598396958,420.596932417347,0.12406189500592,17.7194182988455,15.5023061571543,16.023135612893,17.0541947640472,17.80302035525,1.22952650420584,18.4341883645023,19.4184881650677,20.7069970880159,0.069388649416666,49,"1_ED3102_50",NA,NA,NA,NA,NA,"1",756.303082720057,-454.382527755283
"20250529-CbDRC3-p036-m2x_F12_roi_0.png",20250529,"CbDRC3","p036","m2x","F12",0,369.890087012516,18.947492228383,"","48h",10,"15hHB101","DMSO",1,"Closantel",100,NA,NA,"ED3102","1",NA,NA,NA,273.906040711716,193.07774406541,228.0708729471,250.280748310997,278.589938859115,35.984502144959,295.200602022762,308.008983769482,390.636958808821,0.131375350654761,16.2157064614088,13.3469871704804,14.6278361754208,15.0806094433634,15.8013076861679,1.52075318040224,17.1500845849227,18.3127638990603,20.9353288430885,0.0937827275069038,75,"1_ED3102_100",NA,NA,NA,NA,NA,"1",756.303082720057,-477.713143860942
