"Filename","Date","Metadata_Experiment","Metadata_Plate","Magnification","Metadata_Well","Worm_ID","Length_um","Width_um","Topology_Warnings","assay_type","food_conc_OD","food_type","diluent","diluent_concentration_perc","drug","concentration_um","drug_stock_prep_date","drug_prep_method","strain","bleach","well_censor","well_censor_reason","notes","mean_wormlength_um","min_wormlength_um","q10_wormlength_um","q25_wormlength_um","median_wormlength_um","sd_wormlength_um","q75_wormlength_um","q90_wormlength_um","max_wormlength_um","cv_wormlength_um","mean_wormwidth_um","min_wormwidth_um","q10_wormwidth_um","q25_wormwidth_um","median_wormwidth_um","sd_wormwidth_um","q75_wormwidth_um","q90_wormwidth_um","max_wormwidth_um","cv_wormwidth_um","n","flag_id","titer_WellFlag","n_WellFlag","outlier_length_WellFlag","outlier_width_WellFlag","outlier_WellFlag","assay_bleach","control_median_wormlength_um","median_wormlength_um_delta"
"20250529-CbDRC3-p019-m2x_A01_roi_0.png",20250529,"CbDRC3","p019","m2x","A01",0,747.590919740629,34.183279793528,"","48h",10,"15hHB101","DMSO",1,"FENBENDAZOLE",0,NA,NA,"ECA2666",1,NA,NA,NA,738.323874236539,604.902388626487,681.185741349292,708.959711636023,746.255138044786,44.5650393580481,770.615203996335,785.662151800991,829.484553693904,0.0603597430790525,33.3304046946421,26.8820765021028,30.1663267192679,31.9077091284331,33.3090695803748,2.49407670632107,34.6410996818932,36.7340687794205,38.9364678043678,0.0748288755918405,86,"1_ECA2666_0",NA,"n>75",NA,NA,NA,"1",746.155283716426,0.0998543283608342
"20250529-CbDRC3-p019-m2x_A02_roi_0.png",20250529,"CbDRC3","p019","m2x","A02",0,747.04590679771,33.204938073775,"","48h",10,"15hHB101","DMSO",1,"FENBENDAZOLE",0.117,NA,NA,"ECA2666",1,NA,NA,NA,732.467242672499,614.185868844557,681.817222933109,710.41999589011,735.164838109608,39.6682004853199,758.844207085938,784.709099775816,815.947488855864,0.0541569618056713,33.7473602242165,28.6665409998261,30.713404256648,32.0597058434092,33.7061605525146,2.30480718479884,35.4106187551437,36.257884829629,40.7309912813666,0.0682959250586052,94,"1_ECA2666_0.117",NA,"n>75",NA,NA,NA,"1",746.155283716426,-10.9904456068173
"20250529-CbDRC3-p019-m2x_A03_roi_0.png",20250529,"CbDRC3","p019","m2x","A03",0,799.188516691387,36.6499137857821,"","48h",10,"15hHB101","DMSO",1,"FENBENDAZOLE",0.234,NA,NA,"ECA2666",1,NA,NA,NA,744.66353868256,420.457775755479,684.759995823193,727.713379698493,758.190573979373,63.2338594926273,775.024006549748,800.365377277487,842.565800717433,0.084916014022251,34.1313308279917,23.2917181881669,30.1056403779185,33.0495981431173,34.1410545627665,3.08814416564923,36.0235316024883,37.2148640791905,42.981144530668,0.0904782817058101,61,"1_ECA2666_0.234",NA,NA,NA,NA,NA,"1",746.155283716426,12.0352902629471
"20250529-CbDRC3-p019-m2x_A04_roi_0.png",20250529,"CbDRC3","p019","m2x","A04",0,806.625640767884,36.3433927694011,"","48h",10,"15hHB101","DMSO",1,"FENBENDAZOLE",0.468,NA,NA,"ECA2666",1,NA,NA,NA,745.40096395534,602.098826734145,697.608840868741,722.569624692891,747.524341710094,46.6362371550139,771.609300742583,795.919981723657,875.499551780336,0.0625653029847813,34.0628903657331,27.0906866505556,30.607247949726,32.3814283183772,33.961629405527,2.94962441340163,36.1029589784377,37.0035187337792,43.6197935625957,0.0865934858061522,82,"1_ECA2666_0.468",NA,"n>75",NA,NA,NA,"1",746.155283716426,1.36905799366821
"20250529-CbDRC3-p019-m2x_A05_roi_0.png",20250529,"CbDRC3","p019","m2x","A05",0,736.112979228221,31.6213979108179,"","48h",10,"15hHB101","DMSO",1,"FENBENDAZOLE",0.937,NA,NA,"ECA2666",1,NA,NA,NA,727.582301998676,646.51410884164,684.781364071095,710.643400735449,725.631635569763,33.221891403788,745.257630059925,763.72611386641,830.605749155953,0.0456606645221126,35.159066362277,27.3329155247431,32.0819061625619,33.2368076452105,35.3695237328846,2.46805281044512,36.893462958431,38.1202752445919,41.2615058355982,0.0701967675994136,78,"1_ECA2666_0.937",NA,"n>75",NA,NA,NA,"1",746.155283716426,-20.5236481466629
"20250529-CbDRC3-p019-m2x_A06_roi_0.png",20250529,"CbDRC3","p019","m2x","A06",0,747.451355581063,37.1623752588846,"","48h",10,"15hHB101","DMSO",1,"FENBENDAZOLE",1.875,NA,NA,"ECA2666",1,NA,NA,NA,689.353738710079,352.005360813809,649.968219413966,673.30193109612,696.655302673784,63.972669308024,721.649513608818,747.78066863551,798.251017760734,0.0928009318230868,35.0334736921805,22.7822585108275,32.1802152395713,33.64329128921,35.3971114727111,2.61030296044975,36.8366111105199,37.7774309272576,39.0753443350222,0.0745088249993427,87,"1_ECA2666_1.875",NA,"n>75",NA,NA,NA,"1",746.155283716426,-49.4999810426416
"20250529-CbDRC3-p019-m2x_A07_roi_0.png",20250529,"CbDRC3","p019","m2x","A07",0,679.902222837024,36.0187987866284,"","48h",10,"15hHB101","DMSO",1,"FENBENDAZOLE",3.75,NA,NA,"ECA2666",1,NA,NA,NA,638.804091830659,125.521111253828,596.590624688043,627.340881643955,648.657419042724,82.8417350063335,680.092067465277,700.561696259474,737.356908386095,0.129682536580079,34.8441488987564,19.3354234760105,32.071574968475,33.8085333572751,35.1577710161465,3.44697434250022,36.6647119424227,38.3823528244115,40.2175500502145,0.0989254853810833,66,"1_ECA2666_3.75",NA,NA,NA,NA,NA,"1",746.155283716426,-97.4978646737018
"20250529-CbDRC3-p019-m2x_A08_roi_0.png",20250529,"CbDRC3","p019","m2x","A08",0,706.502898510418,35.5927020280878,"","48h",10,"15hHB101","DMSO",1,"FENBENDAZOLE",7.5,NA,NA,"ECA2666",1,NA,NA,NA,652.358754186013,512.184148623317,589.836641331251,634.045069882358,655.453372611587,40.3333381366785,681.102987320132,692.240768801669,745.731288441362,0.0618269286307116,36.0251122035722,30.975459221298,33.495529327443,34.6511458978447,35.9851977874288,2.04204418710103,37.247249509286,38.6998484661218,40.8059074109308,0.0566839091454251,63,"1_ECA2666_7.5",NA,NA,NA,NA,NA,"1",746.155283716426,-90.7019111048386
"20250529-CbDRC3-p019-m2x_A09_roi_0.png",20250529,"CbDRC3","p019","m2x","A09",0,682.108558261689,37.3280576378833,"","48h",10,"15hHB101","DMSO",1,"FENBENDAZOLE",15,NA,NA,"ECA2666",1,NA,NA,NA,637.08630345051,212.691406973147,605.444721145514,617.530907456633,641.202043935714,70.6362695327817,673.027953757957,688.641621262326,717.535438691951,0.110873941489889,35.6288862456578,14.9102434005085,33.8804491384934,34.485374476677,36.1578799941084,3.4928264801139,37.1059667648699,37.7472339563252,40.8159710294464,0.0980335578280832,50,"1_ECA2666_15",NA,NA,NA,NA,NA,"1",746.155283716426,-104.953239780712
"20250529-CbDRC3-p019-m2x_A11_roi_0.png",20250529,"CbDRC3","p019","m2x","A11",0,647.262028082892,36.3393138922206,"","48h",10,"15hHB101","DMSO",1,"FENBENDAZOLE",60,NA,NA,"ECA2666",1,NA,NA,NA,612.133194976569,283.932124662318,570.314418216806,595.678198236363,621.614570203793,57.2705652466718,647.040753588354,659.913793279835,676.809331234452,0.0935589929065421,34.4377296885311,19.9059918892784,32.1639556379176,33.1224588047489,34.8107413781273,3.21256992728826,36.7556157629732,37.3310065020283,41.1718854907053,0.0932863448416621,75,"1_ECA2666_60",NA,NA,NA,NA,NA,"1",746.155283716426,-124.540713512633
"20250529-CbDRC3-p019-m2x_A12_roi_0.png",20250529,"CbDRC3","p019","m2x","A12",0,555.538545886056,29.2462079602477,"","48h",10,"15hHB101","DMSO",1,"FENBENDAZOLE",120,NA,NA,"ECA2666",1,NA,NA,NA,579.47813774711,235.07099846952,522.241897661843,572.83679894295,590.483258708449,60.6585001339372,609.296887094198,630.453945584133,648.763649369718,0.104677806085601,31.9718331587406,14.6934673527225,29.2163458172234,30.5840081489481,32.4362439696677,3.33606713745926,33.8709555229529,34.8238262458506,38.0581858224423,0.104343943023087,56,"1_ECA2666_120",NA,NA,NA,NA,NA,"1",746.155283716426,-155.672025007976
"20250529-CbDRC3-p019-m2x_B01_roi_0.png",20250529,"CbDRC3","p019","m2x","B01",0,775.415524935234,36.2905086609159,"","48h",10,"15hHB101","DMSO",1,"FENBENDAZOLE",0,NA,NA,"JU3237",1,NA,NA,NA,799.595405280083,453.878855311897,758.459031239184,776.358555174169,807.728680370385,56.234904884156,833.648058233738,854.405725733009,885.729836024765,0.0703291996337297,37.1373357573202,29.8452385751412,33.8708506649995,35.8214628635828,37.3801767287213,2.51162879415081,38.6376045826659,39.6900572129988,44.3252601251133,0.0676308287315881,86,"1_JU3237_0",NA,"n>75",NA,NA,NA,"1",817.354097631985,-9.62541726159975
"20250529-CbDRC3-p019-m2x_B02_roi_0.png",20250529,"CbDRC3","p019","m2x","B02",0,775.165809017083,37.6854037360925,"","48h",10,"15hHB101","DMSO",1,"FENBENDAZOLE",0.117,NA,NA,"JU3237",1,NA,NA,NA,790.492525012146,188.040009909204,765.508269728534,772.843793804346,800.393214523227,76.5077666978871,822.637162572006,837.245762411027,879.360115534316,0.0967849337939174,36.5186056035468,27.1240274794931,33.7161787268037,35.2692598099757,36.7811620503599,2.31706065594366,37.969612866059,38.9783417636506,41.0462448340833,0.063448771322162,88,"1_JU3237_0.117",NA,"n>75",NA,NA,NA,"1",817.354097631985,-16.9608831087577
"20250529-CbDRC3-p019-m2x_B03_roi_0.png",20250529,"CbDRC3","p019","m2x","B03",0,788.34700918844,36.1306566975339,"","48h",10,"15hHB101","DMSO",1,"FENBENDAZOLE",0.234,NA,NA,"JU3237",1,NA,NA,NA,797.557371344221,624.175191255773,755.4789205172,774.788747453565,797.716052141625,45.4262511961025,820.890141194955,854.283691840091,923.651610706274,0.0569567191380103,36.8977307167303,28.4921245367677,34.7188445390836,35.5791296670655,36.7713833023838,2.22877770916349,38.1584686154726,40.0005178384038,41.4933515612346,0.0604041946718666,79,"1_JU3237_0.234",NA,"n>75",NA,NA,NA,"1",817.354097631985,-19.6380454903602
"20250529-CbDRC3-p019-m2x_B04_roi_0.png",20250529,"CbDRC3","p019","m2x","B04",0,830.593336303704,36.4848543317182,"","48h",10,"15hHB101","DMSO",1,"FENBENDAZOLE",0.468,NA,NA,"JU3237",1,NA,NA,NA,813.649180640448,545.841909763582,774.566806152383,787.915832687442,811.885731672184,47.0880185795414,843.550110833396,857.627401593757,898.794742832512,0.0578726307356163,37.5108784613441,29.6636225474668,34.7656698586461,35.9485175206223,37.9504359617729,2.21393649048841,39.2025104224256,39.9493391942703,41.2411340925382,0.0590211848216224,66,"1_JU3237_0.468",NA,NA,NA,NA,NA,"1",817.354097631985,-5.46836595980074
"20250529-CbDRC3-p019-m2x_B05_roi_0.png",20250529,"CbDRC3","p019","m2x","B05",0,834.690032779768,37.0914997519115,"","48h",10,"15hHB101","DMSO",1,"FENBENDAZOLE",0.937,NA,NA,"JU3237",1,NA,NA,NA,795.830696088621,735.11103045593,752.626527694786,768.923903000837,796.921176304817,31.7196664891379,820.261184827461,835.082599958354,864.712628061307,0.039857304631544,37.7058937623572,32.5979313503401,35.3726518724014,36.3664901866049,37.5374827812532,2.07133558816692,39.3172927845049,40.5551496843077,41.740242962656,0.0549340005364038,74,"1_JU3237_0.937",NA,NA,NA,NA,NA,"1",817.354097631985,-20.4329213271685
"20250529-CbDRC3-p019-m2x_B06_roi_0.png",20250529,"CbDRC3","p019","m2x","B06",0,780.936631935928,37.4945528234838,"","48h",10,"15hHB101","DMSO",1,"FENBENDAZOLE",1.875,NA,NA,"JU3237",1,NA,NA,NA,774.220258899689,260.307469040806,726.268503808008,762.0196644294,786.114324731103,71.3585712322949,805.798104728255,825.737032085767,838.652087944114,0.0921683079356626,37.2056948794852,16.3494067586399,35.3648829588284,36.2910480147304,37.4354672468951,3.07151042455032,38.780012740466,39.7318904011431,40.5212031049149,0.0825548463615422,78,"1_JU3237_1.875",NA,"n>75",NA,NA,NA,"1",817.354097631985,-31.2397729008817
"20250529-CbDRC3-p019-m2x_B07_roi_0.png",20250529,"CbDRC3","p019","m2x","B07",0,737.857166827788,37.2123674857006,"","48h",10,"15hHB101","DMSO",1,"FENBENDAZOLE",3.75,NA,NA,"JU3237",1,NA,NA,NA,716.220985420454,625.047787944238,664.132550407039,691.551497401574,728.222624752026,35.7180505795374,740.636361041066,748.667124013917,774.454287115782,0.0498701536350115,36.4606523158131,30.3497596891741,33.7837058242612,35.4251693996497,36.4994914731091,2.07734889444738,37.6538985134908,38.7619978710882,41.6985342076211,0.0569750885544752,67,"1_JU3237_3.75",NA,NA,NA,NA,NA,"1",817.354097631985,-89.1314728799588
"20250529-CbDRC3-p019-m2x_B08_roi_0.png",20250529,"CbDRC3","p019","m2x","B08",0,717.178893216077,37.7865645638471,"","48h",10,"15hHB101","DMSO",1,"FENBENDAZOLE",7.5,NA,NA,"JU3237",1,NA,NA,NA,686.674095132999,498.675483442735,649.321374320486,671.249534279232,691.918943321105,37.7069743643178,706.976337859949,727.529678970743,774.585209215031,0.0549124754109363,37.6817441131808,29.4559617472579,34.4929983448255,36.7543694215856,37.6743553681673,2.33132730743044,39.347655580026,40.2094252760195,42.1143346979797,0.0618688800716887,70,"1_JU3237_7.5",NA,NA,NA,NA,NA,"1",817.354097631985,-125.43515431088
"20250529-CbDRC3-p019-m2x_B09_roi_0.png",20250529,"CbDRC3","p019","m2x","B09",0,699.280290677351,37.7757161628008,"","48h",10,"15hHB101","DMSO",1,"FENBENDAZOLE",15,NA,NA,"JU3237",1,NA,NA,NA,664.571823761582,432.508845849062,623.293093179521,654.048182815931,672.302935767994,43.6215854204412,688.280666086194,703.253998876366,740.264937772727,0.0656386320646821,37.0772518471885,24.4024539227804,34.3283551400267,35.7330241035308,37.3376124830457,2.72929400348532,38.8025241821676,39.9405222496134,41.2699977585857,0.073611011267338,69,"1_JU3237_15",NA,NA,NA,NA,NA,"1",817.354097631985,-145.051161863991
"20250529-CbDRC3-p019-m2x_B11_roi_0.png",20250529,"CbDRC3","p019","m2x","B11",0,681.764084875707,36.6165658701082,"","48h",10,"15hHB101","DMSO",1,"FENBENDAZOLE",60,NA,NA,"JU3237",1,NA,NA,NA,639.677699597159,281.118859760555,603.447901937325,629.76837266518,647.583922888901,52.0027938512454,663.265015493602,680.59054774497,712.486801268099,0.0812953052513704,35.7836432073098,16.7899815618139,33.5155542075102,34.364287075012,36.163708736178,2.96289226127286,37.5375128575852,38.6793455107832,39.8375111797169,0.082800184545424,89,"1_JU3237_60",NA,"n>75",NA,NA,NA,"1",817.354097631985,-169.770174743084
"20250529-CbDRC3-p019-m2x_B12_roi_0.png",20250529,"CbDRC3","p019","m2x","B12",0,553.325350167616,30.8749046717566,"","48h",10,"15hHB101","DMSO",1,"FENBENDAZOLE",120,NA,NA,"JU3237",1,NA,NA,NA,569.904656853205,257.880033955804,524.878013884987,553.325350167616,583.571312716369,51.2699784402222,597.752267430175,610.232791839682,637.277890990825,0.0899623784850528,32.0437233079829,16.496129584286,28.7255792916053,30.830394889143,32.6304966156143,3.01490084937743,33.775666976142,35.2404920141968,37.0103462694497,0.0940870953228567,81,"1_JU3237_120",NA,"n>75",NA,NA,NA,"1",817.354097631985,-233.782784915616
"20250529-CbDRC3-p019-m2x_C01_roi_0.png",20250529,"CbDRC3","p019","m2x","C01",0,782.158427732823,38.0141661288212,"","48h",10,"15hHB101","DMSO",1,"FENBENDAZOLE",0,NA,NA,"VX34",1,NA,NA,NA,766.461338976603,617.010276914299,713.326284670546,744.593247811733,772.739821595049,46.5995240743729,795.440083552156,819.478115626853,843.821913699507,0.0607982708385444,36.7268893119581,27.8407784771882,33.1369925833449,34.6129190703758,36.9989136636176,2.96907595061118,38.5634631064786,40.3993590197155,42.237248757799,0.0808420208254464,54,"1_VX34_0",NA,NA,NA,NA,NA,"1",769.722940306881,3.01688128816784
"20250529-CbDRC3-p019-m2x_C02_roi_0.png",20250529,"CbDRC3","p019","m2x","C02",0,839.341192729849,38.7539208147048,"","48h",10,"15hHB101","DMSO",1,"FENBENDAZOLE",0.117,NA,NA,"VX34",1,NA,NA,NA,762.786062096834,636.654620270265,702.843313215805,735.834534270236,754.573472390545,46.0613003756257,794.611805704176,823.336396332308,861.020918990955,0.0603856083172352,37.2842625269661,32.3227566409424,33.6054818055284,34.6236186673096,37.4504040795847,2.89074890793777,38.8036523656865,41.096603702922,43.482494563411,0.0775326830146369,58,"1_VX34_0.117",NA,NA,NA,NA,NA,"1",769.722940306881,-15.1494679163359
"20250529-CbDRC3-p019-m2x_C03_roi_0.png",20250529,"CbDRC3","p019","m2x","C03",0,734.18594552862,36.7110426786774,"","48h",10,"15hHB101","DMSO",1,"FENBENDAZOLE",0.234,NA,NA,"VX34",1,NA,NA,NA,750.061758991805,586.531161644151,667.457193755852,716.853029215147,755.852981724873,62.3713014632351,798.181044042799,821.211870313023,856.877039205644,0.0831548878682623,36.3552011570101,28.7385476749906,32.4612454776068,34.7904273239154,36.4607357993978,2.87053432673591,38.2212284327768,40.2485368182846,41.9835520443084,0.0789580097312267,68,"1_VX34_0.234",NA,NA,NA,NA,NA,"1",769.722940306881,-13.8699585820077
"20250529-CbDRC3-p019-m2x_C04_roi_0.png",20250529,"CbDRC3","p019","m2x","C04",0,717.000502975184,34.9740780356143,"","48h",10,"15hHB101","DMSO",1,"FENBENDAZOLE",0.468,NA,NA,"VX34",1,NA,NA,NA,756.766548251555,606.600398301461,689.709545400183,729.474672467678,755.833467717236,56.1123507905997,795.134164235913,823.575179682892,855.834809750502,0.074147504167887,35.5233150585621,26.2295321367868,32.5093049122191,33.7926442646505,35.4093241878521,2.70415485496363,37.3605391067835,38.5070105272789,42.4770918095422,0.0761233812358358,60,"1_VX34_0.468",NA,NA,NA,"outlier","outlier","1",769.722940306881,-13.8894725896447
"20250529-CbDRC3-p019-m2x_C05_roi_0.png",20250529,"CbDRC3","p019","m2x","C05",0,721.259504330887,33.2029887016794,"","48h",10,"15hHB101","DMSO",1,"FENBENDAZOLE",0.937,NA,NA,"VX34",1,NA,NA,NA,740.056210989132,342.313594826945,667.38095075527,722.308442877462,746.307870913488,76.016298806318,788.034737389968,808.970862788988,833.950665184108,0.102716925657198,35.4511367209193,25.3223064376827,31.4494651462448,33.3614017707039,36.0032021566315,3.39604236728335,37.6578079345535,39.4511004723685,41.8584698443471,0.0957950204535864,72,"1_VX34_0.937",NA,NA,NA,"outlier","outlier","1",769.722940306881,-23.4150693933931
"20250529-CbDRC3-p019-m2x_C06_roi_0.png",20250529,"CbDRC3","p019","m2x","C06",0,797.842795784514,36.3662958015228,"","48h",10,"15hHB101","DMSO",1,"FENBENDAZOLE",1.875,NA,NA,"VX34",1,NA,NA,NA,743.964752123329,505.690400077632,706.44691506139,722.218304747783,749.1490381993,44.3327217914642,771.803033983143,788.226094614597,804.657081016536,0.0595898147928856,36.6138506001646,27.1815344163677,34.2666081830048,35.5722771750512,36.7801473546056,2.45666149335361,38.0275478542434,39.395123874825,42.787562938436,0.0670965072802961,57,"1_VX34_1.875",NA,NA,NA,"outlier","outlier","1",769.722940306881,-20.5739021075813
"20250529-CbDRC3-p019-m2x_C07_roi_0.png",20250529,"CbDRC3","p019","m2x","C07",0,690.716958435179,38.0528447175025,"","48h",10,"15hHB101","DMSO",1,"FENBENDAZOLE",3.75,NA,NA,"VX34",1,NA,NA,NA,673.352539079691,604.507764458713,620.300095397675,644.968897333003,674.33652903423,41.0783143557213,692.404795217344,723.468711438878,806.626252655182,0.0610056574701053,36.8575614248132,30.8921153986451,33.2743945996202,35.1137855056157,37.102362370163,2.61574212084903,38.7378279866391,40.0632957186699,41.5669923387562,0.0709689415070217,50,"1_VX34_3.75",NA,NA,NA,NA,NA,"1",769.722940306881,-95.3864112726512
"20250529-CbDRC3-p019-m2x_C08_roi_0.png",20250529,"CbDRC3","p019","m2x","C08",0,608.175631298144,34.9123994342475,"","48h",10,"15hHB101","DMSO",1,"FENBENDAZOLE",7.5,NA,NA,"VX34",1,NA,NA,NA,651.891035930031,163.485141532514,614.045345509266,634.473107875591,669.817222753546,84.6419048663417,688.108191742487,714.770994666106,738.578145363505,0.129840571815174,36.9061655436297,15.3018274892578,34.6269559442085,36.271959135462,37.5569032178183,4.24731821649666,39.2121552385704,40.1257480530706,42.7994108727561,0.115084245516527,63,"1_VX34_7.5",NA,NA,NA,NA,NA,"1",769.722940306881,-99.9057175533351
"20250529-CbDRC3-p019-m2x_C09_roi_0.png",20250529,"CbDRC3","p019","m2x","C09",0,652.146118160414,38.3137832571297,"","48h",10,"15hHB101","DMSO",1,"FENBENDAZOLE",15,NA,NA,"VX34",1,NA,NA,NA,651.965723305915,572.062736628405,603.198128434869,630.585961881248,652.894987203858,36.5740440450826,674.804019769721,689.984889518924,757.159156276048,0.0560981087466179,37.2879433923714,30.8319723423349,34.6693355170572,36.1900058184203,37.3065988811227,2.10253155118805,38.6479363147956,39.9435870479634,41.6167760856454,0.0563863640604594,64,"1_VX34_15",NA,NA,NA,NA,NA,"1",769.722940306881,-116.827953103023
"20250529-CbDRC3-p019-m2x_C12_roi_0.png",20250529,"CbDRC3","p019","m2x","C12",0,567.478935901606,34.2109894402116,"","48h",10,"15hHB101","DMSO",1,"FENBENDAZOLE",120,NA,NA,"VX34",1,NA,NA,NA,573.378067655262,368.810568829802,511.233862730996,549.950185827088,580.285318692318,55.1647908871075,609.526178062804,641.652245147594,651.376868781498,0.0962101517288498,33.0220121805582,22.4760831311196,28.8711378300224,30.5280176899646,33.1330596358907,3.45436211717218,35.6645568243823,37.1855850785028,39.6346023901184,0.104607862727576,56,"1_VX34_120",NA,NA,NA,NA,NA,"1",769.722940306881,-189.437621614563
"20250529-CbDRC3-p019-m2x_D01_roi_0.png",20250529,"CbDRC3","p019","m2x","D01",0,774.019025748918,35.9813714733937,"","48h",10,"15hHB101","DMSO",1,"FENBENDAZOLE",0,NA,NA,"NIC1667",1,NA,NA,NA,727.902266409336,580.614884244429,642.257240130012,699.568236389701,740.915011914551,61.7927780105513,763.217379590693,775.007883770056,905.868310984415,0.084891586222651,34.4955051372271,25.8392070320011,28.960267917964,33.4337528260911,34.6420112180713,3.53465235403219,36.7098195143117,38.7314481953202,39.7747577536925,0.102467041429628,32,"1_NIC1667_0",NA,NA,NA,NA,NA,"1",740.568777337127,0.34623457742407
"20250529-CbDRC3-p019-m2x_D02_roi_0.png",20250529,"CbDRC3","p019","m2x","D02",0,750.173011924059,34.3420015097544,"","48h",10,"15hHB101","DMSO",1,"FENBENDAZOLE",0.117,NA,NA,"NIC1667",1,NA,NA,NA,718.061741337233,538.783661010612,670.488479646795,693.107215505129,729.535431201053,48.7354544453937,750.227749014946,768.821615408258,783.450779119728,0.0678708412380174,33.8147148886702,25.5508226006286,31.0916223709997,32.0912255455624,33.7860461962469,2.59566215011209,35.7676730453135,36.5958260289085,39.011512964236,0.076761319995094,62,"1_NIC1667_0.117",NA,NA,NA,NA,NA,"1",740.568777337127,-11.0333461360741
"20250529-CbDRC3-p019-m2x_D03_roi_0.png",20250529,"CbDRC3","p019","m2x","D03",0,748.586233064724,35.3458097415682,"","48h",10,"15hHB101","DMSO",1,"FENBENDAZOLE",0.234,NA,NA,"NIC1667",1,NA,NA,NA,724.013291505638,613.541304975136,652.410288607858,707.90913471585,731.788913755993,45.4354432232233,750.903491665913,774.645600194117,807.089896818142,0.0627549849654514,33.8296048293419,26.812080007159,29.6269309630287,32.6171753196342,34.0171054841283,2.77693725662513,35.4812730793662,37.4654022254595,39.7265898904186,0.0820860092996585,61,"1_NIC1667_0.234",NA,NA,NA,NA,NA,"1",740.568777337127,-8.77986358113344
"20250529-CbDRC3-p019-m2x_D04_roi_0.png",20250529,"CbDRC3","p019","m2x","D04",0,753.469549743924,35.9130407870645,"","48h",10,"15hHB101","DMSO",1,"FENBENDAZOLE",0.468,NA,NA,"NIC1667",1,NA,NA,NA,713.164731554386,518.684298182395,637.34235170187,697.217072705412,732.179212235909,60.696457412625,755.661001397465,762.215351718029,782.239814397112,0.0851086077691102,33.5656464117372,25.546968013055,29.8859313600842,32.4425398509477,33.6970160283894,2.83404968903669,35.7114721017335,36.4391891416442,38.8902731281868,0.0844330436623345,55,"1_NIC1667_0.468",NA,NA,NA,NA,NA,"1",740.568777337127,-8.38956510121739
"20250529-CbDRC3-p019-m2x_D05_roi_0.png",20250529,"CbDRC3","p019","m2x","D05",0,785.536175865027,34.1168816709397,"","48h",10,"15hHB101","DMSO",1,"FENBENDAZOLE",0.937,NA,NA,"NIC1667",1,NA,NA,NA,718.009030661717,473.86134827431,642.328173545954,695.783657005037,731.188661054012,55.1711619377763,753.690718524221,769.613973500233,796.499456584191,0.076839091963691,33.1981446157194,23.0539653034514,28.9859870006523,31.331506607806,33.7199685800485,3.38512015122614,35.2651105437782,36.1397595605429,40.4881031838498,0.101967148779251,71,"1_NIC1667_0.937",NA,NA,NA,NA,NA,"1",740.568777337127,-9.38011628311449
"20250529-CbDRC3-p019-m2x_D06_roi_0.png",20250529,"CbDRC3","p019","m2x","D06",0,746.132426735641,36.225613748817,"","48h",10,"15hHB101","DMSO",1,"FENBENDAZOLE",1.875,NA,NA,"NIC1667",1,NA,NA,NA,684.619260730901,254.684750291384,645.026272275792,674.442409733337,690.287358462619,66.3821230886085,713.695200873045,726.225450352406,774.124203082709,0.0969621027280751,34.2687967111569,21.2204874342596,31.3982438912618,33.1002552823755,34.4688381721447,2.85051156628916,36.3812486556706,37.2057562948693,38.3367000828478,0.0831809646050725,61,"1_NIC1667_1.875",NA,NA,NA,NA,NA,"1",740.568777337127,-50.2814188745082
"20250529-CbDRC3-p019-m2x_D07_roi_0.png",20250529,"CbDRC3","p019","m2x","D07",0,653.206280964903,35.2875083587008,"","48h",10,"15hHB101","DMSO",1,"FENBENDAZOLE",3.75,NA,NA,"NIC1667",1,NA,NA,NA,622.334936847376,156.979246089754,575.670902529756,601.570890831277,633.030956033611,70.2419834000093,654.22024995369,671.558025582407,717.734147210011,0.112868455940849,33.8793696533013,13.335471683753,29.1294300737565,31.8453540022093,34.6099241681592,4.41183629236136,36.2391867728686,37.8273873241807,48.937286786923,0.130221911963213,63,"1_NIC1667_3.75",NA,NA,NA,NA,NA,"1",740.568777337127,-107.537821303515
"20250529-CbDRC3-p019-m2x_D08_roi_0.png",20250529,"CbDRC3","p019","m2x","D08",0,623.921409979696,33.8536375948506,"","48h",10,"15hHB101","DMSO",1,"FENBENDAZOLE",7.5,NA,NA,"NIC1667",1,NA,NA,NA,623.093001873236,506.357292623795,576.376373776353,595.765287156995,625.154598419204,39.9742149679432,654.988578322098,667.978531420495,706.416060864633,0.0641544919422409,34.1056719201252,26.3766964860029,29.7954180931349,31.9865131699597,34.5057174912603,3.06803560630221,36.0962899008345,37.7510106255399,40.0395873506203,0.0899567559755892,68,"1_NIC1667_7.5",NA,NA,NA,NA,NA,"1",740.568777337127,-115.414178917923
"20250529-CbDRC3-p019-m2x_D09_roi_0.png",20250529,"CbDRC3","p019","m2x","D09",0,609.412362066911,35.5786801370087,"","48h",10,"15hHB101","DMSO",1,"FENBENDAZOLE",15,NA,NA,"NIC1667",1,NA,NA,NA,625.121159227071,552.538972562069,584.084392714977,607.750789333343,624.0860492755,32.7574240198617,644.148887225221,673.854450290514,705.031018835086,0.0524017201087298,35.5677081512201,27.1651855582111,32.2088780875505,34.0538433277696,35.6745774888393,2.579318600907,37.4896409403047,38.4823760004288,40.291568762779,0.0725185494083773,76,"1_NIC1667_15",NA,"n>75",NA,NA,NA,"1",740.568777337127,-116.482728061627
"20250529-CbDRC3-p019-m2x_D11_roi_0.png",20250529,"CbDRC3","p019","m2x","D11",0,674.634184739729,36.4840413038094,"","48h",10,"15hHB101","DMSO",1,"FENBENDAZOLE",60,NA,NA,"NIC1667",1,NA,NA,NA,588.535716088845,210.410744131617,540.503699785919,560.655589577439,598.59308248719,57.4476401573613,618.778132847516,636.419430211963,674.634184739729,0.0976111365664153,32.8369620765578,13.5290615487672,29.6814286500832,31.1617588495445,33.1339147632083,3.4367459798845,34.793524809534,36.4295945231799,40.7204573954619,0.104660899259557,76,"1_NIC1667_60",NA,"n>75",NA,NA,NA,"1",740.568777337127,-141.975694849937
"20250529-CbDRC3-p019-m2x_E01_roi_0.png",20250529,"CbDRC3","p019","m2x","E01",0,724.950844196294,36.8545411221537,"","48h",10,"15hHB101","DMSO",1,"FENBENDAZOLE",0,NA,NA,"PB420",1,NA,NA,NA,754.770878217314,242.931409129281,714.44903972548,745.347354381263,765.094988926925,75.5748599057985,782.479508648299,796.732689833047,929.122946529162,0.100129538760555,37.1891877933083,16.5939323122756,34.5363546574013,35.4560904946826,37.1230581498384,4.16508327508658,38.6667626066621,40.5596229366244,55.5353478909156,0.11199715622281,68,"1_PB420_0",NA,NA,NA,NA,NA,"1",767.804057932223,-2.70906900529894
"20250529-CbDRC3-p019-m2x_E02_roi_0.png",20250529,"CbDRC3","p019","m2x","E02",0,756.119926625701,37.9052445574426,"","48h",10,"15hHB101","DMSO",1,"FENBENDAZOLE",0.117,NA,NA,"PB420",1,NA,NA,NA,753.147303144121,654.202815665185,715.232052366827,739.135829881539,755.833075105707,32.2731691760306,770.226703714631,794.660581098713,813.418241374108,0.0428510718172948,36.763457304215,31.4317654461215,33.2202886074484,35.2678525788907,36.9750681833438,2.43871335793713,38.5102337930565,39.7683553714941,42.455626896372,0.0663352561691069,55,"1_PB420_0.117",NA,NA,NA,NA,NA,"1",767.804057932223,-11.9709828265162
"20250529-CbDRC3-p019-m2x_E03_roi_0.png",20250529,"CbDRC3","p019","m2x","E03",0,787.064890008761,39.4057682794153,"","48h",10,"15hHB101","DMSO",1,"FENBENDAZOLE",0.234,NA,NA,"PB420",1,NA,NA,NA,743.314214537184,63.6009958158368,721.778956666587,733.782693036582,748.916173373176,102.017427808659,779.675383480501,794.188053681501,816.84933291932,0.137246706458021,36.9945392573296,28.4542633705713,34.5569568642558,35.7230971118678,37.0424394613719,2.39724312780629,38.5900701131111,39.4245296289147,43.5686040076162,0.064799918472598,50,"1_PB420_0.234",NA,NA,NA,NA,NA,"1",767.804057932223,-18.8878845590476
"20250529-CbDRC3-p019-m2x_E04_roi_0.png",20250529,"CbDRC3","p019","m2x","E04",0,772.783003664396,38.2325477330605,"","48h",10,"15hHB101","DMSO",1,"FENBENDAZOLE",0.468,NA,NA,"PB420",1,NA,NA,NA,754.932373268539,507.996230753652,718.951208144237,746.385547699909,765.176194881438,47.1086545625549,777.921255045881,794.508251348613,817.431989826235,0.0624011583429577,37.4195407078683,25.0396349893449,34.3150666625758,36.3823347015121,38.1613167244988,2.7057085903898,39.2114902409681,39.9739651690618,41.8478506054417,0.0723073704060955,69,"1_PB420_0.468",NA,NA,NA,NA,NA,"1",767.804057932223,-2.62786305078532
"20250529-CbDRC3-p019-m2x_E05_roi_0.png",20250529,"CbDRC3","p019","m2x","E05",0,765.635888165863,35.9983031813698,"","48h",10,"15hHB101","DMSO",1,"FENBENDAZOLE",0.937,NA,NA,"PB420",1,NA,NA,NA,757.172963460248,606.946750838975,710.9663190491,743.80207730259,765.496715804194,37.2296404040215,781.694712226894,793.720801041562,816.459309954929,0.0491692680545323,37.6970207709826,32.3867492427041,34.8053268956583,36.0352639082674,38.0936820458745,2.26312743856554,39.330373144317,40.167311845282,41.8761410688882,0.0600346497489687,60,"1_PB420_0.937",NA,NA,NA,"outlier","outlier","1",767.804057932223,-2.3073421280294
"20250529-CbDRC3-p019-m2x_E06_roi_0.png",20250529,"CbDRC3","p019","m2x","E06",0,727.956160842486,35.1846728741099,"","48h",10,"15hHB101","DMSO",1,"FENBENDAZOLE",1.875,NA,NA,"PB420",1,NA,NA,NA,705.470133203083,384.511364570471,666.880038256529,686.100358531387,718.132234200728,51.8482391434647,735.974288000781,744.002281095994,767.943330705508,0.0734945913416,36.3493730669709,22.087533177412,33.3675557644692,35.4358216069771,36.6609721248821,3.09237148717657,38.0311003122757,39.4744736186465,40.5380411419053,0.0850735852164249,70,"1_PB420_1.875",NA,NA,NA,NA,NA,"1",767.804057932223,-49.6718237314952
"20250529-CbDRC3-p019-m2x_E07_roi_0.png",20250529,"CbDRC3","p019","m2x","E07",0,608.199152919584,37.043698734582,"","48h",10,"15hHB101","DMSO",1,"FENBENDAZOLE",3.75,NA,NA,"PB420",1,NA,NA,NA,651.141234724903,503.984103558084,608.377083534251,637.986714954555,656.914616963462,42.4808821049654,674.457924382633,691.085387019693,721.740942138397,0.0652406572330086,35.4752202510371,26.687670430981,31.9356147051109,34.2599925356381,35.9774514169026,2.74247523601117,36.9388171300442,38.2825213628253,41.339738536245,0.077306785316745,62,"1_PB420_3.75",NA,NA,NA,NA,NA,"1",767.804057932223,-110.889440968762
"20250529-CbDRC3-p019-m2x_E08_roi_0.png",20250529,"CbDRC3","p019","m2x","E08",0,648.42272047439,36.9222917314857,"","48h",10,"15hHB101","DMSO",1,"FENBENDAZOLE",7.5,NA,NA,"PB420",1,NA,NA,NA,641.355393396608,514.044367481136,601.567980801678,627.939790064404,650.163618664118,38.6721030387776,667.254722384289,677.420583675825,696.152572213684,0.0602974628995801,36.767159052231,26.388518394377,33.9476141352072,35.8514434331527,36.9344220420913,2.81120884732546,38.5534970861922,39.4634332697495,42.2425513534924,0.0764597787751806,55,"1_PB420_7.5",NA,NA,NA,NA,NA,"1",767.804057932223,-117.640439268106
"20250529-CbDRC3-p019-m2x_E09_roi_0.png",20250529,"CbDRC3","p019","m2x","E09",0,620.987432034492,35.4303840705489,"","48h",10,"15hHB101","DMSO",1,"FENBENDAZOLE",15,NA,NA,"PB420",1,NA,NA,NA,629.523637561366,564.827581493962,598.180960098015,608.535563724752,631.496905028069,26.8475953456469,649.632455645327,665.260101223638,680.336098120046,0.0426474777812133,36.4098730223463,30.2276295678637,34.4125720731817,35.0145070097617,36.2063315248534,1.95369025653719,38.1098155474758,38.8449961135797,40.0650380416768,0.0536582551479409,57,"1_PB420_15",NA,NA,NA,NA,NA,"1",767.804057932223,-136.307152904154
"20250529-CbDRC3-p019-m2x_E11_roi_0.png",20250529,"CbDRC3","p019","m2x","E11",0,649.44266035943,35.6115479181229,"","48h",10,"15hHB101","DMSO",1,"FENBENDAZOLE",60,NA,NA,"PB420",1,NA,NA,NA,614.214247740128,225.997300060629,594.137241845146,608.102399518453,622.97645409177,55.5855403935139,632.080588482857,642.410836080719,659.918279621483,0.090498617702258,34.7103296137098,14.4777652712307,32.7827008307158,33.5963982960382,34.9956179620206,3.33428899932051,36.2309295980391,37.4178584062456,40.0082927974712,0.0960604245602882,57,"1_PB420_60",NA,NA,NA,"outlier","outlier","1",767.804057932223,-144.827603840454
"20250529-CbDRC3-p019-m2x_E12_roi_0.png",20250529,"CbDRC3","p019","m2x","E12",0,518.360369097498,31.5859404168829,"","48h",10,"15hHB101","DMSO",1,"FENBENDAZOLE",120,NA,NA,"PB420",1,NA,NA,NA,559.252785072403,372.710727045578,520.618047699122,541.357271381401,566.565042812291,35.7355452339307,579.769178241324,590.353805095156,619.090261430869,0.0638987345039404,33.7334072476994,28.5978867788499,31.0004840737538,31.9829926082809,34.4118996885311,2.06608198181237,35.2872742798565,35.9894092517796,36.8527309836036,0.0612473553780512,62,"1_PB420_120",NA,NA,NA,NA,NA,"1",767.804057932223,-201.239015119932
"20250529-CbDRC3-p019-m2x_F01_roi_0.png",20250529,"CbDRC3","p019","m2x","F01",0,751.079346845989,36.1278232844661,"","48h",10,"15hHB101","DMSO",1,"FENBENDAZOLE",0,NA,NA,"ED3102",1,NA,NA,NA,736.430507122141,317.934659382935,695.632918721105,733.786195843632,746.707093653841,60.0161352407761,759.784398012385,771.503252590055,796.896956118845,0.0814959927112608,36.0652865443278,17.6701280066482,33.5635684719944,34.6783633432189,36.2761886154863,3.32634340989523,37.6478232021898,38.3488113799829,53.0527808280845,0.0922311654395652,90,"1_ED3102_0",NA,"n>75",NA,NA,NA,"1",759.27644085211,-12.5693471982682
"20250529-CbDRC3-p019-m2x_F02_roi_0.png",20250529,"CbDRC3","p019","m2x","F02",0,786.965411143394,38.8569112450177,"","48h",10,"15hHB101","DMSO",1,"FENBENDAZOLE",0.117,NA,NA,"ED3102",1,NA,NA,NA,743.237239754525,197.204429233944,720.992658691445,741.585763247893,752.614729953346,72.5115359296436,767.561633758634,781.607967803595,801.201886245762,0.0975617636618861,35.980083179979,13.8122227937507,34.2476970645956,35.1868950908755,36.2962102656819,3.27549219507437,37.4027320742085,38.8131372339519,39.8065466392088,0.091036259663152,81,"1_ED3102_0.117",NA,"n>75",NA,NA,NA,"1",759.27644085211,-6.661710898764
"20250529-CbDRC3-p019-m2x_F03_roi_0.png",20250529,"CbDRC3","p019","m2x","F03",0,770.053693409571,37.0932240126376,"","48h",10,"15hHB101","DMSO",1,"FENBENDAZOLE",0.234,NA,NA,"ED3102",1,NA,NA,NA,747.820456247066,649.366860015963,703.928883876749,720.589675804238,750.775784014772,37.5876893418497,770.132950328398,787.293519694128,920.278022923047,0.0502629862928374,36.2859391542794,30.2648609653047,34.3423705657857,35.2274364481302,36.3696810576449,1.78078511202372,37.2244242205522,38.5454975947961,40.3774884484909,0.049076450920899,100,"1_ED3102_0.234",NA,"n>75",NA,NA,NA,"1",759.27644085211,-8.50065683733749
"20250529-CbDRC3-p019-m2x_F04_roi_0.png",20250529,"CbDRC3","p019","m2x","F04",0,753.167259961216,32.4603357702139,"","48h",10,"15hHB101","DMSO",1,"FENBENDAZOLE",0.468,NA,NA,"ED3102",1,NA,NA,NA,757.133498256897,657.422749423222,719.196184116736,744.562849921709,760.445878592264,29.6208233433264,773.592417705021,791.907409241084,823.293887144316,0.0391223257345245,35.1574681982754,30.9726803260811,32.7262961514719,34.2137842587042,35.054538979568,1.75010741492342,36.2648223091014,37.4901370683421,38.3790783352998,0.0497791082410555,66,"1_ED3102_0.468",NA,NA,NA,NA,NA,"1",759.27644085211,1.16943774015431
"20250529-CbDRC3-p019-m2x_F05_roi_0.png",20250529,"CbDRC3","p019","m2x","F05",0,753.372421127113,35.4527892188731,"","48h",10,"15hHB101","DMSO",1,"FENBENDAZOLE",0.937,NA,NA,"ED3102",1,NA,NA,NA,747.382032990017,663.320027204623,718.1942257367,736.332898545686,749.152041751594,27.9858059543236,761.219238353687,775.986436213453,848.390551373228,0.0374451147057443,34.8184037980998,29.8485024980956,31.8391803779145,33.8724053165618,35.0702497168434,2.00879665089024,36.1980361207175,36.8744729875755,39.4954757025592,0.0576935307700655,89,"1_ED3102_0.937",NA,"n>75",NA,NA,NA,"1",759.27644085211,-10.1243991005158
"20250529-CbDRC3-p019-m2x_F06_roi_0.png",20250529,"CbDRC3","p019","m2x","F06",0,725.661304031896,33.7995706609866,"","48h",10,"15hHB101","DMSO",1,"FENBENDAZOLE",1.875,NA,NA,"ED3102",1,NA,NA,NA,727.341769811876,424.692340274583,692.598679829168,714.715691680355,729.160336250318,49.8866733210593,742.034349631434,756.679243117744,1004.22298726548,0.0685876645499987,35.9226000771169,23.5660974545432,33.8149626417848,34.6683975252881,35.9932340057286,2.1503948220688,37.4448962436723,38.1250242199303,40.3867763540211,0.0598618924424302,93,"1_ED3102_1.875",NA,"n>75",NA,NA,NA,"1",759.27644085211,-30.1161046017913
"20250529-CbDRC3-p019-m2x_F07_roi_0.png",20250529,"CbDRC3","p019","m2x","F07",0,678.670384647115,36.9033204069078,"","48h",10,"15hHB101","DMSO",1,"FENBENDAZOLE",3.75,NA,NA,"ED3102",1,NA,NA,NA,662.865693790779,566.003198790237,635.150383124658,646.193638711159,663.400696051679,30.8050115058652,686.826577106466,694.353080270801,722.772822944045,0.0464724782024822,36.451859802483,29.8307852208902,33.2557301264722,35.465541050343,36.7461004905196,2.4261935812631,38.0158024991303,39.0858226459167,41.2437199669538,0.0665588421114755,61,"1_ED3102_3.75",NA,NA,NA,NA,NA,"1",759.27644085211,-95.8757448004304
"20250529-CbDRC3-p019-m2x_F08_roi_0.png",20250529,"CbDRC3","p019","m2x","F08",0,646.119230622808,32.9862535318553,"","48h",10,"15hHB101","DMSO",1,"FENBENDAZOLE",7.5,NA,NA,"ED3102",1,NA,NA,NA,645.991454700933,495.107977023739,603.584366409989,630.129900893414,652.79011985454,34.2800865651977,667.300756060337,680.059116170867,704.268928964352,0.053065851437722,36.8283023839556,30.281332358813,33.201370099069,35.8022402299012,37.1335116581591,2.24888422645197,38.361727647433,39.4189438428674,41.5606634248582,0.0610640208990926,82,"1_ED3102_7.5",NA,"n>75",NA,NA,NA,"1",759.27644085211,-106.486320997569
"20250529-CbDRC3-p019-m2x_F09_roi_0.png",20250529,"CbDRC3","p019","m2x","F09",0,636.740286263478,35.0547324287984,"","48h",10,"15hHB101","DMSO",1,"FENBENDAZOLE",15,NA,NA,"ED3102",1,NA,NA,NA,612.047038836523,217.012685592098,565.196500403018,603.729204458002,631.780847492355,84.4369539278233,649.760895556312,664.957233708773,705.786536913245,0.137958275377551,35.5689474468508,19.5370081251762,32.0630216829963,34.7246506973164,36.2437024168781,4.09139775604911,37.6277074785628,39.1277436118329,41.428960276463,0.115027237231653,83,"1_ED3102_15",NA,"n>75",NA,NA,NA,"1",759.27644085211,-127.495593359755
"20250529-CbDRC3-p019-m2x_F11_roi_0.png",20250529,"CbDRC3","p019","m2x","F11",0,657.257970833915,35.1207502535184,"","48h",10,"15hHB101","DMSO",1,"FENBENDAZOLE",60,NA,NA,"ED3102",1,NA,NA,NA,598.393631045495,469.245574650001,565.018002550731,575.110743374046,603.164082710475,37.2800096553843,619.729110614181,641.457917868975,663.685908581136,0.062300144455498,35.1644186409718,24.7895280090429,32.3289892903966,33.8658933950715,35.2268295683429,2.41263378256041,37.0345349056504,38.1284807455645,38.9572182185859,0.068610085870987,68,"1_ED3102_60",NA,NA,NA,NA,NA,"1",759.27644085211,-156.112358141635
"20250529-CbDRC3-p019-m2x_F12_roi_0.png",20250529,"CbDRC3","p019","m2x","F12",0,559.747625470167,33.7515467461043,"","48h",10,"15hHB101","DMSO",1,"FENBENDAZOLE",120,NA,NA,"ED3102",1,NA,NA,NA,547.218454551975,401.010215789186,486.517347902545,525.235343837486,555.509841000251,45.08505112937,581.301004276248,594.052078539598,620.322845116535,0.0823894931801643,33.1063334275556,23.1701310357696,30.3231102171271,31.7931837711339,33.138546586732,2.55244904733935,34.7729058911557,35.8295136790951,39.2881635412783,0.0770985120694416,81,"1_ED3102_120",NA,"n>75",NA,NA,NA,"1",759.27644085211,-203.766599851859
"20250529-CbDRC3-p020-m2x_A01_roi_0.png",20250529,"CbDRC3","p020","m2x","A01",0,746.147464828499,33.0859524336599,"","48h",10,"15hHB101","DMSO",1,"FENBENDAZOLE",0,NA,NA,"ECA2666",1,NA,NA,NA,740.360103439046,536.173847762571,683.603034596467,721.09998054135,749.220737862281,60.0208030205685,770.93288992404,803.130600561797,854.532568494989,0.0810697426046676,34.4288036589342,26.792493450019,29.8532062502767,33.0193131719736,34.6666904471058,2.90642962785763,35.9931468902962,37.9835232064771,40.4913839515826,0.0844185483948242,71,"1_ECA2666_0",NA,NA,NA,NA,NA,"1",746.155283716426,3.06545414585514
"20250529-CbDRC3-p020-m2x_A02_roi_0.png",20250529,"CbDRC3","p020","m2x","A02",0,738.257047775457,36.4521832671135,"","48h",10,"15hHB101","DMSO",1,"FENBENDAZOLE",0.117,NA,NA,"ECA2666",1,NA,NA,NA,743.369050372819,402.500908045855,687.408605063241,724.629476842557,751.642151664364,62.0463651798848,777.107229012692,797.7711398287,839.69625453888,0.0834664358823749,34.9268315004462,28.4199116079136,31.395648022826,33.3820309839781,35.1142160930599,2.61112326557066,36.6411490278822,37.837780413325,40.9087248550994,0.0747598093900186,71,"1_ECA2666_0.117",NA,NA,NA,NA,NA,"1",746.155283716426,5.48686794793866
"20250529-CbDRC3-p020-m2x_A03_roi_0.png",20250529,"CbDRC3","p020","m2x","A03",0,769.543423478967,34.6084511962651,"","48h",10,"15hHB101","DMSO",1,"FENBENDAZOLE",0.234,NA,NA,"ECA2666",1,NA,NA,NA,753.134450892487,602.086009351002,689.097395668342,727.138096033652,762.822993610348,52.969606190644,779.010374217281,826.651828471454,845.33199212437,0.0703322044661128,33.8381707239389,27.2665583339285,30.1749901372763,32.7443345465886,34.1869592021638,2.58986394353336,35.3884704995842,36.458201405554,39.2511552924408,0.076536759763469,56,"1_ECA2666_0.234",NA,NA,NA,NA,NA,"1",746.155283716426,16.6677098939223
"20250529-CbDRC3-p020-m2x_A04_roi_0.png",20250529,"CbDRC3","p020","m2x","A04",0,791.106649568761,38.5668235949885,"","48h",10,"15hHB101","DMSO",1,"FENBENDAZOLE",0.468,NA,NA,"ECA2666",1,NA,NA,NA,742.513228039469,512.859270484282,691.190133614702,727.551545982718,746.578582943056,50.450860008161,772.715992264822,791.413381976594,824.918564299369,0.0679460757101545,34.5121664764039,24.5468810021415,30.8996429251151,32.8777578412404,34.4952599580013,2.97116119809047,36.6542828227192,38.3777107752993,39.3922943459599,0.0860902545808552,76,"1_ECA2666_0.468",NA,"n>75",NA,NA,NA,"1",746.155283716426,0.423299226630434
"20250529-CbDRC3-p020-m2x_A05_roi_0.png",20250529,"CbDRC3","p020","m2x","A05",0,715.092549625026,32.2453691794517,"","48h",10,"15hHB101","DMSO",1,"FENBENDAZOLE",0.937,NA,NA,"ECA2666",1,NA,NA,NA,737.647160032822,276.122696031891,695.970583026812,726.322867737352,748.155484071672,67.587211505699,765.063462800399,781.644608194059,837.129332436865,0.0916253937759235,34.8035354252183,17.3369515654825,31.3870640875862,33.3123361311905,35.6544422523111,3.22431701318594,36.8508469150605,37.4906459813553,38.8678064100947,0.0926433758465135,62,"1_ECA2666_0.937",NA,NA,NA,NA,NA,"1",746.155283716426,2.00020035524665
"20250529-CbDRC3-p020-m2x_A06_roi_0.png",20250529,"CbDRC3","p020","m2x","A06",0,702.633462915545,35.3969450741078,"","48h",10,"15hHB101","DMSO",1,"FENBENDAZOLE",1.875,NA,NA,"ECA2666",1,NA,NA,NA,703.290937126446,614.453729942759,663.179440476699,677.968680740797,701.342380141187,35.3851002909689,727.40065827825,748.821529026039,777.969859363193,0.0503136019860397,36.1952233688623,31.6954167666639,33.9682917698279,35.235008273001,36.3147476155863,1.842597748146,37.3384375173894,38.1286170664807,41.3897196242769,0.0509072075441627,83,"1_ECA2666_1.875",NA,"n>75",NA,NA,NA,"1",746.155283716426,-44.8129035752386
"20250529-CbDRC3-p020-m2x_A07_roi_0.png",20250529,"CbDRC3","p020","m2x","A07",0,700.019567216412,36.8889986134402,"","48h",10,"15hHB101","DMSO",1,"FENBENDAZOLE",3.75,NA,NA,"ECA2666",1,NA,NA,NA,666.421199554626,597.016292138613,627.22016070624,643.124938823209,664.349236838445,31.6063900867177,687.64788522069,702.193679774192,733.219571987388,0.0474270478007611,36.3004308051435,30.6010411564168,33.5703162206206,34.629506474339,36.3800264913728,2.20158734123549,38.0126974014952,38.8010834096522,40.7270351749798,0.0606490692370391,58,"1_ECA2666_3.75",NA,NA,NA,NA,NA,"1",746.155283716426,-81.8060468779806
"20250529-CbDRC3-p020-m2x_A08_roi_0.png",20250529,"CbDRC3","p020","m2x","A08",0,653.287807907755,34.1191860451801,"","48h",10,"15hHB101","DMSO",1,"FENBENDAZOLE",7.5,NA,NA,"ECA2666",1,NA,NA,NA,647.965806766815,389.113948605964,609.83514114118,632.058722268116,652.4916312613,47.8282416651538,673.919320771106,693.243050624455,749.798988154282,0.0738129098259129,35.3487523025968,23.7214720911703,32.9064527915946,33.9377759308027,35.5397512111496,2.63442370724279,37.1620837680316,38.2857175951503,40.6942211068863,0.0745266391495596,81,"1_ECA2666_7.5",NA,"n>75",NA,NA,NA,"1",746.155283716426,-93.663652455126
"20250529-CbDRC3-p020-m2x_A09_roi_0.png",20250529,"CbDRC3","p020","m2x","A09",0,697.480771100612,39.4705750864522,"","48h",10,"15hHB101","DMSO",1,"FENBENDAZOLE",15,NA,NA,"ECA2666",1,NA,NA,NA,653.502634635337,586.701101626352,614.143849519785,635.333887953613,651.720289175977,31.1053493602695,674.11848309773,701.429949177791,711.507957842393,0.0475978943491585,36.6261179391899,33.1069555928767,33.8254957726882,35.2524678700024,36.936178872334,1.82132243125421,37.9587918048744,39.0040384927711,39.7796611457991,0.0497274222258046,53,"1_ECA2666_15",NA,NA,NA,NA,NA,"1",746.155283716426,-94.4349945404489
"20250529-CbDRC3-p020-m2x_A11_roi_0.png",20250529,"CbDRC3","p020","m2x","A11",0,716.609715545705,36.0964159289528,"","48h",10,"15hHB101","DMSO",1,"FENBENDAZOLE",60,NA,NA,"ECA2666",1,NA,NA,NA,642.19445924824,537.039984978116,602.135477508795,619.677446752549,639.855955172228,37.2048117297627,667.374347758969,692.640554991121,716.609715545705,0.0579338722001979,36.114102904675,28.0921393488485,33.4030902382518,34.9905987190867,36.2635320770796,2.24404649208591,37.4304931123591,38.2575722595862,42.0730358223469,0.0621376778487116,74,"1_ECA2666_60",NA,NA,NA,NA,NA,"1",746.155283716426,-106.299328544198
"20250529-CbDRC3-p020-m2x_A12_roi_0.png",20250529,"CbDRC3","p020","m2x","A12",0,579.648824632308,29.7955406176268,"","48h",10,"15hHB101","DMSO",1,"FENBENDAZOLE",120,NA,NA,"ECA2666",1,NA,NA,NA,606.005144841215,488.003360149909,555.156941104499,579.648824632308,611.764833762478,40.7060821019932,632.684543104244,654.07810352766,680.831439084608,0.0671711823711645,33.2235678094508,23.6203235900412,29.7317437458537,31.7828692219763,33.6832574753364,2.73013207814809,35.1081321692819,35.881133815567,38.584353594571,0.0821745603544566,77,"1_ECA2666_120",NA,"n>75",NA,NA,NA,"1",746.155283716426,-134.390449953948
"20250529-CbDRC3-p020-m2x_B01_roi_0.png",20250529,"CbDRC3","p020","m2x","B01",0,846.950777965161,35.9378659247069,"","48h",10,"15hHB101","DMSO",1,"FENBENDAZOLE",0,NA,NA,"JU3237",1,NA,NA,NA,809.364751417544,120.539133117637,761.039591422027,799.253789274998,823.850345066051,93.3216657494501,849.63759421789,860.294439802099,879.644287381125,0.115302359765488,37.1592862476733,21.1121169207617,35.2959407336122,36.4551784538664,37.4550866430401,2.70109819029237,38.4152801540604,39.7378022260779,40.8630653074236,0.0726897220869386,70,"1_JU3237_0",NA,NA,NA,NA,NA,"1",817.354097631985,6.49624743406628
"20250529-CbDRC3-p020-m2x_B02_roi_0.png",20250529,"CbDRC3","p020","m2x","B02",0,854.67967285402,37.4606967792188,"","48h",10,"15hHB101","DMSO",1,"FENBENDAZOLE",0.117,NA,NA,"JU3237",1,NA,NA,NA,816.88421816485,269.33329415489,768.938210625541,794.001695676932,828.214894224568,68.0883205330283,851.452752847733,864.73733191997,896.829132081875,0.083351249808682,37.9286920317183,34.2473869182002,36.1676730398791,36.7503052699169,37.5549649702678,1.68651424940986,39.0205582202685,40.2229690557551,43.6187020535978,0.0444653943774145,92,"1_JU3237_0.117",NA,"n>75",NA,NA,NA,"1",817.354097631985,10.8607965925828
"20250529-CbDRC3-p020-m2x_B03_roi_0.png",20250529,"CbDRC3","p020","m2x","B03",0,809.829858009746,38.4842624337302,"","48h",10,"15hHB101","DMSO",1,"FENBENDAZOLE",0.234,NA,NA,"JU3237",1,NA,NA,NA,817.035577868983,663.189418348071,766.908050148164,795.350258544294,823.276694949618,42.9544371006447,844.283931953672,867.277555954803,905.046378060572,0.052573520987519,37.8302229597463,30.424488526466,35.9873832529859,36.8632931054601,37.9261680146213,2.08716433682985,39.0869965237362,40.2179031979438,42.5337212719497,0.0551718751182283,91,"1_JU3237_0.234",NA,"n>75",NA,NA,NA,"1",817.354097631985,5.9225973176334
"20250529-CbDRC3-p020-m2x_B04_roi_0.png",20250529,"CbDRC3","p020","m2x","B04",0,830.525319925792,37.076843534548,"","48h",10,"15hHB101","DMSO",1,"FENBENDAZOLE",0.468,NA,NA,"JU3237",1,NA,NA,NA,819.491465755476,670.891770908063,755.016927785788,787.765043956236,820.022446645536,68.5883918894464,840.065779204546,869.363505369168,1282.42875481918,0.0836962857523059,37.8870881213893,29.6291502828593,36.1772344188683,36.9927302203762,37.9542522543084,2.10027534403851,39.3133426820988,40.1389728441676,42.721470391479,0.0554351217836873,87,"1_JU3237_0.468",NA,"n>75",NA,NA,NA,"1",817.354097631985,2.66834901355071
"20250529-CbDRC3-p020-m2x_B05_roi_0.png",20250529,"CbDRC3","p020","m2x","B05",0,825.433078353423,35.4893579988411,"","48h",10,"15hHB101","DMSO",1,"FENBENDAZOLE",0.937,NA,NA,"JU3237",1,NA,NA,NA,813.558677717626,349.663174743728,773.528854115595,801.274095136092,825.724870053874,62.8197598114237,840.325030048141,854.99439015979,876.366791964131,0.0772160159211374,37.6354745672981,18.5301897120386,34.9593132360016,36.3442791026583,37.8516872815489,2.98769367729185,39.3186150526214,40.2574460062711,42.2794538966297,0.0793850406203697,78,"1_JU3237_0.937",NA,"n>75",NA,NA,NA,"1",817.354097631985,8.37077242188934
"20250529-CbDRC3-p020-m2x_B06_roi_0.png",20250529,"CbDRC3","p020","m2x","B06",0,781.537697835261,39.1070566719368,"","48h",10,"15hHB101","DMSO",1,"FENBENDAZOLE",1.875,NA,NA,"JU3237",1,NA,NA,NA,774.975288873021,371.300030465964,738.220246973814,768.230372872363,786.636940961593,60.2005369058033,801.651862713128,817.980789380706,831.522564028652,0.0776805890073576,38.1329325848569,17.9874060837274,35.9800687967267,37.4309561611936,38.3294095854071,3.14280276786976,39.8076190742909,40.8001019407008,42.2068458217986,0.0824170226319758,72,"1_JU3237_1.875",NA,NA,NA,NA,NA,"1",817.354097631985,-30.7171566703923
"20250529-CbDRC3-p020-m2x_B07_roi_0.png",20250529,"CbDRC3","p020","m2x","B07",0,732.687464715534,36.8966267516764,"","48h",10,"15hHB101","DMSO",1,"FENBENDAZOLE",3.75,NA,NA,"JU3237",1,NA,NA,NA,705.040369441564,164.415492098597,680.595892903819,701.714008162652,712.100832033499,73.5182330890735,732.047844347571,744.2643402496,752.540192889568,0.104275210719217,37.6957558053201,13.3452907855987,36.256789305983,36.9574290759039,37.7491762475722,3.46506342927573,39.3221861422761,39.8122551808257,42.5732966737132,0.0919218451851998,63,"1_JU3237_3.75",NA,NA,NA,NA,NA,"1",817.354097631985,-105.253265598486
"20250529-CbDRC3-p020-m2x_B08_roi_0.png",20250529,"CbDRC3","p020","m2x","B08",0,690.923632428992,38.150533540655,"","48h",10,"15hHB101","DMSO",1,"FENBENDAZOLE",7.5,NA,NA,"JU3237",1,NA,NA,NA,694.770053089172,262.312857660463,651.862360613914,680.457361003641,699.161274663971,73.9071711920254,717.865869979394,725.648799482022,1007.92957057092,0.106376449104866,37.6563793753692,16.7189185465371,36.0942319331369,37.2030280561024,38.1541433759202,3.04276154215458,38.7057331848859,39.5899448964586,40.71400676051,0.0808033484001074,60,"1_JU3237_7.5",NA,NA,NA,NA,NA,"1",817.354097631985,-118.192822968014
"20250529-CbDRC3-p020-m2x_B09_roi_0.png",20250529,"CbDRC3","p020","m2x","B09",0,687.257428815283,35.1530653618689,"","48h",10,"15hHB101","DMSO",1,"FENBENDAZOLE",15,NA,NA,"JU3237",1,NA,NA,NA,668.849684964124,265.01887060838,643.981004106568,662.473443537545,679.089950449986,58.0358571874335,691.173324664551,705.374123527276,731.75734410742,0.0867696561605563,37.8355218870804,16.0153881475825,35.9767705842667,37.1602521640932,38.1323476423634,3.28626810967825,39.1328927578994,40.4303554611561,42.3549046129211,0.0868566877308068,74,"1_JU3237_15",NA,NA,NA,"outlier","outlier","1",817.354097631985,-138.264147181999
"20250529-CbDRC3-p020-m2x_B11_roi_0.png",20250529,"CbDRC3","p020","m2x","B11",0,642.491386394742,35.8551546525908,"","48h",10,"15hHB101","DMSO",1,"FENBENDAZOLE",60,NA,NA,"JU3237",1,NA,NA,NA,657.736441774721,559.608987362161,621.723684728756,642.491386394742,657.647206663917,28.7399139102909,677.727528774941,690.392773560076,740.505938811624,0.0436951825760849,36.4395598034092,30.483234349439,34.3418763960221,35.3620688636387,36.3790527753659,1.85946360345946,37.5577152650114,38.917174696686,40.9797088082485,0.0510287065346354,93,"1_JU3237_60",NA,"n>75",NA,NA,NA,"1",817.354097631985,-159.706890968068
"20250529-CbDRC3-p020-m2x_B12_roi_0.png",20250529,"CbDRC3","p020","m2x","B12",0,639.356644153995,35.4338605696867,"","48h",10,"15hHB101","DMSO",1,"FENBENDAZOLE",120,NA,NA,"JU3237",1,NA,NA,NA,596.880258937472,491.620798901771,546.068251196836,579.881155495138,596.990764408042,34.3104255149396,625.597824253461,638.832035107375,652.9832252788,0.0574829289479549,34.0546840046728,26.9436764170395,30.5934228236231,32.9725985387321,33.8998751157305,2.59588817002299,35.6244581391882,37.3702973210033,39.6787220362914,0.0762270520456686,75,"1_JU3237_120",NA,NA,NA,NA,NA,"1",817.354097631985,-220.363333223943
"20250529-CbDRC3-p020-m2x_C01_roi_0.png",20250529,"CbDRC3","p020","m2x","C01",0,798.72864823865,38.5866757164748,"","48h",10,"15hHB101","DMSO",1,"FENBENDAZOLE",0,NA,NA,"VX34",1,NA,NA,NA,743.210875571744,361.995189128387,677.670975395279,719.412328585128,759.043670604216,78.8500453473193,792.271174695059,812.328077871208,835.491509451208,0.106093772224015,36.9045756112825,19.4431049513206,32.6451022423079,36.0529310985858,37.7363700757539,3.95224894606036,38.859752447381,40.4710879490792,42.7127324684424,0.107093737852172,49,"1_VX34_0",NA,NA,NA,NA,NA,"1",769.722940306881,-10.679269702665
"20250529-CbDRC3-p020-m2x_C02_roi_0.png",20250529,"CbDRC3","p020","m2x","C02",0,752.239703325692,34.2586772837172,"","48h",10,"15hHB101","DMSO",1,"FENBENDAZOLE",0.117,NA,NA,"VX34",1,NA,NA,NA,781.121483041468,642.440090619404,730.510210729848,752.237733871733,782.642837895029,42.9736835162807,812.512127150196,831.270495484217,852.95448887036,0.0550153650222924,38.2838025128399,32.9046192745373,35.07618176052,36.5158553752189,38.2718430329143,2.54757853877324,40.1528390091742,41.8337677323729,43.6769143999593,0.0665445533504362,52,"1_VX34_0.117",NA,NA,NA,"outlier","outlier","1",769.722940306881,12.9198975881479
"20250529-CbDRC3-p020-m2x_C03_roi_0.png",20250529,"CbDRC3","p020","m2x","C03",0,784.701980406237,38.601797825777,"","48h",10,"15hHB101","DMSO",1,"FENBENDAZOLE",0.234,NA,NA,"VX34",1,NA,NA,NA,778.260657387119,559.134876830829,719.419081145121,754.202643963487,785.95983879916,53.1261468023172,813.744044991292,837.765801364472,857.809695721646,0.0682626653397583,38.4219563307951,33.0475459945512,34.7794757315825,36.9180245765571,38.5860803510968,2.3908444117804,40.2843406586613,41.179542930785,44.2633771139448,0.0622259936791438,63,"1_VX34_0.234",NA,NA,NA,NA,NA,"1",769.722940306881,16.2368984922794
"20250529-CbDRC3-p020-m2x_C04_roi_0.png",20250529,"CbDRC3","p020","m2x","C04",0,821.910076759429,39.2604425143042,"","48h",10,"15hHB101","DMSO",1,"FENBENDAZOLE",0.468,NA,NA,"VX34",1,NA,NA,NA,780.700494237546,523.827802388603,718.609309334589,758.988447509717,796.716496038706,61.1182577691899,814.952006951777,832.461754414051,921.042794529999,0.0782864340682654,38.2482873487265,24.351936676508,33.3979792251084,37.7045691649529,38.6860878384533,3.42537734829661,40.2210611224186,41.1028575302148,44.9863863594668,0.0895563588786587,62,"1_VX34_0.468",NA,NA,NA,NA,NA,"1",769.722940306881,26.9935557318249
"20250529-CbDRC3-p020-m2x_C05_roi_0.png",20250529,"CbDRC3","p020","m2x","C05",0,807.281812482136,37.5231134019058,"","48h",10,"15hHB101","DMSO",1,"FENBENDAZOLE",0.937,NA,NA,"VX34",1,NA,NA,NA,757.173385552134,507.577021421384,712.539282794652,733.511749230649,762.34676582209,57.2644745973773,793.294864416062,812.526047161185,832.974558466941,0.0756292755266614,37.85019954416,24.7576868960835,35.1510800172333,36.7851910359445,38.2528118311201,3.05750152566104,39.3232861328762,40.8377318840325,43.7919445377281,0.0807790067815584,61,"1_VX34_0.937",NA,NA,NA,NA,NA,"1",769.722940306881,-7.37617448479068
"20250529-CbDRC3-p020-m2x_C07_roi_0.png",20250529,"CbDRC3","p020","m2x","C07",0,610.534202847559,37.870075349164,"","48h",10,"15hHB101","DMSO",1,"FENBENDAZOLE",3.75,NA,NA,"VX34",1,NA,NA,NA,668.165106100534,601.418408396243,619.194966056535,648.790258573309,663.339243499847,34.8927331313917,690.835274158571,715.963757174011,753.349565146349,0.0522217230633736,38.2339133510367,29.7945194803168,35.614645900486,37.0402327604051,38.2431242636619,2.11211925708583,39.7155076507921,40.6121859026843,42.2222657862224,0.055242037028589,60,"1_VX34_3.75",NA,NA,NA,NA,NA,"1",769.722940306881,-106.383696807034
"20250529-CbDRC3-p020-m2x_C08_roi_0.png",20250529,"CbDRC3","p020","m2x","C08",0,679.762507289359,37.7637360329419,"","48h",10,"15hHB101","DMSO",1,"FENBENDAZOLE",7.5,NA,NA,"VX34",1,NA,NA,NA,657.143222636315,518.695560653868,617.461588441335,633.446147399232,656.130433499835,38.938966711522,678.884672134891,709.844872516477,729.256113615521,0.0592549163868835,38.8093344250649,28.8601420242469,35.4447540248494,37.2895301627821,38.8674829637604,2.8059508496937,40.7336695583832,41.8585773390298,44.7101942686908,0.0723009268585005,54,"1_VX34_7.5",NA,NA,NA,NA,NA,"1",769.722940306881,-113.592506807046
"20250529-CbDRC3-p020-m2x_C09_roi_0.png",20250529,"CbDRC3","p020","m2x","C09",0,624.11289041206,41.3935907685356,"","48h",10,"15hHB101","DMSO",1,"FENBENDAZOLE",15,NA,NA,"VX34",1,NA,NA,NA,646.637880336982,568.214030183122,606.389744138548,628.36997764918,640.569095639026,35.3286378327709,666.335004439072,679.719519103255,760.745336716235,0.0546343462191854,38.5699524825147,34.5407776350847,36.0354441563131,37.2725491486713,38.5750120131027,2.00417683346096,39.9246940995392,41.3864524673661,42.3515335813152,0.0519621286640044,52,"1_VX34_15",NA,NA,NA,NA,NA,"1",769.722940306881,-129.153844667856
"20250529-CbDRC3-p020-m2x_C11_roi_0.png",20250529,"CbDRC3","p020","m2x","C11",0,594.227193066318,36.7167959840348,"","48h",10,"15hHB101","DMSO",1,"FENBENDAZOLE",60,NA,NA,"VX34",1,NA,NA,NA,630.731533090317,544.481895830372,586.726751864051,617.002285586338,631.050809903571,32.2915047925886,648.554214461438,673.370316584821,711.075041108379,0.0511969088248592,37.3401330524006,31.8181743060415,34.6322251179183,35.9661167644733,37.5293249631353,2.14516770369959,38.6062430855279,39.6343505978045,42.4030591716241,0.0574493856433024,56,"1_VX34_60",NA,NA,NA,NA,NA,"1",769.722940306881,-138.67213040331
"20250529-CbDRC3-p020-m2x_C12_roi_0.png",20250529,"CbDRC3","p020","m2x","C12",0,605.430510076532,34.4819972244072,"","48h",10,"15hHB101","DMSO",1,"FENBENDAZOLE",120,NA,NA,"VX34",1,NA,NA,NA,571.84740347888,419.087336482382,542.015276903931,562.709504823553,577.118002523732,37.4037958518455,586.7345865781,603.959893667714,661.067153689035,0.0654087010350951,34.0774327111358,24.0895488057193,31.361987611349,33.3374849539703,34.4641176001571,2.57439978723074,35.43483885863,36.5263512031252,39.031949545965,0.075545590803543,57,"1_VX34_120",NA,NA,NA,NA,NA,"1",769.722940306881,-192.604937783149
"20250529-CbDRC3-p020-m2x_D01_roi_0.png",20250529,"CbDRC3","p020","m2x","D01",0,787.118889440577,37.4551237731047,"","48h",10,"15hHB101","DMSO",1,"FENBENDAZOLE",0,NA,NA,"NIC1667",1,NA,NA,NA,735.218574965514,575.402530724683,680.908897561793,715.657898880761,739.113522608786,45.7882331820298,763.090444604814,786.127055634992,838.461339864975,0.0622783954882771,35.0476899242563,27.3862103115733,31.5046982378801,33.552137326186,35.6809844647158,2.81655806665427,36.8208729903263,38.257585121343,40.2807377552058,0.0803635866655209,72,"1_NIC1667_0",NA,NA,NA,"outlier","outlier","1",740.568777337127,-1.45525472834038
"20250529-CbDRC3-p020-m2x_D02_roi_0.png",20250529,"CbDRC3","p020","m2x","D02",0,784.509436669564,32.4930493361977,"","48h",10,"15hHB101","DMSO",1,"FENBENDAZOLE",0.117,NA,NA,"NIC1667",1,NA,NA,NA,746.60744931904,566.501323001208,695.736727240758,731.481077429984,749.665241601109,41.3450681242613,762.357116752445,791.032392990831,825.593466306749,0.0553772510064975,34.806327067843,30.183105955408,31.8735504409633,33.324654950571,34.9197192892811,2.17803143459106,36.4764402330115,37.5312068976295,39.1039439188706,0.062575733151784,56,"1_NIC1667_0.117",NA,NA,NA,NA,NA,"1",740.568777337127,9.09646426398194
"20250529-CbDRC3-p020-m2x_D03_roi_0.png",20250529,"CbDRC3","p020","m2x","D03",0,788.109512675664,32.6652794358067,"","48h",10,"15hHB101","DMSO",1,"FENBENDAZOLE",0.234,NA,NA,"NIC1667",1,NA,NA,NA,747.03556880249,599.95526943868,703.774330689658,738.963809731505,752.385445979898,36.7875127984489,765.002280246768,787.088226663513,804.065438197034,0.0492446602742355,35.4276445137822,27.5854516182091,32.3136182908169,34.0118308658657,35.6956242146335,2.49788758223024,37.1550726632091,37.8423398107391,39.7203838399393,0.0705067360958333,61,"1_NIC1667_0.234",NA,NA,NA,NA,NA,"1",740.568777337127,11.8166686427714
"20250529-CbDRC3-p020-m2x_D04_roi_0.png",20250529,"CbDRC3","p020","m2x","D04",0,755.945315826845,34.595291832769,"","48h",10,"15hHB101","DMSO",1,"FENBENDAZOLE",0.468,NA,NA,"NIC1667",1,NA,NA,NA,735.325306472763,594.727728777057,695.51436868865,717.381422872766,735.778979847241,34.7312726776308,757.247289370045,780.029863824848,789.369619683038,0.0472325273887705,34.592516424544,29.3112305469108,32.4134211561749,33.4579153230918,34.6160668601775,2.10651008955018,36.0314548884691,37.1425411732703,39.5942448986113,0.0608949653646929,58,"1_NIC1667_0.468",NA,NA,NA,NA,NA,"1",740.568777337127,-4.7897974898857
"20250529-CbDRC3-p020-m2x_D05_roi_0.png",20250529,"CbDRC3","p020","m2x","D05",0,715.322230551777,33.3282060678026,"","48h",10,"15hHB101","DMSO",1,"FENBENDAZOLE",0.937,NA,NA,"NIC1667",1,NA,NA,NA,728.233256826594,587.117675699918,686.476642726914,710.456435737003,731.689489663747,37.3205615753844,749.593951748547,767.018991943853,807.903639016649,0.0512480873752119,35.1559414383579,28.397926307885,32.2380636527407,33.8319681065182,35.3954119904291,2.37353497763315,36.9785220763739,38.0571615436897,38.6085000430146,0.0675144763736419,71,"1_NIC1667_0.937",NA,NA,NA,NA,NA,"1",740.568777337127,-8.87928767337974
"20250529-CbDRC3-p020-m2x_D06_roi_0.png",20250529,"CbDRC3","p020","m2x","D06",0,783.585167158707,37.9898322799226,"","48h",10,"15hHB101","DMSO",1,"FENBENDAZOLE",1.875,NA,NA,"NIC1667",1,NA,NA,NA,707.599238691978,615.641435204724,664.771408429059,683.071524245821,709.63016718266,34.3866800148334,733.58287846937,745.331068174657,783.585167158707,0.0485962648552286,36.6656839198859,29.377870262878,33.9799725149235,35.3862556821086,36.5424402256823,2.37622720502153,37.993627792111,39.9035376692675,40.8401903012995,0.0648079334948055,67,"1_NIC1667_1.875",NA,NA,NA,NA,NA,"1",740.568777337127,-30.9386101544669
"20250529-CbDRC3-p020-m2x_D07_roi_0.png",20250529,"CbDRC3","p020","m2x","D07",0,640.568940023051,34.5786014894667,"","48h",10,"15hHB101","DMSO",1,"FENBENDAZOLE",3.75,NA,NA,"NIC1667",1,NA,NA,NA,642.344906578468,284.362453208461,597.724611533892,625.186378000811,644.437127696406,57.1983038021769,679.686950961772,694.103686736366,708.148820828478,0.089046092241707,35.8251714035099,15.3749101225464,32.8150317427342,34.6172667343933,36.4968265577902,3.42931315493898,37.7759493300808,38.9563250632463,40.3172468737844,0.0957235658781245,70,"1_NIC1667_3.75",NA,NA,NA,NA,NA,"1",740.568777337127,-96.1316496407206
"20250529-CbDRC3-p020-m2x_D08_roi_0.png",20250529,"CbDRC3","p020","m2x","D08",0,670.800542158199,36.3733126013776,"","48h",10,"15hHB101","DMSO",1,"FENBENDAZOLE",7.5,NA,NA,"NIC1667",1,NA,NA,NA,641.761546389362,516.695960822987,598.137329777038,623.812813911657,640.991264964053,36.4548570940524,665.842905902433,678.327720557975,714.650578662455,0.0568043649532329,36.2661546788976,28.480533612615,33.3858394558482,34.8991816220676,36.4230020503089,2.37631396688151,38.1606386643361,39.3042533490306,40.6660210084381,0.0655242880840696,59,"1_NIC1667_7.5",NA,NA,NA,NA,NA,"1",740.568777337127,-99.5775123730737
"20250529-CbDRC3-p020-m2x_D09_roi_0.png",20250529,"CbDRC3","p020","m2x","D09",0,656.434805371485,37.0522821624774,"","48h",10,"15hHB101","DMSO",1,"FENBENDAZOLE",15,NA,NA,"NIC1667",1,NA,NA,NA,635.421479982687,545.786290937596,595.751567918311,616.188016406909,636.538131172241,32.8793973839933,657.047533212806,674.432597542264,706.026102984939,0.0517442334258028,36.619151573516,27.490051026288,34.0048793959282,35.3756799032796,36.8449816472103,2.52169990766308,37.9850495034167,39.9065846274293,41.1645999153519,0.0688628709106096,64,"1_NIC1667_15",NA,NA,NA,NA,NA,"1",740.568777337127,-104.030646164886
"20250529-CbDRC3-p020-m2x_E01_roi_0.png",20250529,"CbDRC3","p020","m2x","E01",0,779.659318348443,38.2028028553053,"","48h",10,"15hHB101","DMSO",1,"FENBENDAZOLE",0,NA,NA,"PB420",1,NA,NA,NA,761.306401554293,563.80183187808,733.292883543273,750.655190710936,772.934349313475,44.2491600544419,785.953938376365,798.467095301428,809.552250697465,0.0581226690910548,37.3049229956783,29.0405682520719,33.9591925944568,35.463856360812,37.5936820019401,2.58801446017447,39.2003728960258,40.0040278578755,41.9099065711785,0.0693746093638709,52,"1_PB420_0",NA,NA,NA,NA,NA,"1",767.804057932223,5.1302913812516
"20250529-CbDRC3-p020-m2x_E02_roi_0.png",20250529,"CbDRC3","p020","m2x","E02",0,800.051373406398,36.1577057668775,"","48h",10,"15hHB101","DMSO",1,"FENBENDAZOLE",0.117,NA,NA,"PB420",1,NA,NA,NA,751.537766519295,208.860284453603,715.651432324609,748.392749308659,768.10944664575,91.8959971714549,785.916933371612,798.898847571009,905.506921110603,0.122277284343362,37.1180178501527,15.1040602083631,34.7636661200677,36.3228556380347,37.7927199659865,3.65627229056962,38.8043240212261,39.7108075706735,42.8035992952927,0.0985039746823273,59,"1_PB420_0.117",NA,NA,NA,NA,NA,"1",767.804057932223,0.30538871352644
"20250529-CbDRC3-p020-m2x_E03_roi_0.png",20250529,"CbDRC3","p020","m2x","E03",0,774.974334945272,36.6489823736414,"","48h",10,"15hHB101","DMSO",1,"FENBENDAZOLE",0.234,NA,NA,"PB420",1,NA,NA,NA,762.587165311919,508.270072494512,730.826344336849,749.460831658858,770.544041098277,41.2794401557448,781.596543768263,797.392896379757,822.518244432321,0.0541307827267988,37.9686244818925,25.4390173200963,35.5772909357789,36.9688171119184,37.7106333620423,2.61565409031627,39.7396822081932,40.7965341353887,43.2187407399134,0.068889882791611,64,"1_PB420_0.234",NA,NA,NA,NA,NA,"1",767.804057932223,2.739983166054
"20250529-CbDRC3-p020-m2x_E04_roi_0.png",20250529,"CbDRC3","p020","m2x","E04",0,769.990911871773,36.2332888866144,"","48h",10,"15hHB101","DMSO",1,"FENBENDAZOLE",0.468,NA,NA,"PB420",1,NA,NA,NA,762.936391909992,679.758027902457,731.739631293081,750.554635115037,764.653549139782,25.3042137641658,779.131846641887,789.975515730303,819.211567374507,0.0331668721435838,38.0080658271726,34.0580752987647,36.1022706861101,37.1245233891859,38.1950008973715,1.53364845843605,39.0073784330142,39.7896012786866,40.8357313737574,0.0403506051954799,58,"1_PB420_0.468",NA,NA,NA,NA,NA,"1",767.804057932223,-3.15050879244188
"20250529-CbDRC3-p020-m2x_E05_roi_0.png",20250529,"CbDRC3","p020","m2x","E05",0,772.896113437342,35.912655774372,"","48h",10,"15hHB101","DMSO",1,"FENBENDAZOLE",0.937,NA,NA,"PB420",1,NA,NA,NA,745.097939530123,314.783337577451,719.640365666283,742.319047956144,756.87471457815,72.6319923554656,773.450254331757,788.73753339481,822.252732480358,0.0974797922555915,37.107424115614,23.5775668068003,35.1989692530378,36.1652373016498,37.1596813510579,2.97955390863848,37.961152232891,39.3786622859952,51.1843682282912,0.0802953581298237,67,"1_PB420_0.937",NA,NA,NA,NA,NA,"1",767.804057932223,-10.9293433540737
"20250529-CbDRC3-p020-m2x_E06_roi_0.png",20250529,"CbDRC3","p020","m2x","E06",0,751.68159082509,36.9771157134801,"","48h",10,"15hHB101","DMSO",1,"FENBENDAZOLE",1.875,NA,NA,"PB420",1,NA,NA,NA,733.064125135786,677.782229151509,706.175812166664,722.913410419025,735.125230855812,21.3430378473391,747.204167466059,755.987273278034,769.944321980062,0.0291148306342036,38.19339284716,34.5664759846082,36.1621405620922,37.121971855765,37.984614372658,1.81192446795568,39.1827706997105,40.4867955841018,43.164380537952,0.0474407831534246,53,"1_PB420_1.875",NA,NA,NA,NA,NA,"1",767.804057932223,-32.6788270764116
"20250529-CbDRC3-p020-m2x_E07_roi_0.png",20250529,"CbDRC3","p020","m2x","E07",0,661.456975255787,33.7613129697494,"","48h",10,"15hHB101","DMSO",1,"FENBENDAZOLE",3.75,NA,NA,"PB420",1,NA,NA,NA,654.360536180284,507.170069812171,631.624354165471,641.821750331397,657.957927851417,31.1200437139171,673.600544485617,683.310042634302,708.658738725156,0.0475579470234788,36.6741387290764,27.7188322943016,34.8572810647014,35.6538686799445,36.6802444742425,2.13872043126202,37.9604360249287,38.8896897661845,40.6614108199752,0.0583168550204118,48,"1_PB420_3.75",NA,NA,NA,NA,NA,"1",767.804057932223,-109.846130080807
"20250529-CbDRC3-p020-m2x_E08_roi_0.png",20250529,"CbDRC3","p020","m2x","E08",0,663.704988889193,37.276363627062,"","48h",10,"15hHB101","DMSO",1,"FENBENDAZOLE",7.5,NA,NA,"PB420",1,NA,NA,NA,639.468413696744,463.318366008345,611.503213426347,628.648169217777,644.490011801013,38.7029503117971,659.918766689403,667.086421412504,768.776467247412,0.0605236310079129,37.1004704418894,30.9105589402472,35.0100831004628,36.1764149704603,37.2610888402544,1.82077715860659,38.3366178646415,39.0374635224302,39.6793725912787,0.049076929131087,60,"1_PB420_7.5",NA,NA,NA,NA,NA,"1",767.804057932223,-123.31404613121
"20250529-CbDRC3-p020-m2x_E09_roi_0.png",20250529,"CbDRC3","p020","m2x","E09",0,603.939735653508,37.0535635557357,"","48h",10,"15hHB101","DMSO",1,"FENBENDAZOLE",15,NA,NA,"PB420",1,NA,NA,NA,631.489373295107,559.941846132117,599.922567879659,619.941526872465,636.051602731648,26.5825235359008,643.964463219069,653.483487694722,760.273177893557,0.04209496574296,37.4771046125919,32.7240875012576,35.3285752703952,36.305293161013,37.6381754320825,1.72631928424687,38.6655786659759,39.703023721622,41.0349808788985,0.0460633045720093,91,"1_PB420_15",NA,"n>75",NA,NA,NA,"1",767.804057932223,-131.752455200576
"20250529-CbDRC3-p020-m2x_E11_roi_0.png",20250529,"CbDRC3","p020","m2x","E11",0,624.230079351195,35.12767429764,"","48h",10,"15hHB101","DMSO",1,"FENBENDAZOLE",60,NA,NA,"PB420",1,NA,NA,NA,613.71777975073,547.07909321637,578.795687511249,597.788150598924,617.640649684196,27.2723546300882,633.063048696107,644.799084257176,663.747769213586,0.0444379412328013,36.5619584015666,32.6683805938769,34.6640780984557,35.6112677830126,36.6887079957738,1.44666312625643,37.4962020839481,38.4260563772092,39.5104545280019,0.0395674408456863,69,"1_PB420_60",NA,NA,NA,NA,NA,"1",767.804057932223,-150.163408248027
"20250529-CbDRC3-p020-m2x_E12_roi_0.png",20250529,"CbDRC3","p020","m2x","E12",0,587.538410845645,35.9895183379656,"","48h",10,"15hHB101","DMSO",1,"FENBENDAZOLE",120,NA,NA,"PB420",1,NA,NA,NA,556.000320591114,433.543811706046,531.82549609217,547.605829910427,558.830913364072,30.6877433141053,572.445659599405,587.675383888806,609.412991159133,0.0551937511141712,34.1114699568512,27.9768949655268,31.8812385356306,33.2337974981128,34.4960089623542,2.14904580922162,35.4942308724273,36.3073631634463,37.2782770355296,0.0630006801800105,44,"1_PB420_120",NA,NA,NA,NA,NA,"1",767.804057932223,-208.973144568151
"20250529-CbDRC3-p020-m2x_F01_roi_0.png",20250529,"CbDRC3","p020","m2x","F01",0,759.81173118782,38.4478929478754,"","48h",10,"15hHB101","DMSO",1,"FENBENDAZOLE",0,NA,NA,"ED3102",1,NA,NA,NA,775.303867808795,674.002328109716,742.786192404161,762.700515959994,777.254102881157,27.2494545280852,792.367989851445,803.66122315708,845.093588867979,0.0351468058647754,36.9121107334074,31.7670129228469,33.7398697959255,35.3591234471262,36.7999223185304,2.40333143216288,38.4372055798705,40.0254219210842,42.6412479643871,0.0651095638913908,83,"1_ED3102_0",NA,"n>75",NA,NA,NA,"1",759.27644085211,17.9776620290473
"20250529-CbDRC3-p020-m2x_F02_roi_0.png",20250529,"CbDRC3","p020","m2x","F02",0,809.516418136919,39.5511908670543,"","48h",10,"15hHB101","DMSO",1,"FENBENDAZOLE",0.117,NA,NA,"ED3102",1,NA,NA,NA,767.865372293309,679.605127498811,741.373961207059,755.911980869368,768.347830983769,24.1303128016741,780.464202430321,798.067410256364,809.991833430734,0.0314251868522296,37.6385721931666,33.2125418245091,35.4630108382788,36.335105657607,37.908670325529,1.88173219730009,38.7295828075226,39.5499500717028,45.3121663251945,0.0499947816203753,85,"1_ED3102_0.117",NA,"n>75",NA,NA,NA,"1",759.27644085211,9.07139013165886
"20250529-CbDRC3-p020-m2x_F03_roi_0.png",20250529,"CbDRC3","p020","m2x","F03",0,793.878496315243,37.8291119654579,"","48h",10,"15hHB101","DMSO",1,"FENBENDAZOLE",0.234,NA,NA,"ED3102",1,NA,NA,NA,767.470918972871,678.439935676938,735.122477901792,754.276447944694,767.356548279156,27.631991475356,788.612290822812,797.567301886708,845.418790408176,0.0360039589673791,37.1786308890171,33.8054768588736,34.9569379465488,35.7896876165053,36.7425538236539,1.73927355378717,38.6905893040918,39.5374619353438,40.4305623144222,0.046781538539682,73,"1_ED3102_0.234",NA,NA,NA,NA,NA,"1",759.27644085211,8.08010742704596
"20250529-CbDRC3-p020-m2x_F04_roi_0.png",20250529,"CbDRC3","p020","m2x","F04",0,769.639724406885,38.0636510686056,"","48h",10,"15hHB101","DMSO",1,"FENBENDAZOLE",0.468,NA,NA,"ED3102",1,NA,NA,NA,763.207450564376,689.389968974868,731.571518557445,745.855959602663,765.74631351795,27.3893736118159,784.789930233573,795.664026434967,821.268271728949,0.035887193700169,36.9827049805723,30.6670948193295,34.4819426450769,36.0074572598598,37.1883033205777,1.86080986144704,38.2174728698312,39.1492008426931,41.2780511694787,0.050315677623488,93,"1_ED3102_0.468",NA,"n>75",NA,NA,NA,"1",759.27644085211,6.4698726658404
"20250529-CbDRC3-p020-m2x_F05_roi_0.png",20250529,"CbDRC3","p020","m2x","F05",0,730.288497060766,36.9115817979837,"","48h",10,"15hHB101","DMSO",1,"FENBENDAZOLE",0.937,NA,NA,"ED3102",1,NA,NA,NA,753.371457037813,675.267368521233,711.517932700147,734.011584361114,755.291728624076,29.8747708456683,774.863520804415,787.033777703598,820.999284770595,0.0396547686623716,37.7623467972568,33.2696089165337,35.2412597459279,36.6413834275895,37.6666540005605,1.96581517163891,39.3759947217272,40.0417036952382,42.729028413577,0.0520575477523476,77,"1_ED3102_0.937",NA,"n>75",NA,NA,NA,"1",759.27644085211,-3.98471222803391
"20250529-CbDRC3-p020-m2x_F06_roi_0.png",20250529,"CbDRC3","p020","m2x","F06",0,762.173299297903,39.1303582677536,"","48h",10,"15hHB101","DMSO",1,"FENBENDAZOLE",1.875,NA,NA,"ED3102",1,NA,NA,NA,731.972840482288,637.457338975799,692.551086053132,712.534456041937,734.549836608988,29.8539796544898,756.470523329419,765.881294377861,781.259505554709,0.040785638487378,38.4510891221591,31.7294899169152,36.1853735438152,37.4484234636867,38.5756416747806,2.01317183482076,40.0803829775482,40.6757506291949,41.3452837604899,0.052356692119303,58,"1_ED3102_1.875",NA,NA,NA,NA,NA,"1",759.27644085211,-24.7266042431219
"20250529-CbDRC3-p020-m2x_F07_roi_0.png",20250529,"CbDRC3","p020","m2x","F07",0,728.053596008368,38.8295007743228,"","48h",10,"15hHB101","DMSO",1,"FENBENDAZOLE",3.75,NA,NA,"ED3102",1,NA,NA,NA,655.816744186697,532.429203890594,624.178202858718,642.564134409234,659.662377727184,31.9665519951588,675.678381809254,687.081635199808,728.053596008368,0.0487431165466837,38.6024553979031,28.8577608954287,36.2575727751711,37.2094943159256,39.085489986248,2.11271698995627,39.9346203912952,40.8437139503668,42.7270066458917,0.0547301193195869,71,"1_ED3102_3.75",NA,NA,NA,NA,NA,"1",759.27644085211,-99.614063124926
"20250529-CbDRC3-p020-m2x_F08_roi_0.png",20250529,"CbDRC3","p020","m2x","F08",0,692.723025426637,40.4771673998127,"","48h",10,"15hHB101","DMSO",1,"FENBENDAZOLE",7.5,NA,NA,"ED3102",1,NA,NA,NA,651.581625181081,580.492676034573,616.263878730578,632.881740920692,656.636855361514,29.1135400392313,674.323712588628,687.266976688336,699.84461676729,0.0446813398569064,38.3059296160841,34.0964109118188,36.1354452069105,37.1330483105887,38.5308059795272,1.70004626518706,39.7942432680539,40.1503567912794,40.969846489532,0.0443807599038984,59,"1_ED3102_7.5",NA,NA,NA,NA,NA,"1",759.27644085211,-102.639585490596
"20250529-CbDRC3-p020-m2x_F09_roi_0.png",20250529,"CbDRC3","p020","m2x","F09",0,641.526291236961,35.9024240331194,"","48h",10,"15hHB101","DMSO",1,"FENBENDAZOLE",15,NA,NA,"ED3102",1,NA,NA,NA,631.998350232425,551.964775580219,592.669079764905,612.907827191315,637.403743671016,28.9216202595479,652.830512477819,664.252472658536,688.141370416069,0.0457621768299104,37.580551314204,32.496257146188,34.5367407027086,36.1514548689916,37.7327153500143,2.13864530987562,39.1818597623604,40.1775692196226,42.082688886923,0.0569083005726766,80,"1_ED3102_15",NA,"n>75",NA,NA,NA,"1",759.27644085211,-121.872697181093
"20250529-CbDRC3-p020-m2x_F11_roi_0.png",20250529,"CbDRC3","p020","m2x","F11",0,647.698668912805,38.1837834703573,"","48h",10,"15hHB101","DMSO",1,"FENBENDAZOLE",60,NA,NA,"ED3102",1,NA,NA,NA,627.621641700897,456.16258672823,576.750675334018,609.761008357395,630.853666766943,40.8713979595828,654.969440598283,674.198322326691,705.090480541751,0.0651210781209178,37.0611955305588,29.1415077169837,33.7174108387256,35.1520334098149,37.6007876601984,2.6475382818053,38.7048812341668,40.4042004781497,41.1528489643831,0.0714369367718392,76,"1_ED3102_60",NA,"n>75",NA,NA,NA,"1",759.27644085211,-128.422774085167
"20250529-CbDRC3-p020-m2x_F12_roi_0.png",20250529,"CbDRC3","p020","m2x","F12",0,584.670573590872,34.0238910615211,"","48h",10,"15hHB101","DMSO",1,"FENBENDAZOLE",120,NA,NA,"ED3102",1,NA,NA,NA,569.337453735076,415.666287638696,534.066347425847,550.628545029589,577.1861696803,39.638111328688,595.887512977632,605.920610559135,650.127664710971,0.0696214715344064,34.7077216985073,26.677273910959,31.9430007561822,33.0839567537186,34.7517013811445,2.72825400392545,36.4264778889372,37.7148877957968,45.7787679927387,0.0786065425908606,83,"1_ED3102_120",NA,"n>75",NA,NA,NA,"1",759.27644085211,-182.09027117181
"20250529-CbDRC3-p021-m2x_A02_roi_0.png",20250529,"CbDRC3","p021","m2x","A02",0,779.684624519965,34.5955570677233,"","48h",10,"15hHB101","DMSO",1,"FENBENDAZOLE",0.117,NA,NA,"ECA2666",1,NA,NA,NA,750.476774841301,529.278079745523,705.720267082447,735.025026656398,752.732134331476,49.054837603312,779.866556989781,799.101367194489,825.348567478209,0.0653648976861213,34.3912518991147,24.9228961132206,31.4944604929685,33.1432939695886,34.5945216698621,2.60548256817062,36.0363737517125,37.2712870926941,39.0395493475501,0.0757600385067019,87,"1_ECA2666_0.117",NA,"n>75",NA,NA,NA,"1",746.155283716426,6.57685061505038
"20250529-CbDRC3-p021-m2x_A03_roi_0.png",20250529,"CbDRC3","p021","m2x","A03",0,805.724033718307,35.5161913160945,"","48h",10,"15hHB101","DMSO",1,"FENBENDAZOLE",0.234,NA,NA,"ECA2666",1,NA,NA,NA,755.791214336793,430.21871396902,714.976573897706,738.004740397377,762.866131012841,52.8480874678049,786.301959513202,805.198575722764,824.161324458811,0.0699241886718399,34.9446000875433,22.3097780876069,31.5237055100418,33.6591703610993,35.3707328738465,2.78100845224901,36.6975466362425,37.9613598107503,41.5462885373581,0.0795833532300276,74,"1_ECA2666_0.234",NA,NA,NA,"outlier","outlier","1",746.155283716426,16.7108472964155
"20250529-CbDRC3-p021-m2x_A04_roi_0.png",20250529,"CbDRC3","p021","m2x","A04",0,832.601378526385,37.5733281973997,"","48h",10,"15hHB101","DMSO",1,"FENBENDAZOLE",0.468,NA,NA,"ECA2666",1,NA,NA,NA,776.513362042549,685.995626343389,732.214113312706,750.303895063295,779.286303155951,35.9785960291515,796.810180471977,817.283170965622,872.763545938111,0.0463335182468888,35.6832240683695,28.5070459981343,31.9770486913236,33.7294512848072,35.7873759209557,2.74725089414428,37.90739667677,38.8192005883633,40.4272349354229,0.0769899852345323,63,"1_ECA2666_0.468",NA,NA,NA,NA,NA,"1",746.155283716426,33.1310194395255
"20250529-CbDRC3-p021-m2x_A05_roi_0.png",20250529,"CbDRC3","p021","m2x","A05",0,804.718096475656,34.9664712210759,"","48h",10,"15hHB101","DMSO",1,"FENBENDAZOLE",0.937,NA,NA,"ECA2666",1,NA,NA,NA,739.609333745669,540.733908440363,693.5474798122,718.859736328823,737.502619108349,41.0711172963608,766.297847132149,787.561387293851,823.179821313355,0.0555308261029654,35.9795023602673,30.6178179305787,32.0589484311892,34.3490441196234,36.0972833259423,2.58806230034501,38.0057419729659,39.433646430719,41.095787325053,0.0719315757741845,76,"1_ECA2666_0.937",NA,"n>75",NA,NA,NA,"1",746.155283716426,-8.65266460807698
"20250529-CbDRC3-p021-m2x_A06_roi_0.png",20250529,"CbDRC3","p021","m2x","A06",0,774.873399583171,38.9793141990435,"","48h",10,"15hHB101","DMSO",1,"FENBENDAZOLE",1.875,NA,NA,"ECA2666",1,NA,NA,NA,720.901779089589,522.132060685379,672.038231726425,704.913023986919,727.49205178477,52.2444086119406,756.059252477667,775.060224929143,784.055705330559,0.0724709109164897,36.5966231169659,28.8048729973547,33.4909948356285,35.6662327934838,36.6017050104545,2.72492397338637,38.2345956476928,39.1386916132161,43.0620596585203,0.0744583445493667,79,"1_ECA2666_1.875",NA,"n>75",NA,NA,NA,"1",746.155283716426,-18.6632319316554
"20250529-CbDRC3-p021-m2x_A07_roi_0.png",20250529,"CbDRC3","p021","m2x","A07",0,693.883445401986,38.0565201900114,"","48h",10,"15hHB101","DMSO",1,"FENBENDAZOLE",3.75,NA,NA,"ECA2666",1,NA,NA,NA,667.685684195677,594.870643691344,619.508044004302,644.416609990011,671.166586875072,34.8489558441975,691.957183065664,713.468987664743,741.316172814125,0.0521936543932016,35.9260546200722,31.7237739356285,33.2632840788866,34.5395918951219,35.82855606909,1.98554119427786,37.3022491066141,38.674456486261,39.3972998124155,0.0552674435107193,72,"1_ECA2666_3.75",NA,NA,NA,NA,NA,"1",746.155283716426,-74.9886968413533
"20250529-CbDRC3-p021-m2x_A08_roi_0.png",20250529,"CbDRC3","p021","m2x","A08",0,651.617174283194,33.8254674560256,"","48h",10,"15hHB101","DMSO",1,"FENBENDAZOLE",7.5,NA,NA,"ECA2666",1,NA,NA,NA,660.068452891617,150.127640765268,627.65201196446,650.251427103886,673.325844959544,81.3928951643544,693.923441335582,711.499377056665,731.56851911568,0.123309779171826,36.1600396514317,13.2991869300863,34.1300982514558,35.1342874327428,36.8152090637986,3.9466917359666,37.9322782584018,39.2005962235606,42.2685744648907,0.109145116377391,75,"1_ECA2666_7.5",NA,NA,NA,NA,NA,"1",746.155283716426,-72.8294387568812
"20250529-CbDRC3-p021-m2x_A09_roi_0.png",20250529,"CbDRC3","p021","m2x","A09",0,628.905644555009,34.0908165766601,"","48h",10,"15hHB101","DMSO",1,"FENBENDAZOLE",15,NA,NA,"ECA2666",1,NA,NA,NA,655.516351641723,440.645751926084,608.936336385112,629.416692001193,660.253859248825,47.1368506960267,679.579575174364,704.198962169608,778.308369915896,0.0719079708354701,35.8365906896023,22.7004502848516,32.5374459503308,34.2116889676796,36.4037614455404,3.05834265922334,38.0643360488599,39.1832073740712,40.4096819261973,0.0853413396858282,63,"1_ECA2666_15",NA,NA,NA,NA,NA,"1",746.155283716426,-85.9014244676008
"20250529-CbDRC3-p021-m2x_A11_roi_0.png",20250529,"CbDRC3","p021","m2x","A11",0,701.189828972062,36.6032832205068,"","48h",10,"15hHB101","DMSO",1,"FENBENDAZOLE",60,NA,NA,"ECA2666",1,NA,NA,NA,638.02726554195,546.904214371867,596.657825300993,613.123670722123,636.237630963207,35.4150086909288,662.097133863117,682.920351896805,717.679908294549,0.0555070458640145,35.8424132168103,26.9891178681353,33.2073420905978,34.6032091439266,35.9511947257405,2.38808973772493,37.4902916311035,38.5391217215396,40.2416687419881,0.0666274818963613,95,"1_ECA2666_60",NA,"n>75",NA,NA,NA,"1",746.155283716426,-109.917652753218
"20250529-CbDRC3-p021-m2x_A12_roi_0.png",20250529,"CbDRC3","p021","m2x","A12",0,582.052567368291,30.5684408895761,"","48h",10,"15hHB101","DMSO",1,"FENBENDAZOLE",120,NA,NA,"ECA2666",1,NA,NA,NA,594.171375706003,442.406393879578,536.942118566568,577.358315525704,598.446769667773,48.6716678146066,629.481759865933,648.286065945054,692.126857530911,0.0819152012443787,32.2942194439551,25.2756717262057,28.2583931012369,31.0233326174767,32.4403892272268,2.82786253404992,34.4030016922094,35.6042005542734,38.0301983544792,0.0875655947949919,58,"1_ECA2666_120",NA,NA,NA,NA,NA,"1",746.155283716426,-147.708514048652
"20250529-CbDRC3-p021-m2x_B01_roi_0.png",20250529,"CbDRC3","p021","m2x","B01",0,841.261893019115,36.3850158646177,"","48h",10,"15hHB101","DMSO",1,"FENBENDAZOLE",0,NA,NA,"JU3237",1,NA,NA,NA,819.362392660627,294.313154123792,774.922571332224,795.768419099352,830.08167885273,74.0022616776588,854.207842465141,878.76827228312,914.942009576113,0.0903168882786519,38.3447965694822,17.3532703454446,36.4657758407096,37.1099689332854,38.55767369425,3.52082997994937,39.211762180251,40.8530012833032,47.6516112254722,0.0918202805840812,74,"1_JU3237_0",NA,NA,NA,"outlier","outlier","1",817.354097631985,12.7275812207454
"20250529-CbDRC3-p021-m2x_B02_roi_0.png",20250529,"CbDRC3","p021","m2x","B02",0,770.970968141664,36.9081986435571,"","48h",10,"15hHB101","DMSO",1,"FENBENDAZOLE",0.117,NA,NA,"JU3237",1,NA,NA,NA,830.244814112681,735.092586665671,773.990340195794,814.860012192124,838.485706999947,35.3807741114468,855.567726400332,868.652301095015,893.729946716697,0.0426148691446628,38.2721762991984,34.2476785528902,36.2871811527954,37.0328889761788,38.553954263728,1.58870882809776,39.4316603316222,39.9060834254087,41.4308495226789,0.0415108044987512,64,"1_JU3237_0.117",NA,NA,NA,NA,NA,"1",817.354097631985,21.1316093679618
"20250529-CbDRC3-p021-m2x_B03_roi_0.png",20250529,"CbDRC3","p021","m2x","B03",0,824.430785640819,38.0528814063248,"","48h",10,"15hHB101","DMSO",1,"FENBENDAZOLE",0.234,NA,NA,"JU3237",1,NA,NA,NA,831.488451908577,758.443980900051,784.900638857301,806.25118250188,831.107901766192,32.7397943457184,858.108903854353,871.135951305654,913.273082798513,0.0393749236932496,38.4918841647594,34.8342430468087,35.9988664532309,37.4507021494096,38.293686678074,1.86270589130116,39.7455503326882,40.9025553438932,43.0066176283626,0.0483921723168471,75,"1_JU3237_0.234",NA,NA,NA,NA,NA,"1",817.354097631985,13.7538041342065
"20250529-CbDRC3-p021-m2x_B04_roi_0.png",20250529,"CbDRC3","p021","m2x","B04",0,789.209572189483,35.9684734148616,"","48h",10,"15hHB101","DMSO",1,"FENBENDAZOLE",0.468,NA,NA,"JU3237",1,NA,NA,NA,813.378571999527,431.375524210797,771.104165864338,789.781032230212,834.478336620509,72.5059997080047,848.601775030074,862.050390470341,910.772564287294,0.089141762770764,37.914072943999,22.75418787831,35.4994153104902,36.8092235316822,38.4780388141406,2.78722750017184,39.4422381344941,40.2182198977631,42.3924674115177,0.073514325519411,77,"1_JU3237_0.468",NA,"n>75",NA,NA,NA,"1",817.354097631985,17.124238988524
"20250529-CbDRC3-p021-m2x_B05_roi_0.png",20250529,"CbDRC3","p021","m2x","B05",0,801.952150013028,38.2622449154417,"","48h",10,"15hHB101","DMSO",1,"FENBENDAZOLE",0.937,NA,NA,"JU3237",1,NA,NA,NA,825.727725169137,746.86413904671,774.084482259712,812.305936047396,826.302512285366,33.4488875709488,848.642480077923,867.049634126226,882.568148215328,0.0405083740697907,38.8478017867324,30.2990333826207,37.039609409108,37.774117597729,38.5769875508336,2.22028921269801,39.9242222487657,40.8191989962825,46.2951184723321,0.0571535353502628,51,"1_JU3237_0.937",NA,NA,NA,NA,NA,"1",817.354097631985,8.94841465338141
"20250529-CbDRC3-p021-m2x_B06_roi_0.png",20250529,"CbDRC3","p021","m2x","B06",0,827.349392614448,38.2699606862368,"","48h",10,"15hHB101","DMSO",1,"FENBENDAZOLE",1.875,NA,NA,"JU3237",1,NA,NA,NA,792.094103774816,546.935275504825,749.987334160754,780.561407448649,798.978148834085,39.3825013676431,815.75957519929,827.357174298406,861.140918665789,0.0497194729514602,38.3964767642625,28.5629642504132,35.7920861325261,37.353811529603,38.4341485663506,2.28495130939061,39.6340456710188,41.0596187801813,43.0693760461042,0.0595094003915832,89,"1_JU3237_1.875",NA,"n>75",NA,NA,NA,"1",817.354097631985,-18.3759487979004
"20250529-CbDRC3-p021-m2x_B07_roi_0.png",20250529,"CbDRC3","p021","m2x","B07",0,741.12271448592,36.493378660272,"","48h",10,"15hHB101","DMSO",1,"FENBENDAZOLE",3.75,NA,NA,"JU3237",1,NA,NA,NA,707.177112635099,533.626519260404,659.740193418487,698.21037545954,718.573756317009,46.6444754779633,730.147939137895,746.81353085408,803.356731778075,0.0659586893361913,38.2381529602528,26.979301742472,35.8272320481523,37.6021816336646,38.5918883648977,2.64816658721128,39.6161067759648,41.1330084369589,43.3500745006328,0.0692545633666969,68,"1_JU3237_3.75",NA,NA,NA,NA,NA,"1",817.354097631985,-98.7803413149765
"20250529-CbDRC3-p021-m2x_B08_roi_0.png",20250529,"CbDRC3","p021","m2x","B08",0,705.970543129465,41.7195431686345,"","48h",10,"15hHB101","DMSO",1,"FENBENDAZOLE",7.5,NA,NA,"JU3237",1,NA,NA,NA,684.93638552858,293.381568787226,653.284106450378,674.274397266328,691.170958148419,54.2848988936467,712.482556544232,721.847018651256,750.443395214925,0.0792553878587628,37.9237040387125,16.980186954181,35.994948594909,37.1399244821595,38.455000347179,3.15693731416291,39.4194881929418,40.498634285233,41.7855071858939,0.0832444349565725,94,"1_JU3237_7.5",NA,"n>75",NA,NA,NA,"1",817.354097631985,-126.183139483566
"20250529-CbDRC3-p021-m2x_B09_roi_0.png",20250529,"CbDRC3","p021","m2x","B09",0,695.76441137496,36.865044920109,"","48h",10,"15hHB101","DMSO",1,"FENBENDAZOLE",15,NA,NA,"JU3237",1,NA,NA,NA,669.361532521424,308.712454137107,630.127360565134,655.501580540814,680.233037137105,57.4934624172006,698.072797705415,709.298319006068,778.274608963834,0.0858929885029812,37.3044425534717,19.7677747430846,34.2580979000165,36.438970481901,37.877349072846,3.1918540265199,38.7638385378968,39.8565235792766,44.4156992027904,0.0855623032550276,80,"1_JU3237_15",NA,"n>75",NA,NA,NA,"1",817.354097631985,-137.12106049488
"20250529-CbDRC3-p021-m2x_B11_roi_0.png",20250529,"CbDRC3","p021","m2x","B11",0,686.041127003997,34.4530167987109,"","48h",10,"15hHB101","DMSO",1,"FENBENDAZOLE",60,NA,NA,"JU3237",1,NA,NA,NA,641.430113571168,505.460616879028,603.182718890375,618.130527950032,641.888523836404,35.7897307468129,663.276046010241,683.598926365997,739.773148480329,0.0557967734747488,35.7046449770901,28.3311754701619,33.3588583930095,34.4530167987109,35.8859707029718,2.06053460838515,37.2747589772994,38.0423503131101,39.8462306394221,0.0577105474569847,89,"1_JU3237_60",NA,"n>75",NA,NA,NA,"1",817.354097631985,-175.465573795581
"20250529-CbDRC3-p021-m2x_B12_roi_0.png",20250529,"CbDRC3","p021","m2x","B12",0,544.49611634283,29.4170155941335,"","48h",10,"15hHB101","DMSO",1,"FENBENDAZOLE",120,NA,NA,"JU3237",1,NA,NA,NA,579.276312598962,365.052111280827,527.750845245749,560.712698363697,587.561356680741,49.840362137358,608.088740943543,625.242489571933,680.131203171053,0.0860390129086167,31.8288081188788,24.6267465905246,28.0078306369538,29.8224186332308,32.0610280523075,2.98714637949471,34.1079391678933,34.9292721149166,38.4637070946691,0.0938504001889701,80,"1_JU3237_120",NA,"n>75",NA,NA,NA,"1",817.354097631985,-229.792740951244
"20250529-CbDRC3-p021-m2x_C01_roi_0.png",20250529,"CbDRC3","p021","m2x","C01",0,822.541722244954,39.7142247582977,"","48h",10,"15hHB101","DMSO",1,"FENBENDAZOLE",0,NA,NA,"VX34",1,NA,NA,NA,774.310389067333,536.549058294836,711.812504370286,740.841820761826,784.132974496356,56.9828537563557,816.81331443631,826.601981263882,866.355744243933,0.0735917463602579,38.1977325088427,25.3687410959845,34.0646836453058,35.88604581635,38.7894173208006,3.45969332922101,40.4528728173454,42.1220711062752,44.5227816735606,0.090573264484223,64,"1_VX34_0",NA,NA,NA,NA,NA,"1",769.722940306881,14.4100341894748
"20250529-CbDRC3-p021-m2x_C02_roi_0.png",20250529,"CbDRC3","p021","m2x","C02",0,825.239475107473,39.6471903129423,"","48h",10,"15hHB101","DMSO",1,"FENBENDAZOLE",0.117,NA,NA,"VX34",1,NA,NA,NA,777.774564305826,609.339991514035,722.80096231585,745.119880874349,785.868332261285,51.4533143464655,822.100590304553,830.797505434116,852.451392310805,0.0661545346271233,37.7923913268272,28.3634238646486,33.8414010044516,36.1106518221125,37.8877930200612,3.15731585908209,40.2859761002216,41.198975708184,44.7752904322781,0.0835436908921094,64,"1_VX34_0.117",NA,NA,NA,NA,NA,"1",769.722940306881,16.1453919544037
"20250529-CbDRC3-p021-m2x_C03_roi_0.png",20250529,"CbDRC3","p021","m2x","C03",0,749.071551565589,36.6161312849694,"","48h",10,"15hHB101","DMSO",1,"FENBENDAZOLE",0.234,NA,NA,"VX34",1,NA,NA,NA,785.769755678714,595.919852840362,738.155405754355,757.7654703947,794.35647531454,45.9469692243105,818.652393116668,833.734382730786,852.755339624993,0.0584738326873163,38.4787200304449,30.9433861072039,34.0031248965553,36.7775207215237,38.9292423575509,3.08678599989596,40.4562560720704,41.3580362121698,46.6071759642709,0.0802205997874578,60,"1_VX34_0.234",NA,NA,NA,NA,NA,"1",769.722940306881,24.6335350076586
"20250529-CbDRC3-p021-m2x_C04_roi_0.png",20250529,"CbDRC3","p021","m2x","C04",0,784.529699225047,36.8741216831072,"","48h",10,"15hHB101","DMSO",1,"FENBENDAZOLE",0.468,NA,NA,"VX34",1,NA,NA,NA,789.990263245945,655.158556574721,743.319507873913,753.176409995086,805.296329728857,44.654481289252,820.618585646475,835.814114745129,871.310850300757,0.0565253565351222,38.1578110014794,29.790753851943,34.5882276508306,36.9677923757743,38.6066142095142,2.79103449767182,39.8881267110377,41.432871396229,42.8320386911741,0.0731445128643152,55,"1_VX34_0.468",NA,NA,NA,NA,NA,"1",769.722940306881,35.5733894219759
"20250529-CbDRC3-p021-m2x_C05_roi_0.png",20250529,"CbDRC3","p021","m2x","C05",0,773.974327640275,39.269918640892,"","48h",10,"15hHB101","DMSO",1,"FENBENDAZOLE",0.937,NA,NA,"VX34",1,NA,NA,NA,759.969593424314,177.13500924632,723.293791279745,751.498370844775,773.974327640275,83.924988591573,794.474879039249,811.702587493625,837.094913175502,0.110432034804733,38.4408020369946,15.6165893544991,35.5863249135578,37.8431685479572,38.6810996509807,3.59297692974389,40.236294136145,40.9691836167992,42.9635559028729,0.0934677930571293,67,"1_VX34_0.937",NA,NA,NA,NA,NA,"1",769.722940306881,4.25138733339418
"20250529-CbDRC3-p021-m2x_C07_roi_0.png",20250529,"CbDRC3","p021","m2x","C07",0,649.995862697176,39.0527564249415,"","48h",10,"15hHB101","DMSO",1,"FENBENDAZOLE",3.75,NA,NA,"VX34",1,NA,NA,NA,667.63515005161,541.745892923709,624.906063921815,647.590001784121,671.185357598087,40.207704726161,694.244770911133,725.290288789007,732.544768984025,0.0602240680752846,37.9884725712534,29.2148041598563,34.7487300111738,36.7341670080603,38.4245810946079,2.7874603165639,39.4482729632246,41.2101715638073,42.9515165343237,0.0733764778601081,61,"1_VX34_3.75",NA,NA,NA,NA,NA,"1",769.722940306881,-98.5375827087943
"20250529-CbDRC3-p021-m2x_C08_roi_0.png",20250529,"CbDRC3","p021","m2x","C08",0,717.751513463765,37.8155963114434,"","48h",10,"15hHB101","DMSO",1,"FENBENDAZOLE",7.5,NA,NA,"VX34",1,NA,NA,NA,655.713428968978,350.085307585171,604.583178507159,629.696805883779,672.8562114517,77.4214387959878,692.960164514546,717.150865423772,779.081008202422,0.11807206528883,37.5419747989127,20.015886314185,34.8260460369964,35.8790137996536,38.5682035156781,3.69162615182743,39.4797819459486,40.8010651817287,41.9937317423521,0.0983332968390983,53,"1_VX34_7.5",NA,NA,NA,NA,NA,"1",769.722940306881,-96.8667288551807
"20250529-CbDRC3-p021-m2x_C09_roi_0.png",20250529,"CbDRC3","p021","m2x","C09",0,654.086666269891,37.0990747542599,"","48h",10,"15hHB101","DMSO",1,"FENBENDAZOLE",15,NA,NA,"VX34",1,NA,NA,NA,641.715654865468,551.013762688751,602.833466885001,615.597426338091,642.766022357079,35.500805402714,660.269240745977,685.170818285581,726.704026935352,0.0553217069484717,37.7041797421869,33.6170464126337,34.899235773918,35.8159084869648,37.3881427830827,2.25145744901012,39.4836973979902,40.5413263135496,43.0567648060712,0.0597137363657055,57,"1_VX34_15",NA,NA,NA,NA,NA,"1",769.722940306881,-126.956917949802
"20250529-CbDRC3-p021-m2x_C11_roi_0.png",20250529,"CbDRC3","p021","m2x","C11",0,665.483803038736,36.8041751428535,"","48h",10,"15hHB101","DMSO",1,"FENBENDAZOLE",60,NA,NA,"VX34",1,NA,NA,NA,619.873420992258,503.842513568591,574.488862435778,594.674901653501,623.500034048709,40.8928440739772,645.839026206446,665.912388971489,697.513963696624,0.0659696684663753,36.6898080848922,29.192130419777,33.7956104183008,35.4572250193835,36.9490002540962,2.36750825094188,38.4402971515985,38.9489685354534,42.4714344503447,0.0645276815148225,57,"1_VX34_60",NA,NA,NA,NA,NA,"1",769.722940306881,-146.222906258172
"20250529-CbDRC3-p021-m2x_C12_roi_0.png",20250529,"CbDRC3","p021","m2x","C12",0,611.050516793006,33.8708146783241,"","48h",10,"15hHB101","DMSO",1,"FENBENDAZOLE",120,NA,NA,"VX34",1,NA,NA,NA,569.861792959918,414.3499639223,522.306581596401,546.096535891763,576.728727167135,50.4332441468461,598.720473098844,627.264326619446,655.851482732865,0.0885008343600138,32.6041839476794,22.5805769680831,29.2257551857155,31.490848796117,33.2031018157055,3.05493675604022,34.7920347173969,35.310745685102,38.3148895991623,0.0936976910982512,55,"1_VX34_120",NA,NA,NA,NA,NA,"1",769.722940306881,-192.994213139746
"20250529-CbDRC3-p021-m2x_D01_roi_0.png",20250529,"CbDRC3","p021","m2x","D01",0,793.582970624234,36.9096894343005,"","48h",10,"15hHB101","DMSO",1,"FENBENDAZOLE",0,NA,NA,"NIC1667",1,NA,NA,NA,733.23665459728,592.098747814468,678.930761159759,709.637674983482,739.817080674726,49.6237488756953,764.599970588762,786.902175995406,809.549251906199,0.0676776707282186,33.2627908063748,26.0477268879103,29.9763610527964,31.7511526873234,33.478972519225,2.91628881393302,35.4180949557704,36.9219850519802,38.8379934421396,0.0876742072217857,60,"1_NIC1667_0",NA,NA,NA,"outlier","outlier","1",740.568777337127,-0.751696662400491
"20250529-CbDRC3-p021-m2x_D02_roi_0.png",20250529,"CbDRC3","p021","m2x","D02",0,775.601440001493,36.4605422633182,"","48h",10,"15hHB101","DMSO",1,"FENBENDAZOLE",0.117,NA,NA,"NIC1667",1,NA,NA,NA,746.04914791086,623.773946499378,701.188442549569,726.265639381226,747.09183715613,44.025878108789,771.253743135132,791.746513325248,850.676797767897,0.0590120345718153,34.8732945973156,27.4832283588909,31.3440498361954,33.093029365471,35.0044453325039,2.8326072851611,36.6598128857567,37.8844471229609,41.4306183123139,0.0812256862412748,61,"1_NIC1667_0.117",NA,NA,NA,NA,NA,"1",740.568777337127,6.52305981900327
"20250529-CbDRC3-p021-m2x_D03_roi_0.png",20250529,"CbDRC3","p021","m2x","D03",0,770.71270481763,34.9659953840877,"","48h",10,"15hHB101","DMSO",1,"FENBENDAZOLE",0.234,NA,NA,"NIC1667",1,NA,NA,NA,728.03555940886,434.938709620369,686.232375301768,705.31838947682,741.508411712011,63.8803552573537,768.17067605134,781.351409571857,813.286066961189,0.0877434548790753,34.3541597109296,24.8326173087859,30.5797800605479,32.7851536757798,34.838658019465,3.08095296511738,36.6139507652148,37.2896828494229,40.0834829723058,0.0896820935526242,71,"1_NIC1667_0.234",NA,NA,NA,NA,NA,"1",740.568777337127,0.939634374884577
"20250529-CbDRC3-p021-m2x_D04_roi_0.png",20250529,"CbDRC3","p021","m2x","D04",0,803.042698043677,38.5710427215289,"","48h",10,"15hHB101","DMSO",1,"FENBENDAZOLE",0.468,NA,NA,"NIC1667",1,NA,NA,NA,717.005555547409,201.285111731724,655.945333583528,705.627705386121,735.606091213287,101.430852229454,766.468375968566,784.329266132459,817.581470222796,0.141464527638164,34.2068979134936,13.3377312049423,30.7119831623948,32.989141702091,34.9839082126302,4.42499773831505,36.5485116918713,38.0275315685498,39.4409331462089,0.129359807764665,66,"1_NIC1667_0.468",NA,NA,NA,NA,NA,"1",740.568777337127,-4.96268612383994
"20250529-CbDRC3-p021-m2x_D05_roi_0.png",20250529,"CbDRC3","p021","m2x","D05",0,775.04687138568,39.1427546660966,"","48h",10,"15hHB101","DMSO",1,"FENBENDAZOLE",0.937,NA,NA,"NIC1667",1,NA,NA,NA,738.432963930277,639.207901159364,678.213790171898,712.805947592349,744.76064863724,43.9809681459047,775.95643442001,790.240662763385,867.77894567392,0.0595598656807219,35.9935239796378,30.7064148184622,32.6215422034511,34.1796986142316,36.0328500750272,2.56389090632013,38.3372687755,39.1622549927877,42.0342995362956,0.0712320057288799,66,"1_NIC1667_0.937",NA,NA,NA,NA,NA,"1",740.568777337127,4.19187130011289
"20250529-CbDRC3-p021-m2x_D06_roi_0.png",20250529,"CbDRC3","p021","m2x","D06",0,692.738639694442,33.4448022679405,"","48h",10,"15hHB101","DMSO",1,"FENBENDAZOLE",1.875,NA,NA,"NIC1667",1,NA,NA,NA,708.532613881586,586.372025263009,655.179026678816,694.708195434627,710.737844219334,40.0289636039351,734.961321093187,756.245924353159,774.259164290346,0.0564955837172302,36.5805364592952,29.1259499612936,32.2233566631307,35.5955553944363,36.7660781104298,2.80224147648232,38.6206344992257,39.6372705229365,42.4822393713283,0.0766047124432004,69,"1_NIC1667_1.875",NA,NA,NA,NA,NA,"1",740.568777337127,-29.8309331177926
"20250529-CbDRC3-p021-m2x_D07_roi_0.png",20250529,"CbDRC3","p021","m2x","D07",0,694.352598861667,36.6641730125071,"","48h",10,"15hHB101","DMSO",1,"FENBENDAZOLE",3.75,NA,NA,"NIC1667",1,NA,NA,NA,639.950813016899,546.71648197149,600.286867845175,617.549701101898,638.988665308859,35.1573049030004,662.473466117695,693.233268522763,710.418654019798,0.0549375111147363,35.6344872510134,28.0193837837537,32.4075526014295,34.6650482314665,35.4950620812215,2.61213633461587,37.4618865810608,38.5068956513566,40.853993550757,0.0733036037874121,55,"1_NIC1667_3.75",NA,NA,NA,NA,NA,"1",740.568777337127,-101.580112028268
"20250529-CbDRC3-p021-m2x_D08_roi_0.png",20250529,"CbDRC3","p021","m2x","D08",0,643.085283117311,36.5459013492123,"","48h",10,"15hHB101","DMSO",1,"FENBENDAZOLE",7.5,NA,NA,"NIC1667",1,NA,NA,NA,637.525316132911,476.166505510914,600.887136746801,618.097448871668,637.056371183947,39.2864070729008,658.229334629894,682.35038213125,729.7247459217,0.0616232894266906,36.1746869281408,30.7018524004079,33.0269905674641,34.825439249253,36.5459013492123,2.2171162394734,37.9155949722715,38.6308573133677,41.2455299752672,0.0612891617798264,65,"1_NIC1667_7.5",NA,NA,NA,NA,NA,"1",740.568777337127,-103.51240615318
"20250529-CbDRC3-p021-m2x_D09_roi_0.png",20250529,"CbDRC3","p021","m2x","D09",0,634.397120264644,35.0381467854291,"","48h",10,"15hHB101","DMSO",1,"FENBENDAZOLE",15,NA,NA,"NIC1667",1,NA,NA,NA,626.893996310661,520.793828995169,584.771508231586,607.348423562838,633.061970912364,34.6706625282731,647.238225724142,665.19078691435,710.213283524834,0.0553054626975433,35.1028876691406,28.3185724493588,30.746719824718,33.2640220443278,35.5015975328422,2.99935079821942,37.1276314640651,38.7294254491236,40.4258926957899,0.0854445601880266,68,"1_NIC1667_15",NA,NA,NA,NA,NA,"1",740.568777337127,-107.506806424762
"20250529-CbDRC3-p021-m2x_D11_roi_0.png",20250529,"CbDRC3","p021","m2x","D11",0,596.313747381256,32.6121310828878,"","48h",10,"15hHB101","DMSO",1,"FENBENDAZOLE",60,NA,NA,"NIC1667",1,NA,NA,NA,598.577674095044,509.68349825096,548.283106276489,578.4460666493,601.63838700043,36.3214954327156,620.825128460073,639.293910083705,662.056617234462,0.060679669497577,33.3013286320448,25.404687972318,29.5883350860225,31.8618061081828,33.8891996081355,2.73899970180038,35.1569294332183,36.0890426091402,37.7481700536388,0.0822489616574857,68,"1_NIC1667_60",NA,NA,NA,NA,NA,"1",740.568777337127,-138.930390336697
"20250529-CbDRC3-p021-m2x_D12_roi_0.png",20250529,"CbDRC3","p021","m2x","D12",0,599.057630648781,33.6399531041748,"","48h",10,"15hHB101","DMSO",1,"FENBENDAZOLE",120,NA,NA,"NIC1667",1,NA,NA,NA,551.479321308673,454.406515201996,511.579192881283,534.424990578678,555.919425405502,33.7178508923789,572.926079957988,587.755623609656,607.945420348378,0.0611407347284858,31.1745060738657,27.1986619542457,28.4283440738795,29.2797732607647,30.9227540085236,2.26627441503962,33.3159601352258,34.305393720929,35.9426478722677,0.0726964016581322,59,"1_NIC1667_120",NA,NA,NA,NA,NA,"1",740.568777337127,-184.649351931625
"20250529-CbDRC3-p021-m2x_E01_roi_0.png",20250529,"CbDRC3","p021","m2x","E01",0,757.436493721022,39.8879925874524,"","48h",10,"15hHB101","DMSO",1,"FENBENDAZOLE",0,NA,NA,"PB420",1,NA,NA,NA,763.076151294574,166.718760392483,726.017129405121,763.81085216369,776.415567564542,77.1565697370243,783.552684363675,802.176580202098,826.954747588353,0.101112542445635,37.288896813508,15.6867405500034,34.8337135797884,35.9997438313183,37.3767641562837,3.42843642198169,39.3159595171056,40.1815951443618,42.5464640786661,0.0919425543514533,71,"1_PB420_0",NA,NA,NA,NA,NA,"1",767.804057932223,8.61150963231853
"20250529-CbDRC3-p021-m2x_E02_roi_0.png",20250529,"CbDRC3","p021","m2x","E02",0,790.254477033727,37.6285732471266,"","48h",10,"15hHB101","DMSO",1,"FENBENDAZOLE",0.117,NA,NA,"PB420",1,NA,NA,NA,761.45612055997,545.635771787991,722.369190482726,750.287181600169,774.92579058001,47.7001575520029,786.338584788982,797.613876048686,811.716834765123,0.0626433438041374,37.6266786392668,25.4758307529957,35.3501387511805,36.6374149038335,38.1519914193179,2.85823876910752,39.3567277908928,40.0553121208622,41.7606392374804,0.0759630898201227,60,"1_PB420_0.117",NA,NA,NA,NA,NA,"1",767.804057932223,7.12173264778698
"20250529-CbDRC3-p021-m2x_E03_roi_0.png",20250529,"CbDRC3","p021","m2x","E03",0,799.600510577872,37.2581299252926,"","48h",10,"15hHB101","DMSO",1,"FENBENDAZOLE",0.234,NA,NA,"PB420",1,NA,NA,NA,756.178226073838,278.873122131014,731.827611301392,753.266594597838,773.466237833923,76.2706657220986,786.908661460594,795.303741718341,806.354008760076,0.10086334556088,37.2989398734919,16.6343985531301,35.3953694339419,36.7580738770698,37.6062810586556,3.47908367127046,38.9167509242956,39.811347232949,43.9838845653357,0.0932756717233944,60,"1_PB420_0.234",NA,NA,NA,NA,NA,"1",767.804057932223,5.66217990169946
"20250529-CbDRC3-p021-m2x_E05_roi_0.png",20250529,"CbDRC3","p021","m2x","E05",0,770.819404296116,36.9505329475889,"","48h",10,"15hHB101","DMSO",1,"FENBENDAZOLE",0.937,NA,NA,"PB420",1,NA,NA,NA,760.163968388334,516.204805171257,719.503326443251,749.404864691224,768.65443576611,42.8084431053122,785.079633791584,796.369791472634,823.772906114589,0.0563147490350967,37.1130778580105,22.0894123645468,33.7443777710916,36.2370523298604,37.335672894275,2.89462603024959,38.6341754328445,39.8680336507235,42.1742777645888,0.0779947715822448,67,"1_PB420_0.937",NA,NA,NA,NA,NA,"1",767.804057932223,0.850377833886569
"20250529-CbDRC3-p021-m2x_E06_roi_0.png",20250529,"CbDRC3","p021","m2x","E06",0,751.794772447925,36.2623153474331,"","48h",10,"15hHB101","DMSO",1,"FENBENDAZOLE",1.875,NA,NA,"PB420",1,NA,NA,NA,734.19104780422,575.894671292873,715.129702388948,724.490644171228,739.116586979366,28.3729352067172,748.892572248274,757.855372120198,773.403503204573,0.0386451663930983,37.5290986289003,27.9906574736098,35.0451961235994,36.4199929967528,37.5753627417664,2.14489051021504,38.7713653429374,39.8734522866101,42.3845482109576,0.0571527318421473,68,"1_PB420_1.875",NA,NA,NA,NA,NA,"1",767.804057932223,-28.6874709528574
"20250529-CbDRC3-p021-m2x_E07_roi_0.png",20250529,"CbDRC3","p021","m2x","E07",0,669.441740807734,36.3073160402139,"","48h",10,"15hHB101","DMSO",1,"FENBENDAZOLE",3.75,NA,NA,"PB420",1,NA,NA,NA,663.300137255501,562.796369977367,632.811022304774,652.874193586986,665.567733124874,27.3497241348127,677.608900678868,688.252626986158,733.50258125019,0.0412328033700943,37.0964760029326,31.1031237939265,34.6100987854759,36.08160991674,37.1664510400093,1.86785470179777,38.1381114460536,39.2688012652919,41.9976492043173,0.0503512706072164,61,"1_PB420_3.75",NA,NA,NA,NA,NA,"1",767.804057932223,-102.23632480735
"20250529-CbDRC3-p021-m2x_E08_roi_0.png",20250529,"CbDRC3","p021","m2x","E08",0,657.211361555163,36.9699854559584,"","48h",10,"15hHB101","DMSO",1,"FENBENDAZOLE",7.5,NA,NA,"PB420",1,NA,NA,NA,634.430816085598,248.094135191753,611.712549743777,627.828470819687,649.664606156922,64.0753008907485,663.942268741124,673.42506336713,680.044879447773,0.100996514144898,36.3514771844559,16.8808538925484,33.9113227837144,35.5368401111763,36.9826060792488,3.77109412744643,38.185938517071,39.4884976154392,41.2585376183982,0.10373977674445,75,"1_PB420_7.5",NA,NA,NA,NA,NA,"1",767.804057932223,-118.139451775301
"20250529-CbDRC3-p021-m2x_E09_roi_0.png",20250529,"CbDRC3","p021","m2x","E09",0,660.586020139002,37.7264100258123,"","48h",10,"15hHB101","DMSO",1,"FENBENDAZOLE",15,NA,NA,"PB420",1,NA,NA,NA,627.408243901631,201.971510055807,601.661542761694,617.766306242585,634.1102665715,59.3255004202874,648.915864814174,667.146338663356,696.954794695138,0.094556456656296,37.219593179293,14.6971286536005,35.0230804209493,36.6336190247565,37.6910224415832,3.21617327114784,38.50132603217,39.5874102882504,40.2854510304648,0.0864107583243856,65,"1_PB420_15",NA,NA,NA,NA,NA,"1",767.804057932223,-133.693791360723
"20250529-CbDRC3-p021-m2x_E12_roi_0.png",20250529,"CbDRC3","p021","m2x","E12",0,544.621134152303,32.8285403660367,"","48h",10,"15hHB101","DMSO",1,"FENBENDAZOLE",120,NA,NA,"PB420",1,NA,NA,NA,554.946705742658,366.526329871834,524.568435713834,542.832327970014,560.212729467701,40.8341419092618,578.888975553478,591.124671046065,610.466204988834,0.0735820962386206,32.8171562071888,21.189161549076,28.8799210217899,31.8400135732737,33.2503523632928,2.80123485802104,34.615764332045,35.3491549398722,37.3251468663767,0.0853588543850552,54,"1_PB420_120",NA,NA,NA,"outlier","outlier","1",767.804057932223,-207.591328464523
"20250529-CbDRC3-p021-m2x_F01_roi_0.png",20250529,"CbDRC3","p021","m2x","F01",0,750.630057098043,35.7922065658846,"","48h",10,"15hHB101","DMSO",1,"FENBENDAZOLE",0,NA,NA,"ED3102",1,NA,NA,NA,758.587871508788,588.497397455202,728.741559581959,742.45395617176,761.741660469183,35.3386527169851,782.014690237668,791.092445252567,826.062579228489,0.0465847847615842,36.9293233442185,30.7594842413815,34.2859675298628,35.8018106944526,37.1005616674312,2.12925071363118,38.2461615617595,39.5154149248031,40.9307255822706,0.0576574526910342,74,"1_ED3102_0",NA,NA,NA,NA,NA,"1",759.27644085211,2.46521961707356
"20250529-CbDRC3-p021-m2x_F02_roi_0.png",20250529,"CbDRC3","p021","m2x","F02",0,736.89295381994,33.1713439852205,"","48h",10,"15hHB101","DMSO",1,"FENBENDAZOLE",0.117,NA,NA,"ED3102",1,NA,NA,NA,765.170867197889,696.354884716558,733.199676108224,749.401396108983,762.537099420296,27.3974248201321,783.289025991127,800.136800791619,824.179231928368,0.0358056298202563,36.904515644015,31.4886986119934,34.7318189753463,36.0276799998858,37.1358013126453,1.87374026017153,37.7516250714668,39.3677768499404,41.0140846230153,0.0507726555266524,67,"1_ED3102_0.117",NA,NA,NA,NA,NA,"1",759.27644085211,3.26065856818661
"20250529-CbDRC3-p021-m2x_F03_roi_0.png",20250529,"CbDRC3","p021","m2x","F03",0,734.436189129505,35.6146435231432,"","48h",10,"15hHB101","DMSO",1,"FENBENDAZOLE",0.234,NA,NA,"ED3102",1,NA,NA,NA,762.007322756514,655.553311358895,726.312156664112,745.714601267499,766.031286475285,31.2247955115,782.729103408557,796.870816336972,830.522411201592,0.0409770281452759,37.1735964240915,31.0943304673235,34.3709092654759,35.9518066217316,37.2289522257565,2.45762635523755,38.2771288521639,39.2567206304068,50.8573046541829,0.0661121492577675,89,"1_ED3102_0.234",NA,"n>75",NA,NA,NA,"1",759.27644085211,6.7548456231757
"20250529-CbDRC3-p021-m2x_F04_roi_0.png",20250529,"CbDRC3","p021","m2x","F04",0,812.991124291504,38.3956702719735,"","48h",10,"15hHB101","DMSO",1,"FENBENDAZOLE",0.468,NA,NA,"ED3102",1,NA,NA,NA,756.426244789113,549.684054970462,720.91294649596,741.399391640117,762.908108503551,46.0349515249422,781.536139176139,794.293708960783,827.018832851272,0.060858480046229,37.2967042107039,25.4985026541613,34.9167756892157,36.1567930059571,37.6959943225883,2.78407663643098,38.7627925370591,39.6981979517661,43.9729156702425,0.0746467200078221,73,"1_ED3102_0.468",NA,NA,NA,"outlier","outlier","1",759.27644085211,3.63166765144126
"20250529-CbDRC3-p021-m2x_F05_roi_0.png",20250529,"CbDRC3","p021","m2x","F05",0,778.178947457668,37.6026059626802,"","48h",10,"15hHB101","DMSO",1,"FENBENDAZOLE",0.937,NA,NA,"ED3102",1,NA,NA,NA,752.343295414321,651.994291402213,723.639254853567,738.502639533197,756.295543998445,24.9241707741137,767.467991027876,780.395432154196,801.482148449752,0.0331287205269608,37.332595392959,30.2370713770937,35.0547351784903,36.3612988314192,37.4052881136301,1.94668490482607,38.6284343346205,39.2304325344964,41.768207806786,0.0521443763642861,67,"1_ED3102_0.937",NA,NA,NA,NA,NA,"1",759.27644085211,-2.98089685366426
"20250529-CbDRC3-p021-m2x_F06_roi_0.png",20250529,"CbDRC3","p021","m2x","F06",0,747.550670918381,36.6077213756668,"","48h",10,"15hHB101","DMSO",1,"FENBENDAZOLE",1.875,NA,NA,"ED3102",1,NA,NA,NA,729.28557338782,613.857411665076,696.703126964874,720.241404970142,734.185507780661,32.0171856835714,747.550670918381,755.493879201602,792.352194651442,0.043902124012736,38.130449595839,29.4662724926888,35.7322615155886,36.9091707187642,38.4962347640464,2.25684559835776,39.5648392697029,40.467492820226,42.0802150999681,0.0591874898481144,77,"1_ED3102_1.875",NA,"n>75",NA,NA,NA,"1",759.27644085211,-25.0909330714484
"20250529-CbDRC3-p021-m2x_F07_roi_0.png",20250529,"CbDRC3","p021","m2x","F07",0,643.707199005938,37.5069045661698,"","48h",10,"15hHB101","DMSO",1,"FENBENDAZOLE",3.75,NA,NA,"ED3102",1,NA,NA,NA,656.642507638942,587.623956897226,625.25737297202,635.595510969715,655.917818636296,27.6525067230262,673.665150408112,687.189974730451,754.048432788711,0.0421119656454392,37.9568316840551,26.8133451468527,35.9306031129072,37.1468779171462,38.1479575149245,1.89333530336875,39.260188580287,39.8809224554632,40.8825278864991,0.049881278793986,89,"1_ED3102_3.75",NA,"n>75",NA,NA,NA,"1",759.27644085211,-103.358622215814
"20250529-CbDRC3-p021-m2x_F08_roi_0.png",20250529,"CbDRC3","p021","m2x","F08",0,623.514788109752,36.6051015082133,"","48h",10,"15hHB101","DMSO",1,"FENBENDAZOLE",7.5,NA,NA,"ED3102",1,NA,NA,NA,648.325323157259,531.860143743416,599.001906018066,631.348157148847,654.346875397275,32.9053486687151,673.764227743819,682.434171098025,712.100606371434,0.0507543782317037,38.2051664810771,28.612285067246,35.4545663389476,36.8709983847786,38.4713221184112,2.35165103165814,39.8239327366206,41.0536988123317,42.6805561290045,0.0615532203693683,88,"1_ED3102_7.5",NA,"n>75",NA,NA,NA,"1",759.27644085211,-104.929565454835
"20250529-CbDRC3-p021-m2x_F09_roi_0.png",20250529,"CbDRC3","p021","m2x","F09",0,663.244431841456,36.929340552168,"","48h",10,"15hHB101","DMSO",1,"FENBENDAZOLE",15,NA,NA,"ED3102",1,NA,NA,NA,633.1030060192,569.538709967692,591.951479592951,612.277179808153,630.586687455916,33.0670047078673,651.491822041499,679.840880204508,719.368997221932,0.0522300548149102,37.9071407291587,30.9517538679119,35.0066277301036,36.429998110232,37.781185979434,2.40678209382721,39.4518195841028,40.9208868732474,44.9482630391846,0.0634915229039126,87,"1_ED3102_15",NA,"n>75",NA,NA,NA,"1",759.27644085211,-128.689753396193
"20250529-CbDRC3-p021-m2x_F11_roi_0.png",20250529,"CbDRC3","p021","m2x","F11",0,633.129831377065,37.2262858627848,"","48h",10,"15hHB101","DMSO",1,"FENBENDAZOLE",60,NA,NA,"ED3102",1,NA,NA,NA,607.853049674783,424.557059211387,560.897189756936,583.204203161076,619.195199451513,44.1006856879202,633.910952532395,655.483621934997,683.040614497832,0.0725515578337811,35.685307523598,26.5067646316484,32.6257011237075,33.9847090212958,35.7433014044434,2.50270374244554,37.2086412445511,38.9929236140068,40.3404763405587,0.0701326096402717,90,"1_ED3102_60",NA,"n>75",NA,NA,NA,"1",759.27644085211,-140.081241400597
"20250529-CbDRC3-p021-m2x_F12_roi_0.png",20250529,"CbDRC3","p021","m2x","F12",0,565.474213719603,32.9899813973045,"","48h",10,"15hHB101","DMSO",1,"FENBENDAZOLE",120,NA,NA,"ED3102",1,NA,NA,NA,561.793042072736,368.046947706122,514.205629037178,539.617185663606,562.515345720381,57.6394249849487,584.124042824746,602.128403139817,928.42854422451,0.102599036777472,33.424585385212,28.2062893782983,30.1830758302285,32.0709691703443,33.4822672589235,2.30557299159126,34.9208094540078,36.164771151344,39.5003755242568,0.0689783572487129,87,"1_ED3102_120",NA,"n>75",NA,NA,NA,"1",759.27644085211,-196.761095131729
"20250529-CbDRC3-p022-m2x_A01_roi_0.png",20250529,"CbDRC3","p022","m2x","A01",0,765.074471907879,35.9943655295969,"","48h",10,"15hHB101","DMSO",1,"FENBENDAZOLE",0,NA,NA,"ECA2666",1,NA,NA,NA,729.927687485203,525.210326957476,680.129309256873,698.498475245512,741.527168017876,52.2653244338859,760.233525226115,780.663653150749,839.887228691193,0.071603427750431,33.349708125713,22.9149886063626,30.6460319506242,31.7967499977974,33.5608487409379,2.96500435723412,35.5763722494217,36.5468158779748,39.4533660569959,0.0889064559742899,66,"1_ECA2666_0",NA,NA,NA,NA,NA,"1",746.155283716426,-4.62811569855012
"20250529-CbDRC3-p022-m2x_A02_roi_0.png",20250529,"CbDRC3","p022","m2x","A02",0,741.214404374579,32.1681769588278,"","48h",10,"15hHB101","DMSO",1,"FENBENDAZOLE",0.117,NA,NA,"ECA2666",1,NA,NA,NA,724.397197388861,399.614753433253,671.756406494549,704.204550453619,737.82128425659,60.2323330413483,757.925524690619,775.286635061962,811.990943140741,0.0831482137954976,33.1166914063109,20.3529636394082,29.9562697569015,31.6410376053019,32.9661154091806,2.97554950561202,34.9113494828313,36.5575036487198,39.180166020929,0.0898504463838132,63,"1_ECA2666_0.117",NA,NA,NA,NA,NA,"1",746.155283716426,-8.33399945983558
"20250529-CbDRC3-p022-m2x_A04_roi_0.png",20250529,"CbDRC3","p022","m2x","A04",0,763.701575984652,31.7062791825616,"","48h",10,"15hHB101","DMSO",1,"FENBENDAZOLE",0.468,NA,NA,"ECA2666",1,NA,NA,NA,722.210038862166,518.088380920245,647.892797862653,705.223792481045,733.007621266968,57.2122619949434,759.282577840679,776.848020037394,833.777533643691,0.0792183145018044,32.705941493439,26.0044524711093,29.0194431310098,30.7398905225456,32.956092322709,2.82604382044797,34.5998755400838,36.3155917761963,38.9613829575023,0.0864076584071091,83,"1_ECA2666_0.468",NA,"n>75",NA,NA,NA,"1",746.155283716426,-13.1476624494579
"20250529-CbDRC3-p022-m2x_A05_roi_0.png",20250529,"CbDRC3","p022","m2x","A05",0,702.239265198142,31.1208157513553,"","48h",10,"15hHB101","DMSO",1,"FENBENDAZOLE",0.937,NA,NA,"ECA2666",1,NA,NA,NA,724.465146120591,670.3546207647,690.24333669149,706.661433126327,725.757170047475,30.7619796486476,738.213324573168,755.240071979043,814.348669639033,0.0424616419621754,34.3496639501401,29.0824056367994,30.5715796646775,32.5179989969298,34.5243672577577,2.66586860006516,36.0867794119843,37.5373574965333,39.7884983688779,0.0776097432549783,58,"1_ECA2666_0.937",NA,NA,NA,NA,NA,"1",746.155283716426,-20.3981136689504
"20250529-CbDRC3-p022-m2x_A06_roi_0.png",20250529,"CbDRC3","p022","m2x","A06",0,675.541998836208,32.1720295551184,"","48h",10,"15hHB101","DMSO",1,"FENBENDAZOLE",1.875,NA,NA,"ECA2666",1,NA,NA,NA,703.283706412784,521.826674344192,669.895114584163,681.052613289054,702.114688882786,38.1667354324806,727.291893180357,743.241823320378,797.032649293649,0.0542693298372522,35.192136287145,29.3964385060788,32.194756154604,33.8599405075506,35.5005774778682,2.29437543454575,36.713444021932,37.5127916633275,40.8093745863067,0.0651956850764936,63,"1_ECA2666_1.875",NA,NA,NA,NA,NA,"1",746.155283716426,-44.0405948336394
"20250529-CbDRC3-p022-m2x_A07_roi_0.png",20250529,"CbDRC3","p022","m2x","A07",0,641.86583860731,35.101788714314,"","48h",10,"15hHB101","DMSO",1,"FENBENDAZOLE",3.75,NA,NA,"ECA2666",1,NA,NA,NA,646.183551993431,296.3241724828,599.410212863927,628.734599968509,649.48974007346,56.8687619616509,669.63271053959,707.162414547691,727.098098901444,0.0880071332459867,35.0856427570063,19.6465145517877,32.5559516017656,33.5122943212808,35.140387750147,2.84359871965185,36.7420914089637,37.9692456273287,40.6645424537119,0.0810473600083617,77,"1_ECA2666_3.75",NA,"n>75",NA,NA,NA,"1",746.155283716426,-96.665543642966
"20250529-CbDRC3-p022-m2x_A08_roi_0.png",20250529,"CbDRC3","p022","m2x","A08",0,695.65390658033,35.3335217621902,"","48h",10,"15hHB101","DMSO",1,"FENBENDAZOLE",7.5,NA,NA,"ECA2666",1,NA,NA,NA,656.651279637688,472.403576477864,610.150060345109,637.846202629302,658.556318793371,44.968163145656,684.239055077955,701.609684419982,754.162261409896,0.0684810409118025,35.6110612445547,26.0836894590319,31.9765006195354,34.3402674882602,36.0719618464378,2.5660417416542,37.1425676233789,38.2339515307874,40.4155386014433,0.0720574353016951,73,"1_ECA2666_7.5",NA,NA,NA,NA,NA,"1",746.155283716426,-87.5989649230551
"20250529-CbDRC3-p022-m2x_A09_roi_0.png",20250529,"CbDRC3","p022","m2x","A09",0,696.535471023449,35.9818465223364,"","48h",10,"15hHB101","DMSO",1,"FENBENDAZOLE",15,NA,NA,"ECA2666",1,NA,NA,NA,641.491447374066,571.762927961325,605.729942921872,619.558077797231,643.955792117966,32.0294310913633,657.399338713477,693.089656760363,719.876023337197,0.0499296307417273,35.6638935072205,29.7804735111054,32.5959513215824,34.4844520889621,35.9184587462556,2.27410993972237,37.4603989273033,38.3317568718107,39.5846233078765,0.0637650496366011,69,"1_ECA2666_15",NA,NA,NA,NA,NA,"1",746.155283716426,-102.19949159846
"20250529-CbDRC3-p022-m2x_A11_roi_0.png",20250529,"CbDRC3","p022","m2x","A11",0,676.668772700178,35.4751839215703,"","48h",10,"15hHB101","DMSO",1,"FENBENDAZOLE",60,NA,NA,"ECA2666",1,NA,NA,NA,628.459075156549,481.413258502673,590.005946828943,607.329931617252,629.842835321497,36.6718169533332,654.213309953674,668.85426569135,693.510579895636,0.0583519570374543,34.8222995726216,28.1602255017576,32.9856774484523,33.9889071773613,34.7776804181204,2.01207312411311,35.8388829492393,36.9070011439766,40.2183247654328,0.0577811674934605,70,"1_ECA2666_60",NA,NA,NA,NA,NA,"1",746.155283716426,-116.312448394929
"20250529-CbDRC3-p022-m2x_A12_roi_0.png",20250529,"CbDRC3","p022","m2x","A12",0,609.513964424484,31.8986821644843,"","48h",10,"15hHB101","DMSO",1,"FENBENDAZOLE",120,NA,NA,"ECA2666",1,NA,NA,NA,593.982602346491,414.354478428272,565.187347711678,577.336528065986,595.025866663035,34.5717981732371,614.73392756684,631.899076613603,661.755184420143,0.0582033851440485,33.3689106658501,23.8286391900404,30.9968107494001,32.1683187061621,33.1607384998423,2.35526841505395,35.2734404088188,36.1862592528491,38.9654032817717,0.0705827181066581,79,"1_ECA2666_120",NA,"n>75",NA,NA,NA,"1",746.155283716426,-151.129417053391
"20250529-CbDRC3-p022-m2x_B01_roi_0.png",20250529,"CbDRC3","p022","m2x","B01",0,793.53644524502,39.9370824227247,"","48h",10,"15hHB101","DMSO",1,"FENBENDAZOLE",0,NA,NA,"JU3237",1,NA,NA,NA,811.921344416032,728.930441032242,760.305882183229,784.494468344638,802.082296939824,58.9710131047871,829.639202561241,856.670595721107,1112.52086993822,0.0726314359270866,37.3320446942481,33.2380083861081,34.8672126757087,35.9864539929195,37.3180136689053,2.1247586695639,38.7304209314486,40.0728601370659,42.820208686241,0.056915143195767,52,"1_JU3237_0",NA,NA,NA,NA,NA,"1",817.354097631985,-15.2718006921612
"20250529-CbDRC3-p022-m2x_B02_roi_0.png",20250529,"CbDRC3","p022","m2x","B02",0,821.119538565448,38.0372915895756,"","48h",10,"15hHB101","DMSO",1,"FENBENDAZOLE",0.117,NA,NA,"JU3237",1,NA,NA,NA,793.104076940133,670.290455624332,743.270178216392,771.293080757471,795.846768209147,39.2193150187432,818.731878097487,838.098063388268,894.532342988757,0.0494504014782711,36.8765136684062,31.6175732566218,34.3868657462055,35.4312696951168,37.1416798448874,2.04572620118029,37.9838907738797,39.414774027361,43.6024773241662,0.0554750435351746,94,"1_JU3237_0.117",NA,"n>75",NA,NA,NA,"1",817.354097631985,-21.5073294228378
"20250529-CbDRC3-p022-m2x_B03_roi_0.png",20250529,"CbDRC3","p022","m2x","B03",0,830.584331481845,36.0300464668284,"","48h",10,"15hHB101","DMSO",1,"FENBENDAZOLE",0.234,NA,NA,"JU3237",1,NA,NA,NA,804.72564548412,540.082402399779,767.240063333618,779.361995857662,806.828216545358,59.5914484702097,835.477570915296,846.648165264366,1050.68132353362,0.0740518819110826,37.5854069642605,27.1585613982481,35.3537767894291,36.3880812266716,37.5177550951299,2.3239656477824,38.8986521342558,40.2302338910477,42.9140254278095,0.0618315946397024,76,"1_JU3237_0.234",NA,"n>75",NA,NA,NA,"1",817.354097631985,-10.5258810866274
"20250529-CbDRC3-p022-m2x_B04_roi_0.png",20250529,"CbDRC3","p022","m2x","B04",0,813.576891580493,39.3657932267235,"","48h",10,"15hHB101","DMSO",1,"FENBENDAZOLE",0.468,NA,NA,"JU3237",1,NA,NA,NA,818.323627270393,736.012789246118,775.145086478158,794.477143875735,819.460662525499,33.2440323423353,842.868502627979,853.299865487306,902.058046854157,0.0406245539472255,37.3051149252139,32.3489678395698,35.1342139793964,35.9533599585743,37.3416430428945,1.99617556097285,38.9704255587023,39.9280587376619,41.167740325601,0.0535094333571846,77,"1_JU3237_0.468",NA,"n>75",NA,NA,NA,"1",817.354097631985,2.10656489351368
"20250529-CbDRC3-p022-m2x_B05_roi_0.png",20250529,"CbDRC3","p022","m2x","B05",0,799.688923516915,35.9427714575235,"","48h",10,"15hHB101","DMSO",1,"FENBENDAZOLE",0.937,NA,NA,"JU3237",1,NA,NA,NA,791.919945521669,272.070894371659,756.73998840322,778.049600572518,796.466178169891,68.8070862346313,818.951706780327,834.574047119063,915.43291486738,0.0868864165168935,36.8009427056691,17.2374684860567,34.3642521633699,35.8398044928087,37.2219328127973,2.97298836019169,38.4044833017453,39.0379465101081,41.8795789892752,0.0807856576927772,76,"1_JU3237_0.937",NA,"n>75",NA,NA,NA,"1",817.354097631985,-20.8879194620943
"20250529-CbDRC3-p022-m2x_B06_roi_0.png",20250529,"CbDRC3","p022","m2x","B06",0,874.178743448247,38.3685087367069,"","48h",10,"15hHB101","DMSO",1,"FENBENDAZOLE",1.875,NA,NA,"JU3237",1,NA,NA,NA,784.082972216576,683.157872383605,741.742910109954,753.280364302669,786.104243421292,39.7110434901548,817.523997939899,826.556985956434,874.178743448247,0.0506464811726405,37.9704053155086,31.5664374881025,35.653492580126,36.6836111954922,38.1585511660279,2.22278871786744,38.9248609894557,40.3968420161648,43.8008017600104,0.0585400313585688,62,"1_JU3237_1.875",NA,NA,NA,NA,NA,"1",817.354097631985,-31.2498542106928
"20250529-CbDRC3-p022-m2x_B07_roi_0.png",20250529,"CbDRC3","p022","m2x","B07",0,791.592581069693,39.8075591470856,"","48h",10,"15hHB101","DMSO",1,"FENBENDAZOLE",3.75,NA,NA,"JU3237",1,NA,NA,NA,705.116268232574,436.329252257717,661.370565896425,691.157584466034,710.242392481539,47.7087940973386,729.799332303738,743.131652888257,809.39984931974,0.0676608897663419,36.4499412500894,29.0999921984708,33.0477545110938,35.0124543751277,36.5540013860145,2.53433625789504,37.8647475471141,39.3554270445445,42.6035408265281,0.0695292275097652,90,"1_JU3237_3.75",NA,"n>75",NA,NA,NA,"1",817.354097631985,-107.111705150446
"20250529-CbDRC3-p022-m2x_B08_roi_0.png",20250529,"CbDRC3","p022","m2x","B08",0,705.715917363936,39.9103414287914,"","48h",10,"15hHB101","DMSO",1,"FENBENDAZOLE",7.5,NA,NA,"JU3237",1,NA,NA,NA,684.439671056596,316.345994596488,664.010207250804,677.260207304662,701.886941555282,77.021722829947,717.574139473151,728.54995923262,761.595510495963,0.112532522714596,37.3227192530444,17.7973034171356,34.3989082968832,36.6059388064511,38.1227330765401,4.46201375550307,39.4342703468932,40.6066653678336,45.7229418034644,0.11955221497263,66,"1_JU3237_7.5",NA,NA,NA,NA,NA,"1",817.354097631985,-115.467156076703
"20250529-CbDRC3-p022-m2x_B09_roi_0.png",20250529,"CbDRC3","p022","m2x","B09",0,667.884657831219,35.8613899708924,"","48h",10,"15hHB101","DMSO",1,"FENBENDAZOLE",15,NA,NA,"JU3237",1,NA,NA,NA,661.66227014262,287.803695730306,634.759625261508,646.605875476789,666.613775892868,56.4722077195261,687.032870280169,703.185615718105,776.397189400515,0.0853489918767072,37.1943947021161,16.2424761685761,34.6809310375624,35.8745067015146,37.3202588240085,4.19583312379186,38.3088606730595,39.6996113245179,58.3206156682879,0.112808210952097,63,"1_JU3237_15",NA,NA,NA,NA,NA,"1",817.354097631985,-150.740321739117
"20250529-CbDRC3-p022-m2x_B11_roi_0.png",20250529,"CbDRC3","p022","m2x","B11",0,649.469438730394,30.4893834847611,"","48h",10,"15hHB101","DMSO",1,"FENBENDAZOLE",60,NA,NA,"JU3237",1,NA,NA,NA,645.25407030434,576.498329396219,602.29393649185,629.720684672515,648.5610881418,28.6574399790284,662.719612632135,678.695696356234,710.165038427383,0.0444126450306806,35.6449518183202,30.4893834847611,32.6735534819346,34.266669305306,35.8388028001389,2.14352842032148,37.3170106846542,38.3014810097185,39.2013775889911,0.0601355398443767,76,"1_JU3237_60",NA,"n>75",NA,NA,NA,"1",817.354097631985,-168.793009490185
"20250529-CbDRC3-p022-m2x_B12_roi_0.png",20250529,"CbDRC3","p022","m2x","B12",0,624.717842950753,34.5974785914228,"","48h",10,"15hHB101","DMSO",1,"FENBENDAZOLE",120,NA,NA,"JU3237",1,NA,NA,NA,579.340775535057,454.62564230322,518.701639480336,550.844350436762,590.162542004338,40.7468561513132,607.291201710819,623.473831964948,659.0774689504,0.0703331404796789,32.5038944073822,22.578206138476,29.1315126319067,31.2755024939819,32.5932330308555,2.57646325028529,33.9383652269561,35.474343376315,37.3452009751253,0.0792662940013776,65,"1_JU3237_120",NA,NA,NA,NA,NA,"1",817.354097631985,-227.191555627647
"20250529-CbDRC3-p022-m2x_C01_roi_0.png",20250529,"CbDRC3","p022","m2x","C01",0,835.192263466177,36.9392367273513,"","48h",10,"15hHB101","DMSO",1,"FENBENDAZOLE",0,NA,NA,"VX34",1,NA,NA,NA,761.302110442457,519.127474380777,706.296315017535,734.371581575662,753.502690994331,56.9572720354301,798.240652323814,836.461158128836,868.819788458976,0.0748155971908806,36.8189639398903,25.9274501802054,32.2183029844353,35.1892763017049,36.8126091071409,3.56467953653028,38.8458575264181,40.1712502178202,46.2525079174068,0.0968163998951704,66,"1_VX34_0",NA,NA,NA,NA,NA,"1",769.722940306881,-16.2202493125501
"20250529-CbDRC3-p022-m2x_C02_roi_0.png",20250529,"CbDRC3","p022","m2x","C02",0,807.685502465253,40.373736276839,"","48h",10,"15hHB101","DMSO",1,"FENBENDAZOLE",0.117,NA,NA,"VX34",1,NA,NA,NA,759.804497455118,571.637812951942,695.009601144831,734.224434985017,762.198595042997,56.9063305599566,802.237898189013,828.342567393793,852.613077596809,0.0748960170024764,37.3687057587404,26.1203082749267,32.9760480954793,35.4452629891339,37.7414310310641,3.27127088559053,39.6370458673718,40.9029521563877,44.451330987058,0.0875403849068384,70,"1_VX34_0.117",NA,NA,NA,NA,NA,"1",769.722940306881,-7.52434526388413
"20250529-CbDRC3-p022-m2x_C03_roi_0.png",20250529,"CbDRC3","p022","m2x","C03",0,829.982576160336,38.7602223230134,"","48h",10,"15hHB101","DMSO",1,"FENBENDAZOLE",0.234,NA,NA,"VX34",1,NA,NA,NA,755.75824380203,565.285455695086,672.398589207559,729.72836389853,762.658927945271,65.0911326939911,805.189154003292,826.15906975269,844.386694530119,0.0861269238249178,37.2417797995984,26.9435185622337,32.6692043211882,35.3893001360972,37.015465047705,3.75690164761384,39.3532317766365,42.0467060022547,46.1237655543436,0.100878681626659,48,"1_VX34_0.234",NA,NA,NA,NA,NA,"1",769.722940306881,-7.06401236161014
"20250529-CbDRC3-p022-m2x_C04_roi_0.png",20250529,"CbDRC3","p022","m2x","C04",0,844.454074321608,38.8451445495453,"","48h",10,"15hHB101","DMSO",1,"FENBENDAZOLE",0.468,NA,NA,"VX34",1,NA,NA,NA,768.096435233464,600.380206082342,677.316826442665,749.049636365379,781.6540640568,63.1506492180609,814.024569088425,827.204405461042,846.289805407361,0.0822170841072399,37.4096753213001,30.1791902407988,33.0701071626509,35.5389195691987,37.7066730793199,3.24179173708896,39.3827567307281,41.5624605595836,43.5271377177486,0.0866565055495997,50,"1_VX34_0.468",NA,NA,NA,NA,NA,"1",769.722940306881,11.9311237499189
"20250529-CbDRC3-p022-m2x_C05_roi_0.png",20250529,"CbDRC3","p022","m2x","C05",0,789.315150146873,38.2900369853364,"","48h",10,"15hHB101","DMSO",1,"FENBENDAZOLE",0.937,NA,NA,"VX34",1,NA,NA,NA,755.661709461545,610.149453862193,706.273492627817,723.901638419412,753.32634879313,48.5051109687567,794.394606323435,810.072809509164,837.622793414021,0.0641889225845776,37.5000585605192,30.0997787965474,33.7760399556352,35.805150134169,37.822595417133,2.80148872657595,40.0224565139323,40.6786280275507,43.2972447508415,0.074706249379712,61,"1_VX34_0.937",NA,NA,NA,NA,NA,"1",769.722940306881,-16.3965915137508
"20250529-CbDRC3-p022-m2x_C06_roi_0.png",20250529,"CbDRC3","p022","m2x","C06",0,738.862926136099,41.3252859814994,"","48h",10,"15hHB101","DMSO",1,"FENBENDAZOLE",1.875,NA,NA,"VX34",1,NA,NA,NA,744.471441380851,596.341596972149,712.101294869296,729.613953433545,749.316558634265,35.4548610430588,766.938538237868,782.259286115741,817.55448515182,0.0476242056744271,38.8124253008424,30.737465296207,35.9958637682002,37.3821874636993,38.9594586832635,2.3640057271324,40.3564694303652,41.2359883521867,44.2915195533664,0.060908477344782,58,"1_VX34_1.875",NA,NA,NA,NA,NA,"1",769.722940306881,-20.4063816726166
"20250529-CbDRC3-p022-m2x_C07_roi_0.png",20250529,"CbDRC3","p022","m2x","C07",0,661.86685860362,36.6982986456508,"","48h",10,"15hHB101","DMSO",1,"FENBENDAZOLE",3.75,NA,NA,"VX34",1,NA,NA,NA,668.53633558909,605.660339985913,627.00517490038,649.720280846262,665.366870670773,33.860241658646,686.970541980442,702.60084279246,782.949857415611,0.0506483191056617,37.5718297258874,29.5382356434411,33.8656274272606,36.0681226218737,37.3478415291158,3.01281981088778,39.7462916537505,41.3244630930863,45.3657982566385,0.0801882642625709,61,"1_VX34_3.75",NA,NA,NA,NA,NA,"1",769.722940306881,-104.356069636108
"20250529-CbDRC3-p022-m2x_C08_roi_0.png",20250529,"CbDRC3","p022","m2x","C08",0,657.380956820157,36.3199135448765,"","48h",10,"15hHB101","DMSO",1,"FENBENDAZOLE",7.5,NA,NA,"VX34",1,NA,NA,NA,662.808191086791,481.383518969857,607.006114592302,638.998874274694,664.307803566394,61.8880220294041,696.437134937499,716.556096847673,809.297650079144,0.0933724459981819,36.2658528698049,29.279639552131,33.8187300652455,35.1747869598417,36.4407417244327,2.41779648353189,38.3587100017336,39.0009855663481,39.9700538427692,0.0666686784455842,39,"1_VX34_7.5",NA,NA,NA,"outlier","outlier","1",769.722940306881,-105.415136740487
"20250529-CbDRC3-p022-m2x_C09_roi_0.png",20250529,"CbDRC3","p022","m2x","C09",0,676.276644281295,34.746453527593,"","48h",10,"15hHB101","DMSO",1,"FENBENDAZOLE",15,NA,NA,"VX34",1,NA,NA,NA,651.661824695336,595.754388493663,617.201117342645,631.433646515224,648.854202641621,29.685858035721,670.093627249782,682.213029849625,762.035041628498,0.0455540848193765,37.5921448078682,32.8037719988212,34.7280747541979,35.7511555897432,37.8603247992247,2.16527520161608,39.2950647065792,39.9762330965952,42.1817267224006,0.057599139732056,50,"1_VX34_15",NA,NA,NA,NA,NA,"1",769.722940306881,-120.86873766526
"20250529-CbDRC3-p022-m2x_C11_roi_0.png",20250529,"CbDRC3","p022","m2x","C11",0,591.406373929584,32.4474976462646,"","48h",10,"15hHB101","DMSO",1,"FENBENDAZOLE",60,NA,NA,"VX34",1,NA,NA,NA,622.686548742783,486.852593263187,570.521916141899,590.635075065472,619.533117404815,52.8097893817679,654.94864375747,695.882230004309,737.497385396027,0.0848095875659944,35.3271085296558,29.0997360863409,31.1713330735901,33.7704788319095,35.3727017018792,2.89682189434544,37.6771579811786,38.4463414993197,40.4589744191889,0.0819999715491481,48,"1_VX34_60",NA,NA,NA,NA,NA,"1",769.722940306881,-150.189822902066
"20250529-CbDRC3-p022-m2x_D02_roi_0.png",20250529,"CbDRC3","p022","m2x","D02",0,748.023214236229,35.574343567217,"","48h",10,"15hHB101","DMSO",1,"FENBENDAZOLE",0.117,NA,NA,"NIC1667",1,NA,NA,NA,730.140664829854,633.603541039806,690.836087168239,705.006140136608,737.02919017573,36.157864749687,753.464463880088,768.640103930101,803.013438631936,0.0495217791466428,34.1217479776906,25.0006796889718,31.6181980945059,33.0769468729106,34.108315823155,2.50628297799747,35.6296450116958,36.522824056483,40.4149553248071,0.0734511895356629,59,"1_NIC1667_0.117",NA,NA,NA,NA,NA,"1",740.568777337127,-3.53958716139664
"20250529-CbDRC3-p022-m2x_D03_roi_0.png",20250529,"CbDRC3","p022","m2x","D03",0,759.669663540974,36.1565597207697,"","48h",10,"15hHB101","DMSO",1,"FENBENDAZOLE",0.234,NA,NA,"NIC1667",1,NA,NA,NA,719.756873349983,577.502906833481,658.453261739053,689.50011785993,723.424027687548,50.9872403055902,751.920613168548,769.618927903132,853.430275333748,0.0708395323385784,33.2512673235644,26.2801730844264,29.9878990057189,31.1035151626934,33.3301339057686,2.83350468355344,34.9380472637227,36.8828158142795,40.2197015729895,0.0852149380046455,77,"1_NIC1667_0.234",NA,"n>75",NA,NA,NA,"1",740.568777337127,-17.1447496495783
"20250529-CbDRC3-p022-m2x_D04_roi_0.png",20250529,"CbDRC3","p022","m2x","D04",0,700.839044258798,31.7157067109891,"","48h",10,"15hHB101","DMSO",1,"FENBENDAZOLE",0.468,NA,NA,"NIC1667",1,NA,NA,NA,729.892180652331,613.669650464781,676.621393671531,704.130953596102,737.096857868213,38.7416467268821,754.567894477104,777.588067877534,792.751994923671,0.0530785885283183,33.3257979797992,24.6931214506362,30.121275751777,31.7401858564067,33.4443744250718,2.79466418562506,35.4164474272162,36.2531251414955,39.1202696646717,0.0838588827586089,58,"1_NIC1667_0.468",NA,NA,NA,NA,NA,"1",740.568777337127,-3.47191946891417
"20250529-CbDRC3-p022-m2x_D05_roi_0.png",20250529,"CbDRC3","p022","m2x","D05",0,734.235114074518,36.6799832438698,"","48h",10,"15hHB101","DMSO",1,"FENBENDAZOLE",0.937,NA,NA,"NIC1667",1,NA,NA,NA,715.357713125,597.860857470865,652.1448579677,693.512375973279,724.999696357581,44.6404160807406,744.210052499199,762.178216980755,812.564727482609,0.0624029282996495,34.1766517262244,26.7448306458609,30.6726312753893,32.5427757880942,34.4298284403727,2.8159939321412,36.1575470998123,37.3552817435301,40.3502329470126,0.0823952549447797,53,"1_NIC1667_0.937",NA,NA,NA,NA,NA,"1",740.568777337127,-15.5690809795457
"20250529-CbDRC3-p022-m2x_D06_roi_0.png",20250529,"CbDRC3","p022","m2x","D06",0,733.193727531494,35.6487210895259,"","48h",10,"15hHB101","DMSO",1,"FENBENDAZOLE",1.875,NA,NA,"NIC1667",1,NA,NA,NA,696.485183197729,545.488237224234,655.959515303511,682.816724864325,703.160617857842,39.3696198659482,719.749330377244,733.743385819007,769.661073427176,0.0565261412815603,34.7441944396768,26.4442405566888,30.497497146576,33.6170633325909,35.4961560225083,2.88211881054638,36.5792106025655,37.7418238979656,39.3577413375243,0.082952529394525,69,"1_NIC1667_1.875",NA,NA,NA,NA,NA,"1",740.568777337127,-37.4081594792852
"20250529-CbDRC3-p022-m2x_D07_roi_0.png",20250529,"CbDRC3","p022","m2x","D07",0,670.555193812833,38.0581733311039,"","48h",10,"15hHB101","DMSO",1,"FENBENDAZOLE",3.75,NA,NA,"NIC1667",1,NA,NA,NA,629.997862605297,347.095960298288,599.319396182707,615.643129061472,637.903215866618,46.323235301589,655.082885047259,668.410880242899,694.533664095362,0.0735291943849201,34.9909106522128,26.5931393321021,31.6610306710754,33.607957291518,35.4844541333819,2.58902867778949,36.5310657908522,37.9213034388614,41.0869394868716,0.0739914631980508,69,"1_NIC1667_3.75",NA,NA,NA,NA,NA,"1",740.568777337127,-102.665561470509
"20250529-CbDRC3-p022-m2x_D08_roi_0.png",20250529,"CbDRC3","p022","m2x","D08",0,663.30461909409,36.6425786611393,"","48h",10,"15hHB101","DMSO",1,"FENBENDAZOLE",7.5,NA,NA,"NIC1667",1,NA,NA,NA,630.692929731369,529.208551964674,574.921125893976,603.478042659159,632.67692455839,39.8909966870315,656.58547023091,680.71631323454,704.746459916727,0.0632494749925645,34.167665861478,24.3978450198146,30.3750886199705,32.6462493511483,34.499824379453,2.95566396034214,35.9203688278645,37.144693737735,40.045602979015,0.0865047080571714,60,"1_NIC1667_7.5",NA,NA,NA,NA,NA,"1",740.568777337127,-107.891852778737
"20250529-CbDRC3-p022-m2x_D09_roi_0.png",20250529,"CbDRC3","p022","m2x","D09",0,671.926705478303,37.2626185844953,"","48h",10,"15hHB101","DMSO",1,"FENBENDAZOLE",15,NA,NA,"NIC1667",1,NA,NA,NA,616.28597779447,211.152104085832,566.828275961179,596.624035824563,624.322931968503,65.6627797740272,652.098110905063,668.131667573806,690.670256360656,0.10654595778573,34.4952237898683,15.5221277284324,30.5438757496914,33.2208419940461,35.2441625922478,3.89435611741199,36.619807641172,38.0390555939906,40.9416650340523,0.112895516815166,57,"1_NIC1667_15",NA,NA,NA,NA,NA,"1",740.568777337127,-116.245845368624
"20250529-CbDRC3-p022-m2x_D11_roi_0.png",20250529,"CbDRC3","p022","m2x","D11",0,620.45677396075,34.7343947074348,"","48h",10,"15hHB101","DMSO",1,"FENBENDAZOLE",60,NA,NA,"NIC1667",1,NA,NA,NA,598.452249915488,474.149220268757,549.948879343755,578.548275813824,608.004951299364,38.540801418351,625.320747051465,639.715248646478,652.290970076298,0.0644007962603426,33.3653551530853,25.2056096415648,29.0096856772262,32.0330951433829,33.8683628748205,2.70001197352845,35.3854076308413,36.1913901412431,37.3268847787823,0.0809226205188101,67,"1_NIC1667_60",NA,NA,NA,NA,NA,"1",740.568777337127,-132.563826037763
"20250529-CbDRC3-p022-m2x_D12_roi_0.png",20250529,"CbDRC3","p022","m2x","D12",0,564.763266869649,32.1638066136145,"","48h",10,"15hHB101","DMSO",1,"FENBENDAZOLE",120,NA,NA,"NIC1667",1,NA,NA,NA,557.37916679065,487.137960183957,523.128855565791,540.982928254022,560.409168485526,27.510910058371,572.978801023687,589.823332218482,623.966170871279,0.0493576217008198,31.6865769054088,24.6748197614387,29.0392500058396,30.7538511811848,31.7692324866888,2.23417058808853,33.1563048444243,34.2413261068595,35.9785610700429,0.070508423638123,64,"1_NIC1667_120",NA,NA,NA,NA,NA,"1",740.568777337127,-180.159608851601
"20250529-CbDRC3-p022-m2x_E01_roi_0.png",20250529,"CbDRC3","p022","m2x","E01",0,763.874673772149,37.0200555534185,"","48h",10,"15hHB101","DMSO",1,"FENBENDAZOLE",0,NA,NA,"PB420",1,NA,NA,NA,761.260633488669,617.011870704101,711.80128151314,739.242121737602,762.03159333174,48.5505824416543,787.963873042719,801.682581140367,973.385348096257,0.0637765573390535,37.539424801915,32.2313497534956,34.6771709665406,36.1297732978039,37.6870266945638,2.15426156469152,38.8340598227147,40.3478199785874,42.2273629699624,0.0573866428710338,52,"1_PB420_0",NA,NA,NA,NA,NA,"1",767.804057932223,-5.77246460048377
"20250529-CbDRC3-p022-m2x_E02_roi_0.png",20250529,"CbDRC3","p022","m2x","E02",0,785.373791420795,36.3604645714802,"","48h",10,"15hHB101","DMSO",1,"FENBENDAZOLE",0.117,NA,NA,"PB420",1,NA,NA,NA,750.954281125485,482.685122489096,701.522121280194,737.369413370546,764.532542337993,51.0371727330182,780.116929250938,785.766531988502,814.339483145449,0.0679630891197887,36.5848452569572,28.1060044871003,33.2341558129362,35.3535060292405,36.9012241950602,2.56651851401782,38.5500521149427,39.0501581192231,40.4031719750097,0.0701525042949239,60,"1_PB420_0.117",NA,NA,NA,NA,NA,"1",767.804057932223,-3.27151559423078
"20250529-CbDRC3-p022-m2x_E03_roi_0.png",20250529,"CbDRC3","p022","m2x","E03",0,725.291639443089,35.8149951422474,"","48h",10,"15hHB101","DMSO",1,"FENBENDAZOLE",0.234,NA,NA,"PB420",1,NA,NA,NA,762.658701831799,698.881765365106,727.869397717454,745.981262686819,759.120900956552,27.698599885036,788.206148891112,798.26904598302,817.860578399884,0.0363184735432873,37.2444955912752,32.7623308600193,34.873018799503,35.7949040605682,37.5612704417616,1.91204078339005,38.4397997555575,39.7554676783848,41.2661856389941,0.0513375400320352,55,"1_PB420_0.234",NA,NA,NA,NA,NA,"1",767.804057932223,-8.68315697567152
"20250529-CbDRC3-p022-m2x_E05_roi_0.png",20250529,"CbDRC3","p022","m2x","E05",0,783.717149618388,38.6532547489321,"","48h",10,"15hHB101","DMSO",1,"FENBENDAZOLE",0.937,NA,NA,"PB420",1,NA,NA,NA,749.369602443831,392.433361263465,709.776394604682,728.690417272397,760.325809861058,56.6434291595869,778.779553699861,793.838917359946,812.58705416123,0.0755881062894229,36.808318395038,20.1796393258346,34.410435732017,35.6638526664009,37.1129256756582,3.19369262774278,38.2145776316736,39.6899555528001,44.3846967912597,0.0867655129872305,58,"1_PB420_0.937",NA,NA,NA,NA,NA,"1",767.804057932223,-7.47824807116513
"20250529-CbDRC3-p022-m2x_E06_roi_0.png",20250529,"CbDRC3","p022","m2x","E06",0,764.691037833987,37.4932547193985,"","48h",10,"15hHB101","DMSO",1,"FENBENDAZOLE",1.875,NA,NA,"PB420",1,NA,NA,NA,723.262229686671,615.872376017396,690.416054320282,711.515778665048,727.260830297666,29.3232798091494,737.531208698573,759.091762640948,777.542570434469,0.0405430818941738,36.9730085460357,29.3598480726967,34.6768008612237,36.1696091098268,37.1710325076508,1.90608406274136,38.2545784862232,38.9360483562425,39.8008156668183,0.0515533936159959,59,"1_PB420_1.875",NA,NA,NA,NA,NA,"1",767.804057932223,-40.5432276345573
"20250529-CbDRC3-p022-m2x_E07_roi_0.png",20250529,"CbDRC3","p022","m2x","E07",0,673.841176611568,37.3070095570662,"","48h",10,"15hHB101","DMSO",1,"FENBENDAZOLE",3.75,NA,NA,"PB420",1,NA,NA,NA,647.561609300341,251.635339940155,617.125050381353,645.854859762931,661.47000253683,78.1504193159972,680.238166933157,697.499257979696,717.346078104262,0.120684145251345,36.0632012551906,15.4962223221614,33.1926872261253,35.9549677661774,36.9043170223714,4.10629850648481,38.0687452238731,39.2878070714658,40.3295589859101,0.113863948944183,51,"1_PB420_3.75",NA,NA,NA,NA,NA,"1",767.804057932223,-106.334055395393
"20250529-CbDRC3-p022-m2x_E08_roi_0.png",20250529,"CbDRC3","p022","m2x","E08",0,670.17337899975,37.3269857835568,"","48h",10,"15hHB101","DMSO",1,"FENBENDAZOLE",7.5,NA,NA,"PB420",1,NA,NA,NA,642.534126739594,533.786136125806,603.520119384598,621.061938743702,644.999918736748,33.4696372673438,669.781196983101,680.388284152174,690.232621323822,0.052090053857806,36.4617146875807,31.8196232062078,33.711107841712,35.0669916347098,36.5400288243213,2.07374125384324,38.0741419547812,38.9878441044088,40.5799992095002,0.0568744852405305,54,"1_PB420_7.5",NA,NA,NA,NA,NA,"1",767.804057932223,-122.804139195475
"20250529-CbDRC3-p022-m2x_E09_roi_0.png",20250529,"CbDRC3","p022","m2x","E09",0,656.04824256335,38.543024157224,"","48h",10,"15hHB101","DMSO",1,"FENBENDAZOLE",15,NA,NA,"PB420",1,NA,NA,NA,633.541517725195,541.003731930402,596.910028894621,617.422208383792,634.024711916222,27.5686375431357,656.04824256335,665.322403524894,680.728501379051,0.0435151237477287,37.1984201977539,32.5188193014987,35.0687986728854,36.1153259843872,37.0737086109088,2.08341023712534,38.543024157224,39.6670444580681,42.3883890458882,0.0560080300735766,53,"1_PB420_15",NA,NA,NA,NA,NA,"1",767.804057932223,-133.779346016001
"20250529-CbDRC3-p022-m2x_E11_roi_0.png",20250529,"CbDRC3","p022","m2x","E11",0,651.94372406892,37.0244107320086,"","48h",10,"15hHB101","DMSO",1,"FENBENDAZOLE",60,NA,NA,"PB420",1,NA,NA,NA,611.316631779823,256.321130764802,590.395916463953,608.33242032595,618.575131019638,55.0737734230735,631.08302633559,648.031888195585,663.313739573845,0.090090422147895,36.3071948498171,17.8761643362514,34.8976011932827,35.9470370332193,36.5778215494696,3.23367651045531,37.6667471624056,38.139801254175,41.6435372560833,0.089064344514393,55,"1_PB420_60",NA,NA,NA,NA,NA,"1",767.804057932223,-149.228926912585
"20250529-CbDRC3-p022-m2x_E12_roi_0.png",20250529,"CbDRC3","p022","m2x","E12",0,563.731519949697,32.7240518734652,"","48h",10,"15hHB101","DMSO",1,"FENBENDAZOLE",120,NA,NA,"PB420",1,NA,NA,NA,556.574638631579,443.875677856542,522.25900443786,535.759649845851,556.48364910293,31.075418727947,579.336257573555,593.470078591242,611.681718359111,0.0558333358565357,34.2340105798372,28.0427504284997,31.7133579065607,32.7236012240295,34.3947541786615,2.14160088284922,35.7253708537949,36.9927518879628,37.9571146866544,0.0625576976397432,60,"1_PB420_120",NA,NA,NA,NA,NA,"1",767.804057932223,-211.320408829293
"20250529-CbDRC3-p022-m2x_F01_roi_0.png",20250529,"CbDRC3","p022","m2x","F01",0,778.502924073824,36.3135694343622,"","48h",10,"15hHB101","DMSO",1,"FENBENDAZOLE",0,NA,NA,"ED3102",1,NA,NA,NA,750.896515481821,663.367806823046,722.377744819096,737.894363756683,749.359299161946,27.7618366433137,766.471797454803,781.571974804491,812.691260698193,0.0369715880563116,36.0418965991901,30.78319770569,33.89980750938,34.8478688111475,36.3135694343622,1.90689369613732,37.2472790690959,38.4354733061856,39.4276908994319,0.052907695656065,71,"1_ED3102_0",NA,NA,NA,NA,NA,"1",759.27644085211,-9.91714169016382
"20250529-CbDRC3-p022-m2x_F02_roi_0.png",20250529,"CbDRC3","p022","m2x","F02",0,754.78158522563,36.1425507588374,"","48h",10,"15hHB101","DMSO",1,"FENBENDAZOLE",0.117,NA,NA,"ED3102",1,NA,NA,NA,751.818352092412,693.696977012666,709.169558308305,733.221186777371,755.677926119004,28.222465970675,769.645376923569,784.905085810281,808.944110156727,0.0375389426077829,35.6254249349576,31.3244716467219,33.66391561151,34.3777990765352,35.6328031348367,1.6917513921215,36.9293540368182,37.507689547678,39.8610917673499,0.0474871919481713,78,"1_ED3102_0.117",NA,"n>75",NA,NA,NA,"1",759.27644085211,-3.59851473310539
"20250529-CbDRC3-p022-m2x_F03_roi_0.png",20250529,"CbDRC3","p022","m2x","F03",0,775.246268220927,35.7290107294998,"","48h",10,"15hHB101","DMSO",1,"FENBENDAZOLE",0.234,NA,NA,"ED3102",1,NA,NA,NA,746.531957453367,344.400279290123,716.678621281206,739.169142918373,751.549076216516,49.6529283055219,769.370556412501,777.57427918458,799.795572412089,0.066511457158381,35.9846442225306,20.8853447450304,34.2081012316136,34.833789695554,36.0368158721058,2.36035235479265,37.2563780438585,38.4932783192682,39.9904195557779,0.0655933219791232,89,"1_ED3102_0.234",NA,"n>75",NA,NA,NA,"1",759.27644085211,-7.72736463559374
"20250529-CbDRC3-p022-m2x_F04_roi_0.png",20250529,"CbDRC3","p022","m2x","F04",0,753.867422887106,34.4550685040716,"","48h",10,"15hHB101","DMSO",1,"FENBENDAZOLE",0.468,NA,NA,"ED3102",1,NA,NA,NA,759.274314006368,661.567510168928,725.800668050379,747.92248375128,757.435630809817,29.6240753251316,777.034213741834,796.863220161088,831.324133569293,0.0390163011953057,35.9745506756369,30.502591236168,33.4377990346262,34.4188309300235,36.0363307797386,2.11509258038311,37.4943477682944,38.4158879212072,41.0042216423775,0.0587941347608136,74,"1_ED3102_0.468",NA,NA,NA,NA,NA,"1",759.27644085211,-1.84081004229279
"20250529-CbDRC3-p022-m2x_F05_roi_0.png",20250529,"CbDRC3","p022","m2x","F05",0,742.542282969646,36.2031338751536,"","48h",10,"15hHB101","DMSO",1,"FENBENDAZOLE",0.937,NA,NA,"ED3102",1,NA,NA,NA,740.93770070291,655.440109585747,714.649852740333,729.095023237051,741.591854541101,24.725563635455,755.441615630825,769.608185800412,796.971618554932,0.0333706377904626,36.3828191179065,31.7747486747567,34.0106293650534,35.0032912291447,36.5659294046018,1.96458588559626,37.5180847952088,38.967816190378,40.8549493851531,0.0539976267157744,86,"1_ED3102_0.937",NA,"n>75",NA,NA,NA,"1",759.27644085211,-17.6845863110086
"20250529-CbDRC3-p022-m2x_F06_roi_0.png",20250529,"CbDRC3","p022","m2x","F06",0,720.15443096475,36.9253487630828,"","48h",10,"15hHB101","DMSO",1,"FENBENDAZOLE",1.875,NA,NA,"ED3102",1,NA,NA,NA,726.611915180075,655.517466705453,690.36772755683,711.26532064767,726.498534387655,27.530577845589,745.166505038916,758.332428088408,781.171775865811,0.0378889710868093,37.4752743632012,33.0363310684168,34.9500662457454,36.122306200881,37.6305643596433,1.91637776444832,38.6586380295494,39.4914819210597,42.3451232182011,0.0511371243309722,84,"1_ED3102_1.875",NA,"n>75",NA,NA,NA,"1",759.27644085211,-32.777906464455
"20250529-CbDRC3-p022-m2x_F07_roi_0.png",20250529,"CbDRC3","p022","m2x","F07",0,689.185876509047,37.888878185187,"","48h",10,"15hHB101","DMSO",1,"FENBENDAZOLE",3.75,NA,NA,"ED3102",1,NA,NA,NA,652.081752071202,204.693799308031,622.436826731286,639.822040065783,656.430243744235,57.9776747446953,677.046495544955,692.583198404307,716.965247619151,0.0889116656930535,36.8778526021835,13.7795183740905,34.7163005558385,35.9375700443591,37.132529119293,3.37100563637261,38.3418387002006,39.4015129408079,43.6230759007475,0.0914100306418876,77,"1_ED3102_3.75",NA,"n>75",NA,NA,NA,"1",759.27644085211,-102.846197107874
"20250529-CbDRC3-p022-m2x_F08_roi_0.png",20250529,"CbDRC3","p022","m2x","F08",0,631.246879158983,35.2615689893353,"","48h",10,"15hHB101","DMSO",1,"FENBENDAZOLE",7.5,NA,NA,"ED3102",1,NA,NA,NA,642.789349145417,276.79043879336,610.735479704661,629.746246488108,650.323560700302,48.5544490459233,664.977440647022,679.570339603234,709.73862867139,0.0755371088685212,37.0554607189845,15.8957645518924,34.3355734666992,36.425012327036,37.5073134559033,2.99313931580971,38.5675355527687,39.7395433358963,40.5012512886169,0.0807745810667048,98,"1_ED3102_7.5",NA,"n>75",NA,NA,NA,"1",759.27644085211,-108.952880151808
"20250529-CbDRC3-p022-m2x_F09_roi_0.png",20250529,"CbDRC3","p022","m2x","F09",0,627.888464522958,37.1246447092538,"","48h",10,"15hHB101","DMSO",1,"FENBENDAZOLE",15,NA,NA,"ED3102",1,NA,NA,NA,619.694608700826,433.612736035669,582.9617175795,599.322432763091,625.840484004017,40.955857934206,640.814470329423,667.141178476901,672.805702324337,0.0660903892968651,36.1449514023992,21.507868959767,34.1785657929662,35.075027076234,36.4973205581276,3.0886118964703,37.7770003354849,38.9819404947157,41.2639384565196,0.0854507137687086,88,"1_ED3102_15",NA,"n>75",NA,NA,NA,"1",759.27644085211,-133.435956848093
"20250529-CbDRC3-p022-m2x_F11_roi_0.png",20250529,"CbDRC3","p022","m2x","F11",0,609.803149192764,36.4080840961474,"","48h",10,"15hHB101","DMSO",1,"FENBENDAZOLE",60,NA,NA,"ED3102",1,NA,NA,NA,603.07568295871,460.507547149545,548.861110305282,578.532497580733,610.1942723015,40.5946803566408,627.550792659383,647.894736714196,672.55736340677,0.0673127461506687,35.3900211421658,21.8777278225427,32.1457904159945,34.1994208892309,35.9998661544199,2.91362306942567,37.3365294200274,38.0865468946991,40.5468796775678,0.0823289440184652,79,"1_ED3102_60",NA,"n>75",NA,NA,NA,"1",759.27644085211,-149.082168550609
"20250529-CbDRC3-p022-m2x_F12_roi_0.png",20250529,"CbDRC3","p022","m2x","F12",0,590.114772369269,33.8292358208506,"","48h",10,"15hHB101","DMSO",1,"FENBENDAZOLE",120,NA,NA,"ED3102",1,NA,NA,NA,549.58022646381,427.988145890717,503.390989500753,532.642559117007,552.58370275835,37.3599864440673,574.204546224095,595.47646933212,619.764499483572,0.0679791314262785,32.6623863179974,25.9550325910007,29.6588471970955,31.2901244917074,32.9747135212647,2.26046869039691,34.1438718126013,35.5698272443931,38.4130149101266,0.0692070894143875,89,"1_ED3102_120",NA,"n>75",NA,NA,NA,"1",759.27644085211,-206.69273809376
"20250529-CbDRC3-p023-m2x_A01_roi_0.png",20250529,"CbDRC3","p023","m2x","A01",0,726.614412837437,34.3953446698641,"","48h",10,"15hHB101","DMSO",1,"FENBENDAZOLE",0,NA,NA,"ECA2666",1,NA,NA,NA,734.417236349724,531.357721489343,675.16975522476,714.77941001999,745.41769194752,62.322061065538,773.864146446243,795.466942423013,819.663646699148,0.0848592026179798,33.7835043740417,26.7292283720922,29.6149101898084,32.5475228987117,34.1000834665587,2.71098790140269,35.419230280518,36.8784879962821,39.1156158344003,0.0802459055575577,72,"1_ECA2666_0",NA,NA,NA,NA,NA,"1",746.155283716426,-0.737591768905304
"20250529-CbDRC3-p023-m2x_A02_roi_0.png",20250529,"CbDRC3","p023","m2x","A02",0,820.15490352456,35.4256185955816,"","48h",10,"15hHB101","DMSO",1,"FENBENDAZOLE",0.117,NA,NA,"ECA2666",1,NA,NA,NA,749.372685121965,633.647257166951,703.234112076595,728.714465253156,750.394455909336,38.8251202715338,774.894847515286,791.010111080892,853.952557222243,0.0518101620760499,33.8502783920247,28.0252184983849,30.9597112886593,32.0934973798992,33.7540876854781,2.36784320176418,35.4256185955816,36.5311312435431,40.0143401951657,0.0699504794123659,65,"1_ECA2666_0.117",NA,NA,NA,NA,NA,"1",746.155283716426,4.23917219291002
"20250529-CbDRC3-p023-m2x_A03_roi_0.png",20250529,"CbDRC3","p023","m2x","A03",0,742.85886502948,31.7140203432209,"","48h",10,"15hHB101","DMSO",1,"FENBENDAZOLE",0.234,NA,NA,"ECA2666",1,NA,NA,NA,748.357842251344,619.910937186205,707.903329821107,727.431884206403,755.427042602492,36.5943346689956,770.168806934539,794.45412520572,805.914694745052,0.0488995138460845,33.7491301189826,26.9003138622452,29.8813191442714,32.1936648093129,34.4092440583946,2.73742226557597,35.6595600303895,36.9117690099156,38.5333737265738,0.0811108984416839,67,"1_ECA2666_0.234",NA,NA,NA,NA,NA,"1",746.155283716426,9.27175888606632
"20250529-CbDRC3-p023-m2x_A04_roi_0.png",20250529,"CbDRC3","p023","m2x","A04",0,779.127307282685,33.0427251537359,"","48h",10,"15hHB101","DMSO",1,"FENBENDAZOLE",0.468,NA,NA,"ECA2666",1,NA,NA,NA,728.101469250923,163.160422887519,691.72792525931,721.18331564695,733.330534345503,90.3016196531599,762.774113440481,788.319728060456,838.332560463848,0.124023399851209,33.7390777410886,27.8613967758011,30.5751246154441,32.515855032661,34.0747729082055,2.18161378343786,35.5148805804654,36.6283670873842,37.5574273363982,0.0646613342599171,53,"1_ECA2666_0.468",NA,NA,NA,NA,NA,"1",746.155283716426,-12.8247493709226
"20250529-CbDRC3-p023-m2x_A05_roi_0.png",20250529,"CbDRC3","p023","m2x","A05",0,663.978601537072,33.5090312769944,"","48h",10,"15hHB101","DMSO",1,"FENBENDAZOLE",0.937,NA,NA,"ECA2666",1,NA,NA,NA,724.185620417186,584.71419837358,676.691007205107,708.453569306912,725.733033937113,39.3883762746006,744.987082843855,761.465810008286,830.064761187545,0.0543898900559637,34.1664892419934,27.4074617287805,30.8744470987958,32.5912996351399,34.1706697876745,2.63123185785955,36.0356925543521,37.709958809946,39.9613384791191,0.0770120640497516,69,"1_ECA2666_0.937",NA,NA,NA,NA,NA,"1",746.155283716426,-20.4222497793128
"20250529-CbDRC3-p023-m2x_A06_roi_0.png",20250529,"CbDRC3","p023","m2x","A06",0,733.156417289091,35.7029217472283,"","48h",10,"15hHB101","DMSO",1,"FENBENDAZOLE",1.875,NA,NA,"ECA2666",1,NA,NA,NA,701.036259809274,593.654255816073,661.17090811809,681.218194341457,703.676759257059,34.0097355035631,722.827327647428,734.431618720587,780.964393896723,0.0485135184203109,35.6660256522205,31.0644973094962,33.1254648129628,34.4995221295453,35.6733228565355,2.01949091999149,36.7164316898837,37.8226350623662,41.7459909169084,0.0566222583834698,68,"1_ECA2666_1.875",NA,NA,NA,NA,NA,"1",746.155283716426,-42.4785244593668
"20250529-CbDRC3-p023-m2x_A07_roi_0.png",20250529,"CbDRC3","p023","m2x","A07",0,639.521730760521,36.8079975281672,"","48h",10,"15hHB101","DMSO",1,"FENBENDAZOLE",3.75,NA,NA,"ECA2666",1,NA,NA,NA,650.971633243817,420.549616250414,610.088673055,633.772185218341,659.74157459568,47.7337676769208,676.945551852736,694.009654413218,739.473416158385,0.0733269550303776,34.9976729524778,21.683447888497,32.1179927994166,34.01462167905,35.5432086279984,3.12918221802059,36.8813543590312,37.7403109989804,41.9532123428294,0.0894111509147938,68,"1_ECA2666_3.75",NA,NA,NA,NA,NA,"1",746.155283716426,-86.4137091207456
"20250529-CbDRC3-p023-m2x_A08_roi_0.png",20250529,"CbDRC3","p023","m2x","A08",0,703.3035670807,37.6403163256545,"","48h",10,"15hHB101","DMSO",1,"FENBENDAZOLE",7.5,NA,NA,"ECA2666",1,NA,NA,NA,655.093648981766,319.610484296092,601.96690949998,631.262797810913,659.150630355499,59.0780558494311,686.892563700777,720.710213266137,748.263355780835,0.0901826112056774,35.5518618565183,18.1724739605184,32.5029311420079,34.2849383526952,35.9554340821367,3.23181778751542,37.3329814476751,39.0576263764655,40.2877201093465,0.0909043188949858,69,"1_ECA2666_7.5",NA,NA,NA,NA,NA,"1",746.155283716426,-87.0046533609266
"20250529-CbDRC3-p023-m2x_A11_roi_0.png",20250529,"CbDRC3","p023","m2x","A11",0,632.750248107786,35.6807510090805,"","48h",10,"15hHB101","DMSO",1,"FENBENDAZOLE",60,NA,NA,"ECA2666",1,NA,NA,NA,628.297200392465,147.551662155486,580.926887223878,613.660719310323,636.079149392447,67.0911421661404,655.764100455899,675.361616085049,701.59167821579,0.106782494214891,35.5475229556716,27.3823871898553,32.4679486776607,34.1247071174265,35.7658781003613,2.34634834108112,37.0870840350108,38.3727316059972,40.0020284439985,0.0660059589526689,74,"1_ECA2666_60",NA,NA,NA,NA,NA,"1",746.155283716426,-110.076134323979
"20250529-CbDRC3-p023-m2x_A12_roi_0.png",20250529,"CbDRC3","p023","m2x","A12",0,604.259707541684,36.2977612328613,"","48h",10,"15hHB101","DMSO",1,"FENBENDAZOLE",120,NA,NA,"ECA2666",1,NA,NA,NA,597.959448740402,493.80395676289,559.416091530101,574.047767001942,601.950835943451,36.607863081096,626.545827279307,636.884377540371,680.64202357903,0.0612213138503124,33.6736607869063,26.8010255125242,30.2209192904748,32.1734222597714,33.6485964945298,2.76368141888503,35.1118710922604,36.5006529934603,41.3146934784582,0.0820724968507036,60,"1_ECA2666_120",NA,NA,NA,NA,NA,"1",746.155283716426,-144.204447772975
"20250529-CbDRC3-p023-m2x_B01_roi_0.png",20250529,"CbDRC3","p023","m2x","B01",0,858.159566465646,37.7103059299627,"","48h",10,"15hHB101","DMSO",1,"FENBENDAZOLE",0,NA,NA,"JU3237",1,NA,NA,NA,810.074320660657,292.159054422255,781.093753125091,791.940124955406,810.193523094415,75.3648604333929,843.764440726316,860.964392916453,900.445274983407,0.0930345012935715,37.0080566414368,19.3551163900095,34.6083430202147,36.1708658478774,37.472105412859,3.26107242499042,38.509722103291,39.8366757028819,41.2836306317237,0.0881179051520122,61,"1_JU3237_0",NA,NA,NA,NA,NA,"1",817.354097631985,-7.16057453756969
"20250529-CbDRC3-p023-m2x_B02_roi_0.png",20250529,"CbDRC3","p023","m2x","B02",0,865.928769433176,37.0476130985076,"","48h",10,"15hHB101","DMSO",1,"FENBENDAZOLE",0.117,NA,NA,"JU3237",1,NA,NA,NA,808.42593795928,463.220599441368,756.738012283165,781.209520990333,824.567831539904,57.90982727096,845.186279900124,854.477824206938,890.086209325609,0.071632816998849,36.9372691481936,27.4418814907373,33.4177649741681,35.957874309528,37.231408639347,2.61780811853968,38.73295001796,39.8975543868988,41.7723232843622,0.0708717287148909,81,"1_JU3237_0.117",NA,"n>75",NA,NA,NA,"1",817.354097631985,7.21373390791894
"20250529-CbDRC3-p023-m2x_B03_roi_0.png",20250529,"CbDRC3","p023","m2x","B03",0,827.915915623775,36.9094936289321,"","48h",10,"15hHB101","DMSO",1,"FENBENDAZOLE",0.234,NA,NA,"JU3237",1,NA,NA,NA,800.230981432607,281.753202682712,750.218442712147,780.339334103051,807.365737392725,67.2751750817939,837.863906697823,850.686545050081,876.154802509586,0.0840696956788089,37.2742861825276,15.9788457094098,34.8971203177075,36.2035201833545,37.5506097141116,3.1237384119926,38.9195654416074,40.2840988770047,42.1361396620754,0.0838041108740764,95,"1_JU3237_0.234",NA,"n>75",NA,NA,NA,"1",817.354097631985,-9.98836023925958
"20250529-CbDRC3-p023-m2x_B04_roi_0.png",20250529,"CbDRC3","p023","m2x","B04",0,848.804616111376,38.2008792436802,"","48h",10,"15hHB101","DMSO",1,"FENBENDAZOLE",0.468,NA,NA,"JU3237",1,NA,NA,NA,806.180270422863,358.976202055654,759.503896985659,780.082058190537,818.46551376213,63.4803959285812,843.100254506935,855.049954999087,888.287359837892,0.0787421849151481,36.3213824513794,13.4395748022535,34.4377032360644,35.4435182076336,36.7735847355685,3.05410799770851,37.8661108366341,38.7193059145538,40.4184746927203,0.0840856760283505,85,"1_JU3237_0.468",NA,"n>75",NA,NA,NA,"1",817.354097631985,1.11141613014468
"20250529-CbDRC3-p023-m2x_B05_roi_0.png",20250529,"CbDRC3","p023","m2x","B05",0,796.374011365158,36.9474688850506,"","48h",10,"15hHB101","DMSO",1,"FENBENDAZOLE",0.937,NA,NA,"JU3237",1,NA,NA,NA,810.564213896502,729.982129849134,763.82502424175,791.868574763737,816.791406090958,32.2540783270161,838.276984166506,845.673414396991,873.57232649105,0.0397921321642933,37.3526813431657,32.4313503965117,35.1244286413992,36.1059635006608,37.2869002636404,1.88663986886451,38.636900040015,39.5768623198546,41.2156295369583,0.0505088202780309,80,"1_JU3237_0.937",NA,"n>75",NA,NA,NA,"1",817.354097631985,-0.562691541026652
"20250529-CbDRC3-p023-m2x_B06_roi_0.png",20250529,"CbDRC3","p023","m2x","B06",0,771.301227722963,37.1714052953905,"","48h",10,"15hHB101","DMSO",1,"FENBENDAZOLE",1.875,NA,NA,"JU3237",1,NA,NA,NA,774.505167746295,626.813203228787,736.314851602007,759.041062758261,781.399436287669,39.5622156569052,799.497122140898,812.120730195618,825.971737053621,0.0510806348420191,37.8352104365007,27.4075083310114,35.5731917894096,36.43667289534,37.8564426619614,2.6084480122166,39.5338209628465,40.4721760877486,42.6276838107255,0.0689423418588986,69,"1_JU3237_1.875",NA,NA,NA,NA,NA,"1",817.354097631985,-35.9546613443163
"20250529-CbDRC3-p023-m2x_B07_roi_0.png",20250529,"CbDRC3","p023","m2x","B07",0,711.585178277726,37.2317194670055,"","48h",10,"15hHB101","DMSO",1,"FENBENDAZOLE",3.75,NA,NA,"JU3237",1,NA,NA,NA,708.624765381442,508.203567306223,675.268849464705,696.017024287574,716.214373560279,41.9497977869553,733.270719415528,746.866633460744,774.782724586402,0.0591988875302351,37.3947147324803,25.830035033984,34.2099580840292,36.7535597708093,37.9725683527444,2.50717664403432,39.025281828173,39.7301894891745,40.8810409131231,0.0670462834646693,82,"1_JU3237_3.75",NA,"n>75",NA,NA,NA,"1",817.354097631985,-101.139724071706
"20250529-CbDRC3-p023-m2x_B08_roi_0.png",20250529,"CbDRC3","p023","m2x","B08",0,747.134649145198,38.5151281230844,"","48h",10,"15hHB101","DMSO",1,"FENBENDAZOLE",7.5,NA,NA,"JU3237",1,NA,NA,NA,710.722365568077,271.122040703921,673.44114521902,692.300069500192,718.389079157843,60.6930247726174,738.113757067262,755.001368234628,777.903992555101,0.0853962499464973,38.0696763145985,16.3634731887689,36.1771633649489,36.8391864852403,38.7010705269324,3.06223485920901,39.517640187354,40.2117875506897,41.1453734322888,0.0804376384475521,71,"1_JU3237_7.5",NA,NA,NA,NA,NA,"1",817.354097631985,-98.9650184741419
"20250529-CbDRC3-p023-m2x_B11_roi_0.png",20250529,"CbDRC3","p023","m2x","B11",0,663.33262974157,34.7195891290303,"","48h",10,"15hHB101","DMSO",1,"FENBENDAZOLE",60,NA,NA,"JU3237",1,NA,NA,NA,654.611164935884,456.855922283505,622.733441759932,641.15886811262,662.363345548028,32.2457362586381,672.416856414377,680.187477517047,697.751835245549,0.0492593740923994,36.1274980334695,24.9456852740179,33.7739750456874,34.978345691455,36.308914938555,2.29660646135132,37.6344560704103,38.6482498662992,40.3074978494982,0.0635694854712519,70,"1_JU3237_60",NA,NA,NA,NA,NA,"1",817.354097631985,-154.990752083957
"20250529-CbDRC3-p023-m2x_B12_roi_0.png",20250529,"CbDRC3","p023","m2x","B12",0,607.46057199326,32.0835678567235,"","48h",10,"15hHB101","DMSO",1,"FENBENDAZOLE",120,NA,NA,"JU3237",1,NA,NA,NA,588.640596930899,275.723203116251,549.822163521568,572.810830323768,592.956310724295,47.895900999697,610.022757628323,630.277633539979,682.04871500408,0.0813669686552718,33.6808459307429,18.0791424657941,30.8867470229917,32.3197611689337,33.9344557453568,2.78600933336929,35.6854744264426,36.3371682065612,38.7747317818486,0.0827179144816639,77,"1_JU3237_120",NA,"n>75",NA,NA,NA,"1",817.354097631985,-224.39778690769
"20250529-CbDRC3-p023-m2x_C01_roi_0.png",20250529,"CbDRC3","p023","m2x","C01",0,811.714782024372,38.8130210972857,"","48h",10,"15hHB101","DMSO",1,"FENBENDAZOLE",0,NA,NA,"VX34",1,NA,NA,NA,763.277189855298,334.174506472899,711.980095732906,733.851948010618,772.23799692288,66.8966749716179,804.335052294216,820.397671484498,872.546151095347,0.087644011717814,38.0418301067997,30.1113408887921,34.6222511192504,36.8191823283454,38.4125671145819,2.5338992436701,39.6803321767519,40.7499362621303,43.1800601049883,0.0666082372103645,80,"1_VX34_0",NA,"n>75",NA,NA,NA,"1",769.722940306881,2.51505661599879
"20250529-CbDRC3-p023-m2x_C02_roi_0.png",20250529,"CbDRC3","p023","m2x","C02",0,813.928941339507,39.963653816308,"","48h",10,"15hHB101","DMSO",1,"FENBENDAZOLE",0.117,NA,NA,"VX34",1,NA,NA,NA,752.850539184767,452.699421779235,687.154255359966,724.398902423715,771.110216552538,78.9941534667227,809.61263028109,831.927638491676,849.134383402946,0.104926740906983,37.093843393597,29.8671200847863,32.4594952446162,36.0409907928355,37.66233333902,2.92453837225929,38.7912368373199,40.0319044510813,42.9010740874313,0.0788416110249744,52,"1_VX34_0.117",NA,NA,NA,NA,NA,"1",769.722940306881,1.38727624565695
"20250529-CbDRC3-p023-m2x_C03_roi_0.png",20250529,"CbDRC3","p023","m2x","C03",0,743.066082720781,42.50665185082,"","48h",10,"15hHB101","DMSO",1,"FENBENDAZOLE",0.234,NA,NA,"VX34",1,NA,NA,NA,777.100265383418,526.508876747155,709.967851437426,753.165139345795,777.83760603766,55.8369986483033,819.566419284973,833.469990961901,859.47970941027,0.0718530170887968,37.9753667978194,29.8616852113799,34.1652323467257,35.7730148103256,37.5071143586246,4.08390148383145,39.9180044314397,41.9519116473643,63.1689087394787,0.107540804163238,78,"1_VX34_0.234",NA,"n>75",NA,NA,NA,"1",769.722940306881,8.11466573077882
"20250529-CbDRC3-p023-m2x_C04_roi_0.png",20250529,"CbDRC3","p023","m2x","C04",0,804.080963581205,37.6979628209878,"","48h",10,"15hHB101","DMSO",1,"FENBENDAZOLE",0.468,NA,NA,"VX34",1,NA,NA,NA,772.296843551675,597.652263540828,716.343752153445,743.229099272467,771.025842126596,52.9185606146856,808.52963224098,836.226496788445,853.953829685227,0.0685210111326122,37.8094751305884,29.65488588852,34.5880274704843,36.1381383535612,37.6156920567362,2.74763364877674,39.7507561024993,40.9255067199665,43.5698842053879,0.0726705049273183,57,"1_VX34_0.468",NA,NA,NA,NA,NA,"1",769.722940306881,1.30290181971498
"20250529-CbDRC3-p023-m2x_C05_roi_0.png",20250529,"CbDRC3","p023","m2x","C05",0,826.993106577251,40.4361012546134,"","48h",10,"15hHB101","DMSO",1,"FENBENDAZOLE",0.937,NA,NA,"VX34",1,NA,NA,NA,764.395358061568,666.369010532319,716.851211997661,737.30080394224,768.094622094046,41.8651545829596,794.607349398667,817.653229719195,839.174557073055,0.0547689806609051,37.5813624301324,30.440820996003,33.780384280945,36.1592364406373,37.7255131642033,2.92631873983335,39.4766480108596,41.5097678408887,43.508634732141,0.077866222792579,56,"1_VX34_0.937",NA,NA,NA,NA,NA,"1",769.722940306881,-1.62831821283532
"20250529-CbDRC3-p023-m2x_C06_roi_0.png",20250529,"CbDRC3","p023","m2x","C06",0,792.867276735661,35.5923898970037,"","48h",10,"15hHB101","DMSO",1,"FENBENDAZOLE",1.875,NA,NA,"VX34",1,NA,NA,NA,744.954399997946,575.103593368796,697.277710332721,734.055197747391,750.146234171956,44.0989655057506,766.857936700628,791.662318397125,843.188851952146,0.0591968656146902,38.1487636526968,30.1562953010502,36.3969444430981,37.1817643593685,38.4209434282565,2.29466787924692,39.2549389058122,40.5996986973124,43.5377206654312,0.0601505175931096,54,"1_VX34_1.875",NA,NA,NA,NA,NA,"1",769.722940306881,-19.576706134925
"20250529-CbDRC3-p023-m2x_C07_roi_0.png",20250529,"CbDRC3","p023","m2x","C07",0,672.471090437612,37.689841347201,"","48h",10,"15hHB101","DMSO",1,"FENBENDAZOLE",3.75,NA,NA,"VX34",1,NA,NA,NA,661.271651080719,488.213680656262,615.811813623863,641.181054673001,672.015922464092,38.0029012362455,686.967068489811,700.090980371344,727.252411435003,0.0574694245158358,37.3269079772124,29.3940620051035,34.8430575902218,36.0003949628558,37.6630107293576,2.33424641845492,38.9653932898708,39.6980556505771,41.9281998165965,0.0625352204334724,68,"1_VX34_3.75",NA,NA,NA,NA,NA,"1",769.722940306881,-97.7070178427887
"20250529-CbDRC3-p023-m2x_C08_roi_0.png",20250529,"CbDRC3","p023","m2x","C08",0,673.082447903591,38.3896242215154,"","48h",10,"15hHB101","DMSO",1,"FENBENDAZOLE",7.5,NA,NA,"VX34",1,NA,NA,NA,659.259955753168,550.224984238676,612.645867098562,637.761633041976,665.633022929236,41.0315799074139,690.121422288277,707.242359204831,734.01323452157,0.0622388475886383,37.7321585970254,27.4258969260053,34.6894774563162,36.4417627887686,38.0497269410299,3.1027216247637,39.8749497740737,40.975089131372,43.0112285101282,0.0822301649343832,58,"1_VX34_7.5",NA,NA,NA,NA,NA,"1",769.722940306881,-104.089917377645
"20250529-CbDRC3-p023-m2x_C11_roi_0.png",20250529,"CbDRC3","p023","m2x","C11",0,642.443227302075,37.6340505834196,"","48h",10,"15hHB101","DMSO",1,"FENBENDAZOLE",60,NA,NA,"VX34",1,NA,NA,NA,611.05841169811,339.254072806095,566.206369185256,591.695163603353,628.657055657326,56.4370371867452,639.521749849655,646.871822270513,694.942904995011,0.0923594800534839,36.6744922190206,19.8953651646502,33.551362467224,36.2187945952666,37.7408777811405,3.63895145628111,38.3485355367668,39.545686797809,41.2187439641242,0.099222954050713,52,"1_VX34_60",NA,NA,NA,NA,NA,"1",769.722940306881,-141.065884649555
"20250529-CbDRC3-p023-m2x_C12_roi_0.png",20250529,"CbDRC3","p023","m2x","C12",0,551.922806009786,33.3778214083932,"","48h",10,"15hHB101","DMSO",1,"FENBENDAZOLE",120,NA,NA,"VX34",1,NA,NA,NA,526.631602229968,178.011788007751,201.516919455629,551.165407989619,578.364525452487,145.556753124864,597.452512446165,630.554785764198,674.470205988693,0.276391983520395,31.3645495658484,12.056547910703,14.0792957733641,32.2466845589257,34.420215043671,7.89391744462563,35.9985339952882,37.0072216564964,38.5872663533545,0.251682793277574,54,"1_VX34_120",NA,NA,NA,NA,NA,"1",769.722940306881,-191.358414854394
"20250529-CbDRC3-p023-m2x_D01_roi_0.png",20250529,"CbDRC3","p023","m2x","D01",0,786.99628750849,34.0657056342757,"","48h",10,"15hHB101","DMSO",1,"FENBENDAZOLE",0,NA,NA,"NIC1667",1,NA,NA,NA,729.288708313331,543.612885266563,678.676451054627,707.630375688113,742.429494150444,52.3069605627272,763.359560393801,775.647083595083,803.162773285076,0.0717232557784977,34.3700079468697,26.2534526110381,31.5288452936536,33.0670461004551,34.7488547839069,2.67308369431175,36.5910920203904,37.1018707462167,38.5108751118208,0.0777737293061988,52,"1_NIC1667_0",NA,NA,NA,NA,NA,"1",740.568777337127,1.8607168133168
"20250529-CbDRC3-p023-m2x_D02_roi_0.png",20250529,"CbDRC3","p023","m2x","D02",0,751.93626929322,32.3875633434639,"","48h",10,"15hHB101","DMSO",1,"FENBENDAZOLE",0.117,NA,NA,"NIC1667",1,NA,NA,NA,709.135766773833,165.351857724637,626.183071719928,693.195589233833,728.015235512213,83.3102734819355,749.458785048206,766.248300880314,797.51254943874,0.117481415245701,33.4233418078457,14.3487579790987,29.8819144587966,31.5939452322105,33.9044974701969,3.68747500177544,35.4298389688224,37.0622583741363,40.580281110517,0.110326340884018,67,"1_NIC1667_0.117",NA,NA,NA,NA,NA,"1",740.568777337127,-12.5535418249137
"20250529-CbDRC3-p023-m2x_D03_roi_0.png",20250529,"CbDRC3","p023","m2x","D03",0,756.672281694982,34.8215226497881,"","48h",10,"15hHB101","DMSO",1,"FENBENDAZOLE",0.234,NA,NA,"NIC1667",1,NA,NA,NA,730.793862923169,621.274810189433,657.457935221443,702.789386785068,743.840173041983,46.7564764935282,764.63965706555,776.796990305054,828.446286541493,0.0639803901834954,33.8283964532829,26.9031121435345,29.6190959542516,32.3207775400552,34.0379880045296,2.86896588028834,35.6435318808704,37.1188430782067,40.4421418629268,0.0848093962789631,69,"1_NIC1667_0.234",NA,NA,NA,NA,NA,"1",740.568777337127,3.27139570485667
"20250529-CbDRC3-p023-m2x_D04_roi_0.png",20250529,"CbDRC3","p023","m2x","D04",0,754.549243514851,32.3538200058481,"","48h",10,"15hHB101","DMSO",1,"FENBENDAZOLE",0.468,NA,NA,"NIC1667",1,NA,NA,NA,731.761892288793,617.400575958293,692.471486408824,707.387605815779,738.664842185547,39.8817357600627,755.371199173184,766.750592384689,824.256114686342,0.0545009738554726,34.0138468295106,27.6459594217315,30.4373401004332,32.2244468945968,33.9705636314272,2.74608197610941,35.5877175557577,37.8678918535216,39.9354378082094,0.0807342371438825,68,"1_NIC1667_0.468",NA,NA,NA,NA,NA,"1",740.568777337127,-1.9039351515795
"20250529-CbDRC3-p023-m2x_D05_roi_0.png",20250529,"CbDRC3","p023","m2x","D05",0,751.33764782852,35.8543666843165,"","48h",10,"15hHB101","DMSO",1,"FENBENDAZOLE",0.937,NA,NA,"NIC1667",1,NA,NA,NA,711.961117976483,567.306211534898,616.246078599304,680.801505956726,728.061804173838,53.3372013721323,750.798518230905,766.87245310754,783.436240367326,0.0749158908055624,33.7909173573731,26.4712659694237,29.9845484143178,31.7584982727985,34.1047205050337,2.76068402913367,36.0817088205981,36.9293992229173,37.6686556650467,0.0816989962106278,54,"1_NIC1667_0.937",NA,NA,NA,NA,NA,"1",740.568777337127,-12.5069731632885
"20250529-CbDRC3-p023-m2x_D06_roi_0.png",20250529,"CbDRC3","p023","m2x","D06",0,757.606775209056,36.3905392150817,"","48h",10,"15hHB101","DMSO",1,"FENBENDAZOLE",1.875,NA,NA,"NIC1667",1,NA,NA,NA,689.343341142283,255.872927998208,643.865515463196,666.291924566765,696.139834330009,71.7623322839688,726.414539440125,742.921916572584,771.241681862283,0.10410245229185,34.707483486615,14.6050991731491,31.0050359673738,32.9395425713846,35.1442226169164,4.12921847462894,37.1722215760864,38.7092890806586,41.5151662679055,0.118971992775603,55,"1_NIC1667_1.875",NA,NA,NA,NA,NA,"1",740.568777337127,-44.4289430071183
"20250529-CbDRC3-p023-m2x_D07_roi_0.png",20250529,"CbDRC3","p023","m2x","D07",0,603.163617474438,31.591953063471,"","48h",10,"15hHB101","DMSO",1,"FENBENDAZOLE",3.75,NA,NA,"NIC1667",1,NA,NA,NA,628.7225941272,203.074399567326,573.559800314362,603.451647633772,643.690478530908,76.8088305363578,668.807972645985,694.473643433119,713.452890132078,0.122166486863709,34.3496288831266,14.139836658677,30.5140367220848,33.0653812755284,34.6561691933413,3.97712436634739,37.1106186952903,38.1333548475781,38.7702362028335,0.11578361966819,65,"1_NIC1667_3.75",NA,NA,NA,NA,NA,"1",740.568777337127,-96.8782988062193
"20250529-CbDRC3-p023-m2x_D08_roi_0.png",20250529,"CbDRC3","p023","m2x","D08",0,622.391086330732,30.4368040697531,"","48h",10,"15hHB101","DMSO",1,"FENBENDAZOLE",7.5,NA,NA,"NIC1667",1,NA,NA,NA,637.383387129365,447.38344575021,582.098743299346,613.397491254461,643.253868792194,47.1059836234614,668.858780717508,689.950787591688,713.024124401937,0.0739052579258716,34.9166657102845,23.4132413022287,30.2250373956659,32.9636427397506,35.7140576092481,3.62517263400138,37.5840655341978,38.6133109097849,41.4836078574428,0.103823562767438,56,"1_NIC1667_7.5",NA,NA,NA,NA,NA,"1",740.568777337127,-97.3149085449323
"20250529-CbDRC3-p023-m2x_D11_roi_0.png",20250529,"CbDRC3","p023","m2x","D11",0,631.651705431701,35.586559273056,"","48h",10,"15hHB101","DMSO",1,"FENBENDAZOLE",60,NA,NA,"NIC1667",1,NA,NA,NA,611.911642127614,519.702860760488,555.232052810576,588.700533358067,614.768188602784,40.8327941383552,640.754291968131,658.683894459085,692.652465445456,0.0667298860279563,34.340680530027,25.6893130325019,29.7897971064869,32.6519643830773,34.9717331253433,3.18503203112284,36.5481451586565,38.1921616239343,40.064120822097,0.0927480755175452,54,"1_NIC1667_60",NA,NA,NA,NA,NA,"1",740.568777337127,-125.800588734343
"20250529-CbDRC3-p023-m2x_D12_roi_0.png",20250529,"CbDRC3","p023","m2x","D12",0,522.819835978271,28.1185345529645,"","48h",10,"15hHB101","DMSO",1,"FENBENDAZOLE",120,NA,NA,"NIC1667",1,NA,NA,NA,552.309401159361,408.504993865643,502.749831238649,536.727068433714,555.877831841458,39.6706661240378,582.057139784547,597.77098592762,615.332388582601,0.0718268891327299,31.9770433343664,25.9016169707807,28.3731119180619,30.0325283773815,32.5609226570942,2.65270679523949,34.1501584031889,34.6493727023214,36.3668433256928,0.082956600067792,70,"1_NIC1667_120",NA,NA,NA,NA,NA,"1",740.568777337127,-184.690945495668
"20250529-CbDRC3-p023-m2x_E01_roi_0.png",20250529,"CbDRC3","p023","m2x","E01",0,804.082798690413,37.2003740272203,"","48h",10,"15hHB101","DMSO",1,"FENBENDAZOLE",0,NA,NA,"PB420",1,NA,NA,NA,753.643836480972,382.977188459973,719.827531054558,754.437403471316,767.136862115449,72.4952446903442,782.012551320175,796.208521401972,826.668898482944,0.096192977612409,36.9975582766663,21.87262008567,34.0172605530082,35.9471194892756,37.4116124912099,3.22817751037258,38.7605781138766,39.9777561091433,41.9646832945099,0.0872537989191718,65,"1_PB420_0",NA,NA,NA,NA,NA,"1",767.804057932223,-0.66719581677421
"20250529-CbDRC3-p023-m2x_E02_roi_0.png",20250529,"CbDRC3","p023","m2x","E02",0,760.691597218627,35.1056008774106,"","48h",10,"15hHB101","DMSO",1,"FENBENDAZOLE",0.117,NA,NA,"PB420",1,NA,NA,NA,743.354808684799,193.385137730643,714.448193764579,750.121308049053,775.947003135644,115.557317331757,787.288950161152,793.915976763184,828.317245700974,0.155453783283127,36.1190171826052,14.0373930660205,34.4639519876693,35.6585075496697,36.9921231533744,5.11464744396921,37.7847710733157,39.9485607587844,41.9236532227928,0.141605388045619,55,"1_PB420_0.117",NA,NA,NA,NA,NA,"1",767.804057932223,8.14294520342071
"20250529-CbDRC3-p023-m2x_E03_roi_0.png",20250529,"CbDRC3","p023","m2x","E03",0,789.326982607135,37.3965084671917,"","48h",10,"15hHB101","DMSO",1,"FENBENDAZOLE",0.234,NA,NA,"PB420",1,NA,NA,NA,761.345235854415,646.397551047482,719.272768395959,749.431439814496,767.16833883911,34.5913401383001,783.785200072703,796.985630956736,807.700532292026,0.0454345000261021,37.3311215588245,28.7277533108856,34.9499904128032,36.4096501812467,37.5345825994352,2.1996214701131,38.4839612810656,39.3439471280547,43.5587944553306,0.0589219230032254,55,"1_PB420_0.234",NA,NA,NA,NA,NA,"1",767.804057932223,-0.635719093113721
"20250529-CbDRC3-p023-m2x_E04_roi_0.png",20250529,"CbDRC3","p023","m2x","E04",0,792.938056546748,36.1315848752335,"","48h",10,"15hHB101","DMSO",1,"FENBENDAZOLE",0.468,NA,NA,"PB420",1,NA,NA,NA,755.664100505764,536.885923874558,718.462586273718,735.733716132167,762.72672320431,39.2131618757364,782.09457252017,791.056275206046,804.427068169455,0.0518923180940991,36.9111773796611,31.5750044254965,34.1320579934464,35.112314958197,37.2172414950099,2.35793412437658,38.8762607151749,39.7822391075631,41.2846927632795,0.0638813034903583,62,"1_PB420_0.468",NA,NA,NA,NA,NA,"1",767.804057932223,-5.07733472791369
"20250529-CbDRC3-p023-m2x_E05_roi_0.png",20250529,"CbDRC3","p023","m2x","E05",0,754.937879919915,35.6981568729368,"","48h",10,"15hHB101","DMSO",1,"FENBENDAZOLE",0.937,NA,NA,"PB420",1,NA,NA,NA,762.140758974239,596.467198986935,721.003169236813,745.214582182331,772.159173228706,38.5185676900511,788.699093787679,798.703524286616,819.636715186201,0.0505399655332605,37.034723278943,28.0527657241711,35.0565423199617,36.2038839173838,37.2284475955141,2.49675964373806,37.9701827511996,39.4366922479973,44.0943050069421,0.0674167220025553,53,"1_PB420_0.937",NA,NA,NA,NA,NA,"1",767.804057932223,4.35511529648227
"20250529-CbDRC3-p023-m2x_E06_roi_0.png",20250529,"CbDRC3","p023","m2x","E06",0,751.434063824878,36.7870938514728,"","48h",10,"15hHB101","DMSO",1,"FENBENDAZOLE",1.875,NA,NA,"PB420",1,NA,NA,NA,724.97523172131,582.628565884921,691.352079294481,716.68509063839,732.666549558827,31.9685040338794,743.855601800209,753.474343171891,768.757541160493,0.0440959947803686,37.1728181316767,28.373955968601,35.4587671205122,36.2266510738494,37.3603299155505,2.07985902525653,38.2001218789183,39.665541769226,41.8319331977434,0.0559510720411101,62,"1_PB420_1.875",NA,NA,NA,NA,NA,"1",767.804057932223,-35.1375083733964
"20250529-CbDRC3-p023-m2x_E07_roi_0.png",20250529,"CbDRC3","p023","m2x","E07",0,646.532005868151,38.5011138762042,"","48h",10,"15hHB101","DMSO",1,"FENBENDAZOLE",3.75,NA,NA,"PB420",1,NA,NA,NA,639.663807178767,180.334659038634,608.784816723461,628.98382142029,650.354465487141,67.8394875098272,665.385020945322,675.406634293784,698.543722910921,0.106054910014423,36.3347278755542,15.9847865093329,34.5244389952915,35.3146290993343,36.7340057687185,3.32608359038612,37.754546020366,38.7400828300927,41.95993848604,0.0915400715749929,58,"1_PB420_3.75",NA,NA,NA,NA,NA,"1",767.804057932223,-117.449592445082
"20250529-CbDRC3-p023-m2x_E08_roi_0.png",20250529,"CbDRC3","p023","m2x","E08",0,682.753676866876,34.9275079920788,"","48h",10,"15hHB101","DMSO",1,"FENBENDAZOLE",7.5,NA,NA,"PB420",1,NA,NA,NA,648.618002791762,502.148840970028,614.850164694796,635.856950264502,652.125519975525,34.3604747904465,675.046755667527,684.1196376112,693.004454500892,0.0529749014713641,36.9243872985738,28.2664022393627,35.0135588326025,35.7943647984492,37.1088077105137,2.25444966930761,38.3225552334202,39.5511240284106,40.3760896079647,0.0610558450456588,69,"1_PB420_7.5",NA,NA,NA,NA,NA,"1",767.804057932223,-115.678537956699
"20250529-CbDRC3-p023-m2x_E11_roi_0.png",20250529,"CbDRC3","p023","m2x","E11",0,613.825936073769,36.392974178242,"","48h",10,"15hHB101","DMSO",1,"FENBENDAZOLE",60,NA,NA,"PB420",1,NA,NA,NA,617.133606763411,552.433465870911,597.629106064824,601.313727138647,615.66476128404,23.2881520975953,634.842136282279,642.124633506903,669.13241595044,0.0377359972660234,36.5434403357406,33.0024212618758,34.6589838437716,35.6190681764984,36.5289849246625,1.4967175497206,37.6176618338058,38.4360348188668,39.2582314921919,0.0409572151929211,46,"1_PB420_60",NA,NA,NA,NA,NA,"1",767.804057932223,-152.139296648184
"20250529-CbDRC3-p023-m2x_E12_roi_0.png",20250529,"CbDRC3","p023","m2x","E12",0,616.237761031712,37.1017420317519,"","48h",10,"15hHB101","DMSO",1,"FENBENDAZOLE",120,NA,NA,"PB420",1,NA,NA,NA,569.513420640911,426.515156638003,538.261933776855,548.708663579464,573.238431982977,33.2336552095282,595.58968905314,602.911081264244,623.433475456037,0.0583544724409273,35.2268945601808,26.9493595177032,33.0573366063139,34.1119981284077,35.3544107826078,2.02311368335275,36.5359572118799,37.5245223009515,38.9327732181164,0.0574309404394562,53,"1_PB420_120",NA,NA,NA,"outlier","outlier","1",767.804057932223,-194.565625949246
"20250529-CbDRC3-p023-m2x_F01_roi_0.png",20250529,"CbDRC3","p023","m2x","F01",0,792.857317558934,38.7405942567982,"","48h",10,"15hHB101","DMSO",1,"FENBENDAZOLE",0,NA,NA,"ED3102",1,NA,NA,NA,756.533366346676,673.038638052269,726.601264262057,739.536208261321,755.251522928282,26.5474011790243,774.861471711197,792.741745594978,817.669439003626,0.0350908530409208,36.8529763492591,31.8882087990384,34.2313202315644,35.7863907598374,36.8957347425499,1.95990594025,38.1609626873828,39.3985381492712,41.2806894754274,0.0531817544850593,92,"1_ED3102_0",NA,"n>75",NA,NA,NA,"1",759.27644085211,-4.0249179238275
"20250529-CbDRC3-p023-m2x_F02_roi_0.png",20250529,"CbDRC3","p023","m2x","F02",0,764.021997961805,37.448670963276,"","48h",10,"15hHB101","DMSO",1,"FENBENDAZOLE",0.117,NA,NA,"ED3102",1,NA,NA,NA,738.142311139878,470.440476990717,645.43297789927,738.935512803395,757.970961924932,61.7066756328657,768.046207897896,787.216166277429,801.675273424519,0.0835972612619578,35.4473839886886,21.9445307552757,31.4955345236613,33.9704855551903,36.0184925183767,3.41387696497265,37.4726526466546,39.1630989386635,40.4728436992546,0.0963082907912762,79,"1_ED3102_0.117",NA,"n>75",NA,NA,NA,"1",759.27644085211,-1.30547892717766
"20250529-CbDRC3-p023-m2x_F03_roi_0.png",20250529,"CbDRC3","p023","m2x","F03",0,773.595622366136,35.5706438798424,"","48h",10,"15hHB101","DMSO",1,"FENBENDAZOLE",0.234,NA,NA,"ED3102",1,NA,NA,NA,744.551015643704,199.164455881593,718.521015328068,738.672764147551,756.978177399674,65.500897433147,771.360235276919,780.037441269219,811.441852662113,0.0879736862309133,35.7527053273694,13.5458137292916,33.5913440013823,34.9315727623256,36.0693683145115,3.08277090523976,37.299156728956,38.2672504401619,40.5553139085225,0.0862248290587354,95,"1_ED3102_0.234",NA,"n>75",NA,NA,NA,"1",759.27644085211,-2.29826345243521
"20250529-CbDRC3-p023-m2x_F04_roi_0.png",20250529,"CbDRC3","p023","m2x","F04",0,798.435595717095,35.13655666286,"","48h",10,"15hHB101","DMSO",1,"FENBENDAZOLE",0.468,NA,NA,"ED3102",1,NA,NA,NA,750.927931899128,515.131277791729,721.841945928307,733.145464212175,752.771252090833,44.6614256905502,767.913806459972,787.436074088818,929.653587215907,0.059474982609316,36.0433094018462,30.3920833737521,33.3916488433725,34.9236297139467,36.1410687548174,2.14312405481567,37.6148649230638,38.2035620796921,40.2710480028858,0.0594596914207299,80,"1_ED3102_0.468",NA,"n>75",NA,NA,NA,"1",759.27644085211,-6.50518876127637
"20250529-CbDRC3-p023-m2x_F05_roi_0.png",20250529,"CbDRC3","p023","m2x","F05",0,784.840139258547,37.7463556819771,"","48h",10,"15hHB101","DMSO",1,"FENBENDAZOLE",0.937,NA,NA,"ED3102",1,NA,NA,NA,742.009601328078,483.417816324681,714.80602542407,729.954102141071,749.018793685422,41.9516611426622,762.547817522691,775.825763276745,808.82447465492,0.0565378952881142,36.639830576165,24.2412265624691,34.5276631297957,35.3316203602156,36.8788680194644,2.48886317581799,38.0224200332494,38.9601102460188,40.9991664525893,0.0679278025220196,87,"1_ED3102_0.937",NA,"n>75",NA,NA,NA,"1",759.27644085211,-10.2576471666873
"20250529-CbDRC3-p023-m2x_F06_roi_0.png",20250529,"CbDRC3","p023","m2x","F06",0,710.764402022922,33.9009536957538,"","48h",10,"15hHB101","DMSO",1,"FENBENDAZOLE",1.875,NA,NA,"ED3102",1,NA,NA,NA,727.228575618018,677.142984213415,700.829685747702,710.434182937678,727.790098551717,22.2417094872803,743.128481557897,755.917741389907,781.391820997115,0.0305842072671287,37.4079367933048,31.5160738872063,34.7465065361348,36.2990862028546,37.3924945666625,2.06611077619039,38.7891772393444,39.701353347637,42.843466644456,0.0552318826779076,93,"1_ED3102_1.875",NA,"n>75",NA,NA,NA,"1",759.27644085211,-31.4863423003931
"20250529-CbDRC3-p023-m2x_F07_roi_0.png",20250529,"CbDRC3","p023","m2x","F07",0,642.702694324499,36.1216448013311,"","48h",10,"15hHB101","DMSO",1,"FENBENDAZOLE",3.75,NA,NA,"ED3102",1,NA,NA,NA,642.975768174044,525.786103500748,608.045787383349,620.711046553336,644.766150850421,33.4686883827214,666.510388352567,682.556556694036,708.992447388765,0.052052798937925,36.653241798632,29.3035740293985,33.4140996638366,34.7907795200775,37.2350028386187,2.59913265645926,38.3491792794807,39.7895945194547,41.0498983299508,0.0709113990718351,81,"1_ED3102_3.75",NA,"n>75",NA,NA,NA,"1",759.27644085211,-114.510290001688
"20250529-CbDRC3-p023-m2x_F08_roi_0.png",20250529,"CbDRC3","p023","m2x","F08",0,684.036560626228,36.4692952975981,"","48h",10,"15hHB101","DMSO",1,"FENBENDAZOLE",7.5,NA,NA,"ED3102",1,NA,NA,NA,651.047680604562,587.594900932793,616.551315513639,634.195197183252,652.652588175785,25.1218332039125,669.001759249031,683.861479875214,700.393272413877,0.0385867793593619,37.6006915378681,32.3478630369342,34.9735949350322,36.2458326470649,37.9434723312413,1.91503042449013,39.047735655833,39.7238457685501,41.822661573084,0.0509307235097387,99,"1_ED3102_7.5",NA,"n>75",NA,NA,NA,"1",759.27644085211,-106.623852676325
"20250529-CbDRC3-p023-m2x_F09_roi_0.png",20250529,"CbDRC3","p023","m2x","F09",0,737.538593764013,37.6214756783489,"","48h",10,"15hHB101","DMSO",1,"FENBENDAZOLE",15,NA,NA,"ED3102",1,NA,NA,NA,717.831454374511,651.277742596383,689.369364188683,701.266309034974,718.559753081489,24.590484313059,733.767779247802,751.703407504821,766.910617787833,0.0342566269048299,37.1282177932845,33.3024142086309,34.8854754180511,35.9646454874962,37.1427081810892,1.71957002861053,38.1430188001918,39.5675990704305,41.0991327055652,0.0463143703310626,90,"1_ED3102_15",NA,"n>75",NA,NA,NA,"1",759.27644085211,-40.7166877706211
"20250529-CbDRC3-p023-m2x_F11_roi_0.png",20250529,"CbDRC3","p023","m2x","F11",0,632.246100238126,36.2348598485903,"","48h",10,"15hHB101","DMSO",1,"FENBENDAZOLE",60,NA,NA,"ED3102",1,NA,NA,NA,612.056837225209,418.133384215224,578.104662232265,590.974752730845,615.422339653339,44.5521433331999,639.057038060362,657.68985716795,686.31238477631,0.0727908596449625,36.5412759275883,24.0424778269015,32.8139556849804,35.44151564021,37.081860155026,3.0289900305349,38.1565483443536,39.9073098630114,42.9969609556326,0.0828922897092392,71,"1_ED3102_60",NA,NA,NA,NA,NA,"1",759.27644085211,-143.854101198771
"20250529-CbDRC3-p023-m2x_F12_roi_0.png",20250529,"CbDRC3","p023","m2x","F12",0,593.316574884942,33.6983170795569,"","48h",10,"15hHB101","DMSO",1,"FENBENDAZOLE",120,NA,NA,"ED3102",1,NA,NA,NA,560.814742529739,419.244396831135,523.576175446617,539.017125006462,559.004419454864,34.4189644175551,584.602190046064,599.397073293471,643.233546973297,0.061373144832636,33.8281986195436,28.0317454969969,31.5215964795058,32.4473823186914,33.9351251158383,2.15214413977058,35.1488427495829,36.6681763135095,38.3402693004388,0.0636198268780182,67,"1_ED3102_120",NA,NA,NA,NA,NA,"1",759.27644085211,-200.272021397246
"20250529-CbDRC3-p024-m2x_A01_roi_0.png",20250529,"CbDRC3","p024","m2x","A01",0,781.724904831505,36.4361781018355,"","48h",10,"15hHB101","DMSO",1,"FENBENDAZOLE",0,NA,NA,"ECA2666",1,NA,NA,NA,744.47177309396,553.141606138965,706.251948375702,724.54819491527,748.355682709665,39.4361812230569,772.502829911638,782.619657711613,816.345555167382,0.0529720301673272,33.7329750132453,27.8866947562629,30.6110212160557,32.3943485963297,33.8368090586199,2.25739149878808,34.9008718659094,36.5129129357399,38.5182103296533,0.0669194311471701,81,"1_ECA2666_0",NA,"n>75",NA,NA,NA,"1",746.155283716426,2.20039899323956
"20250529-CbDRC3-p024-m2x_A02_roi_0.png",20250529,"CbDRC3","p024","m2x","A02",0,775.543388086583,34.9886317998617,"","48h",10,"15hHB101","DMSO",1,"FENBENDAZOLE",0.117,NA,NA,"ECA2666",1,NA,NA,NA,744.84534735493,270.108509479777,692.711500552887,732.262570986788,754.439006119211,69.2502895798989,775.060982580617,794.692526326751,849.683201655132,0.0929727087989718,34.1957136792907,24.7724439230246,31.0664308518116,32.8737975336162,34.4994046377138,2.6849558131193,35.9471152113033,37.4376020205309,39.2895315689282,0.0785173205712428,78,"1_ECA2666_0.117",NA,"n>75",NA,NA,NA,"1",746.155283716426,8.28372240278532
"20250529-CbDRC3-p024-m2x_A03_roi_0.png",20250529,"CbDRC3","p024","m2x","A03",0,790.629570239397,34.8896857084218,"","48h",10,"15hHB101","DMSO",1,"FENBENDAZOLE",0.234,NA,NA,"ECA2666",1,NA,NA,NA,748.997140208269,585.124426487121,700.671769982227,729.900703025025,754.030280844091,39.5471558766932,772.566226897485,795.175397164175,831.56267297302,0.0528001426890582,34.071660267836,26.9733886686493,29.0157632348637,32.2019229413732,34.7524673574682,3.2634011416468,36.373609343144,37.629711234552,40.1552576978407,0.095780514245368,80,"1_ECA2666_0.234",NA,"n>75",NA,NA,NA,"1",746.155283716426,7.87499712766544
"20250529-CbDRC3-p024-m2x_A04_roi_0.png",20250529,"CbDRC3","p024","m2x","A04",0,779.268775054766,34.2454250779738,"","48h",10,"15hHB101","DMSO",1,"FENBENDAZOLE",0.468,NA,NA,"ECA2666",1,NA,NA,NA,745.931272442029,590.830554843371,709.221549185495,733.271814181721,746.32937155941,37.3660663270216,769.891598036037,788.389000672894,816.887290762262,0.0500931757488764,34.4683332509145,28.0715251118097,31.5645368142909,33.1602239643033,34.4856148212401,2.332381425747,36.0767267802654,37.285688558618,39.9862674964043,0.06766736902444,88,"1_ECA2666_0.468",NA,"n>75",NA,NA,NA,"1",746.155283716426,0.174087842984591
"20250529-CbDRC3-p024-m2x_A05_roi_0.png",20250529,"CbDRC3","p024","m2x","A05",0,730.716424062306,35.0594660548994,"","48h",10,"15hHB101","DMSO",1,"FENBENDAZOLE",0.937,NA,NA,"ECA2666",1,NA,NA,NA,733.103539319059,655.783127089792,687.239364854472,713.363382112287,735.375021376791,31.6276853681617,753.332634549452,773.98650173946,802.979925223597,0.0431421807041594,34.8617099887147,24.8791412737021,31.639100878781,33.5234629650071,35.0594660548994,2.60344578684095,36.1111873458214,37.6141639465596,40.8597884222148,0.0746792336831362,77,"1_ECA2666_0.937",NA,"n>75",NA,NA,NA,"1",746.155283716426,-10.7802623396346
"20250529-CbDRC3-p024-m2x_A06_roi_0.png",20250529,"CbDRC3","p024","m2x","A06",0,707.928580668573,37.7710263234399,"","48h",10,"15hHB101","DMSO",1,"FENBENDAZOLE",1.875,NA,NA,"ECA2666",1,NA,NA,NA,712.849264923789,629.901876066573,671.918766665762,691.457787236891,711.91184492854,33.4317315018651,732.749181710971,755.424993039805,786.892548078536,0.0468987388314685,36.1413227449485,26.8666848093888,33.5903218049123,35.3821913905957,36.3077798642064,2.21962862187229,37.5550060419421,38.6525157493244,39.5259459967939,0.061415256921733,64,"1_ECA2666_1.875",NA,NA,NA,NA,NA,"1",746.155283716426,-34.2434387878859
"20250529-CbDRC3-p024-m2x_A07_roi_0.png",20250529,"CbDRC3","p024","m2x","A07",0,679.19427267482,32.9030222485977,"","48h",10,"15hHB101","DMSO",1,"FENBENDAZOLE",3.75,NA,NA,"ECA2666",1,NA,NA,NA,673.582178021052,579.92484747521,633.650126764982,652.673817419887,671.941447754698,37.4810618402584,700.035531224285,709.745174521038,840.599793376021,0.0556443787606966,36.6724239783944,30.5151973823489,34.2940868986256,35.0782196952195,36.8682466880306,1.95648067287883,37.9344428551559,38.8445453511083,41.810411326211,0.0533501868878777,73,"1_ECA2666_3.75",NA,NA,NA,NA,NA,"1",746.155283716426,-74.2138359617278
"20250529-CbDRC3-p024-m2x_A08_roi_0.png",20250529,"CbDRC3","p024","m2x","A08",0,681.872087180893,37.8918023939101,"","48h",10,"15hHB101","DMSO",1,"FENBENDAZOLE",7.5,NA,NA,"ECA2666",1,NA,NA,NA,667.568162845845,541.681955348427,628.137156893762,641.949150590359,669.396292151937,35.6177505983039,688.867898533222,712.402465338707,758.569587989449,0.0533544776108934,36.6732411481621,31.48457212029,33.9410910839178,35.6269939104023,36.697031552014,2.01354406801315,38.1264918896208,39.0488618449603,40.904707127117,0.054904993531341,72,"1_ECA2666_7.5",NA,NA,NA,NA,NA,"1",746.155283716426,-76.7589915644887
"20250529-CbDRC3-p024-m2x_A09_roi_0.png",20250529,"CbDRC3","p024","m2x","A09",0,733.257746129609,36.2456994687745,"","48h",10,"15hHB101","DMSO",1,"FENBENDAZOLE",15,NA,NA,"ECA2666",1,NA,NA,NA,649.92044572725,564.786402142617,602.466100861297,626.095567600129,652.856981937115,37.8677016878741,673.686376201235,698.242678835564,733.257746129609,0.0582651337357156,36.0276865884734,28.4904102845486,32.9783851724677,35.0250976320947,36.4843652282375,2.33052984558912,37.6419183151165,38.3094101124264,39.9526738182184,0.0646871910541917,62,"1_ECA2666_15",NA,NA,NA,NA,NA,"1",746.155283716426,-93.2983017793108
"20250529-CbDRC3-p024-m2x_A11_roi_0.png",20250529,"CbDRC3","p024","m2x","A11",0,687.267497556557,38.6550122846318,"","48h",10,"15hHB101","DMSO",1,"FENBENDAZOLE",60,NA,NA,"ECA2666",1,NA,NA,NA,616.284749424939,200.960232265649,563.063435451608,606.981120548536,634.860966539611,102.079372894552,665.2071682958,699.257706755875,715.222133045436,0.165636701199897,34.968792041879,13.4359277121782,32.3500735624474,33.9686699072479,36.0380633603572,5.46573213132967,38.0438150297173,39.3367085287593,41.6614802858313,0.156303143808452,70,"1_ECA2666_60",NA,NA,NA,NA,NA,"1",746.155283716426,-111.294317176815
"20250529-CbDRC3-p024-m2x_A12_roi_0.png",20250529,"CbDRC3","p024","m2x","A12",0,659.392561563774,35.9482363474475,"","48h",10,"15hHB101","DMSO",1,"FENBENDAZOLE",120,NA,NA,"ECA2666",1,NA,NA,NA,602.976977987878,484.261966251679,571.405280963793,585.724589731195,602.1561497378,32.9706917934276,622.894884319646,635.556528311809,688.97858556148,0.0546798517970787,33.5087951050401,27.4850858555267,30.8545954734453,32.3455734087526,33.6188773871097,2.18207224898562,34.7398248534161,36.5681557679982,37.5692990679585,0.0651193885708355,65,"1_ECA2666_120",NA,NA,NA,NA,NA,"1",746.155283716426,-143.999133978625
"20250529-CbDRC3-p024-m2x_B01_roi_0.png",20250529,"CbDRC3","p024","m2x","B01",0,851.545168928312,38.9508036145989,"","48h",10,"15hHB101","DMSO",1,"FENBENDAZOLE",0,NA,NA,"JU3237",1,NA,NA,NA,824.073382721401,657.043111009137,778.020468694537,803.442362830231,830.188061468504,40.1126138243255,852.606120428639,866.388717783051,895.986562657271,0.0486760216570258,38.8779215597668,32.1848776206705,36.0183891789452,37.4849236495943,38.8873181293208,2.44268659635934,40.3382829968735,42.4134205545105,44.0256135771096,0.0628296600836598,79,"1_JU3237_0",NA,"n>75",NA,NA,NA,"1",817.354097631985,12.8339638365188
"20250529-CbDRC3-p024-m2x_B02_roi_0.png",20250529,"CbDRC3","p024","m2x","B02",0,844.320538766644,38.4519750995327,"","48h",10,"15hHB101","DMSO",1,"FENBENDAZOLE",0.117,NA,NA,"JU3237",1,NA,NA,NA,821.434793895407,306.211542240725,780.888782585643,813.095765646747,836.547487068907,74.5054606642088,852.609740588768,864.643181653467,882.464799060396,0.0907016128582636,37.3642428153416,17.2240909742762,35.2856836585661,36.4673790482912,37.7941281077694,3.12235630972363,39.0026275965177,39.7700810126999,40.6491610619286,0.0835653575305854,71,"1_JU3237_0.117",NA,NA,NA,NA,NA,"1",817.354097631985,19.1933894369223
"20250529-CbDRC3-p024-m2x_B03_roi_0.png",20250529,"CbDRC3","p024","m2x","B03",0,843.630094241799,37.6456533372875,"","48h",10,"15hHB101","DMSO",1,"FENBENDAZOLE",0.234,NA,NA,"JU3237",1,NA,NA,NA,823.857986673168,688.510269206095,763.625303910741,788.822494222984,832.142457817115,47.4137774415764,850.043662248979,870.083708764557,920.095534254496,0.0575509107255713,37.8678864496385,30.6012211191093,35.726887616675,36.6329349163034,38.0730503134769,2.26267243497784,39.3151799481042,40.3637962639713,42.7686722084772,0.0597517487010274,65,"1_JU3237_0.234",NA,NA,NA,NA,NA,"1",817.354097631985,14.78836018513
"20250529-CbDRC3-p024-m2x_B04_roi_0.png",20250529,"CbDRC3","p024","m2x","B04",0,856.180397405944,37.8119362795665,"","48h",10,"15hHB101","DMSO",1,"FENBENDAZOLE",0.468,NA,NA,"JU3237",1,NA,NA,NA,820.394035482727,688.027186617024,782.214831429834,801.771542157239,826.47942485988,35.6682744542426,848.371629615566,856.859944716596,883.48943288303,0.0434770036245511,37.634267294641,26.830659988738,35.0225490522504,36.6059120550572,37.7928781172752,2.3590249364019,39.0864299422632,40.3066020073305,41.7471787869329,0.0626828979539563,74,"1_JU3237_0.468",NA,NA,NA,NA,NA,"1",817.354097631985,9.12532722789524
"20250529-CbDRC3-p024-m2x_B05_roi_0.png",20250529,"CbDRC3","p024","m2x","B05",0,853.748137561612,37.8078816816387,"","48h",10,"15hHB101","DMSO",1,"FENBENDAZOLE",0.937,NA,NA,"JU3237",1,NA,NA,NA,813.345261928797,626.443828589526,758.377466872285,798.576682373435,819.14390490976,46.681720842498,844.494751482945,861.009463653367,880.942918246609,0.0573947166444361,38.2741869547605,31.1240142510728,35.9341793416439,37.1409041683039,38.7275559155769,2.39729204032775,39.6800247673205,41.0950175541115,42.1499760257886,0.0626346953669143,72,"1_JU3237_0.937",NA,NA,NA,NA,NA,"1",817.354097631985,1.78980727777503
"20250529-CbDRC3-p024-m2x_B06_roi_0.png",20250529,"CbDRC3","p024","m2x","B06",0,821.920778449346,39.9368543811806,"","48h",10,"15hHB101","DMSO",1,"FENBENDAZOLE",1.875,NA,NA,"JU3237",1,NA,NA,NA,775.239682953606,328.458608266072,744.394939291953,763.637066220439,787.894097037531,67.1799493796344,805.773919574612,819.217574984167,841.350653394496,0.0866570053840429,38.3990616523712,20.7790028316877,36.7061982286635,37.3797884167057,38.697172545016,3.21809261114029,39.7930793445239,41.1508920297659,43.495418131932,0.0838065429898746,101,"1_JU3237_1.875",NA,"n>75",NA,NA,NA,"1",817.354097631985,-29.4600005944541
"20250529-CbDRC3-p024-m2x_B07_roi_0.png",20250529,"CbDRC3","p024","m2x","B07",0,708.125503857372,38.2558341660878,"","48h",10,"15hHB101","DMSO",1,"FENBENDAZOLE",3.75,NA,NA,"JU3237",1,NA,NA,NA,707.922375167669,487.126495514958,678.263693391212,694.186927018908,708.168077601363,36.9485157917942,728.068609041264,747.269923946378,767.966697991736,0.0521928916048784,37.9104070539089,28.1105373976927,35.6221520650241,36.7816562188772,38.2415726172348,2.32464177855538,39.0750416938929,40.2751086746287,43.3416820066707,0.0613193568523209,74,"1_JU3237_3.75",NA,NA,NA,NA,NA,"1",817.354097631985,-109.186020030622
"20250529-CbDRC3-p024-m2x_B08_roi_0.png",20250529,"CbDRC3","p024","m2x","B08",0,671.977899011817,37.2086571514899,"","48h",10,"15hHB101","DMSO",1,"FENBENDAZOLE",7.5,NA,NA,"JU3237",1,NA,NA,NA,710.640916439821,589.497410780832,671.218916538248,682.117169014912,710.652229967598,40.5286103884527,744.096427769312,756.065925116435,820.329258191508,0.0570310679428557,39.0593311629517,30.8711838291176,37.0982263176424,37.7409522836667,39.2924783661497,2.11075490763008,40.4237780460716,41.4069056445405,43.51489916216,0.0540397094569854,60,"1_JU3237_7.5",NA,NA,NA,NA,NA,"1",817.354097631985,-106.701867664387
"20250529-CbDRC3-p024-m2x_B09_roi_0.png",20250529,"CbDRC3","p024","m2x","B09",0,635.70794536218,37.6065442075797,"","48h",10,"15hHB101","DMSO",1,"FENBENDAZOLE",15,NA,NA,"JU3237",1,NA,NA,NA,661.428072227217,366.670615445046,622.648420575779,646.317854149993,672.391853636912,54.3173800653513,689.566460458784,700.103121051776,740.818508710405,0.0821213709337271,37.6137980316938,23.8559290907911,35.6230031076789,36.8427797568223,37.8773536005047,2.40068841074006,38.7546761434528,40.0167353737372,41.7242752326452,0.0638246743579898,84,"1_JU3237_15",NA,"n>75",NA,NA,NA,"1",817.354097631985,-144.962243995073
"20250529-CbDRC3-p024-m2x_B11_roi_0.png",20250529,"CbDRC3","p024","m2x","B11",0,667.916553253979,36.9161187239727,"","48h",10,"15hHB101","DMSO",1,"FENBENDAZOLE",60,NA,NA,"JU3237",1,NA,NA,NA,641.459011659582,432.532742298093,610.11058286607,631.068326129264,649.087862029854,46.8854948722196,662.59281747818,681.484966421142,703.386236488306,0.0730919575841916,35.8552858031757,28.3030530729679,33.5010448161294,34.9423894669711,36.4042881917815,2.35521051001552,37.1659213860611,38.2602284498887,40.7043979613649,0.0656865635639953,65,"1_JU3237_60",NA,NA,NA,NA,NA,"1",817.354097631985,-168.266235602131
"20250529-CbDRC3-p024-m2x_B12_roi_0.png",20250529,"CbDRC3","p024","m2x","B12",0,603.805957749179,34.15875834319,"","48h",10,"15hHB101","DMSO",1,"FENBENDAZOLE",120,NA,NA,"JU3237",1,NA,NA,NA,579.526780460137,510.955872255507,538.380170470407,559.700229660156,583.199332538895,30.4158137080539,597.020542836547,615.238486631469,659.631551496151,0.0524838794919954,32.9927520965587,27.0260210106243,29.7539863340886,31.6444196405911,33.5837409776522,2.28301320499982,34.6765279967009,35.5889963022803,36.7407824159895,0.069197416399766,77,"1_JU3237_120",NA,"n>75",NA,NA,NA,"1",817.354097631985,-234.15476509309
"20250529-CbDRC3-p024-m2x_C01_roi_0.png",20250529,"CbDRC3","p024","m2x","C01",0,700.024534843287,33.052733777526,"","48h",10,"15hHB101","DMSO",1,"FENBENDAZOLE",0,NA,NA,"VX34",1,NA,NA,NA,772.09917871921,521.338394989989,716.292827286081,750.625880302156,776.680487228455,54.3882150681735,805.929173306251,829.744953255451,853.234737944135,0.0704420061142857,37.6384020738804,26.8360101844405,33.7839395146449,36.8689264688787,37.9320580241788,2.99212494633713,39.6053922232193,40.8103965866194,42.4493085054323,0.079496598725522,71,"1_VX34_0",NA,NA,NA,NA,NA,"1",769.722940306881,6.95754692157345
"20250529-CbDRC3-p024-m2x_C02_roi_0.png",20250529,"CbDRC3","p024","m2x","C02",0,773.023662797226,34.3643077227241,"","48h",10,"15hHB101","DMSO",1,"FENBENDAZOLE",0.117,NA,NA,"VX34",1,NA,NA,NA,768.006072328358,206.174801559613,720.967853046659,755.114101718144,783.78746521462,84.4096590937257,808.957399165928,823.388267182989,844.410201166321,0.1099075412748,37.1165951375388,17.6958845152034,33.9210349720277,35.8192961326075,37.8316497378473,3.72520088897561,38.8640846754516,40.4244167476253,45.3631791101661,0.10036483344368,71,"1_VX34_0.117",NA,NA,NA,NA,NA,"1",769.722940306881,14.0645249077389
"20250529-CbDRC3-p024-m2x_C03_roi_0.png",20250529,"CbDRC3","p024","m2x","C03",0,779.775697679979,37.7920584898638,"","48h",10,"15hHB101","DMSO",1,"FENBENDAZOLE",0.234,NA,NA,"VX34",1,NA,NA,NA,780.728125562561,666.284754829161,717.898088218316,750.377823024756,781.250570017454,44.4540171602995,816.571223775961,827.943839018745,899.225596194175,0.0569391772946156,38.0462513735777,30.5056871209305,34.2758256780405,36.0752184741535,37.6796669638975,3.05096364924101,39.8510562835028,41.8475871970664,45.9196994865389,0.0801909134038849,70,"1_VX34_0.234",NA,NA,NA,NA,NA,"1",769.722940306881,11.5276297105734
"20250529-CbDRC3-p024-m2x_C04_roi_0.png",20250529,"CbDRC3","p024","m2x","C04",0,835.143225802484,38.1600770404447,"","48h",10,"15hHB101","DMSO",1,"FENBENDAZOLE",0.468,NA,NA,"VX34",1,NA,NA,NA,769.864793200288,493.583758549843,711.56449993586,754.595896307616,782.715835956275,72.7693497822554,810.845590771896,832.396785765901,863.11836742464,0.0945222465359884,37.8853141679729,24.6783983818702,34.2975065820784,35.9809724659413,38.1600770404447,3.61041196536415,39.7175101498004,42.4173338860161,46.6112875608342,0.0952984565300578,73,"1_VX34_0.468",NA,NA,NA,NA,NA,"1",769.722940306881,12.9928956493936
"20250529-CbDRC3-p024-m2x_C05_roi_0.png",20250529,"CbDRC3","p024","m2x","C05",0,808.004469270082,35.6660694083309,"","48h",10,"15hHB101","DMSO",1,"FENBENDAZOLE",0.937,NA,NA,"VX34",1,NA,NA,NA,757.316570852698,289.684011439884,699.938337693495,725.910026690293,771.198061957114,76.3072279886782,802.5685113087,819.231588422004,845.701377600368,0.100760013613277,37.7940578812472,17.2151148312386,33.656669909705,36.7739539086006,38.3576520717617,3.62108127028799,39.8687053038512,41.1917250283205,42.6771052569052,0.0958108621642534,64,"1_VX34_0.937",NA,NA,NA,NA,NA,"1",769.722940306881,1.4751216502325
"20250529-CbDRC3-p024-m2x_C06_roi_0.png",20250529,"CbDRC3","p024","m2x","C06",0,748.270315184632,38.1885302341945,"","48h",10,"15hHB101","DMSO",1,"FENBENDAZOLE",1.875,NA,NA,"VX34",1,NA,NA,NA,738.846457075757,556.229206371715,674.866145605846,727.149274167334,747.576616145363,47.7240154312325,764.063934059498,785.145420077373,813.721611806714,0.0645926023928124,38.7487621184436,31.2477235140976,35.6431719982573,37.1725182052531,38.6816437789872,2.79312672467172,40.3006713251693,41.6934768907003,46.7232295021035,0.0720829923839618,98,"1_VX34_1.875",NA,"n>75",NA,NA,NA,"1",769.722940306881,-22.146324161518
"20250529-CbDRC3-p024-m2x_C07_roi_0.png",20250529,"CbDRC3","p024","m2x","C07",0,632.91763597279,36.7236903396078,"","48h",10,"15hHB101","DMSO",1,"FENBENDAZOLE",3.75,NA,NA,"VX34",1,NA,NA,NA,647.789641600828,175.238186517972,611.422929911107,631.681687245736,661.279919740871,73.600029445052,680.577650432394,698.004191295302,732.106870768146,0.11361717557442,37.2888527986231,15.0328619513106,35.3671417785364,36.7236903396078,38.171621186749,4.16309117975969,39.1275637080928,40.2631567570968,42.7028775418558,0.111644388800114,69,"1_VX34_3.75",NA,NA,NA,NA,NA,"1",769.722940306881,-108.44302056601
"20250529-CbDRC3-p024-m2x_C08_roi_0.png",20250529,"CbDRC3","p024","m2x","C08",0,636.976388490695,37.1669177627077,"","48h",10,"15hHB101","DMSO",1,"FENBENDAZOLE",7.5,NA,NA,"VX34",1,NA,NA,NA,652.741482259694,212.394120286001,614.362830246986,636.976388490695,673.146641311265,87.0018940585127,691.038325679729,711.400346033792,757.696136995829,0.133286908252445,37.721390417287,14.8438119009626,35.8019708530123,37.1669177627077,38.2402606082262,4.295540020701,39.6012268947392,40.5919412531251,43.1558285778316,0.113875442373207,61,"1_VX34_7.5",NA,NA,NA,NA,NA,"1",769.722940306881,-96.576298995616
"20250529-CbDRC3-p024-m2x_C09_roi_0.png",20250529,"CbDRC3","p024","m2x","C09",0,722.928260752942,37.4109326879391,"","48h",10,"15hHB101","DMSO",1,"FENBENDAZOLE",15,NA,NA,"VX34",1,NA,NA,NA,637.557785205713,135.370839166497,587.751081927116,621.622211577072,645.255690341907,83.1926074405172,669.915672617548,703.773109516317,792.232931003942,0.130486380012871,37.792293593132,15.3532451206662,35.3645431093079,36.9992046472066,38.1301138527304,4.33476921728452,39.1881333592383,40.9814358081696,47.2669414833233,0.114699818538462,56,"1_VX34_15",NA,NA,NA,NA,NA,"1",769.722940306881,-124.467249964974
"20250529-CbDRC3-p024-m2x_C11_roi_0.png",20250529,"CbDRC3","p024","m2x","C11",0,608.728425402136,40.2058541032295,"","48h",10,"15hHB101","DMSO",1,"FENBENDAZOLE",60,NA,NA,"VX34",1,NA,NA,NA,624.431585505733,564.484553319226,583.526514219595,604.425036557436,623.389309348259,33.3300079684525,646.918097880896,660.167914982397,717.018325005187,0.0533765567631532,37.0425177138099,32.7105361656521,34.7212728921561,35.6134077666197,37.1294073795933,2.00153189374796,38.3496517437208,39.3242282708942,43.4783044985961,0.0540333653671107,61,"1_VX34_60",NA,NA,NA,NA,NA,"1",769.722940306881,-146.333630958622
"20250529-CbDRC3-p024-m2x_C12_roi_0.png",20250529,"CbDRC3","p024","m2x","C12",0,661.809083766024,37.4696685673051,"","48h",10,"15hHB101","DMSO",1,"FENBENDAZOLE",120,NA,NA,"VX34",1,NA,NA,NA,571.649442567157,426.598490058356,528.145475014921,546.821256188148,573.277174716317,41.6206306955561,601.236955486268,620.015326602902,661.809083766024,0.0728079616567921,34.3797269211596,26.1902059177303,30.2491681817022,32.5642799169271,34.8260676657284,2.99696321211606,36.6608221078361,37.5263170966297,40.0475340141904,0.0871723972383134,52,"1_VX34_120",NA,NA,NA,NA,NA,"1",769.722940306881,-196.445765590564
"20250529-CbDRC3-p024-m2x_D02_roi_0.png",20250529,"CbDRC3","p024","m2x","D02",0,761.834515676753,31.5534823934437,"","48h",10,"15hHB101","DMSO",1,"FENBENDAZOLE",0.117,NA,NA,"NIC1667",1,NA,NA,NA,728.517219393134,603.651674895344,667.558730990596,702.487430132403,739.855530621987,47.5897580966129,762.225542215752,775.262969746006,797.07626021948,0.0653241362452021,33.8781068710421,25.3617444012531,30.5300457024165,31.6022170233544,34.5194034571513,3.1955815400272,36.1564821642069,37.2069523638186,40.0792472867329,0.0943258592397522,46,"1_NIC1667_0.117",NA,NA,NA,NA,NA,"1",740.568777337127,-0.713246715139462
"20250529-CbDRC3-p024-m2x_D03_roi_0.png",20250529,"CbDRC3","p024","m2x","D03",0,730.26909152025,31.6412376079207,"","48h",10,"15hHB101","DMSO",1,"FENBENDAZOLE",0.234,NA,NA,"NIC1667",1,NA,NA,NA,727.4578761911,575.088188942861,676.950403865938,713.027770407052,737.939729919733,45.2289022736188,752.256368860796,772.549553956677,803.278868207489,0.0621739124063554,34.2634860789194,27.8072196039393,29.6461612288984,32.6799113646557,34.5830334991306,2.90263339830682,35.9107299653544,37.9467823933657,40.6645309593158,0.084715063482483,69,"1_NIC1667_0.234",NA,NA,NA,NA,NA,"1",740.568777337127,-2.62904741739408
"20250529-CbDRC3-p024-m2x_D05_roi_0.png",20250529,"CbDRC3","p024","m2x","D05",0,739.273689533223,34.5402856809896,"","48h",10,"15hHB101","DMSO",1,"FENBENDAZOLE",0.937,NA,NA,"NIC1667",1,NA,NA,NA,722.103229348354,332.525104651779,672.303073483117,711.993983024243,737.411574865409,83.1322251094601,763.435312012126,782.414724395327,810.870358396046,0.115125125786352,35.0170244417903,27.3366001995349,31.2077156334425,33.2372005492816,35.026443002884,2.85468302271698,37.1429533281536,38.2799704298011,40.936097632082,0.0815227183983721,61,"1_NIC1667_0.937",NA,NA,NA,NA,NA,"1",740.568777337127,-3.15720247171771
"20250529-CbDRC3-p024-m2x_D06_roi_0.png",20250529,"CbDRC3","p024","m2x","D06",0,714.998035719577,36.0732782723571,"","48h",10,"15hHB101","DMSO",1,"FENBENDAZOLE",1.875,NA,NA,"NIC1667",1,NA,NA,NA,690.090832298466,219.611391994636,640.60801233322,664.360608772201,697.849394499994,68.2558747582891,724.819166747786,749.034389630726,778.783431692804,0.0989085372007497,34.9015281756379,14.0981299842726,30.9428656392451,33.1981763942232,35.4291429419426,3.9032418216332,37.4154950157352,38.6878814097406,42.449774031179,0.111835842888901,76,"1_NIC1667_1.875",NA,"n>75",NA,NA,NA,"1",740.568777337127,-42.7193828371325
"20250529-CbDRC3-p024-m2x_D07_roi_0.png",20250529,"CbDRC3","p024","m2x","D07",0,616.665704525731,32.2023275246062,"","48h",10,"15hHB101","DMSO",1,"FENBENDAZOLE",3.75,NA,NA,"NIC1667",1,NA,NA,NA,651.052558667584,568.722811200879,593.183053657508,625.270992620178,651.290328626561,38.2404387571745,682.050964765402,699.672797780177,720.775183894319,0.0587363312655367,35.4360170249005,27.1476619015307,31.8310233337986,33.7366357343061,36.1374499259958,2.78730216768309,37.3459279175629,38.5177983800129,40.3018682280705,0.0786573210449831,64,"1_NIC1667_3.75",NA,NA,NA,NA,NA,"1",740.568777337127,-89.2784487105656
"20250529-CbDRC3-p024-m2x_D08_roi_0.png",20250529,"CbDRC3","p024","m2x","D08",0,628.753174187253,35.2404919372994,"","48h",10,"15hHB101","DMSO",1,"FENBENDAZOLE",7.5,NA,NA,"NIC1667",1,NA,NA,NA,649.235679251715,562.941789020548,590.12694286605,633.570787678956,654.336844705045,35.3042966773407,673.37708082968,691.522167272839,701.938270796896,0.0543782447662629,36.051659644786,29.8083409081039,32.6813534313023,34.5520913760574,36.3494748862723,2.57228606231865,37.6974041140489,38.8345645433674,41.7271825798816,0.0713500040681393,64,"1_NIC1667_7.5",NA,NA,NA,NA,NA,"1",740.568777337127,-86.2319326320818
"20250529-CbDRC3-p024-m2x_D09_roi_0.png",20250529,"CbDRC3","p024","m2x","D09",0,661.476529812639,36.4226717636079,"","48h",10,"15hHB101","DMSO",1,"FENBENDAZOLE",15,NA,NA,"NIC1667",1,NA,NA,NA,623.073284209437,509.387552125028,562.925662949623,593.594577407093,631.241433869462,45.6604303688402,660.093589934765,669.780921553587,722.572601680086,0.0732826001788453,35.3714855150774,24.034030864354,30.4726150161273,32.8757488993742,36.6632027272579,3.51394246155778,37.5141505239513,38.7777027197376,41.4306179454526,0.0993439322773123,59,"1_NIC1667_15",NA,NA,NA,NA,NA,"1",740.568777337127,-109.327343467665
"20250529-CbDRC3-p024-m2x_D11_roi_0.png",20250529,"CbDRC3","p024","m2x","D11",0,612.472881225932,32.6028487068825,"","48h",10,"15hHB101","DMSO",1,"FENBENDAZOLE",60,NA,NA,"NIC1667",1,NA,NA,NA,600.160311366181,497.134281398026,549.778744680724,570.96826881656,608.513627145386,46.096722549362,629.029983705143,647.04775053217,705.161216128712,0.0768073490971591,33.5852877894266,26.2045768822474,28.9048255848043,32.0449300052871,34.34794907741,3.00000416019075,35.952005270008,36.6460846707399,39.34815816744,0.0893249502282132,61,"1_NIC1667_60",NA,NA,NA,NA,NA,"1",740.568777337127,-132.055150191741
"20250529-CbDRC3-p024-m2x_D12_roi_0.png",20250529,"CbDRC3","p024","m2x","D12",0,560.921076027205,31.2110639878817,"","48h",10,"15hHB101","DMSO",1,"FENBENDAZOLE",120,NA,NA,"NIC1667",1,NA,NA,NA,541.088902109967,170.315058676325,478.915411429723,528.120236486171,554.95180363485,69.1531091351803,576.363560983926,600.127001132339,616.087164877979,0.127803599123026,30.2460546919615,14.5819386528158,26.6235492759157,28.9048547145815,30.4370637182684,3.50639949975362,31.8343814880149,33.9646205728048,36.726901563286,0.115929152924712,48,"1_NIC1667_120",NA,NA,NA,NA,NA,"1",740.568777337127,-185.616973702277
"20250529-CbDRC3-p024-m2x_E01_roi_0.png",20250529,"CbDRC3","p024","m2x","E01",0,748.279054482632,34.743268601203,"","48h",10,"15hHB101","DMSO",1,"FENBENDAZOLE",0,NA,NA,"PB420",1,NA,NA,NA,758.036927266833,606.867678200008,722.152238366123,746.365805034171,763.210986341211,38.73343603378,775.167442723306,790.695229827782,865.431527240794,0.0510970305542195,37.1220940571826,27.5258509043947,34.7760644840448,36.0603832955791,37.1716744225604,2.45710203856294,38.8943275487229,39.865699167007,41.4421973442505,0.0661897476682765,74,"1_PB420_0",NA,NA,NA,NA,NA,"1",767.804057932223,-4.59307159101286
"20250529-CbDRC3-p024-m2x_E02_roi_0.png",20250529,"CbDRC3","p024","m2x","E02",0,746.700647359706,36.5363518148639,"","48h",10,"15hHB101","DMSO",1,"FENBENDAZOLE",0.117,NA,NA,"PB420",1,NA,NA,NA,766.56570060343,643.214985873755,731.818356335869,753.078931797014,773.757256767521,35.9662942298538,786.911352584007,798.870484938287,839.2336627045,0.0469187366478067,37.2503481390186,31.7121402215788,34.3948544443878,35.9747225744728,37.0458796781497,2.37111706374089,39.1147452424266,40.5900451063139,42.2920856658896,0.0636535544551654,60,"1_PB420_0.117",NA,NA,NA,NA,NA,"1",767.804057932223,5.95319883529726
"20250529-CbDRC3-p024-m2x_E03_roi_0.png",20250529,"CbDRC3","p024","m2x","E03",0,783.922666725103,38.1498295598954,"","48h",10,"15hHB101","DMSO",1,"FENBENDAZOLE",0.234,NA,NA,"PB420",1,NA,NA,NA,745.114097531303,198.825895684036,699.958740707152,746.533902555379,770.895324352329,108.331827280503,788.717852289741,797.393948025398,815.530567084067,0.145389582131684,36.1128482365045,14.2515490625771,33.642106519585,35.3617064329648,37.0950693063745,4.70155059496672,37.966385194238,39.130412093411,41.279902698807,0.130190522890249,59,"1_PB420_0.234",NA,NA,NA,NA,NA,"1",767.804057932223,3.09126642010551
"20250529-CbDRC3-p024-m2x_E04_roi_0.png",20250529,"CbDRC3","p024","m2x","E04",0,755.457913920066,35.3570930511881,"","48h",10,"15hHB101","DMSO",1,"FENBENDAZOLE",0.468,NA,NA,"PB420",1,NA,NA,NA,763.611142910602,629.270445173927,727.554986947475,752.160141069315,766.361676970103,32.8363506643545,781.953515954402,796.552014479739,841.558226373822,0.0430014032262475,37.2378027114646,30.1902499655894,34.8965122306691,36.000424175709,37.5179735501044,2.20244836463835,38.4351518476501,39.1429917700106,43.915388513998,0.0591454974318415,66,"1_PB420_0.468",NA,NA,NA,NA,NA,"1",767.804057932223,-1.44238096212098
"20250529-CbDRC3-p024-m2x_E05_roi_0.png",20250529,"CbDRC3","p024","m2x","E05",0,754.582260149373,36.1887921826204,"","48h",10,"15hHB101","DMSO",1,"FENBENDAZOLE",0.937,NA,NA,"PB420",1,NA,NA,NA,759.059325629196,623.3252249683,728.662332753216,748.766643735339,763.003354272055,35.4534495197459,777.133682718739,792.33511024899,820.085243754293,0.0467070864195733,36.6381883928494,28.9378323113412,32.8886630867919,35.4119576767245,36.8242820512802,2.6023044644629,37.6308578099876,39.4421592262064,44.6245288067485,0.0710271052858822,62,"1_PB420_0.937",NA,NA,NA,"outlier","outlier","1",767.804057932223,-4.80070366016889
"20250529-CbDRC3-p024-m2x_E06_roi_0.png",20250529,"CbDRC3","p024","m2x","E06",0,746.768517434462,39.0360994875653,"","48h",10,"15hHB101","DMSO",1,"FENBENDAZOLE",1.875,NA,NA,"PB420",1,NA,NA,NA,719.189801012357,524.851641197767,686.676977548541,709.132346377056,723.349551315003,37.5093971649468,743.550105864842,751.328394385434,759.413495472274,0.0521550738235543,36.9225895271269,23.9660506732214,34.3362235995182,36.0547710161476,37.1741315926291,2.60596817090098,38.390032957426,39.8604872668941,41.5167190160265,0.0705792362961538,60,"1_PB420_1.875",NA,NA,NA,NA,NA,"1",767.804057932223,-44.4545066172207
"20250529-CbDRC3-p024-m2x_E07_roi_0.png",20250529,"CbDRC3","p024","m2x","E07",0,665.807554502513,34.9659706258405,"","48h",10,"15hHB101","DMSO",1,"FENBENDAZOLE",3.75,NA,NA,"PB420",1,NA,NA,NA,642.74331514617,462.172312306106,607.200446975441,629.906535898483,646.998695371274,41.7772000525904,669.318143015752,683.14040411678,691.440531950098,0.0649982645764113,35.4295005692352,23.4560181015651,31.8879176038446,33.2496849370176,35.8097117593846,3.19316787251301,37.6114922408848,39.0799140473732,40.3347323104769,0.0901273746795562,46,"1_PB420_3.75",NA,NA,NA,NA,NA,"1",767.804057932223,-120.805362560949
"20250529-CbDRC3-p024-m2x_E08_roi_0.png",20250529,"CbDRC3","p024","m2x","E08",0,660.836959821036,36.6967850499828,"","48h",10,"15hHB101","DMSO",1,"FENBENDAZOLE",7.5,NA,NA,"PB420",1,NA,NA,NA,624.392366894999,173.523104064551,594.382497832646,636.379927864557,652.245403730924,112.239892774961,664.67063901227,687.328133375569,713.556207429531,0.179758592074262,36.2117735800896,13.1654164487281,35.0640070653719,36.1173036799787,37.6747446443465,5.96872660283678,38.904418423154,39.5746473247482,41.8665878841351,0.164828342075975,50,"1_PB420_7.5",NA,NA,NA,"outlier","outlier","1",767.804057932223,-115.558654201299
"20250529-CbDRC3-p024-m2x_E09_roi_0.png",20250529,"CbDRC3","p024","m2x","E09",0,651.777152076057,35.9242002550945,"","48h",10,"15hHB101","DMSO",1,"FENBENDAZOLE",15,NA,NA,"PB420",1,NA,NA,NA,641.282075768152,506.267481148917,613.887728469479,633.363602228142,644.019157726576,31.8026069351386,655.562982615937,673.144536013581,709.998293653525,0.0495922280332632,37.6953905635775,31.0643335388013,35.8664523049948,36.9305362155801,37.953866570312,1.81947283142654,38.7405706461145,39.8024408522416,41.2644231480882,0.048267780336638,41,"1_PB420_15",NA,NA,NA,NA,NA,"1",767.804057932223,-123.784900205647
"20250529-CbDRC3-p024-m2x_E11_roi_0.png",20250529,"CbDRC3","p024","m2x","E11",0,589.280676288774,36.5781289950522,"","48h",10,"15hHB101","DMSO",1,"FENBENDAZOLE",60,NA,NA,"PB420",1,NA,NA,NA,614.516277047381,490.118480712563,576.882374490047,598.376650641132,621.527867328869,35.3752507118445,636.791924245557,647.763039180703,671.699234280648,0.0575660109148206,35.9671692900418,29.9731433031669,33.8683041699209,35.0384968688358,36.5145822952032,1.98607590905868,37.2983206408662,37.9429866652738,39.0231770555036,0.0552191331222879,59,"1_PB420_60",NA,NA,NA,NA,NA,"1",767.804057932223,-146.276190603354
"20250529-CbDRC3-p024-m2x_E12_roi_0.png",20250529,"CbDRC3","p024","m2x","E12",0,577.041747680601,35.5424752749086,"","48h",10,"15hHB101","DMSO",1,"FENBENDAZOLE",120,NA,NA,"PB420",1,NA,NA,NA,559.054282054347,430.31763445354,514.362131544892,549.044709026904,563.546424166145,32.7728068906565,577.79056887432,596.960939760293,620.14227472553,0.0586218690074724,34.2788003523344,26.2810981684418,31.6284022176057,33.1977391800555,34.3561773475715,2.46780312397357,35.5854545990984,37.3709385716417,39.1099718412809,0.0719921087846796,68,"1_PB420_120",NA,NA,NA,NA,NA,"1",767.804057932223,-204.257633766078
"20250529-CbDRC3-p024-m2x_F01_roi_0.png",20250529,"CbDRC3","p024","m2x","F01",0,757.954641487632,33.4368270779343,"","48h",10,"15hHB101","DMSO",1,"FENBENDAZOLE",0,NA,NA,"ED3102",1,NA,NA,NA,761.28410078714,671.723449000307,731.507556902372,741.558466505515,765.344966018248,26.3433846464887,777.544968439389,788.463735105554,863.172438615644,0.0346038812832826,36.5033802375022,29.3908318276624,34.799238500337,35.6482322522884,36.5832997815217,1.74352405038825,37.6093795711732,38.290630135243,39.7341373235989,0.0477633588737357,81,"1_ED3102_0",NA,"n>75",NA,NA,NA,"1",759.27644085211,6.06852516613856
"20250529-CbDRC3-p024-m2x_F02_roi_0.png",20250529,"CbDRC3","p024","m2x","F02",0,781.126022928495,37.9142115163433,"","48h",10,"15hHB101","DMSO",1,"FENBENDAZOLE",0.117,NA,NA,"ED3102",1,NA,NA,NA,754.841890371558,506.616064452326,727.88327411232,744.302922500535,756.496108327028,34.8924095000031,771.186020827674,787.814889059738,816.654194816349,0.0462247921651883,36.5039706099303,29.8107201545953,34.0072979779075,35.1773539675563,36.5398364543954,2.05413293115444,37.986498589791,39.0032766139948,42.2733172252851,0.0562714931234262,89,"1_ED3102_0.117",NA,"n>75",NA,NA,NA,"1",759.27644085211,-2.78033252508158
"20250529-CbDRC3-p024-m2x_F03_roi_0.png",20250529,"CbDRC3","p024","m2x","F03",0,766.923408255652,39.4857823000875,"","48h",10,"15hHB101","DMSO",1,"FENBENDAZOLE",0.234,NA,NA,"ED3102",1,NA,NA,NA,751.369840923004,577.5757356656,720.057273378893,742.392500939488,753.554522609148,32.7108228749372,768.364548879317,784.250024568376,806.618419633649,0.0435349159539785,35.5308025554784,27.9917767711685,32.629782431763,34.057564620457,35.7685700451682,2.35328665070104,37.3977493018115,38.2135653861464,39.6512482098567,0.0662322965271213,96,"1_ED3102_0.234",NA,"n>75",NA,NA,NA,"1",759.27644085211,-5.72191824296192
"20250529-CbDRC3-p024-m2x_F04_roi_0.png",20250529,"CbDRC3","p024","m2x","F04",0,779.516980866901,37.08270345439,"","48h",10,"15hHB101","DMSO",1,"FENBENDAZOLE",0.468,NA,NA,"ED3102",1,NA,NA,NA,765.016346236845,687.778848100269,736.633402433753,751.192050805965,763.257528713297,24.5384104773522,778.246487541612,794.273005917336,831.058254487952,0.0320756681841609,35.9958774061532,30.4518990334773,33.3757134748779,34.6890465131242,36.0993002009081,1.93222977990566,37.3721327194189,38.3805132850804,39.6745993777526,0.0536791965953123,69,"1_ED3102_0.468",NA,NA,NA,NA,NA,"1",759.27644085211,3.98108786118701
"20250529-CbDRC3-p024-m2x_F05_roi_0.png",20250529,"CbDRC3","p024","m2x","F05",0,737.915447334697,36.0239851612701,"","48h",10,"15hHB101","DMSO",1,"FENBENDAZOLE",0.937,NA,NA,"ED3102",1,NA,NA,NA,741.503107665291,568.96589866266,700.85158688676,723.877233297109,750.472159402054,40.0593471408537,764.551522897593,779.552163948609,806.078028179788,0.0540245168587159,36.5515275156941,26.1304235095553,34.0177441614692,35.1940194313072,36.9101153789763,2.64845584484441,38.1678913744169,39.6197863175134,42.0038820654467,0.0724581440189399,83,"1_ED3102_0.937",NA,"n>75",NA,NA,NA,"1",759.27644085211,-8.80428145005578
"20250529-CbDRC3-p024-m2x_F06_roi_0.png",20250529,"CbDRC3","p024","m2x","F06",0,747.009509561497,38.2637923907522,"","48h",10,"15hHB101","DMSO",1,"FENBENDAZOLE",1.875,NA,NA,"ED3102",1,NA,NA,NA,701.762135628659,180.957904949084,693.207797566963,711.898341089487,733.409059102119,128.337585707703,749.047194964201,765.729752290582,784.227798666358,0.182879040050707,36.5435181671028,12.0113464574551,35.3827121341153,37.0380992211552,37.9475388410026,6.22758287482903,38.8503689567317,40.3251496860162,41.3287483353994,0.170415526122912,67,"1_ED3102_1.875",NA,NA,NA,NA,NA,"1",759.27644085211,-25.8673817499906
"20250529-CbDRC3-p024-m2x_F07_roi_0.png",20250529,"CbDRC3","p024","m2x","F07",0,683.737990202879,37.9745803141544,"","48h",10,"15hHB101","DMSO",1,"FENBENDAZOLE",3.75,NA,NA,"ED3102",1,NA,NA,NA,598.882953048891,134.121810256891,188.866124133681,632.078206437094,663.023047424627,167.615834270842,676.522119593123,696.903328112244,736.300601104953,0.279880790424099,34.5419713941578,11.2127850914783,14.7567835195821,35.399835743192,37.2080149134663,8.34119360842399,39.2862249872101,40.0690565079042,41.6414886230788,0.241479952410439,64,"1_ED3102_3.75",NA,NA,NA,NA,NA,"1",759.27644085211,-96.2533934274823
"20250529-CbDRC3-p024-m2x_F08_roi_0.png",20250529,"CbDRC3","p024","m2x","F08",0,672.198073049305,38.0434918855292,"","48h",10,"15hHB101","DMSO",1,"FENBENDAZOLE",7.5,NA,NA,"ED3102",1,NA,NA,NA,645.732751741819,274.753035387632,614.275855562971,628.354969446621,654.521701778661,54.3404975832739,669.85976144359,686.907041968379,720.211458406813,0.0841532312503806,36.7929163511243,19.8334527111233,34.285863275331,35.5637550964101,37.0476386377051,2.92688486411745,38.6262503314437,39.464190578661,40.9334106813425,0.0795502274455612,68,"1_ED3102_7.5",NA,NA,NA,NA,NA,"1",759.27644085211,-104.754739073449
"20250529-CbDRC3-p024-m2x_F09_roi_0.png",20250529,"CbDRC3","p024","m2x","F09",0,588.165654127593,33.6310086462659,"","48h",10,"15hHB101","DMSO",1,"FENBENDAZOLE",15,NA,NA,"ED3102",1,NA,NA,NA,632.446381590858,513.250321905826,588.643494041185,609.637795337856,636.900670151106,35.8404282550185,656.544017301034,673.905356724324,689.373791700235,0.0566695127021921,37.2754584550912,29.4789053658197,34.5159743181718,36.072877508643,37.3518151070879,2.32916741112525,39.1385325106533,39.9620671379299,41.8239295944943,0.0624852787238389,75,"1_ED3102_15",NA,NA,NA,NA,NA,"1",759.27644085211,-122.375770701003
"20250529-CbDRC3-p024-m2x_F11_roi_0.png",20250529,"CbDRC3","p024","m2x","F11",0,633.776688650347,37.1842135075502,"","48h",10,"15hHB101","DMSO",1,"FENBENDAZOLE",60,NA,NA,"ED3102",1,NA,NA,NA,615.07654506221,190.416693352298,570.749865180614,600.631236382955,631.975535600977,66.0633979654195,646.546016577557,659.855543257275,689.718202142484,0.107406791066529,36.1468095757862,12.2974774003779,32.695061122152,35.2483554172304,36.8505768356602,3.95500528609788,38.1621251567193,39.2880221156016,40.722270530118,0.109415058549102,73,"1_ED3102_60",NA,NA,NA,NA,NA,"1",759.27644085211,-127.300905251132
"20250529-CbDRC3-p024-m2x_F12_roi_0.png",20250529,"CbDRC3","p024","m2x","F12",0,602.145029219537,35.9914933206446,"","48h",10,"15hHB101","DMSO",1,"FENBENDAZOLE",120,NA,NA,"ED3102",1,NA,NA,NA,562.096409473692,468.235235546527,514.203508304586,535.973161232151,561.232843346795,38.1295371924852,589.655975238629,604.330021155857,656.554433028392,0.0678345147733412,33.9789405075994,26.6625850125263,30.2490875121636,31.4057289009471,34.3214464249458,2.84333471255038,35.8727657048593,37.5705030222435,41.1527783656708,0.0836793222529839,98,"1_ED3102_120",NA,"n>75",NA,NA,NA,"1",759.27644085211,-198.043597505315
