"Filename","Date","Metadata_Experiment","Metadata_Plate","Magnification","Metadata_Well","Worm_ID","Length_um","Width_um","Topology_Warnings","assay_type","food_conc_OD","food_type","diluent","diluent_concentration_perc","drug","concentration_um","drug_stock_prep_date","drug_prep_method","strain","bleach","well_censor","well_censor_reason","notes","mean_wormlength_um","min_wormlength_um","q10_wormlength_um","q25_wormlength_um","median_wormlength_um","sd_wormlength_um","q75_wormlength_um","q90_wormlength_um","max_wormlength_um","cv_wormlength_um","mean_wormwidth_um","min_wormwidth_um","q10_wormwidth_um","q25_wormwidth_um","median_wormwidth_um","sd_wormwidth_um","q75_wormwidth_um","q90_wormwidth_um","max_wormwidth_um","cv_wormwidth_um","n","flag_id","titer_WellFlag","n_WellFlag","outlier_length_WellFlag","outlier_width_WellFlag","outlier_WellFlag","assay_bleach","control_median_wormlength_um","median_wormlength_um_delta"
"20250619-CbDRC4-p019-m2x_A01_roi_0.png",20250619,"CbDRC4","p019","m2x","A01",0,750.655713474887,37.8622914809352,"","48h",10,"15hHB101","DMSO",1,"MILBEMYCIN",0,NA,NA,"PB420",1,NA,NA,NA,736.350971663055,202.354965525631,716.973472752828,731.902881913232,751.434894967415,83.66966143548,764.246068314821,772.727586642606,792.405019274136,0.113627420422236,37.6221596180769,9.90192590297316,36.1503294846044,37.1944193776767,37.9610137529498,4.55120117411521,39.2389108492845,40.2375916800095,42.8965384239104,0.120971289801461,46,"1_PB420_0",NA,NA,NA,"outlier","outlier","1",764.404649350685,-12.96975438327
"20250619-CbDRC4-p019-m2x_A02_roi_0.png",20250619,"CbDRC4","p019","m2x","A02",0,731.692592868357,38.2602957244409,"","48h",10,"15hHB101","DMSO",1,"MILBEMYCIN",0.00097,NA,NA,"PB420",1,NA,NA,NA,746.016951987213,684.623249089865,708.226209625597,727.259790408986,745.185844426491,27.6524762312149,768.347315595698,777.569655622349,825.375254516981,0.0370668202077114,38.0585971672357,33.428963130752,35.4279696966582,37.3009820218959,38.1448291178875,1.91646163182666,39.3299855542815,40.2899393999547,41.7250565113713,0.050355551031096,59,"1_PB420_0.00097",NA,NA,NA,NA,NA,"1",764.404649350685,-19.218804924194
"20250619-CbDRC4-p019-m2x_A03_roi_0.png",20250619,"CbDRC4","p019","m2x","A03",0,763.459855427781,39.1416613416603,"","48h",10,"15hHB101","DMSO",1,"MILBEMYCIN",0.0019,NA,NA,"PB420",1,NA,NA,NA,735.334044716614,273.48364400628,700.13513363368,723.526596950609,749.414534567286,75.8514981102965,769.039324814967,781.84137840553,802.639763910296,0.103152436168692,37.4906324544154,19.7681367866895,34.1880132724544,37.000593739001,37.9630847436905,3.6109870790264,39.3876927354615,40.8904713806145,41.9753766720701,0.0963170488899319,48,"1_PB420_0.0019",NA,NA,NA,NA,NA,"1",764.404649350685,-14.9901147833996
"20250619-CbDRC4-p019-m2x_A06_roi_0.png",20250619,"CbDRC4","p019","m2x","A06",0,758.29136073528,38.6179212349571,"","48h",10,"15hHB101","DMSO",1,"MILBEMYCIN",0.0156,NA,NA,"PB420",1,NA,NA,NA,741.967160718536,661.994323578187,710.789776961394,727.107215065414,742.112950813008,28.7927747745463,760.648364454563,767.138132625285,826.962173493852,0.0388059961395903,37.9244990662584,30.0998137621097,35.6096966990593,37.096214419887,38.3073888465234,2.63392972270683,39.4484296448961,40.6407554941588,43.0648377243179,0.069451931800208,48,"1_PB420_0.0156",NA,NA,NA,NA,NA,"1",764.404649350685,-22.2916985376778
"20250619-CbDRC4-p019-m2x_A07_roi_0.png",20250619,"CbDRC4","p019","m2x","A07",0,734.450828190152,37.244763410891,"","48h",10,"15hHB101","DMSO",1,"MILBEMYCIN",0.03125,NA,NA,"PB420",1,NA,NA,NA,730.237235115227,425.95836074195,704.251843305308,723.192700641298,737.387445026229,55.8968811429602,756.038225329216,775.875621063369,787.140845080084,0.0765461941065496,37.5053596064698,22.4982336239018,34.9975185396746,36.5001737779146,37.8819005500608,3.41928053296125,39.6546122830349,40.3187187726201,42.2250348726813,0.0911677842537314,45,"1_PB420_0.03125",NA,NA,NA,NA,NA,"1",764.404649350685,-27.0172043244568
"20250619-CbDRC4-p019-m2x_A08_roi_0.png",20250619,"CbDRC4","p019","m2x","A08",0,738.263848758479,39.0439870969109,"","48h",10,"15hHB101","DMSO",1,"MILBEMYCIN",0.0625,NA,NA,"PB420",1,NA,NA,NA,751.379180613524,705.53450536917,723.843486413121,731.901201276611,753.22874199999,22.3541763731051,770.296255830454,779.041423647054,792.816464616816,0.0297508594194108,37.4878571251215,34.382198262077,35.1374978432936,36.3671974528898,37.3864070365954,1.69821597649943,38.8975339128679,39.8003906531399,40.5598678894905,0.0453004281047959,56,"1_PB420_0.0625",NA,NA,NA,NA,NA,"1",764.404649350685,-11.1759073506948
"20250619-CbDRC4-p019-m2x_A10_roi_0.png",20250619,"CbDRC4","p019","m2x","A10",0,747.76931341889,37.0169224040789,"","48h",10,"15hHB101","DMSO",1,"MILBEMYCIN",0.25,NA,NA,"PB420",1,NA,NA,NA,699.258805855282,309.687376271683,666.862350530245,688.572710797646,705.047902837776,67.1171247099207,729.036489914722,754.694160402608,811.940033762411,0.0959832384632296,34.6258124323405,24.8290599032341,31.0055639101186,32.5852896039932,35.0510538652534,3.06695443471766,36.7419803066575,38.5628153725464,39.52568197071,0.0885742230802687,63,"1_PB420_0.25",NA,NA,NA,NA,NA,"1",764.404649350685,-59.3567465129092
"20250619-CbDRC4-p019-m2x_A11_roi_0.png",20250619,"CbDRC4","p019","m2x","A11",0,584.718169160069,26.486340628797,"","48h",10,"15hHB101","DMSO",1,"MILBEMYCIN",0.5,NA,NA,"PB420",1,NA,NA,NA,515.090584717217,127.889830982625,418.12516465832,462.728134484653,539.734739699724,92.8796121848914,573.346410646983,600.913707396638,682.92988251276,0.180317045080298,24.126002111862,16.472102114639,19.8383021507717,22.3727993424488,24.290900319278,3.27181872873613,26.4247460222697,27.7879287025733,31.6967267783742,0.135613796001762,45,"1_PB420_0.5",NA,NA,NA,NA,NA,"1",764.404649350685,-224.669909650961
"20250619-CbDRC4-p019-m2x_A12_roi_0.png",20250619,"CbDRC4","p019","m2x","A12",0,364.092258825198,18.8958813205904,"","48h",10,"15hHB101","DMSO",1,"MILBEMYCIN",1,NA,NA,"PB420",1,NA,NA,NA,300.831009472512,195.028336958264,251.837855784216,270.45417009177,296.032621818791,44.6194740100245,323.069295311808,365.074344667231,388.90409061122,0.148320726936568,16.8562216317815,13.6732350417566,14.9018242099425,15.942192439936,16.7668062463423,1.58996928407376,17.4444919551659,18.7779788046519,21.4866671707285,0.0943253665504704,34,"1_PB420_1",NA,NA,NA,NA,NA,"1",764.404649350685,-468.372027531895
"20250619-CbDRC4-p019-m2x_B01_roi_0.png",20250619,"CbDRC4","p019","m2x","B01",0,925.313928860568,39.1888151104325,"","48h",10,"15hHB101","DMSO",1,"MILBEMYCIN",0,NA,NA,"ED3102",1,NA,NA,NA,828.748838103705,717.227767897094,764.637966104418,799.856179570166,838.538767866264,47.1358034675597,857.59533305347,885.576458206071,925.313928860568,0.0568758606955192,40.7244340025047,37.7709165876733,38.7871495269449,39.2111589788124,40.4381351741278,1.74196221545261,41.9913321125523,42.8921998710608,45.280824162701,0.042774375092493,51,"1_ED3102_0",NA,NA,NA,NA,NA,"1",858.463870400194,-19.9251025339297
"20250619-CbDRC4-p019-m2x_B02_roi_0.png",20250619,"CbDRC4","p019","m2x","B02",0,809.131538748586,39.5806253009626,"","48h",10,"15hHB101","DMSO",1,"MILBEMYCIN",0.00097,NA,NA,"ED3102",1,NA,NA,NA,826.62466205553,748.101055506734,769.000100282401,810.90554026025,823.552985446383,38.9909072583382,850.882254586592,878.786277600432,916.739416680056,0.0471688168138865,39.8205741606214,36.3400076810272,37.6671018703983,38.4945922233586,40.1323091372988,1.73167978075669,41.019966966001,41.4777254775305,44.5006422791487,0.0434870620843321,44,"1_ED3102_0.00097",NA,NA,NA,NA,NA,"1",858.463870400194,-34.9108849538111
"20250619-CbDRC4-p019-m2x_B03_roi_0.png",20250619,"CbDRC4","p019","m2x","B03",0,868.715137527483,40.3452790010124,"","48h",10,"15hHB101","DMSO",1,"MILBEMYCIN",0.0019,NA,NA,"ED3102",1,NA,NA,NA,825.592540939076,731.970707331872,769.185233686256,793.455737801651,818.757243202666,49.7337846865077,859.786523016803,887.508016270887,962.647422874159,0.060240109037247,40.189912076533,35.6982438355357,37.912289921737,38.8725788780872,40.2849658109039,1.87016335672961,41.2418136869072,42.3836580471644,45.1270114918653,0.0465331537219661,57,"1_ED3102_0.0019",NA,NA,NA,NA,NA,"1",858.463870400194,-39.7066271975276
"20250619-CbDRC4-p019-m2x_B04_roi_0.png",20250619,"CbDRC4","p019","m2x","B04",0,797.272974943409,39.8568125461546,"","48h",10,"15hHB101","DMSO",1,"MILBEMYCIN",0.0039,NA,NA,"ED3102",1,NA,NA,NA,830.582660592232,155.074842242022,778.805158518926,796.680587584486,836.937427730936,127.323682508601,875.888534309517,918.603189555969,1049.09743317867,0.153294414330556,40.0738061564818,22.6416559676214,38.1101910589131,39.4340365070749,40.2048043584714,3.39231814406137,41.2665664998148,43.3589667003386,44.1702700385542,0.0846517580789533,40,"1_ED3102_0.0039",NA,NA,NA,NA,NA,"1",858.463870400194,-21.5264426692581
"20250619-CbDRC4-p019-m2x_B05_roi_0.png",20250619,"CbDRC4","p019","m2x","B05",0,864.336274331223,40.4466408124285,"","48h",10,"15hHB101","DMSO",1,"MILBEMYCIN",0.0078,NA,NA,"ED3102",1,NA,NA,NA,838.125564530326,728.361947937856,784.660900926038,807.87055533336,834.747383512963,49.6943068096489,870.01402790211,899.523523390013,959.561760771487,0.0592921978671501,40.2669087036269,32.2606425816113,36.9049978196912,38.6793812761459,40.8425277885241,2.41950812280642,41.7645235192751,42.5373740356518,45.1267573933204,0.0600867610825187,53,"1_ED3102_0.0078",NA,NA,NA,NA,NA,"1",858.463870400194,-23.716486887231
"20250619-CbDRC4-p019-m2x_B06_roi_0.png",20250619,"CbDRC4","p019","m2x","B06",0,850.414096205946,41.1835975899326,"","48h",10,"15hHB101","DMSO",1,"MILBEMYCIN",0.0156,NA,NA,"ED3102",1,NA,NA,NA,815.380668919788,322.299063392935,763.382370984064,794.374142418901,826.2098707145,76.6088234791632,849.390125524012,869.663873878991,912.672682374953,0.0939546722154379,39.6878883612174,19.0157895154218,38.3558808204788,39.1263236731829,39.9739224119373,3.04940563591207,40.8927993500899,41.4914563054125,43.7217990724674,0.0768346657337385,59,"1_ED3102_0.0156",NA,NA,NA,NA,NA,"1",858.463870400194,-32.2539996856941
"20250619-CbDRC4-p019-m2x_B07_roi_0.png",20250619,"CbDRC4","p019","m2x","B07",0,837.192912698011,40.6313035188063,"","48h",10,"15hHB101","DMSO",1,"MILBEMYCIN",0.03125,NA,NA,"ED3102",1,NA,NA,NA,821.173718338767,703.468828465841,739.228251454395,790.659611708271,822.510873610326,54.2368523745015,859.697068153176,892.817770127091,912.75303097804,0.0660479642288389,40.5058954489827,35.5006802564719,37.9111149993137,39.719927977357,40.7830307333022,1.94892855784917,41.9016121624546,42.4924433701769,44.7419311925021,0.048114688892728,47,"1_ED3102_0.03125",NA,NA,NA,NA,NA,"1",858.463870400194,-35.9529967898681
"20250619-CbDRC4-p019-m2x_B08_roi_0.png",20250619,"CbDRC4","p019","m2x","B08",0,808.082510766511,38.6801582612624,"","48h",10,"15hHB101","DMSO",1,"MILBEMYCIN",0.0625,NA,NA,"ED3102",1,NA,NA,NA,810.181523776648,229.031239676518,729.315957580895,794.263608807154,834.769573392607,96.4669361460618,855.454726249605,872.924582693134,895.083627507294,0.119068299282342,40.2396800923248,13.9253342427457,37.2871896060123,38.5382490100684,39.91005212748,6.44610370850113,41.3535055786407,42.7504701121884,66.5818245194717,0.16019271757905,54,"1_ED3102_0.0625",NA,NA,NA,NA,NA,"1",858.463870400194,-23.6942970075867
"20250619-CbDRC4-p019-m2x_B09_roi_0.png",20250619,"CbDRC4","p019","m2x","B09",0,911.330165107192,38.5580658237985,"","48h",10,"15hHB101","DMSO",1,"MILBEMYCIN",0.125,NA,NA,"ED3102",1,NA,NA,NA,832.967949903085,703.363332260048,746.43353643443,797.638504512183,856.480218429959,58.1892706976488,874.901454660604,901.315250785027,913.249365739216,0.0698577546764183,39.6826719890352,34.9937738038527,36.8964710652482,38.5726428010857,39.6958081467394,1.98328484093665,40.8936680087056,42.7688479021666,43.1169175730443,0.0499786113567316,42,"1_ED3102_0.125",NA,NA,NA,NA,NA,"1",858.463870400194,-1.98365197023486
"20250619-CbDRC4-p019-m2x_B10_roi_0.png",20250619,"CbDRC4","p019","m2x","B10",0,785.120579105038,35.3194557557173,"","48h",10,"15hHB101","DMSO",1,"MILBEMYCIN",0.25,NA,NA,"ED3102",1,NA,NA,NA,668.955208504027,537.907990424468,569.38437686313,626.813855619337,671.440622568328,76.9961111360233,715.418463550654,748.297230572087,931.982283979554,0.115099053205981,30.7367745229622,26.5878485860008,26.8651629218895,28.2642600167695,30.2118696924552,3.19598386456266,32.9572302223551,35.265947288097,37.1049247695298,0.103979155723547,47,"1_ED3102_0.25",NA,NA,NA,NA,NA,"1",858.463870400194,-187.023247831866
"20250619-CbDRC4-p019-m2x_B11_roi_0.png",20250619,"CbDRC4","p019","m2x","B11",0,431.97761691748,21.8582290626633,"","48h",10,"15hHB101","DMSO",1,"MILBEMYCIN",0.5,NA,NA,"ED3102",1,NA,NA,NA,426.147629711169,155.465692795459,353.068547799654,382.391506214591,429.257986588019,82.0698393694597,473.57232817631,499.576240869794,784.964140600703,0.192585464865977,20.8191722769006,12.892843669445,17.4233560683627,18.8048073141528,20.7125263579627,3.51091018295598,21.9979332499048,22.8763627130583,39.9175650113084,0.168638317424917,56,"1_ED3102_0.5",NA,NA,NA,NA,NA,"1",858.463870400194,-429.205883812175
"20250619-CbDRC4-p019-m2x_B12_roi_0.png",20250619,"CbDRC4","p019","m2x","B12",0,334.939528074782,17.3810858448225,"","48h",10,"15hHB101","DMSO",1,"MILBEMYCIN",1,NA,NA,"ED3102",1,NA,NA,NA,305.377332465993,264.162271904352,268.672957781191,277.129706153904,295.196454178864,37.0186253368955,314.77579332905,333.280407133287,405.446370042001,0.121222570902567,17.1365909713312,14.4402861346831,15.2095584964025,15.8805860426155,17.0717314855659,2.25964271358067,17.4446458573128,18.4376242913912,25.3519871236362,0.13186069022485,23,"1_ED3102_1",NA,NA,NA,"outlier","outlier","1",858.463870400194,-563.26741622133
"20250619-CbDRC4-p019-m2x_C01_roi_0.png",20250619,"CbDRC4","p019","m2x","C01",0,749.306283464415,40.6385468046977,"","48h",10,"15hHB101","DMSO",1,"MILBEMYCIN",0,NA,NA,"JU3237",1,NA,NA,NA,730.586182360736,689.883300925243,693.66568760458,703.760074535014,729.564815125105,29.5429654851789,756.592032854963,764.056559196049,789.012532997866,0.0404373449682788,39.0500177570887,35.3314465009423,36.95854558207,37.6065001882046,39.1352132761892,1.95025441217705,40.151016837042,40.9748456538436,43.4281590002231,0.049942471839799,24,"1_JU3237_0",NA,NA,NA,NA,NA,"1",765.709066236116,-36.1442511110112
"20250619-CbDRC4-p019-m2x_C02_roi_0.png",20250619,"CbDRC4","p019","m2x","C02",0,700.288757856799,37.5779111743432,"","48h",10,"15hHB101","DMSO",1,"MILBEMYCIN",0.00097,NA,NA,"JU3237",1,NA,NA,NA,735.328627848846,645.561559487015,694.938393847497,707.494287742796,733.444025830689,37.7701038444044,759.256115639222,782.255081922877,830.643017022151,0.051364930473193,39.4783704976454,34.9488262548966,35.9156072922815,38.0942472447116,39.5272897041037,2.41743111993195,41.0409514470292,42.081121147605,44.8789736326748,0.0612343186777715,34,"1_JU3237_0.00097",NA,NA,NA,NA,NA,"1",765.709066236116,-32.2650404054277
"20250619-CbDRC4-p019-m2x_C03_roi_0.png",20250619,"CbDRC4","p019","m2x","C03",0,781.293414494094,41.5388566834643,"","48h",10,"15hHB101","DMSO",1,"MILBEMYCIN",0.0019,NA,NA,"JU3237",1,NA,NA,NA,747.033769609921,690.220366067546,702.991135198045,724.371229296743,753.561128880523,32.7255360261411,778.968717110375,785.108030550585,792.857858533412,0.0438073047798487,39.445989413401,33.2527440400836,37.2361537121389,37.9225787645525,39.5477442775201,2.38445816623435,41.2045556133338,42.0317380633126,43.5721458890245,0.060448684433918,28,"1_JU3237_0.0019",NA,NA,NA,NA,NA,"1",765.709066236116,-12.1479373555937
"20250619-CbDRC4-p019-m2x_C04_roi_0.png",20250619,"CbDRC4","p019","m2x","C04",0,702.946630252227,37.9370354055437,"","48h",10,"15hHB101","DMSO",1,"MILBEMYCIN",0.0039,NA,NA,"JU3237",1,NA,NA,NA,735.859246867777,694.961880936408,699.341475989823,711.259482310581,725.079064907673,30.7858036228943,764.313066910014,778.081130919168,793.376264162925,0.0418365383786854,39.0707566687623,32.1976075720187,35.5860409096648,37.4592296374825,39.5210784870982,2.64984996973765,40.8509536213098,41.9246883949826,43.2509226102438,0.0678218236775601,34,"1_JU3237_0.0039",NA,NA,NA,NA,NA,"1",765.709066236116,-40.6300013284434
"20250619-CbDRC4-p019-m2x_C06_roi_0.png",20250619,"CbDRC4","p019","m2x","C06",0,743.936157948986,41.4842467104963,"","48h",10,"15hHB101","DMSO",1,"MILBEMYCIN",0.0156,NA,NA,"JU3237",1,NA,NA,NA,738.629584635689,597.954715354043,697.484692795611,717.635101130236,740.970903287813,39.5658143971417,758.806160755624,780.859924619871,803.269121259823,0.0535665172640717,38.7236608638719,30.9299119463578,36.9468200298185,37.923652414361,38.6785765786374,2.19179050692932,40.1258033525452,41.0323756072228,42.2861644786739,0.0566008083438775,34,"1_JU3237_0.0156",NA,NA,NA,NA,NA,"1",765.709066236116,-24.7381629483036
"20250619-CbDRC4-p019-m2x_C07_roi_0.png",20250619,"CbDRC4","p019","m2x","C07",0,758.508934497428,40.2942122174135,"","48h",10,"15hHB101","DMSO",1,"MILBEMYCIN",0.03125,NA,NA,"JU3237",1,NA,NA,NA,736.218364614488,672.905840260801,696.85963039688,709.259466535221,731.484364834763,31.6111383703099,762.01317479914,774.970745590356,802.184209129903,0.0429371771877256,39.219896940822,31.1464226089619,36.6523250987012,38.4536045530743,39.8022936444808,2.54534451000672,40.7539053941173,41.3614922642265,42.9346891274028,0.0648993166363321,36,"1_JU3237_0.03125",NA,NA,NA,NA,NA,"1",765.709066236116,-34.2247014013531
"20250619-CbDRC4-p019-m2x_C08_roi_0.png",20250619,"CbDRC4","p019","m2x","C08",0,751.199178455578,41.4503231601829,"","48h",10,"15hHB101","DMSO",1,"MILBEMYCIN",0.0625,NA,NA,"JU3237",1,NA,NA,NA,738.132502181741,684.156868383854,703.023720373514,718.182258842664,737.370840812347,28.4812794419589,763.766297843042,775.897785068992,785.706859291808,0.0385855918250112,38.571963023114,29.7382641309434,33.8808223598578,36.9360393395145,39.2019863495128,3.66084756816634,41.3503728297765,42.2637242434081,44.2521109517231,0.0949095477969997,31,"1_JU3237_0.0625",NA,NA,NA,NA,NA,"1",765.709066236116,-28.3382254237697
"20250619-CbDRC4-p019-m2x_C09_roi_0.png",20250619,"CbDRC4","p019","m2x","C09",0,704.98295413425,37.9756055272912,"","48h",10,"15hHB101","DMSO",1,"MILBEMYCIN",0.125,NA,NA,"JU3237",1,NA,NA,NA,703.589058162638,599.902167473266,627.633613003182,684.990668635666,708.897031703658,49.6698097828351,725.043887836594,762.057891063053,812.072572908237,0.0705949150382519,35.5091959100752,29.0594655927483,30.7050011612512,33.4125051447729,35.5672267592073,3.39049648376242,38.1029888254163,39.1993624140993,41.6018660422038,0.0954822095197156,35,"1_JU3237_0.125",NA,NA,NA,NA,NA,"1",765.709066236116,-56.8120345324583
"20250619-CbDRC4-p019-m2x_C11_roi_0.png",20250619,"CbDRC4","p019","m2x","C11",0,537.103526690376,23.4788480324195,"","48h",10,"15hHB101","DMSO",1,"MILBEMYCIN",0.5,NA,NA,"JU3237",1,NA,NA,NA,405.463401076424,287.059979191526,338.771942851844,366.45693887058,406.702462520543,58.9427890067068,437.648812441072,463.058506405683,537.103526690376,0.145371416631502,19.7641276923563,15.6489779384816,17.2404064796087,17.9666209110744,19.4037401346317,2.35015011265363,21.5385936562812,21.8470554578867,25.3691258150853,0.118909883058616,24,"1_JU3237_0.5",NA,NA,NA,"outlier","outlier","1",765.709066236116,-359.006603715574
"20250619-CbDRC4-p019-m2x_C12_roi_0.png",20250619,"CbDRC4","p019","m2x","C12",0,331.47328429125,15.1316177384439,"","48h",10,"15hHB101","DMSO",1,"MILBEMYCIN",1,NA,NA,"JU3237",1,NA,NA,NA,297.149064769389,167.598631895622,241.158530917631,263.390800054326,277.971347047545,73.7053914048998,313.340631671415,371.918936591409,472.051389604501,0.248041808450923,16.3757961795219,14.0783057931773,14.1588128101485,14.7748784937877,15.6176801289109,2.33976836179024,16.904419981322,20.4478721740689,21.5651665967469,0.142879670468551,18,"1_JU3237_1",NA,NA,NA,NA,NA,"1",765.709066236116,-487.737719188571
"20250619-CbDRC4-p019-m2x_D01_roi_0.png",20250619,"CbDRC4","p019","m2x","D01",0,773.243554672715,35.5730742495039,"","48h",10,"15hHB101","DMSO",1,"MILBEMYCIN",0,NA,NA,"NIC1667",1,NA,NA,NA,728.21065333469,191.48308707101,642.693178418825,724.52009307913,772.441933175577,148.996014562775,810.378912159657,817.317154807771,835.077877703133,0.204605650687034,37.0762923126501,15.5158479327121,31.9194685017889,36.0100577360192,39.3120535272213,6.3670428863489,40.957176421313,41.2003646472282,41.6366455872886,0.17172814456899,18,"1_NIC1667_0",NA,NA,NA,NA,NA,"1",776.621116305835,-4.17918313025825
"20250619-CbDRC4-p019-m2x_D02_roi_0.png",20250619,"CbDRC4","p019","m2x","D02",0,768.349180735325,35.2526409841334,"","48h",10,"15hHB101","DMSO",1,"MILBEMYCIN",0.00097,NA,NA,"NIC1667",1,NA,NA,NA,766.481189906325,674.36053518365,716.907334103494,750.641045678147,763.590144218962,37.5395772613399,790.771291052535,813.353131780751,843.991262812524,0.0489765146955893,38.0135868108645,33.7008198573458,35.3040214906254,37.0710224422075,37.8112222147509,2.14757417668879,39.1433538089479,40.6614830835818,42.784543313941,0.0564949102902073,34,"1_NIC1667_0.00097",NA,NA,NA,NA,NA,"1",776.621116305835,-13.0309720868731
"20250619-CbDRC4-p019-m2x_D03_roi_0.png",20250619,"CbDRC4","p019","m2x","D03",0,799.591823296733,39.295403551689,"","48h",10,"15hHB101","DMSO",1,"MILBEMYCIN",0.0019,NA,NA,"NIC1667",1,NA,NA,NA,765.448658439672,711.801176188274,722.13497222465,735.356276265254,753.928131590412,35.5531382611476,800.252744288958,809.943423910695,811.41342696875,0.0464474499617269,38.9143419479296,35.2379994089622,36.8208476633619,37.1343407813335,38.9937246852768,1.9184521936851,40.1524606271711,41.3629612514342,42.3642273341026,0.0492993610492538,24,"1_NIC1667_0.0019",NA,NA,NA,"outlier","outlier","1",776.621116305835,-22.6929847154232
"20250619-CbDRC4-p019-m2x_D04_roi_0.png",20250619,"CbDRC4","p019","m2x","D04",0,789.987580947308,38.8932743453276,"","48h",10,"15hHB101","DMSO",1,"MILBEMYCIN",0.0039,NA,NA,"NIC1667",1,NA,NA,NA,769.702683712038,662.75102630331,731.174261007375,754.64752340908,779.017898675819,38.3531318860651,798.797117063484,805.782127458578,831.017717359081,0.0498285022225722,38.4958246021546,32.6631332516441,35.0975965491373,37.5134107951146,38.9059621045848,2.50578845660471,40.3820880076484,40.9662012542889,41.4367720947918,0.065092473859216,28,"1_NIC1667_0.0039",NA,NA,NA,NA,NA,"1",776.621116305835,2.39678236998338
"20250619-CbDRC4-p019-m2x_D05_roi_0.png",20250619,"CbDRC4","p019","m2x","D05",0,783.952320571004,40.708645362514,"","48h",10,"15hHB101","DMSO",1,"MILBEMYCIN",0.0078,NA,NA,"NIC1667",1,NA,NA,NA,773.243282735901,687.518407956469,731.092955520975,747.753899688548,777.201919939457,38.6071677285053,797.444704334427,823.09495688889,865.714454662448,0.0499288756727442,37.8036067874849,33.8483653864547,34.7990121418296,36.680153467995,37.9417083428772,1.87976415155917,38.982037661792,40.1183494125843,41.447635027328,0.0497244657666231,41,"1_NIC1667_0.0078",NA,NA,NA,NA,NA,"1",776.621116305835,0.580803633622054
"20250619-CbDRC4-p019-m2x_D06_roi_0.png",20250619,"CbDRC4","p019","m2x","D06",0,807.972672500095,37.3606876770177,"","48h",10,"15hHB101","DMSO",1,"MILBEMYCIN",0.0156,NA,NA,"NIC1667",1,NA,NA,NA,745.604061976105,401.455667011823,678.141479800659,725.687439619656,762.067737736564,90.554673396566,793.025719412275,832.0928437493,859.428022012695,0.121451421759379,35.7398887376019,18.4816689870348,31.6703506224119,33.9005383366551,36.5606659958012,4.72438989158299,38.9745209675901,39.5737454654004,41.6913230321934,0.13218815330593,38,"1_NIC1667_0.0156",NA,NA,NA,"outlier","outlier","1",776.621116305835,-14.5533785692718
"20250619-CbDRC4-p019-m2x_D07_roi_0.png",20250619,"CbDRC4","p019","m2x","D07",0,812.558137451728,39.3872698945436,"","48h",10,"15hHB101","DMSO",1,"MILBEMYCIN",0.03125,NA,NA,"NIC1667",1,NA,NA,NA,752.443972375019,547.622037567626,690.216124602897,726.774705867127,764.849000242185,58.2659052387705,788.753277609357,812.391219666784,841.570773100267,0.0774355398912421,36.4935988912184,23.5008282393849,32.3739992887558,35.9714751193706,37.7954164776999,3.53335615162506,38.6796697572064,39.1232275802277,40.2448152654559,0.0968212579460149,33,"1_NIC1667_0.03125",NA,NA,NA,NA,NA,"1",776.621116305835,-11.7721160636502
"20250619-CbDRC4-p019-m2x_D08_roi_0.png",20250619,"CbDRC4","p019","m2x","D08",0,785.993048179085,39.0137398126931,"","48h",10,"15hHB101","DMSO",1,"MILBEMYCIN",0.0625,NA,NA,"NIC1667",1,NA,NA,NA,728.126992019124,177.059830365181,650.90824281324,730.048390797021,771.601667491867,147.302135854712,800.696110037097,809.03925167028,827.559228372196,0.202302809083122,36.0783754292358,14.8447164707583,31.4772662643216,35.8690902359922,38.2485556003112,6.09329043824529,38.8095678269406,39.5282305081796,41.760874980934,0.168890377289761,28,"1_NIC1667_0.0625",NA,NA,NA,NA,NA,"1",776.621116305835,-5.01944881396821
"20250619-CbDRC4-p019-m2x_D09_roi_0.png",20250619,"CbDRC4","p019","m2x","D09",0,736.355514023562,35.1319258024287,"","48h",10,"15hHB101","DMSO",1,"MILBEMYCIN",0.125,NA,NA,"NIC1667",1,NA,NA,NA,741.913889994126,423.928051769944,692.560800517294,731.39111566957,751.282698385221,84.8332028986764,795.402256482726,808.952568321849,843.226575617051,0.114343731857275,38.1019213792855,24.5473847459279,34.5315372078808,35.649793035517,37.8122700259462,6.32165887387368,40.0438168404784,41.1243852824934,66.5460829663838,0.165914438039613,31,"1_NIC1667_0.125",NA,NA,NA,NA,NA,"1",776.621116305835,-25.3384179206147
"20250619-CbDRC4-p019-m2x_D10_roi_0.png",20250619,"CbDRC4","p019","m2x","D10",0,773.521498382704,38.7014604050655,"","48h",10,"15hHB101","DMSO",1,"MILBEMYCIN",0.25,NA,NA,"NIC1667",1,NA,NA,NA,758.679931623123,317.39994227726,715.031106602794,755.433988194691,779.096224114039,101.166129052943,794.858614522134,809.675951838264,883.653840567747,0.133344938802463,36.7371165089156,18.6545270255385,35.2056361031061,36.2548826565256,37.7349683771631,4.14729022574731,38.6633412838003,39.2701654358561,40.7044021215201,0.112891011049842,24,"1_NIC1667_0.25",NA,NA,NA,NA,NA,"1",776.621116305835,2.4751078082038
"20250619-CbDRC4-p019-m2x_D11_roi_0.png",20250619,"CbDRC4","p019","m2x","D11",0,586.726656234554,31.2713798134792,"","48h",10,"15hHB101","DMSO",1,"MILBEMYCIN",0.5,NA,NA,"NIC1667",1,NA,NA,NA,614.928288092055,529.244689970024,549.21722456604,579.34617801323,610.921195776186,56.1728824546491,639.064993965417,686.312147086797,753.847111144285,0.0913486719385399,27.5441323330761,23.4647690073297,23.7839294052448,24.7498781326936,27.4494114847834,2.97019702381012,29.8761575009274,30.8667019826143,33.6090051001332,0.107834111014758,26,"1_NIC1667_0.5",NA,NA,NA,NA,NA,"1",776.621116305835,-165.699920529649
"20250619-CbDRC4-p019-m2x_D12_roi_0.png",20250619,"CbDRC4","p019","m2x","D12",0,394.01074631127,19.1848224332024,"","48h",10,"15hHB101","DMSO",1,"MILBEMYCIN",1,NA,NA,"NIC1667",1,NA,NA,NA,342.10337574262,295.918069238443,305.417391919416,322.594882704388,340.632388820129,27.3027797950808,358.483262715863,378.049134070697,394.01074631127,0.0798085658635007,17.8001948112179,15.6695315839575,16.4299707402336,16.8946759830625,17.7241719131877,1.34114519789145,18.187045337967,19.1466537730495,22.0406603687389,0.0753444112334237,22,"1_NIC1667_1",NA,NA,NA,NA,NA,"1",776.621116305835,-435.988727485706
"20250619-CbDRC4-p019-m2x_E01_roi_0.png",20250619,"CbDRC4","p019","m2x","E01",0,919.931902452447,39.6990358122744,"","48h",10,"15hHB101","DMSO",1,"MILBEMYCIN",0,NA,NA,"VX34",1,NA,NA,NA,801.485708786088,346.598611429958,749.098531187077,799.685028077953,823.093466361814,104.909577946662,840.602708117635,852.962179122684,939.788040103158,0.130893884690166,37.6236644811035,27.204717538958,35.8547033504058,37.2825879469188,38.1472400198681,2.79859221682588,39.0968454641578,39.7654450590947,41.7557043041254,0.0743838287796628,42,"1_VX34_0",NA,NA,NA,NA,NA,"1",808.628894132328,14.4645722294858
"20250619-CbDRC4-p019-m2x_E02_roi_0.png",20250619,"CbDRC4","p019","m2x","E02",0,902.107362070513,44.1361756479703,"","48h",10,"15hHB101","DMSO",1,"MILBEMYCIN",0.00097,NA,NA,"VX34",1,NA,NA,NA,827.203537524607,662.557983225639,782.539208759322,808.978216470018,828.990042000989,44.8354355372119,852.832444518291,877.217271247932,920.40428620314,0.0542012134901903,38.446159650786,34.5497717925713,36.8279180290946,37.3341001842133,38.2195480237218,1.76810257465792,39.4122130103842,40.4617531112863,44.1361756479703,0.0459890556226667,39,"1_VX34_0.00097",NA,NA,NA,NA,NA,"1",808.628894132328,20.3611478686611
"20250619-CbDRC4-p019-m2x_E04_roi_0.png",20250619,"CbDRC4","p019","m2x","E04",0,739.566027504042,38.4914475370061,"","48h",10,"15hHB101","DMSO",1,"MILBEMYCIN",0.0039,NA,NA,"VX34",1,NA,NA,NA,835.452654672433,694.843892077522,787.700520577409,812.603317113479,827.393426696637,49.6210462439799,867.192368237453,894.290127320862,964.891500944895,0.0593942050054715,38.6468027684785,35.6614963550748,36.6166994680065,37.5261753812667,38.4914475370061,1.69190334086282,39.9909761181911,40.3961231292638,43.6345022611041,0.0437786108982548,49,"1_VX34_0.0039",NA,NA,NA,NA,NA,"1",808.628894132328,18.7645325643089
"20250619-CbDRC4-p019-m2x_E05_roi_0.png",20250619,"CbDRC4","p019","m2x","E05",0,907.933151702312,38.763171557262,"","48h",10,"15hHB101","DMSO",1,"MILBEMYCIN",0.0078,NA,NA,"VX34",1,NA,NA,NA,820.480846095205,684.652076754488,731.179812709762,803.557577341057,830.735785326225,53.3254776525309,847.384889950319,868.520183503417,914.191398088252,0.0649929585880219,38.5516461747636,31.6586721781832,37.3743105073895,37.6892209990875,38.5917716317857,1.90953106868691,39.0824931545208,40.3027475132556,42.9864095452477,0.0495317647404876,31,"1_VX34_0.0078",NA,NA,NA,NA,NA,"1",808.628894132328,22.1068911938972
"20250619-CbDRC4-p019-m2x_E06_roi_0.png",20250619,"CbDRC4","p019","m2x","E06",0,855.859651816446,37.8748215548962,"","48h",10,"15hHB101","DMSO",1,"MILBEMYCIN",0.0156,NA,NA,"VX34",1,NA,NA,NA,792.229720130345,156.974692487963,757.603349902341,794.335477384156,812.29138670707,119.438835694832,839.683333017963,858.685488703565,888.055350779698,0.150762881850962,41.6584262097696,28.3182867116458,36.5950086388229,37.1993337731101,38.0605790836289,22.3055885206665,39.034780842196,41.4102233539772,176.669292217779,0.535440018985535,39,"1_VX34_0.0156",NA,NA,NA,NA,NA,"1",808.628894132328,3.66249257474249
"20250619-CbDRC4-p019-m2x_E07_roi_0.png",20250619,"CbDRC4","p019","m2x","E07",0,793.866420842224,36.9797113613974,"","48h",10,"15hHB101","DMSO",1,"MILBEMYCIN",0.03125,NA,NA,"VX34",1,NA,NA,NA,805.416113934802,153.135658978318,742.449484097691,802.981479679603,823.29255976424,120.819034175029,843.508034341625,901.702823958891,935.046805382967,0.150008215734319,37.3964505415933,17.115574708784,34.0123911763972,37.1836731999427,38.1258780528601,4.12875225714937,39.305419919228,40.7940377037501,41.6270842126801,0.110404923391252,41,"1_VX34_0.03125",NA,NA,NA,NA,NA,"1",808.628894132328,14.663665631912
"20250619-CbDRC4-p019-m2x_E08_roi_0.png",20250619,"CbDRC4","p019","m2x","E08",0,843.582029102586,37.2054617851327,"","48h",10,"15hHB101","DMSO",1,"MILBEMYCIN",0.0625,NA,NA,"VX34",1,NA,NA,NA,834.133766977851,733.144856291366,779.581206816469,799.320430702608,820.402592892216,59.1608245912616,854.61439748569,894.260986436934,1028.85919832377,0.0709248647319568,38.8592751625541,36.2666425376057,36.7924962598923,37.5565196622331,38.3628733918532,2.30849292365499,39.1982104300917,41.0079350121927,46.3073382027761,0.0594064843978234,34,"1_VX34_0.0625",NA,NA,NA,NA,NA,"1",808.628894132328,11.7736987598879
"20250619-CbDRC4-p019-m2x_E09_roi_0.png",20250619,"CbDRC4","p019","m2x","E09",0,833.41209563327,37.1659764141004,"","48h",10,"15hHB101","DMSO",1,"MILBEMYCIN",0.125,NA,NA,"VX34",1,NA,NA,NA,807.045745578831,220.625053446334,795.147678665731,810.946807568308,824.250346259189,115.180683033573,835.981353618218,856.501177409303,881.254398684576,0.142718902447051,38.198416825561,27.5135130308149,36.5652048115607,37.1659764141004,38.1752728640247,2.52280384407738,39.6696294387183,40.6199951623594,41.2522223790115,0.0660447226281172,29,"1_VX34_0.125",NA,NA,NA,NA,NA,"1",808.628894132328,15.6214521268612
"20250619-CbDRC4-p019-m2x_E10_roi_0.png",20250619,"CbDRC4","p019","m2x","E10",0,816.665691763841,35.9423549025026,"","48h",10,"15hHB101","DMSO",1,"MILBEMYCIN",0.25,NA,NA,"VX34",1,NA,NA,NA,774.346431043466,174.891289065948,745.626251986331,779.125443560837,791.733395154522,118.11886094915,812.713009884394,836.996820339809,864.270352588813,0.152540072781093,36.4715005546805,13.6325104452945,34.6260331632977,36.2171933753492,37.2576801507828,4.69534012926037,38.0573947302057,38.8481867775214,43.5191874208902,0.128739976635203,30,"1_VX34_0.25",NA,NA,NA,NA,NA,"1",808.628894132328,-16.8954989778053
"20250619-CbDRC4-p019-m2x_E11_roi_0.png",20250619,"CbDRC4","p019","m2x","E11",0,695.718226682455,30.2114070967444,"","48h",10,"15hHB101","DMSO",1,"MILBEMYCIN",0.5,NA,NA,"VX34",1,NA,NA,NA,583.556058443535,429.925247530463,513.925632198273,542.601287595005,572.815653654998,72.2193994918935,646.30445838316,691.365246616416,702.976928569734,0.123757432464188,26.3962462557998,19.5876108658742,22.0947716475919,24.0366400375542,26.0455900432788,3.60025253608515,29.1920091882748,30.6551713325402,33.2986438127409,0.136392595416634,32,"1_VX34_0.5",NA,NA,NA,NA,NA,"1",808.628894132328,-235.813240477329
"20250619-CbDRC4-p019-m2x_E12_roi_0.png",20250619,"CbDRC4","p019","m2x","E12",0,480.638666221922,19.0287815406612,"","48h",10,"15hHB101","DMSO",1,"MILBEMYCIN",1,NA,NA,"VX34",1,NA,NA,NA,290.221271897797,123.730830073195,205.924480718211,240.445439911434,297.193420642258,73.2728573547514,327.921586432221,355.02273074954,480.638666221922,0.252472387277507,16.9655596935438,10.1332603381272,15.4818296472273,16.6698871618762,17.3669930843201,1.98310736554222,17.8915777477681,18.7734945631614,19.8176566440585,0.116890182308391,22,"1_VX34_1",NA,NA,NA,NA,NA,"1",808.628894132328,-511.43547349007
"20250619-CbDRC4-p019-m2x_F01_roi_0.png",20250619,"CbDRC4","p019","m2x","F01",0,754.977647754071,36.984530894773,"","48h",10,"15hHB101","DMSO",1,"MILBEMYCIN",0,NA,NA,"ECA2666",1,NA,NA,NA,764.951504235146,675.941582840497,721.807437288961,741.312951323856,775.993893275986,33.1972777561672,788.502614759691,794.429346523547,820.986010831712,0.0433978854507388,35.9470613901813,29.3123813394228,33.4689649731071,34.8922208658542,35.9352901160358,2.41184465652342,37.0085492707143,38.5856070010272,40.9196439415363,0.0670943482791115,31,"1_ECA2666_0",NA,NA,NA,NA,NA,"1",778.447145543842,-2.45325226785565
"20250619-CbDRC4-p019-m2x_F02_roi_0.png",20250619,"CbDRC4","p019","m2x","F02",0,762.201667651304,36.0940880688008,"","48h",10,"15hHB101","DMSO",1,"MILBEMYCIN",0.00097,NA,NA,"ECA2666",1,NA,NA,NA,741.533688372747,214.826003557442,681.917817612677,729.663154986206,767.52464236468,109.539074199117,788.168349084812,810.71912238646,834.354856318481,0.14771961937359,34.3804166700533,14.9427542731821,30.5912480365312,33.3160195135994,35.7328885589138,4.73826543559736,36.9940798573921,38.2304053803097,39.7334099030536,0.137818732130858,30,"1_ECA2666_0.00097",NA,NA,NA,NA,NA,"1",778.447145543842,-10.9225031791623
"20250619-CbDRC4-p019-m2x_F03_roi_0.png",20250619,"CbDRC4","p019","m2x","F03",0,780.25398716383,37.3870189970554,"","48h",10,"15hHB101","DMSO",1,"MILBEMYCIN",0.0019,NA,NA,"ECA2666",1,NA,NA,NA,761.478238309022,674.734830043507,695.44675250372,743.675366595507,760.252700969667,43.4928034697125,790.624838170404,816.127397191647,852.596677539307,0.0571162789448782,35.9694137528045,32.090545261164,34.0202108495018,34.569088203414,35.4567701303103,1.99980776049701,37.2583901693324,38.2014983346022,40.8446650086993,0.0555974521642317,31,"1_ECA2666_0.0019",NA,NA,NA,NA,NA,"1",778.447145543842,-18.1944445741756
"20250619-CbDRC4-p019-m2x_F04_roi_0.png",20250619,"CbDRC4","p019","m2x","F04",0,804.610762317019,35.3483821152251,"","48h",10,"15hHB101","DMSO",1,"MILBEMYCIN",0.0039,NA,NA,"ECA2666",1,NA,NA,NA,763.575996187377,666.082201638813,719.221345342422,731.760730554017,759.288876607505,58.8431195496586,792.088690916712,804.453039559118,1051.79621706536,0.0770625580734191,35.2581647249187,30.1768382634009,31.938354809338,34.337273516255,35.2860582011292,2.54671818215727,36.7962003651683,37.9352108605382,41.253625140232,0.0722305940206063,42,"1_ECA2666_0.0039",NA,NA,NA,NA,NA,"1",778.447145543842,-19.1582689363375
"20250619-CbDRC4-p019-m2x_F05_roi_0.png",20250619,"CbDRC4","p019","m2x","F05",0,704.677181197876,33.2735599976636,"","48h",10,"15hHB101","DMSO",1,"MILBEMYCIN",0.0078,NA,NA,"ECA2666",1,NA,NA,NA,775.083964326569,702.705853233277,715.646525942049,747.895970565586,774.305312682292,44.4580734532966,810.097279724654,833.873469273723,853.761234482464,0.0573590417290131,35.7923476076734,30.3840707909526,33.1255283710289,34.0532354160626,36.0553835117818,2.42861888658522,37.0988212315117,38.9642623399196,40.100388176021,0.0678530202378944,25,"1_ECA2666_0.0078",NA,NA,NA,NA,NA,"1",778.447145543842,-4.14183286155003
"20250619-CbDRC4-p019-m2x_F06_roi_0.png",20250619,"CbDRC4","p019","m2x","F06",0,789.383664967487,36.0840997633739,"","48h",10,"15hHB101","DMSO",1,"MILBEMYCIN",0.0156,NA,NA,"ECA2666",1,NA,NA,NA,766.313335381948,636.857158958228,718.31856225682,741.491412270625,769.669030121545,51.7759505843625,788.465649392656,829.697306578473,859.563898725914,0.0675649870539656,34.2271488206236,26.6699896359339,30.7815320879556,33.4023834546926,34.2368005552913,2.9411847513876,36.3490878983201,37.4149923133349,38.736131750652,0.0859313396742934,19,"1_ECA2666_0.0156",NA,NA,NA,NA,NA,"1",778.447145543842,-8.77811542229756
"20250619-CbDRC4-p019-m2x_F07_roi_0.png",20250619,"CbDRC4","p019","m2x","F07",0,763.019467945904,35.4728340445767,"","48h",10,"15hHB101","DMSO",1,"MILBEMYCIN",0.03125,NA,NA,"ECA2666",1,NA,NA,NA,767.203817966151,667.905838993818,710.61448774784,746.220540306704,765.556623796309,43.3940147266866,805.511264527122,818.367334021478,853.140143932378,0.0565612601377867,35.8493493010818,28.5042102616725,33.1634079032833,34.634605129955,35.7627905691206,2.7020445471013,36.9715698399586,39.3588859436423,42.1442493640808,0.0753722061844999,38,"1_ECA2666_0.03125",NA,NA,NA,NA,NA,"1",778.447145543842,-12.8905217475334
"20250619-CbDRC4-p019-m2x_F08_roi_0.png",20250619,"CbDRC4","p019","m2x","F08",0,758.841658560174,33.4961414728337,"","48h",10,"15hHB101","DMSO",1,"MILBEMYCIN",0.0625,NA,NA,"ECA2666",1,NA,NA,NA,749.367268633095,581.930908601265,689.966953196758,717.161535194811,756.459291689073,58.3800134572602,786.488190464168,810.717188409198,854.632278639313,0.0779057424855905,35.4289090240276,26.3302038214814,31.73207660963,33.4961414728337,35.9209098026858,3.18077726583032,37.4356514582594,38.6540414241573,41.4809019255028,0.0897791479741343,37,"1_ECA2666_0.0625",NA,NA,NA,NA,NA,"1",778.447145543842,-21.9878538547689
"20250619-CbDRC4-p019-m2x_F09_roi_0.png",20250619,"CbDRC4","p019","m2x","F09",0,764.169665802635,33.6687559144264,"","48h",10,"15hHB101","DMSO",1,"MILBEMYCIN",0.125,NA,NA,"ECA2666",1,NA,NA,NA,736.608680463064,591.667886707064,665.081120308344,721.778327803716,735.476156122435,53.203587034034,776.813548000172,797.353205140521,814.991137435598,0.0722277492040793,33.4952674597515,26.2919520869749,28.8587399400884,31.177825547496,33.8162220491309,3.27595658259379,35.8874566794568,36.9955225283909,39.0935742922597,0.0978035654299593,30,"1_ECA2666_0.125",NA,NA,NA,NA,NA,"1",778.447145543842,-42.9709894214075
"20250619-CbDRC4-p019-m2x_F10_roi_0.png",20250619,"CbDRC4","p019","m2x","F10",0,553.859566667324,23.7621500472139,"","48h",10,"15hHB101","DMSO",1,"MILBEMYCIN",0.25,NA,NA,"ECA2666",1,NA,NA,NA,503.425935046104,371.245914345506,423.651714226213,446.971811843433,519.57425972823,61.3099838405246,544.678135595377,574.853334376357,625.23283187069,0.121785509192946,22.5643992935171,18.2775568218336,20.0966260003723,21.1921108927621,22.7450659559867,1.99829117468597,23.499300131027,24.6038066243579,27.4796965476359,0.0885594670034089,38,"1_ECA2666_0.25",NA,NA,NA,"outlier","outlier","1",778.447145543842,-258.872885815612
"20250619-CbDRC4-p019-m2x_F11_roi_0.png",20250619,"CbDRC4","p019","m2x","F11",0,354.552114436277,17.99901141422,"","48h",10,"15hHB101","DMSO",1,"MILBEMYCIN",0.5,NA,NA,"ECA2666",1,NA,NA,NA,349.496678685655,175.686324821817,250.547386543238,322.003039083743,362.358746935313,70.8743401131091,399.94149741034,412.52307581152,457.366946319368,0.202789738602509,17.6649129783588,12.3331853508393,15.8060635234206,17.0706187011581,17.9377376356718,1.79693946081623,18.8282100043594,19.3604186013977,20.6518476604475,0.101723652022382,24,"1_ECA2666_0.5",NA,NA,NA,NA,NA,"1",778.447145543842,-416.088398608529
"20250619-CbDRC4-p020-m2x_A01_roi_0.png",20250619,"CbDRC4","p020","m2x","A01",0,735.873195569914,39.7211655566447,"","48h",10,"15hHB101","DMSO",1,"MILBEMYCIN",0,NA,NA,"PB420",1,NA,NA,NA,756.62998383386,676.844546264064,736.714481065734,745.806391774955,759.679210421191,22.1182845810579,771.072127410618,782.187317644714,794.314156515733,0.0292326302864501,38.4313290488242,33.3836449928069,36.332936273871,37.3125578643884,38.4804002080485,1.7384770144093,39.6273924466846,40.5157049496157,41.5930703133722,0.0452359326996131,37,"1_PB420_0",NA,NA,NA,NA,NA,"1",764.404649350685,-4.72543892949454
"20250619-CbDRC4-p020-m2x_A02_roi_0.png",20250619,"CbDRC4","p020","m2x","A02",0,749.888754874481,38.8162381974953,"","48h",10,"15hHB101","DMSO",1,"MILBEMYCIN",0.00097,NA,NA,"PB420",1,NA,NA,NA,750.615482388671,574.464181746781,717.455591749554,740.778856255462,754.580480009831,36.0483389733349,771.721025409676,781.201748557633,809.00168353767,0.0480250405422213,37.591515380782,29.1641276571816,35.1895148084912,36.2826791972654,37.7615315690615,2.30316235657065,38.659099591532,40.5503265283886,42.7511934427074,0.0612681434424988,45,"1_PB420_0.00097",NA,NA,NA,NA,NA,"1",764.404649350685,-9.82416934085438
"20250619-CbDRC4-p020-m2x_A03_roi_0.png",20250619,"CbDRC4","p020","m2x","A03",0,770.813529779291,39.4698517617818,"","48h",10,"15hHB101","DMSO",1,"MILBEMYCIN",0.0019,NA,NA,"PB420",1,NA,NA,NA,748.289666856136,641.928294001526,713.372618232064,729.853226203128,751.897210448153,31.8175334242361,770.844084589549,782.010219237391,802.82915657054,0.0425203431685945,38.0821767889878,30.351355635897,35.6598017600406,37.141309861093,38.530738536368,2.18277950056179,39.5069772997562,40.2526790615206,41.1136280028005,0.0573176137660541,51,"1_PB420_0.0019",NA,NA,NA,NA,NA,"1",764.404649350685,-12.5074389025325
"20250619-CbDRC4-p020-m2x_A04_roi_0.png",20250619,"CbDRC4","p020","m2x","A04",0,720.169187661882,36.8370352627171,"","48h",10,"15hHB101","DMSO",1,"MILBEMYCIN",0.0039,NA,NA,"PB420",1,NA,NA,NA,754.402010745637,654.798176911928,718.259097615285,738.90799337129,761.168804920765,30.6764636738942,777.862746088064,781.99161896583,794.045321517124,0.0406632846107796,38.2635719187161,31.1561227654351,35.7370604000497,37.1968228571095,38.4890447676399,2.15707268009765,39.2988554924168,40.9906101541255,42.3344981938544,0.0563740542749108,55,"1_PB420_0.0039",NA,NA,NA,NA,NA,"1",764.404649350685,-3.23584442992046
"20250619-CbDRC4-p020-m2x_A05_roi_0.png",20250619,"CbDRC4","p020","m2x","A05",0,774.551871597338,37.4142501491734,"","48h",10,"15hHB101","DMSO",1,"MILBEMYCIN",0.0078,NA,NA,"PB420",1,NA,NA,NA,767.452719607692,703.295326463195,742.589026476835,754.814900813287,772.858780933079,24.8285047727123,783.991415676088,791.745171985737,822.614112776447,0.0323518363260269,37.9427450989183,33.3914541532419,35.6735179793839,36.8399606800687,37.7505114662286,2.05498833074161,39.1286637531486,40.459645525431,42.5949360687774,0.054160243951358,35,"1_PB420_0.0078",NA,NA,NA,NA,NA,"1",764.404649350685,8.45413158239364
"20250619-CbDRC4-p020-m2x_A06_roi_0.png",20250619,"CbDRC4","p020","m2x","A06",0,800.142880934178,37.7702907333566,"","48h",10,"15hHB101","DMSO",1,"MILBEMYCIN",0.0156,NA,NA,"PB420",1,NA,NA,NA,753.414288493035,671.459908167164,717.368824681723,739.08793884877,754.882727919138,30.1926179809414,772.206693916318,796.647669859836,800.142880934178,0.0400743899366869,37.7438271200593,32.2173868405114,35.1114128730472,37.2153663685523,38.022874808835,1.84829999999656,38.8848016966712,39.5832553402861,40.5466923467025,0.0489695969122925,38,"1_PB420_0.0156",NA,NA,NA,NA,NA,"1",764.404649350685,-9.5219214315473
"20250619-CbDRC4-p020-m2x_A07_roi_0.png",20250619,"CbDRC4","p020","m2x","A07",0,743.933856334415,38.0494698344109,"","48h",10,"15hHB101","DMSO",1,"MILBEMYCIN",0.03125,NA,NA,"PB420",1,NA,NA,NA,744.4891910843,638.008267982033,693.866232186988,726.102190860253,748.474246849306,34.4043946204951,766.080080133652,777.138809477808,838.710845454854,0.0462120807561858,37.9743621965332,31.8168811387729,35.984740902046,36.8873255566581,38.203120213442,2.19708574837773,39.2033628795118,40.3781030111517,42.2092947579161,0.057857080969705,52,"1_PB420_0.03125",NA,NA,NA,NA,NA,"1",764.404649350685,-15.9304025013797
"20250619-CbDRC4-p020-m2x_A08_roi_0.png",20250619,"CbDRC4","p020","m2x","A08",0,771.0289517356,38.3436746797274,"","48h",10,"15hHB101","DMSO",1,"MILBEMYCIN",0.0625,NA,NA,"PB420",1,NA,NA,NA,752.00509556414,667.427616304687,718.199265055157,733.295293578773,755.212271462904,27.616888858204,770.713881651119,782.890878947377,803.42070092862,0.0367243374029086,37.980128229265,32.8015308891762,35.0032884892255,36.9698746573294,38.3436746797274,2.12398086913938,39.2117679710773,40.4512844971175,41.8039768314462,0.0559234780967059,51,"1_PB420_0.0625",NA,NA,NA,NA,NA,"1",764.404649350685,-9.19237788778162
"20250619-CbDRC4-p020-m2x_A09_roi_0.png",20250619,"CbDRC4","p020","m2x","A09",0,777.728833447772,37.6285363731542,"","48h",10,"15hHB101","DMSO",1,"MILBEMYCIN",0.125,NA,NA,"PB420",1,NA,NA,NA,762.870695532585,673.830435214251,734.428844221321,751.932793872448,772.039277443656,28.5721755763414,780.322687363642,790.698907247133,801.614916788613,0.0374534973536953,38.1642032883545,28.6713554723143,35.5587536094636,37.4168801498051,38.5783075535527,2.30005735200785,39.515873887236,40.169113137026,41.9004229753465,0.0602674012248985,43,"1_PB420_0.125",NA,NA,NA,NA,NA,"1",764.404649350685,7.63462809297062
"20250619-CbDRC4-p020-m2x_A10_roi_0.png",20250619,"CbDRC4","p020","m2x","A10",0,740.977485117691,36.5166910545239,"","48h",10,"15hHB101","DMSO",1,"MILBEMYCIN",0.25,NA,NA,"PB420",1,NA,NA,NA,695.727270663018,307.97473314862,626.892809251069,679.594529656174,705.746036488033,75.7092115497313,738.631542842212,763.426231033539,786.978346406277,0.10882024428564,33.0505018683949,14.5390812707859,29.0328205966423,31.2100743547372,33.6481496217765,4.37865555185754,35.8451635120351,37.8597864882708,39.0886207039185,0.132483784037322,47,"1_PB420_0.25",NA,NA,NA,"outlier","outlier","1",764.404649350685,-58.6586128626519
"20250619-CbDRC4-p020-m2x_A11_roi_0.png",20250619,"CbDRC4","p020","m2x","A11",0,610.021337717592,27.7587964088265,"","48h",10,"15hHB101","DMSO",1,"MILBEMYCIN",0.5,NA,NA,"PB420",1,NA,NA,NA,529.596608499262,365.703878967048,407.224519493131,492.874051745264,539.522795833805,81.5287127129686,586.351743120822,625.910210975773,691.773624115496,0.153944929790996,24.816617023174,18.7485989479351,21.1151264073716,22.1110836994291,25.3711273645332,3.1137506123397,26.8986659119044,28.8434485607814,32.0150926409265,0.125470389837263,41,"1_PB420_0.5",NA,NA,NA,NA,NA,"1",764.404649350685,-224.88185351688
"20250619-CbDRC4-p020-m2x_A12_roi_0.png",20250619,"CbDRC4","p020","m2x","A12",0,363.231218013955,17.7841962801624,"","48h",10,"15hHB101","DMSO",1,"MILBEMYCIN",1,NA,NA,"PB420",1,NA,NA,NA,306.254863392123,253.02008718277,267.231419315964,282.94699867121,303.598648130753,32.6417649248316,321.33413524675,363.426873837697,366.943238972978,0.106583662258574,16.5208259920995,15.4821800230656,15.835020473922,16.0836248155177,16.5447552514219,0.591230782729826,16.9494423784516,17.2180108330525,17.7841962801624,0.0357869989680032,20,"1_PB420_1",NA,NA,NA,NA,NA,"1",764.404649350685,-460.806001219933
"20250619-CbDRC4-p020-m2x_B01_roi_0.png",20250619,"CbDRC4","p020","m2x","B01",0,881.974764229281,40.6567282168813,"","48h",10,"15hHB101","DMSO",1,"MILBEMYCIN",0,NA,NA,"ED3102",1,NA,NA,NA,832.82943161008,653.146560289349,769.267570172175,796.544886868228,829.736562481872,55.0324471693199,872.843424515452,902.698055674188,942.770422878113,0.0660788933250444,40.746497185004,36.5295197709202,38.773275330645,39.6703571295207,40.3895609897083,1.68529434843526,42.0365531800966,42.9082060228626,44.1657909512712,0.041360471816348,51,"1_ED3102_0",NA,NA,NA,NA,NA,"1",858.463870400194,-28.7273079183221
"20250619-CbDRC4-p020-m2x_B02_roi_0.png",20250619,"CbDRC4","p020","m2x","B02",0,805.833205688201,40.3149171215679,"","48h",10,"15hHB101","DMSO",1,"MILBEMYCIN",0.00097,NA,NA,"ED3102",1,NA,NA,NA,841.791374964265,762.32844344794,779.253788168016,814.226632314507,831.871237958067,54.1415320848172,858.400728391002,905.952354001544,1075.36410794654,0.0643170430287618,40.4050494824856,35.5396494836034,38.1170489428022,39.3713230204964,40.2955116914651,1.93836713123576,41.5898765247216,42.7934819135821,45.0264308156784,0.0479733883775091,48,"1_ED3102_0.00097",NA,NA,NA,NA,NA,"1",858.463870400194,-26.5926324421271
"20250619-CbDRC4-p020-m2x_B03_roi_0.png",20250619,"CbDRC4","p020","m2x","B03",0,869.94697231119,40.8863466179863,"","48h",10,"15hHB101","DMSO",1,"MILBEMYCIN",0.0019,NA,NA,"ED3102",1,NA,NA,NA,833.019157626573,743.778431027927,766.315457217263,802.395073866416,841.463100053209,46.7639524002778,862.73344955192,898.389878472968,925.032065072804,0.0561379074804438,40.4730574648188,36.7409402625309,38.5724759462343,39.5459194158573,40.6639522849381,1.47473036689062,41.4508873248497,42.3437213803562,42.8172552971836,0.0364373353353038,52,"1_ED3102_0.0019",NA,NA,NA,NA,NA,"1",858.463870400194,-17.0007703469851
"20250619-CbDRC4-p020-m2x_B04_roi_0.png",20250619,"CbDRC4","p020","m2x","B04",0,840.596483394003,38.2693118717309,"","48h",10,"15hHB101","DMSO",1,"MILBEMYCIN",0.0039,NA,NA,"ED3102",1,NA,NA,NA,835.18605018005,704.734273797085,775.975621827738,815.954326792394,841.222721828615,41.683223330381,862.847862269241,881.657673802861,889.513243964642,0.0499089075079677,39.5305800690066,30.1480977952942,37.5416211755525,38.2925247939901,39.6497857304089,2.19481221539287,40.944398026706,41.98814080854,43.6774090736809,0.0555218823392292,56,"1_ED3102_0.0039",NA,NA,NA,NA,NA,"1",858.463870400194,-17.2411485715785
"20250619-CbDRC4-p020-m2x_B05_roi_0.png",20250619,"CbDRC4","p020","m2x","B05",0,831.560038749158,38.1243610678599,"","48h",10,"15hHB101","DMSO",1,"MILBEMYCIN",0.0078,NA,NA,"ED3102",1,NA,NA,NA,839.398188675566,745.376370063257,773.602503185576,813.726519439132,844.929606963671,45.8792278972129,874.996464411877,894.819587475335,913.772349656975,0.0546572872281305,39.4242963472662,32.3179122790223,35.0650187941025,37.9261444955868,39.6825418664461,2.7863409235545,41.7178943087786,42.5561643092234,44.0528576420413,0.0706757299866866,41,"1_ED3102_0.0078",NA,NA,NA,NA,NA,"1",858.463870400194,-13.534263436523
"20250619-CbDRC4-p020-m2x_B06_roi_0.png",20250619,"CbDRC4","p020","m2x","B06",0,846.400253175056,41.7805181784899,"","48h",10,"15hHB101","DMSO",1,"MILBEMYCIN",0.0156,NA,NA,"ED3102",1,NA,NA,NA,840.646651161459,637.286984837015,777.534138672533,803.468234244474,830.054930713463,59.5977014465375,887.164032826031,916.519330436248,961.873870851137,0.0708950679387063,39.6650915309197,28.1855430241516,37.0886102839822,38.7833552199921,40.3347049701935,2.81397070398804,41.2578831888528,42.1306091749738,43.8803637048938,0.0709432550229838,59,"1_ED3102_0.0156",NA,NA,NA,NA,NA,"1",858.463870400194,-28.4089396867312
"20250619-CbDRC4-p020-m2x_B07_roi_0.png",20250619,"CbDRC4","p020","m2x","B07",0,932.679462797449,39.7357198498627,"","48h",10,"15hHB101","DMSO",1,"MILBEMYCIN",0.03125,NA,NA,"ED3102",1,NA,NA,NA,839.775630196334,733.224629384777,788.298123001333,817.274024362205,839.360343941466,44.6935695840651,868.3520269975,884.126985814642,944.587496652981,0.0532208461129267,40.2842444311159,36.0578111888595,37.3465491144488,39.4706528021895,40.3922627937274,1.79455734032744,41.4643302362271,42.1842032275303,44.1598105746196,0.0445473749270897,46,"1_ED3102_0.03125",NA,NA,NA,NA,NA,"1",858.463870400194,-19.103526458728
"20250619-CbDRC4-p020-m2x_B08_roi_0.png",20250619,"CbDRC4","p020","m2x","B08",0,889.682921887586,40.7090596890569,"","48h",10,"15hHB101","DMSO",1,"MILBEMYCIN",0.0625,NA,NA,"ED3102",1,NA,NA,NA,834.306210326427,303.576550438049,772.011759967043,807.562979460524,831.114004796844,103.595188720876,887.129589837736,913.188285069929,1000.39061769831,0.12416926475993,39.7072962281186,17.8844291243735,37.9212477571829,39.1233460697817,40.3436450052048,3.90186649319574,41.0855288126629,42.6375995991845,44.3010971799912,0.0982657310832624,40,"1_ED3102_0.0625",NA,NA,NA,NA,NA,"1",858.463870400194,-27.3498656033498
"20250619-CbDRC4-p020-m2x_B09_roi_0.png",20250619,"CbDRC4","p020","m2x","B09",0,899.867122519992,40.7871060746615,"","48h",10,"15hHB101","DMSO",1,"MILBEMYCIN",0.125,NA,NA,"ED3102",1,NA,NA,NA,846.769207688354,749.240711424469,772.977561274942,811.45363565989,859.297912443528,48.9758635122762,888.049756373766,900.143343633693,916.920816086724,0.0578385031807881,40.1391939239748,36.1885166994502,37.7634503955614,39.0154706184688,39.7116304550091,1.98844016251648,41.7875008918118,43.1147199926416,43.8123258746617,0.0495386172000032,40,"1_ED3102_0.125",NA,NA,NA,NA,NA,"1",858.463870400194,0.834042043334193
"20250619-CbDRC4-p020-m2x_B10_roi_0.png",20250619,"CbDRC4","p020","m2x","B10",0,786.578217028038,35.090291766857,"","48h",10,"15hHB101","DMSO",1,"MILBEMYCIN",0.25,NA,NA,"ED3102",1,NA,NA,NA,705.389968732378,558.605979366763,628.858784903062,660.962166841645,712.147550419278,63.5054887425382,753.659776353756,781.77334052749,821.275260237592,0.0900289082033032,32.5335210721169,24.671244351534,27.5201489109583,30.7413322410944,32.6722472779667,3.52765494713439,34.8871024153913,36.377405585596,41.2000044236849,0.108431391097037,39,"1_ED3102_0.25",NA,NA,NA,NA,NA,"1",858.463870400194,-146.316319980916
"20250619-CbDRC4-p020-m2x_B11_roi_0.png",20250619,"CbDRC4","p020","m2x","B11",0,489.491119837455,21.6225137824173,"","48h",10,"15hHB101","DMSO",1,"MILBEMYCIN",0.5,NA,NA,"ED3102",1,NA,NA,NA,445.756513974613,262.039165999898,380.382260014117,415.580357960395,454.662666165252,60.5155308844472,487.345907632683,514.054795506406,554.366438417499,0.135759162204624,21.7390175773061,17.1915069843155,18.6141910924525,19.6722633787636,21.7906973815061,2.39998905924836,23.4751248323965,24.3888699666542,28.2093625332088,0.110400069861196,42,"1_ED3102_0.5",NA,NA,NA,NA,NA,"1",858.463870400194,-403.801204234942
"20250619-CbDRC4-p020-m2x_B12_roi_0.png",20250619,"CbDRC4","p020","m2x","B12",0,254.595145729029,15.1424027563224,"","48h",10,"15hHB101","DMSO",1,"MILBEMYCIN",1,NA,NA,"ED3102",1,NA,NA,NA,262.944711983419,37.1620149988502,224.467871376781,247.825193483057,264.397379451244,54.7012355012673,286.536793882614,323.705210257264,348.691073285358,0.208033221465646,21.1212203346884,13.5583448867624,14.875260583881,15.1987883975854,16.1546873545637,28.9390626092431,16.6597479579966,17.8392831288014,179.595289642353,1.3701415993334,32,"1_ED3102_1",NA,NA,NA,NA,NA,"1",858.463870400194,-594.06649094895
"20250619-CbDRC4-p020-m2x_C01_roi_0.png",20250619,"CbDRC4","p020","m2x","C01",0,850.47657981136,38.9758923055338,"","48h",10,"15hHB101","DMSO",1,"MILBEMYCIN",0,NA,NA,"JU3237",1,NA,NA,NA,738.142838378443,661.354756237773,694.463910469001,709.958692853112,733.049548464127,37.8570320342539,766.566474743708,787.516776749538,850.47657981136,0.0512868649073647,38.94217893456,31.8747913386125,36.3710951744999,37.9319990993802,39.5069058166942,2.26085765708493,40.2520167508513,41.4243743633268,42.3542566767513,0.0580567836454187,46,"1_JU3237_0",NA,NA,NA,"outlier","outlier","1",765.709066236116,-32.6595177719889
"20250619-CbDRC4-p020-m2x_C02_roi_0.png",20250619,"CbDRC4","p020","m2x","C02",0,801.7346027305,38.685534881565,"","48h",10,"15hHB101","DMSO",1,"MILBEMYCIN",0.00097,NA,NA,"JU3237",1,NA,NA,NA,749.529641997474,653.598138767537,717.505961380617,723.562777580221,739.203097761283,36.8356059855242,780.443377899609,800.8592537267,813.051047707001,0.0491449622824234,38.0467611879689,30.5575659564855,34.0790103862296,35.688293371052,38.8197386783085,3.13127271384254,40.6876489496208,41.4447508476965,43.3459163820852,0.0823006378485827,41,"1_JU3237_0.00097",NA,NA,NA,NA,NA,"1",765.709066236116,-26.5059684748329
"20250619-CbDRC4-p020-m2x_C03_roi_0.png",20250619,"CbDRC4","p020","m2x","C03",0,740.771548170224,36.0051237395355,"","48h",10,"15hHB101","DMSO",1,"MILBEMYCIN",0.0019,NA,NA,"JU3237",1,NA,NA,NA,751.489575272265,598.753241718054,724.477218613366,736.324778560237,758.464910755094,38.2722599161563,776.971610739078,789.860939365705,802.755969692519,0.0509285307148675,38.8402959367937,28.7351996975874,35.1479604769585,36.7999400153414,39.8412318756985,3.26024423988885,40.5254118884152,42.3500976998483,45.2049988384511,0.0839397373592202,36,"1_JU3237_0.0019",NA,NA,NA,NA,NA,"1",765.709066236116,-7.24415548102183
"20250619-CbDRC4-p020-m2x_C04_roi_0.png",20250619,"CbDRC4","p020","m2x","C04",0,721.668796279939,35.1105214635338,"","48h",10,"15hHB101","DMSO",1,"MILBEMYCIN",0.0039,NA,NA,"JU3237",1,NA,NA,NA,752.997403142875,649.768674830402,709.918043369367,721.668796279939,755.167590211825,42.7353671793332,782.381628105156,805.297819114356,834.147993840892,0.0567536713950985,38.3829556073317,27.8607364121121,34.6138586008747,37.1918777161115,39.2703364638103,3.163483851203,40.5141367923279,41.6780954220931,43.2753461268975,0.0824189748065866,57,"1_JU3237_0.0039",NA,NA,NA,NA,NA,"1",765.709066236116,-10.5414760242912
"20250619-CbDRC4-p020-m2x_C05_roi_0.png",20250619,"CbDRC4","p020","m2x","C05",0,733.527075130011,32.4517491851329,"","48h",10,"15hHB101","DMSO",1,"MILBEMYCIN",0.0078,NA,NA,"JU3237",1,NA,NA,NA,755.610869372515,692.336397099847,704.595011504202,733.527075130011,753.526899485483,35.9710513751097,769.811910471845,797.052405101909,833.497913649607,0.0476052593115571,38.1463688828085,32.4517491851329,34.5978496647263,36.8413838079602,38.0704348068759,2.65659996817903,40.1986010862822,41.3272534136979,42.8222928075652,0.0696422764730375,33,"1_JU3237_0.0078",NA,NA,NA,"outlier","outlier","1",765.709066236116,-12.1821667506334
"20250619-CbDRC4-p020-m2x_C06_roi_0.png",20250619,"CbDRC4","p020","m2x","C06",0,790.303179161869,39.5583942204566,"","48h",10,"15hHB101","DMSO",1,"MILBEMYCIN",0.0156,NA,NA,"JU3237",1,NA,NA,NA,752.430381589172,596.772445143393,711.587161245871,733.342795793946,753.167699996807,44.9829252201147,782.668636803816,795.910609687129,817.751460996187,0.0597835046547541,38.2778133947918,26.8956830837962,34.8354071322406,36.5755521940712,39.1166859293594,3.5055997860422,40.450831697058,42.2113872111786,43.3989296275351,0.0915830731992436,38,"1_JU3237_0.0156",NA,NA,NA,NA,NA,"1",765.709066236116,-12.5413662393094
"20250619-CbDRC4-p020-m2x_C07_roi_0.png",20250619,"CbDRC4","p020","m2x","C07",0,773.857680701919,40.174106306822,"","48h",10,"15hHB101","DMSO",1,"MILBEMYCIN",0.03125,NA,NA,"JU3237",1,NA,NA,NA,748.348666766666,478.331713934329,720.722846071634,733.750920991703,754.979245768597,54.9217510265224,773.971440657049,794.144409681659,808.795590532696,0.0733905911315627,38.7419338388063,26.5138238700874,35.5535743306028,37.7547917894112,39.1700616887901,3.40494787578011,40.3357973357082,42.2054231486348,45.7715925481193,0.0878879172616186,34,"1_JU3237_0.03125",NA,NA,NA,NA,NA,"1",765.709066236116,-10.7298204675194
"20250619-CbDRC4-p020-m2x_C08_roi_0.png",20250619,"CbDRC4","p020","m2x","C08",0,792.427432940339,39.1433121868493,"","48h",10,"15hHB101","DMSO",1,"MILBEMYCIN",0.0625,NA,NA,"JU3237",1,NA,NA,NA,759.105777546079,716.646933905151,726.000353564137,736.156740025892,751.863936082211,27.9179530369468,781.59437370985,795.742575451331,811.969409502824,0.0367774213591098,38.5982811616543,34.6208267095058,36.8546573583278,37.7099847414052,38.783638290377,1.62007417685968,39.3570787599606,40.8244971721892,41.9096429192311,0.041972702620477,31,"1_JU3237_0.0625",NA,NA,NA,NA,NA,"1",765.709066236116,-13.8451301539052
"20250619-CbDRC4-p020-m2x_C09_roi_0.png",20250619,"CbDRC4","p020","m2x","C09",0,829.123500120504,38.507943923275,"","48h",10,"15hHB101","DMSO",1,"MILBEMYCIN",0.125,NA,NA,"JU3237",1,NA,NA,NA,730.198751983681,625.174358018248,677.524851369621,711.253734656963,735.877723491095,44.3734028339362,750.825899329124,770.222763135277,829.123500120504,0.0607689382012637,35.8524415787111,27.5840305415777,31.2904232124944,33.5856806201679,35.9524762900173,3.3559809898096,38.5342746409848,39.5514326524192,41.6368754346863,0.0936053680595731,39,"1_JU3237_0.125",NA,NA,NA,NA,NA,"1",765.709066236116,-29.8313427450214
"20250619-CbDRC4-p020-m2x_C10_roi_0.png",20250619,"CbDRC4","p020","m2x","C10",0,706.928687417233,36.3907916660165,"","48h",10,"15hHB101","DMSO",1,"MILBEMYCIN",0.25,NA,NA,"JU3237",1,NA,NA,NA,560.137341481753,413.174599242359,460.331397544011,507.121176857719,567.188183848024,70.4633087838441,603.440845098302,640.941751552606,706.928687417233,0.125796485193158,25.3375596540562,19.5371902582247,21.3431802524775,22.5458143891787,24.9865799408388,3.67797312445316,27.087190798983,30.4764489060201,36.3907916660165,0.145158933009729,43,"1_JU3237_0.25",NA,NA,NA,NA,NA,"1",765.709066236116,-198.520882388092
"20250619-CbDRC4-p020-m2x_C11_roi_0.png",20250619,"CbDRC4","p020","m2x","C11",0,460.177587794846,18.7170498646341,"","48h",10,"15hHB101","DMSO",1,"MILBEMYCIN",0.5,NA,NA,"JU3237",1,NA,NA,NA,392.50235448975,302.589863352931,324.353020488573,358.456803642772,401.425105212402,47.5905661178271,420.462703122376,433.15408568726,498.794219427432,0.121249122644613,18.6679458985732,15.6958040913234,16.3676535992945,17.7044701447282,18.7655058204324,1.59031649743323,19.579347122858,20.5767672722998,22.3081127107461,0.0851896885749375,36,"1_JU3237_0.5",NA,NA,NA,"outlier","outlier","1",765.709066236116,-364.283961023714
"20250619-CbDRC4-p020-m2x_C12_roi_0.png",20250619,"CbDRC4","p020","m2x","C12",0,311.789642374326,16.0737043483585,"","48h",10,"15hHB101","DMSO",1,"MILBEMYCIN",1,NA,NA,"JU3237",1,NA,NA,NA,286.922990366097,198.823354377882,249.411552021438,261.279644705289,279.28924486774,38.2601299012343,311.931067739601,324.924356577755,383.051672647511,0.133346337469914,15.7906921000435,9.55879980055594,14.7461627150453,15.4874247854539,15.9387633025763,1.48981556055568,16.3343826803107,17.1398803278546,17.9505342411379,0.0943477050351437,28,"1_JU3237_1",NA,NA,NA,NA,NA,"1",765.709066236116,-486.419821368377
"20250619-CbDRC4-p020-m2x_D01_roi_0.png",20250619,"CbDRC4","p020","m2x","D01",0,788.590095093528,39.9282860729915,"","48h",10,"15hHB101","DMSO",1,"MILBEMYCIN",0,NA,NA,"NIC1667",1,NA,NA,NA,729.783021228298,213.064897725043,627.650877189869,716.440940230004,760.275543881587,115.064842495049,789.933433641837,811.322243879634,841.593770290044,0.157669936334478,36.070566708999,12.0673829659323,29.4951959825115,33.6365139347966,38.1842652623453,5.73030976517108,39.8332041642762,40.3504643482116,41.6047589631394,0.158863868466515,35,"1_NIC1667_0",NA,NA,NA,NA,NA,"1",776.621116305835,-16.3455724242484
"20250619-CbDRC4-p020-m2x_D02_roi_0.png",20250619,"CbDRC4","p020","m2x","D02",0,819.902055246832,38.2924093597274,"","48h",10,"15hHB101","DMSO",1,"MILBEMYCIN",0.00097,NA,NA,"NIC1667",1,NA,NA,NA,775.712670980688,531.510536742604,722.715709937956,743.761707196215,788.0874784196,64.8257093867337,816.036730978931,834.342774798514,859.567265984344,0.0835692284164681,36.6266142772134,24.3628595294145,32.8684845035066,35.051278860947,37.5241991935381,3.8515434059088,38.7427230861499,40.1895508156053,42.0473046691795,0.10515695982047,26,"1_NIC1667_0.00097",NA,NA,NA,NA,NA,"1",776.621116305835,11.4663621137647
"20250619-CbDRC4-p020-m2x_D03_roi_0.png",20250619,"CbDRC4","p020","m2x","D03",0,760.495923451431,38.542427324152,"","48h",10,"15hHB101","DMSO",1,"MILBEMYCIN",0.0019,NA,NA,"NIC1667",1,NA,NA,NA,748.101443883519,311.182604569849,665.59723068786,739.160869978842,771.770320577326,101.690542187168,790.970196562289,808.693805886001,881.231167813438,0.135931487659315,35.3503422624015,16.0003437922072,29.0462722783055,35.3443054129217,36.9287085116062,4.92352829415683,38.0845513733348,38.7622718560583,39.2323396830626,0.139278094045315,27,"1_NIC1667_0.0019",NA,NA,NA,"outlier","outlier","1",776.621116305835,-4.85079572850896
"20250619-CbDRC4-p020-m2x_D04_roi_0.png",20250619,"CbDRC4","p020","m2x","D04",0,790.795528829188,38.7146573621218,"","48h",10,"15hHB101","DMSO",1,"MILBEMYCIN",0.0039,NA,NA,"NIC1667",1,NA,NA,NA,763.282116851466,426.530949652917,697.375967196343,753.63707055894,771.942364640156,70.6005303380036,803.047024282849,816.950203227339,850.205077869146,0.0924959838299768,36.3034085620561,23.8734944688021,30.4710197762163,34.9868744422515,37.1850585303101,3.86560838947355,38.9615343967134,40.1407806711216,41.0478426806482,0.106480590737527,37,"1_NIC1667_0.0039",NA,NA,NA,NA,NA,"1",776.621116305835,-4.67875166567899
"20250619-CbDRC4-p020-m2x_D05_roi_0.png",20250619,"CbDRC4","p020","m2x","D05",0,794.350783657762,38.8790017295458,"","48h",10,"15hHB101","DMSO",1,"MILBEMYCIN",0.0078,NA,NA,"NIC1667",1,NA,NA,NA,781.373631087319,704.991109082799,735.257025321636,772.376044274744,780.624297181799,33.2019982150117,805.015829830433,813.934499037916,826.133568686479,0.0424918334763992,38.0382360596469,29.0925300506752,35.6966627982939,36.9151797283162,38.5570335614343,2.90883350830507,39.7255775551067,40.7575215318753,41.6850928938406,0.0764713038676081,23,"1_NIC1667_0.0078",NA,NA,NA,NA,NA,"1",776.621116305835,4.00318087596315
"20250619-CbDRC4-p020-m2x_D06_roi_0.png",20250619,"CbDRC4","p020","m2x","D06",0,820.951081248612,38.62045072269,"","48h",10,"15hHB101","DMSO",1,"MILBEMYCIN",0.0156,NA,NA,"NIC1667",1,NA,NA,NA,764.040863237914,449.442332873925,690.912720166136,732.173960709307,781.46911616162,76.2806349959375,802.339911546809,839.219214514543,889.619216743087,0.0998384231344241,36.9563434606897,21.8264451566671,32.7806175029116,34.7157016910434,37.864732131006,4.10470612728994,39.3807418990317,40.7711556777721,43.2348769901831,0.111069054536093,36,"1_NIC1667_0.0156",NA,NA,NA,NA,NA,"1",776.621116305835,4.84799985578422
"20250619-CbDRC4-p020-m2x_D07_roi_0.png",20250619,"CbDRC4","p020","m2x","D07",0,775.63199235831,36.670976010369,"","48h",10,"15hHB101","DMSO",1,"MILBEMYCIN",0.03125,NA,NA,"NIC1667",1,NA,NA,NA,772.17867445764,693.818688353464,717.687817788857,738.349352426098,769.671246418848,42.9459367775581,802.113788084793,830.575026635013,842.239257057449,0.0556165796830925,36.9957044681779,28.8297393600478,33.8994453916185,36.0132970236818,37.3582466687626,3.25714908906039,39.0355153556854,40.6612400142852,42.0939807587109,0.088041277653249,24,"1_NIC1667_0.03125",NA,NA,NA,NA,NA,"1",776.621116305835,-6.94986988698713
"20250619-CbDRC4-p020-m2x_D08_roi_0.png",20250619,"CbDRC4","p020","m2x","D08",0,818.908361499215,38.4169061531143,"","48h",10,"15hHB101","DMSO",1,"MILBEMYCIN",0.0625,NA,NA,"NIC1667",1,NA,NA,NA,773.742447763022,577.333365319214,733.919144064304,754.713700718838,782.708350784859,47.0794148570629,797.922080219203,818.517578734807,827.086739546115,0.0608463643078842,37.673938852616,28.9213929881005,35.0837654899257,36.0152681788019,38.4169061531143,2.8832072569989,39.8384467280629,40.7362597183606,41.9597413609459,0.0765305498922819,33,"1_NIC1667_0.0625",NA,NA,NA,NA,NA,"1",776.621116305835,6.08723447902355
"20250619-CbDRC4-p020-m2x_D09_roi_0.png",20250619,"CbDRC4","p020","m2x","D09",0,785.432433260652,38.0019902159898,"","48h",10,"15hHB101","DMSO",1,"MILBEMYCIN",0.125,NA,NA,"NIC1667",1,NA,NA,NA,753.604238145971,467.324152913417,704.032283687585,735.813001818736,772.227768756984,74.2400192431151,796.287045288778,811.971851176124,820.082170721842,0.0985132719340347,36.8886001472641,21.6159625762739,32.5394331300032,35.5853937785636,37.8929961110769,4.47660360554249,39.3831149368569,40.8363455528918,42.2617642218231,0.121354662081817,32,"1_NIC1667_0.125",NA,NA,NA,NA,NA,"1",776.621116305835,-4.39334754885135
"20250619-CbDRC4-p020-m2x_D10_roi_0.png",20250619,"CbDRC4","p020","m2x","D10",0,807.689535264767,37.6507214674696,"","48h",10,"15hHB101","DMSO",1,"MILBEMYCIN",0.25,NA,NA,"NIC1667",1,NA,NA,NA,764.956027613182,681.990722465428,710.864565959478,736.029381289544,765.180076987296,40.001698112136,791.646193657935,812.273890529376,840.709567241167,0.0522928072571039,36.8273842524711,32.8697655488503,34.5860171883451,36.016795852387,36.8289630463746,1.79745705726109,37.7232006172825,38.6323761824298,41.1807705676879,0.0488076222014188,25,"1_NIC1667_0.25",NA,NA,NA,NA,NA,"1",776.621116305835,-11.4410393185398
"20250619-CbDRC4-p020-m2x_D11_roi_0.png",20250619,"CbDRC4","p020","m2x","D11",0,628.973628595007,27.8636913173791,"","48h",10,"15hHB101","DMSO",1,"MILBEMYCIN",0.5,NA,NA,"NIC1667",1,NA,NA,NA,592.061462798282,112.887504311307,515.344952949781,538.681640232825,596.636604303757,110.921943123036,640.031885819822,714.7471804827,756.631501539547,0.1873486961958,26.8720699655076,8.68441746832519,21.8063013840579,24.0414563785908,27.6593047224384,4.99356291426679,29.2278091014638,34.0915083491842,35.68744133592,0.185827251889282,40,"1_NIC1667_0.5",NA,NA,NA,NA,NA,"1",776.621116305835,-179.984512002078
"20250619-CbDRC4-p020-m2x_D12_roi_0.png",20250619,"CbDRC4","p020","m2x","D12",0,365.511644390374,16.5991482619436,"","48h",10,"15hHB101","DMSO",1,"MILBEMYCIN",1,NA,NA,"NIC1667",1,NA,NA,NA,358.054298110469,285.589459023213,300.53398464309,318.152684163261,358.221916958168,48.7325855401224,387.897268687866,411.242675613121,475.264266739578,0.136103897641489,18.0516196197117,15.3189667937313,16.8325977052752,17.2778739343736,17.8462514684567,1.35993649171037,18.7357495878917,19.3732867403811,22.5091866685412,0.0753359820536752,32,"1_NIC1667_1",NA,NA,NA,NA,NA,"1",776.621116305835,-418.399199347668
"20250619-CbDRC4-p020-m2x_E01_roi_0.png",20250619,"CbDRC4","p020","m2x","E01",0,834.149252114223,38.0135493777939,"","48h",10,"15hHB101","DMSO",1,"MILBEMYCIN",0,NA,NA,"VX34",1,NA,NA,NA,815.911661819355,387.479656597604,781.399682570856,801.608664060611,816.566827795728,84.8051892593062,839.369759193602,900.285891813128,935.361222089841,0.103939180217383,39.2136391304995,36.386678386497,37.3814639705665,38.0792973440564,39.4674873021799,1.51906993245545,40.1136016889902,40.8847894628152,43.0551802376604,0.0387383055013108,35,"1_VX34_0",NA,NA,NA,NA,NA,"1",808.628894132328,7.93793366340014
"20250619-CbDRC4-p020-m2x_E02_roi_0.png",20250619,"CbDRC4","p020","m2x","E02",0,822.075489396973,37.4259880107058,"","48h",10,"15hHB101","DMSO",1,"MILBEMYCIN",0.00097,NA,NA,"VX34",1,NA,NA,NA,827.154245140296,720.894663349458,791.314104690451,804.549095729976,822.075489396973,41.0615221446409,844.123117509895,876.060523743252,936.257325606801,0.0496419167112856,38.571465030258,32.3216940196882,37.4118735808408,37.8158128753997,38.4273574329904,1.71419632222842,39.7078878616368,40.3163364111641,42.369882088638,0.0444420848646451,33,"1_VX34_0.00097",NA,NA,NA,NA,NA,"1",808.628894132328,13.4465952646451
"20250619-CbDRC4-p020-m2x_E03_roi_0.png",20250619,"CbDRC4","p020","m2x","E03",0,844.879063281659,38.9987251319615,"","48h",10,"15hHB101","DMSO",1,"MILBEMYCIN",0.0019,NA,NA,"VX34",1,NA,NA,NA,839.722292950868,750.752909110685,799.978819032809,821.970744761669,839.593483417007,38.5484698465265,853.971554048889,866.302413189251,993.728652927475,0.0459062122919987,38.5145429331724,33.867716912573,36.7064919327414,37.3822552091037,38.3461135109177,2.1445917993225,39.6051308774164,41.0611221571595,43.1041447340285,0.0556826496174091,34,"1_VX34_0.0019",NA,NA,NA,NA,NA,"1",808.628894132328,30.9645892846793
"20250619-CbDRC4-p020-m2x_E04_roi_0.png",20250619,"CbDRC4","p020","m2x","E04",0,829.900105355982,38.4724015580188,"","48h",10,"15hHB101","DMSO",1,"MILBEMYCIN",0.0039,NA,NA,"VX34",1,NA,NA,NA,833.399821904571,734.032739165363,794.992457095908,810.329884008896,828.554250516476,44.3475125252047,844.831474695373,878.067350189435,987.102241914755,0.0532127693810364,38.2961460462437,32.6953287347038,36.3555298372277,37.8617218645932,38.4017315045302,1.61097473600859,39.3001006209491,40.2282243912929,40.5337761260604,0.0420662364840394,31,"1_VX34_0.0039",NA,NA,NA,NA,NA,"1",808.628894132328,19.9253563841484
"20250619-CbDRC4-p020-m2x_E05_roi_0.png",20250619,"CbDRC4","p020","m2x","E05",0,772.297732906179,38.8543476846888,"","48h",10,"15hHB101","DMSO",1,"MILBEMYCIN",0.0078,NA,NA,"VX34",1,NA,NA,NA,808.979501790852,255.850605028062,785.743038707653,808.78592778134,829.914292223311,134.426010004484,855.264528788613,880.32781050361,961.657123079256,0.166167387068402,37.561091544296,20.5491952157293,36.082636180145,37.7732567377534,38.1875500381978,4.08189660964127,38.9198030356618,40.1719273613728,40.9459777598794,0.108673535347807,35,"1_VX34_0.0078",NA,NA,NA,NA,NA,"1",808.628894132328,21.2853980909837
"20250619-CbDRC4-p020-m2x_E06_roi_0.png",20250619,"CbDRC4","p020","m2x","E06",0,792.845657027032,36.9848721861398,"","48h",10,"15hHB101","DMSO",1,"MILBEMYCIN",0.0156,NA,NA,"VX34",1,NA,NA,NA,801.03773676816,173.98131154948,776.001276321843,793.242760082528,831.327445644635,141.828335423572,854.678834930671,867.246213144346,909.095998474421,0.177055747705205,37.8717549606975,16.6772454055344,37.0650268585969,37.6801452223902,38.6829888914756,4.80442523775334,39.4895493308386,40.7800174490151,41.5155149070982,0.12686038032141,23,"1_VX34_0.0156",NA,NA,NA,NA,NA,"1",808.628894132328,22.6985515123069
"20250619-CbDRC4-p020-m2x_E07_roi_0.png",20250619,"CbDRC4","p020","m2x","E07",0,838.621870928458,37.980432251484,"","48h",10,"15hHB101","DMSO",1,"MILBEMYCIN",0.03125,NA,NA,"VX34",1,NA,NA,NA,838.124888303952,751.486361969092,800.868358073965,817.713933717308,836.466481924467,30.9977311363184,859.120627584696,873.470559623195,900.143250973675,0.0369846207515041,38.5566803913051,31.5052676968986,37.1690613173841,37.8468766322534,38.5627596039959,1.76952486964065,39.4999249718357,40.0459329325492,41.8716456596543,0.0458941187799896,42,"1_VX34_0.03125",NA,NA,NA,NA,NA,"1",808.628894132328,27.8375877921393
"20250619-CbDRC4-p020-m2x_E08_roi_0.png",20250619,"CbDRC4","p020","m2x","E08",0,852.927498852812,41.4742405712973,"","48h",10,"15hHB101","DMSO",1,"MILBEMYCIN",0.0625,NA,NA,"VX34",1,NA,NA,NA,846.230445482611,739.681310593956,810.499888625704,832.409932526327,836.613221898581,42.1118643609491,873.428734188825,908.56558233557,923.719533137896,0.0497640620066942,38.7281996595222,36.8703853891709,37.3723856682727,37.5982407676958,38.5270416195204,1.29647045104375,39.5533432057072,40.4953732786524,41.4742405712973,0.0334761352823429,33,"1_VX34_0.0625",NA,NA,NA,NA,NA,"1",808.628894132328,27.9843277662536
"20250619-CbDRC4-p020-m2x_E09_roi_0.png",20250619,"CbDRC4","p020","m2x","E09",0,932.004402242751,45.0490408946328,"","48h",10,"15hHB101","DMSO",1,"MILBEMYCIN",0.125,NA,NA,"VX34",1,NA,NA,NA,827.954263620238,687.838411767175,762.983478463039,810.111769543566,831.895486069729,51.2115353234932,852.280316818481,888.145024055532,932.004402242751,0.0618530969326377,38.9425678111576,32.6506709878529,37.0363728664146,38.1342231784537,38.9308225560482,2.15173653808721,39.7017512619318,40.9533401673468,45.0490408946328,0.0552541000511709,30,"1_VX34_0.125",NA,NA,NA,NA,NA,"1",808.628894132328,23.2665919374008
"20250619-CbDRC4-p020-m2x_E10_roi_0.png",20250619,"CbDRC4","p020","m2x","E10",0,829.540464131545,37.4906983485409,"","48h",10,"15hHB101","DMSO",1,"MILBEMYCIN",0.25,NA,NA,"VX34",1,NA,NA,NA,814.218907906332,752.604292598567,780.340148377872,793.569412857224,812.336373135526,29.56412817292,831.248462186751,851.474294065325,893.705212042742,0.0363098030343469,38.4629852934175,36.5663003024289,36.9760412462837,37.3339666886644,37.9953121089548,1.61020811597847,38.9572172556362,40.8101416209005,43.9676061201801,0.0418638361971878,37,"1_VX34_0.25",NA,NA,NA,NA,NA,"1",808.628894132328,3.70747900319839
"20250619-CbDRC4-p020-m2x_E11_roi_0.png",20250619,"CbDRC4","p020","m2x","E11",0,679.390717276708,27.6651367091331,"","48h",10,"15hHB101","DMSO",1,"MILBEMYCIN",0.5,NA,NA,"VX34",1,NA,NA,NA,590.912977522975,451.225270988165,524.911264728115,549.368130499331,579.588385999509,64.8100756872381,639.830059003914,678.35778929036,698.91076957834,0.109677868235206,26.6326145245727,21.3386686680702,23.8111045879818,24.9362511812112,25.6270021972202,3.14908472991285,28.1248458697841,32.2068454271365,32.9128135356244,0.118241666698075,23,"1_VX34_0.5",NA,NA,NA,NA,NA,"1",808.628894132328,-229.040508132819
"20250619-CbDRC4-p020-m2x_E12_roi_0.png",20250619,"CbDRC4","p020","m2x","E12",0,373.19859395719,19.0700551117808,"","48h",10,"15hHB101","DMSO",1,"MILBEMYCIN",1,NA,NA,"VX34",1,NA,NA,NA,302.714233547962,220.481312440487,270.245778168396,274.369045204417,299.434563494147,37.229277772168,328.348452347991,347.446824584737,373.19859395719,0.122984893494509,17.6820269261923,14.3172067384594,14.671965892422,15.1904380234051,16.9993814626413,4.08365195841711,18.1279595300542,18.6108742354283,32.4290634041132,0.23094931228546,17,"1_VX34_1",NA,NA,NA,NA,NA,"1",808.628894132328,-509.194330638181
"20250619-CbDRC4-p020-m2x_F01_roi_0.png",20250619,"CbDRC4","p020","m2x","F01",0,794.824347926905,37.6830871938147,"","48h",10,"15hHB101","DMSO",1,"MILBEMYCIN",0,NA,NA,"ECA2666",1,NA,NA,NA,761.760925162382,588.210499326891,695.438507090705,737.41703706529,774.485174947464,50.7263168248681,791.200501903112,804.943093021096,857.535940985266,0.0665908622368034,36.0737881899004,28.1216894299341,32.3052599733651,34.4795581879038,36.4070868584081,2.86182491748759,37.9887514730378,38.943351569351,41.507849052395,0.0793325309341593,35,"1_ECA2666_0",NA,NA,NA,NA,NA,"1",778.447145543842,-3.9619705963778
"20250619-CbDRC4-p020-m2x_F02_roi_0.png",20250619,"CbDRC4","p020","m2x","F02",0,779.096033843081,38.8053307569638,"","48h",10,"15hHB101","DMSO",1,"MILBEMYCIN",0.00097,NA,NA,"ECA2666",1,NA,NA,NA,766.957123322087,667.225417655842,709.331983267083,729.179432505591,779.092619909996,44.2478429729966,800.865283413007,815.777685755684,852.126643570967,0.0576927205282824,35.3933021018483,28.037469362644,31.6233003437858,33.9657879250734,35.6637083329361,2.92839709163088,37.2657770153865,38.7352334804376,39.7335448032839,0.0827387363632835,34,"1_ECA2666_0.00097",NA,NA,NA,NA,NA,"1",778.447145543842,0.645474366153394
"20250619-CbDRC4-p020-m2x_F03_roi_0.png",20250619,"CbDRC4","p020","m2x","F03",0,750.695782547126,33.5954792097491,"","48h",10,"15hHB101","DMSO",1,"MILBEMYCIN",0.0019,NA,NA,"ECA2666",1,NA,NA,NA,735.487939453843,224.673818278401,681.411947336467,734.999389557962,758.139696343653,120.389125954166,790.947695079992,807.638326695521,849.101991212357,0.163686064034666,34.3517651121056,16.8902090572405,29.1371497406716,33.3331946121373,35.6173880282472,5.09338764389868,37.0546492523172,39.3486760549471,40.4024035250609,0.148271497178576,40,"1_ECA2666_0.0019",NA,NA,NA,NA,NA,"1",778.447145543842,-20.3074492001891
"20250619-CbDRC4-p020-m2x_F04_roi_0.png",20250619,"CbDRC4","p020","m2x","F04",0,784.032945022107,36.7224170252901,"","48h",10,"15hHB101","DMSO",1,"MILBEMYCIN",0.0039,NA,NA,"ECA2666",1,NA,NA,NA,746.162935628728,535.164275299745,618.872304401529,744.932821982604,766.767279058118,76.4931636118803,787.148784994087,803.517576716633,859.865571096936,0.10251536220762,34.9623432175208,26.6822980719812,30.2430121303208,33.4356380115924,35.5187746072427,3.15950424574749,36.8752734714244,38.4141524211642,40.3080486402584,0.0903687783765064,35,"1_ECA2666_0.0039",NA,NA,NA,NA,NA,"1",778.447145543842,-11.6798664857246
"20250619-CbDRC4-p020-m2x_F05_roi_0.png",20250619,"CbDRC4","p020","m2x","F05",0,745.056904643595,31.5402183700697,"","48h",10,"15hHB101","DMSO",1,"MILBEMYCIN",0.0078,NA,NA,"ECA2666",1,NA,NA,NA,760.838697764797,627.078763377031,718.15872934906,742.277716155364,763.160598762082,45.7141351649109,791.537990856763,812.168067993607,832.914840027212,0.060083872309874,34.8888592377469,27.5430947268461,30.7080431345054,33.3692775320005,35.2763754972571,3.02797567166125,36.8768267469488,38.0304483465352,40.6937212733664,0.0867891853679535,37,"1_ECA2666_0.0078",NA,NA,NA,NA,NA,"1",778.447145543842,-15.2865467817596
"20250619-CbDRC4-p020-m2x_F06_roi_0.png",20250619,"CbDRC4","p020","m2x","F06",0,821.509383428122,38.5148140139079,"","48h",10,"15hHB101","DMSO",1,"MILBEMYCIN",0.0156,NA,NA,"ECA2666",1,NA,NA,NA,752.667819917487,639.140318752808,714.865904596397,721.572829660944,747.805752790876,43.5136197347331,780.568410443611,818.082391080618,828.168109475322,0.0578125151404817,34.7254890249952,27.493455059669,30.9208629297763,32.9245108573074,34.8762113326341,2.90724692102817,36.6080033824332,38.2714250449683,39.5650674503541,0.0837208345413236,38,"1_ECA2666_0.0156",NA,NA,NA,NA,NA,"1",778.447145543842,-30.641392752966
"20250619-CbDRC4-p020-m2x_F07_roi_0.png",20250619,"CbDRC4","p020","m2x","F07",0,834.661702244208,34.3580544501094,"","48h",10,"15hHB101","DMSO",1,"MILBEMYCIN",0.03125,NA,NA,"ECA2666",1,NA,NA,NA,754.963428365922,613.399178592858,688.616210343406,732.320104355924,755.884391812844,57.0806538271285,788.739416655287,825.327582880042,860.935556213438,0.0756071773578179,34.7422266461004,27.6467018239166,31.1916000505586,32.8845068592836,35.5359335482202,2.84979919187622,36.7181771354353,37.3247858071329,41.1050612132794,0.0820269587469316,35,"1_ECA2666_0.03125",NA,NA,NA,NA,NA,"1",778.447145543842,-22.5627537309985
"20250619-CbDRC4-p020-m2x_F08_roi_0.png",20250619,"CbDRC4","p020","m2x","F08",0,822.356630351719,37.8270144327831,"","48h",10,"15hHB101","DMSO",1,"MILBEMYCIN",0.0625,NA,NA,"ECA2666",1,NA,NA,NA,765.697262964335,517.732271114168,714.296379827202,755.151199050091,775.385224171667,68.0788253643332,803.762157873465,822.356630351719,848.841348126394,0.0889108903181545,35.8156446081732,29.9956802475814,32.3409616342978,34.1391594007994,35.5160848439687,2.97370549130285,37.8926301319124,39.2112726443161,42.1361581154884,0.0830281158928028,31,"1_ECA2666_0.0625",NA,NA,NA,"outlier","outlier","1",778.447145543842,-3.06192137217465
"20250619-CbDRC4-p020-m2x_F09_roi_0.png",20250619,"CbDRC4","p020","m2x","F09",0,803.902304987295,35.3257199399582,"","48h",10,"15hHB101","DMSO",1,"MILBEMYCIN",0.125,NA,NA,"ECA2666",1,NA,NA,NA,705.411858525732,227.274446219364,653.994390733643,693.931945895964,729.137236689299,129.306109410451,754.304301575866,799.434314475456,843.418359960705,0.183305834524377,32.5162701781335,13.2674832597017,29.0961416356419,30.1785650491553,32.9860918184027,4.41814289033725,35.4595401142228,36.6534864120654,38.8483907494892,0.135874836386012,35,"1_ECA2666_0.125",NA,NA,NA,NA,NA,"1",778.447145543842,-49.3099088545432
"20250619-CbDRC4-p020-m2x_F10_roi_0.png",20250619,"CbDRC4","p020","m2x","F10",0,604.456604101035,26.4967337858446,"","48h",10,"15hHB101","DMSO",1,"MILBEMYCIN",0.25,NA,NA,"ECA2666",1,NA,NA,NA,527.740416277708,215.118353630548,432.028482104573,495.286037084757,526.403470085728,87.004167213968,582.555228140942,617.035104856262,673.34843182854,0.164861671629456,23.5683540476683,13.1110092317495,20.2885039180593,22.2010743220277,23.4412707293716,3.18749756949261,25.2243983464509,26.9523366758104,30.1844800146305,0.135244810182575,35,"1_ECA2666_0.25",NA,NA,NA,NA,NA,"1",778.447145543842,-252.043675458115
"20250619-CbDRC4-p020-m2x_F11_roi_0.png",20250619,"CbDRC4","p020","m2x","F11",0,403.586988091267,18.4669915414695,"","48h",10,"15hHB101","DMSO",1,"MILBEMYCIN",0.5,NA,NA,"ECA2666",1,NA,NA,NA,379.230470184573,288.793164134094,329.641317958492,356.403631340802,385.180649958669,42.6252841415669,409.369027933508,423.978548392642,455.027820924397,0.112399418013065,17.9382314600024,15.8648535707602,16.0006722219874,16.5492649064868,17.936803164443,1.46312656630729,18.9670409921999,19.4135180390958,20.6782612634478,0.0815647055045353,23,"1_ECA2666_0.5",NA,NA,NA,NA,NA,"1",778.447145543842,-393.266495585173
"20250619-CbDRC4-p020-m2x_F12_roi_0.png",20250619,"CbDRC4","p020","m2x","F12",0,264.204319149168,14.9058739054991,"","48h",10,"15hHB101","DMSO",1,"MILBEMYCIN",1,NA,NA,"ECA2666",1,NA,NA,NA,265.393110298447,145.785203979845,237.170791227656,256.155823602791,268.745892071562,34.3617611869455,282.143663216485,292.805633694379,324.947820888378,0.129474955654667,15.1728798908917,11.4625460189321,14.3185530871468,14.560313759382,14.9318504004011,1.37299872272077,15.6147946473368,17.0547587936576,18.3867996533437,0.0904903177639328,24,"1_ECA2666_1",NA,NA,NA,NA,NA,"1",778.447145543842,-509.70125347228
"20250619-CbDRC4-p021-m2x_A01_roi_0.png",20250619,"CbDRC4","p021","m2x","A01",0,775.333749210492,37.9864799068587,"","48h",10,"15hHB101","DMSO",1,"MILBEMYCIN",0,NA,NA,"PB420",1,NA,NA,NA,790.78703177389,743.958717227337,753.137258742337,760.428819253913,779.903715609274,40.3101120087476,802.447453850289,839.33724941031,931.311326396166,0.050974675088341,39.1021678137517,35.4962660405997,36.8148722020659,37.618697360478,38.9525456249585,2.02658577959408,40.4137233703456,41.3974873137836,44.7734867689184,0.0518279648649393,48,"1_PB420_0",NA,NA,NA,NA,NA,"1",764.404649350685,15.4990662585884
"20250619-CbDRC4-p021-m2x_A02_roi_0.png",20250619,"CbDRC4","p021","m2x","A02",0,807.387893654283,36.1517833873654,"","48h",10,"15hHB101","DMSO",1,"MILBEMYCIN",0.00097,NA,NA,"PB420",1,NA,NA,NA,785.164116980727,747.607800738263,761.514761423831,765.942652422683,777.459237469091,25.9613136459699,795.729442868784,819.076801225022,863.360675152075,0.0330648243908568,37.7058312118209,34.5535381641905,36.156437431767,36.6037563499761,37.5341520665281,1.59474596940324,38.7140110839918,39.8022743240868,42.0954257394314,0.0422944122473894,42,"1_PB420_0.00097",NA,NA,NA,NA,NA,"1",764.404649350685,13.0545881184062
"20250619-CbDRC4-p021-m2x_A03_roi_0.png",20250619,"CbDRC4","p021","m2x","A03",0,794.656705916547,37.3836632258471,"","48h",10,"15hHB101","DMSO",1,"MILBEMYCIN",0.0019,NA,NA,"PB420",1,NA,NA,NA,782.577531751618,501.039182448285,740.685430010315,763.893460947364,784.914412141135,57.931074923959,800.342510061376,818.869486572559,968.200327368188,0.0740259879353982,38.6867306457357,28.7034398658277,36.3586972396844,37.2697149412806,38.8743844474723,2.33295353097378,39.9972100452064,41.0624660436812,43.2732350636248,0.0603037137549107,51,"1_PB420_0.0019",NA,NA,NA,NA,NA,"1",764.404649350685,20.5097627904498
"20250619-CbDRC4-p021-m2x_A05_roi_0.png",20250619,"CbDRC4","p021","m2x","A05",0,797.280065968346,40.0237236362309,"","48h",10,"15hHB101","DMSO",1,"MILBEMYCIN",0.0078,NA,NA,"PB420",1,NA,NA,NA,772.303897121001,514.880328337764,741.713785048202,762.024832254753,774.791053464923,51.0487431305967,794.342414139081,809.489000686381,891.008006806647,0.0660992950066632,38.019162302071,31.3944212101755,36.32492580328,37.3505339660334,38.0197565342923,1.77593968048114,38.9753083125589,40.0764424541607,41.7100168023889,0.0467116993891366,48,"1_PB420_0.0078",NA,NA,NA,NA,NA,"1",764.404649350685,10.3864041142376
"20250619-CbDRC4-p021-m2x_A06_roi_0.png",20250619,"CbDRC4","p021","m2x","A06",0,788.304726856138,37.7560564473989,"","48h",10,"15hHB101","DMSO",1,"MILBEMYCIN",0.0156,NA,NA,"PB420",1,NA,NA,NA,778.786911272959,727.257633850834,744.285500700369,765.913372628589,772.693615367808,32.8774146070137,787.026203243185,810.174170629026,920.88787397642,0.0422161879342248,38.6570966768856,32.6080003361588,36.588059997434,37.1402099831643,38.7481001454784,2.10269875874623,39.630398180955,41.2321879047924,43.5949223161071,0.054393602714699,49,"1_PB420_0.0156",NA,NA,NA,NA,NA,"1",764.404649350685,8.28896601712279
"20250619-CbDRC4-p021-m2x_A07_roi_0.png",20250619,"CbDRC4","p021","m2x","A07",0,800.202936118715,36.1086389407607,"","48h",10,"15hHB101","DMSO",1,"MILBEMYCIN",0.03125,NA,NA,"PB420",1,NA,NA,NA,773.136455415777,677.74846516317,753.019384791337,759.953862927761,771.145793202444,26.3944869811442,783.884106669719,801.314082022362,853.697428303352,0.0341394934830098,38.1226825595528,31.9835214470436,35.991651506791,36.8062998240425,38.3624996172409,1.87757550056071,39.1276290245836,40.5564730108696,43.0582327382119,0.0492508757123185,60,"1_PB420_0.03125",NA,NA,NA,NA,NA,"1",764.404649350685,6.74114385175858
"20250619-CbDRC4-p021-m2x_A08_roi_0.png",20250619,"CbDRC4","p021","m2x","A08",0,792.132447000835,37.687624615592,"","48h",10,"15hHB101","DMSO",1,"MILBEMYCIN",0.0625,NA,NA,"PB420",1,NA,NA,NA,789.655595157913,733.306903057968,752.969756099767,774.561717913878,788.887843983539,31.008580251519,801.867804120944,818.79120440231,904.939209999572,0.0392684867196034,38.3212521713552,36.1176784152089,36.6511896209338,37.2841728619573,38.040209378398,1.50084380880484,39.2764330093109,40.2423598950084,41.9590153574792,0.0391647903908187,41,"1_PB420_0.0625",NA,NA,NA,NA,NA,"1",764.404649350685,24.4831946328541
"20250619-CbDRC4-p021-m2x_A09_roi_0.png",20250619,"CbDRC4","p021","m2x","A09",0,772.807881756966,36.4941597786915,"","48h",10,"15hHB101","DMSO",1,"MILBEMYCIN",0.125,NA,NA,"PB420",1,NA,NA,NA,789.938152049017,742.413938503946,754.662470877711,772.621532272389,788.494676265208,33.6298184737992,801.191970159621,818.121780077901,944.52263795816,0.0425727234297608,37.9648515744267,35.4092318334169,36.0956342861731,36.9388039757373,37.9582675322727,1.49858520488095,38.6643097462021,40.088085175664,41.7955997642215,0.0394729636159149,43,"1_PB420_0.125",NA,NA,NA,NA,NA,"1",764.404649350685,24.0900269145232
"20250619-CbDRC4-p021-m2x_A10_roi_0.png",20250619,"CbDRC4","p021","m2x","A10",0,776.130315611602,37.9654641661453,"","48h",10,"15hHB101","DMSO",1,"MILBEMYCIN",0.25,NA,NA,"PB420",1,NA,NA,NA,760.095537154512,636.992622742334,710.017659893638,740.412644470304,770.464498946621,37.6281946584543,780.690662683693,792.237679848355,852.350567231441,0.0495045593864672,36.5437443286397,29.1690349093215,33.099683145492,35.7344385811805,36.9050549992903,2.18504748234371,37.9504993081664,38.5492377537854,40.0477580198395,0.0597926545975549,42,"1_PB420_0.25",NA,NA,NA,NA,NA,"1",764.404649350685,6.05984959593616
"20250619-CbDRC4-p021-m2x_A11_roi_0.png",20250619,"CbDRC4","p021","m2x","A11",0,725.596336180237,32.5338301777038,"","48h",10,"15hHB101","DMSO",1,"MILBEMYCIN",0.5,NA,NA,"PB420",1,NA,NA,NA,522.724719819665,382.384164361715,417.078799151694,450.874150541817,527.502925542914,86.160436361284,587.93707497426,612.350087878228,738.141812018054,0.164829465863043,24.3473789469705,16.7136734426879,19.9050071895008,21.7242488779475,24.0283290338486,3.8160395120903,26.2067248767716,27.9805342574755,33.6407179924584,0.156733072598976,51,"1_PB420_0.5",NA,NA,NA,NA,NA,"1",764.404649350685,-236.901723807771
"20250619-CbDRC4-p021-m2x_B01_roi_0.png",20250619,"CbDRC4","p021","m2x","B01",0,881.307918424598,39.285346471136,"","48h",10,"15hHB101","DMSO",1,"MILBEMYCIN",0,NA,NA,"ED3102",1,NA,NA,NA,877.943535666846,722.155427004401,791.913803825086,848.980518213898,886.237575689687,58.2788077242102,914.819725220096,935.967047805522,1027.76383836035,0.0663810431498243,41.4742009496323,36.4226391550915,38.589134914439,40.0021874874307,41.4826579946274,2.22155564691193,42.6422654127053,44.1991678584226,46.7414001175393,0.0535647606474653,56,"1_ED3102_0",NA,NA,NA,"outlier","outlier","1",858.463870400194,27.7737052894933
"20250619-CbDRC4-p021-m2x_B02_roi_0.png",20250619,"CbDRC4","p021","m2x","B02",0,917.841300115566,44.1916073629539,"","48h",10,"15hHB101","DMSO",1,"MILBEMYCIN",0.00097,NA,NA,"ED3102",1,NA,NA,NA,893.27857154098,775.873946521088,837.32689253281,875.70371432735,892.297645595949,47.2764756226761,914.219455107005,935.621627473434,1026.1080085795,0.0529246722454343,41.3770782773196,37.2456878058122,39.1404792964471,40.3241598073973,41.1066723980817,2.03472519809771,42.509859853036,44.1916073629539,46.4807857770357,0.0491751782100337,41,"1_ED3102_0.00097",NA,NA,NA,NA,NA,"1",858.463870400194,33.8337751957555
"20250619-CbDRC4-p021-m2x_B03_roi_0.png",20250619,"CbDRC4","p021","m2x","B03",0,869.508953478344,41.1507797787882,"","48h",10,"15hHB101","DMSO",1,"MILBEMYCIN",0.0019,NA,NA,"ED3102",1,NA,NA,NA,871.821342054251,754.383478940619,809.763531500243,846.065780772535,880.334471099977,43.8996314991385,905.169432964458,920.497535188681,946.202863433766,0.0503539307671671,41.3217647488529,35.8029438443121,39.2625268273216,40.2341401452605,41.1043167460083,1.84535234022945,42.7044170395235,43.5484016399787,45.4764167779248,0.0446581202774181,61,"1_ED3102_0.0019",NA,NA,NA,"outlier","outlier","1",858.463870400194,21.8706006997835
"20250619-CbDRC4-p021-m2x_B04_roi_0.png",20250619,"CbDRC4","p021","m2x","B04",0,842.608590324581,39.0869392471826,"","48h",10,"15hHB101","DMSO",1,"MILBEMYCIN",0.0039,NA,NA,"ED3102",1,NA,NA,NA,861.684006205117,526.104835787433,781.131076780941,809.368343938833,887.216887759788,72.9542749421343,911.535935620658,928.620229457537,948.189971720539,0.0846647662214681,41.6591789784111,34.1211355277457,38.4503815649505,39.6763505815578,41.4314222610116,2.72151094780149,43.6413871861768,44.8634741435142,47.8201460124203,0.0653280024844429,50,"1_ED3102_0.0039",NA,NA,NA,NA,NA,"1",858.463870400194,28.7530173595944
"20250619-CbDRC4-p021-m2x_B05_roi_0.png",20250619,"CbDRC4","p021","m2x","B05",0,962.054953975335,43.7214153034039,"","48h",10,"15hHB101","DMSO",1,"MILBEMYCIN",0.0078,NA,NA,"ED3102",1,NA,NA,NA,879.671922288897,773.342374612312,796.265444417066,846.199843726139,888.020588901988,56.8732695880124,919.355202535422,932.996739593635,1034.62816457933,0.0646528190191961,40.8873406302896,32.8681965257422,38.3378666051722,39.2193546906617,40.9225079452684,2.53710675776189,42.6726171445913,43.918347140524,44.9278719450812,0.0620511561439725,54,"1_ED3102_0.0078",NA,NA,NA,NA,NA,"1",858.463870400194,29.5567185017944
"20250619-CbDRC4-p021-m2x_B06_roi_0.png",20250619,"CbDRC4","p021","m2x","B06",0,895.25839682445,43.4411930340581,"","48h",10,"15hHB101","DMSO",1,"MILBEMYCIN",0.0156,NA,NA,"ED3102",1,NA,NA,NA,865.204997068441,218.736920058844,791.79030731242,845.251813454336,893.354960017723,108.756631878255,913.765285970475,930.173752816943,972.474996696343,0.125700420416841,41.2018654474311,13.1872549880205,39.0254797974964,40.4588435170779,41.9171863338223,4.60978031778189,43.449754862309,43.8798240648544,46.1697996835172,0.111882805977886,47,"1_ED3102_0.0156",NA,NA,NA,NA,NA,"1",858.463870400194,34.8910896175289
"20250619-CbDRC4-p021-m2x_B07_roi_0.png",20250619,"CbDRC4","p021","m2x","B07",0,855.266515761673,44.456955878364,"","48h",10,"15hHB101","DMSO",1,"MILBEMYCIN",0.03125,NA,NA,"ED3102",1,NA,NA,NA,880.473124547836,714.992833543956,800.625723860897,849.30703190177,896.350650941162,53.1366231245572,908.03660987522,941.81404484712,983.869401163069,0.0603500795686925,41.4610416344919,35.1763505292893,39.2810024137838,40.1070421092832,41.3710568786607,2.16686289458183,42.4627885779442,44.449764998615,46.1340765064863,0.0522626255674965,52,"1_ED3102_0.03125",NA,NA,NA,NA,NA,"1",858.463870400194,37.8867805409686
"20250619-CbDRC4-p021-m2x_B08_roi_0.png",20250619,"CbDRC4","p021","m2x","B08",0,946.338197217107,42.8302670603533,"","48h",10,"15hHB101","DMSO",1,"MILBEMYCIN",0.0625,NA,NA,"ED3102",1,NA,NA,NA,888.45111395368,774.587370013793,812.288784114407,876.00303425768,894.78059639243,46.1775557157061,914.479740914249,946.319048731405,971.025253043571,0.0519753478727853,41.905769974924,37.5349492646262,38.7500500495022,40.3509419618429,42.363434869901,2.19055966067031,43.2942610967683,44.1196172077033,46.8156982570628,0.0522734616732044,52,"1_ED3102_0.0625",NA,NA,NA,"outlier","outlier","1",858.463870400194,36.3167259922365
"20250619-CbDRC4-p021-m2x_B09_roi_0.png",20250619,"CbDRC4","p021","m2x","B09",0,914.399861358366,37.3109616956707,"","48h",10,"15hHB101","DMSO",1,"MILBEMYCIN",0.125,NA,NA,"ED3102",1,NA,NA,NA,867.983788096418,775.247824792651,791.604708887342,814.53797703969,880.117685254372,62.5137286433594,905.797111565393,926.824817944324,1081.17599516572,0.0720217698771295,41.4254225003053,36.7554090248612,37.9828766285278,39.5707237712613,41.1613317960357,2.74123300920206,42.688376326186,44.5941823871571,47.7056008686835,0.0661727230224835,34,"1_ED3102_0.125",NA,NA,NA,NA,NA,"1",858.463870400194,21.6538148541786
"20250619-CbDRC4-p021-m2x_B10_roi_0.png",20250619,"CbDRC4","p021","m2x","B10",0,778.591198269465,32.6396850860102,"","48h",10,"15hHB101","DMSO",1,"MILBEMYCIN",0.25,NA,NA,"ED3102",1,NA,NA,NA,719.557678392199,531.774277417558,625.33391568774,673.458171893589,741.184429008053,67.6215553579816,769.08690387271,789.096220591602,812.139799531591,0.0939765600293186,32.6300052814608,25.1496068053252,27.944765390052,30.1058521909079,33.0919121472291,3.25021833883901,34.9859882548517,36.4487436667037,38.1392882474699,0.0996082688557108,56,"1_ED3102_0.25",NA,NA,NA,NA,NA,"1",858.463870400194,-117.279441392141
"20250619-CbDRC4-p021-m2x_B11_roi_0.png",20250619,"CbDRC4","p021","m2x","B11",0,553.382983145599,25.7599581160999,"","48h",10,"15hHB101","DMSO",1,"MILBEMYCIN",0.5,NA,NA,"ED3102",1,NA,NA,NA,440.978304993385,295.224151214041,336.492043196115,387.5535451272,441.212973849202,79.7631485024271,505.597832715225,548.957290373487,617.576249818933,0.180877715749811,20.8355340392725,15.6892744006648,17.7257687629664,18.8116696752303,20.7125821486763,2.60658654926326,22.7445372784468,24.9233978774815,25.7599581160999,0.125102939255128,41,"1_ED3102_0.5",NA,NA,NA,NA,NA,"1",858.463870400194,-417.250896550992
"20250619-CbDRC4-p021-m2x_B12_roi_0.png",20250619,"CbDRC4","p021","m2x","B12",0,265.736177642049,15.6516767482262,"","48h",10,"15hHB101","DMSO",1,"MILBEMYCIN",1,NA,NA,"ED3102",1,NA,NA,NA,248.292248561166,188.306440428167,206.946982186592,227.751912948268,242.329270025975,35.4075180107025,265.736177642049,297.723464079557,339.428199032565,0.142604202168559,14.9950686138236,11.9079808815431,13.304293987741,14.1667348862269,15.0159145083026,1.44055566534204,15.6716171974602,16.9762671617846,17.5790975284174,0.0960686277896734,29,"1_ED3102_1",NA,NA,NA,"outlier","outlier","1",858.463870400194,-616.134600374219
"20250619-CbDRC4-p021-m2x_C01_roi_0.png",20250619,"CbDRC4","p021","m2x","C01",0,813.037404184319,39.1372361113789,"","48h",10,"15hHB101","DMSO",1,"MILBEMYCIN",0,NA,NA,"JU3237",1,NA,NA,NA,781.662111277971,644.316623781673,741.958911320294,764.29812561384,793.782563508864,35.7998653543361,805.637369756371,813.906883036154,828.279495220313,0.0457996682170067,38.6827230245367,29.1651585774488,36.4663914230967,38.1356899723008,38.7897615285638,2.21892999686786,40.123715606492,40.7744837549434,41.6985475099088,0.0573623008768122,41,"1_JU3237_0",NA,NA,NA,"outlier","outlier","1",765.709066236116,28.0734972727477
"20250619-CbDRC4-p021-m2x_C02_roi_0.png",20250619,"CbDRC4","p021","m2x","C02",0,825.350788923588,39.0625818424199,"","48h",10,"15hHB101","DMSO",1,"MILBEMYCIN",0.00097,NA,NA,"JU3237",1,NA,NA,NA,806.790747799949,742.363814067825,753.806930015175,795.429955677969,811.346346789472,30.3241584677395,827.764080843239,839.292252021634,859.865753724641,0.0375861504986651,39.5779354795297,33.1546705010015,37.304592448137,38.3887569152091,39.8314770202809,2.22338736742619,41.1324608752038,42.2426450091206,42.514261479882,0.0561774468649624,37,"1_JU3237_0.00097",NA,NA,NA,NA,NA,"1",765.709066236116,45.637280553356
"20250619-CbDRC4-p021-m2x_C03_roi_0.png",20250619,"CbDRC4","p021","m2x","C03",0,800.429457095113,39.0501108186108,"","48h",10,"15hHB101","DMSO",1,"MILBEMYCIN",0.0019,NA,NA,"JU3237",1,NA,NA,NA,776.012359580437,376.268968872029,743.604920619055,769.564451675067,794.361953881773,78.3745028823261,808.908310720096,822.164089142883,848.584815006843,0.100996462124264,38.7230755406564,18.1932931535991,36.246695240541,38.1241554846844,39.518595394893,4.35117872362379,41.0624787972971,42.0216993208572,42.9928227058986,0.112366558256856,33,"1_JU3237_0.0019",NA,NA,NA,NA,NA,"1",765.709066236116,28.6528876456568
"20250619-CbDRC4-p021-m2x_C04_roi_0.png",20250619,"CbDRC4","p021","m2x","C04",0,817.896981272149,37.5499818463785,"","48h",10,"15hHB101","DMSO",1,"MILBEMYCIN",0.0039,NA,NA,"JU3237",1,NA,NA,NA,779.324749765937,645.057897513356,731.869149598902,748.083549437419,785.082283299894,39.7810100898594,805.329040262817,827.67199089444,857.451679515438,0.0510454853407483,38.9967974802932,24.0136285347095,35.2834090280735,37.9671772774705,39.9107498835774,3.23509400334738,40.6939667889841,41.3336113640335,45.5736244237023,0.0829579404560647,48,"1_JU3237_0.0039",NA,NA,NA,NA,NA,"1",765.709066236116,19.3732170637777
"20250619-CbDRC4-p021-m2x_C05_roi_0.png",20250619,"CbDRC4","p021","m2x","C05",0,820.087021565188,38.9403224254532,"","48h",10,"15hHB101","DMSO",1,"MILBEMYCIN",0.0078,NA,NA,"JU3237",1,NA,NA,NA,792.169399739752,681.112311973142,746.035129639206,783.751506173739,796.351787773225,35.0673096588864,812.516997320606,829.625929738975,850.05749500978,0.0442674378364108,39.3854689426929,32.2242268656615,37.0727386004816,38.6739374914554,39.9160569607042,2.476201929801,40.8091016172596,41.744325270028,43.0719548743519,0.0628709520611257,41,"1_JU3237_0.0078",NA,NA,NA,"outlier","outlier","1",765.709066236116,30.6427215371091
"20250619-CbDRC4-p021-m2x_C06_roi_0.png",20250619,"CbDRC4","p021","m2x","C06",0,821.643782972721,39.7221469698109,"","48h",10,"15hHB101","DMSO",1,"MILBEMYCIN",0.0156,NA,NA,"JU3237",1,NA,NA,NA,803.113323619033,746.463914303447,772.042701885296,789.230649149094,802.332721240249,27.0902825634747,821.643782972721,831.476823434912,880.884686321795,0.0337315815424391,40.192834553202,34.2269322886176,38.097772044898,38.9476772943695,40.1673080207556,2.17199440223085,41.6783774263212,42.4633907419967,45.7213478502983,0.0540393437381444,37,"1_JU3237_0.0156",NA,NA,NA,NA,NA,"1",765.709066236116,36.623655004133
"20250619-CbDRC4-p021-m2x_C07_roi_0.png",20250619,"CbDRC4","p021","m2x","C07",0,802.210477684705,38.006795472293,"","48h",10,"15hHB101","DMSO",1,"MILBEMYCIN",0.03125,NA,NA,"JU3237",1,NA,NA,NA,788.507759908533,650.325241457446,762.782831981899,777.925166555721,791.956266851727,35.430491684109,806.518536613403,824.973371257179,838.979863676061,0.0449335992434861,39.0821893946135,27.8384676133794,36.3155296508169,38.03085199394,38.968160010715,2.79410368824829,40.9695326114878,42.0491016561035,43.7424585267756,0.0714930184702852,50,"1_JU3237_0.03125",NA,NA,NA,NA,NA,"1",765.709066236116,26.2472006156108
"20250619-CbDRC4-p021-m2x_C08_roi_0.png",20250619,"CbDRC4","p021","m2x","C08",0,826.378551056449,38.3658956527427,"","48h",10,"15hHB101","DMSO",1,"MILBEMYCIN",0.0625,NA,NA,"JU3237",1,NA,NA,NA,796.854229781223,719.012885794223,749.54396483223,783.127171532833,801.943926918696,32.8221504768311,819.442311689549,829.79938658836,861.137471467675,0.0411896545819208,39.5989970586217,33.7445607879603,38.1278635092254,38.5202975910137,39.7743420838182,1.85983965926377,40.6056525094499,41.6324713273551,43.582997599997,0.0469668374810224,35,"1_JU3237_0.0625",NA,NA,NA,NA,NA,"1",765.709066236116,36.2348606825796
"20250619-CbDRC4-p021-m2x_C09_roi_0.png",20250619,"CbDRC4","p021","m2x","C09",0,826.560083509758,36.9165953251114,"","48h",10,"15hHB101","DMSO",1,"MILBEMYCIN",0.125,NA,NA,"JU3237",1,NA,NA,NA,781.009720528641,632.399353625083,723.426633233842,747.263682699216,797.636887760912,48.5430009147453,817.998679846314,830.303203564578,843.053493184701,0.0621541571619467,37.527995085987,28.0946132325494,34.548392912354,36.3140648726392,38.0210183410881,3.24732277823492,40.0381788756951,40.7910644209869,41.5608953259539,0.0865306758539699,45,"1_JU3237_0.125",NA,NA,NA,NA,NA,"1",765.709066236116,31.9278215247959
"20250619-CbDRC4-p021-m2x_C10_roi_0.png",20250619,"CbDRC4","p021","m2x","C10",0,757.100239129853,33.5462460479841,"","48h",10,"15hHB101","DMSO",1,"MILBEMYCIN",0.25,NA,NA,"JU3237",1,NA,NA,NA,593.878540116945,450.830341487919,543.249676334035,569.074674326316,590.719849856097,62.8920609268936,617.466418983781,669.291262504937,757.100239129853,0.105900544772184,26.157573352412,20.8342832788422,22.6323600757761,24.784497103267,25.8793539477118,2.88788115667063,27.4812809829252,29.3115095959926,33.8327248688889,0.110403251775812,38,"1_JU3237_0.25",NA,NA,NA,NA,NA,"1",765.709066236116,-174.98921638002
"20250619-CbDRC4-p021-m2x_C11_roi_0.png",20250619,"CbDRC4","p021","m2x","C11",0,425.401425414128,19.1124750754914,"","48h",10,"15hHB101","DMSO",1,"MILBEMYCIN",0.5,NA,NA,"JU3237",1,NA,NA,NA,389.218568311903,235.179183406708,305.650551968717,343.236568970079,395.379894888627,64.4827728536449,426.576919070206,455.508309629129,513.281830951772,0.165672396189411,18.7798702186204,14.9185042266581,16.0862676991021,17.5069075269752,18.9982278402514,1.99107467389884,20.310298260237,20.987849121962,22.8693618013305,0.106021748325219,39,"1_JU3237_0.5",NA,NA,NA,NA,NA,"1",765.709066236116,-370.329171347489
"20250619-CbDRC4-p021-m2x_C12_roi_0.png",20250619,"CbDRC4","p021","m2x","C12",0,297.334001686955,16.6342615861733,"","48h",10,"15hHB101","DMSO",1,"MILBEMYCIN",1,NA,NA,"JU3237",1,NA,NA,NA,282.446748763629,236.685140292371,254.986816202041,266.442815655241,282.492437252241,23.7410002427981,297.065320022016,312.949481030354,330.493304734702,0.0840547832351445,15.5414548611129,13.4128316789624,14.3524752592254,14.9106663790168,15.4568604549892,0.955679518355503,16.267060387274,16.6451325434988,16.903431688789,0.0614922815718341,24,"1_JU3237_1",NA,NA,NA,NA,NA,"1",765.709066236116,-483.216628983875
"20250619-CbDRC4-p021-m2x_D01_roi_0.png",20250619,"CbDRC4","p021","m2x","D01",0,818.956655049794,38.7911958272915,"","48h",10,"15hHB101","DMSO",1,"MILBEMYCIN",0,NA,NA,"NIC1667",1,NA,NA,NA,783.71853338529,659.10290418497,724.542402930721,765.193803884802,787.446288668404,44.246928021776,817.386408674583,829.837168183534,855.934238207865,0.0564576772615679,37.9970936184113,30.6013737202015,36.1654358169347,37.1488623134843,37.9625618924497,2.23639907570775,39.8804751071415,40.3038818346632,40.7037488655258,0.0588571088664558,38,"1_NIC1667_0",NA,NA,NA,NA,NA,"1",776.621116305835,10.8251723625685
"20250619-CbDRC4-p021-m2x_D02_roi_0.png",20250619,"CbDRC4","p021","m2x","D02",0,825.99445208627,39.2978788825194,"","48h",10,"15hHB101","DMSO",1,"MILBEMYCIN",0.00097,NA,NA,"NIC1667",1,NA,NA,NA,804.113002146131,697.201415226261,762.362454954738,799.691059561803,812.989704815701,32.2326598886128,823.065247944866,829.611508190352,841.826964174723,0.040084739088394,38.5510821569419,33.2743956920488,35.8619492647729,37.3102906820924,38.9780308904144,2.02215650503761,40.0291344534875,40.9631971938873,41.1330702297003,0.0524539491992829,31,"1_NIC1667_0.00097",NA,NA,NA,NA,NA,"1",776.621116305835,36.3685885098653
"20250619-CbDRC4-p021-m2x_D03_roi_0.png",20250619,"CbDRC4","p021","m2x","D03",0,823.974920380154,38.1637679218252,"","48h",10,"15hHB101","DMSO",1,"MILBEMYCIN",0.0019,NA,NA,"NIC1667",1,NA,NA,NA,800.064130428334,723.674773092183,742.038621679743,785.9271896557,808.950232533011,34.8453235782154,823.227775684665,834.684358287442,857.24727435804,0.0435531631190116,37.6893927213731,32.7192199049134,35.0709165225678,36.8645210052805,37.7245965250132,2.09246415828633,38.8599932219307,39.9647132800813,41.9001041661114,0.055518648808043,26,"1_NIC1667_0.0019",NA,NA,NA,NA,NA,"1",776.621116305835,32.3291162271753
"20250619-CbDRC4-p021-m2x_D04_roi_0.png",20250619,"CbDRC4","p021","m2x","D04",0,830.813176923994,38.8622044464013,"","48h",10,"15hHB101","DMSO",1,"MILBEMYCIN",0.0039,NA,NA,"NIC1667",1,NA,NA,NA,781.758537400698,280.004171892983,745.053340578881,764.459835435064,803.813537856171,88.051871442326,816.102948932099,834.2443376069,855.600285114287,0.112633079435363,37.6039848189205,15.1669308993153,35.5999232844927,36.3077606609118,38.5745178681498,4.13814825064346,39.3975268303317,40.6226794196567,42.0582733123734,0.110045471791632,40,"1_NIC1667_0.0039",NA,NA,NA,NA,NA,"1",776.621116305835,27.1924215503357
"20250619-CbDRC4-p021-m2x_D05_roi_0.png",20250619,"CbDRC4","p021","m2x","D05",0,833.84679891438,38.6384437597289,"","48h",10,"15hHB101","DMSO",1,"MILBEMYCIN",0.0078,NA,NA,"NIC1667",1,NA,NA,NA,798.962408504273,725.494442217214,757.781186548006,778.850209528439,801.816898245163,33.3987995843738,824.149615972117,835.415587317111,865.190504417986,0.0418027171602469,38.9155856840023,31.059229472164,37.2317820290307,37.8635862793558,39.2212188248511,2.19191639705455,40.2410469304606,41.2315998108977,41.960576389956,0.0563248980717672,25,"1_NIC1667_0.0078",NA,NA,NA,"outlier","outlier","1",776.621116305835,25.1957819393275
"20250619-CbDRC4-p021-m2x_D06_roi_0.png",20250619,"CbDRC4","p021","m2x","D06",0,838.945210496335,38.3399361209254,"","48h",10,"15hHB101","DMSO",1,"MILBEMYCIN",0.0156,NA,NA,"NIC1667",1,NA,NA,NA,797.137505663249,706.505977128089,737.161343861517,764.429107974164,806.2215047146,43.3208026119702,827.651522693615,840.426323133727,880.03881478622,0.0543454577211565,37.5800942288005,29.4858233709757,35.1147894880146,36.8654970463375,37.8947714581257,2.89531524518642,38.8779213197991,40.5092769224429,42.5422090152046,0.0770438527258273,30,"1_NIC1667_0.0156",NA,NA,NA,NA,NA,"1",776.621116305835,29.600388408765
"20250619-CbDRC4-p021-m2x_D07_roi_0.png",20250619,"CbDRC4","p021","m2x","D07",0,855.171086841416,38.7962139449084,"","48h",10,"15hHB101","DMSO",1,"MILBEMYCIN",0.03125,NA,NA,"NIC1667",1,NA,NA,NA,796.880711778979,735.09398642034,756.838783097492,764.700026712985,803.018048981198,33.526318404694,816.007010706991,842.385038682442,859.957244665534,0.0420719411439246,38.2469005351891,34.223502218317,34.9629292489469,36.4862372425323,38.6240086032664,2.19737358969109,39.6800181140917,41.0370432411463,41.9199426142103,0.0574523310109637,28,"1_NIC1667_0.03125",NA,NA,NA,NA,NA,"1",776.621116305835,26.3969326753628
"20250619-CbDRC4-p021-m2x_D08_roi_0.png",20250619,"CbDRC4","p021","m2x","D08",0,758.172315794192,37.7128888817644,"","48h",10,"15hHB101","DMSO",1,"MILBEMYCIN",0.0625,NA,NA,"NIC1667",1,NA,NA,NA,791.736695717029,695.13244211931,743.534649100133,760.271863986153,786.641909606478,44.6215258089377,826.301464516118,846.18583157906,879.645820838432,0.0563590472063779,38.3167451258148,32.1400520553803,35.7019513804349,37.2124662394504,38.0073714115014,2.41637937788212,40.55176436177,41.2822245667432,41.7199816481115,0.0630632735099975,31,"1_NIC1667_0.0625",NA,NA,NA,NA,NA,"1",776.621116305835,10.0207933006429
"20250619-CbDRC4-p021-m2x_D09_roi_0.png",20250619,"CbDRC4","p021","m2x","D09",0,838.959210681278,36.4543898233932,"","48h",10,"15hHB101","DMSO",1,"MILBEMYCIN",0.125,NA,NA,"NIC1667",1,NA,NA,NA,786.539592905972,570.977611806705,762.021207014894,780.587732676357,793.578309211719,66.6378309385243,820.270617037586,832.745609344406,883.301582538122,0.084722792774261,37.7034881317801,26.1184782233379,35.9343856203134,36.9727920242495,38.2996954007075,3.61800591202725,39.6604087797911,40.5237432532781,41.6453357345537,0.0959594480855911,28,"1_NIC1667_0.125",NA,NA,NA,NA,NA,"1",776.621116305835,16.9571929058832
"20250619-CbDRC4-p021-m2x_D10_roi_0.png",20250619,"CbDRC4","p021","m2x","D10",0,842.012999954817,37.5803159566355,"","48h",10,"15hHB101","DMSO",1,"MILBEMYCIN",0.25,NA,NA,"NIC1667",1,NA,NA,NA,782.849787142589,524.369618443438,759.148440943781,775.427263093144,788.271847415995,60.9851697259297,811.962217079198,838.093129283006,848.615593941356,0.0779014962097982,36.7177776831596,26.2295498487864,34.6528419333111,36.0836211088144,37.6452677793896,2.88344575352219,38.313573420791,38.9361630830528,39.5520329151475,0.0785299638339677,29,"1_NIC1667_0.25",NA,NA,NA,NA,NA,"1",776.621116305835,11.65073111016
"20250619-CbDRC4-p021-m2x_D11_roi_0.png",20250619,"CbDRC4","p021","m2x","D11",0,718.179923443617,33.8600757179593,"","48h",10,"15hHB101","DMSO",1,"MILBEMYCIN",0.5,NA,NA,"NIC1667",1,NA,NA,NA,620.300161626452,519.850720709609,553.316344349204,572.622955987599,617.654098823168,61.1615658636847,657.034317963142,692.034996963309,768.812365584278,0.0985999515191429,26.4858418590954,20.2415400272621,22.589316733243,23.7344321711566,26.3793340449254,3.46583855840043,28.655542323735,31.3915545362391,33.8600757179593,0.130856273205839,29,"1_NIC1667_0.5",NA,NA,NA,NA,NA,"1",776.621116305835,-158.967017482667
"20250619-CbDRC4-p021-m2x_D12_roi_0.png",20250619,"CbDRC4","p021","m2x","D12",0,357.510161602276,17.1001305487106,"","48h",10,"15hHB101","DMSO",1,"MILBEMYCIN",1,NA,NA,"NIC1667",1,NA,NA,NA,323.103747492241,212.554006162736,281.952586202761,299.947119532156,325.616226738541,39.9494480265256,350.057921443689,368.184070821204,391.164018746599,0.12364278760798,17.0672181554249,14.6928948053011,15.7540081480723,16.4631883386961,17.0076226151651,1.1152901136964,17.7122749960436,18.1870272329634,19.4210858790635,0.0653469184925081,21,"1_NIC1667_1",NA,NA,NA,NA,NA,"1",776.621116305835,-451.004889567295
"20250619-CbDRC4-p021-m2x_E01_roi_0.png",20250619,"CbDRC4","p021","m2x","E01",0,861.774174522733,39.1416419400455,"","48h",10,"15hHB101","DMSO",1,"MILBEMYCIN",0,NA,NA,"VX34",1,NA,NA,NA,852.31071293683,654.159914076391,814.363024869139,831.544590494776,853.639823487091,58.3398714603333,883.137056609093,915.040095374827,947.148548176221,0.0684490650825097,39.2756403646309,31.8269487748629,37.383336227727,38.9923309300364,39.791175298474,1.93143717940192,40.3512331092342,40.9280312686015,41.0949567037959,0.0491764656532818,26,"1_VX34_0",NA,NA,NA,NA,NA,"1",808.628894132328,45.010929354763
"20250619-CbDRC4-p021-m2x_E02_roi_0.png",20250619,"CbDRC4","p021","m2x","E02",0,947.962775217707,42.8122355682915,"","48h",10,"15hHB101","DMSO",1,"MILBEMYCIN",0.00097,NA,NA,"VX34",1,NA,NA,NA,886.657503364654,805.761868422304,838.188406016792,852.856610433251,878.671444173127,48.6474812557047,923.600211174314,941.897050780503,1005.51900428284,0.0548661473805829,40.4725908854164,36.8507256935458,38.3671684672703,39.3782980533169,40.4632415759597,1.76859399585008,41.489343848813,42.775619000975,44.3035393044681,0.0436985613512419,23,"1_VX34_0.00097",NA,NA,NA,"outlier","outlier","1",808.628894132328,70.042550040799
"20250619-CbDRC4-p021-m2x_E03_roi_0.png",20250619,"CbDRC4","p021","m2x","E03",0,1036.63600473537,46.008324147898,"","48h",10,"15hHB101","DMSO",1,"MILBEMYCIN",0.0019,NA,NA,"VX34",1,NA,NA,NA,877.849241259707,739.93842603787,796.218343185417,830.359412201168,868.017242716788,69.3248579499342,911.261832337554,977.474327239274,1036.63600473537,0.0789712568987968,40.0632675992161,30.8131986686214,38.2398621492697,38.683042806328,39.7456189277198,2.9153813944108,40.9463883420699,43.0627476010155,46.008324147898,0.0727694361721968,31,"1_VX34_0.0019",NA,NA,NA,NA,NA,"1",808.628894132328,59.3883485844599
"20250619-CbDRC4-p021-m2x_E04_roi_0.png",20250619,"CbDRC4","p021","m2x","E04",0,967.540132917311,44.7698645056714,"","48h",10,"15hHB101","DMSO",1,"MILBEMYCIN",0.0039,NA,NA,"VX34",1,NA,NA,NA,856.171093514031,726.706794565858,817.498879138945,834.540217544344,848.887411202505,48.0623413151587,886.72084415003,907.623291043272,967.540132917311,0.0561363747027405,39.9235774629866,36.924286339611,37.1793395897099,38.7570428201339,39.8952479092034,2.00751730950289,41.600878249215,42.1127699347238,44.7698645056714,0.0502840035155684,35,"1_VX34_0.0039",NA,NA,NA,NA,NA,"1",808.628894132328,40.2585170701774
"20250619-CbDRC4-p021-m2x_E05_roi_0.png",20250619,"CbDRC4","p021","m2x","E05",0,862.453100310107,37.5929025811661,"","48h",10,"15hHB101","DMSO",1,"MILBEMYCIN",0.0078,NA,NA,"VX34",1,NA,NA,NA,872.440742065796,774.350485347036,807.431818486834,855.510357421838,869.209761669573,50.388788885973,900.474276139863,923.174759413513,1012.46945059219,0.0577561162110112,40.0181140038392,37.5929025811661,38.1899035829927,38.452874617564,39.6307236645295,2.01237280385022,41.1576025928926,42.1767820363135,45.8257228630836,0.0502865478282449,28,"1_VX34_0.0078",NA,NA,NA,NA,NA,"1",808.628894132328,60.5808675372452
"20250619-CbDRC4-p021-m2x_E06_roi_0.png",20250619,"CbDRC4","p021","m2x","E06",0,825.018026294048,38.6839490498505,"","48h",10,"15hHB101","DMSO",1,"MILBEMYCIN",0.0156,NA,NA,"VX34",1,NA,NA,NA,866.13667053362,788.067131809279,822.28925544997,835.317693197592,866.167680528443,41.6116972761182,892.888808963954,919.649558254253,974.229923830425,0.0480428767096093,40.369538028924,38.1108782813117,38.4316280789394,38.79404702896,39.6403899636738,2.00783971381104,41.5235549186661,43.0038319584671,46.9891463096542,0.0497365045984043,38,"1_VX34_0.0156",NA,NA,NA,NA,NA,"1",808.628894132328,57.5387863961154
"20250619-CbDRC4-p021-m2x_E07_roi_0.png",20250619,"CbDRC4","p021","m2x","E07",0,902.078395435061,40.8024238459975,"","48h",10,"15hHB101","DMSO",1,"MILBEMYCIN",0.03125,NA,NA,"VX34",1,NA,NA,NA,859.296936576645,700.138159143835,791.411080736417,829.041414590435,861.040829866976,56.1048378853411,896.147934921832,915.793951920079,964.051738819351,0.0652915604573866,39.2406422160148,33.3008716684237,37.6915248891527,38.5307128242215,39.5760745754656,1.66064131613164,40.3757945343169,40.8926516673204,41.8495854534256,0.0423194224750457,33,"1_VX34_0.03125",NA,NA,NA,NA,NA,"1",808.628894132328,52.4119357346481
"20250619-CbDRC4-p021-m2x_E08_roi_0.png",20250619,"CbDRC4","p021","m2x","E08",0,1028.0416849912,45.288991175646,"","48h",10,"15hHB101","DMSO",1,"MILBEMYCIN",0.0625,NA,NA,"VX34",1,NA,NA,NA,872.775812945799,773.213885641432,817.446315774072,836.804971297591,861.998554995353,51.7882739390804,899.824089837715,922.882665675089,1028.0416849912,0.0593374302666389,39.5307776519786,33.3154317597821,34.8879801802878,38.1065269685191,39.546517106662,2.95985405826257,41.4011874706729,42.7752008342746,45.5521678687969,0.0748746732057882,40,"1_VX34_0.0625",NA,NA,NA,NA,NA,"1",808.628894132328,53.3696608630248
"20250619-CbDRC4-p021-m2x_E09_roi_0.png",20250619,"CbDRC4","p021","m2x","E09",0,974.41842421547,42.8133341305788,"","48h",10,"15hHB101","DMSO",1,"MILBEMYCIN",0.125,NA,NA,"VX34",1,NA,NA,NA,872.030752463471,719.145927667682,819.940085503262,842.534395639488,869.047059677546,51.008244524308,900.887499000221,932.220459557476,974.41842421547,0.0584936303911423,40.9341681601368,32.6518682810556,39.1471856584318,40.023382098731,40.7050137487464,2.36568842474067,42.1793458079988,44.0187622104514,46.4589549647515,0.0577925124919105,37,"1_VX34_0.125",NA,NA,NA,"outlier","outlier","1",808.628894132328,60.4181655452182
"20250619-CbDRC4-p021-m2x_E10_roi_0.png",20250619,"CbDRC4","p021","m2x","E10",0,861.712291326155,39.0531098323785,"","48h",10,"15hHB101","DMSO",1,"MILBEMYCIN",0.25,NA,NA,"VX34",1,NA,NA,NA,839.881805064597,615.560018087394,794.888859682105,810.451656985861,846.231970565624,58.1391484859191,866.180106566182,890.48290669635,966.870355326661,0.0692230122564062,39.7174592973218,32.0841992934615,37.8862480080853,38.5730339240408,39.4565540847346,2.34762225849847,40.7682357193868,42.5542532188292,46.6925251785181,0.0591080673344271,37,"1_VX34_0.25",NA,NA,NA,NA,NA,"1",808.628894132328,37.6030764332967
"20250619-CbDRC4-p021-m2x_E11_roi_0.png",20250619,"CbDRC4","p021","m2x","E11",0,690.532598205284,31.8243498768566,"","48h",10,"15hHB101","DMSO",1,"MILBEMYCIN",0.5,NA,NA,"VX34",1,NA,NA,NA,597.393024059992,507.817902852686,531.64502794771,558.438983319221,587.548166241031,59.0385508620613,628.896363550018,676.932898338805,720.988527182751,0.0988269840528512,27.4619614778862,23.0351804504158,23.8183387854052,25.2964744777188,26.540627533744,3.31690375065768,29.4178189373429,32.2745462404265,36.6234706482308,0.120781749451095,33,"1_VX34_0.5",NA,NA,NA,NA,NA,"1",808.628894132328,-221.080727891297
"20250619-CbDRC4-p021-m2x_E12_roi_0.png",20250619,"CbDRC4","p021","m2x","E12",0,313.592711786416,17.1367279573658,"","48h",10,"15hHB101","DMSO",1,"MILBEMYCIN",1,NA,NA,"VX34",1,NA,NA,NA,311.939675250482,269.607559773102,278.841673046137,286.800940978933,306.528545735099,38.0511845738512,326.20625919668,345.059450406828,424.262239624385,0.121982510058385,16.5197496090219,14.3778919764807,15.0438813492859,15.7648074631002,16.617305093145,1.16455494969736,17.1526806035647,17.8694205493241,18.727703805119,0.0704947094997957,16,"1_VX34_1",NA,NA,NA,NA,NA,"1",808.628894132328,-502.100348397229
"20250619-CbDRC4-p021-m2x_F01_roi_0.png",20250619,"CbDRC4","p021","m2x","F01",0,788.219064957512,35.7398054473113,"","48h",10,"15hHB101","DMSO",1,"MILBEMYCIN",0,NA,NA,"ECA2666",1,NA,NA,NA,790.21509741733,595.919232150016,703.75445701779,780.141670470868,804.942808801944,57.5569505316329,822.916175622375,842.950214921415,867.689629003284,0.0728370676791003,36.8202383226732,28.7924605920832,34.9302949335584,35.6366957876653,36.9019733666887,2.38059879520703,38.2287827659684,39.2053811955666,41.0925432774149,0.064654627554138,30,"1_ECA2666_0",NA,NA,NA,NA,NA,"1",778.447145543842,26.4956632581021
"20250619-CbDRC4-p021-m2x_F02_roi_0.png",20250619,"CbDRC4","p021","m2x","F02",0,836.886701375521,36.3228395342255,"","48h",10,"15hHB101","DMSO",1,"MILBEMYCIN",0.00097,NA,NA,"ECA2666",1,NA,NA,NA,803.951498890825,756.099162016271,767.927040768118,783.610932981638,794.913327211529,31.1439688281725,833.444478389175,842.798573053001,870.000291667188,0.0387386165348786,37.3244143687935,33.3801356317314,34.650907547439,36.3228395342255,37.2716668848204,1.89068598686204,38.4330304998813,39.8502460931063,40.3380347378895,0.0506554762837169,29,"1_ECA2666_0.00097",NA,NA,NA,"outlier","outlier","1",778.447145543842,16.4661816676867
"20250619-CbDRC4-p021-m2x_F03_roi_0.png",20250619,"CbDRC4","p021","m2x","F03",0,801.671081635064,35.5528585034993,"","48h",10,"15hHB101","DMSO",1,"MILBEMYCIN",0.0019,NA,NA,"ECA2666",1,NA,NA,NA,799.167606747333,735.611276292523,761.40597155924,784.819699914703,802.147726291046,27.1707283301028,816.493766138083,827.802069473058,868.475050159019,0.0339987858625671,37.0724380224911,33.1319457347466,34.6687327931808,35.766131918565,36.9667613344909,1.99006474858624,38.3723569363627,39.5735410455956,41.6240491275191,0.053680439019924,41,"1_ECA2666_0.0019",NA,NA,NA,NA,NA,"1",778.447145543842,23.7005807472037
"20250619-CbDRC4-p021-m2x_F04_roi_0.png",20250619,"CbDRC4","p021","m2x","F04",0,798.108099527934,34.8750482002142,"","48h",10,"15hHB101","DMSO",1,"MILBEMYCIN",0.0039,NA,NA,"ECA2666",1,NA,NA,NA,780.63717470903,544.438735617431,729.336858735829,763.269074688284,794.483134012341,61.7852257101655,821.532492958799,834.500848975093,845.957839057137,0.0791471732475396,36.386513111625,26.5249203475244,34.1354472449852,35.8105593072433,36.9246049353513,2.50073863197221,37.7733729938239,38.4057796369859,39.9548385533247,0.0687270754496466,38,"1_ECA2666_0.0039",NA,NA,NA,NA,NA,"1",778.447145543842,16.0359884684987
"20250619-CbDRC4-p021-m2x_F05_roi_0.png",20250619,"CbDRC4","p021","m2x","F05",0,846.317300366823,38.1925212016264,"","48h",10,"15hHB101","DMSO",1,"MILBEMYCIN",0.0078,NA,NA,"ECA2666",1,NA,NA,NA,794.766774461417,714.779963593334,736.280768712674,771.82196791126,797.48584433623,38.8435452295005,829.556987173809,842.363057682553,857.00774971474,0.0488741433055292,36.6375566252405,33.8281495344316,34.438613261955,35.1503966639387,36.4078463318822,1.82133109948913,37.6668977641346,39.0443989202731,41.1414017726695,0.0497121333204401,36,"1_ECA2666_0.0078",NA,NA,NA,NA,NA,"1",778.447145543842,19.0386987923877
"20250619-CbDRC4-p021-m2x_F06_roi_0.png",20250619,"CbDRC4","p021","m2x","F06",0,845.046029813947,35.5980673109122,"","48h",10,"15hHB101","DMSO",1,"MILBEMYCIN",0.0156,NA,NA,"ECA2666",1,NA,NA,NA,794.991735758932,691.798990964236,738.535133031746,765.99893340062,803.46153444229,40.7565527759587,824.224545420311,842.989739379719,854.191923845349,0.0512666370513283,36.1139691009316,31.0567460278404,33.3352443356708,35.1566189670972,36.5126439718847,1.99318782893362,37.2398755897746,38.0935707140108,40.3795598728365,0.0551916025447949,43,"1_ECA2666_0.0156",NA,NA,NA,NA,NA,"1",778.447145543842,25.0143888984475
"20250619-CbDRC4-p021-m2x_F07_roi_0.png",20250619,"CbDRC4","p021","m2x","F07",0,841.373942099981,36.5902816787402,"","48h",10,"15hHB101","DMSO",1,"MILBEMYCIN",0.03125,NA,NA,"ECA2666",1,NA,NA,NA,800.874872290091,670.492107459322,752.499945267273,776.508773813926,802.041732974424,45.1458160622444,830.482635403824,847.016065930673,885.187627001018,0.056370623706985,36.2242256310608,28.8696622615775,33.4087014900148,35.4982944656182,36.5653580423313,2.21442556843685,37.6668373935808,38.3980388757712,39.6913252808733,0.0611310671203988,38,"1_ECA2666_0.03125",NA,NA,NA,NA,NA,"1",778.447145543842,23.5945874305822
"20250619-CbDRC4-p021-m2x_F08_roi_0.png",20250619,"CbDRC4","p021","m2x","F08",0,781.805573130385,36.6767405407434,"","48h",10,"15hHB101","DMSO",1,"MILBEMYCIN",0.0625,NA,NA,"ECA2666",1,NA,NA,NA,795.825818068033,664.890363906001,754.719161016707,780.496619450545,804.515486597841,43.9624639800482,812.515026049849,834.372773907481,894.122756955415,0.0552413140940471,35.8851666004677,26.1068333556465,33.4051587445713,34.8847795225289,35.8075552045868,3.15575646953705,37.7459472185791,39.1506794514496,41.8623443041172,0.0879404157342247,31,"1_ECA2666_0.0625",NA,NA,NA,NA,NA,"1",778.447145543842,26.0683410539991
"20250619-CbDRC4-p021-m2x_F09_roi_0.png",20250619,"CbDRC4","p021","m2x","F09",0,813.697186730229,35.8616720506075,"","48h",10,"15hHB101","DMSO",1,"MILBEMYCIN",0.125,NA,NA,"ECA2666",1,NA,NA,NA,754.292150041503,583.63410721705,662.998698701974,722.328975898784,766.02404432671,68.9482269349137,806.966629765632,828.396783865738,840.713025002943,0.0914078542791676,34.8173168248381,25.998061256728,29.0727988374358,33.3888454206253,35.78593379452,3.47390488023175,37.1770535445623,38.6025088586001,39.5696992898869,0.0997752037501501,31,"1_ECA2666_0.125",NA,NA,NA,NA,NA,"1",778.447145543842,-12.4231012171317
"20250619-CbDRC4-p021-m2x_F10_roi_0.png",20250619,"CbDRC4","p021","m2x","F10",0,557.350421149912,23.7922874025406,"","48h",10,"15hHB101","DMSO",1,"MILBEMYCIN",0.25,NA,NA,"ECA2666",1,NA,NA,NA,562.526368907851,411.637417803924,476.652516243349,520.381940053465,555.647836390845,72.582985726752,611.491904755069,663.35886899306,707.816769240805,0.129030370376543,24.477965900827,19.4149590392843,20.4893772111262,22.0986622565679,23.7227720896664,3.48115704650283,27.0001106085751,28.5354974604347,34.4890812135344,0.142215944764643,40,"1_ECA2666_0.25",NA,NA,NA,NA,NA,"1",778.447145543842,-222.799309152998
"20250619-CbDRC4-p021-m2x_F11_roi_0.png",20250619,"CbDRC4","p021","m2x","F11",0,434.621608092728,18.3292436701488,"","48h",10,"15hHB101","DMSO",1,"MILBEMYCIN",0.5,NA,NA,"ECA2666",1,NA,NA,NA,367.840006547782,193.135713237297,311.313761436691,339.786453804775,372.897353792674,55.5563677801812,399.554963376622,432.114138706816,476.116793905295,0.151034055000117,17.7020693825681,15.2292540724957,15.9774906124814,16.4590285563148,17.685248283824,1.36930247973693,18.5089418977365,19.729948026089,19.895437616688,0.0773526783871571,29,"1_ECA2666_0.5",NA,NA,NA,NA,NA,"1",778.447145543842,-405.549791751168
"20250619-CbDRC4-p021-m2x_F12_roi_0.png",20250619,"CbDRC4","p021","m2x","F12",0,270.283079826832,12.1454605690893,"","48h",10,"15hHB101","DMSO",1,"MILBEMYCIN",1,NA,NA,"ECA2666",1,NA,NA,NA,263.374449285967,223.309373500722,237.454977027421,245.159108845885,268.705692065921,23.5789542213159,283.054997662186,286.624033270955,289.336841504626,0.0895263541518196,14.4830963909506,12.1454605690893,13.3398480479334,14.2477065174752,14.8661022753396,1.06886224077127,15.1248479638383,15.3353330706598,15.377789448697,0.0738006716187514,8,"1_ECA2666_1",NA,NA,NA,NA,NA,"1",778.447145543842,-509.741453477921
"20250619-CbDRC4-p022-m2x_A01_roi_0.png",20250619,"CbDRC4","p022","m2x","A01",0,757.582502389771,34.5485435023993,"","48h",10,"15hHB101","DMSO",1,"MILBEMYCIN",0,NA,NA,"PB420",1,NA,NA,NA,764.0616140191,158.281514309949,749.896914438923,760.855555309069,773.217873567335,84.283678617163,788.530416680968,803.297213926517,836.543301840758,0.110310054936297,38.3076645497366,18.5258826057754,36.1674558487748,37.2347229811944,38.8247616559885,3.20849900766499,39.7740920476571,40.6878775968462,42.6824558661158,0.0837560588821394,58,"1_PB420_0",NA,NA,NA,NA,NA,"1",764.404649350685,8.81322421664936
"20250619-CbDRC4-p022-m2x_A02_roi_0.png",20250619,"CbDRC4","p022","m2x","A02",0,788.897929008759,36.8611359176114,"","48h",10,"15hHB101","DMSO",1,"MILBEMYCIN",0.00097,NA,NA,"PB420",1,NA,NA,NA,774.081810696472,700.09297296727,742.13575275003,754.568184884761,776.294846066021,33.0631880248446,784.461338418977,810.96139263879,908.554344732328,0.0427127825095081,39.0968387952294,35.8980422481966,36.8374319925275,37.813383740927,39.1989388809055,1.64808256678299,40.1543648278169,41.070304856302,43.9233903672435,0.0421538573851164,63,"1_PB420_0.00097",NA,NA,NA,NA,NA,"1",764.404649350685,11.8901967153356
"20250619-CbDRC4-p022-m2x_A03_roi_0.png",20250619,"CbDRC4","p022","m2x","A03",0,821.804631390706,39.6873336110421,"","48h",10,"15hHB101","DMSO",1,"MILBEMYCIN",0.0019,NA,NA,"PB420",1,NA,NA,NA,764.388535208972,158.905596792718,748.995676226256,765.852775633245,776.406976175167,130.482467928848,793.501301661662,825.333132623464,1000.0678742253,0.170701759535386,38.0915556990041,16.4036350296139,36.5298693194539,37.6339801969367,38.95079147635,4.84996334863152,39.96561486426,40.7396942784907,43.5257206126333,0.127323845393858,48,"1_PB420_0.0019",NA,NA,NA,NA,NA,"1",764.404649350685,12.0023268244818
"20250619-CbDRC4-p022-m2x_A04_roi_0.png",20250619,"CbDRC4","p022","m2x","A04",0,764.148427256177,38.8437905724845,"","48h",10,"15hHB101","DMSO",1,"MILBEMYCIN",0.0039,NA,NA,"PB420",1,NA,NA,NA,769.493338531151,702.737334532807,742.56715857934,753.93101664677,766.226109429674,28.6765511557122,783.868388434426,794.292547136779,889.511371037219,0.0372667958509576,38.6319910622407,34.5007716360488,36.4708280720396,37.2379041955056,38.7380960140064,1.75483154356265,39.8016825354779,40.7744869367672,42.375268564505,0.045424310145843,56,"1_PB420_0.0039",NA,NA,NA,NA,NA,"1",764.404649350685,1.82146007898905
"20250619-CbDRC4-p022-m2x_A05_roi_0.png",20250619,"CbDRC4","p022","m2x","A05",0,827.458082960865,38.8040439563019,"","48h",10,"15hHB101","DMSO",1,"MILBEMYCIN",0.0078,NA,NA,"PB420",1,NA,NA,NA,769.565862162767,472.81414829288,743.074091880601,761.607921636716,776.275553865973,53.9084654917226,794.207873572615,801.499808753867,839.719342108251,0.0700504896880687,38.148406810539,24.4435876941965,36.3659242363761,37.1681261793365,38.4701119867954,3.04695531399504,39.1753588666449,40.9665180910182,43.7045285088968,0.0798711025896179,48,"1_PB420_0.0078",NA,NA,NA,NA,NA,"1",764.404649350685,11.8709045152873
"20250619-CbDRC4-p022-m2x_A06_roi_0.png",20250619,"CbDRC4","p022","m2x","A06",0,741.535504621778,37.0782277544311,"","48h",10,"15hHB101","DMSO",1,"MILBEMYCIN",0.0156,NA,NA,"PB420",1,NA,NA,NA,770.627101771442,543.180433301554,741.310535535801,749.478349487872,776.570610068949,43.5216095581642,794.068595672873,810.072279411347,871.391257799632,0.0564755761354888,38.3104008412447,26.6864622312787,36.320437670943,37.4768377397153,38.3153715497916,2.23519081927181,39.3784733177315,40.5592651447006,43.2823827138698,0.0583442295092204,57,"1_PB420_0.0156",NA,NA,NA,NA,NA,"1",764.404649350685,12.1659607182637
"20250619-CbDRC4-p022-m2x_A07_roi_0.png",20250619,"CbDRC4","p022","m2x","A07",0,778.303466249455,38.1495201744995,"","48h",10,"15hHB101","DMSO",1,"MILBEMYCIN",0.03125,NA,NA,"PB420",1,NA,NA,NA,772.520064025458,638.529812496943,739.282323022302,762.522845723697,776.818474542147,31.6036270923947,785.847508191637,800.399568525262,881.54607214863,0.0409097815889908,37.8524492554448,33.6229595768369,35.317333731199,36.6312178998975,37.8333525328272,1.81713613284493,38.9146226092173,39.9487044210882,42.1927025294884,0.0480057742256547,62,"1_PB420_0.03125",NA,NA,NA,NA,NA,"1",764.404649350685,12.4138251914617
"20250619-CbDRC4-p022-m2x_A08_roi_0.png",20250619,"CbDRC4","p022","m2x","A08",0,801.752127072579,39.1333717802691,"","48h",10,"15hHB101","DMSO",1,"MILBEMYCIN",0.0625,NA,NA,"PB420",1,NA,NA,NA,774.451159177713,530.74172233437,732.736757104024,767.559573841456,781.992386620751,51.4912723388493,794.50606789271,802.566477189697,904.930168134841,0.0664874365912513,38.3951931367907,34.2759484823249,36.1733465659934,37.7572603460396,38.5240979423374,1.60569961475433,39.334178758871,40.2650625445646,41.6977171744042,0.041820329149894,40,"1_PB420_0.0625",NA,NA,NA,NA,NA,"1",764.404649350685,17.5877372700655
"20250619-CbDRC4-p022-m2x_A09_roi_0.png",20250619,"CbDRC4","p022","m2x","A09",0,768.256290454712,37.3200503233422,"","48h",10,"15hHB101","DMSO",1,"MILBEMYCIN",0.125,NA,NA,"PB420",1,NA,NA,NA,776.735190644856,668.433523232832,754.28278504564,765.027058153732,779.419322527737,26.4698513040567,792.443894299196,799.977292426947,835.513386491776,0.0340783469358214,37.5702092405624,32.0655293452611,35.8940121306753,36.8318051166249,37.5497647359193,1.6888305229378,38.55552196351,39.5117179562859,40.9379063873999,0.0449513206627146,50,"1_PB420_0.125",NA,NA,NA,NA,NA,"1",764.404649350685,15.0146731770519
"20250619-CbDRC4-p022-m2x_A10_roi_0.png",20250619,"CbDRC4","p022","m2x","A10",0,774.964153944818,35.7265061161551,"","48h",10,"15hHB101","DMSO",1,"MILBEMYCIN",0.25,NA,NA,"PB420",1,NA,NA,NA,737.758561077769,552.102776193277,661.867359836079,719.259028416292,752.177625263744,50.4092287162064,773.519463528573,782.158185330286,812.353026055667,0.0683275415232934,35.2951230201509,24.8393452876487,31.8144231515852,34.1229622512022,35.8811163063316,2.93764078205213,37.0615678592459,38.4414139321852,40.7343853828066,0.0832307846150573,46,"1_PB420_0.25",NA,NA,NA,NA,NA,"1",764.404649350685,-12.2270240869415
"20250619-CbDRC4-p022-m2x_A12_roi_0.png",20250619,"CbDRC4","p022","m2x","A12",0,365.798647461006,17.9144012492031,"","48h",10,"15hHB101","DMSO",1,"MILBEMYCIN",1,NA,NA,"PB420",1,NA,NA,NA,286.255670203208,140.720600031708,210.50970362381,268.40344679786,283.507458361742,57.8344549073723,324.321223378035,364.046802862758,371.040969674874,0.20203776178937,16.6191673573212,9.15920330927314,15.2886654998588,15.8706014680517,16.5131770416812,2.42701593537579,17.5289946861295,19.1630570304225,21.9993194739022,0.146037155965375,34,"1_PB420_1",NA,NA,NA,NA,NA,"1",764.404649350685,-480.897190988943
"20250619-CbDRC4-p022-m2x_B01_roi_0.png",20250619,"CbDRC4","p022","m2x","B01",0,808.228997994553,40.2493352794179,"","48h",10,"15hHB101","DMSO",1,"MILBEMYCIN",0,NA,NA,"ED3102",1,NA,NA,NA,857.620068440366,242.915485659979,783.594458062782,823.918630647779,880.316161294024,97.6180304630451,900.441366891907,927.473177464547,1080.6090102405,0.113824330907472,40.7242694449946,16.0836519963939,38.9763679871776,39.7617185110805,40.7595822051454,3.81158445956968,42.018884362255,43.6044130529801,47.5417547451004,0.0935949130951975,63,"1_ED3102_0",NA,NA,NA,NA,NA,"1",858.463870400194,21.8522908938302
"20250619-CbDRC4-p022-m2x_B02_roi_0.png",20250619,"CbDRC4","p022","m2x","B02",0,924.323438564998,39.7711301559544,"","48h",10,"15hHB101","DMSO",1,"MILBEMYCIN",0.00097,NA,NA,"ED3102",1,NA,NA,NA,882.630695802045,763.718113113173,793.398136502623,846.796138518294,884.616334012064,76.7224210114682,908.837918161374,933.3674225562,1251.57921251547,0.0869247142393463,41.521191492232,38.0402521227184,39.323810123438,39.963292024524,41.2467806868138,2.85326326092917,42.0308255778445,43.0008460194251,57.3596604562368,0.0687182414180714,46,"1_ED3102_0.00097",NA,NA,NA,NA,NA,"1",858.463870400194,26.15246361187
"20250619-CbDRC4-p022-m2x_B03_roi_0.png",20250619,"CbDRC4","p022","m2x","B03",0,934.455157407987,42.6337768108326,"","48h",10,"15hHB101","DMSO",1,"MILBEMYCIN",0.0019,NA,NA,"ED3102",1,NA,NA,NA,869.54788968422,754.702866494005,791.228085401653,816.945433391163,894.545332328405,58.4300528958856,919.725146989585,930.677779873776,956.356609206763,0.0671958998337685,40.9235951979471,35.6448814376778,38.2216412628433,39.3917836727113,40.477941925518,2.39240949924378,42.2235641352547,43.7017635893622,47.8426168770881,0.0584603940018396,46,"1_ED3102_0.0019",NA,NA,NA,NA,NA,"1",858.463870400194,36.0814619282112
"20250619-CbDRC4-p022-m2x_B04_roi_0.png",20250619,"CbDRC4","p022","m2x","B04",0,925.525144923541,45.6594047147454,"","48h",10,"15hHB101","DMSO",1,"MILBEMYCIN",0.0039,NA,NA,"ED3102",1,NA,NA,NA,871.627771511831,752.122769829059,811.428444727396,827.273165393581,880.769981187259,50.1608958546682,913.766449570817,933.035148642587,955.762895150108,0.057548528734536,41.5089003430798,37.2461374459498,38.8366721667411,39.8750747018761,41.1652734848662,2.30448415282792,42.6782607916701,44.9607984078513,47.8378411063342,0.0555178319295589,60,"1_ED3102_0.0039",NA,NA,NA,NA,NA,"1",858.463870400194,22.3061107870647
"20250619-CbDRC4-p022-m2x_B05_roi_0.png",20250619,"CbDRC4","p022","m2x","B05",0,907.187316801579,41.2358288376957,"","48h",10,"15hHB101","DMSO",1,"MILBEMYCIN",0.0078,NA,NA,"ED3102",1,NA,NA,NA,860.726522576756,279.615750945969,770.099337858489,826.603554066849,879.873974594913,103.343050058484,918.609309001451,932.883757069367,1038.34911495547,0.120064907200844,41.4015210411614,15.5816237004316,38.0417312854048,39.7954656439224,41.7399650209385,4.37992086544024,43.245814914945,44.975370138626,51.8151864868765,0.105791303200811,66,"1_ED3102_0.0078",NA,NA,NA,NA,NA,"1",858.463870400194,21.410104194719
"20250619-CbDRC4-p022-m2x_B06_roi_0.png",20250619,"CbDRC4","p022","m2x","B06",0,904.700356988354,42.7206553367436,"","48h",10,"15hHB101","DMSO",1,"MILBEMYCIN",0.0156,NA,NA,"ED3102",1,NA,NA,NA,871.413927001903,737.158723695673,807.545573404537,828.938115098271,880.457109892747,49.9665366208155,906.323082461834,924.456095464743,986.966331059895,0.0573396121780211,42.2674741725701,36.540673796616,39.9414636856023,40.8932808595907,41.9047739178447,2.1387689148328,43.5198806735268,44.7463243329695,47.3069080874092,0.0506008214756484,53,"1_ED3102_0.0156",NA,NA,NA,NA,NA,"1",858.463870400194,21.9932394925528
"20250619-CbDRC4-p022-m2x_B07_roi_0.png",20250619,"CbDRC4","p022","m2x","B07",0,920.065360505757,39.4555177788883,"","48h",10,"15hHB101","DMSO",1,"MILBEMYCIN",0.03125,NA,NA,"ED3102",1,NA,NA,NA,881.684963888912,747.17334393665,801.937643141713,845.979005352536,884.61219226054,59.6691008111482,918.168047645229,942.236167743804,1061.64285869622,0.0676762145834509,42.0115662374587,36.5348460470228,37.9648532166806,39.7757601068608,42.3627707283766,2.72020909017292,44.2110391443011,45.213508929066,46.5968539239529,0.0647490520776514,44,"1_ED3102_0.03125",NA,NA,NA,"outlier","outlier","1",858.463870400194,26.1483218603466
"20250619-CbDRC4-p022-m2x_B08_roi_0.png",20250619,"CbDRC4","p022","m2x","B08",0,866.167181773653,40.082899746516,"","48h",10,"15hHB101","DMSO",1,"MILBEMYCIN",0.0625,NA,NA,"ED3102",1,NA,NA,NA,864.972655933851,762.480110738825,799.339025250035,832.60527140029,869.319741091406,50.7031503007495,900.788256061206,924.442721345995,977.10858170399,0.0586182117468313,41.2410114018859,35.8951208561484,38.7876725388693,39.6722561454408,40.8576785623565,2.23368237158195,42.8701269924761,43.7770805004339,47.1612642062138,0.0541616777972572,62,"1_ED3102_0.0625",NA,NA,NA,NA,NA,"1",858.463870400194,10.8558706912125
"20250619-CbDRC4-p022-m2x_B09_roi_0.png",20250619,"CbDRC4","p022","m2x","B09",0,917.503779250517,42.2821631666576,"","48h",10,"15hHB101","DMSO",1,"MILBEMYCIN",0.125,NA,NA,"ED3102",1,NA,NA,NA,858.21443787984,420.849828659655,803.720171938402,832.990338519646,865.995407642576,73.735477855363,896.447348687387,915.303461277853,968.282405051962,0.0859173122716526,40.3573522606546,22.5336440799186,37.3106283974222,39.2873305483667,40.4348695390422,3.30254064085153,41.9385459883083,43.8141241149974,47.8075413919256,0.0818324408281674,66,"1_ED3102_0.125",NA,NA,NA,NA,NA,"1",858.463870400194,7.531537242382
"20250619-CbDRC4-p022-m2x_B10_roi_0.png",20250619,"CbDRC4","p022","m2x","B10",0,789.04334285333,32.962354584336,"","48h",10,"15hHB101","DMSO",1,"MILBEMYCIN",0.25,NA,NA,"ED3102",1,NA,NA,NA,708.185390428088,481.598331724719,608.661326255482,671.699207288598,718.194060106583,82.6303193593119,773.537098763566,790.490225035112,834.99560766502,0.116678938137036,32.9696567014478,23.2034320443422,28.4115143387047,30.7347177726693,34.1154987451063,3.87902862784044,35.7516674564634,37.0266882899943,38.5180949256551,0.117654504654581,47,"1_ED3102_0.25",NA,NA,NA,NA,NA,"1",858.463870400194,-140.269810293611
"20250619-CbDRC4-p022-m2x_B11_roi_0.png",20250619,"CbDRC4","p022","m2x","B11",0,466.692074028707,20.1469787886729,"","48h",10,"15hHB101","DMSO",1,"MILBEMYCIN",0.5,NA,NA,"ED3102",1,NA,NA,NA,436.909313517338,304.493520394856,324.528544798206,374.949119505404,440.780805127211,81.1875284389469,496.194812552724,526.716200492118,605.615341185926,0.185822379901556,20.6449310659185,15.2850999787617,17.4203361401723,18.1969580874958,20.1469787886729,2.94477185468917,22.802490049044,24.1560799318528,26.7492656421343,0.142638977349288,39,"1_ED3102_0.5",NA,NA,NA,NA,NA,"1",858.463870400194,-417.683065272983
"20250619-CbDRC4-p022-m2x_B12_roi_0.png",20250619,"CbDRC4","p022","m2x","B12",0,259.283863152289,16.5408305763587,"","48h",10,"15hHB101","DMSO",1,"MILBEMYCIN",1,NA,NA,"ED3102",1,NA,NA,NA,271.072732605826,192.759829343155,218.187005534317,247.919252732216,274.772719060838,38.8984936770918,297.229220543524,314.2231520594,334.708133341775,0.143498364085388,15.8104234221651,11.7443086327832,14.5855639025257,15.1681553360791,16.0649003844574,1.34008599082683,16.4211711944422,16.8295590611853,19.4340220190106,0.084759652227158,28,"1_ED3102_1",NA,NA,NA,NA,NA,"1",858.463870400194,-583.691151339356
"20250619-CbDRC4-p022-m2x_C01_roi_0.png",20250619,"CbDRC4","p022","m2x","C01",0,776.557157204787,39.3065230246297,"","48h",10,"15hHB101","DMSO",1,"MILBEMYCIN",0,NA,NA,"JU3237",1,NA,NA,NA,773.096833229962,668.736180571442,719.11296781613,748.495809166037,780.476313365503,42.3170483028341,799.391833673761,818.877088029643,854.540294294585,0.0547370607198524,38.8626170415487,32.7423937349928,34.8636440761981,37.3315055745559,39.1097318726873,2.9572848422245,40.7384976086195,42.352207851659,45.4241176091882,0.076095874836808,35,"1_JU3237_0",NA,NA,NA,NA,NA,"1",765.709066236116,14.7672471293864
"20250619-CbDRC4-p022-m2x_C02_roi_0.png",20250619,"CbDRC4","p022","m2x","C02",0,757.159668307069,38.8975597775239,"","48h",10,"15hHB101","DMSO",1,"MILBEMYCIN",0.00097,NA,NA,"JU3237",1,NA,NA,NA,781.896472389257,723.57975645264,739.269744846251,760.657480064587,782.439364743141,32.2124836721165,798.541081396655,820.809687433612,894.075234167081,0.04119788847964,39.3560999825335,33.9680746487373,36.0801203142441,38.0152533814084,39.3431046014253,2.48790617253339,41.0441964973085,42.286519250011,45.6646652543788,0.0632152620213267,43,"1_JU3237_0.00097",NA,NA,NA,NA,NA,"1",765.709066236116,16.7302985070244
"20250619-CbDRC4-p022-m2x_C03_roi_0.png",20250619,"CbDRC4","p022","m2x","C03",0,808.417504834562,40.7437230363505,"","48h",10,"15hHB101","DMSO",1,"MILBEMYCIN",0.0019,NA,NA,"JU3237",1,NA,NA,NA,784.97724772117,695.549725229257,753.654126650618,765.974743957697,785.796949993322,28.6297314626654,808.219264261402,813.149721100894,844.419185870453,0.0364720525923254,39.4024837910524,27.3385026791379,37.9001402054029,38.4849138524697,39.5016920150193,2.75197538950565,40.9170105565778,41.9235508084413,44.7966678913921,0.0698426881944577,41,"1_JU3237_0.0019",NA,NA,NA,NA,NA,"1",765.709066236116,20.0878837572058
"20250619-CbDRC4-p022-m2x_C04_roi_0.png",20250619,"CbDRC4","p022","m2x","C04",0,800.224808981586,40.2288270212286,"","48h",10,"15hHB101","DMSO",1,"MILBEMYCIN",0.0039,NA,NA,"JU3237",1,NA,NA,NA,780.480751475568,626.957115362085,744.683821596285,762.70086425837,789.583383507874,35.479278440169,801.092431117181,814.048143182055,831.574781926817,0.0454582363153637,39.1778224075609,28.1557614338718,35.6729562629999,37.7226608890005,39.6807810589132,2.90544624333585,40.6436322953411,42.5194661698761,44.0314758930436,0.0741604832731879,41,"1_JU3237_0.0039",NA,NA,NA,NA,NA,"1",765.709066236116,23.8743172717578
"20250619-CbDRC4-p022-m2x_C05_roi_0.png",20250619,"CbDRC4","p022","m2x","C05",0,742.971628827816,39.0098738335899,"","48h",10,"15hHB101","DMSO",1,"MILBEMYCIN",0.0078,NA,NA,"JU3237",1,NA,NA,NA,772.174073285074,687.01506976581,732.630687551539,744.976985566595,774.663487566025,38.0250850592984,796.721359698653,815.961583208064,885.618041578469,0.0492441877743028,39.301272296801,33.7586825448353,36.2413448612645,38.6094636174987,39.3638611390339,2.07977924902581,40.6902266787732,41.3650175131859,44.9852803274664,0.05291887838438,43,"1_JU3237_0.0078",NA,NA,NA,NA,NA,"1",765.709066236116,8.95442132990911
"20250619-CbDRC4-p022-m2x_C06_roi_0.png",20250619,"CbDRC4","p022","m2x","C06",0,745.133717664093,38.599618303771,"","48h",10,"15hHB101","DMSO",1,"MILBEMYCIN",0.0156,NA,NA,"JU3237",1,NA,NA,NA,768.855335345807,569.171429770888,739.813903110667,748.970224960095,778.073870469089,51.9325003185449,798.767355193359,811.889281738147,869.130700312657,0.0675452168062114,39.5947175552327,26.8265935564307,36.8607201999292,38.371641110338,39.9185220279642,2.96473015214696,41.3790034847486,42.7951968218271,43.6258190806963,0.0748769112448221,38,"1_JU3237_0.0156",NA,NA,NA,NA,NA,"1",765.709066236116,12.3648042329728
"20250619-CbDRC4-p022-m2x_C07_roi_0.png",20250619,"CbDRC4","p022","m2x","C07",0,787.493929358826,40.935328784756,"","48h",10,"15hHB101","DMSO",1,"MILBEMYCIN",0.03125,NA,NA,"JU3237",1,NA,NA,NA,782.452209425766,675.796296500855,749.440050725098,764.057217020835,789.058065502635,35.1226375164755,805.991794300792,817.111347402856,848.80769666858,0.0448879012588535,39.7418421000325,29.1264160244676,37.0069859002329,38.9929459866862,40.2804981727549,2.68775469353596,41.3451971950645,42.0546653687755,43.0560482849277,0.0676303500670836,55,"1_JU3237_0.03125",NA,NA,NA,NA,NA,"1",765.709066236116,23.3489992665189
"20250619-CbDRC4-p022-m2x_C08_roi_0.png",20250619,"CbDRC4","p022","m2x","C08",0,809.331849163377,38.8087726825004,"","48h",10,"15hHB101","DMSO",1,"MILBEMYCIN",0.0625,NA,NA,"JU3237",1,NA,NA,NA,774.178736787542,595.575691838711,743.493439603478,758.947649639591,788.861524470646,57.7547586217686,807.046736554517,823.339813311597,849.446384480632,0.0746013237994914,39.0736882544834,25.0167631952944,37.3830943665429,38.9227058751734,40.0090172859746,3.82264378258206,40.8743442713713,41.4164727894208,44.3717548557149,0.0978316599570925,40,"1_JU3237_0.0625",NA,NA,NA,NA,NA,"1",765.709066236116,23.1524582345298
"20250619-CbDRC4-p022-m2x_C09_roi_0.png",20250619,"CbDRC4","p022","m2x","C09",0,759.841944871323,37.325929756652,"","48h",10,"15hHB101","DMSO",1,"MILBEMYCIN",0.125,NA,NA,"JU3237",1,NA,NA,NA,758.206803000759,613.787176963402,719.947172304593,737.176888847198,759.231435406982,45.1813404843706,783.805127782447,807.693511097797,843.480783805387,0.0595897323864099,37.4193402941028,29.8469074260846,33.9203745907154,36.169581913967,37.5324696109423,2.55403308470268,39.0807477178997,40.4402974839343,42.1912860071837,0.0682543589659487,43,"1_JU3237_0.125",NA,NA,NA,NA,NA,"1",765.709066236116,-6.477630829134
"20250619-CbDRC4-p022-m2x_C10_roi_0.png",20250619,"CbDRC4","p022","m2x","C10",0,641.293738317817,27.5198975033239,"","48h",10,"15hHB101","DMSO",1,"MILBEMYCIN",0.25,NA,NA,"JU3237",1,NA,NA,NA,583.666595208832,414.858272042447,465.167429259889,524.241354382936,585.797649518855,80.8378453410251,640.243064012476,677.66131287254,736.471954959618,0.138500037529305,26.2274047641844,20.7956178824588,21.7627755537675,23.1488559777257,25.34568852837,3.84446956596917,29.5191002678395,31.2925957533061,34.0396895190246,0.146582157119072,44,"1_JU3237_0.25",NA,NA,NA,NA,NA,"1",765.709066236116,-179.911416717261
"20250619-CbDRC4-p022-m2x_C11_roi_0.png",20250619,"CbDRC4","p022","m2x","C11",0,467.16026139206,19.1333169045451,"","48h",10,"15hHB101","DMSO",1,"MILBEMYCIN",0.5,NA,NA,"JU3237",1,NA,NA,NA,393.853172331698,241.838659470712,319.325014881157,369.536607004499,404.528792223614,56.1792177890594,427.129180790898,451.01625589406,502.838713979425,0.142640003269406,19.0029115827715,15.925422346856,16.9390716795633,17.899948345954,18.989832560024,1.76283079044422,19.8025656110316,20.6624901952519,24.1245239492798,0.0927663522911112,34,"1_JU3237_0.5",NA,NA,NA,NA,NA,"1",765.709066236116,-361.180274012502
"20250619-CbDRC4-p022-m2x_C12_roi_0.png",20250619,"CbDRC4","p022","m2x","C12",0,307.120692050402,16.5404029445681,"","48h",10,"15hHB101","DMSO",1,"MILBEMYCIN",1,NA,NA,"JU3237",1,NA,NA,NA,287.505836377859,231.767120983381,257.721859718738,277.314702240524,283.286463021083,22.6014549261423,301.697042898328,316.30848857912,335.109938525652,0.0786121604030256,15.8555580366435,14.2080633666258,14.7152767126567,15.1808867993906,15.6037508802989,1.02389848346753,16.5449566562667,16.7387690267681,19.039797639028,0.0645766286560977,31,"1_JU3237_1",NA,NA,NA,NA,NA,"1",765.709066236116,-482.422603215033
"20250619-CbDRC4-p022-m2x_D01_roi_0.png",20250619,"CbDRC4","p022","m2x","D01",0,800.857687543122,37.0948205319754,"","48h",10,"15hHB101","DMSO",1,"MILBEMYCIN",0,NA,NA,"NIC1667",1,NA,NA,NA,799.04796649777,712.823628971949,758.263670102231,770.568536353725,801.418923601403,34.6475124647024,819.947097278467,834.556795743588,882.357172103551,0.0433609919771933,38.2816436725905,32.3122869381888,35.7440015523694,36.7785429928573,38.1713743394856,2.37796785905842,40.0886665734516,40.712364300682,43.6269868115782,0.062117705274004,34,"1_NIC1667_0",NA,NA,NA,NA,NA,"1",776.621116305835,24.797807295568
"20250619-CbDRC4-p022-m2x_D02_roi_0.png",20250619,"CbDRC4","p022","m2x","D02",0,808.401338474117,38.8661133282542,"","48h",10,"15hHB101","DMSO",1,"MILBEMYCIN",0.00097,NA,NA,"NIC1667",1,NA,NA,NA,761.835780429028,523.540346925647,632.703986584248,758.113203422177,802.084285285223,93.5354872391431,812.673087867584,824.769815682408,863.408944118228,0.122776442957915,36.2562791447077,25.5341600357498,28.9235371088296,36.0687951273498,38.4612064670788,4.73172188556692,39.061197383922,40.1992833407891,40.4450518331669,0.130507652665665,17,"1_NIC1667_0.00097",NA,NA,NA,NA,NA,"1",776.621116305835,25.4631689793879
"20250619-CbDRC4-p022-m2x_D03_roi_0.png",20250619,"CbDRC4","p022","m2x","D03",0,827.134528410914,38.0186670181322,"","48h",10,"15hHB101","DMSO",1,"MILBEMYCIN",0.0019,NA,NA,"NIC1667",1,NA,NA,NA,789.828372750888,715.296711497507,737.750301721485,785.402443508392,793.415076239274,34.3632992320117,804.84472253039,827.134528410914,852.150725986953,0.043507299076036,37.64288191001,32.7769964456269,34.2472862813894,36.8666135270655,37.6307166971018,2.28390371449144,39.204448238573,39.9636333476642,42.0280985091924,0.0606729240325274,31,"1_NIC1667_0.0019",NA,NA,NA,NA,NA,"1",776.621116305835,16.7939599334385
"20250619-CbDRC4-p022-m2x_D04_roi_0.png",20250619,"CbDRC4","p022","m2x","D04",0,830.016107730031,37.4308860898483,"","48h",10,"15hHB101","DMSO",1,"MILBEMYCIN",0.0039,NA,NA,"NIC1667",1,NA,NA,NA,761.692043312696,180.415586732314,710.948395815275,746.530430562721,788.547060482749,108.835688461785,814.155338074401,820.739100797062,842.914209558578,0.142886734103779,37.2146259911203,15.6640447374589,34.4694504604382,35.6865710300347,38.2728423009424,4.58203791456031,39.6733458001981,40.9988101890018,41.3274400835203,0.123124653077358,35,"1_NIC1667_0.0039",NA,NA,NA,NA,NA,"1",776.621116305835,11.9259441769135
"20250619-CbDRC4-p022-m2x_D05_roi_0.png",20250619,"CbDRC4","p022","m2x","D05",0,793.775699196001,37.6060807908306,"","48h",10,"15hHB101","DMSO",1,"MILBEMYCIN",0.0078,NA,NA,"NIC1667",1,NA,NA,NA,791.145913871915,668.429504552623,745.023565046197,767.494318453691,800.418099340619,42.2068171449598,822.03516069613,833.344723025817,879.164077875367,0.0533489668655396,38.4938097957069,33.9281991967294,36.5088626378167,37.6175727293018,38.7065864642112,1.8185440175038,39.8213722005087,40.5472359119309,42.0357017429309,0.0472425054094443,46,"1_NIC1667_0.0078",NA,NA,NA,NA,NA,"1",776.621116305835,23.7969830347834
"20250619-CbDRC4-p022-m2x_D06_roi_0.png",20250619,"CbDRC4","p022","m2x","D06",0,792.80094786933,38.175088213573,"","48h",10,"15hHB101","DMSO",1,"MILBEMYCIN",0.0156,NA,NA,"NIC1667",1,NA,NA,NA,789.382968256593,647.549806727823,746.651817112509,766.74653081619,794.447504259252,40.2872787105375,820.036412553702,825.312641265587,846.787936885423,0.051036417468589,38.4224142200111,30.3816341378995,35.6135599816521,37.4093482790146,38.6389660210727,2.36920890153536,39.9816665171393,40.9564063632624,42.1461433129754,0.061662156052168,35,"1_NIC1667_0.0156",NA,NA,NA,"outlier","outlier","1",776.621116305835,17.8263879534168
"20250619-CbDRC4-p022-m2x_D07_roi_0.png",20250619,"CbDRC4","p022","m2x","D07",0,798.166236293401,39.1532134687476,"","48h",10,"15hHB101","DMSO",1,"MILBEMYCIN",0.03125,NA,NA,"NIC1667",1,NA,NA,NA,762.847093214274,178.916697200752,692.122115390543,755.360216504449,797.322695663537,121.571481086964,823.418811725105,831.461427002004,841.665008835461,0.159365464151826,36.2926938717541,13.9642744918161,32.0438700253842,35.1215686676257,37.8586837546582,5.09379607297757,38.9753894643493,39.6755038202037,41.6080381564814,0.140353209683946,30,"1_NIC1667_0.03125",NA,NA,NA,NA,NA,"1",776.621116305835,20.7015793577018
"20250619-CbDRC4-p022-m2x_D09_roi_0.png",20250619,"CbDRC4","p022","m2x","D09",0,845.360921372783,38.8793653552115,"","48h",10,"15hHB101","DMSO",1,"MILBEMYCIN",0.125,NA,NA,"NIC1667",1,NA,NA,NA,799.382839251943,678.616355686063,761.707940262891,783.593381499668,805.127853882733,31.8406061462445,821.319176308561,827.660239006424,847.050493033275,0.0398314857197094,38.7590997969664,30.0788353949677,36.9443227206645,37.8742922067057,38.8809871619407,2.54212950670201,40.4372712873644,40.9660638510582,45.2307555562876,0.0655879398649237,34,"1_NIC1667_0.125",NA,NA,NA,NA,NA,"1",776.621116305835,28.5067375768974
"20250619-CbDRC4-p022-m2x_D10_roi_0.png",20250619,"CbDRC4","p022","m2x","D10",0,772.082528007362,37.4903000901083,"","48h",10,"15hHB101","DMSO",1,"MILBEMYCIN",0.25,NA,NA,"NIC1667",1,NA,NA,NA,787.94994947786,716.892521381473,760.753950211228,768.464555473413,788.510238093706,30.2678849674036,809.846007785167,818.44511724823,861.44040834843,0.0384134613974667,37.1095787103359,35.598308719987,35.8021450797431,36.0607268006889,36.8265893368814,1.35204492230767,37.6908268489894,39.195804177159,40.079137758954,0.0364338526411536,24,"1_NIC1667_0.25",NA,NA,NA,NA,NA,"1",776.621116305835,11.8891217878702
"20250619-CbDRC4-p022-m2x_D11_roi_0.png",20250619,"CbDRC4","p022","m2x","D11",0,675.389757733226,31.7823655397436,"","48h",10,"15hHB101","DMSO",1,"MILBEMYCIN",0.5,NA,NA,"NIC1667",1,NA,NA,NA,589.621137099601,415.142956524433,482.458379436643,516.520257453021,599.465243653596,81.1740347552419,655.366288578005,682.837007185117,744.025404926925,0.137671514210878,26.8753761907912,19.1609303336335,22.4880454983513,23.4266292494685,26.3570957404041,4.09593061676324,29.9454357516584,31.9305718332796,35.3810137248682,0.152404587295292,38,"1_NIC1667_0.5",NA,NA,NA,NA,NA,"1",776.621116305835,-177.15587265224
"20250619-CbDRC4-p022-m2x_E01_roi_0.png",20250619,"CbDRC4","p022","m2x","E01",0,893.530069216925,41.2979808357535,"","48h",10,"15hHB101","DMSO",1,"MILBEMYCIN",0,NA,NA,"VX34",1,NA,NA,NA,862.764285161548,737.567477757328,817.974796525397,835.171019949186,864.443729807933,45.0605932403284,886.775166344221,907.756813713464,995.387058561374,0.0522281624486705,40.083342064992,31.1018944247222,37.6743339482167,39.3777819436441,40.1509133049583,2.36334830208406,41.3972745945433,41.9608775429399,45.892419112439,0.0589608595573711,42,"1_VX34_0",NA,NA,NA,NA,NA,"1",808.628894132328,55.8148356756049
"20250619-CbDRC4-p022-m2x_E02_roi_0.png",20250619,"CbDRC4","p022","m2x","E02",0,883.066178887589,37.8093138732071,"","48h",10,"15hHB101","DMSO",1,"MILBEMYCIN",0.00097,NA,NA,"VX34",1,NA,NA,NA,869.562799319494,752.334599976009,793.813715087025,819.991777133105,853.10562542527,71.1506721926835,907.850845609266,977.723824085843,1081.85327282949,0.0818235005549511,39.4417735774751,35.192368739906,37.5694539307735,38.1079289048709,39.2129558803698,1.77840077946708,40.481056635588,41.5902472609549,44.6793941076134,0.045089270034315,49,"1_VX34_0.00097",NA,NA,NA,NA,NA,"1",808.628894132328,44.4767312929424
"20250619-CbDRC4-p022-m2x_E03_roi_0.png",20250619,"CbDRC4","p022","m2x","E03",0,831.340843784205,38.5080450244498,"","48h",10,"15hHB101","DMSO",1,"MILBEMYCIN",0.0019,NA,NA,"VX34",1,NA,NA,NA,863.337181548024,785.325183792726,823.262507331203,836.926037845319,852.989124643544,39.6007486350822,896.174712201883,916.292507153324,948.88544630786,0.0458693885557845,39.9483583965111,34.9354328830653,38.1379691891215,39.2257691554036,39.8078125109377,1.67778890649967,40.7839741352079,42.0395274073959,43.5505328106241,0.0419989449840872,37,"1_VX34_0.0019",NA,NA,NA,NA,NA,"1",808.628894132328,44.3602305112165
"20250619-CbDRC4-p022-m2x_E04_roi_0.png",20250619,"CbDRC4","p022","m2x","E04",0,866.753502513869,38.4923360571046,"","48h",10,"15hHB101","DMSO",1,"MILBEMYCIN",0.0039,NA,NA,"VX34",1,NA,NA,NA,876.886443993051,812.210226141656,827.044246887969,842.516463309501,861.172859679123,53.3495976186182,890.137677592995,928.179880909798,1059.74541371817,0.0608398019881363,39.7278475111499,36.0980435493395,37.363841232994,38.4923360571046,39.1915946492432,2.14673977166891,40.7173260515653,42.8217621432611,46.33604463075,0.0540361460828306,45,"1_VX34_0.0039",NA,NA,NA,NA,NA,"1",808.628894132328,52.5439655467948
"20250619-CbDRC4-p022-m2x_E05_roi_0.png",20250619,"CbDRC4","p022","m2x","E05",0,837.286516194413,39.0610199634492,"fallback_a","48h",10,"15hHB101","DMSO",1,"MILBEMYCIN",0.0078,NA,NA,"VX34",1,NA,NA,NA,858.823185315823,765.313729676775,814.137859034626,833.845440543826,856.940786993637,39.5731580460132,889.585080821435,906.585699356594,939.409970110128,0.0460783531728485,39.612883002991,37.1132069990415,38.0153760602804,38.8262790494004,39.6914057139863,1.22400014694607,40.5655456013883,41.2437401881199,41.5179472548048,0.0308990422851487,38,"1_VX34_0.0078",NA,NA,NA,NA,NA,"1",808.628894132328,48.3118928613089
"20250619-CbDRC4-p022-m2x_E06_roi_0.png",20250619,"CbDRC4","p022","m2x","E06",0,856.705252198174,39.2099733661026,"","48h",10,"15hHB101","DMSO",1,"MILBEMYCIN",0.0156,NA,NA,"VX34",1,NA,NA,NA,849.662022566048,523.887232858689,799.401475786907,833.119397766123,850.391837771139,78.5371909946706,891.271918324369,921.266623761958,981.096791162748,0.0924334487229192,39.3913556162163,20.5295248375757,36.1863667647499,38.6837983421139,39.9347918256109,4.37893982364208,41.0332103803685,42.7296832119327,46.6830702153707,0.111164994327827,38,"1_VX34_0.0156",NA,NA,NA,NA,NA,"1",808.628894132328,41.7629436388108
"20250619-CbDRC4-p022-m2x_E07_roi_0.png",20250619,"CbDRC4","p022","m2x","E07",0,853.17550732242,37.8830607791726,"","48h",10,"15hHB101","DMSO",1,"MILBEMYCIN",0.03125,NA,NA,"VX34",1,NA,NA,NA,849.935382956851,163.829666025602,822.340775754409,834.325993633663,856.052847470094,137.312975740258,890.919519360803,922.95748369851,1031.39278240253,0.161556958909697,39.5027828704141,13.6207122737724,37.4769751913321,38.5902922741564,39.9698292946639,5.33274427553426,41.484926816052,43.0125353405408,46.9055080239966,0.134996673349013,31,"1_VX34_0.03125",NA,NA,NA,NA,NA,"1",808.628894132328,47.4239533377659
"20250619-CbDRC4-p022-m2x_E08_roi_0.png",20250619,"CbDRC4","p022","m2x","E08",0,821.31518600075,39.2191974105773,"","48h",10,"15hHB101","DMSO",1,"MILBEMYCIN",0.0625,NA,NA,"VX34",1,NA,NA,NA,825.910816748132,140.761674892077,791.131320140758,825.184436739729,861.698370905846,152.55559345212,879.708807896624,915.431614934956,944.084906519833,0.184711945113854,38.3674922714943,9.47668266702837,36.1022480530052,38.2085322882696,39.438325988781,6.15599724244512,40.8771585693841,41.7902642040114,45.9826140987089,0.160448256531449,48,"1_VX34_0.0625",NA,NA,NA,NA,NA,"1",808.628894132328,53.0694767735181
"20250619-CbDRC4-p022-m2x_E09_roi_0.png",20250619,"CbDRC4","p022","m2x","E09",0,876.571615236418,41.8733306860675,"","48h",10,"15hHB101","DMSO",1,"MILBEMYCIN",0.125,NA,NA,"VX34",1,NA,NA,NA,874.781646541402,761.410204013747,804.668752327207,846.612567855677,877.886005141948,54.8917540503658,901.510445203302,953.756184982648,989.173058372699,0.0627490920361552,39.7879075419408,30.5742684363494,37.5520914664603,37.8744632480349,39.3344711040376,2.72121380097998,41.571655455418,43.1687359739886,46.0588202320603,0.0683929859370344,46,"1_VX34_0.125",NA,NA,NA,NA,NA,"1",808.628894132328,69.2571110096198
"20250619-CbDRC4-p022-m2x_E10_roi_0.png",20250619,"CbDRC4","p022","m2x","E10",0,839.995623244896,38.1925363748029,"","48h",10,"15hHB101","DMSO",1,"MILBEMYCIN",0.25,NA,NA,"VX34",1,NA,NA,NA,833.533373396389,622.744014059017,785.305330567979,819.277088966056,835.760071328091,71.7443820105055,854.186220750965,880.478513308296,1034.20241151278,0.0860725968513648,37.7225613589877,25.7090690462108,34.2699862991904,36.354175596606,38.0415523465979,3.30506467365807,39.6700551314528,40.9631200939251,44.4691892732312,0.0876150652180094,39,"1_VX34_0.25",NA,NA,NA,NA,NA,"1",808.628894132328,27.1311771957637
"20250619-CbDRC4-p022-m2x_E11_roi_0.png",20250619,"CbDRC4","p022","m2x","E11",0,597.149541591401,27.0195413956666,"","48h",10,"15hHB101","DMSO",1,"MILBEMYCIN",0.5,NA,NA,"VX34",1,NA,NA,NA,594.004548654847,472.687394513096,513.099682394052,545.236331632401,583.344056937016,68.9518638107932,651.494097921533,692.216452940612,752.47172876198,0.116079689906311,26.604654691648,18.9431890858161,23.8413589641536,24.6919166049005,25.7847611112879,3.08211023884747,28.9971743211483,30.3266343089003,34.1444197064355,0.115848533821228,48,"1_VX34_0.5",NA,NA,NA,NA,NA,"1",808.628894132328,-225.284837195312
"20250619-CbDRC4-p022-m2x_E12_roi_0.png",20250619,"CbDRC4","p022","m2x","E12",0,345.615485812509,16.0106851641148,"","48h",10,"15hHB101","DMSO",1,"MILBEMYCIN",1,NA,NA,"VX34",1,NA,NA,NA,293.277418609383,143.575861371572,245.03119973642,270.077236897162,305.99505714938,53.4595599159126,326.454451584323,344.574647545708,372.618953294895,0.182283246249912,16.0769453421654,11.7742638892945,14.5027960832553,15.727232944575,16.3687145163228,1.4715122529004,16.789574013193,17.8286529950724,17.9335541501778,0.0915293435153399,19,"1_VX34_1",NA,NA,NA,NA,NA,"1",808.628894132328,-502.633836982948
"20250619-CbDRC4-p022-m2x_F01_roi_0.png",20250619,"CbDRC4","p022","m2x","F01",0,835.477267006689,35.9590693724545,"","48h",10,"15hHB101","DMSO",1,"MILBEMYCIN",0,NA,NA,"ECA2666",1,NA,NA,NA,794.709075838992,726.738567132139,753.736883185544,772.449251831789,798.914586114144,31.4060195178717,822.683834475457,831.053203576859,837.523393096696,0.0395188887011459,36.7023329954821,31.5001892611764,34.0390918510402,35.6875723018565,36.8889114894456,2.08714733101666,37.6718361329828,39.4324608911736,40.9267475861564,0.0568668844913368,34,"1_ECA2666_0",NA,NA,NA,NA,NA,"1",778.447145543842,20.4674405703023
"20250619-CbDRC4-p022-m2x_F02_roi_0.png",20250619,"CbDRC4","p022","m2x","F02",0,840.899553551198,37.571459953483,"","48h",10,"15hHB101","DMSO",1,"MILBEMYCIN",0.00097,NA,NA,"ECA2666",1,NA,NA,NA,788.371147705724,627.730931569379,730.150627806443,759.921217662493,797.393499738608,51.0061689417284,822.263818458114,849.087954036714,857.085401990047,0.06469816797604,36.5742644039928,32.4666703490867,34.29597847471,35.3373535710366,36.2881693670899,2.02173976432482,37.8147643970247,39.6610868250724,40.4532010481524,0.0552776603240203,30,"1_ECA2666_0.00097",NA,NA,NA,NA,NA,"1",778.447145543842,18.9463541947657
"20250619-CbDRC4-p022-m2x_F03_roi_0.png",20250619,"CbDRC4","p022","m2x","F03",0,764.622386920161,35.9557765805021,"","48h",10,"15hHB101","DMSO",1,"MILBEMYCIN",0.0019,NA,NA,"ECA2666",1,NA,NA,NA,787.790177883277,527.979102720347,750.630794047172,769.768554333192,794.490012355397,56.3911697478831,821.533460747185,839.198437698123,857.709740422511,0.0715814582753509,36.7194896601853,32.8238314088767,34.3700218178481,35.6950767776362,36.7793529355374,1.82021704128103,38.1099155113689,38.9047865767042,40.1010614555275,0.0495708698058155,39,"1_ECA2666_0.0019",NA,NA,NA,NA,NA,"1",778.447145543842,16.0428668115551
"20250619-CbDRC4-p022-m2x_F04_roi_0.png",20250619,"CbDRC4","p022","m2x","F04",0,824.285550670518,36.4695474846649,"","48h",10,"15hHB101","DMSO",1,"MILBEMYCIN",0.0039,NA,NA,"ECA2666",1,NA,NA,NA,790.796989127653,691.529716961378,727.646708242732,771.313852048266,795.449306170107,44.5136405403495,824.343050755944,836.726411965078,866.615004444191,0.0562895928441173,36.1167563434073,30.5094667626685,32.0326759214006,33.8205440030247,36.8244873184929,2.69793716147541,38.1098597364028,38.8897429303019,40.3512478013503,0.0747004281287815,32,"1_ECA2666_0.0039",NA,NA,NA,NA,NA,"1",778.447145543842,17.0021606262646
"20250619-CbDRC4-p022-m2x_F05_roi_0.png",20250619,"CbDRC4","p022","m2x","F05",0,789.156208999811,33.915869969771,"","48h",10,"15hHB101","DMSO",1,"MILBEMYCIN",0.0078,NA,NA,"ECA2666",1,NA,NA,NA,731.758655515089,149.201833839611,555.683437736278,766.991386269178,794.638820584841,192.345310164038,811.58358221635,830.844198413391,896.400632471506,0.262853481423661,33.9382686761162,13.3594996379005,25.9487450495381,34.1233431717724,35.8700919852304,7.08363237600342,37.6907603465043,38.9439592129367,39.8545086895596,0.208721088385645,27,"1_ECA2666_0.0078",NA,NA,NA,NA,NA,"1",778.447145543842,16.1916750409988
"20250619-CbDRC4-p022-m2x_F06_roi_0.png",20250619,"CbDRC4","p022","m2x","F06",0,831.846717612358,37.042883990909,"","48h",10,"15hHB101","DMSO",1,"MILBEMYCIN",0.0156,NA,NA,"ECA2666",1,NA,NA,NA,786.692271796457,671.119644608229,737.532299983756,761.971649109861,781.426031555599,47.1489560667541,814.038559968749,832.383188124919,876.336491800031,0.059933162886025,36.3271741827373,32.2457010534978,33.9632759258272,35.0247398997435,36.2736326619021,1.97773143568585,37.6318426428603,39.0143220876098,39.933437528726,0.0544422042225808,41,"1_ECA2666_0.0156",NA,NA,NA,NA,NA,"1",778.447145543842,2.97888601175703
"20250619-CbDRC4-p022-m2x_F07_roi_0.png",20250619,"CbDRC4","p022","m2x","F07",0,828.40797170783,36.2381533272185,"","48h",10,"15hHB101","DMSO",1,"MILBEMYCIN",0.03125,NA,NA,"ECA2666",1,NA,NA,NA,788.629454679762,712.71644088962,732.100553581511,758.515872527063,794.987315120225,38.4496879897828,818.93655942678,836.607909237344,857.024324342237,0.0487550747206063,36.4733427270016,31.5493400031438,33.0368692406095,34.8601340024425,36.7188449854209,2.28973016493525,37.7594364899631,39.486704093068,41.8615415524692,0.062778182468045,50,"1_ECA2666_0.03125",NA,NA,NA,NA,NA,"1",778.447145543842,16.5401695763828
"20250619-CbDRC4-p022-m2x_F08_roi_0.png",20250619,"CbDRC4","p022","m2x","F08",0,817.52118207313,37.5849415155029,"","48h",10,"15hHB101","DMSO",1,"MILBEMYCIN",0.0625,NA,NA,"ECA2666",1,NA,NA,NA,782.917084390228,668.657057351215,727.323160292558,752.811913297328,781.703578258462,48.6212470169945,817.828711266362,839.804376586615,860.985371704495,0.0621026772648127,36.8283961259191,30.8524694777643,34.1457283917727,35.5425157468629,36.7918206965716,2.47040925405762,38.4550855967969,39.848703951983,41.4162461798634,0.0670789258812981,28,"1_ECA2666_0.0625",NA,NA,NA,"outlier","outlier","1",778.447145543842,3.25643271462002
"20250619-CbDRC4-p022-m2x_F09_roi_0.png",20250619,"CbDRC4","p022","m2x","F09",0,750.826016082129,32.8441012184763,"","48h",10,"15hHB101","DMSO",1,"MILBEMYCIN",0.125,NA,NA,"ECA2666",1,NA,NA,NA,768.087965182561,647.610499691918,702.508569334511,741.216042228171,771.901962501952,49.4165064451304,798.938647134389,834.829688557797,861.534806504932,0.0643370403979509,35.3392660649839,28.2670062897163,32.4573565169324,33.8756772892269,35.8107747790788,2.49252428469071,37.0727418587176,37.9097792580856,39.9210394094424,0.0705312973989701,47,"1_ECA2666_0.125",NA,NA,NA,NA,NA,"1",778.447145543842,-6.5451830418898
"20250619-CbDRC4-p022-m2x_F10_roi_0.png",20250619,"CbDRC4","p022","m2x","F10",0,689.756917314325,28.0670875033985,"","48h",10,"15hHB101","DMSO",1,"MILBEMYCIN",0.25,NA,NA,"ECA2666",1,NA,NA,NA,575.938453230683,158.720709268756,494.062487099283,527.835924774387,564.577471056834,106.438861591043,643.532402203755,697.594122027608,758.234871783772,0.184809437525802,24.6965833005596,17.2722948833126,21.6462063686177,22.7477026635813,24.9446310074438,2.94591189419634,26.147394958307,28.2156468050446,31.9658083868835,0.119284188356921,33,"1_ECA2666_0.25",NA,NA,NA,"outlier","outlier","1",778.447145543842,-213.869674487008
"20250619-CbDRC4-p022-m2x_F12_roi_0.png",20250619,"CbDRC4","p022","m2x","F12",0,254.880808134163,15.767355979548,"","48h",10,"15hHB101","DMSO",1,"MILBEMYCIN",1,NA,NA,"ECA2666",1,NA,NA,NA,267.894078098011,151.234700807812,228.468999208885,249.979276353738,271.075373688526,37.3587112161739,286.825082292359,302.791139587101,346.082245671223,0.13945329244085,15.4836736565089,13.901465749922,14.5591944115167,14.8763355190918,15.4823893375035,0.79558639661143,15.767355979548,16.6261194745703,17.0767441116425,0.0513822762130477,29,"1_ECA2666_1",NA,NA,NA,NA,NA,"1",778.447145543842,-507.371771855316
"20250619-CbDRC4-p023-m2x_A01_roi_0.png",20250619,"CbDRC4","p023","m2x","A01",0,779.70001160166,37.5280363174169,"","48h",10,"15hHB101","DMSO",1,"MILBEMYCIN",0,NA,NA,"PB420",1,NA,NA,NA,764.243814238618,699.196781558872,735.769133177884,749.50220447866,765.166049660922,26.9108142836769,778.829429284471,795.099988972734,875.94149197614,0.0352123416405888,38.7143839121686,35.0910627658025,36.4489181966433,37.3462150692595,38.8188178697801,1.67986468261826,39.6429808687985,40.8594436406087,41.9455578033296,0.0433912286045768,60,"1_PB420_0",NA,NA,NA,NA,NA,"1",764.404649350685,0.761400310236922
"20250619-CbDRC4-p023-m2x_A02_roi_0.png",20250619,"CbDRC4","p023","m2x","A02",0,726.124048999489,38.5044282480321,"","48h",10,"15hHB101","DMSO",1,"MILBEMYCIN",0.00097,NA,NA,"PB420",1,NA,NA,NA,768.294093710718,715.472159000114,731.004303420718,756.013646120831,766.306608295565,25.2161362161768,784.644391952609,802.109724575987,815.009619062636,0.0328209424263403,38.0530526672416,34.9140390042678,36.3829514896936,37.3014786709671,37.8414171819657,1.41096724823952,38.6980681296095,39.687416709751,42.5358464901321,0.0370789502902133,36,"1_PB420_0.00097",NA,NA,NA,NA,NA,"1",764.404649350685,1.90195894487942
"20250619-CbDRC4-p023-m2x_A03_roi_0.png",20250619,"CbDRC4","p023","m2x","A03",0,779.473645530377,36.9830635009635,"","48h",10,"15hHB101","DMSO",1,"MILBEMYCIN",0.0019,NA,NA,"PB420",1,NA,NA,NA,773.790320752778,705.269953053532,738.296662482309,754.843236532872,772.556017823606,33.5596304896419,781.129370047647,803.745887154345,881.748262532971,0.0433704449249165,38.8031549892704,34.5857430247408,36.8621025152768,37.3875788048299,38.3593545466139,1.96915662687547,39.6138465107049,41.0960230219207,44.1357249104245,0.05074733297898,45,"1_PB420_0.0019",NA,NA,NA,NA,NA,"1",764.404649350685,8.15136847292104
"20250619-CbDRC4-p023-m2x_A04_roi_0.png",20250619,"CbDRC4","p023","m2x","A04",0,758.882797747405,37.5574371674807,"","48h",10,"15hHB101","DMSO",1,"MILBEMYCIN",0.0039,NA,NA,"PB420",1,NA,NA,NA,772.867843644058,714.779621597869,741.015527300978,749.515102108138,762.62027384132,44.5017360332763,783.489047254032,802.913137074059,958.237807534346,0.0575800072408904,38.7932826029639,35.4698914073382,37.0460813898681,37.7361341061985,38.6343860093172,1.53621989851995,39.9605476057134,40.6253013202861,43.0037108487536,0.0396001522800389,40,"1_PB420_0.0039",NA,NA,NA,NA,NA,"1",764.404649350685,-1.78437550936542
"20250619-CbDRC4-p023-m2x_A05_roi_0.png",20250619,"CbDRC4","p023","m2x","A05",0,747.749758394171,36.9230250174589,"","48h",10,"15hHB101","DMSO",1,"MILBEMYCIN",0.0078,NA,NA,"PB420",1,NA,NA,NA,760.354557664002,592.203644894722,737.374316168545,747.920975285184,764.377069025518,34.2318589909205,779.949293487612,786.052631124574,808.482075816792,0.045020916421004,38.4261070360677,28.5483147404629,36.3903532048266,37.5214810673517,38.7584322854252,2.41532636142183,39.7404005571358,40.7473795242974,42.4999076003674,0.0628563897756997,63,"1_PB420_0.0078",NA,NA,NA,NA,NA,"1",764.404649350685,-0.0275803251668094
"20250619-CbDRC4-p023-m2x_A06_roi_0.png",20250619,"CbDRC4","p023","m2x","A06",0,789.598582992731,37.4804032632777,"","48h",10,"15hHB101","DMSO",1,"MILBEMYCIN",0.0156,NA,NA,"PB420",1,NA,NA,NA,765.239957081708,674.417457869392,740.618227317626,755.666048347062,765.792196307266,26.5901630082796,785.238196526346,793.992012161801,808.93373803366,0.0347474837953874,38.2599746770049,33.5346812615937,36.3023801937863,36.8972554995684,38.3018754736048,1.97140028519938,39.488201299472,41.3381313786097,41.739886556293,0.0515264398850802,38,"1_PB420_0.0156",NA,NA,NA,NA,NA,"1",764.404649350685,1.38754695658099
"20250619-CbDRC4-p023-m2x_A07_roi_0.png",20250619,"CbDRC4","p023","m2x","A07",0,758.405310325957,38.0456918277946,"","48h",10,"15hHB101","DMSO",1,"MILBEMYCIN",0.03125,NA,NA,"PB420",1,NA,NA,NA,767.77227371718,679.501392547545,737.170347481184,754.432113630105,767.35192925053,30.0445081762656,786.016577138128,795.705909009531,885.930961884803,0.0391320567370904,38.1786259998769,32.4304218418363,36.4337721859088,37.2720021699102,37.8553418489788,1.76225406485364,39.4658877391488,40.0817798475934,43.2729192599432,0.0461581321669176,57,"1_PB420_0.03125",NA,NA,NA,NA,NA,"1",764.404649350685,2.94727989984494
"20250619-CbDRC4-p023-m2x_A08_roi_0.png",20250619,"CbDRC4","p023","m2x","A08",0,777.911608104913,38.3983172518894,"","48h",10,"15hHB101","DMSO",1,"MILBEMYCIN",0.0625,NA,NA,"PB420",1,NA,NA,NA,763.264839575048,462.431041906544,738.755192608117,755.40733127431,769.026945887183,47.6365037670443,781.636621674348,798.359992257101,829.961723432718,0.0624115003038345,38.0403022512478,33.7354354729232,35.8254062051975,36.8694671194792,37.9936997330963,1.73400082756374,39.2266068923829,40.0998267271313,41.7541705765367,0.0455832557825393,54,"1_PB420_0.0625",NA,NA,NA,NA,NA,"1",764.404649350685,4.62229653649808
"20250619-CbDRC4-p023-m2x_A09_roi_0.png",20250619,"CbDRC4","p023","m2x","A09",0,787.712355162533,38.6765954467168,"","48h",10,"15hHB101","DMSO",1,"MILBEMYCIN",0.125,NA,NA,"PB420",1,NA,NA,NA,780.02118217368,664.284208137292,754.179287543074,763.659155229335,778.486410663539,35.3086749704954,794.493152186132,803.769784276095,914.471300381844,0.0452663027330886,37.914505106973,32.1472003354969,36.2337693273524,37.2719170634136,38.1094519125546,1.55938982860316,38.9006702733897,39.6020408137825,40.4285583830289,0.0411291094055813,47,"1_PB420_0.125",NA,NA,NA,NA,NA,"1",764.404649350685,14.081761312854
"20250619-CbDRC4-p023-m2x_A10_roi_0.png",20250619,"CbDRC4","p023","m2x","A10",0,746.136730280435,34.3501654023442,"","48h",10,"15hHB101","DMSO",1,"MILBEMYCIN",0.25,NA,NA,"PB420",1,NA,NA,NA,741.037021905461,634.757680761251,677.407986043863,714.210672442337,754.577086266472,46.9371564954174,771.879330485016,785.9142573162,867.022296712062,0.0633398266320432,35.5052441701548,28.0806994938672,31.0546684805926,34.140659412031,35.9408131039484,2.75475235906576,37.4623682838586,38.6343881957565,40.3379181726771,0.0775871965804244,43,"1_PB420_0.25",NA,NA,NA,NA,NA,"1",764.404649350685,-9.82756308421324
"20250619-CbDRC4-p023-m2x_A11_roi_0.png",20250619,"CbDRC4","p023","m2x","A11",0,682.308146952861,31.2466231021862,"","48h",10,"15hHB101","DMSO",1,"MILBEMYCIN",0.5,NA,NA,"PB420",1,NA,NA,NA,537.006609421282,353.578380753562,416.537197218222,492.835205537185,550.119057593299,77.0372645084669,597.951731983393,618.879107348168,682.308146952861,0.14345682745225,24.6188369286489,17.5417391697104,20.3442066813492,22.7861798524932,24.3940009014101,3.30973541143653,27.4728352960064,29.122994204122,31.2466231021862,0.134439145968955,53,"1_PB420_0.5",NA,NA,NA,NA,NA,"1",764.404649350685,-214.285591757387
"20250619-CbDRC4-p023-m2x_A12_roi_0.png",20250619,"CbDRC4","p023","m2x","A12",0,287.74477557815,17.2403910582223,"","48h",10,"15hHB101","DMSO",1,"MILBEMYCIN",1,NA,NA,"PB420",1,NA,NA,NA,296.994877567027,244.444915053003,274.382905781961,280.176206956851,291.942917461983,26.3707013083104,311.78135042419,335.307940024686,350.810607672827,0.0887917715091195,16.6896446675514,14.8057240920489,15.4993045331932,15.9229654949676,16.4198805718628,1.04731379359129,17.5230030896387,18.0746109127862,18.7162291269714,0.0627523122542873,29,"1_PB420_1",NA,NA,NA,NA,NA,"1",764.404649350685,-472.461731888702
"20250619-CbDRC4-p023-m2x_B01_roi_0.png",20250619,"CbDRC4","p023","m2x","B01",0,804.486055093295,40.8593010134609,"","48h",10,"15hHB101","DMSO",1,"MILBEMYCIN",0,NA,NA,"ED3102",1,NA,NA,NA,855.01742443709,591.970136548613,778.735018987876,822.252151516134,867.36245331946,70.2583072152915,894.163559379613,932.402820558703,975.493496211766,0.0821717841148638,40.9188459776039,29.3042135070157,38.6927855547265,39.610705710396,40.6574320893558,2.75167326177019,42.2096494036829,44.2643834881749,45.9253384115098,0.067247088622105,41,"1_ED3102_0",NA,NA,NA,NA,NA,"1",858.463870400194,8.89858291926578
"20250619-CbDRC4-p023-m2x_B02_roi_0.png",20250619,"CbDRC4","p023","m2x","B02",0,854.43516543801,41.2206124346497,"","48h",10,"15hHB101","DMSO",1,"MILBEMYCIN",0.00097,NA,NA,"ED3102",1,NA,NA,NA,858.210065264373,717.771901732395,788.706000188487,820.217720379479,864.672530653649,56.7132240846815,900.782356562091,922.69484118542,950.422172627701,0.0660831495459224,40.9978633968838,32.4157083352796,37.0193937326326,40.3245005527691,41.5750213012708,2.61615586904932,42.4377767010326,43.7161917890194,44.5625977802708,0.0638120051214223,42,"1_ED3102_0.00097",NA,NA,NA,NA,NA,"1",858.463870400194,6.20866025345526
"20250619-CbDRC4-p023-m2x_B03_roi_0.png",20250619,"CbDRC4","p023","m2x","B03",0,818.226307369015,39.4685642386655,"","48h",10,"15hHB101","DMSO",1,"MILBEMYCIN",0.0019,NA,NA,"ED3102",1,NA,NA,NA,861.827641509534,749.988032910113,793.872241456647,816.816436903123,853.237196316152,67.4695522963809,901.313861867141,927.356907972158,1113.6555757754,0.0782865958884825,40.65267042167,35.3542363205728,38.0352856824962,39.3313185745608,40.5405744361568,2.32151668085763,41.7477835555876,44.0353159380788,46.6646315772081,0.0571061299732019,41,"1_ED3102_0.0019",NA,NA,NA,NA,NA,"1",858.463870400194,-5.22667408404186
"20250619-CbDRC4-p023-m2x_B04_roi_0.png",20250619,"CbDRC4","p023","m2x","B04",0,903.23634767342,42.9433357089209,"","48h",10,"15hHB101","DMSO",1,"MILBEMYCIN",0.0039,NA,NA,"ED3102",1,NA,NA,NA,866.042865199179,744.122432815299,778.923744286165,823.555216622613,885.540181561084,55.0523797588716,903.19253331285,916.443787729272,980.086677386998,0.0635677308492233,41.4188615233065,37.2291570987763,39.1586534111804,40.3453509831427,41.1023184431571,1.99998895660235,42.7713655531611,43.6297970240639,46.6560371882403,0.0482869128471083,51,"1_ED3102_0.0039",NA,NA,NA,NA,NA,"1",858.463870400194,27.0763111608898
"20250619-CbDRC4-p023-m2x_B05_roi_0.png",20250619,"CbDRC4","p023","m2x","B05",0,896.830541340295,39.588160958562,"","48h",10,"15hHB101","DMSO",1,"MILBEMYCIN",0.0078,NA,NA,"ED3102",1,NA,NA,NA,861.41039616702,749.001288546311,781.878413450198,817.367395542968,867.024835163276,64.4450924877762,897.575035297694,920.350352449041,1117.54088875816,0.0748134603140788,41.7018418624752,34.7900208840243,39.7172232716333,40.3225142109643,41.337229857872,2.37012987954346,43.0702201130136,45.1152718792793,48.4002472058732,0.0568351366196174,52,"1_ED3102_0.0078",NA,NA,NA,NA,NA,"1",858.463870400194,8.56096476308187
"20250619-CbDRC4-p023-m2x_B06_roi_0.png",20250619,"CbDRC4","p023","m2x","B06",0,940.771187559611,37.0531577782896,"","48h",10,"15hHB101","DMSO",1,"MILBEMYCIN",0.0156,NA,NA,"ED3102",1,NA,NA,NA,869.532744525595,713.733702168613,783.433658274605,819.161375855132,881.555918135713,60.3813298185935,918.072714486637,940.54627738433,948.807464912574,0.0694411224864644,40.8048875155651,33.5351033527016,38.5785809835774,39.7156716783203,40.8251826179687,2.32508271588229,42.8608231222916,43.5288690196245,44.818639507647,0.056980495657423,42,"1_ED3102_0.0156",NA,NA,NA,NA,NA,"1",858.463870400194,23.0920477355196
"20250619-CbDRC4-p023-m2x_B07_roi_0.png",20250619,"CbDRC4","p023","m2x","B07",0,867.746779414337,41.3580685412363,"","48h",10,"15hHB101","DMSO",1,"MILBEMYCIN",0.03125,NA,NA,"ED3102",1,NA,NA,NA,836.596822710123,27.4415350731227,779.972557368018,800.865926373126,852.362445933922,127.366105768861,901.054590106143,915.916394720942,977.533862862587,0.152243114378876,40.8098237469055,34.8204624137899,37.6663760397477,39.4471290683599,40.6652334259791,3.71371049241968,41.5073292065205,43.4605168892248,61.224143770281,0.0910004050850938,52,"1_ED3102_0.03125",NA,NA,NA,NA,NA,"1",858.463870400194,-6.10142446627174
"20250619-CbDRC4-p023-m2x_B08_roi_0.png",20250619,"CbDRC4","p023","m2x","B08",0,903.875143115172,38.9873125146392,"","48h",10,"15hHB101","DMSO",1,"MILBEMYCIN",0.0625,NA,NA,"ED3102",1,NA,NA,NA,856.276098184898,720.358760130508,777.926907166909,812.989147587692,863.156009544334,54.168458301623,902.542819862147,911.532661045901,948.805252780583,0.0632605048960812,41.1615072766209,37.0553007840581,38.9691759761859,39.7329337069112,40.7847022741859,1.97005571228657,42.3026448524933,44.1323490372964,45.4676183476202,0.0478616028088344,48,"1_ED3102_0.0625",NA,NA,NA,NA,NA,"1",858.463870400194,4.69213914414036
"20250619-CbDRC4-p023-m2x_B09_roi_0.png",20250619,"CbDRC4","p023","m2x","B09",0,862.142599462674,39.3730255690753,"","48h",10,"15hHB101","DMSO",1,"MILBEMYCIN",0.125,NA,NA,"ED3102",1,NA,NA,NA,864.40815325744,711.751331378479,795.454131348212,827.742838291292,866.995970381648,60.9428062608294,891.075591973743,932.552602361522,1080.85121247478,0.0705023501122383,40.8215397681258,35.2950986466073,38.6569804592148,39.3745178388538,40.9005537416555,2.13122359085428,42.4568876201998,43.0212388658912,45.3405158192483,0.0522083097051222,58,"1_ED3102_0.125",NA,NA,NA,NA,NA,"1",858.463870400194,8.53209998145371
"20250619-CbDRC4-p023-m2x_B10_roi_0.png",20250619,"CbDRC4","p023","m2x","B10",0,810.739332190643,36.7233539374075,"","48h",10,"15hHB101","DMSO",1,"MILBEMYCIN",0.25,NA,NA,"ED3102",1,NA,NA,NA,742.418747889226,550.0258924943,673.689829552481,710.289765521324,748.060178327944,60.3179558031851,782.779666339606,795.746690071071,873.890080496417,0.0812451948104426,34.0571020093524,26.5450932171039,29.6841455720089,32.1385985905775,34.6719308165194,2.91486609830063,36.11151135518,37.58797126414,38.1342929206256,0.0855876139285187,52,"1_ED3102_0.25",NA,NA,NA,NA,NA,"1",858.463870400194,-110.40369207225
"20250619-CbDRC4-p023-m2x_B11_roi_0.png",20250619,"CbDRC4","p023","m2x","B11",0,546.855406805861,26.3125913087117,"","48h",10,"15hHB101","DMSO",1,"MILBEMYCIN",0.5,NA,NA,"ED3102",1,NA,NA,NA,441.974178640482,341.913663335107,369.861383849536,401.855409602296,426.544959805745,65.7497023230789,471.569015141347,528.387307540389,614.088234428538,0.148763673310793,20.9932377264285,17.0536544244542,17.8043410741234,19.5425874150354,20.7646617394255,2.55897510959268,22.0683891844872,23.1764177103059,28.8106807089151,0.121895209445048,38,"1_ED3102_0.5",NA,NA,NA,NA,NA,"1",858.463870400194,-431.918910594449
"20250619-CbDRC4-p023-m2x_B12_roi_0.png",20250619,"CbDRC4","p023","m2x","B12",0,350.109508629892,16.8770543734104,"","48h",10,"15hHB101","DMSO",1,"MILBEMYCIN",1,NA,NA,"ED3102",1,NA,NA,NA,282.668480024312,137.691667723595,247.62544460957,255.462368659781,280.79910596247,45.0104535998574,310.34390452802,336.282363277091,369.145832211463,0.159234073767214,16.0917238026599,10.4629775099497,14.6425421984599,15.1756447212628,16.3689191731995,1.70685344667221,16.7917350849992,17.6556304010331,20.0928012096751,0.106070267399821,32,"1_ED3102_1",NA,NA,NA,NA,NA,"1",858.463870400194,-577.664764437724
"20250619-CbDRC4-p023-m2x_C01_roi_0.png",20250619,"CbDRC4","p023","m2x","C01",0,811.520851852252,38.7305318039187,"","48h",10,"15hHB101","DMSO",1,"MILBEMYCIN",0,NA,NA,"JU3237",1,NA,NA,NA,761.933297422801,547.452630348287,709.11448688996,740.143431126519,779.218685968584,49.4759212857796,792.084193604756,804.526827657008,823.21155216799,0.0649347146963249,39.0598456435329,29.8332034391025,36.6976874471931,37.9370288701335,39.0545064442884,2.72788805929213,40.8265338647793,41.3648742643498,44.1078961409469,0.0698386799627251,38,"1_JU3237_0",NA,NA,NA,NA,NA,"1",765.709066236116,13.5096197324676
"20250619-CbDRC4-p023-m2x_C02_roi_0.png",20250619,"CbDRC4","p023","m2x","C02",0,790.172491745446,40.7597947676988,"","48h",10,"15hHB101","DMSO",1,"MILBEMYCIN",0.00097,NA,NA,"JU3237",1,NA,NA,NA,760.657606819889,600.601406422932,720.039221547072,735.077584520672,771.021912107035,39.8068668586319,786.045249538763,803.779168427667,832.023881999149,0.0523321748204873,39.078350489762,26.4546913940859,35.1574697280176,38.3274241310224,39.8169937480153,3.00997299381208,41.0005121538349,41.9534897191148,42.6425060279629,0.0770240543955574,52,"1_JU3237_0.00097",NA,NA,NA,NA,NA,"1",765.709066236116,5.31284587091909
"20250619-CbDRC4-p023-m2x_C03_roi_0.png",20250619,"CbDRC4","p023","m2x","C03",0,751.156675263624,39.613493838254,"","48h",10,"15hHB101","DMSO",1,"MILBEMYCIN",0.0019,NA,NA,"JU3237",1,NA,NA,NA,770.363319912666,695.645233538403,722.704987621431,749.606952113988,776.482819363228,33.1121515898873,791.060982471654,806.399882409191,845.280745643244,0.042982513229785,39.5953582229006,32.9151743958499,37.3009299408903,38.4012056076818,39.6832843368595,2.23207106997655,40.6416160979167,42.8185578375027,44.8431310029542,0.0563720387983659,48,"1_JU3237_0.0019",NA,NA,NA,NA,NA,"1",765.709066236116,10.7737531271115
"20250619-CbDRC4-p023-m2x_C04_roi_0.png",20250619,"CbDRC4","p023","m2x","C04",0,758.892271035997,38.5397227424854,"","48h",10,"15hHB101","DMSO",1,"MILBEMYCIN",0.0039,NA,NA,"JU3237",1,NA,NA,NA,744.429351423676,238.05900820425,713.585986047148,729.421695459947,759.461205490938,93.5915836819751,789.614900702015,805.556097208776,839.830285374554,0.125722586707505,38.5856699083434,14.5550801288161,36.3942610294658,37.7404596151739,39.0588951014455,4.94720447244897,40.9700036692903,42.0937239985761,44.8928056090772,0.128213517717862,46,"1_JU3237_0.0039",NA,NA,NA,NA,NA,"1",765.709066236116,-6.24786074517783
"20250619-CbDRC4-p023-m2x_C05_roi_0.png",20250619,"CbDRC4","p023","m2x","C05",0,775.186995191513,39.9614255120962,"","48h",10,"15hHB101","DMSO",1,"MILBEMYCIN",0.0078,NA,NA,"JU3237",1,NA,NA,NA,751.036254480365,213.420124532466,725.032275532702,738.480561362512,763.840103145419,91.9473528637952,783.820806261982,805.656735327356,855.563746535815,0.122427316012078,38.7715422606069,14.5440257646024,35.6370921552081,38.3749807228116,39.3649390562384,4.26253587315642,40.657727794579,41.8271487301517,43.1388548816267,0.109939806998271,44,"1_JU3237_0.0078",NA,NA,NA,NA,NA,"1",765.709066236116,-1.86896309069743
"20250619-CbDRC4-p023-m2x_C06_roi_0.png",20250619,"CbDRC4","p023","m2x","C06",0,795.793254036461,40.747094330728,"","48h",10,"15hHB101","DMSO",1,"MILBEMYCIN",0.0156,NA,NA,"JU3237",1,NA,NA,NA,769.433027666722,547.017708239391,734.899212222758,744.007976145383,782.164356747946,49.5715973582494,795.03487909526,814.50374061063,832.980896559648,0.0644261366172096,39.7238166679551,28.6641699924684,37.5058171473435,38.6621696738658,40.192762949489,3.0454253581713,41.6274912213133,42.6136347454283,43.2806451646022,0.0766649736511351,39,"1_JU3237_0.0156",NA,NA,NA,NA,NA,"1",765.709066236116,16.4552905118296
"20250619-CbDRC4-p023-m2x_C07_roi_0.png",20250619,"CbDRC4","p023","m2x","C07",0,794.344447524412,41.100021098793,"","48h",10,"15hHB101","DMSO",1,"MILBEMYCIN",0.03125,NA,NA,"JU3237",1,NA,NA,NA,776.361896333765,709.9531403099,732.691904485451,754.466838107831,785.152054669113,30.761607968969,800.266740430245,806.419800545079,826.079678510968,0.0396227688584865,39.898523256682,34.8021922961051,38.2073245375247,38.8714390573916,40.1128594848731,1.77843860122565,41.3523614001382,41.91860792066,42.4568050994445,0.0445740457556361,37,"1_JU3237_0.03125",NA,NA,NA,NA,NA,"1",765.709066236116,19.442988432997
"20250619-CbDRC4-p023-m2x_C08_roi_0.png",20250619,"CbDRC4","p023","m2x","C08",0,744.688876425796,37.7644847625149,"","48h",10,"15hHB101","DMSO",1,"MILBEMYCIN",0.0625,NA,NA,"JU3237",1,NA,NA,NA,776.444935250553,708.585830723315,728.137457584674,757.850740970742,782.555788039442,31.306006679455,796.087351778409,812.618992751226,826.308957020593,0.0403196740144268,39.2468237923623,35.7473786871342,36.5355984658244,37.7644847625149,39.6030682021132,1.81698819987637,40.6387865348363,41.1949557532627,42.4781139696647,0.0462964394135243,37,"1_JU3237_0.0625",NA,NA,NA,NA,NA,"1",765.709066236116,16.8467218033261
"20250619-CbDRC4-p023-m2x_C09_roi_0.png",20250619,"CbDRC4","p023","m2x","C09",0,767.138257995874,38.3556905816598,"","48h",10,"15hHB101","DMSO",1,"MILBEMYCIN",0.125,NA,NA,"JU3237",1,NA,NA,NA,754.279757532955,425.764927613301,710.802398468338,731.072647706752,771.956087789175,66.3060468177471,791.686157262098,799.193418552689,834.292565205965,0.0879064381027754,36.9233823964496,21.3593542289939,33.351577138299,35.6807447847621,37.7903945026988,3.61410200962205,39.0224242598895,39.9348827401697,41.711178444764,0.0978811196335459,38,"1_JU3237_0.125",NA,NA,NA,NA,NA,"1",765.709066236116,6.2470215530584
"20250619-CbDRC4-p023-m2x_C10_roi_0.png",20250619,"CbDRC4","p023","m2x","C10",0,607.232516222439,26.7905911749623,"","48h",10,"15hHB101","DMSO",1,"MILBEMYCIN",0.25,NA,NA,"JU3237",1,NA,NA,NA,556.764437796683,400.582679531293,457.414593816233,489.577062297342,571.039878305416,89.0737404111533,607.281016995817,657.418907866072,788.61951332837,0.159984608147119,24.8734227150658,17.1949062014055,20.7283553883175,22.5481099296626,24.83757176943,3.50432114347284,27.0944480929374,28.2408685863026,33.6221271679587,0.140886165270302,39,"1_JU3237_0.25",NA,NA,NA,NA,NA,"1",765.709066236116,-194.6691879307
"20250619-CbDRC4-p023-m2x_C11_roi_0.png",20250619,"CbDRC4","p023","m2x","C11",0,584.644796652247,26.0302148480861,"","48h",10,"15hHB101","DMSO",1,"MILBEMYCIN",0.5,NA,NA,"JU3237",1,NA,NA,NA,393.394499947889,151.887133624375,325.231531709051,370.138798060422,407.666601175959,90.8286501649234,442.379775894878,456.002552442118,584.644796652247,0.230884392580362,19.1704378448599,13.5255922487926,16.6659984165042,17.6391571514212,19.025513068476,2.53910246361604,20.1553450242251,22.2790122749903,26.0302148480861,0.132448850890322,24,"1_JU3237_0.5",NA,NA,NA,NA,NA,"1",765.709066236116,-358.042465060157
"20250619-CbDRC4-p023-m2x_C12_roi_0.png",20250619,"CbDRC4","p023","m2x","C12",0,360.553269686481,18.3336356845854,"","48h",10,"15hHB101","DMSO",1,"MILBEMYCIN",1,NA,NA,"JU3237",1,NA,NA,NA,294.4724236831,182.626298252825,241.146698112365,277.050652349555,297.571504952161,46.2581371660772,320.294136066317,349.161252078886,367.499894237161,0.15708818023605,15.712170471538,11.5520575584419,14.6860613294759,14.9387893831796,15.636145333034,1.53338112091122,16.4509009992232,17.5350729779604,18.3947907263096,0.097591935098265,23,"1_JU3237_1",NA,NA,NA,NA,NA,"1",765.709066236116,-468.137561283955
"20250619-CbDRC4-p023-m2x_D01_roi_0.png",20250619,"CbDRC4","p023","m2x","D01",0,855.488439186314,37.2877249241763,"","48h",10,"15hHB101","DMSO",1,"MILBEMYCIN",0,NA,NA,"NIC1667",1,NA,NA,NA,777.27173415274,665.92493035757,732.745995178682,751.957321535873,776.325891206386,42.5143315960246,805.678540040439,825.679442571213,855.488439186314,0.0546968707698693,38.6405081889618,31.3065330966729,35.3188922869905,37.6870738408297,38.995163728142,2.59055493415248,40.2145330053386,41.0780115125892,43.3833738793602,0.0670424654221425,35,"1_NIC1667_0",NA,NA,NA,NA,NA,"1",776.621116305835,-0.295225099448999
"20250619-CbDRC4-p023-m2x_D02_roi_0.png",20250619,"CbDRC4","p023","m2x","D02",0,802.011932725629,38.8975277037648,"","48h",10,"15hHB101","DMSO",1,"MILBEMYCIN",0.00097,NA,NA,"NIC1667",1,NA,NA,NA,766.792965760264,289.882191554366,706.476788084021,762.971896848868,797.035706289504,104.731230635,813.754556635154,823.40297552376,859.363451706261,0.136583452524451,37.6621854262551,18.2471012786343,31.9829028579218,37.4892758449578,38.5841199512955,4.8934210645418,40.7041702746496,40.9676150272807,43.0620608465094,0.129929291387602,29,"1_NIC1667_0.00097",NA,NA,NA,NA,NA,"1",776.621116305835,20.4145899836689
"20250619-CbDRC4-p023-m2x_D03_roi_0.png",20250619,"CbDRC4","p023","m2x","D03",0,817.550967280655,37.4274967305492,"","48h",10,"15hHB101","DMSO",1,"MILBEMYCIN",0.0019,NA,NA,"NIC1667",1,NA,NA,NA,780.486363587067,636.917613959009,717.396863843407,750.428469432767,799.802668064938,48.4953061543694,817.847149191476,825.270872101065,839.176929832482,0.0621347257516299,37.6767948253684,30.9957740501599,34.3018600771696,36.2962826211373,37.9452121825979,2.58120436484896,39.729504830346,40.5728967407652,41.1452890604046,0.0685091281467231,40,"1_NIC1667_0.0019",NA,NA,NA,NA,NA,"1",776.621116305835,23.1815517591027
"20250619-CbDRC4-p023-m2x_D04_roi_0.png",20250619,"CbDRC4","p023","m2x","D04",0,798.109842997203,39.0421450703727,"","48h",10,"15hHB101","DMSO",1,"MILBEMYCIN",0.0039,NA,NA,"NIC1667",1,NA,NA,NA,757.333671749252,458.035255983617,643.422922695404,755.907873676227,786.30264923837,105.719227044771,815.654285324303,834.684266709074,836.287511763929,0.139593987417179,36.3214470986049,23.6455157131696,31.1531001905892,35.7939610033652,37.946394807683,4.76437597541061,39.1516259085333,39.8647903785671,40.9309182841411,0.131172526316926,28,"1_NIC1667_0.0039",NA,NA,NA,NA,NA,"1",776.621116305835,9.68153293253465
"20250619-CbDRC4-p023-m2x_D05_roi_0.png",20250619,"CbDRC4","p023","m2x","D05",0,802.642676533809,38.207144410655,"","48h",10,"15hHB101","DMSO",1,"MILBEMYCIN",0.0078,NA,NA,"NIC1667",1,NA,NA,NA,775.685770186533,653.583913315335,721.064288111988,745.754598073606,780.766291471216,45.2303365895122,807.658661765379,818.723757726122,846.822095515384,0.0583101280543479,37.3612084346682,28.113454748048,32.411645302155,36.2319164830238,38.3186262740284,3.68887039757669,39.1584129653818,41.2315556144926,44.0655621046614,0.0987353073449765,28,"1_NIC1667_0.0078",NA,NA,NA,NA,NA,"1",776.621116305835,4.14517516538103
"20250619-CbDRC4-p023-m2x_D06_roi_0.png",20250619,"CbDRC4","p023","m2x","D06",0,807.216246503014,38.5471564625909,"","48h",10,"15hHB101","DMSO",1,"MILBEMYCIN",0.0156,NA,NA,"NIC1667",1,NA,NA,NA,706.330638124672,162.234499833622,554.186646007959,734.485471190924,759.603141196946,186.861566149099,799.219207053203,822.399358958106,838.357786762722,0.264552542482401,35.4792840435061,12.9020341555522,28.1171536990428,35.6059300034144,37.8219414949933,7.23239717031579,39.254973832277,40.293922537906,42.9224641008073,0.20384845312682,29,"1_NIC1667_0.0156",NA,NA,NA,NA,NA,"1",776.621116305835,-17.017975108889
"20250619-CbDRC4-p023-m2x_D07_roi_0.png",20250619,"CbDRC4","p023","m2x","D07",0,720.920337431309,33.2020144477121,"","48h",10,"15hHB101","DMSO",1,"MILBEMYCIN",0.03125,NA,NA,"NIC1667",1,NA,NA,NA,755.009146901843,187.376453258478,704.601778916586,729.159211864554,779.736476060881,114.216690460726,799.688064288143,822.477147302134,973.298728492943,0.15127855196114,37.2317723544782,15.5030249407844,32.5156729412347,37.0660335561113,38.4426318883847,4.91276227782099,39.8753072839771,40.7167532166673,43.4707679652223,0.131950803497811,37,"1_NIC1667_0.03125",NA,NA,NA,NA,NA,"1",776.621116305835,3.11535975504523
"20250619-CbDRC4-p023-m2x_D08_roi_0.png",20250619,"CbDRC4","p023","m2x","D08",0,819.299189488172,38.1144875945605,"","48h",10,"15hHB101","DMSO",1,"MILBEMYCIN",0.0625,NA,NA,"NIC1667",1,NA,NA,NA,778.638000448454,691.103524610142,714.59664398948,762.474883504418,788.807139755679,38.9367254407561,805.875104639105,820.492214340213,832.314405953362,0.0500061972551181,38.06232252487,27.7509732186867,35.4137012976899,36.9497054788842,38.1599472246317,2.80736960757098,40.0351169874738,40.7749916270848,43.8033005342651,0.0737571808902789,38,"1_NIC1667_0.0625",NA,NA,NA,NA,NA,"1",776.621116305835,12.1860234498436
"20250619-CbDRC4-p023-m2x_D09_roi_0.png",20250619,"CbDRC4","p023","m2x","D09",0,771.167615741501,36.9200367906486,"","48h",10,"15hHB101","DMSO",1,"MILBEMYCIN",0.125,NA,NA,"NIC1667",1,NA,NA,NA,789.752284205611,709.339361229236,749.379622345962,769.924235320243,787.801897376095,32.0051528331831,817.818303668745,833.062941252729,836.089056400824,0.0405255590559971,38.3764362152463,35.2320680910073,36.3852131765797,37.1294172264463,38.538880743523,1.57107543012281,39.5943475721157,40.2213426176437,41.2439162827689,0.0409385441970416,35,"1_NIC1667_0.125",NA,NA,NA,NA,NA,"1",776.621116305835,11.1807810702592
"20250619-CbDRC4-p023-m2x_D10_roi_0.png",20250619,"CbDRC4","p023","m2x","D10",0,744.366953612933,38.2523742036952,"","48h",10,"15hHB101","DMSO",1,"MILBEMYCIN",0.25,NA,NA,"NIC1667",1,NA,NA,NA,759.941388490518,637.729666385878,701.369209248664,744.786838864138,767.944053065091,47.9835830742957,798.393233809882,811.855200608913,820.040731065905,0.0631411629910119,36.307674684515,28.5021073313937,33.7831913770164,36.2964405158705,36.7761315035798,2.2644090887692,37.7158535700576,38.1408191063293,38.2539098691099,0.0623672297508758,26,"1_NIC1667_0.25",NA,NA,NA,NA,NA,"1",776.621116305835,-8.67706324074481
"20250619-CbDRC4-p023-m2x_D12_roi_0.png",20250619,"CbDRC4","p023","m2x","D12",0,362.444219496699,17.7369100929163,"","48h",10,"15hHB101","DMSO",1,"MILBEMYCIN",1,NA,NA,"NIC1667",1,NA,NA,NA,339.311557967952,283.946278155621,300.44432020718,314.443700887851,341.218081998613,29.800720595506,362.444219496699,382.037112539739,386.86295338307,0.0878270129493223,17.1101768456637,15.5067296379021,15.8452454327541,16.322650033896,17.1477797582884,0.887905584749252,17.8606032819794,18.0769831902106,18.743650614599,0.0518934194987164,29,"1_NIC1667_1",NA,NA,NA,NA,NA,"1",776.621116305835,-435.403034307222
"20250619-CbDRC4-p023-m2x_E01_roi_0.png",20250619,"CbDRC4","p023","m2x","E01",0,766.616556295813,36.4494198269475,"","48h",10,"15hHB101","DMSO",1,"MILBEMYCIN",0,NA,NA,"VX34",1,NA,NA,NA,847.28499078488,736.054292183221,806.591089907551,819.882651433707,849.330588716113,41.5656964528236,879.374276634131,888.209445301966,921.343892880567,0.0490575153636551,38.6168119386216,29.7723968061902,37.5507216097708,38.307616794102,38.7578982844139,1.9724061054657,39.5376259612926,40.2147022115466,41.0302556510473,0.0510763578464397,33,"1_VX34_0",NA,NA,NA,NA,NA,"1",808.628894132328,40.7016945837856
"20250619-CbDRC4-p023-m2x_E02_roi_0.png",20250619,"CbDRC4","p023","m2x","E02",0,814.631547726085,39.1826246003795,"","48h",10,"15hHB101","DMSO",1,"MILBEMYCIN",0.00097,NA,NA,"VX34",1,NA,NA,NA,840.969137053641,634.350322019339,790.895729712021,815.74735242834,859.741421467625,61.7141173071338,878.012157504375,891.489519066334,938.932022673472,0.0733845210103083,39.0454305456922,31.1150152725109,37.1979183632228,37.921214872124,39.1826246003795,2.40780349815834,40.2321453465716,41.4745005442657,44.9277442325043,0.0616667165531867,31,"1_VX34_0.00097",NA,NA,NA,NA,NA,"1",808.628894132328,51.1125273352969
"20250619-CbDRC4-p023-m2x_E03_roi_0.png",20250619,"CbDRC4","p023","m2x","E03",0,849.230242113844,38.6386391745447,"","48h",10,"15hHB101","DMSO",1,"MILBEMYCIN",0.0019,NA,NA,"VX34",1,NA,NA,NA,855.547168395873,747.858654510636,792.310719624361,836.401328615443,852.421570773248,52.963042381234,867.214515322122,916.588996742231,995.780939254981,0.0619054616013027,38.3226648973203,29.9361985416196,36.3181627697126,37.3596854018429,38.4189775805562,2.70876070270325,39.2728738853538,41.1770693897227,43.5319950865403,0.0706829942531647,20,"1_VX34_0.0019",NA,NA,NA,NA,NA,"1",808.628894132328,43.7926766409198
"20250619-CbDRC4-p023-m2x_E04_roi_0.png",20250619,"CbDRC4","p023","m2x","E04",0,843.461626384791,39.6244276202743,"","48h",10,"15hHB101","DMSO",1,"MILBEMYCIN",0.0039,NA,NA,"VX34",1,NA,NA,NA,833.974761796164,161.123372650932,805.561880933132,821.654731410739,844.574115027713,108.692616773758,864.829354544043,902.096489166619,971.328774379219,0.130330822649432,38.4776223081159,13.763933547338,37.0476739929304,37.5305488047683,38.7835579504947,4.07143836204861,40.0802713830505,41.2145890523927,42.9845093334317,0.105813148469671,46,"1_VX34_0.0039",NA,NA,NA,NA,NA,"1",808.628894132328,35.9452208953849
"20250619-CbDRC4-p023-m2x_E05_roi_0.png",20250619,"CbDRC4","p023","m2x","E05",0,839.937875050584,38.0614159696338,"","48h",10,"15hHB101","DMSO",1,"MILBEMYCIN",0.0078,NA,NA,"VX34",1,NA,NA,NA,821.810299471032,392.861642638894,765.555676883848,817.229610182611,847.397075195029,110.447743338266,874.795474266629,894.589165012576,941.774340959978,0.134395666991953,38.4087607593076,18.6593876995692,36.352331374818,38.0388804035083,38.9446606921168,4.04290751262253,39.7162045950199,41.9191065690322,43.0747481274338,0.105260035280956,32,"1_VX34_0.0078",NA,NA,NA,NA,NA,"1",808.628894132328,38.7681810627009
"20250619-CbDRC4-p023-m2x_E06_roi_0.png",20250619,"CbDRC4","p023","m2x","E06",0,854.280944087599,39.5693022784634,"","48h",10,"15hHB101","DMSO",1,"MILBEMYCIN",0.0156,NA,NA,"VX34",1,NA,NA,NA,836.116592591511,630.525171867113,783.68187341482,813.255936969441,848.044050543725,55.0871150336389,870.285611556223,890.554711407777,909.445730197336,0.065884489701249,38.964507658731,30.3776437770124,37.5644911225806,38.4662779332414,39.1362214062715,2.41996495587294,39.9314054282286,40.8051605446353,43.932863106416,0.0621069044954475,39,"1_VX34_0.0156",NA,NA,NA,NA,NA,"1",808.628894132328,39.4151564113974
"20250619-CbDRC4-p023-m2x_E07_roi_0.png",20250619,"CbDRC4","p023","m2x","E07",0,880.925250739689,40.5775763840883,"","48h",10,"15hHB101","DMSO",1,"MILBEMYCIN",0.03125,NA,NA,"VX34",1,NA,NA,NA,835.563004569265,324.904817607527,775.77705134661,812.931855186266,850.882904426855,104.99076496103,884.80146250171,916.333763570013,968.601908524976,0.125652720844377,38.9318206488198,23.5768902742333,36.1326892442555,37.8737051607257,39.1199772544315,3.35579520424959,40.2436813477788,42.3401125045407,44.4370476977722,0.0861967189903646,41,"1_VX34_0.03125",NA,NA,NA,NA,NA,"1",808.628894132328,42.2540102945269
"20250619-CbDRC4-p023-m2x_E08_roi_0.png",20250619,"CbDRC4","p023","m2x","E08",0,893.501522803085,37.8668876905417,"","48h",10,"15hHB101","DMSO",1,"MILBEMYCIN",0.0625,NA,NA,"VX34",1,NA,NA,NA,837.551337776867,693.055751918083,783.079061579838,809.603802112075,832.811313282264,53.8791416563952,858.66565934194,895.080934912429,1055.57198318493,0.0643293601552925,39.3908269255287,31.9603057443817,37.6654601483263,38.5443053270837,39.4385138651364,1.80466998226583,40.2293803739953,41.5032764990277,43.0962381229255,0.045814473143143,49,"1_VX34_0.0625",NA,NA,NA,NA,NA,"1",808.628894132328,24.1824191499364
"20250619-CbDRC4-p023-m2x_E09_roi_0.png",20250619,"CbDRC4","p023","m2x","E09",0,862.452240354228,36.2899344758082,"","48h",10,"15hHB101","DMSO",1,"MILBEMYCIN",0.125,NA,NA,"VX34",1,NA,NA,NA,834.402936084196,252.203137845535,795.054321122332,827.83030716823,844.216833566454,115.869530315537,875.273148392878,898.496257611899,985.265784417669,0.138865199659179,37.4078705868158,15.4937762897734,35.7882138180508,36.9188598543695,38.4626756917946,4.32264440544381,39.2192872753405,39.8956203502034,40.7489185318401,0.115554409744117,32,"1_VX34_0.125",NA,NA,NA,NA,NA,"1",808.628894132328,35.5879394341264
"20250619-CbDRC4-p023-m2x_E10_roi_0.png",20250619,"CbDRC4","p023","m2x","E10",0,927.167903483765,44.9810224878973,"","48h",10,"15hHB101","DMSO",1,"MILBEMYCIN",0.25,NA,NA,"VX34",1,NA,NA,NA,831.297319462427,760.349416254992,783.357630916526,802.641647838519,832.249011214057,35.8042757899946,850.323399304908,872.522703164222,927.167903483765,0.0430703611713172,38.9041528669758,35.7852624660177,35.9634886501186,37.1166806797891,38.7362105169103,2.34849923273732,40.0291635609624,41.967585736947,44.9810224878973,0.0603662863645302,45,"1_VX34_0.25",NA,NA,NA,NA,NA,"1",808.628894132328,23.6201170817289
"20250619-CbDRC4-p023-m2x_E11_roi_0.png",20250619,"CbDRC4","p023","m2x","E11",0,614.705245867406,28.111351815454,"","48h",10,"15hHB101","DMSO",1,"MILBEMYCIN",0.5,NA,NA,"VX34",1,NA,NA,NA,575.082799104316,411.49237384306,501.244419645654,534.57704460047,572.857427378917,77.3427478915703,614.56850839637,669.22201945506,759.148505422642,0.134489760451939,26.1042045434988,19.5090107446876,22.6627131389631,23.8763039103869,25.565690705685,3.36705270030289,28.7418109096095,30.2947951756998,33.3372211113534,0.128985071914074,32,"1_VX34_0.5",NA,NA,NA,NA,NA,"1",808.628894132328,-235.771466753411
"20250619-CbDRC4-p023-m2x_E12_roi_0.png",20250619,"CbDRC4","p023","m2x","E12",0,322.75370608476,17.8286036305436,"","48h",10,"15hHB101","DMSO",1,"MILBEMYCIN",1,NA,NA,"VX34",1,NA,NA,NA,306.337751521608,162.309794221577,254.173883976455,293.944222312997,315.930975420554,53.5037537656255,321.702503223678,366.291817131806,403.224044599335,0.174656089560844,16.6300610176815,12.7271221242541,15.3943283098132,16.4312058250667,16.6369928470805,1.47833588574242,16.9215993244475,18.2546820980589,18.9072835869435,0.0888953975677309,17,"1_VX34_1",NA,NA,NA,NA,NA,"1",808.628894132328,-492.697918711773
"20250619-CbDRC4-p023-m2x_F01_roi_0.png",20250619,"CbDRC4","p023","m2x","F01",0,741.02865421456,37.7748610816606,"","48h",10,"15hHB101","DMSO",1,"MILBEMYCIN",0,NA,NA,"ECA2666",1,NA,NA,NA,797.243741318764,721.537217000979,751.311933012296,777.066942387771,795.045336856129,35.1156390523355,827.857844957799,843.894308914357,850.945242091684,0.0440463025702138,37.0099614230433,31.772533825004,34.4550566441269,35.7483158168296,37.3010586733905,2.12501515176101,38.1539594956784,39.7999018451166,41.9466302669194,0.0574173835922435,39,"1_ECA2666_0",NA,NA,NA,NA,NA,"1",778.447145543842,16.5981913122872
"20250619-CbDRC4-p023-m2x_F02_roi_0.png",20250619,"CbDRC4","p023","m2x","F02",0,748.732334230474,34.3910175830516,"","48h",10,"15hHB101","DMSO",1,"MILBEMYCIN",0.00097,NA,NA,"ECA2666",1,NA,NA,NA,762.120843041193,169.762735838131,717.687197628674,746.571442689042,780.734515695297,118.212248589039,825.740906831021,843.545796837201,855.05777499811,0.155109586187567,35.4649900243708,13.5336175593649,32.6249704539235,34.2791053302927,36.170636798741,4.73069725620453,38.1845098764396,39.7990229197049,41.1457040541392,0.133390627008599,32,"1_ECA2666_0.00097",NA,NA,NA,NA,NA,"1",778.447145543842,2.28737015145532
"20250619-CbDRC4-p023-m2x_F03_roi_0.png",20250619,"CbDRC4","p023","m2x","F03",0,813.526338672606,35.6639281129045,"","48h",10,"15hHB101","DMSO",1,"MILBEMYCIN",0.0019,NA,NA,"ECA2666",1,NA,NA,NA,765.216958122039,407.480029739483,707.716073735447,728.672644108079,786.135293740556,79.3937409984349,804.885134165098,840.997746953942,866.120480944222,0.103753242993045,36.009772060709,23.6647784018123,33.1770469059011,34.6829564713277,36.020836019563,3.19869997156394,37.4790404224037,39.3448208669662,41.3098896812297,0.0888286647905252,37,"1_ECA2666_0.0019",NA,NA,NA,NA,NA,"1",778.447145543842,7.68814819671354
"20250619-CbDRC4-p023-m2x_F04_roi_0.png",20250619,"CbDRC4","p023","m2x","F04",0,750.689947130553,35.9351060513367,"","48h",10,"15hHB101","DMSO",1,"MILBEMYCIN",0.0039,NA,NA,"ECA2666",1,NA,NA,NA,790.083192909322,707.901666332151,743.031859927486,763.859632127373,786.410121129911,38.8468370415455,822.970417891365,837.738767218452,863.276503753895,0.0491680336832629,36.2695591471109,31.8376835474223,32.682429231731,34.6324184022497,36.4996636442673,2.51801288980017,37.9748829294389,39.7378763702282,41.2472690470866,0.0694249654258824,40,"1_ECA2666_0.0039",NA,NA,NA,NA,NA,"1",778.447145543842,7.96297558606864
"20250619-CbDRC4-p023-m2x_F05_roi_0.png",20250619,"CbDRC4","p023","m2x","F05",0,807.749431692197,38.4451275791489,"","48h",10,"15hHB101","DMSO",1,"MILBEMYCIN",0.0078,NA,NA,"ECA2666",1,NA,NA,NA,793.875651196247,684.117981096525,742.389704859908,766.257843740023,806.734650441352,40.3702478473972,820.090785632292,839.023445429116,874.082450587351,0.0508521048435803,37.1893135453365,31.4224721601885,34.7450227826286,36.0011958423488,37.3719448463192,2.14681439175307,38.644135549309,39.8779422753217,41.2981834538706,0.0577266474449964,37,"1_ECA2666_0.0078",NA,NA,NA,"outlier","outlier","1",778.447145543842,28.2875048975096
"20250619-CbDRC4-p023-m2x_F06_roi_0.png",20250619,"CbDRC4","p023","m2x","F06",0,857.998134415106,37.109223629137,"","48h",10,"15hHB101","DMSO",1,"MILBEMYCIN",0.0156,NA,NA,"ECA2666",1,NA,NA,NA,794.022479710108,643.300767442835,727.931551915974,771.617196081657,799.700238646935,49.6207672170766,829.831613093931,849.2311283617,861.917105439816,0.06249289974157,35.9362013497958,28.7235217222878,32.9694218750911,34.7092755895352,36.1640709929616,2.47792565916108,37.4975818610568,38.8100627368873,39.5067044521249,0.068953466590457,45,"1_ECA2666_0.0156",NA,NA,NA,NA,NA,"1",778.447145543842,21.2530931030931
"20250619-CbDRC4-p023-m2x_F07_roi_0.png",20250619,"CbDRC4","p023","m2x","F07",0,829.795359810944,37.2001579171655,"","48h",10,"15hHB101","DMSO",1,"MILBEMYCIN",0.03125,NA,NA,"ECA2666",1,NA,NA,NA,744.606060334446,61.1049051801273,705.817668466514,735.906251110124,774.70269255577,164.931453587478,813.893596871359,841.869278639177,864.257734861237,0.221501626663363,35.8448360690292,31.5416731506429,32.0359914577779,33.8354372417563,36.0705564501752,2.57157690996511,37.8381451323132,38.4323169864529,40.3454060165425,0.0717419073981207,40,"1_ECA2666_0.03125",NA,NA,NA,NA,NA,"1",778.447145543842,-3.74445298807166
"20250619-CbDRC4-p023-m2x_F08_roi_0.png",20250619,"CbDRC4","p023","m2x","F08",0,830.418616513419,35.4016770382687,"","48h",10,"15hHB101","DMSO",1,"MILBEMYCIN",0.0625,NA,NA,"ECA2666",1,NA,NA,NA,785.048548468177,691.922525009814,728.865561087557,761.615731746962,790.242286295678,38.187948840964,816.885109262702,827.139103803141,830.418616513419,0.0486440601864409,36.0620578702562,31.8784295675416,33.9541677799456,34.926299046317,35.9281065120998,2.05807600146421,37.3150607162025,38.4567018266427,41.1109222995327,0.0570703981694204,29,"1_ECA2666_0.0625",NA,NA,NA,NA,NA,"1",778.447145543842,11.7951407518354
"20250619-CbDRC4-p023-m2x_F09_roi_0.png",20250619,"CbDRC4","p023","m2x","F09",0,795.979446267972,34.2947513677921,"","48h",10,"15hHB101","DMSO",1,"MILBEMYCIN",0.125,NA,NA,"ECA2666",1,NA,NA,NA,748.928241973316,335.026607301388,674.182603471092,728.866666346729,774.656231832458,90.6799093161891,797.826552550552,820.182694644189,840.358072720813,0.121079569755923,33.754448754104,17.4629572393284,27.4481018645512,31.9501129184399,34.7838981945832,4.84350822932019,36.5653382570986,38.4680628183914,40.1645061247869,0.1434924404959,35,"1_ECA2666_0.125",NA,NA,NA,NA,NA,"1",778.447145543842,-3.79091371138429
"20250619-CbDRC4-p023-m2x_F10_roi_0.png",20250619,"CbDRC4","p023","m2x","F10",0,576.818709664063,23.3823878136984,"","48h",10,"15hHB101","DMSO",1,"MILBEMYCIN",0.25,NA,NA,"ECA2666",1,NA,NA,NA,564.662509517867,398.959811023329,497.760805583295,515.426896827098,536.861076482206,88.7186852352964,606.576294113645,681.372349156928,798.81528665465,0.157118072724623,25.1824781875477,17.4173065427354,21.3919639540569,22.6563401108214,23.5128050101272,3.86234583677224,27.8569741217063,29.791305690381,35.4123542196023,0.153374334646782,31,"1_ECA2666_0.25",NA,NA,NA,NA,NA,"1",778.447145543842,-241.586069061636
"20250619-CbDRC4-p023-m2x_F11_roi_0.png",20250619,"CbDRC4","p023","m2x","F11",0,409.112713167877,18.6271315981975,"","48h",10,"15hHB101","DMSO",1,"MILBEMYCIN",0.5,NA,NA,"ECA2666",1,NA,NA,NA,366.156870208562,145.359197013676,303.383743454703,345.42600918805,372.95436452636,61.8962668450359,394.869644471157,412.435343267475,512.412242472761,0.169043030135635,17.992368661048,14.8435955284482,16.1383082628403,16.4773107787622,18.2212575065036,1.83715629053763,19.7363728467708,20.2927018732232,21.6973645470037,0.102107528205273,31,"1_ECA2666_0.5",NA,NA,NA,NA,NA,"1",778.447145543842,-405.492781017482
"20250619-CbDRC4-p023-m2x_F12_roi_0.png",20250619,"CbDRC4","p023","m2x","F12",0,302.379536165651,16.1058427148269,"","48h",10,"15hHB101","DMSO",1,"MILBEMYCIN",1,NA,NA,"ECA2666",1,NA,NA,NA,261.689487417356,181.128386756944,232.400863968532,240.561528752982,265.09691219728,30.2559163560988,282.974406062512,295.417954772415,303.410051317489,0.115617622452847,15.5487583932141,13.6000021595072,14.3249315958317,14.7558318748564,15.3047552726346,1.08106478648127,16.3935562244103,16.609260823376,17.3842937775295,0.0695274027123015,19,"1_ECA2666_1",NA,NA,NA,NA,NA,"1",778.447145543842,-513.350233346562
"20250619-CbDRC4-p024-m2x_A01_roi_0.png",20250619,"CbDRC4","p024","m2x","A01",0,734.076124619022,39.0044869066794,"","48h",10,"15hHB101","DMSO",1,"MILBEMYCIN",0,NA,NA,"PB420",1,NA,NA,NA,757.51140100241,517.077350433843,734.596294846284,745.052409375407,757.684075595827,43.4469624153835,783.520217300897,792.781645631334,841.525354118397,0.0573548627227133,38.4918417250619,25.0206253161252,36.6097350851554,37.8491726505205,38.5976793555062,2.61569697928885,39.9590150912347,40.9122715211623,42.358059743635,0.0679545810764825,45,"1_PB420_0",NA,NA,NA,NA,NA,"1",764.404649350685,-6.72057375485781
"20250619-CbDRC4-p024-m2x_A02_roi_0.png",20250619,"CbDRC4","p024","m2x","A02",0,762.558983571963,38.4323631531064,"","48h",10,"15hHB101","DMSO",1,"MILBEMYCIN",0.00097,NA,NA,"PB420",1,NA,NA,NA,760.47124680694,694.636980958585,737.877098756211,749.029953814574,762.08205878119,20.3931233007341,774.189698847162,777.444910511006,817.725431133586,0.0268164291370128,38.6193031303663,34.7478167861004,36.9345539141134,37.662746410908,38.4685380059872,1.59873720319657,39.7317151794739,40.619229140122,42.1171772576694,0.0413973602216423,50,"1_PB420_0.00097",NA,NA,NA,NA,NA,"1",764.404649350685,-2.32259056949556
"20250619-CbDRC4-p024-m2x_A03_roi_0.png",20250619,"CbDRC4","p024","m2x","A03",0,758.419307037008,38.728976592484,"","48h",10,"15hHB101","DMSO",1,"MILBEMYCIN",0.0019,NA,NA,"PB420",1,NA,NA,NA,764.591467571306,692.60806799728,728.553471102761,746.276879814698,759.279686266736,36.0114002362834,778.173897942611,792.44809125131,906.891280891417,0.047098877980776,38.4467602188446,33.6878576042915,35.9954592096802,37.1423075547784,38.477604386699,1.99653179705086,39.9815575647802,40.8933779389989,43.2868553016138,0.0519297799264828,54,"1_PB420_0.0019",NA,NA,NA,NA,NA,"1",764.404649350685,-5.12496308394884
"20250619-CbDRC4-p024-m2x_A04_roi_0.png",20250619,"CbDRC4","p024","m2x","A04",0,750.087579748172,38.7414026063232,"","48h",10,"15hHB101","DMSO",1,"MILBEMYCIN",0.0039,NA,NA,"PB420",1,NA,NA,NA,770.484180192035,695.724778773211,733.612074101559,753.277844736478,767.59637051517,31.8652180538907,787.252793009425,806.874434061467,882.672303601049,0.0413573943152845,38.4386278510868,33.9964838534742,35.8705013153643,37.2003862481731,38.5425924811514,1.81804909559364,39.2643449219862,41.1971532017479,41.8975660579005,0.0472974504354541,49,"1_PB420_0.0039",NA,NA,NA,NA,NA,"1",764.404649350685,3.19172116448499
"20250619-CbDRC4-p024-m2x_A05_roi_0.png",20250619,"CbDRC4","p024","m2x","A05",0,771.227292335405,36.6295645657898,"","48h",10,"15hHB101","DMSO",1,"MILBEMYCIN",0.0078,NA,NA,"PB420",1,NA,NA,NA,751.229573001203,293.521706596648,723.335142760328,741.885862015006,763.234074410666,63.9516040055249,772.552299877319,791.044574997871,816.616362620583,0.0851292418508429,37.9002850926075,33.2952671826797,35.9575601711438,36.6801424591885,37.8925787931735,1.88991210442323,39.177775058827,40.095943515917,41.3159932208534,0.0498653796351484,63,"1_PB420_0.0078",NA,NA,NA,NA,NA,"1",764.404649350685,-1.17057494001904
"20250619-CbDRC4-p024-m2x_A06_roi_0.png",20250619,"CbDRC4","p024","m2x","A06",0,756.306264294764,37.2474224747359,"","48h",10,"15hHB101","DMSO",1,"MILBEMYCIN",0.0156,NA,NA,"PB420",1,NA,NA,NA,759.289104050871,682.334136398242,719.194152182015,746.316543725305,760.640293816376,27.9902877524014,779.705904350435,789.414386261302,810.189589582534,0.0368638080055026,38.5939981508739,35.9162446712771,36.7425215219259,37.2502455014394,39.0383658875509,1.40630004203455,39.651456982458,40.3075509680233,41.1614093181941,0.0364383093074981,38,"1_PB420_0.0156",NA,NA,NA,NA,NA,"1",764.404649350685,-3.76435553430906
"20250619-CbDRC4-p024-m2x_A07_roi_0.png",20250619,"CbDRC4","p024","m2x","A07",0,810.117537679657,35.9097615607715,"","48h",10,"15hHB101","DMSO",1,"MILBEMYCIN",0.03125,NA,NA,"PB420",1,NA,NA,NA,764.584045818319,706.416420018252,740.06008719552,748.966080953434,763.433882047415,23.9258431231434,777.527254313307,790.538816417195,842.422232559231,0.0312926266955205,38.1514744838323,33.7807535030074,35.9939659814401,37.1287988302129,38.0266233238124,1.59559408748575,39.4775048767087,40.0056900212523,41.2096417526848,0.0418226060479504,53,"1_PB420_0.03125",NA,NA,NA,NA,NA,"1",764.404649350685,-0.970767303270236
"20250619-CbDRC4-p024-m2x_A08_roi_0.png",20250619,"CbDRC4","p024","m2x","A08",0,776.659907537594,39.3049579531097,"","48h",10,"15hHB101","DMSO",1,"MILBEMYCIN",0.0625,NA,NA,"PB420",1,NA,NA,NA,764.29042468237,497.854457783817,743.453379577575,751.717495047684,766.26207229223,45.9861914261916,779.291159258781,794.822324900693,836.640145964823,0.060168477768517,38.7911535954727,29.6642910654674,36.3655722885485,37.501296894594,39.134990878219,2.69316504397345,40.0276017638685,40.6938573861505,49.347831806362,0.0694272996379197,47,"1_PB420_0.0625",NA,NA,NA,NA,NA,"1",764.404649350685,1.85742294154443
"20250619-CbDRC4-p024-m2x_A09_roi_0.png",20250619,"CbDRC4","p024","m2x","A09",0,803.767585610817,36.3313036883532,"","48h",10,"15hHB101","DMSO",1,"MILBEMYCIN",0.125,NA,NA,"PB420",1,NA,NA,NA,765.505849313237,580.76595727719,735.592747557839,758.826678919448,774.936015219446,39.3831759197897,784.024211236964,798.131325513495,808.416876719194,0.05144725668017,37.650732844075,30.7885092500769,36.1058166813907,36.9757108490652,37.4977167761955,2.21480632220217,39.0627568648256,40.1057307889049,41.4973228881172,0.0588250521277889,38,"1_PB420_0.125",NA,NA,NA,NA,NA,"1",764.404649350685,10.5313658687605
"20250619-CbDRC4-p024-m2x_A10_roi_0.png",20250619,"CbDRC4","p024","m2x","A10",0,756.588821567313,36.2542964804664,"","48h",10,"15hHB101","DMSO",1,"MILBEMYCIN",0.25,NA,NA,"PB420",1,NA,NA,NA,739.024329989767,628.591468908954,691.501611367266,724.819282959531,741.963316583605,39.7305186411281,766.929400438641,782.219895917749,794.361088681527,0.0537607721814493,35.7905123663857,30.293408314012,32.3668261336639,33.8269743380211,35.3754323972285,2.72230233967911,37.7197452357568,39.0309208548793,42.1164499728711,0.0760621226041983,43,"1_PB420_0.25",NA,NA,NA,NA,NA,"1",764.404649350685,-22.44133276708
"20250619-CbDRC4-p024-m2x_A11_roi_0.png",20250619,"CbDRC4","p024","m2x","A11",0,558.882848156483,24.9719194543976,"","48h",10,"15hHB101","DMSO",1,"MILBEMYCIN",0.5,NA,NA,"PB420",1,NA,NA,NA,543.857308234368,312.165738953417,451.097876762822,487.556733566156,554.57480801237,73.6925113945305,590.411061302433,620.651388948788,699.815562781662,0.135499717074269,25.2375377362887,16.8253253961219,21.0406683074424,22.9942466055787,25.5885152694061,3.41349900084726,26.6877998802862,28.9368696648289,34.4262310533164,0.135254834941328,45,"1_PB420_0.5",NA,NA,NA,NA,NA,"1",764.404649350685,-209.829841338316
"20250619-CbDRC4-p024-m2x_A12_roi_0.png",20250619,"CbDRC4","p024","m2x","A12",0,337.292072371749,17.3261377075493,"","48h",10,"15hHB101","DMSO",1,"MILBEMYCIN",1,NA,NA,"PB420",1,NA,NA,NA,311.973707556825,249.280746088248,263.926991529756,280.611208675054,303.712769965584,40.9003833284703,343.632720633334,362.324761872842,398.421412684927,0.131102020259257,16.9765130691556,14.4605473226574,15.1796245076377,15.5974478960298,16.7794795506417,1.79016331579385,17.792782117895,19.1029732218996,21.7312902293092,0.105449411696115,24,"1_PB420_1",NA,NA,NA,NA,NA,"1",764.404649350685,-460.691879385101
"20250619-CbDRC4-p024-m2x_B01_roi_0.png",20250619,"CbDRC4","p024","m2x","B01",0,885.442552806012,39.1949007734716,"","48h",10,"15hHB101","DMSO",1,"MILBEMYCIN",0,NA,NA,"ED3102",1,NA,NA,NA,833.579024962196,615.015249734152,757.155978759389,795.774390480289,840.956300311703,69.1526391946659,881.410057990981,917.859609566818,955.306950365238,0.0829587083213881,40.521319881311,34.7109139255036,37.4136761187831,39.2181410878487,40.0858224157764,2.76102769688692,41.5960169456831,43.7211098642508,49.0357273590978,0.0681376545723117,54,"1_ED3102_0",NA,NA,NA,NA,NA,"1",858.463870400194,-17.5075700884908
"20250619-CbDRC4-p024-m2x_B02_roi_0.png",20250619,"CbDRC4","p024","m2x","B02",0,829.512133847608,40.1609760599231,"","48h",10,"15hHB101","DMSO",1,"MILBEMYCIN",0.00097,NA,NA,"ED3102",1,NA,NA,NA,828.733317436622,505.83890192707,752.036030765091,808.789528579762,857.204663664596,88.6792389419107,878.627734845922,904.918935399969,924.155378744965,0.107005760569886,39.961066012219,26.5219429642966,37.53405174143,38.5053613223839,40.1390408126246,3.15573179566959,41.9206129887318,43.1938053069174,46.0525087342285,0.0789701604733131,49,"1_ED3102_0.00097",NA,NA,NA,NA,NA,"1",858.463870400194,-1.25920673559801
"20250619-CbDRC4-p024-m2x_B03_roi_0.png",20250619,"CbDRC4","p024","m2x","B03",0,824.256394386361,39.5702222600797,"","48h",10,"15hHB101","DMSO",1,"MILBEMYCIN",0.0019,NA,NA,"ED3102",1,NA,NA,NA,849.99875743538,613.052583440199,789.27840835984,821.028860295361,852.258903886364,57.0794861722813,886.800486215591,901.056104623917,986.646961913365,0.0671524348394365,40.3166485787826,29.9636942021056,38.5786415552603,39.4081076353478,40.2777195171961,2.16768008627876,41.1250665345299,42.9570258984354,45.650926000937,0.0537663759933543,56,"1_ED3102_0.0019",NA,NA,NA,NA,NA,"1",858.463870400194,-6.20496651383019
"20250619-CbDRC4-p024-m2x_B04_roi_0.png",20250619,"CbDRC4","p024","m2x","B04",0,856.714352960047,38.0418881725477,"","48h",10,"15hHB101","DMSO",1,"MILBEMYCIN",0.0039,NA,NA,"ED3102",1,NA,NA,NA,852.531922996765,713.063007891728,766.810298850218,813.546150598219,867.982654125728,61.2999510963846,892.22257986717,907.633628841097,1069.69774067245,0.0719034084740275,40.4714701431558,34.6316675113688,38.1781492540514,39.3400057382966,40.3730947632164,2.11204302944635,41.702609839833,42.8745151332543,45.5060378554383,0.0521859725375832,57,"1_ED3102_0.0039",NA,NA,NA,NA,NA,"1",858.463870400194,9.51878372553404
"20250619-CbDRC4-p024-m2x_B05_roi_0.png",20250619,"CbDRC4","p024","m2x","B05",0,913.923910538547,41.3990258198571,"","48h",10,"15hHB101","DMSO",1,"MILBEMYCIN",0.0078,NA,NA,"ED3102",1,NA,NA,NA,860.499891316912,759.617457761247,791.128358575567,813.086568309942,854.121742174956,80.7719025200416,889.842982296242,922.306225183622,1305.84422489373,0.093866255341913,40.3392946911538,36.2001822693365,37.4317852992852,38.8690600906518,40.0869416735642,2.36780338708996,41.4562785515705,43.2806679278291,48.265340107717,0.0586971935235448,51,"1_ED3102_0.0078",NA,NA,NA,NA,NA,"1",858.463870400194,-4.34212822523762
"20250619-CbDRC4-p024-m2x_B06_roi_0.png",20250619,"CbDRC4","p024","m2x","B06",0,875.890654172798,41.6556408967068,"","48h",10,"15hHB101","DMSO",1,"MILBEMYCIN",0.0156,NA,NA,"ED3102",1,NA,NA,NA,848.56756870263,529.408469355677,773.234539279013,817.222169318878,852.088419725255,83.8293095167282,901.734000592569,935.668955747357,979.474629522756,0.0987891979478952,40.525221223376,30.3036868181862,37.3204344613087,39.2293987315439,40.9523286720723,3.05274915965369,41.9888014868688,43.1027000379117,49.8397460773945,0.0753296112272124,53,"1_ED3102_0.0156",NA,NA,NA,NA,NA,"1",858.463870400194,-6.37545067493841
"20250619-CbDRC4-p024-m2x_B07_roi_0.png",20250619,"CbDRC4","p024","m2x","B07",0,935.815370296801,43.4568930044788,"","48h",10,"15hHB101","DMSO",1,"MILBEMYCIN",0.03125,NA,NA,"ED3102",1,NA,NA,NA,854.729855739865,689.097474914664,791.783792532596,805.582076114262,867.095138744926,58.9593408517942,900.129372557012,923.336599509013,971.741724001273,0.0689800882183509,41.0401409408346,33.7300567138684,38.4875844480108,40.1532216526339,41.2702407347726,2.01372883091552,42.2726262964163,43.3428542951681,45.2961700741582,0.0490672981318122,57,"1_ED3102_0.03125",NA,NA,NA,NA,NA,"1",858.463870400194,8.63126834473201
"20250619-CbDRC4-p024-m2x_B08_roi_0.png",20250619,"CbDRC4","p024","m2x","B08",0,897.491928300906,42.5645288021127,"","48h",10,"15hHB101","DMSO",1,"MILBEMYCIN",0.0625,NA,NA,"ED3102",1,NA,NA,NA,867.034684807728,477.009487329088,793.267689537198,843.536288999456,868.20389413856,93.6825417369988,901.170029110225,920.063098726682,1136.80470771838,0.108049358784042,41.0763628875027,36.2202710384657,37.882862045563,39.1521028426786,40.780798148896,2.5598575292992,42.8033493682754,44.5484249224225,46.6175538504207,0.0623194788766954,42,"1_ED3102_0.0625",NA,NA,NA,NA,NA,"1",858.463870400194,9.74002373836652
"20250619-CbDRC4-p024-m2x_B09_roi_0.png",20250619,"CbDRC4","p024","m2x","B09",0,778.041626321801,38.5678660411933,"","48h",10,"15hHB101","DMSO",1,"MILBEMYCIN",0.125,NA,NA,"ED3102",1,NA,NA,NA,867.426999309911,734.11984391786,797.250009826321,848.539948553854,877.805854383739,49.9109232579523,895.699606594161,922.792980780307,994.122365532817,0.0575390474329936,40.4776632248846,35.770163145321,37.9230952572874,38.9024180560334,40.3118384613589,2.25359699945231,41.9039529859879,43.3403724788714,46.0343719500774,0.0556750765707952,53,"1_ED3102_0.125",NA,NA,NA,NA,NA,"1",858.463870400194,19.3419839835451
"20250619-CbDRC4-p024-m2x_B10_roi_0.png",20250619,"CbDRC4","p024","m2x","B10",0,784.718976029967,36.0050726487384,"","48h",10,"15hHB101","DMSO",1,"MILBEMYCIN",0.25,NA,NA,"ED3102",1,NA,NA,NA,742.964095926349,494.734460571926,673.680523146313,707.541308922181,746.323624373713,64.842344486018,787.815763528733,809.742955140274,857.847339600394,0.0872752059507945,34.8554847243618,27.1561635307639,30.9315433507257,33.4475966429943,35.4443367138793,3.00078399133171,36.6657111063177,38.1273363773542,40.1214911808249,0.0860921606760601,69,"1_ED3102_0.25",NA,NA,NA,NA,NA,"1",858.463870400194,-112.140246026481
"20250619-CbDRC4-p024-m2x_B11_roi_0.png",20250619,"CbDRC4","p024","m2x","B11",0,502.063828737735,23.6181996658167,"","48h",10,"15hHB101","DMSO",1,"MILBEMYCIN",0.5,NA,NA,"ED3102",1,NA,NA,NA,478.662822415085,300.226801970375,362.860134511001,431.37952143157,463.415454185049,91.8972384991231,538.83543997862,581.371540248089,722.949287091255,0.191987416184648,22.0744478441599,16.4161791255166,17.8120861473033,19.8201333407214,22.0306716393987,3.5678927980743,23.9930531120833,25.9832828592974,33.4101374435324,0.161629990623672,45,"1_ED3102_0.5",NA,NA,NA,NA,NA,"1",858.463870400194,-395.048416215145
"20250619-CbDRC4-p024-m2x_B12_roi_0.png",20250619,"CbDRC4","p024","m2x","B12",0,254.827623306454,16.395398633067,"","48h",10,"15hHB101","DMSO",1,"MILBEMYCIN",1,NA,NA,"ED3102",1,NA,NA,NA,283.629173135161,228.294867507149,249.112015111066,260.755562884521,287.955036926968,30.4650151756275,295.667414352826,319.601704659281,366.179931639024,0.107411430350677,16.3088173140717,14.3004448748555,15.0280897906686,15.9263519606334,16.3584478712282,1.04063710487791,16.6129545176677,17.2320029661214,19.3433500372071,0.0638082507662908,26,"1_ED3102_1",NA,NA,NA,NA,NA,"1",858.463870400194,-570.508833473226
"20250619-CbDRC4-p024-m2x_C01_roi_0.png",20250619,"CbDRC4","p024","m2x","C01",0,797.606746373123,39.6579390321861,"","48h",10,"15hHB101","DMSO",1,"MILBEMYCIN",0,NA,NA,"JU3237",1,NA,NA,NA,761.9130898487,711.579098272551,728.042939967285,740.831072567197,766.653561857637,25.0290063647405,784.530560201919,790.500530618596,809.270978567524,0.0328502117868992,39.220980813825,34.6140570337737,35.2862829539189,38.3904181753748,39.1786293635778,2.52394512225482,40.3882909492186,42.9155576856147,44.064611898015,0.0643519124173754,39,"1_JU3237_0",NA,NA,NA,NA,NA,"1",765.709066236116,0.944495621520446
"20250619-CbDRC4-p024-m2x_C02_roi_0.png",20250619,"CbDRC4","p024","m2x","C02",0,801.57206291524,36.4288814271645,"","48h",10,"15hHB101","DMSO",1,"MILBEMYCIN",0.00097,NA,NA,"JU3237",1,NA,NA,NA,746.827362953445,548.079250175658,701.499382742795,728.939633043462,751.380149259539,45.8803898973917,775.075307879151,799.527672077326,811.260109999233,0.0614337290963076,38.3853819682195,26.6387872071055,34.6829696249753,36.4849062557238,38.9408846676997,3.0726363469799,40.7568044190804,41.2438875816331,43.1455333754634,0.0800470436772998,47,"1_JU3237_0.00097",NA,NA,NA,NA,NA,"1",765.709066236116,-14.3289169765769
"20250619-CbDRC4-p024-m2x_C03_roi_0.png",20250619,"CbDRC4","p024","m2x","C03",0,801.550041692813,40.4349091277696,"","48h",10,"15hHB101","DMSO",1,"MILBEMYCIN",0.0019,NA,NA,"JU3237",1,NA,NA,NA,742.418935067808,209.689714166432,710.439702699873,719.199959468012,761.492314592384,97.7708914749543,788.155030553062,797.725301984229,831.011269500888,0.131692346270808,38.7252716187484,16.7958427904176,36.2929129738988,37.8088059510291,39.4793709540831,4.61752224324794,40.8180991231065,42.4685692848064,44.1929386699489,0.119237956255223,37,"1_JU3237_0.0019",NA,NA,NA,NA,NA,"1",765.709066236116,-4.21675164373278
"20250619-CbDRC4-p024-m2x_C04_roi_0.png",20250619,"CbDRC4","p024","m2x","C04",0,777.231747753144,39.0936522892317,"","48h",10,"15hHB101","DMSO",1,"MILBEMYCIN",0.0039,NA,NA,"JU3237",1,NA,NA,NA,742.577336688219,136.762049191148,706.976413334235,738.990066554719,759.775734011415,111.808269038599,782.413561655311,794.474624057218,883.841973886994,0.150567844606256,37.7412566273746,13.1868012541188,34.5507413241411,37.2091263340865,38.6700319325329,5.04014980992582,40.2965301651208,41.3113479262975,42.1343927510865,0.133544832904956,36,"1_JU3237_0.0039",NA,NA,NA,NA,NA,"1",765.709066236116,-5.93333222470119
"20250619-CbDRC4-p024-m2x_C05_roi_0.png",20250619,"CbDRC4","p024","m2x","C05",0,742.762246352293,37.7710528037288,"","48h",10,"15hHB101","DMSO",1,"MILBEMYCIN",0.0078,NA,NA,"JU3237",1,NA,NA,NA,762.389663587177,674.591733334021,720.305900359824,730.579933347557,765.704317202596,35.3079464020884,789.986683453485,803.405134313827,815.599138402332,0.0463122050159473,39.1880894125186,32.5150299728638,35.8774584026452,37.775774860109,39.4772895325157,2.63001525955785,40.7011104820303,42.5558762947331,43.5312760157208,0.0671126176086985,42,"1_JU3237_0.0078",NA,NA,NA,NA,NA,"1",765.709066236116,-0.00474903351994271
"20250619-CbDRC4-p024-m2x_C06_roi_0.png",20250619,"CbDRC4","p024","m2x","C06",0,753.3229678505,38.2002644792862,"","48h",10,"15hHB101","DMSO",1,"MILBEMYCIN",0.0156,NA,NA,"JU3237",1,NA,NA,NA,772.7753228216,688.653985673686,733.926839282862,752.564935788551,778.349153540011,31.745510861137,793.301540009542,807.842696705715,830.179211211907,0.0410798713722199,39.6263329276496,33.5145761352188,35.98805264562,38.3318124759217,39.5424298245201,2.40715328648866,41.3676793348525,42.6205983149721,43.4258955889731,0.0607463045062403,40,"1_JU3237_0.0156",NA,NA,NA,NA,NA,"1",765.709066236116,12.6400873038947
"20250619-CbDRC4-p024-m2x_C07_roi_0.png",20250619,"CbDRC4","p024","m2x","C07",0,741.591892137327,37.5230074579724,"","48h",10,"15hHB101","DMSO",1,"MILBEMYCIN",0.03125,NA,NA,"JU3237",1,NA,NA,NA,761.180445809358,665.719274451731,723.418001834784,733.923883140093,763.677515805083,34.277523923438,788.558593920138,805.354378238432,828.971813800041,0.0450320605477338,39.1831191476289,31.5177684676892,37.070990348696,38.3807579231567,39.1741683595446,1.89754345263658,40.5540814848009,41.3364607577128,42.4054210217611,0.0484275752904529,57,"1_JU3237_0.03125",NA,NA,NA,NA,NA,"1",765.709066236116,-2.03155043103345
"20250619-CbDRC4-p024-m2x_C08_roi_0.png",20250619,"CbDRC4","p024","m2x","C08",0,792.881866992537,39.6889422084479,"","48h",10,"15hHB101","DMSO",1,"MILBEMYCIN",0.0625,NA,NA,"JU3237",1,NA,NA,NA,765.796862315434,667.183452787011,715.188096958733,732.274538061783,767.402178056501,45.9663388181583,789.278297485719,810.612138784048,912.482081081131,0.0600241932033728,38.8358838960548,30.4387539900238,36.2865042082528,37.7427857727807,39.3520541221635,2.40542266620322,40.375998808789,41.2249031362322,42.9721395625307,0.061938146499804,36,"1_JU3237_0.0625",NA,NA,NA,NA,NA,"1",765.709066236116,1.69311182038427
"20250619-CbDRC4-p024-m2x_C09_roi_0.png",20250619,"CbDRC4","p024","m2x","C09",0,741.856904670099,38.6130583852911,"","48h",10,"15hHB101","DMSO",1,"MILBEMYCIN",0.125,NA,NA,"JU3237",1,NA,NA,NA,741.145932422238,592.583486890692,704.036120357861,720.118658186125,745.348426508422,39.5847143350536,771.870237768648,787.592138810975,795.808045250554,0.0534101485326668,37.2546591323825,28.1746561441782,34.2527279919392,35.9882191703538,37.6904290793491,2.65349313954986,38.7773862885048,39.9546028290233,41.8575804730044,0.0712258064184887,33,"1_JU3237_0.125",NA,NA,NA,NA,NA,"1",765.709066236116,-20.3606397276941
"20250619-CbDRC4-p024-m2x_C10_roi_0.png",20250619,"CbDRC4","p024","m2x","C10",0,739.985311106351,34.9428349901142,"","48h",10,"15hHB101","DMSO",1,"MILBEMYCIN",0.25,NA,NA,"JU3237",1,NA,NA,NA,568.50329784953,425.160760826791,457.295922751659,505.108320812561,566.876863568498,84.9956695048943,622.679174337429,682.055200957006,739.985311106351,0.149507786192985,25.6540127097299,18.4256405882021,21.0787791637273,22.2517255338618,24.6066359117008,4.4730049304259,28.0259044947163,31.262909164247,37.442644960319,0.174358880267078,48,"1_JU3237_0.25",NA,NA,NA,NA,NA,"1",765.709066236116,-198.832202667618
"20250619-CbDRC4-p024-m2x_C11_roi_0.png",20250619,"CbDRC4","p024","m2x","C11",0,469.727249153044,20.7314223343814,"","48h",10,"15hHB101","DMSO",1,"MILBEMYCIN",0.5,NA,NA,"JU3237",1,NA,NA,NA,391.649545417782,290.338149095997,318.61348626865,341.273736941311,398.543559182427,54.7034920130215,432.101462561623,456.051834355111,493.736949506,0.139674595957128,18.833194963115,15.9546465086482,16.3544942893804,17.0882431912222,19.1058432522415,1.83151722437793,20.1683038066483,21.0952479617797,22.1489179166785,0.0972494166796967,33,"1_JU3237_0.5",NA,NA,NA,NA,NA,"1",765.709066236116,-367.165507053689
"20250619-CbDRC4-p024-m2x_C12_roi_0.png",20250619,"CbDRC4","p024","m2x","C12",0,330.233563386088,17.2957748133887,"","48h",10,"15hHB101","DMSO",1,"MILBEMYCIN",1,NA,NA,"JU3237",1,NA,NA,NA,292.485385296325,89.0240288233424,226.573090149097,269.536767327869,304.442070621622,69.2401678900258,330.233563386088,339.600853692695,408.140471221979,0.236730350885316,16.7931020165166,11.0188389571854,15.4194463447606,15.9155647671825,16.8268256056637,2.18601020770547,17.3395013484801,18.835366366357,21.4512394753016,0.130173103549032,17,"1_JU3237_1",NA,NA,NA,"outlier","outlier","1",765.709066236116,-461.266995614494
"20250619-CbDRC4-p024-m2x_D01_roi_0.png",20250619,"CbDRC4","p024","m2x","D01",0,830.315999596925,38.4059047985157,"","48h",10,"15hHB101","DMSO",1,"MILBEMYCIN",0,NA,NA,"NIC1667",1,NA,NA,NA,779.129577678401,616.835009421499,729.274360326672,758.471342153268,790.436236429977,44.5953392637988,802.075152734065,818.797315456536,843.393158990981,0.0572373845653262,38.0471154095542,28.5543194600316,35.1741308922621,36.8578002613211,38.0994130422946,2.94814616566643,40.1938001872375,40.8225688213273,43.7866109121101,0.077486719661436,30,"1_NIC1667_0",NA,NA,NA,NA,NA,"1",776.621116305835,13.815120124142
"20250619-CbDRC4-p024-m2x_D02_roi_0.png",20250619,"CbDRC4","p024","m2x","D02",0,835.333526398412,38.6547734685874,"","48h",10,"15hHB101","DMSO",1,"MILBEMYCIN",0.00097,NA,NA,"NIC1667",1,NA,NA,NA,757.502338055698,269.790869832866,714.504470306562,745.874787923477,774.768677719291,92.0066073039026,786.829202331078,820.293734093058,863.199977851973,0.12146049283499,37.0622100710459,20.5399343303369,33.587870191436,35.7035671564953,37.7521501642749,4.08320854524705,39.8065327872642,40.6557496070561,42.6908725325237,0.11017175007696,39,"1_NIC1667_0.00097",NA,NA,NA,NA,NA,"1",776.621116305835,-1.85243858654474
"20250619-CbDRC4-p024-m2x_D03_roi_0.png",20250619,"CbDRC4","p024","m2x","D03",0,830.454932023828,39.3498448152571,"","48h",10,"15hHB101","DMSO",1,"MILBEMYCIN",0.0019,NA,NA,"NIC1667",1,NA,NA,NA,789.364976104139,578.918897456159,755.342661337322,769.614258032005,796.396426352556,49.6407981706229,821.525045692043,830.454932023828,857.308594202782,0.0628870036971008,37.4247641901923,29.6630726379702,33.9608751488856,36.4245803538496,37.7222565687017,2.81093358743761,39.1703864089291,40.3094747797353,42.3365115558404,0.075108919141146,31,"1_NIC1667_0.0019",NA,NA,NA,NA,NA,"1",776.621116305835,19.7753100467208
"20250619-CbDRC4-p024-m2x_D04_roi_0.png",20250619,"CbDRC4","p024","m2x","D04",0,821.201998241066,38.0801460193574,"","48h",10,"15hHB101","DMSO",1,"MILBEMYCIN",0.0039,NA,NA,"NIC1667",1,NA,NA,NA,768.439420381931,672.590151387631,722.887862112321,740.682250582626,769.655631352279,38.0887482620203,792.110060760003,818.670501516419,829.150841677864,0.0495663643115671,37.5686919744348,30.0186331764528,33.6787479993936,36.8294937059783,37.9228822632393,2.65185968627796,39.3521728847914,40.6546451888085,41.5439153722111,0.0705869581001789,38,"1_NIC1667_0.0039",NA,NA,NA,NA,NA,"1",776.621116305835,-6.96548495355637
"20250619-CbDRC4-p024-m2x_D05_roi_0.png",20250619,"CbDRC4","p024","m2x","D05",0,840.006386884061,38.9256903946225,"","48h",10,"15hHB101","DMSO",1,"MILBEMYCIN",0.0078,NA,NA,"NIC1667",1,NA,NA,NA,786.387557552147,705.888403576773,743.662545161146,771.033558470721,788.43383278589,30.1196434375284,807.185065479066,820.731747771589,841.975727108031,0.038301271616357,38.0523683258804,30.2797095714107,33.2575127401555,37.0942077444432,38.5661327086142,2.77979231641367,40.1034900303422,41.0323399498572,42.1997003789771,0.0730517557437564,49,"1_NIC1667_0.0078",NA,NA,NA,NA,NA,"1",776.621116305835,11.8127164800542
"20250619-CbDRC4-p024-m2x_D06_roi_0.png",20250619,"CbDRC4","p024","m2x","D06",0,771.611127413734,36.5055051229036,"","48h",10,"15hHB101","DMSO",1,"MILBEMYCIN",0.0156,NA,NA,"NIC1667",1,NA,NA,NA,752.923839820575,525.245498321291,666.532117203966,741.908510056692,773.489290294587,75.8661364501121,798.975229885539,823.484546494041,826.637202167509,0.100762032542616,36.5537730823057,20.9071627833002,33.3944533335482,35.459439644103,37.6252698355561,4.29395355055461,39.4234994982811,40.5103266885405,40.6736768426153,0.117469502830425,25,"1_NIC1667_0.0156",NA,NA,NA,NA,NA,"1",776.621116305835,-3.13182601124811
"20250619-CbDRC4-p024-m2x_D07_roi_0.png",20250619,"CbDRC4","p024","m2x","D07",0,802.316211218005,40.0086797251586,"","48h",10,"15hHB101","DMSO",1,"MILBEMYCIN",0.03125,NA,NA,"NIC1667",1,NA,NA,NA,767.616999311237,620.061660124848,736.672966469718,744.024375538464,773.416682876762,42.001353943397,795.336134979862,816.225798626846,825.461706010312,0.0547165500257078,38.4528531875551,31.8276218035061,35.1899333177065,37.4673516936943,39.4144482402044,2.51252109013016,40.2645342819419,40.5957943888982,42.2385998816404,0.0653403033027291,30,"1_NIC1667_0.03125",NA,NA,NA,NA,NA,"1",776.621116305835,-3.20443342907311
"20250619-CbDRC4-p024-m2x_D08_roi_0.png",20250619,"CbDRC4","p024","m2x","D08",0,746.698335228248,37.7177589370674,"","48h",10,"15hHB101","DMSO",1,"MILBEMYCIN",0.0625,NA,NA,"NIC1667",1,NA,NA,NA,779.409909752012,660.494828475621,712.652761255132,753.54769470078,778.084092489394,47.7122452720308,810.985662326913,838.290723426133,863.911021337607,0.0612158566051741,38.277917195693,30.9817815167571,35.0949197822913,37.1474911757092,38.7791785476917,3.03675101166794,39.6881505988902,40.9112840675529,44.8472995399001,0.0793342802886263,39,"1_NIC1667_0.0625",NA,NA,NA,NA,NA,"1",776.621116305835,1.46297618355914
"20250619-CbDRC4-p024-m2x_D09_roi_0.png",20250619,"CbDRC4","p024","m2x","D09",0,731.97416802414,33.8152996042296,"","48h",10,"15hHB101","DMSO",1,"MILBEMYCIN",0.125,NA,NA,"NIC1667",1,NA,NA,NA,764.320700913448,673.986602571144,724.595501217988,739.794113595597,775.775008959667,36.5525056877168,793.364212465966,803.468831207865,830.712111248396,0.0478235191641839,37.2846518990357,31.5422626233211,34.4813221550385,36.0179121168679,38.0096802832298,2.19652406981181,38.9304090208405,39.8615988545464,40.3956685427092,0.0589122858317104,38,"1_NIC1667_0.125",NA,NA,NA,NA,NA,"1",776.621116305835,-0.846107346168765
"20250619-CbDRC4-p024-m2x_D10_roi_0.png",20250619,"CbDRC4","p024","m2x","D10",0,790.96535857419,38.9909691815584,"","48h",10,"15hHB101","DMSO",1,"MILBEMYCIN",0.25,NA,NA,"NIC1667",1,NA,NA,NA,772.135248835565,707.968195931584,733.730730074005,750.808022086134,777.554848868595,28.767776436736,793.934436579967,805.700422565819,814.531239820166,0.0372574318814222,37.2628916774583,32.724183810246,35.2585602186777,36.8463842425937,37.178345114887,1.59469422888857,38.2179040198562,39.0415854671276,39.744856423917,0.0427957723381211,30,"1_NIC1667_0.25",NA,NA,NA,NA,NA,"1",776.621116305835,0.933732562759928
"20250619-CbDRC4-p024-m2x_D11_roi_0.png",20250619,"CbDRC4","p024","m2x","D11",0,679.95088565679,31.2785736064794,"","48h",10,"15hHB101","DMSO",1,"MILBEMYCIN",0.5,NA,NA,"NIC1667",1,NA,NA,NA,602.912919293767,440.141949935405,485.583167950264,561.206795102081,601.332554155104,80.6904952036872,666.03854176887,684.97650493836,730.69661413043,0.133834410611412,27.0687526717435,16.5601613098247,22.9808315081474,24.7489890716259,26.3312523434869,4.38718635092526,29.3770940009238,33.1438390319811,37.1112512466947,0.162075674639599,23,"1_NIC1667_0.5",NA,NA,NA,NA,NA,"1",776.621116305835,-175.288562150731
"20250619-CbDRC4-p024-m2x_D12_roi_0.png",20250619,"CbDRC4","p024","m2x","D12",0,373.81702980435,17.4855250393598,"","48h",10,"15hHB101","DMSO",1,"MILBEMYCIN",1,NA,NA,"NIC1667",1,NA,NA,NA,347.792233608276,299.070547238298,314.90341879677,327.648796495036,347.083570281087,25.853161897272,369.950161996123,376.38577537771,381.263503788741,0.0743350753668379,17.4731371067698,16.3928582092968,16.7106924286484,17.1702572283587,17.5941580441054,0.56198630012444,17.8522305846871,18.0436324049679,18.4284489595406,0.0321628735979359,17,"1_NIC1667_1",NA,NA,NA,NA,NA,"1",776.621116305835,-429.537546024749
"20250619-CbDRC4-p024-m2x_E01_roi_0.png",20250619,"CbDRC4","p024","m2x","E01",0,832.612643474104,37.9981352161834,"","48h",10,"15hHB101","DMSO",1,"MILBEMYCIN",0,NA,NA,"VX34",1,NA,NA,NA,839.52115565594,761.002732570761,796.698594172867,823.464058169955,843.127574928606,32.2271359558308,866.51007881646,879.407855903717,888.560590767427,0.0383875209560989,38.5104750956258,35.8569115709908,36.1329914376292,37.6518735856664,38.5498583943158,1.4345549815553,39.593085269484,40.0687999556839,41.0171074425562,0.0372510330758876,33,"1_VX34_0",NA,NA,NA,NA,NA,"1",808.628894132328,34.4986807962779
"20250619-CbDRC4-p024-m2x_E02_roi_0.png",20250619,"CbDRC4","p024","m2x","E02",0,826.50655776442,38.556270316072,"","48h",10,"15hHB101","DMSO",1,"MILBEMYCIN",0.00097,NA,NA,"VX34",1,NA,NA,NA,845.765047851329,634.927414516702,779.081542014711,821.405326607582,843.337707169653,65.4652491094464,870.79498609907,918.958293428238,988.266043944023,0.0774035877644285,38.8273437369384,34.7312535882106,36.7768308391161,37.6671020339354,38.7977024948392,1.79770638648812,39.7522564436038,41.2912375742165,42.6056033311691,0.0463000095671721,34,"1_VX34_0.00097",NA,NA,NA,NA,NA,"1",808.628894132328,34.7088130373249
"20250619-CbDRC4-p024-m2x_E03_roi_0.png",20250619,"CbDRC4","p024","m2x","E03",0,971.434727514098,38.1993161177228,"","48h",10,"15hHB101","DMSO",1,"MILBEMYCIN",0.0019,NA,NA,"VX34",1,NA,NA,NA,856.504611874984,784.082121606176,806.527434446415,822.603726724102,848.004168336359,58.6223095952832,870.46515106545,919.396927482365,1113.1382229392,0.0684436590095557,38.5059883648941,27.6709712416275,36.8653326161912,37.4294452223679,38.6456811015835,2.35122290441316,39.7344873569636,40.9367452923831,42.2349692684184,0.0610612272078898,39,"1_VX34_0.0019",NA,NA,NA,NA,NA,"1",808.628894132328,39.3752742040311
"20250619-CbDRC4-p024-m2x_E04_roi_0.png",20250619,"CbDRC4","p024","m2x","E04",0,844.887285726097,37.6028237065937,"","48h",10,"15hHB101","DMSO",1,"MILBEMYCIN",0.0039,NA,NA,"VX34",1,NA,NA,NA,848.461305913167,759.385764538932,814.01187975936,822.983128171788,844.887285726097,34.8814022662155,866.783224212387,891.381712308485,916.405717193699,0.0411113648001591,39.2096675677181,36.0316254782073,37.3520896380482,37.79511409096,39.0090709525673,1.85164478922931,40.5139173445062,41.775046530416,43.2282222599941,0.0472241899534438,27,"1_VX34_0.0039",NA,NA,NA,NA,NA,"1",808.628894132328,36.2583915937689
"20250619-CbDRC4-p024-m2x_E05_roi_0.png",20250619,"CbDRC4","p024","m2x","E05",0,813.022017701911,39.0971792159623,"","48h",10,"15hHB101","DMSO",1,"MILBEMYCIN",0.0078,NA,NA,"VX34",1,NA,NA,NA,829.070464092321,664.307621327706,770.88127051149,812.528936232547,827.242271146677,50.5516571155475,859.289889195781,885.25763909289,925.085048044103,0.0609738970388871,38.6135025158954,31.7467118807912,36.6719494909316,37.215847365914,38.66132470869,2.32330595865479,39.9024995981837,40.5691973455805,43.953749524104,0.0601682263270053,38,"1_VX34_0.0078",NA,NA,NA,NA,NA,"1",808.628894132328,18.6133770143488
"20250619-CbDRC4-p024-m2x_E06_roi_0.png",20250619,"CbDRC4","p024","m2x","E06",0,829.884643137433,39.6386727560936,"","48h",10,"15hHB101","DMSO",1,"MILBEMYCIN",0.0156,NA,NA,"VX34",1,NA,NA,NA,836.090921959405,198.91835203239,789.764257985129,813.018323720084,842.081921196576,101.82686977936,872.955275771214,920.763397964075,967.540001277071,0.121789230219993,38.5338944144892,16.2445404133262,37.426435875363,38.25099799372,38.9709007748164,3.46942943178294,39.7572517990046,40.358518878863,42.332528450145,0.090035784975795,51,"1_VX34_0.0156",NA,NA,NA,NA,NA,"1",808.628894132328,33.4530270642477
"20250619-CbDRC4-p024-m2x_E07_roi_0.png",20250619,"CbDRC4","p024","m2x","E07",0,913.153632437375,35.9206673776486,"","48h",10,"15hHB101","DMSO",1,"MILBEMYCIN",0.03125,NA,NA,"VX34",1,NA,NA,NA,822.82907028472,215.505834484656,771.467216137161,807.269233625991,840.429829766884,127.299935396464,865.806814799746,917.530029009236,973.185470369736,0.154710060684189,38.8164805421764,14.9631570020503,36.910711607567,38.3131409782542,39.1979980810079,4.99909834016918,40.7859724361784,42.0087372283317,46.1762743126387,0.128788037203357,59,"1_VX34_0.03125",NA,NA,NA,NA,NA,"1",808.628894132328,31.8009356345564
"20250619-CbDRC4-p024-m2x_E08_roi_0.png",20250619,"CbDRC4","p024","m2x","E08",0,808.404023510904,40.5706966902138,"","48h",10,"15hHB101","DMSO",1,"MILBEMYCIN",0.0625,NA,NA,"VX34",1,NA,NA,NA,837.965843216171,756.216476041566,795.479823954223,808.404023510904,836.615116816515,37.8321093955692,861.270267014685,875.684761749332,949.165927615365,0.0451475554783557,39.0550814447972,31.3186420692455,37.4406908011604,38.1079997059857,39.1985317561067,1.87664485482289,39.7183226634526,41.0311682327973,43.5121999580667,0.0480512339341924,49,"1_VX34_0.0625",NA,NA,NA,NA,NA,"1",808.628894132328,27.9862226841869
"20250619-CbDRC4-p024-m2x_E09_roi_0.png",20250619,"CbDRC4","p024","m2x","E09",0,837.636676020019,38.1554864305491,"","48h",10,"15hHB101","DMSO",1,"MILBEMYCIN",0.125,NA,NA,"VX34",1,NA,NA,NA,840.202102135768,758.239689266852,792.191037777718,820.037649140132,835.632381019737,45.739454308754,856.023845053375,901.631190217983,980.172859606995,0.0544386335055408,38.5083253067983,30.2056781301233,36.3366115923901,37.5962320117066,38.4762831979503,2.11701634034051,40.1061265997304,40.6544693082584,42.3248969186738,0.0549755494032551,40,"1_VX34_0.125",NA,NA,NA,NA,NA,"1",808.628894132328,27.0034868874095
"20250619-CbDRC4-p024-m2x_E10_roi_0.png",20250619,"CbDRC4","p024","m2x","E10",0,784.685365387038,37.5541376841788,"","48h",10,"15hHB101","DMSO",1,"MILBEMYCIN",0.25,NA,NA,"VX34",1,NA,NA,NA,803.240617253265,698.453829308668,756.819278735157,783.959042841111,806.936299399362,41.5292488267994,829.29516897371,854.300276873079,882.688764148748,0.0517021275253877,37.9166007332554,33.755087236712,36.5517203819943,37.1358856145778,37.7454208678928,1.3498555546651,38.9435704662902,39.5245435882413,40.979696480895,0.0356006479631805,35,"1_VX34_0.25",NA,NA,NA,NA,NA,"1",808.628894132328,-1.69259473296552
"20250619-CbDRC4-p024-m2x_E12_roi_0.png",20250619,"CbDRC4","p024","m2x","E12",0,291.92209296011,17.1700418051903,"","48h",10,"15hHB101","DMSO",1,"MILBEMYCIN",1,NA,NA,"VX34",1,NA,NA,NA,331.064128127477,198.064289959236,269.15586986347,301.109173840314,319.400085446808,57.2152223369474,377.586264795423,399.009219906121,452.024613272841,0.172822173941226,17.6905264346422,15.6655510765168,16.0191725451209,16.6561582868604,17.2183205246301,1.87908813623728,18.2500222937021,19.6905696606697,24.053688464995,0.106220023648227,22,"1_VX34_1",NA,NA,NA,NA,NA,"1",808.628894132328,-489.22880868552
"20250619-CbDRC4-p024-m2x_F01_roi_0.png",20250619,"CbDRC4","p024","m2x","F01",0,809.219670122065,36.4084418738914,"","48h",10,"15hHB101","DMSO",1,"MILBEMYCIN",0,NA,NA,"ECA2666",1,NA,NA,NA,765.572923319852,324.678589823111,720.348356327919,757.455124526443,783.228559350153,82.4271756289176,798.79264425126,823.058005899289,853.889948069371,0.107667307865955,36.3051491879384,19.3612008183403,33.7272035225178,34.8313545079724,36.4865655462306,3.75415293451505,37.946254891929,40.4460388610594,41.4041945115431,0.103405522866225,38,"1_ECA2666_0",NA,NA,NA,NA,NA,"1",778.447145543842,4.78141380631041
"20250619-CbDRC4-p024-m2x_F02_roi_0.png",20250619,"CbDRC4","p024","m2x","F02",0,715.262733750022,31.572359832425,"","48h",10,"15hHB101","DMSO",1,"MILBEMYCIN",0.00097,NA,NA,"ECA2666",1,NA,NA,NA,780.104112042427,671.820685528995,711.626430017807,751.790529612598,789.282564862484,46.533865226864,820.076469763921,827.163500342673,850.136551240075,0.0596508395591346,36.2297156953927,29.7611335550261,33.3283044725182,35.1704822125402,36.3253089251619,2.37592297317613,38.1040795599526,39.0861331491127,39.7082240039969,0.0655793987772937,37,"1_ECA2666_0.00097",NA,NA,NA,NA,NA,"1",778.447145543842,10.8354193186422
"20250619-CbDRC4-p024-m2x_F03_roi_0.png",20250619,"CbDRC4","p024","m2x","F03",0,831.206383117636,36.8588236593785,"","48h",10,"15hHB101","DMSO",1,"MILBEMYCIN",0.0019,NA,NA,"ECA2666",1,NA,NA,NA,771.850530551092,325.491252297724,720.886127540747,755.439167354954,774.800976955292,79.5559039257351,813.354816025098,832.060711455103,846.366222764361,0.103071645061814,36.2062893130394,19.0278078088616,32.9902503677295,34.7046953114479,36.2646543795724,3.91661638192909,38.1060563554869,40.7800902659713,42.0325053753456,0.108175028599756,45,"1_ECA2666_0.0019",NA,NA,NA,NA,NA,"1",778.447145543842,-3.64616858855004
"20250619-CbDRC4-p024-m2x_F04_roi_0.png",20250619,"CbDRC4","p024","m2x","F04",0,837.829671417263,37.4957871595267,"","48h",10,"15hHB101","DMSO",1,"MILBEMYCIN",0.0039,NA,NA,"ECA2666",1,NA,NA,NA,793.004443862911,711.346856272371,739.438708758576,776.104268529055,801.136536731148,34.4365526937796,818.158493533625,826.093372031145,858.46545117823,0.0434254220897314,37.1889619740533,31.4847205370362,33.7032574504404,35.1488500392775,37.525232446025,2.60474988438,39.4815305526417,40.1438955151326,42.0555845305155,0.070040940809193,42,"1_ECA2666_0.0039",NA,NA,NA,NA,NA,"1",778.447145543842,22.6893911873061
"20250619-CbDRC4-p024-m2x_F05_roi_0.png",20250619,"CbDRC4","p024","m2x","F05",0,786.884077437829,33.1305731036619,"","48h",10,"15hHB101","DMSO",1,"MILBEMYCIN",0.0078,NA,NA,"ECA2666",1,NA,NA,NA,768.666125127475,591.283256120451,726.217467023724,744.844129062465,770.471686731819,48.2850396971229,793.132973335715,823.783650605478,854.773021278922,0.0628166613809284,35.6059378239447,29.4101664780069,31.2710412734022,33.4583531039311,36.4907328845919,2.81741886465763,37.5267303481229,38.6072243716581,40.0538293499556,0.0791277813995097,41,"1_ECA2666_0.0078",NA,NA,NA,NA,NA,"1",778.447145543842,-7.97545881202336
"20250619-CbDRC4-p024-m2x_F06_roi_0.png",20250619,"CbDRC4","p024","m2x","F06",0,826.015925066761,35.3125328740813,"","48h",10,"15hHB101","DMSO",1,"MILBEMYCIN",0.0156,NA,NA,"ECA2666",1,NA,NA,NA,779.187956557262,673.420958775207,738.147545279181,757.036005633283,773.193815910676,39.8998823146788,805.633696979355,831.263263248618,874.747036895465,0.0512070059334222,35.768614289624,31.1004595422822,33.876310197914,34.8211383836234,35.4962405220568,1.66335325960126,36.9073081119741,37.587670266903,39.2979973212969,0.0465031506709439,39,"1_ECA2666_0.0156",NA,NA,NA,NA,NA,"1",778.447145543842,-5.25332963316635
"20250619-CbDRC4-p024-m2x_F07_roi_0.png",20250619,"CbDRC4","p024","m2x","F07",0,824.406293798976,35.6891341297278,"","48h",10,"15hHB101","DMSO",1,"MILBEMYCIN",0.03125,NA,NA,"ECA2666",1,NA,NA,NA,771.60505263898,606.069656401205,716.461961051528,741.277988687845,779.981700714843,48.220631989858,804.512447292367,820.82751594575,842.117585416338,0.0624939297959984,35.7686974155597,28.7374687680609,32.6152154739251,34.4968705268666,35.7281828346869,2.64584648317499,37.7896129224033,38.3706277862492,41.0942465638234,0.0739710046590633,39,"1_ECA2666_0.03125",NA,NA,NA,NA,NA,"1",778.447145543842,1.53455517100087
"20250619-CbDRC4-p024-m2x_F08_roi_0.png",20250619,"CbDRC4","p024","m2x","F08",0,777.121831560475,37.523926571266,"","48h",10,"15hHB101","DMSO",1,"MILBEMYCIN",0.0625,NA,NA,"ECA2666",1,NA,NA,NA,750.448801140634,538.175726884037,675.2610001914,727.099663695595,756.375304704982,66.5935868189139,794.446900714642,813.265172721404,879.305265646075,0.0887383479295269,35.9986300986026,26.6818149026423,31.6647040291276,33.1677954021229,35.8970925579964,4.9222920571115,37.4549389490294,38.5704721514971,54.9663986958471,0.136735538092117,51,"1_ECA2666_0.0625",NA,NA,NA,NA,NA,"1",778.447145543842,-22.07184083886
"20250619-CbDRC4-p024-m2x_F09_roi_0.png",20250619,"CbDRC4","p024","m2x","F09",0,784.995772536252,33.252400660249,"","48h",10,"15hHB101","DMSO",1,"MILBEMYCIN",0.125,NA,NA,"ECA2666",1,NA,NA,NA,741.078315024782,501.34682514283,685.991732650945,718.699079602049,761.440109519393,67.3517410550261,781.545931483616,797.010408703813,834.448765269248,0.0908834325462267,34.2144724125071,25.92957268043,30.6734758192875,32.8301292484604,34.6348545989979,3.03121467795387,36.2626859908601,37.3089645810095,39.0717862837813,0.0885945175891651,38,"1_ECA2666_0.125",NA,NA,NA,NA,NA,"1",778.447145543842,-17.0070360244491
"20250619-CbDRC4-p024-m2x_F10_roi_0.png",20250619,"CbDRC4","p024","m2x","F10",0,643.388844848224,25.921099498112,"","48h",10,"15hHB101","DMSO",1,"MILBEMYCIN",0.25,NA,NA,"ECA2666",1,NA,NA,NA,546.518256144892,382.096582612491,430.978100699738,500.004815472692,539.115877072778,95.0016698973518,580.160727230181,667.064504154435,787.466368975895,0.173830734525665,23.9997571270968,18.8657623672428,20.5773279924895,21.988288257165,23.5321255239519,3.43557621531509,24.6644183807868,28.7432628394623,34.8784649677661,0.143150457611764,37,"1_ECA2666_0.25",NA,NA,NA,NA,NA,"1",778.447145543842,-239.331268471064
"20250619-CbDRC4-p024-m2x_F11_roi_0.png",20250619,"CbDRC4","p024","m2x","F11",0,382.12826790782,20.2224631239396,"","48h",10,"15hHB101","DMSO",1,"MILBEMYCIN",0.5,NA,NA,"ECA2666",1,NA,NA,NA,374.187114867561,163.848300897275,297.969351656425,359.776126145592,379.654927075592,71.457744036784,403.098367712864,444.006157666123,488.150279275043,0.190967944104851,18.4169609367841,14.5078548456471,16.7355725038582,17.1397753146152,18.775335980836,1.61727172608399,19.5374436535318,20.214606629176,20.8973464127118,0.0878142561976023,22,"1_ECA2666_0.5",NA,NA,NA,"outlier","outlier","1",778.447145543842,-398.79221846825
"20250619-CbDRC4-p024-m2x_F12_roi_0.png",20250619,"CbDRC4","p024","m2x","F12",0,264.846926682946,14.5978970097601,"","48h",10,"15hHB101","DMSO",1,"MILBEMYCIN",1,NA,NA,"ECA2666",1,NA,NA,NA,269.990917796834,209.42050525507,250.80362546407,263.327838663561,269.381711526428,20.8276884581614,285.549294061751,293.401064333369,299.619968360909,0.0771421817745519,15.3287213965865,13.8984205453481,14.5161463642243,14.6297339250943,15.3966474172,0.820400228709746,15.7720001429029,16.1688702931349,17.412136478892,0.0535204605448983,20,"1_ECA2666_1",NA,NA,NA,NA,NA,"1",778.447145543842,-509.065434017414
"20250619-CbDRC4-p025-m2x_A01_roi_0.png",20250619,"CbDRC4","p025","m2x","A01",0,806.179970922565,38.6961874623195,"","48h",10,"15hHB101","DMSO",1,"MILBEMYCIN",0,NA,NA,"ECA2666",2,NA,NA,NA,775.246753798495,693.307938014754,728.913494598656,751.781298240006,765.492097684575,39.0878763754168,800.029054881432,832.344093546631,871.636992680418,0.0504199162188,36.4089790035637,31.6032056742761,33.2709799301891,34.6572244523298,36.2800520115211,2.53287400393822,37.4613837283215,39.5561078453615,42.6802990109864,0.0695672900822158,40,"2_ECA2666_0",NA,NA,NA,NA,NA,"2",778.447145543842,-12.9550478592672
"20250619-CbDRC4-p025-m2x_A02_roi_0.png",20250619,"CbDRC4","p025","m2x","A02",0,761.58465389909,34.8666381674148,"","48h",10,"15hHB101","DMSO",1,"MILBEMYCIN",0.00097,NA,NA,"ECA2666",2,NA,NA,NA,790.625259246012,731.233010565354,747.560038234119,761.58465389909,786.822705046692,34.2242275164061,815.300886475471,839.452320361954,855.871202303526,0.0432875463010686,36.0044117494724,28.6721894405864,33.9587584562328,34.7356349509059,35.8149201578169,2.31100234576483,37.4363332091381,38.7708372307587,40.8043996601076,0.0641866436214915,33,"2_ECA2666_0.00097",NA,NA,NA,NA,NA,"2",778.447145543842,8.37555950285036
"20250619-CbDRC4-p025-m2x_A03_roi_0.png",20250619,"CbDRC4","p025","m2x","A03",0,817.4458745997,35.7211235290527,"","48h",10,"15hHB101","DMSO",1,"MILBEMYCIN",0.0019,NA,NA,"ECA2666",2,NA,NA,NA,780.549198082124,710.026735002126,730.346347583604,757.769894165259,775.30674331761,36.9426760535115,807.313075468966,825.761179109724,870.00040836533,0.047329080786045,35.7689306974611,29.8440379934494,33.1693687743017,34.3953578352152,35.7167743048038,2.28500623637804,37.6579093990099,38.2774843200224,39.9830118457036,0.0638824306967674,38,"2_ECA2666_0.0019",NA,NA,NA,NA,NA,"2",778.447145543842,-3.14040222623214
"20250619-CbDRC4-p025-m2x_A04_roi_0.png",20250619,"CbDRC4","p025","m2x","A04",0,806.063233497844,34.6712752191286,"","48h",10,"15hHB101","DMSO",1,"MILBEMYCIN",0.0039,NA,NA,"ECA2666",2,NA,NA,NA,793.161163451334,731.767775403421,746.903743198279,770.909418890721,794.52901800425,32.3947770264617,820.571354396876,827.595255977867,846.634358639893,0.0408426162540538,36.4829189096764,30.5480467408021,34.395413723978,35.5185775325706,36.6559086957234,2.02266726278502,37.4088971122424,38.6738479730724,40.3508759116657,0.0554414866801831,26,"2_ECA2666_0.0039",NA,NA,NA,NA,NA,"2",778.447145543842,16.0818724604081
"20250619-CbDRC4-p025-m2x_A05_roi_0.png",20250619,"CbDRC4","p025","m2x","A05",0,747.618974554251,33.473010527797,"","48h",10,"15hHB101","DMSO",1,"MILBEMYCIN",0.0078,NA,NA,"ECA2666",2,NA,NA,NA,785.496731095155,715.780799641336,747.741368476808,765.728922115935,786.042808970821,33.4602248250704,807.233124223757,828.136508869519,852.136441558123,0.0425975354199367,35.8647357177551,31.1823335947108,33.3985427850012,34.9523933095947,35.697954526974,2.03472168019324,37.1231866820997,38.1679290108957,41.2669469787756,0.0567332127080457,32,"2_ECA2666_0.0078",NA,NA,NA,NA,NA,"2",778.447145543842,7.59566342697883
"20250619-CbDRC4-p025-m2x_A06_roi_0.png",20250619,"CbDRC4","p025","m2x","A06",0,833.705135277029,38.669424625882,"","48h",10,"15hHB101","DMSO",1,"MILBEMYCIN",0.0156,NA,NA,"ECA2666",2,NA,NA,NA,782.423274983279,627.428670441946,738.051517168384,766.390475162445,792.266159560445,41.3676625752975,807.869608490947,821.665618293134,843.414314625197,0.0528712065424966,35.9846663052855,27.9405752604746,33.4088807825308,34.5608688221092,36.344690837978,2.90627673906978,37.7769758668773,38.669424625882,41.9713870624704,0.0807643098427981,41,"2_ECA2666_0.0156",NA,NA,NA,NA,NA,"2",778.447145543842,13.8190140166033
"20250619-CbDRC4-p025-m2x_A07_roi_0.png",20250619,"CbDRC4","p025","m2x","A07",0,831.191232924553,36.6074360123596,"","48h",10,"15hHB101","DMSO",1,"MILBEMYCIN",0.03125,NA,NA,"ECA2666",2,NA,NA,NA,766.603847257348,684.397372045635,719.322389312645,738.727296691154,762.514408246057,41.8935709959251,788.520747302245,825.489777378256,873.739101528621,0.05464826604485,35.1553578179941,27.7940383263741,32.0879121611213,33.2064368924672,35.4551052775963,2.73834819681735,36.6074360123596,38.7561742608194,41.8757697943505,0.0778927698871475,57,"2_ECA2666_0.03125",NA,NA,NA,NA,NA,"2",778.447145543842,-15.9327372977853
"20250619-CbDRC4-p025-m2x_A08_roi_0.png",20250619,"CbDRC4","p025","m2x","A08",0,851.734605277612,37.6705250232358,"","48h",10,"15hHB101","DMSO",1,"MILBEMYCIN",0.0625,NA,NA,"ECA2666",2,NA,NA,NA,775.897122645101,720.860197907622,735.970216420412,746.568858432263,766.450745612871,36.8766300927652,804.628650544908,818.174147869759,863.338690568554,0.0475277314691534,36.567423449626,32.7367718710537,33.6456513896806,34.6155049538558,36.30232993112,2.22292840280877,38.5150928041997,39.6547551402724,40.5214070690592,0.0607898559183695,33,"2_ECA2666_0.0625",NA,NA,NA,NA,NA,"2",778.447145543842,-11.9963999309709
"20250619-CbDRC4-p025-m2x_A09_roi_0.png",20250619,"CbDRC4","p025","m2x","A09",0,717.230495006333,35.7531750992268,"","48h",10,"15hHB101","DMSO",1,"MILBEMYCIN",0.125,NA,NA,"ECA2666",2,NA,NA,NA,733.425135996512,549.698194229136,668.771055535046,704.857908597986,749.264487356996,58.5269515557569,775.099283789942,784.373920925247,820.652189477625,0.0797994896592081,33.5621090885477,26.3398837367227,29.2259177682397,31.5476949353566,34.3741786817437,2.99960675007342,35.6837262802663,37.149233212773,38.5128953202726,0.089374798888815,41,"2_ECA2666_0.125",NA,NA,NA,NA,NA,"2",778.447145543842,-29.1826581868457
"20250619-CbDRC4-p025-m2x_A10_roi_0.png",20250619,"CbDRC4","p025","m2x","A10",0,722.537814926284,35.3230172493838,"","48h",10,"15hHB101","DMSO",1,"MILBEMYCIN",0.25,NA,NA,"ECA2666",2,NA,NA,NA,595.454565638457,420.821687129501,458.270757934933,535.080749015909,574.455603936666,94.9245726048095,681.803230451045,715.448345685053,743.728000591712,0.159415307367792,26.2616285612638,18.9780672111517,21.5785289762922,23.5166956251498,26.2606733676132,3.95492363473967,28.7079350021726,31.1919090980348,35.3230172493838,0.150597044106138,49,"2_ECA2666_0.25",NA,NA,NA,NA,NA,"2",778.447145543842,-203.991541607177
"20250619-CbDRC4-p025-m2x_A11_roi_0.png",20250619,"CbDRC4","p025","m2x","A11",0,434.268315767334,19.9493811212168,"","48h",10,"15hHB101","DMSO",1,"MILBEMYCIN",0.5,NA,NA,"ECA2666",2,NA,NA,NA,391.331239933464,250.356160514073,351.164299001603,370.480098905538,390.779822654071,48.2997699887973,411.48240529596,436.567899466236,497.462507233928,0.123424263283988,18.7137794711883,16.3957652550687,16.78731160044,17.5404343429974,18.5311520067985,1.66146125189369,19.6345012682292,20.8183182603038,22.8115712363998,0.0887827739154282,28,"2_ECA2666_0.5",NA,NA,NA,NA,NA,"2",778.447145543842,-387.667322889771
"20250619-CbDRC4-p025-m2x_A12_roi_0.png",20250619,"CbDRC4","p025","m2x","A12",0,268.976143175849,14.4730071042337,"","48h",10,"15hHB101","DMSO",1,"MILBEMYCIN",1,NA,NA,"ECA2666",2,NA,NA,NA,275.615889284994,224.209803751397,244.9977560981,251.680443175563,274.071922495809,30.0893152218733,300.62904184914,311.092240887212,325.826576832203,0.109171192197704,15.8000970557434,14.3168986730016,14.5351646468827,14.9269347484656,15.5469211075197,1.30047097633444,16.2288477932784,17.4269837275385,19.1838457132273,0.0823077840437517,17,"2_ECA2666_1",NA,NA,NA,NA,NA,"2",778.447145543842,-504.375223048033
"20250619-CbDRC4-p025-m2x_B01_roi_0.png",20250619,"CbDRC4","p025","m2x","B01",0,749.578504532197,37.6733513438738,"","48h",10,"15hHB101","DMSO",1,"MILBEMYCIN",0,NA,NA,"JU3237",2,NA,NA,NA,757.644009444263,696.466865688945,707.503084738092,728.466483725142,761.50288957029,41.315625379756,791.916007972363,798.058295456503,811.475457861857,0.0545317126047909,39.0750405156979,36.3376103171466,37.2726290358557,37.725684291692,38.6551750593497,2.10379188322454,39.9943770254457,41.3683371526983,43.1362839157615,0.0538397876357765,8,"2_JU3237_0",NA,NA,NA,NA,NA,"2",765.709066236116,-4.20617666582643
"20250619-CbDRC4-p025-m2x_B02_roi_0.png",20250619,"CbDRC4","p025","m2x","B02",0,801.617696252388,39.0388113479526,"","48h",10,"15hHB101","DMSO",1,"MILBEMYCIN",0.00097,NA,NA,"JU3237",2,NA,NA,NA,756.036539420468,689.661948861157,727.35144504671,735.800299088677,760.492835028885,28.7891071827038,773.931400609813,786.405150809001,801.617696252388,0.0380789891514658,37.8292205066916,33.3740524549739,34.2669976669234,36.6947479070791,39.0194333912673,2.36273650455423,39.2861092091194,39.6841760743177,41.3932187923816,0.0624579748910313,16,"2_JU3237_0.00097",NA,NA,NA,NA,NA,"2",765.709066236116,-5.21623120723086
"20250619-CbDRC4-p025-m2x_B03_roi_0.png",20250619,"CbDRC4","p025","m2x","B03",0,793.633815319124,39.4238120796699,"","48h",10,"15hHB101","DMSO",1,"MILBEMYCIN",0.0019,NA,NA,"JU3237",2,NA,NA,NA,768.16615381801,729.21089646767,736.280737274968,763.949079383974,772.374525715676,21.3111365281397,774.999390418489,788.101124101156,810.593479422832,0.0277428736246933,40.0888042844209,36.8161537261769,37.5021819409749,38.235498690562,39.9860948350955,2.16926564878749,42.1541270528559,42.7636979302875,42.9491780740286,0.05411150787629,15,"2_JU3237_0.0019",NA,NA,NA,NA,NA,"2",765.709066236116,6.66545947955944
"20250619-CbDRC4-p025-m2x_B05_roi_0.png",20250619,"CbDRC4","p025","m2x","B05",0,701.307645160115,35.7655595269991,"","48h",10,"15hHB101","DMSO",1,"MILBEMYCIN",0.0078,NA,NA,"JU3237",2,NA,NA,NA,759.959175110008,638.674233470237,712.398509738052,736.677311486432,771.083378473634,45.948304569486,789.411406820256,799.70929690336,827.206932520846,0.0604615432964998,38.4230412124985,29.0009143546734,31.6132654949104,35.9717380892661,39.9020551960513,4.56268542846408,41.4578506854158,42.8910552477938,44.0797043901594,0.118748680075327,16,"2_JU3237_0.0078",NA,NA,NA,NA,NA,"2",765.709066236116,5.37431223751776
"20250619-CbDRC4-p025-m2x_B06_roi_0.png",20250619,"CbDRC4","p025","m2x","B06",0,805.35393318522,41.4383988067011,"","48h",10,"15hHB101","DMSO",1,"MILBEMYCIN",0.0156,NA,NA,"JU3237",2,NA,NA,NA,767.885501854669,722.367787467001,731.913306928614,745.864164388445,768.740852103889,27.5682214758138,787.581908839806,803.590537867902,811.621441896987,0.0359014741250205,39.6612415158735,34.6852847968348,37.158544097577,38.6098015760642,39.7732871511526,2.14247379747131,40.7056144606878,41.6978583292427,43.9623291021523,0.0540193326175589,20,"2_JU3237_0.0156",NA,NA,NA,NA,NA,"2",765.709066236116,3.03178586777221
"20250619-CbDRC4-p025-m2x_B07_roi_0.png",20250619,"CbDRC4","p025","m2x","B07",0,786.778219778614,38.4014836121012,"","48h",10,"15hHB101","DMSO",1,"MILBEMYCIN",0.03125,NA,NA,"JU3237",2,NA,NA,NA,772.346763948169,725.589102042098,734.55499866435,764.473561631347,777.459265310209,24.528940395828,786.783314196797,792.23901686373,809.015632179757,0.0317589734828929,39.8520875362714,36.5339553324179,37.6837801890911,38.0585768438267,39.9093363092027,2.08779655014258,41.9032423133954,42.2620798540247,42.3061286428998,0.052388637063049,12,"2_JU3237_0.03125",NA,NA,NA,NA,NA,"2",765.709066236116,11.7501990740924
"20250619-CbDRC4-p025-m2x_B09_roi_0.png",20250619,"CbDRC4","p025","m2x","B09",0,728.727571239975,34.0499895123967,"","48h",10,"15hHB101","DMSO",1,"MILBEMYCIN",0.125,NA,NA,"JU3237",2,NA,NA,NA,744.77292294086,702.524463477197,708.222630127693,718.222192055688,745.447867571331,34.1116208956281,754.484331906967,799.459599019963,815.863243994534,0.0458013709211295,36.5546063447128,31.1764930706382,33.5481290316337,34.6196020063864,36.1268935734864,3.01765078470421,38.1568649390802,41.0230386933929,42.6485666241873,0.0825518610773026,18,"2_JU3237_0.125",NA,NA,NA,NA,NA,"2",765.709066236116,-20.2611986647851
"20250619-CbDRC4-p025-m2x_B10_roi_0.png",20250619,"CbDRC4","p025","m2x","B10",0,588.046182541192,26.6137893465643,"","48h",10,"15hHB101","DMSO",1,"MILBEMYCIN",0.25,NA,NA,"JU3237",2,NA,NA,NA,587.574465564011,449.581286453507,465.83758891541,555.648743314763,590.23446317973,83.5187091369601,619.374582123803,687.652106330627,736.769943790341,0.142141488495064,26.7407457444511,21.0471899435468,21.5481516533352,23.5088465096515,27.3701227824878,3.97383509903262,28.4214411622847,31.9691096693963,33.3958534469716,0.148605993901917,12,"2_JU3237_0.25",NA,NA,NA,NA,NA,"2",765.709066236116,-175.474603056386
"20250619-CbDRC4-p025-m2x_B11_roi_0.png",20250619,"CbDRC4","p025","m2x","B11",0,423.90481526641,21.1077061843309,"","48h",10,"15hHB101","DMSO",1,"MILBEMYCIN",0.5,NA,NA,"JU3237",2,NA,NA,NA,400.634992694576,300.681091529664,336.108605284808,371.071844501513,403.517807173446,50.3185636024989,432.179945401484,452.310133538729,503.604307337109,0.125597026021287,19.1999062704914,16.6407862233031,16.9682804907071,17.5638963631339,19.0735836749171,1.80722239062344,20.4882289576571,21.714302878519,22.1909260970304,0.0941266256805112,19,"2_JU3237_0.5",NA,NA,NA,NA,NA,"2",765.709066236116,-362.19125906267
"20250619-CbDRC4-p025-m2x_B12_roi_0.png",20250619,"CbDRC4","p025","m2x","B12",0,366.737426630879,18.0176263172792,"","48h",10,"15hHB101","DMSO",1,"MILBEMYCIN",1,NA,NA,"JU3237",2,NA,NA,NA,285.96562524972,222.684492541366,242.899752338089,267.650023052326,281.053151085329,41.4479532968119,297.359163464647,337.52449672164,366.737426630879,0.144940334211909,16.2580781737153,14.6706456246256,15.0445990612716,15.6122828705494,16.1086408904662,1.04390790310635,16.911341212719,17.4700859730349,18.0176263172792,0.0642085670859955,10,"2_JU3237_1",NA,NA,NA,NA,NA,"2",765.709066236116,-484.655915150787
"20250619-CbDRC4-p025-m2x_C01_roi_0.png",20250619,"CbDRC4","p025","m2x","C01",0,892.468586000964,40.5358213262649,"","48h",10,"15hHB101","DMSO",1,"MILBEMYCIN",0,NA,NA,"VX34",2,NA,NA,NA,892.468586000964,892.468586000964,892.468586000964,892.468586000964,892.468586000964,NA,892.468586000964,892.468586000964,892.468586000964,NA,40.5358213262649,40.5358213262649,40.5358213262649,40.5358213262649,40.5358213262649,NA,40.5358213262649,40.5358213262649,40.5358213262649,NA,1,"2_VX34_0",NA,"n<5",NA,NA,NA,"2",808.628894132328,83.8396918686362
"20250619-CbDRC4-p025-m2x_C02_roi_0.png",20250619,"CbDRC4","p025","m2x","C02",0,842.712693908881,37.8431494759133,"","48h",10,"15hHB101","DMSO",1,"MILBEMYCIN",0.00097,NA,NA,"VX34",2,NA,NA,NA,688.363851642261,154.397968484767,360.892386112001,670.634012552852,852.278289441565,356.618805512463,870.008128530974,884.703766933077,894.500859201146,0.518067305047558,32.2183023702908,12.199192366202,19.8923794991154,31.4321601984855,38.4414888284211,13.3701562157915,39.2276310002264,39.565676074962,39.7910394581191,0.414986365889981,4,"2_VX34_0.00097",NA,"n<5",NA,NA,NA,"2",808.628894132328,43.6493953092373
"20250619-CbDRC4-p025-m2x_C03_roi_0.png",20250619,"CbDRC4","p025","m2x","C03",0,804.156409687447,37.0001386268804,"","48h",10,"15hHB101","DMSO",1,"MILBEMYCIN",0.0019,NA,NA,"VX34",2,NA,NA,NA,722.338805732828,250.592182084272,459.752888191525,773.493947352406,804.156409687447,273.572133234672,820.56700552211,905.957492619586,962.884484017904,0.378731048454648,33.4418956595544,16.6257045746062,24.7754781955159,37.0001386268804,37.5034702814618,9.41066075919381,37.9572061959917,38.0566576496957,38.1229586188317,0.281403328776465,5,"2_VX34_0.0019",NA,NA,NA,NA,NA,"2",808.628894132328,-4.47248444488093
"20250619-CbDRC4-p025-m2x_C04_roi_0.png",20250619,"CbDRC4","p025","m2x","C04",0,855.664320585249,36.9057192690564,"","48h",10,"15hHB101","DMSO",1,"MILBEMYCIN",0.0039,NA,NA,"VX34",2,NA,NA,NA,872.533552566819,807.997075679831,817.530524660914,831.83069813254,855.664320585249,74.4191416002139,904.801791010313,934.284273265352,953.939261435378,0.08529086518368,37.5806370528861,36.9057192690564,36.9402226203286,36.991977647237,37.0782360254176,1.0232302748569,37.918095944801,38.4220118964309,38.7579558641843,0.0272275925875588,3,"2_VX34_0.0039",NA,"n<5",NA,NA,NA,"2",808.628894132328,47.0354264529208
"20250619-CbDRC4-p025-m2x_C06_roi_0.png",20250619,"CbDRC4","p025","m2x","C06",0,822.947676591666,37.4075865467562,"","48h",10,"15hHB101","DMSO",1,"MILBEMYCIN",0.0156,NA,NA,"VX34",2,NA,NA,NA,840.040122923959,822.88235967867,822.895423061269,822.915018135168,822.947676591666,29.6615695582005,848.619004546603,864.021801319565,874.29033250154,0.0353097057494783,38.5283982925901,37.4075865467562,37.5857320222394,37.8529502354641,38.2983139241719,1.2518143028602,39.088804165507,39.5630983103081,39.8792944068421,0.0324906914986122,3,"2_VX34_0.0156",NA,"n<5",NA,NA,NA,"2",808.628894132328,14.3187824593384
"20250619-CbDRC4-p025-m2x_C07_roi_0.png",20250619,"CbDRC4","p025","m2x","C07",0,869.610478774994,40.6433508505647,"","48h",10,"15hHB101","DMSO",1,"MILBEMYCIN",0.03125,NA,NA,"VX34",2,NA,NA,NA,350.853003022008,163.27161525557,168.036713402705,175.184360623407,185.264959028733,346.02964842754,360.933601427333,666.13972783593,869.610478774994,0.986252491633468,21.0993707261656,13.0062880734142,13.5502777920982,14.3662623701241,15.3739219903418,13.0848671709271,22.1070303463833,33.2288226488921,40.6433508505647,0.620154379992972,4,"2_VX34_0.03125",NA,"n<5",NA,NA,NA,"2",808.628894132328,-623.363935103595
"20250619-CbDRC4-p025-m2x_C08_roi_0.png",20250619,"CbDRC4","p025","m2x","C08",0,860.861815500897,39.4702594970898,"","48h",10,"15hHB101","DMSO",1,"MILBEMYCIN",0.0625,NA,NA,"VX34",2,NA,NA,NA,709.146276814942,209.510272998571,404.915735749269,698.023929875316,861.947472477171,333.658481674505,873.069819416797,891.135861350831,903.179889306853,0.470507274145326,32.5742563408565,12.7462875964135,20.6071543703777,32.3984545313241,39.0402391349615,13.2204091682868,39.2160409444939,39.3685720760514,39.4702594970898,0.405854519899045,4,"2_VX34_0.0625",NA,"n<5",NA,NA,NA,"2",808.628894132328,53.3185783448432
"20250619-CbDRC4-p025-m2x_C09_roi_0.png",20250619,"CbDRC4","p025","m2x","C09",0,894.980100221986,37.0877041142998,"","48h",10,"15hHB101","DMSO",1,"MILBEMYCIN",0.125,NA,NA,"VX34",2,NA,NA,NA,855.696548685964,807.198304615453,818.740891936453,836.054772917953,864.911241220452,44.6104677049638,879.945670721219,888.966328421679,894.980100221986,0.0521335136544247,38.0560723347318,37.0877041142998,37.2740516851586,37.5535730414468,38.0194419685938,0.987193231610226,38.5402564449479,38.8527451307603,39.0610709213019,0.0259404917808416,3,"2_VX34_0.125",NA,"n<5",NA,NA,NA,"2",808.628894132328,56.2823470881242
"20250619-CbDRC4-p025-m2x_C10_roi_0.png",20250619,"CbDRC4","p025","m2x","C10",0,814.071702167912,37.9756794351267,"","48h",10,"15hHB101","DMSO",1,"MILBEMYCIN",0.25,NA,NA,"VX34",2,NA,NA,NA,826.463336798495,814.071702167912,816.550029094028,820.267519483203,826.463336798495,17.5244177545427,832.659154113786,836.376644502961,838.854971429078,0.0212041078826652,39.0715440704872,37.9756794351267,38.1948523621988,38.523611752807,39.0715440704872,1.54978662985185,39.6194763881675,39.9482357787756,40.1674087058477,0.0396653540759985,2,"2_VX34_0.25",NA,"n<5",NA,NA,NA,"2",808.628894132328,17.8344426661669
"20250619-CbDRC4-p025-m2x_C11_roi_0.png",20250619,"CbDRC4","p025","m2x","C11",0,646.21950142209,28.7535989024295,"","48h",10,"15hHB101","DMSO",1,"MILBEMYCIN",0.5,NA,NA,"VX34",2,NA,NA,NA,653.657834218807,646.21950142209,647.707167981433,649.938667820448,653.657834218807,10.5193911225623,657.377000617166,659.608500456181,661.096167015524,0.0160931156514541,30.465910457387,28.7535989024295,29.096061213421,29.6097546799082,30.465910457387,2.42157422402903,31.3220662348657,31.835759701353,32.1782220123445,0.0794847154630784,2,"2_VX34_0.5",NA,"n<5",NA,NA,NA,"2",808.628894132328,-154.971059913521
"20250619-CbDRC4-p025-m2x_C12_roi_0.png",20250619,"CbDRC4","p025","m2x","C12",0,332.11706593363,18.0682394951871,"","48h",10,"15hHB101","DMSO",1,"MILBEMYCIN",1,NA,NA,"VX34",2,NA,NA,NA,257.51263582852,137.729630654584,174.643460665448,230.014205681743,280.101923362933,85.0124394600251,307.60035350971,322.310380964062,332.11706593363,0.330129196132479,17.4318756489535,15.660637114619,16.0936956033711,16.7432833364993,17.5862024528233,1.38909965543888,18.2747947652774,18.64659425144,18.8944605755484,0.0796873316109431,4,"2_VX34_1",NA,"n<5",NA,NA,NA,"2",808.628894132328,-528.526970769395
"20250619-CbDRC4-p025-m2x_D01_roi_0.png",20250619,"CbDRC4","p025","m2x","D01",0,777.88916094553,38.2269095622837,"","48h",10,"15hHB101","DMSO",1,"MILBEMYCIN",0,NA,NA,"PB420",2,NA,NA,NA,767.15813134362,674.98574207058,746.355693173927,753.45194342208,768.430805472683,29.6068528558533,780.10135802207,794.012697158504,875.602929457703,0.038592894536618,38.4960631945859,32.3226037439544,35.9039810117135,37.6283658158371,38.5188583445263,2.56909458131751,39.2969560151093,41.5636710596219,45.6319343801075,0.0667365535101996,44,"2_PB420_0",NA,NA,NA,NA,NA,"2",764.404649350685,4.02615612199725
"20250619-CbDRC4-p025-m2x_D02_roi_0.png",20250619,"CbDRC4","p025","m2x","D02",0,775.28679346704,36.987076930926,"","48h",10,"15hHB101","DMSO",1,"MILBEMYCIN",0.00097,NA,NA,"PB420",2,NA,NA,NA,769.031754604889,741.502506205841,753.87418704423,757.79061072153,766.511174335229,15.1098772061336,776.224278248722,788.529163354778,815.901323314042,0.019647923659403,38.8482597599855,36.3978816090049,36.8680743355798,37.8632351888749,38.7203902905323,1.46076357123196,39.9868279413534,40.7200002667219,41.8522373965174,0.0376017762509037,44,"2_PB420_0.00097",NA,NA,NA,NA,NA,"2",764.404649350685,2.10652498454419
"20250619-CbDRC4-p025-m2x_D03_roi_0.png",20250619,"CbDRC4","p025","m2x","D03",0,774.860078286415,37.1851152419948,"","48h",10,"15hHB101","DMSO",1,"MILBEMYCIN",0.0019,NA,NA,"PB420",2,NA,NA,NA,745.90870424234,169.20294215247,734.804489894809,749.038947453811,768.916513698128,113.402563688866,784.441675233456,794.363583604448,812.666257503039,0.152032766267361,37.2574431979029,14.3264638991148,34.4003289066327,37.1851152419948,38.1269287812064,4.88706405634128,38.9360934769872,40.6387628632989,42.3416541149759,0.131170140430258,29,"2_PB420_0.0019",NA,NA,NA,NA,NA,"2",764.404649350685,4.51186434744272
"20250619-CbDRC4-p025-m2x_D04_roi_0.png",20250619,"CbDRC4","p025","m2x","D04",0,776.057317016486,40.1033513631893,"","48h",10,"15hHB101","DMSO",1,"MILBEMYCIN",0.0039,NA,NA,"PB420",2,NA,NA,NA,757.43538911286,258.288791592857,738.186409637199,748.714559577284,774.470380655277,76.2378102316861,783.851041699346,791.611056316062,794.707490233377,0.100652559053227,38.1029632984497,15.7268867725964,35.9285308685694,36.9556967154545,38.4055638908396,3.81113438491705,40.1110217101655,40.7583050696847,43.4830051663977,0.100021994485456,48,"2_PB420_0.0039",NA,NA,NA,NA,NA,"2",764.404649350685,10.065731304592
"20250619-CbDRC4-p025-m2x_D05_roi_0.png",20250619,"CbDRC4","p025","m2x","D05",0,787.655852041467,37.508912044795,"","48h",10,"15hHB101","DMSO",1,"MILBEMYCIN",0.0078,NA,NA,"PB420",2,NA,NA,NA,763.144264599706,680.027245730444,726.521972404811,751.232496863135,767.16631020305,25.7802468874392,777.891636220035,792.690196677544,803.108649120835,0.0337816165085926,38.8691646334174,31.0306673025224,37.1668418643473,37.6926662422233,39.2410706837218,2.12912181073229,40.3849370687366,41.1166431335342,42.4887961009922,0.0547766290017408,36,"2_PB420_0.0078",NA,NA,NA,NA,NA,"2",764.404649350685,2.76166085236491
"20250619-CbDRC4-p025-m2x_D06_roi_0.png",20250619,"CbDRC4","p025","m2x","D06",0,734.432047515017,38.9608151984775,"","48h",10,"15hHB101","DMSO",1,"MILBEMYCIN",0.0156,NA,NA,"PB420",2,NA,NA,NA,769.998022900412,723.759697895687,746.584690789766,759.271326819209,770.693871658216,18.3729961005174,785.364705900301,792.546306727887,796.467541997295,0.0238610951639985,38.4037982146082,35.6896326534383,37.1121818558292,37.4064801300318,38.0217579949385,1.39655229085161,39.386870717671,40.3644255031773,41.1493798994936,0.0363649523166276,41,"2_PB420_0.0156",NA,NA,NA,NA,NA,"2",764.404649350685,6.28922230753119
"20250619-CbDRC4-p025-m2x_D07_roi_0.png",20250619,"CbDRC4","p025","m2x","D07",0,770.418832837651,38.2312172804406,"","48h",10,"15hHB101","DMSO",1,"MILBEMYCIN",0.03125,NA,NA,"PB420",2,NA,NA,NA,772.572354328825,728.272016019607,737.866859097689,755.612684880041,771.962410903349,26.1803781755192,786.665464108831,803.188226626934,856.518240064513,0.033887283215387,38.1960034563881,31.9451849632724,36.0221585075518,37.3334792699152,38.3382945656968,1.86594321634512,39.3303323708926,40.2089261695674,41.6273214476035,0.048851792006869,45,"2_PB420_0.03125",NA,NA,NA,NA,NA,"2",764.404649350685,7.55776155266403
"20250619-CbDRC4-p025-m2x_D08_roi_0.png",20250619,"CbDRC4","p025","m2x","D08",0,806.882754292772,37.6833936754304,"","48h",10,"15hHB101","DMSO",1,"MILBEMYCIN",0.0625,NA,NA,"PB420",2,NA,NA,NA,766.925252814497,680.967634360693,746.304056560687,755.466667438242,767.217967408659,26.6629598840103,783.201299807588,793.15412683743,820.1383869461,0.0347660476508778,38.6681073813858,30.4106969478312,36.883563227847,38.1488527584854,38.8321913321063,2.25878491660434,40.0978437996723,40.7934578688105,41.8664404068342,0.0584146747686877,45,"2_PB420_0.0625",NA,NA,NA,NA,NA,"2",764.404649350685,2.81331805797413
"20250619-CbDRC4-p025-m2x_D09_roi_0.png",20250619,"CbDRC4","p025","m2x","D09",0,771.204447977624,38.5346472117594,"","48h",10,"15hHB101","DMSO",1,"MILBEMYCIN",0.125,NA,NA,"PB420",2,NA,NA,NA,772.656696482526,569.933001010207,746.75104440011,760.072846294788,777.811308512466,36.9585190397218,792.773034781332,800.923194256393,829.017545782996,0.0478330404796506,38.1677921336687,28.2590449963947,36.4378140872899,37.3077313663749,38.5346472117594,2.09759668938361,39.2250637749899,40.1589031764604,41.0734494318833,0.0549572446327927,49,"2_PB420_0.125",NA,NA,NA,NA,NA,"2",764.404649350685,13.4066591617802
"20250619-CbDRC4-p025-m2x_D10_roi_0.png",20250619,"CbDRC4","p025","m2x","D10",0,811.649909739416,38.0055539122969,"","48h",10,"15hHB101","DMSO",1,"MILBEMYCIN",0.25,NA,NA,"PB420",2,NA,NA,NA,728.042671745397,523.240503771315,676.793014880676,704.115923722043,740.302547914936,51.4274421413338,757.688099394463,779.189915664775,817.83723662443,0.0706379504075531,35.418194903323,23.3421591106065,31.6716418871337,33.2784928554509,35.8476499391883,3.42595571979931,38.0442090540675,39.0811634502753,40.4363789568433,0.0967286935189881,50,"2_PB420_0.25",NA,NA,NA,NA,NA,"2",764.404649350685,-24.1021014357498
"20250619-CbDRC4-p025-m2x_D11_roi_0.png",20250619,"CbDRC4","p025","m2x","D11",0,571.603742417234,26.5676613772828,"","48h",10,"15hHB101","DMSO",1,"MILBEMYCIN",0.5,NA,NA,"PB420",2,NA,NA,NA,540.230431492447,402.57097479569,438.755025033782,467.190678023802,552.161449021817,77.2628733836101,588.942167553771,631.146865349965,724.895898463969,0.143018365644754,24.7170310768783,18.9892756898528,20.7216229905815,22.3444203843318,24.8292656933608,3.09278501158414,26.5658737127094,28.7063638957474,32.1116825637066,0.125127690375294,46,"2_PB420_0.5",NA,NA,NA,NA,NA,"2",764.404649350685,-212.243200328868
"20250619-CbDRC4-p025-m2x_D12_roi_0.png",20250619,"CbDRC4","p025","m2x","D12",0,296.8541294336,17.8029212840933,"","48h",10,"15hHB101","DMSO",1,"MILBEMYCIN",1,NA,NA,"PB420",2,NA,NA,NA,293.317417706252,213.768326232563,262.905603454638,278.192283556828,293.335371079514,31.218169096879,305.197420510126,346.103712255413,357.672834063283,0.106431351199686,16.4017555693796,13.8410314806658,15.5643336424541,15.9622100288276,16.3548503711622,0.875852150514265,16.8997662837685,17.2269477616064,18.7325580200572,0.0533999026390439,39,"2_PB420_1",NA,NA,NA,NA,NA,"2",764.404649350685,-471.069278271172
"20250619-CbDRC4-p025-m2x_E01_roi_0.png",20250619,"CbDRC4","p025","m2x","E01",0,792.338977121343,34.1930977057842,"","48h",10,"15hHB101","DMSO",1,"MILBEMYCIN",0,NA,NA,"NIC1667",2,NA,NA,NA,764.835796883925,685.428422834017,720.342230841863,739.422306179596,765.481993547125,39.3747078654428,792.338977121343,812.103365048863,829.256224842671,0.0514812565335752,37.1481171218911,31.0695841601517,33.3165743213016,34.6880866357681,37.0673872939638,3.01101407010806,39.6534809966779,40.5259495511656,41.8144717836255,0.0810542849380028,33,"2_NIC1667_0",NA,NA,NA,NA,NA,"2",776.621116305835,-11.13912275871
"20250619-CbDRC4-p025-m2x_E02_roi_0.png",20250619,"CbDRC4","p025","m2x","E02",0,750.465252338194,37.0100945307326,"","48h",10,"15hHB101","DMSO",1,"MILBEMYCIN",0.00097,NA,NA,"NIC1667",2,NA,NA,NA,752.810538824803,605.095990234607,679.140674535263,727.641045248184,760.890558079625,54.8051718176966,793.76068751719,815.547464699881,855.758352134531,0.0728007499778787,36.194566783146,29.2157885989029,31.5840985157374,33.9433470606363,37.1968837732537,3.13698686646547,38.43855981087,39.3678148619619,41.5260971865491,0.0866701039761087,44,"2_NIC1667_0.00097",NA,NA,NA,NA,NA,"2",776.621116305835,-15.7305582262104
"20250619-CbDRC4-p025-m2x_E03_roi_0.png",20250619,"CbDRC4","p025","m2x","E03",0,764.237325728235,35.9785355506581,"","48h",10,"15hHB101","DMSO",1,"MILBEMYCIN",0.0019,NA,NA,"NIC1667",2,NA,NA,NA,759.650516563537,661.976516382524,679.877002182972,727.697048364766,765.360522975057,52.1567781498923,796.795811927237,828.874602599229,838.528771231778,0.0686589122401128,35.7553334409061,27.7896137634818,30.8631372253068,32.923480767516,36.0977015371105,3.58501375055006,38.4120839069593,40.3527457350632,41.4991466240554,0.100265146638196,44,"2_NIC1667_0.0019",NA,NA,NA,"outlier","outlier","2",776.621116305835,-11.260593330778
"20250619-CbDRC4-p025-m2x_E04_roi_0.png",20250619,"CbDRC4","p025","m2x","E04",0,777.033478686915,37.1484211912375,"","48h",10,"15hHB101","DMSO",1,"MILBEMYCIN",0.0039,NA,NA,"NIC1667",2,NA,NA,NA,755.223450157739,658.319377640713,700.970751879044,735.719646300267,753.67251263918,37.3181560812152,785.18014001486,797.93640680917,824.818109862975,0.0494133968872667,36.6700662446458,28.2856555041508,32.4108787608757,35.5131937219376,37.4334384414527,3.20702119737009,38.7627162675171,39.8785174679515,42.5665702606298,0.0874561059141349,51,"2_NIC1667_0.0039",NA,NA,NA,NA,NA,"2",776.621116305835,-22.9486036666551
"20250619-CbDRC4-p025-m2x_E05_roi_0.png",20250619,"CbDRC4","p025","m2x","E05",0,826.883611286847,39.2045460651603,"","48h",10,"15hHB101","DMSO",1,"MILBEMYCIN",0.0078,NA,NA,"NIC1667",2,NA,NA,NA,766.962760885683,610.1514832478,701.016799496719,736.146301114528,774.602120149954,47.9338996635535,803.025267579217,818.219144693382,851.977378893523,0.0624983403473198,37.6738955047331,27.5340106757134,34.3356400279896,36.6572108486607,38.636190852241,2.83032280871906,39.3450291464421,39.9309903604014,42.7121805881856,0.0751268954484274,56,"2_NIC1667_0.0078",NA,NA,NA,NA,NA,"2",776.621116305835,-2.01899615588104
"20250619-CbDRC4-p025-m2x_E06_roi_0.png",20250619,"CbDRC4","p025","m2x","E06",0,794.488611081751,39.6616486663762,"","48h",10,"15hHB101","DMSO",1,"MILBEMYCIN",0.0156,NA,NA,"NIC1667",2,NA,NA,NA,761.354118433548,572.166251165072,697.563049722646,725.693754726749,779.790723018295,53.8315840194687,800.890340814403,816.467969516198,851.134274908173,0.0707050539507486,36.8076651588549,26.8935228139299,32.8634641159715,34.2409570366978,37.3211071306793,3.40408913562522,39.1333599796139,40.7229997601087,42.5718108346306,0.0924831586283406,61,"2_NIC1667_0.0156",NA,NA,NA,NA,NA,"2",776.621116305835,3.1696067124592
"20250619-CbDRC4-p025-m2x_E07_roi_0.png",20250619,"CbDRC4","p025","m2x","E07",0,715.706843685771,32.5894931051169,"","48h",10,"15hHB101","DMSO",1,"MILBEMYCIN",0.03125,NA,NA,"NIC1667",2,NA,NA,NA,751.035634454002,491.918783435418,700.951992967569,715.706843685771,757.588100638594,59.5955164633514,774.232908578759,820.961836013516,848.938824986237,0.0793511169502322,36.0637078134558,24.7981105567281,32.5894931051169,34.0765870082589,36.366324795253,3.42637870999633,38.5325386061596,39.9740840373936,41.7296510298663,0.0950090525278132,41,"2_NIC1667_0.03125",NA,NA,NA,NA,NA,"2",776.621116305835,-19.0330156672409
"20250619-CbDRC4-p025-m2x_E08_roi_0.png",20250619,"CbDRC4","p025","m2x","E08",0,792.70356854614,39.9696972581546,"","48h",10,"15hHB101","DMSO",1,"MILBEMYCIN",0.0625,NA,NA,"NIC1667",2,NA,NA,NA,757.158076428264,621.18647980719,698.693625545823,731.376608888397,761.596518565591,46.0839936944306,789.610201605386,808.83664911101,845.606103925255,0.0608644286168383,36.9908360788923,29.0144102406584,32.6943527229199,35.1749960316034,37.2902706802649,2.98000855101339,39.3585928751855,40.2954938361053,41.8882549239846,0.080560724409088,61,"2_NIC1667_0.0625",NA,NA,NA,NA,NA,"2",776.621116305835,-15.0245977402448
"20250619-CbDRC4-p025-m2x_E09_roi_0.png",20250619,"CbDRC4","p025","m2x","E09",0,810.865290888562,38.0926544933254,"","48h",10,"15hHB101","DMSO",1,"MILBEMYCIN",0.125,NA,NA,"NIC1667",2,NA,NA,NA,770.002027603819,683.579716040266,728.68917499977,742.604340857128,777.032514203243,35.9159349166118,800.582987394741,814.775382694806,835.132290161573,0.0466439484950178,36.8992249936056,30.2438158520825,34.3666569631584,35.3591552449632,37.2527978675234,2.44375437167224,38.3950442036256,39.7951871066511,41.2275350838553,0.0662277967110616,51,"2_NIC1667_0.125",NA,NA,NA,NA,NA,"2",776.621116305835,0.411397897407369
"20250619-CbDRC4-p025-m2x_E10_roi_0.png",20250619,"CbDRC4","p025","m2x","E10",0,798.39977911804,37.5460106873744,"","48h",10,"15hHB101","DMSO",1,"MILBEMYCIN",0.25,NA,NA,"NIC1667",2,NA,NA,NA,759.120064276036,587.120363138434,724.494478227404,745.847205652438,767.364480170062,48.7036178988862,788.394452075442,800.03592101655,823.785309699245,0.0641579905351787,37.0870162280932,29.2939146222604,34.8108344779408,35.9096822198675,37.6904318379594,2.57845329961087,38.9170189610806,39.587565195587,40.2440770167686,0.0695244201839484,51,"2_NIC1667_0.25",NA,NA,NA,NA,NA,"2",776.621116305835,-9.25663613577331
"20250619-CbDRC4-p025-m2x_E12_roi_0.png",20250619,"CbDRC4","p025","m2x","E12",0,375.25523074377,17.7977727013364,"","48h",10,"15hHB101","DMSO",1,"MILBEMYCIN",1,NA,NA,"NIC1667",2,NA,NA,NA,341.70854119011,179.404893654062,301.697785977564,329.310345904291,352.148812366112,42.7144603484429,362.122192237074,377.2424639994,410.425167287613,0.125002612459367,17.3923510996157,14.7043653979039,15.897931794364,16.8473124696457,17.58547243401,1.20414644008016,17.9812359068492,18.8945748897119,19.8615868220614,0.0692342532175977,28,"2_NIC1667_1",NA,NA,NA,NA,NA,"2",776.621116305835,-424.472303939723
"20250619-CbDRC4-p025-m2x_F01_roi_0.png",20250619,"CbDRC4","p025","m2x","F01",0,870.551699394176,42.0399061927577,"","48h",10,"15hHB101","DMSO",1,"MILBEMYCIN",0,NA,NA,"ED3102",2,NA,NA,NA,854.413758988847,772.56730358306,795.91934007515,829.560464778718,857.637802457443,47.0128441354565,870.551699394176,917.741899673924,954.431185112582,0.055023510144656,42.2152095498774,39.2557563526579,39.9081406605641,41.1956114511421,42.4618089577114,1.61860186562234,43.0829439464365,43.8794628310304,45.2680477389523,0.038341675497547,21,"2_ED3102_0",NA,NA,NA,NA,NA,"2",858.463870400194,-0.826067942750569
"20250619-CbDRC4-p025-m2x_F02_roi_0.png",20250619,"CbDRC4","p025","m2x","F02",0,910.842563629471,41.6987488761314,"","48h",10,"15hHB101","DMSO",1,"MILBEMYCIN",0.00097,NA,NA,"ED3102",2,NA,NA,NA,866.090529983356,766.703956703968,801.581944774297,822.220016126804,857.396275628216,54.0485064179535,903.522566860424,921.680304286873,1020.2274167805,0.0624051465139472,41.0842514312932,36.9577680275689,38.9832867954887,40.1059604294817,41.198968958908,1.78645804453156,41.8477738199173,43.5769977227368,44.7176518508837,0.0434827940705973,34,"2_ED3102_0.00097",NA,NA,NA,NA,NA,"2",858.463870400194,-1.06759477197761
"20250619-CbDRC4-p025-m2x_F03_roi_0.png",20250619,"CbDRC4","p025","m2x","F03",0,950.805973634607,42.5247761682999,"","48h",10,"15hHB101","DMSO",1,"MILBEMYCIN",0.0019,NA,NA,"ED3102",2,NA,NA,NA,869.333667658527,751.984609132251,802.920594824993,840.974604868256,871.906019179648,49.6311000302169,903.402895936518,925.944102080148,976.2193282609,0.0570909673427164,41.4757159554042,33.9695086534266,38.7021240175936,40.2446207967645,41.4753384788501,2.66688438937993,43.4921890099811,44.641036954705,45.4860408359613,0.0642999000245695,42,"2_ED3102_0.0019",NA,NA,NA,NA,NA,"2",858.463870400194,13.4421487794536
"20250619-CbDRC4-p025-m2x_F04_roi_0.png",20250619,"CbDRC4","p025","m2x","F04",0,886.958444094516,40.6036153425351,"","48h",10,"15hHB101","DMSO",1,"MILBEMYCIN",0.0039,NA,NA,"ED3102",2,NA,NA,NA,856.934258199179,752.122775901514,787.493415569681,804.807454237805,851.055908399458,57.2597318219907,896.566791524121,922.71209003973,982.162299381672,0.066819281962563,40.6677440706358,37.9543920250282,38.7850519234773,39.2313302221993,40.4050130193351,1.78381913907647,41.7103866664193,42.630062731907,45.7319159192884,0.0438632429666655,30,"2_ED3102_0.0039",NA,NA,NA,NA,NA,"2",858.463870400194,-7.40796200073623
"20250619-CbDRC4-p025-m2x_F05_roi_0.png",20250619,"CbDRC4","p025","m2x","F05",0,906.816979551941,40.6489589633983,"","48h",10,"15hHB101","DMSO",1,"MILBEMYCIN",0.0078,NA,NA,"ED3102",2,NA,NA,NA,887.809003708755,793.788917907879,814.898746254882,856.87034081797,896.260103353,52.0650691242874,910.592085093698,945.705088989675,1017.50048209817,0.058644448194138,40.8803968769795,37.203447395517,39.1095364400171,39.8081071796885,40.7230752312397,1.68484891292169,41.8029817408677,42.8305782271527,45.1824351249578,0.0412141036201744,36,"2_ED3102_0.0078",NA,NA,NA,NA,NA,"2",858.463870400194,37.7962329528057
"20250619-CbDRC4-p025-m2x_F06_roi_0.png",20250619,"CbDRC4","p025","m2x","F06",0,898.802212339858,37.7549606252644,"","48h",10,"15hHB101","DMSO",1,"MILBEMYCIN",0.0156,NA,NA,"ED3102",2,NA,NA,NA,871.986762441013,768.009829721101,808.002412373466,853.60631733713,883.828530275395,42.9419741657555,902.248309462634,920.900648313315,933.6805601866,0.0492461308077029,40.5331166363316,37.2729632504019,38.2654455868627,39.3930875645896,40.7454622755743,1.63340376114775,42.01210816182,42.5962092393173,42.9789091933182,0.0402980055988011,35,"2_ED3102_0.0156",NA,NA,NA,NA,NA,"2",858.463870400194,25.3646598752009
"20250619-CbDRC4-p025-m2x_F08_roi_0.png",20250619,"CbDRC4","p025","m2x","F08",0,890.1705434958,42.4258095396555,"","48h",10,"15hHB101","DMSO",1,"MILBEMYCIN",0.0625,NA,NA,"ED3102",2,NA,NA,NA,879.723721298046,754.345089126777,827.298353534133,852.793061663598,890.079996855,42.4889187121098,903.169753508397,924.762087453748,978.126744062582,0.0482980254862478,41.8302729619812,38.5721534230695,39.7345198358026,40.6586982872661,41.524144938537,1.86464757981922,42.945370033863,44.3764336073283,46.7843675609112,0.0445765099719517,42,"2_ED3102_0.0625",NA,NA,NA,NA,NA,"2",858.463870400194,31.6161264548057
"20250619-CbDRC4-p025-m2x_F09_roi_0.png",20250619,"CbDRC4","p025","m2x","F09",0,907.780264466337,41.355569433008,"","48h",10,"15hHB101","DMSO",1,"MILBEMYCIN",0.125,NA,NA,"ED3102",2,NA,NA,NA,874.4927950503,773.943712761238,820.896202132824,862.262902208409,871.620202297379,43.7822012142682,897.133141986049,926.870244876042,970.762438305002,0.0500658226826784,42.0050534810981,38.7245057619258,39.765458910616,40.742710313685,42.0031390451155,1.94834049613643,42.9155951776018,44.3733492198383,46.8067123723643,0.0463834785262961,38,"2_ED3102_0.125",NA,NA,NA,NA,NA,"2",858.463870400194,13.1563318971856
"20250619-CbDRC4-p025-m2x_F10_roi_0.png",20250619,"CbDRC4","p025","m2x","F10",0,784.106118239672,35.6446737104031,"","48h",10,"15hHB101","DMSO",1,"MILBEMYCIN",0.25,NA,NA,"ED3102",2,NA,NA,NA,744.172821574042,633.510662899844,660.723900795739,702.133247677756,754.743597698334,54.8098996714342,787.254204076572,812.442417931619,827.13829216627,0.0736521115558919,34.4569367982419,27.510157875404,29.6819599054878,32.8009401579835,35.2453807631265,3.01260045102483,36.4513959687952,37.4830691320034,39.6133992348993,0.0874308841979982,51,"2_ED3102_0.25",NA,NA,NA,NA,NA,"2",858.463870400194,-103.72027270186
"20250619-CbDRC4-p025-m2x_F11_roi_0.png",20250619,"CbDRC4","p025","m2x","F11",0,441.577289318546,20.5550018794103,"","48h",10,"15hHB101","DMSO",1,"MILBEMYCIN",0.5,NA,NA,"ED3102",2,NA,NA,NA,438.86445745548,344.239068316234,362.090846614242,403.765197584702,440.218548169818,56.8410982211335,476.40582412059,512.955281986672,547.71198870651,0.129518572888531,21.5225429992376,17.6020513007435,19.0660862470288,19.6042464753774,21.1632147414176,2.18914263484187,23.2283585556707,23.9808358345192,26.0827107027121,0.101713939422466,32,"2_ED3102_0.5",NA,NA,NA,NA,NA,"2",858.463870400194,-418.245322230376
"20250619-CbDRC4-p026-m2x_A01_roi_0.png",20250619,"CbDRC4","p026","m2x","A01",0,825.289407235868,37.2542680838405,"","48h",10,"15hHB101","DMSO",1,"MILBEMYCIN",0,NA,NA,"ECA2666",2,NA,NA,NA,798.428022169673,718.675597120232,752.286534749036,779.661547049263,796.366047167686,35.4006034693097,821.048364112574,841.127746461625,870.300441263473,0.0443378770363182,36.7523896708081,31.8453590406478,34.4486686197091,35.6173063189567,36.9787662381359,1.87618321244356,38.2648404276503,38.9178063095502,40.5846154112503,0.0510492849376209,44,"2_ECA2666_0",NA,NA,NA,NA,NA,"2",778.447145543842,17.9189016238437
"20250619-CbDRC4-p026-m2x_A02_roi_0.png",20250619,"CbDRC4","p026","m2x","A02",0,817.052016729233,37.0268500587881,"","48h",10,"15hHB101","DMSO",1,"MILBEMYCIN",0.00097,NA,NA,"ECA2666",2,NA,NA,NA,798.126064966205,552.567038954127,732.81967692547,771.187194204527,811.378299326387,57.1527031187708,841.57566048699,851.31007294464,878.274209210331,0.0716086162668937,36.7037840561383,31.8600924557795,34.1632744189362,35.3990876463381,36.4075115757973,2.22480118777768,38.3955120120757,39.6720286558855,41.6649049641833,0.0606150358877126,45,"2_ECA2666_0.00097",NA,NA,NA,NA,NA,"2",778.447145543842,32.9311537825452
"20250619-CbDRC4-p026-m2x_A03_roi_0.png",20250619,"CbDRC4","p026","m2x","A03",0,833.355008186747,37.520275028391,"","48h",10,"15hHB101","DMSO",1,"MILBEMYCIN",0.0019,NA,NA,"ECA2666",2,NA,NA,NA,795.131948814833,680.699273561051,733.366663944865,780.584900352596,798.927299429099,41.6952954611772,821.376414133497,834.581880475259,911.275884271687,0.0524382091844318,36.7054889321679,23.745664386314,34.8701374505705,36.0139475144238,37.1185491468228,2.56360266202517,37.7982042959044,38.8669739551522,40.0451271852552,0.0698424877751318,41,"2_ECA2666_0.0019",NA,NA,NA,NA,NA,"2",778.447145543842,20.4801538852572
"20250619-CbDRC4-p026-m2x_A04_roi_0.png",20250619,"CbDRC4","p026","m2x","A04",0,797.377349025511,35.2525182470869,"","48h",10,"15hHB101","DMSO",1,"MILBEMYCIN",0.0039,NA,NA,"ECA2666",2,NA,NA,NA,789.844784229374,599.419420849312,746.065443052667,763.109484721006,798.293851473842,49.2581468967694,825.927376784952,837.138996090013,884.500205853414,0.0623643377538145,36.5935884105506,27.6475629866666,33.7155170352113,35.5259198104006,37.0362346806196,2.59719364286961,38.0274748186194,39.7378420604193,40.9592049757624,0.0709740081713549,50,"2_ECA2666_0.0039",NA,NA,NA,NA,NA,"2",778.447145543842,19.8467059300002
"20250619-CbDRC4-p026-m2x_A05_roi_0.png",20250619,"CbDRC4","p026","m2x","A05",0,829.621260980316,36.9626511070351,"","48h",10,"15hHB101","DMSO",1,"MILBEMYCIN",0.0078,NA,NA,"ECA2666",2,NA,NA,NA,819.830291981454,739.913464330206,779.57147669078,794.694181072935,822.269144348601,34.9625822009621,842.981174883728,855.969430147287,924.5051938976,0.0426461214508929,37.333869577769,32.9077648495144,34.6245464330148,35.6523040009376,37.0792076116198,2.3285074096979,38.322609367011,39.7569866221888,43.4422957285818,0.0623698383272986,39,"2_ECA2666_0.0078",NA,NA,NA,NA,NA,"2",778.447145543842,43.8219988047584
"20250619-CbDRC4-p026-m2x_A06_roi_0.png",20250619,"CbDRC4","p026","m2x","A06",0,821.194972379017,37.632722309089,"","48h",10,"15hHB101","DMSO",1,"MILBEMYCIN",0.0156,NA,NA,"ECA2666",2,NA,NA,NA,808.292818681464,724.697372919579,759.977020708158,772.638257455281,813.064896805716,36.8610511255776,836.368094618753,853.60521939019,883.745922465368,0.045603586068855,36.6715443355393,32.3634694764531,33.9335514040385,35.8613893064419,36.5008033679279,1.98567082285148,38.1164377163989,38.9186414110943,41.2438767692989,0.0541474557134241,37,"2_ECA2666_0.0156",NA,NA,NA,NA,NA,"2",778.447145543842,34.6177512618741
"20250619-CbDRC4-p026-m2x_A07_roi_0.png",20250619,"CbDRC4","p026","m2x","A07",0,861.842749281761,35.1435910647133,"","48h",10,"15hHB101","DMSO",1,"MILBEMYCIN",0.03125,NA,NA,"ECA2666",2,NA,NA,NA,807.743385678346,737.118180487306,755.59826593313,781.024570363784,814.627109031249,36.9901846027144,832.194650283639,843.486691644217,898.173881799172,0.0457944753972203,36.5366112379364,32.0437243536985,33.7254739528065,35.4353936057389,36.5613798566718,2.03951716875904,37.9985949163799,38.8307314112847,40.8641694394145,0.055821191392851,37,"2_ECA2666_0.03125",NA,NA,NA,NA,NA,"2",778.447145543842,36.1799634874068
"20250619-CbDRC4-p026-m2x_A08_roi_0.png",20250619,"CbDRC4","p026","m2x","A08",0,807.296147626234,36.5639906873338,"","48h",10,"15hHB101","DMSO",1,"MILBEMYCIN",0.0625,NA,NA,"ECA2666",2,NA,NA,NA,781.760658403617,664.299275161739,725.559905856337,756.314286646181,783.746702662445,43.2011374288853,817.406363822502,833.559364380519,857.935054274679,0.0552613347378002,36.3298863682527,26.8749759233892,33.9898269224228,35.5988956770979,36.5360618311883,2.4680502711265,37.4733634450498,38.8629668785444,41.4704193408112,0.067934434093998,48,"2_ECA2666_0.0625",NA,NA,NA,NA,NA,"2",778.447145543842,5.29955711860293
"20250619-CbDRC4-p026-m2x_A09_roi_0.png",20250619,"CbDRC4","p026","m2x","A09",0,808.542117383446,35.1799208802408,"","48h",10,"15hHB101","DMSO",1,"MILBEMYCIN",0.125,NA,NA,"ECA2666",2,NA,NA,NA,777.908886024671,672.009437419005,722.41097826928,744.821136768472,777.730574186284,48.7316611546971,807.595226076624,820.207994192031,908.335765884495,0.0626444330822974,35.9289269809635,27.7147854146382,31.6954304362089,34.9655904351009,36.2905629398508,2.89126550940325,38.0104727923915,38.9414671586415,40.3928398940952,0.0804718023150302,38,"2_ECA2666_0.125",NA,NA,NA,NA,NA,"2",778.447145543842,-0.716571357557882
"20250619-CbDRC4-p026-m2x_A10_roi_0.png",20250619,"CbDRC4","p026","m2x","A10",0,685.152206808602,28.5982901973662,"","48h",10,"15hHB101","DMSO",1,"MILBEMYCIN",0.25,NA,NA,"ECA2666",2,NA,NA,NA,606.835628629565,376.076963857128,511.039655951675,542.139660358173,598.46182523051,83.7364137549746,677.214504633883,719.373215663049,786.534689956794,0.137988624603468,27.0201055194722,19.3010852942564,23.5003331036099,24.4469183019844,26.0782503565588,3.64548776667029,29.8583155546032,32.2534716668589,36.3614744832539,0.134917599194538,64,"2_ECA2666_0.25",NA,NA,NA,NA,NA,"2",778.447145543842,-179.985320313333
"20250619-CbDRC4-p026-m2x_A11_roi_0.png",20250619,"CbDRC4","p026","m2x","A11",0,417.105537898988,19.2135544702996,"","48h",10,"15hHB101","DMSO",1,"MILBEMYCIN",0.5,NA,NA,"ECA2666",2,NA,NA,NA,399.063740102013,292.676118857181,336.88890483609,360.697569351372,396.143112577269,55.9667836213306,422.500979467058,470.542519217968,515.23911803083,0.140245224001118,18.4731556057408,15.4923866340332,16.8087735253392,17.2510642284457,18.3325243072498,1.54462095364873,19.4859104123555,20.2845059128752,21.5931632535178,0.0836143529895194,32,"2_ECA2666_0.5",NA,NA,NA,NA,NA,"2",778.447145543842,-382.304032966573
"20250619-CbDRC4-p026-m2x_A12_roi_1.png",20250619,"CbDRC4","p026","m2x","A12",1,305.24965371279,15.8499884441342,"","48h",10,"15hHB101","DMSO",1,"MILBEMYCIN",1,NA,NA,"ECA2666",2,NA,NA,NA,287.402284399092,252.876066924985,254.603245788172,261.960028084854,284.14728444533,30.7298851830734,304.422445832661,336.359227783858,337.834362664211,0.106922898150668,15.6949852963001,14.0660075876785,14.2599237392156,14.8337855124671,15.8499884441342,1.12045994786346,16.385828795356,16.9136286669676,17.6165019989171,0.071389678085751,11,"2_ECA2666_1",NA,NA,NA,NA,NA,"2",778.447145543842,-494.299861098512
"20250619-CbDRC4-p026-m2x_B01_roi_0.png",20250619,"CbDRC4","p026","m2x","B01",0,793.414746190479,39.0391358654212,"","48h",10,"15hHB101","DMSO",1,"MILBEMYCIN",0,NA,NA,"JU3237",2,NA,NA,NA,784.290544376357,767.943380574015,770.48434739238,775.388667379739,789.596756576327,11.2372831471426,793.414746190479,794.559612843174,797.17608570251,0.0143279594886333,40.0671236876568,38.1149107535678,38.8542908430505,39.5458008348664,40.0990088764512,1.39901555476312,40.2685537116288,41.0006924777558,43.2482879690319,0.03491679526759,9,"2_JU3237_0",NA,NA,NA,NA,NA,"2",765.709066236116,23.8876903402105
"20250619-CbDRC4-p026-m2x_B02_roi_0.png",20250619,"CbDRC4","p026","m2x","B02",0,840.898108383438,39.9504655963633,"","48h",10,"15hHB101","DMSO",1,"MILBEMYCIN",0.00097,NA,NA,"JU3237",2,NA,NA,NA,743.573512133657,156.202151663125,752.16738961472,764.187301546936,782.261969507603,171.245831530558,800.26787282012,826.806575465871,840.898108383438,0.230301145396068,38.1991156910664,13.7249618863498,38.0747054722042,39.6095611893014,39.9223712731354,7.15035498704326,40.2911613260827,41.2199290599112,43.0804825149211,0.1871864009856,14,"2_JU3237_0.00097",NA,NA,NA,NA,NA,"2",765.709066236116,16.5529032714865
"20250619-CbDRC4-p026-m2x_B03_roi_0.png",20250619,"CbDRC4","p026","m2x","B03",0,828.715849513845,41.1065322514932,"","48h",10,"15hHB101","DMSO",1,"MILBEMYCIN",0.0019,NA,NA,"JU3237",2,NA,NA,NA,791.57708091735,724.030899304548,731.824872266297,788.303618560435,803.687403638327,33.0952456698867,811.774802441532,824.887761314429,828.715849513845,0.0418092520207039,39.9978233766201,34.7497721205507,38.2618222961456,39.3452503817808,40.2737796579782,1.83681973394906,41.1065322514932,41.6711559670708,42.7045871204273,0.0459229922751931,17,"2_JU3237_0.0019",NA,NA,NA,NA,NA,"2",765.709066236116,37.9783374022105
"20250619-CbDRC4-p026-m2x_B04_roi_0.png",20250619,"CbDRC4","p026","m2x","B04",0,810.817791357747,39.1001818737758,"","48h",10,"15hHB101","DMSO",1,"MILBEMYCIN",0.0039,NA,NA,"JU3237",2,NA,NA,NA,792.423888328324,738.081933532652,760.216721362345,780.184785976062,793.265184740847,25.6999865184113,812.01119155074,822.446378455565,831.445083786455,0.0324321198501818,39.3803788460198,37.3531967600131,37.9358498507136,38.6841636949217,39.3090597551801,1.31236465477059,39.9099454347207,40.8242082409526,42.5340938223841,0.033325343565181,16,"2_JU3237_0.0039",NA,NA,NA,NA,NA,"2",765.709066236116,27.5561185047306
"20250619-CbDRC4-p026-m2x_B05_roi_0.png",20250619,"CbDRC4","p026","m2x","B05",0,812.103246707471,38.5505951897902,"","48h",10,"15hHB101","DMSO",1,"MILBEMYCIN",0.0078,NA,NA,"JU3237",2,NA,NA,NA,780.495246942041,723.293101048974,737.965312799751,754.723796398906,791.233986626247,30.4702488876445,807.697626864878,810.58976426573,835.630535460651,0.0390396341387422,39.6321143666964,34.9416115617717,38.3219253087359,38.9039824110782,40.0590619839655,1.65992186228559,40.6110747322349,41.0763232257891,42.4516396450097,0.0418832527310341,21,"2_JU3237_0.0078",NA,NA,NA,NA,NA,"2",765.709066236116,25.5249203901302
"20250619-CbDRC4-p026-m2x_B06_roi_0.png",20250619,"CbDRC4","p026","m2x","B06",0,783.850241267694,38.8676322637422,"","48h",10,"15hHB101","DMSO",1,"MILBEMYCIN",0.0156,NA,NA,"JU3237",2,NA,NA,NA,788.760485691753,719.999841771652,724.478030970001,763.885578092297,804.095529595197,38.0723947674627,813.266550494443,823.405688506229,834.65360074835,0.0482686385260193,39.3815738527918,31.9790834557772,37.6684063048363,38.8511855874538,39.4139127370994,2.4514298503783,40.7417776297694,41.8896834027557,42.53667607652,0.0622481432443949,16,"2_JU3237_0.0156",NA,NA,NA,NA,NA,"2",765.709066236116,38.3864633590811
"20250619-CbDRC4-p026-m2x_B07_roi_0.png",20250619,"CbDRC4","p026","m2x","B07",0,816.866105126458,39.5179356075602,"","48h",10,"15hHB101","DMSO",1,"MILBEMYCIN",0.03125,NA,NA,"JU3237",2,NA,NA,NA,791.832113479848,730.456608743184,745.103035981822,759.564396547078,792.66237039416,36.7414038953254,815.144995475035,829.536603597405,867.012020989723,0.0464004973653553,39.9049639294879,36.8842965833924,37.4328062195902,38.7657906470288,39.832178040589,1.83006131672731,41.0826962360727,42.0851115070492,43.5518463473868,0.045860492944212,18,"2_JU3237_0.03125",NA,NA,NA,NA,NA,"2",765.709066236116,26.9533041580432
"20250619-CbDRC4-p026-m2x_B08_roi_0.png",20250619,"CbDRC4","p026","m2x","B08",0,795.613662117737,40.5406719028098,"","48h",10,"15hHB101","DMSO",1,"MILBEMYCIN",0.0625,NA,NA,"JU3237",2,NA,NA,NA,799.572995938,751.989105224083,766.997500351302,784.302815816548,794.154336941378,27.2808605522682,822.159117772841,834.166452185136,844.203088060591,0.0341192870330297,38.9112022173348,34.629242235799,36.7591740324656,37.7752658869746,38.8586822716513,1.99746653785072,40.4731150573924,40.9231530540554,42.229226427191,0.0513339712994233,16,"2_JU3237_0.0625",NA,NA,NA,NA,NA,"2",765.709066236116,28.4452707052621
"20250619-CbDRC4-p026-m2x_B09_roi_0.png",20250619,"CbDRC4","p026","m2x","B09",0,834.634842967865,36.3869263313369,"","48h",10,"15hHB101","DMSO",1,"MILBEMYCIN",0.125,NA,NA,"JU3237",2,NA,NA,NA,742.589479756306,286.236297759552,733.765829163069,749.152028511947,757.740268339726,125.612143234814,796.501724851735,814.787113943332,834.634842967865,0.169154218662021,36.6409745226261,18.0654926395175,35.8918356466984,36.9739963446759,37.7368804353688,5.11165917158424,38.3743269251499,39.0771044407106,40.8987917518115,0.139506638078847,16,"2_JU3237_0.125",NA,NA,NA,NA,NA,"2",765.709066236116,-7.9687978963907
"20250619-CbDRC4-p026-m2x_B11_roi_0.png",20250619,"CbDRC4","p026","m2x","B11",0,455.704758621343,20.0703484834867,"","48h",10,"15hHB101","DMSO",1,"MILBEMYCIN",0.5,NA,NA,"JU3237",2,NA,NA,NA,404.366500764523,298.982039586238,336.726080203337,382.117807349056,413.545175855796,55.8429492779958,449.298198978192,457.363441703145,461.233702227349,0.138099840546671,18.1458493083874,16.5491773585383,17.0377107509416,17.3511385725432,18.2249833974467,1.11800055808451,18.5064171873477,19.4497358595088,20.0703484834867,0.0616119168127195,8,"2_JU3237_0.5",NA,NA,NA,NA,NA,"2",765.709066236116,-352.16389038032
"20250619-CbDRC4-p026-m2x_C01_roi_0.png",20250619,"CbDRC4","p026","m2x","C01",0,861.408251142003,40.5544014711044,"","48h",10,"15hHB101","DMSO",1,"MILBEMYCIN",0,NA,NA,"VX34",2,NA,NA,NA,912.119260790793,861.408251142003,867.672054932425,877.067760618058,892.727270094113,62.6980321071438,937.474765615188,964.323262927833,982.222261136263,0.0687388533521215,42.0138017393582,40.5544014711044,40.9501551031257,41.5437855511576,42.5331696312109,1.28125973532871,42.7435018734851,42.8697012188496,42.9538341157593,0.030496162743788,3,"2_VX34_0",NA,"n<5",NA,NA,NA,"2",808.628894132328,84.0983759617852
"20250619-CbDRC4-p026-m2x_C02_roi_0.png",20250619,"CbDRC4","p026","m2x","C02",0,863.190214727164,35.7431223119217,"","48h",10,"15hHB101","DMSO",1,"MILBEMYCIN",0.00097,NA,NA,"VX34",2,NA,NA,NA,404.620165034115,175.270049720597,175.296085907394,175.33514018759,175.400230654583,397.133317783063,519.295222690873,725.632217912647,863.190214727164,0.981496603733478,21.0541639280644,13.5930218653616,13.6396870136713,13.7096847361357,13.8263476069099,12.7215460549195,24.7847349594158,31.3597673709194,35.7431223119217,0.604229457811056,3,"2_VX34_0.00097",NA,"n<5",NA,NA,NA,"2",808.628894132328,-633.228663477745
"20250619-CbDRC4-p026-m2x_C03_roi_0.png",20250619,"CbDRC4","p026","m2x","C03",0,955.472682192386,42.4989698572975,"","48h",10,"15hHB101","DMSO",1,"MILBEMYCIN",0.0019,NA,NA,"VX34",2,NA,NA,NA,907.891035641927,860.309389091468,869.82571840156,884.100212366697,907.891035641927,67.2906098717019,931.681858917156,945.956352882294,955.472682192386,0.074117495635502,41.6670801372468,40.8351904171962,41.0015683612063,41.2511352772215,41.6670801372468,1.17646972449442,42.0830249972722,42.3325919132874,42.4989698572975,0.0282349932037296,2,"2_VX34_0.0019",NA,"n<5",NA,NA,NA,"2",808.628894132328,99.2621415095989
"20250619-CbDRC4-p026-m2x_C04_roi_0.png",20250619,"CbDRC4","p026","m2x","C04",0,856.668337658346,37.5646967390121,"","48h",10,"15hHB101","DMSO",1,"MILBEMYCIN",0.0039,NA,NA,"VX34",2,NA,NA,NA,844.667490328826,794.907061867962,807.259317026039,825.787699763154,856.668337658346,44.977252831013,869.547704559258,877.275324699805,882.42707146017,0.0532484715535856,39.1575610017602,37.5646967390121,37.9385770614749,38.4993975451691,39.434098351326,1.47417875571663,39.9539931331342,40.2659300022191,40.4738879149423,0.0376473589775002,3,"2_VX34_0.0039",NA,"n<5",NA,NA,NA,"2",808.628894132328,48.0394435260182
"20250619-CbDRC4-p026-m2x_C05_roi_0.png",20250619,"CbDRC4","p026","m2x","C05",0,934.286603648079,40.4403519124764,"","48h",10,"15hHB101","DMSO",1,"MILBEMYCIN",0.0078,NA,NA,"VX34",2,NA,NA,NA,926.566604296163,866.074374821072,884.496948696223,912.13080950895,930.884779026494,46.2196935171336,945.320573813707,965.181720111838,978.422484310592,0.0498827534931965,39.7082158157263,38.7550414831363,38.8447126071298,38.9792192931201,39.7471485711288,0.937869945781439,40.4761450937351,40.5405728200008,40.5835246375113,0.0236190402040174,4,"2_VX34_0.0078",NA,"n<5",NA,NA,NA,"2",808.628894132328,122.255884894166
"20250619-CbDRC4-p026-m2x_C06_roi_0.png",20250619,"CbDRC4","p026","m2x","C06",0,861.718687800195,41.0741117428438,"","48h",10,"15hHB101","DMSO",1,"MILBEMYCIN",0.0156,NA,NA,"VX34",2,NA,NA,NA,840.937438431866,755.123404974745,783.598521828191,826.311197108359,861.718687800195,52.9260672696516,877.44591041512,881.431159282593,884.087991860909,0.0629369853818677,41.2338719759507,39.7601858808563,39.9019968322831,40.1147132594233,41.0741117428438,1.44376582839583,41.8686788708481,42.7584736238084,43.3516701257819,0.0350140736052607,5,"2_VX34_0.0156",NA,NA,NA,NA,NA,"2",808.628894132328,53.089793667867
"20250619-CbDRC4-p026-m2x_C07_roi_0.png",20250619,"CbDRC4","p026","m2x","C07",0,867.467665560546,40.9075393052704,"","48h",10,"15hHB101","DMSO",1,"MILBEMYCIN",0.03125,NA,NA,"VX34",2,NA,NA,NA,849.812400931266,815.174020679683,826.068849707001,842.411093247978,858.303958742416,24.14260225109,865.705266425704,866.762705906609,867.467665560546,0.0284093315473313,40.5226472336455,38.7357101760562,39.3872589148205,40.3645820229668,41.0568458512436,1.20066158701202,41.2149110619222,41.230676658392,41.2411870560385,0.0296293966208389,4,"2_VX34_0.03125",NA,"n<5",NA,NA,NA,"2",808.628894132328,49.6750646100886
"20250619-CbDRC4-p026-m2x_C08_roi_0.png",20250619,"CbDRC4","p026","m2x","C08",0,193.379310952233,12.0058834361898,"","48h",10,"15hHB101","DMSO",1,"MILBEMYCIN",0.0625,NA,NA,"VX34",2,NA,NA,NA,187.512603630897,173.116321986794,177.168919779882,183.247816469514,193.379310952233,12.5384372650291,194.710744452948,195.509604553377,196.042177953663,0.066867170644753,12.4956415882631,11.9818048723993,11.9866205851574,11.9938441542945,12.0058834361898,0.869222030623238,12.752559946195,13.2005658521981,13.4992364562001,0.0695620168427112,3,"2_VX34_0.0625",NA,"n<5",NA,NA,NA,"2",808.628894132328,-615.249583180095
"20250619-CbDRC4-p026-m2x_C09_roi_0.png",20250619,"CbDRC4","p026","m2x","C09",0,170.289497384512,12.5199774177053,"","48h",10,"15hHB101","DMSO",1,"MILBEMYCIN",0.125,NA,NA,"VX34",2,NA,NA,NA,323.972131626216,170.289497384512,201.026024232853,247.130814505364,323.972131626216,217.340065645842,400.813448747068,446.918239019579,477.65476586792,0.670860374794825,10.1803390957264,7.84070077374754,8.30862843814332,9.01051993473698,10.1803390957264,3.30874824599034,11.3501582567158,12.0520497533095,12.5199774177053,0.325013559457888,2,"2_VX34_0.125",NA,"n<5",NA,NA,NA,"2",808.628894132328,-484.656762506112
"20250619-CbDRC4-p026-m2x_C10_roi_0.png",20250619,"CbDRC4","p026","m2x","C10",0,846.959093034822,39.2022053901871,"","48h",10,"15hHB101","DMSO",1,"MILBEMYCIN",0.25,NA,NA,"VX34",2,NA,NA,NA,846.959093034822,846.959093034822,846.959093034822,846.959093034822,846.959093034822,NA,846.959093034822,846.959093034822,846.959093034822,NA,39.2022053901871,39.2022053901871,39.2022053901871,39.2022053901871,39.2022053901871,NA,39.2022053901871,39.2022053901871,39.2022053901871,NA,1,"2_VX34_0.25",NA,"n<5",NA,NA,NA,"2",808.628894132328,38.330198902494
"20250619-CbDRC4-p026-m2x_C11_roi_0.png",20250619,"CbDRC4","p026","m2x","C11",0,470.75584143319,20.7061674745964,"","48h",10,"15hHB101","DMSO",1,"MILBEMYCIN",0.5,NA,NA,"VX34",2,NA,NA,NA,541.601106093412,470.75584143319,484.924894365234,506.178473763301,541.601106093412,100.190334112397,577.023738423523,598.27731782159,612.446370753634,0.184989160814449,24.9495502708215,20.7061674745964,21.5548440338414,22.827858872709,24.9495502708215,6.00104950076225,27.0712416689341,28.3442565078016,29.1929330670467,0.240527361640681,2,"2_VX34_0.5",NA,"n<5",NA,NA,NA,"2",808.628894132328,-267.027788038916
"20250619-CbDRC4-p026-m2x_C12_roi_0.png",20250619,"CbDRC4","p026","m2x","C12",0,202.663739811628,14.0907584825276,"","48h",10,"15hHB101","DMSO",1,"MILBEMYCIN",1,NA,NA,"VX34",2,NA,NA,NA,160.212030408036,109.567132209221,124.203411170367,146.046898364973,159.28773981482,31.0151821928894,178.935902145318,189.709100048902,202.663739811628,0.193588347353807,14.3022883327135,10.5002214343589,11.0067448947763,11.3650690395634,13.4937028962119,5.21491825863182,13.8384815382159,18.7404522266625,25.7149928428649,0.364621250622098,7,"2_VX34_1",NA,NA,NA,NA,NA,"2",808.628894132328,-649.341154317508
"20250619-CbDRC4-p026-m2x_D01_roi_0.png",20250619,"CbDRC4","p026","m2x","D01",0,792.491036846732,34.6235010383163,"","48h",10,"15hHB101","DMSO",1,"MILBEMYCIN",0,NA,NA,"PB420",2,NA,NA,NA,764.736163850379,399.515845513277,737.723352721565,756.743292859981,769.551176345248,69.9993156028561,789.637838410829,800.33108212406,915.769845094977,0.0915339419158834,38.142103073652,22.6131252429956,36.1463291042014,37.1199649666437,38.6854831030237,3.22797879768459,39.8860455441336,40.7526572838109,41.262999919841,0.0846303307253771,36,"2_PB420_0",NA,NA,NA,NA,NA,"2",764.404649350685,5.14652699456292
"20250619-CbDRC4-p026-m2x_D02_roi_0.png",20250619,"CbDRC4","p026","m2x","D02",0,750.864286338305,37.6408955806355,"","48h",10,"15hHB101","DMSO",1,"MILBEMYCIN",0.00097,NA,NA,"PB420",2,NA,NA,NA,773.999228154316,714.940417596433,742.591560185991,754.137945779561,769.601997639029,26.5663531575774,790.988236648037,805.518175431232,833.015048873173,0.034323487919914,38.5789239157031,35.7704374593568,36.7840653887797,37.6408955806355,38.5631029995702,1.53117325582458,39.3432326719816,40.5913261962172,42.0878620963483,0.0396893718230782,33,"2_PB420_0.00097",NA,NA,NA,NA,NA,"2",764.404649350685,5.19734828834351
"20250619-CbDRC4-p026-m2x_D03_roi_0.png",20250619,"CbDRC4","p026","m2x","D03",0,745.576503099779,37.8332917808391,"","48h",10,"15hHB101","DMSO",1,"MILBEMYCIN",0.0019,NA,NA,"PB420",2,NA,NA,NA,774.070273533033,697.550831328615,743.959618574155,756.453423746033,770.773570608367,32.0638765879759,780.624442358825,812.980506628188,891.939954976905,0.0414224362881538,38.0987341538141,34.7103748585867,36.3678004013669,37.1330736262444,38.1323449833156,1.5603417719033,39.2895609529483,40.0088380824611,41.0161825044134,0.0409552129895921,50,"2_PB420_0.0019",NA,NA,NA,NA,NA,"2",764.404649350685,6.36892125768122
"20250619-CbDRC4-p026-m2x_D04_roi_0.png",20250619,"CbDRC4","p026","m2x","D04",0,767.34716840599,38.7750705776634,"","48h",10,"15hHB101","DMSO",1,"MILBEMYCIN",0.0039,NA,NA,"PB420",2,NA,NA,NA,787.817977166211,730.553465196799,752.585688153587,767.044470642675,777.579047318739,45.7398001819187,794.504981565052,811.421984787727,1001.1191916916,0.058058842915016,38.1366062481445,31.9240020529593,36.1624885497107,37.3342189110508,38.2042296866555,1.83239806279836,39.1708926832218,40.2589214197292,41.7956376684122,0.0480482728556244,46,"2_PB420_0.0039",NA,NA,NA,NA,NA,"2",764.404649350685,13.1743979680539
"20250619-CbDRC4-p026-m2x_D05_roi_0.png",20250619,"CbDRC4","p026","m2x","D05",0,784.174100910795,38.5767342866026,"","48h",10,"15hHB101","DMSO",1,"MILBEMYCIN",0.0078,NA,NA,"PB420",2,NA,NA,NA,772.033795996084,696.730384623808,744.885708877904,757.108153537704,768.902421617042,26.3362234317245,784.873420497921,802.768931305696,863.852025553706,0.0341127856944984,38.5003114190885,34.4901230545626,36.0210954347929,37.0407989623025,38.589343890443,2.03581163216219,39.9985604591653,41.2679132702549,43.1444416215281,0.0528777964936884,63,"2_PB420_0.0078",NA,NA,NA,NA,NA,"2",764.404649350685,4.49777226635706
"20250619-CbDRC4-p026-m2x_D06_roi_0.png",20250619,"CbDRC4","p026","m2x","D06",0,782.422518527904,36.830196193214,"","48h",10,"15hHB101","DMSO",1,"MILBEMYCIN",0.0156,NA,NA,"PB420",2,NA,NA,NA,761.645565970721,519.842968859994,719.456787349538,745.753098118439,769.63540992155,42.4125545153091,786.841522232541,797.621279401431,815.963253110784,0.0556854216846311,37.8725299565076,33.5540441136218,35.3217672399859,36.9198849715273,37.9062718892682,1.67210290491615,38.8402644102395,39.6282419794498,41.9710578227249,0.0441508108076323,61,"2_PB420_0.0156",NA,NA,NA,NA,NA,"2",764.404649350685,5.23076057086462
"20250619-CbDRC4-p026-m2x_D07_roi_0.png",20250619,"CbDRC4","p026","m2x","D07",0,766.218376155675,39.1295374495729,"","48h",10,"15hHB101","DMSO",1,"MILBEMYCIN",0.03125,NA,NA,"PB420",2,NA,NA,NA,772.969159433409,742.123050677659,747.654296909968,755.17769058171,773.124894213011,21.8819273470271,781.345813372806,792.035107690129,842.398630057575,0.0283089267921979,38.3285646324958,32.4984507423697,36.316438418212,37.0588618964848,38.6339337272203,1.95520626274163,39.4625808664685,40.3168774567831,42.5019474465529,0.0510117266714435,33,"2_PB420_0.03125",NA,NA,NA,NA,NA,"2",764.404649350685,8.72024486232613
"20250619-CbDRC4-p026-m2x_D08_roi_0.png",20250619,"CbDRC4","p026","m2x","D08",0,770.162110170702,37.5908473852265,"","48h",10,"15hHB101","DMSO",1,"MILBEMYCIN",0.0625,NA,NA,"PB420",2,NA,NA,NA,777.963641193371,627.581408302175,750.339359268764,764.13829933143,776.839149212701,37.7527366344123,789.16370918593,807.770284220202,901.77683806141,0.0485276362999444,38.6358106900371,33.4981780067616,36.8982163049735,37.5555792856688,38.5857103313149,1.88703053667035,39.9665451174084,40.6691232265185,42.877805538037,0.0488414893583934,52,"2_PB420_0.0625",NA,NA,NA,"outlier","outlier","2",764.404649350685,12.4344998620157
"20250619-CbDRC4-p026-m2x_D09_roi_0.png",20250619,"CbDRC4","p026","m2x","D09",0,742.267106361866,36.5484101924287,"","48h",10,"15hHB101","DMSO",1,"MILBEMYCIN",0.125,NA,NA,"PB420",2,NA,NA,NA,793.458722076378,710.6783548164,756.702692525078,772.538244346588,789.559897854595,34.6339831407936,814.976941330525,836.433451096147,871.188663886938,0.0436493823524443,38.0977441965409,32.3059730470387,35.7224750549966,36.6293876591957,38.322853608356,2.27401094658096,39.6878203205921,40.6237085710148,42.5709786440568,0.0596888607065462,56,"2_PB420_0.125",NA,NA,NA,NA,NA,"2",764.404649350685,25.1552485039101
"20250619-CbDRC4-p026-m2x_D10_roi_0.png",20250619,"CbDRC4","p026","m2x","D10",0,750.090248945199,36.7279488789787,"","48h",10,"15hHB101","DMSO",1,"MILBEMYCIN",0.25,NA,NA,"PB420",2,NA,NA,NA,750.94167354496,658.510239609448,706.982126622331,742.405485250099,756.324388971121,30.3339554835969,768.344923685486,781.008319301503,820.827793196629,0.0403945559984703,36.2869964675303,29.6261659581234,33.7463574358623,35.5018484316061,36.434155869916,2.0838053867098,37.7737616721195,38.5649579890623,39.476561641878,0.0574256783300982,43,"2_PB420_0.25",NA,NA,NA,NA,NA,"2",764.404649350685,-8.08026037956381
"20250619-CbDRC4-p026-m2x_D11_roi_0.png",20250619,"CbDRC4","p026","m2x","D11",0,425.59398262941,20.3079564231146,"","48h",10,"15hHB101","DMSO",1,"MILBEMYCIN",0.5,NA,NA,"PB420",2,NA,NA,NA,527.581425551375,408.759112749507,444.475773744374,489.365553334443,546.060257044848,61.3834543319494,562.484066035945,603.329692666844,682.691841636376,0.116348778328952,23.8523362418652,18.2165777405809,19.5511484812642,21.5099941536303,24.6424995512184,2.94173654892522,25.8742850442975,26.777956553317,30.5687478606912,0.12333117054429,42,"2_PB420_0.5",NA,NA,NA,NA,NA,"2",764.404649350685,-218.344392305838
"20250619-CbDRC4-p026-m2x_D12_roi_0.png",20250619,"CbDRC4","p026","m2x","D12",0,318.99425086784,15.7280725192609,"","48h",10,"15hHB101","DMSO",1,"MILBEMYCIN",1,NA,NA,"PB420",2,NA,NA,NA,298.604270400219,187.533890504043,268.040728970919,280.975202294241,298.347737821907,38.834512748194,320.647338951003,332.729311746291,382.409186671442,0.130053440616051,16.4874287499641,13.4786540326956,14.7533793864028,15.0986212224083,16.717279732932,1.62810021057724,17.1624564325494,18.3178948425097,20.5194291570225,0.0987479755192747,24,"2_PB420_1",NA,NA,NA,NA,NA,"2",764.404649350685,-466.056911528778
"20250619-CbDRC4-p026-m2x_E01_roi_0.png",20250619,"CbDRC4","p026","m2x","E01",0,805.969668053935,36.9992639683282,"","48h",10,"15hHB101","DMSO",1,"MILBEMYCIN",0,NA,NA,"NIC1667",2,NA,NA,NA,781.849350025993,634.632901614564,723.422009413163,761.681150993528,790.251516490466,53.0435518887644,823.079219345954,833.741450778182,868.527267663578,0.067843698900563,37.5785024366395,29.9790459886817,34.5126989870705,36.2853167756243,38.3159966152047,2.82813373431274,39.3170972845135,40.5699841978598,41.3154142115895,0.0752593517818121,28,"2_NIC1667_0",NA,NA,NA,NA,NA,"2",776.621116305835,13.6304001846302
"20250619-CbDRC4-p026-m2x_E02_roi_0.png",20250619,"CbDRC4","p026","m2x","E02",0,798.882199423754,39.1313338126029,"","48h",10,"15hHB101","DMSO",1,"MILBEMYCIN",0.00097,NA,NA,"NIC1667",2,NA,NA,NA,777.866847789579,578.464982950525,727.275597973765,758.082104796185,795.226047543888,46.3331296001666,806.107922304749,818.948925033164,842.27958082824,0.0595643454041381,38.1293992355609,31.7848760034803,35.255462981981,37.0923508017847,38.4009408600086,2.34341761065828,39.5785186274786,40.8449941371646,41.4160322894845,0.0614595996171039,51,"2_NIC1667_0.00097",NA,NA,NA,NA,NA,"2",776.621116305835,18.6049312380527
"20250619-CbDRC4-p026-m2x_E03_roi_0.png",20250619,"CbDRC4","p026","m2x","E03",0,809.403692169722,39.2011614121477,"","48h",10,"15hHB101","DMSO",1,"MILBEMYCIN",0.0019,NA,NA,"NIC1667",2,NA,NA,NA,769.256028318606,574.805275090442,707.838381976585,740.737435276365,779.160511955853,51.9550840913223,807.794386193818,821.830839765699,870.650176536497,0.0675393915402686,37.6068789124213,26.076365751192,34.1033026440389,35.7366067841759,38.5413518060049,3.13355391738789,39.6369542829783,41.2742037839442,41.7889241858007,0.0833239558296047,50,"2_NIC1667_0.0019",NA,NA,NA,NA,NA,"2",776.621116305835,2.53939565001724
"20250619-CbDRC4-p026-m2x_E04_roi_0.png",20250619,"CbDRC4","p026","m2x","E04",0,716.157650406726,37.1561677875409,"","48h",10,"15hHB101","DMSO",1,"MILBEMYCIN",0.0039,NA,NA,"NIC1667",2,NA,NA,NA,775.940773103334,581.696138572937,707.386155882898,750.765056484591,790.150920038403,55.1895025805443,808.914740825877,832.963935680169,880.725177301135,0.0711259215826703,37.4878354526204,27.3096626506671,32.610990566368,36.6125274686214,38.0000605477997,3.08624811997122,39.250020301745,40.7146739084388,42.4609175968118,0.082326655639316,59,"2_NIC1667_0.0039",NA,NA,NA,NA,NA,"2",776.621116305835,13.5298037325672
"20250619-CbDRC4-p026-m2x_E05_roi_0.png",20250619,"CbDRC4","p026","m2x","E05",0,839.17116576167,37.6381486825114,"","48h",10,"15hHB101","DMSO",1,"MILBEMYCIN",0.0078,NA,NA,"NIC1667",2,NA,NA,NA,793.28489937554,705.738809648764,745.70116731461,771.399004729576,798.121332121461,35.7264549570434,815.295962565785,839.929845169145,856.03082898838,0.0450360960925471,38.6345396490401,33.508021103941,35.9901152076568,37.1535531982304,39.1208348740728,2.13351794969449,39.907752422459,41.3975501105743,42.4368108064531,0.055223071610936,48,"2_NIC1667_0.0078",NA,NA,NA,"outlier","outlier","2",776.621116305835,21.5002158156256
"20250619-CbDRC4-p026-m2x_E06_roi_0.png",20250619,"CbDRC4","p026","m2x","E06",0,797.642916084165,37.4261430583831,"","48h",10,"15hHB101","DMSO",1,"MILBEMYCIN",0.0156,NA,NA,"NIC1667",2,NA,NA,NA,785.456756016473,721.81976882114,742.46596686768,761.524356596436,784.370724488331,32.2716781746313,808.617934577046,823.893453365218,855.548636063688,0.041086511672903,38.0470969525605,34.7320711842416,35.7978279138268,37.2582277555935,38.394993937092,1.45436491254263,39.2312985920998,39.7984773279902,40.1481094360368,0.038225384563664,51,"2_NIC1667_0.0156",NA,NA,NA,NA,NA,"2",776.621116305835,7.74960818249588
"20250619-CbDRC4-p026-m2x_E07_roi_0.png",20250619,"CbDRC4","p026","m2x","E07",0,804.665775261277,38.3463984629107,"","48h",10,"15hHB101","DMSO",1,"MILBEMYCIN",0.03125,NA,NA,"NIC1667",2,NA,NA,NA,779.440371433808,454.077876244778,730.015342576542,751.791558626152,789.011500107906,59.4258219523424,812.703401277911,835.418039214231,855.063235906231,0.0762416525115661,37.6188111210922,21.6582394462089,34.2793429717042,36.5137875058715,38.3520778555629,3.33085886865498,39.4768178751211,40.2745346539752,42.8280067361352,0.0885423746628567,54,"2_NIC1667_0.03125",NA,NA,NA,NA,NA,"2",776.621116305835,12.3903838020708
"20250619-CbDRC4-p026-m2x_E08_roi_0.png",20250619,"CbDRC4","p026","m2x","E08",0,778.583853992639,42.3035174300449,"","48h",10,"15hHB101","DMSO",1,"MILBEMYCIN",0.0625,NA,NA,"NIC1667",2,NA,NA,NA,784.735477501491,539.202718810437,731.207062134922,774.343704505217,795.188692771748,51.1292238537197,814.236436951406,830.754810431006,843.357128357615,0.0651547245149529,39.0386100578955,30.4453259932825,36.0324976263681,37.9964151338791,39.1513277633696,2.49065049010748,40.5313643912334,41.9418656177393,43.816286763183,0.0637996713103711,53,"2_NIC1667_0.0625",NA,NA,NA,"outlier","outlier","2",776.621116305835,18.5675764659129
"20250619-CbDRC4-p026-m2x_E09_roi_0.png",20250619,"CbDRC4","p026","m2x","E09",0,772.416522844136,36.9966007845431,"","48h",10,"15hHB101","DMSO",1,"MILBEMYCIN",0.125,NA,NA,"NIC1667",2,NA,NA,NA,790.849532518386,682.42317072736,755.940440995539,770.608964855275,795.510068023991,32.8649689312662,809.197764976898,825.112110101262,851.749029689877,0.041556538355167,37.9580668415156,30.7451612721137,35.8863337866608,36.5335136790523,38.1768319150648,2.03230065481717,39.3615309373849,40.3489759670603,41.5128806378262,0.0535406785414686,40,"2_NIC1667_0.125",NA,NA,NA,NA,NA,"2",776.621116305835,18.8889517181555
"20250619-CbDRC4-p026-m2x_E10_roi_0.png",20250619,"CbDRC4","p026","m2x","E10",0,787.581201026609,35.9721250490737,"","48h",10,"15hHB101","DMSO",1,"MILBEMYCIN",0.25,NA,NA,"NIC1667",2,NA,NA,NA,780.751320861128,641.252926296568,737.562186248791,762.495525048825,785.093663402271,44.3182233268209,794.842069731015,817.155939735481,943.438634125882,0.0567635585655368,37.3381332512351,33.9052831190688,35.6470931642914,36.4960530373443,37.2590225064261,1.43939950278449,38.2375440333964,38.9648296759217,41.6611350085905,0.0385503874309752,54,"2_NIC1667_0.25",NA,NA,NA,NA,NA,"2",776.621116305835,8.47254709643562
"20250619-CbDRC4-p026-m2x_E11_roi_0.png",20250619,"CbDRC4","p026","m2x","E11",0,640.244260060786,31.5529777248203,"","48h",10,"15hHB101","DMSO",1,"MILBEMYCIN",0.5,NA,NA,"NIC1667",2,NA,NA,NA,610.079559176352,458.36816129137,524.37768879594,572.350019340371,608.14831459471,67.249237300333,660.100085997059,691.495927645144,740.547257341994,0.110230274541773,27.1299781629639,18.9026283820931,23.3187866981235,24.7215717173603,27.2786581512104,3.58072200789856,30.700541660531,31.5225430406559,33.4232217585051,0.131983962036015,52,"2_NIC1667_0.5",NA,NA,NA,NA,NA,"2",776.621116305835,-168.472801711125
"20250619-CbDRC4-p026-m2x_E12_roi_0.png",20250619,"CbDRC4","p026","m2x","E12",0,532.634975944637,24.8903173105551,"","48h",10,"15hHB101","DMSO",1,"MILBEMYCIN",1,NA,NA,"NIC1667",2,NA,NA,NA,337.512638153906,279.893656306203,287.123977954257,299.647930572626,324.818187369652,59.8194564154193,344.662507482034,402.044535984603,532.634975944637,0.177236196969139,18.1581107425385,14.6190060266643,16.0907300622918,17.187709205942,17.7396376198969,2.32210974046122,18.5434236831363,19.0795640119603,24.9934692687408,0.127882783257913,31,"2_NIC1667_1",NA,NA,NA,NA,NA,"2",776.621116305835,-451.802928936183
"20250619-CbDRC4-p026-m2x_F01_roi_0.png",20250619,"CbDRC4","p026","m2x","F01",0,888.852386805258,43.0064738234766,"","48h",10,"15hHB101","DMSO",1,"MILBEMYCIN",0,NA,NA,"ED3102",2,NA,NA,NA,892.700421373996,766.98867567574,836.70986165762,868.250254782848,903.193928122736,43.5889825446767,915.175659793616,937.614388130447,958.095519990664,0.0488282311747842,42.2717791068937,38.9256922625419,39.9295427304103,41.5218689337958,42.1359452871229,1.64089307682137,43.1295875508799,44.6583250968665,44.8911388271926,0.0388176961436139,30,"2_ED3102_0",NA,NA,NA,NA,NA,"2",858.463870400194,44.7300577225419
"20250619-CbDRC4-p026-m2x_F02_roi_0.png",20250619,"CbDRC4","p026","m2x","F02",0,899.597615212817,43.1323298135284,"","48h",10,"15hHB101","DMSO",1,"MILBEMYCIN",0.00097,NA,NA,"ED3102",2,NA,NA,NA,884.678998434205,767.006708170463,819.579342676647,867.33436901194,887.692046218059,41.5103853920949,910.052416576899,928.18487701744,973.845795451109,0.0469214093084206,42.8372418279232,39.4854670017881,39.8869732621342,40.8458298755929,42.5908013710765,2.30256523496745,44.5022313728814,45.6095844570287,47.9516011352618,0.0537514820449186,39,"2_ED3102_0.00097",NA,NA,NA,"outlier","outlier","2",858.463870400194,29.2281758178651
"20250619-CbDRC4-p026-m2x_F03_roi_0.png",20250619,"CbDRC4","p026","m2x","F03",0,962.218807925453,46.4490456185618,"","48h",10,"15hHB101","DMSO",1,"MILBEMYCIN",0.0019,NA,NA,"ED3102",2,NA,NA,NA,905.672163247005,803.631276774433,864.457296992989,883.272006812776,905.382647809054,42.9934968092124,927.422325820288,942.868018342576,1084.3630098184,0.0474713682874746,42.659579124919,37.2194482159816,40.1458079959464,41.4786121462734,42.7098303443369,2.28668433968448,44.1690675213371,45.4108222293792,47.3435634652239,0.0536030684453882,48,"2_ED3102_0.0019",NA,NA,NA,"outlier","outlier","2",858.463870400194,46.9187774088604
"20250619-CbDRC4-p026-m2x_F04_roi_0.png",20250619,"CbDRC4","p026","m2x","F04",0,892.8840665832,43.5253096201492,"","48h",10,"15hHB101","DMSO",1,"MILBEMYCIN",0.0039,NA,NA,"ED3102",2,NA,NA,NA,891.292359382933,752.766957349578,846.146291803426,877.4875428033,899.487246533796,39.8625404317813,912.46151745228,930.649868683973,953.996379780593,0.0447244274138951,42.1324819306764,37.7879370789207,39.8449908715892,40.7654912665971,42.214930905155,2.12113976270504,43.4692080939321,44.6976041433899,48.6839193900466,0.0503445243552256,47,"2_ED3102_0.0039",NA,NA,NA,NA,NA,"2",858.463870400194,41.0233761336024
"20250619-CbDRC4-p026-m2x_F05_roi_0.png",20250619,"CbDRC4","p026","m2x","F05",0,897.664431763777,42.6747638396839,"","48h",10,"15hHB101","DMSO",1,"MILBEMYCIN",0.0078,NA,NA,"ED3102",2,NA,NA,NA,893.504854081236,809.013864043877,856.017451828212,881.394190468219,897.664431763777,30.8933513517967,909.495549166918,924.607273370225,957.87897852839,0.0345754712027428,43.0224085880343,37.9177480964981,40.364408268354,41.453722930879,43.0738674024611,2.23004627044815,44.3480381836776,46.1523420800492,47.7691103566966,0.0518345286476681,47,"2_ED3102_0.0078",NA,NA,NA,"outlier","outlier","2",858.463870400194,39.200561363583
"20250619-CbDRC4-p026-m2x_F06_roi_0.png",20250619,"CbDRC4","p026","m2x","F06",0,867.886099137498,42.6911295974751,"","48h",10,"15hHB101","DMSO",1,"MILBEMYCIN",0.0156,NA,NA,"ED3102",2,NA,NA,NA,889.519157637226,807.662398096538,826.934911708246,862.305915140847,893.514934402203,39.5938524052795,917.744076174455,930.431107068016,959.411646541898,0.0445115229563467,42.6612580564705,37.795832059238,40.0277661837829,41.0383855136462,42.6209482871826,2.2961483469513,44.3169415720431,45.8268920131864,46.8691643924277,0.0538227996912773,41,"2_ED3102_0.0156",NA,NA,NA,NA,NA,"2",858.463870400194,35.0510640020092
"20250619-CbDRC4-p026-m2x_F07_roi_0.png",20250619,"CbDRC4","p026","m2x","F07",0,859.060002244898,46.1870422548392,"","48h",10,"15hHB101","DMSO",1,"MILBEMYCIN",0.03125,NA,NA,"ED3102",2,NA,NA,NA,892.613862072509,793.385882059087,828.342626714124,860.609432897614,897.888447977557,43.1770075817268,930.678884010199,942.365233386221,965.005713825066,0.048371428471295,42.7596302351298,38.6412024076172,39.6796786020238,40.6036383991874,42.4273420484962,2.53935176295334,44.5145255401927,46.179019253367,48.0642512962194,0.0593866632847329,46,"2_ED3102_0.03125",NA,NA,NA,NA,NA,"2",858.463870400194,39.4245775773635
"20250619-CbDRC4-p026-m2x_F08_roi_0.png",20250619,"CbDRC4","p026","m2x","F08",0,955.05634364674,44.8791012738371,"","48h",10,"15hHB101","DMSO",1,"MILBEMYCIN",0.0625,NA,NA,"ED3102",2,NA,NA,NA,894.816968262179,765.968850154597,852.252634417936,878.001439032799,893.550957446006,41.0920107474554,919.34067483127,949.77151985502,971.155687961037,0.0459222524884168,42.679897948986,39.2183663320202,40.0263112119225,41.4702223825158,42.4613175954614,2.01603389144947,43.9865964784466,45.8050735511159,46.4269268365787,0.0472361460156061,48,"2_ED3102_0.0625",NA,NA,NA,"outlier","outlier","2",858.463870400194,35.0870870458126
"20250619-CbDRC4-p026-m2x_F09_roi_0.png",20250619,"CbDRC4","p026","m2x","F09",0,895.005863584071,41.7291887421618,"","48h",10,"15hHB101","DMSO",1,"MILBEMYCIN",0.125,NA,NA,"ED3102",2,NA,NA,NA,897.794785518199,796.919902845323,837.544588784455,861.875053862829,883.552890943831,62.9864124723524,914.326095148393,947.155864525984,1126.67450328876,0.0701568036352508,42.9163914707806,37.1711955941159,39.8071155998709,41.0948840993622,43.1973095875853,2.75347817439464,44.4178588934827,45.8038397757809,50.3677378707173,0.0641591261527507,45,"2_ED3102_0.125",NA,NA,NA,"outlier","outlier","2",858.463870400194,25.0890205436373
"20250619-CbDRC4-p026-m2x_F10_roi_0.png",20250619,"CbDRC4","p026","m2x","F10",0,777.343094103637,34.0535315280789,"","48h",10,"15hHB101","DMSO",1,"MILBEMYCIN",0.25,NA,NA,"ED3102",2,NA,NA,NA,731.796040073708,549.296203706853,623.128322006836,693.064741926643,750.017448647071,73.5576415138656,781.687939873153,797.336168192712,894.683500053905,0.100516588620043,33.1500792949669,26.4042506539202,27.7728472100113,30.1867806690564,33.7604464400832,3.47294795564481,36.0557358289681,37.6009000724446,39.0055497591907,0.104764393615556,54,"2_ED3102_0.25",NA,NA,NA,NA,NA,"2",858.463870400194,-108.446421753123
"20250619-CbDRC4-p026-m2x_F11_roi_0.png",20250619,"CbDRC4","p026","m2x","F11",0,454.067034420624,21.711516551693,"","48h",10,"15hHB101","DMSO",1,"MILBEMYCIN",0.5,NA,NA,"ED3102",2,NA,NA,NA,430.646278597555,277.988387205741,325.139319930581,395.623889533628,437.763198281937,75.0685174157026,472.331674126164,514.800025156605,630.08906241365,0.174315955220073,21.2636620076999,16.8918090204022,18.3161584843285,19.4428615039671,21.2564898767835,2.57144079737651,22.3085196591403,25.4554099711796,28.985765127978,0.120931229834511,47,"2_ED3102_0.5",NA,NA,NA,NA,NA,"2",858.463870400194,-420.700672118256
"20250619-CbDRC4-p026-m2x_F12_roi_0.png",20250619,"CbDRC4","p026","m2x","F12",0,249.684387618705,12.3090625913872,"fallback_a","48h",10,"15hHB101","DMSO",1,"MILBEMYCIN",1,NA,NA,"ED3102",2,NA,NA,NA,235.428979164198,178.588284602458,211.758370487902,223.969449960086,233.86442672527,22.808303191759,249.684387618705,259.405615316043,285.761789990915,0.0968797608209969,15.0221037552912,12.3090625913872,13.3904580865142,13.987413919615,14.7109274604758,1.63413537963131,15.8133200893456,16.4022302962246,20.6904928433458,0.10878205917435,25,"2_ED3102_1",NA,NA,NA,NA,NA,"2",858.463870400194,-624.599443674924
"20250619-CbDRC4-p027-m2x_A01_roi_0.png",20250619,"CbDRC4","p027","m2x","A01",0,839.467338925572,36.1007802152257,"","48h",10,"15hHB101","DMSO",1,"MILBEMYCIN",0,NA,NA,"ECA2666",2,NA,NA,NA,804.04242614419,712.375285202557,760.259986303626,775.266718159162,814.992091912263,38.1452783860383,836.263963612134,843.809274878264,859.853034222202,0.0474418726496376,37.3623986051431,32.3950081403331,34.1655408940846,36.0491507032024,37.0665218701288,2.54971464671912,39.066689491053,40.5881669861624,41.9509561838962,0.0682427986935546,23,"2_ECA2666_0",NA,NA,NA,NA,NA,"2",778.447145543842,36.5449463684213
"20250619-CbDRC4-p027-m2x_A02_roi_0.png",20250619,"CbDRC4","p027","m2x","A02",0,799.186423723365,36.9983728516552,"","48h",10,"15hHB101","DMSO",1,"MILBEMYCIN",0.00097,NA,NA,"ECA2666",2,NA,NA,NA,800.431658575914,724.036685991745,754.830752586703,770.798726514248,799.245651797593,39.9322130033905,819.650212049479,844.573157834583,917.300878727693,0.0498883478377602,36.6978538535282,27.2230176397058,34.0060495554278,35.5383379189185,37.0915602619904,2.46848502208424,38.0510036482075,39.287920540202,40.7021896145762,0.067265105799829,36,"2_ECA2666_0.00097",NA,NA,NA,NA,NA,"2",778.447145543842,20.7985062537506
"20250619-CbDRC4-p027-m2x_A04_roi_0.png",20250619,"CbDRC4","p027","m2x","A04",0,829.48459538189,36.7285773270643,"","48h",10,"15hHB101","DMSO",1,"MILBEMYCIN",0.0039,NA,NA,"ECA2666",2,NA,NA,NA,808.36728594651,742.530107854216,769.425730192618,787.864954253319,807.282946290881,31.0204598076611,830.448398192435,842.531612740796,873.540720667621,0.0383742147251043,37.0565977647068,30.4027356548578,34.3964017439479,35.8345183375077,36.896380222846,2.46434639477916,38.2869774388088,40.886914784641,41.6006844027062,0.066502230194652,32,"2_ECA2666_0.0039",NA,NA,NA,NA,NA,"2",778.447145543842,28.8358007470392
"20250619-CbDRC4-p027-m2x_A05_roi_0.png",20250619,"CbDRC4","p027","m2x","A05",0,790.018364305669,35.6956251356574,"","48h",10,"15hHB101","DMSO",1,"MILBEMYCIN",0.0078,NA,NA,"ECA2666",2,NA,NA,NA,806.587516388803,743.381953080886,767.432518567784,784.389841284533,807.370870547398,32.1362798734336,833.099173724684,849.785571128645,868.541805464247,0.0398422728104098,35.8866832947958,29.6448034832654,33.2845742513858,34.8771386379964,36.2700204641185,2.1667946428525,36.9467274583398,38.329066113422,39.8826148599033,0.0603787935779154,23,"2_ECA2666_0.0078",NA,NA,NA,NA,NA,"2",778.447145543842,28.923725003556
"20250619-CbDRC4-p027-m2x_A06_roi_0.png",20250619,"CbDRC4","p027","m2x","A06",0,806.766424264001,37.8487277821425,"","48h",10,"15hHB101","DMSO",1,"MILBEMYCIN",0.0156,NA,NA,"ECA2666",2,NA,NA,NA,806.855416343017,687.871878083252,756.414274880425,788.201264778023,804.281991484918,42.3326388443006,836.26514742443,858.050064210708,897.567650905799,0.0524662014864678,36.4730842139756,32.6249126034985,34.9467327093095,35.5120592395191,36.3342819105075,1.54624582437564,37.1017956409212,38.5570534365132,40.2047275354929,0.0423941615494954,36,"2_ECA2666_0.0156",NA,NA,NA,NA,NA,"2",778.447145543842,25.8348459410757
"20250619-CbDRC4-p027-m2x_A07_roi_0.png",20250619,"CbDRC4","p027","m2x","A07",0,800.846360665338,37.2672253728348,"","48h",10,"15hHB101","DMSO",1,"MILBEMYCIN",0.03125,NA,NA,"ECA2666",2,NA,NA,NA,801.131719780857,700.062114782964,760.584498082433,773.913331672878,804.481088776238,36.2238802977522,823.249201531079,845.969737129684,867.24256848694,0.0452158857318256,37.3599447803406,32.2132110486243,34.7087199363354,35.766231636362,37.2672253728348,2.14897153687955,39.0523973410943,39.9854088320474,41.4439080926654,0.0575207364334858,33,"2_ECA2666_0.03125",NA,NA,NA,"outlier","outlier","2",778.447145543842,26.0339432323964
"20250619-CbDRC4-p027-m2x_A08_roi_0.png",20250619,"CbDRC4","p027","m2x","A08",0,773.661544339737,35.0555086833947,"","48h",10,"15hHB101","DMSO",1,"MILBEMYCIN",0.0625,NA,NA,"ECA2666",2,NA,NA,NA,801.263815783755,735.792830859659,756.258671961575,779.422214733858,797.749429762578,35.9550485273473,834.695282661292,843.427911874129,887.813154991483,0.04487292177568,36.4980023576685,31.7478335324833,33.8525395353737,35.0555086833947,36.2534812073825,2.23639107679351,37.9091072558496,39.257191087257,41.2054567031777,0.0612743419455565,41,"2_ECA2666_0.0625",NA,NA,NA,NA,NA,"2",778.447145543842,19.3022842187356
"20250619-CbDRC4-p027-m2x_A09_roi_0.png",20250619,"CbDRC4","p027","m2x","A09",0,785.391186643255,36.4446172299079,"","48h",10,"15hHB101","DMSO",1,"MILBEMYCIN",0.125,NA,NA,"ECA2666",2,NA,NA,NA,766.857024424898,568.269639471909,707.559180447327,735.091408520294,779.108936137788,63.7498768352615,808.654020007261,828.248500503834,862.916702677786,0.0831313723481513,34.6533546338492,25.4647454221328,30.2006491169826,32.6041225731969,35.6101687628997,3.56079578083514,37.5269853130852,38.2457406012777,40.1584785177421,0.102754720818774,36,"2_ECA2666_0.125",NA,NA,NA,NA,NA,"2",778.447145543842,0.661790593946307
"20250619-CbDRC4-p027-m2x_A10_roi_0.png",20250619,"CbDRC4","p027","m2x","A10",0,693.22494765328,31.0493739171743,"","48h",10,"15hHB101","DMSO",1,"MILBEMYCIN",0.25,NA,NA,"ECA2666",2,NA,NA,NA,570.911910360809,390.722022851498,411.387821600042,540.019167040353,572.969798326603,85.3906655371945,626.010632342505,678.879120490627,731.52741501349,0.149568898436939,25.6520339067144,18.3578663350786,20.4034665029235,23.0694731627708,25.0720932084985,4.22469832228489,29.2437152424867,31.668268508828,33.8480499601783,0.164692528383844,45,"2_ECA2666_0.25",NA,NA,NA,NA,NA,"2",778.447145543842,-205.477347217239
"20250619-CbDRC4-p027-m2x_A11_roi_0.png",20250619,"CbDRC4","p027","m2x","A11",0,429.930615537688,18.5990496759848,"","48h",10,"15hHB101","DMSO",1,"MILBEMYCIN",0.5,NA,NA,"ECA2666",2,NA,NA,NA,340.629641706486,156.783837687107,283.366809277283,311.189736269539,346.496385731286,72.1044904924548,393.904600107611,411.554843663844,429.930615537688,0.211680023298107,17.3371591191813,13.852243828657,15.6605085689657,16.2887841694277,17.6628831627852,1.64235739347703,18.429522104026,19.1344419555948,20.2286499977716,0.0947304793240304,23,"2_ECA2666_0.5",NA,NA,NA,NA,NA,"2",778.447145543842,-431.950759812556
"20250619-CbDRC4-p027-m2x_A12_roi_0.png",20250619,"CbDRC4","p027","m2x","A12",0,281.411455294559,15.6784269961298,"","48h",10,"15hHB101","DMSO",1,"MILBEMYCIN",1,NA,NA,"ECA2666",2,NA,NA,NA,274.830890295845,244.812463379985,256.676132510052,260.170497290011,274.856377773985,17.4512953773299,281.659356348687,296.290595454119,309.637229481467,0.063498303842571,15.8024852325813,13.8813950066084,14.5935118605236,14.9568698513113,15.8431934178314,1.07018695080899,16.8633400941405,17.068387196618,17.33109152318,0.0677226989968954,16,"2_ECA2666_1",NA,NA,NA,NA,NA,"2",778.447145543842,-503.590767769857
"20250619-CbDRC4-p027-m2x_B01_roi_0.png",20250619,"CbDRC4","p027","m2x","B01",0,818.4794678041,39.9387450927381,"","48h",10,"15hHB101","DMSO",1,"MILBEMYCIN",0,NA,NA,"JU3237",2,NA,NA,NA,793.120229375501,683.208981828438,772.368634908936,780.4958857899,797.414352974474,34.1726336253422,817.279327779615,825.896905528793,830.605308465846,0.0430863220476038,39.1601607359764,35.1927957636565,37.4752418531468,38.2880457250576,39.4376682586813,1.63521087115217,40.0496874023702,40.5832972090479,42.3186006086886,0.0417570010035709,17,"2_JU3237_0",NA,NA,NA,NA,NA,"2",765.709066236116,31.7052867383578
"20250619-CbDRC4-p027-m2x_B02_roi_0.png",20250619,"CbDRC4","p027","m2x","B02",0,769.207706330709,39.2648826428171,"","48h",10,"15hHB101","DMSO",1,"MILBEMYCIN",0.00097,NA,NA,"JU3237",2,NA,NA,NA,776.370450799203,652.792382385103,745.20600072561,759.122124710604,780.916076694348,38.2902339740211,798.574440397485,812.340701059275,842.330931125687,0.0493195406066843,38.8014073778125,30.9909266765862,36.160366774712,38.1114112492416,39.2648826428171,2.55168406413381,40.0695150193129,41.7514611356286,42.9625321654887,0.0657626678147999,23,"2_JU3237_0.00097",NA,NA,NA,NA,NA,"2",765.709066236116,15.2070104582322
"20250619-CbDRC4-p027-m2x_B03_roi_0.png",20250619,"CbDRC4","p027","m2x","B03",0,754.456902705669,37.7076858116402,"","48h",10,"15hHB101","DMSO",1,"MILBEMYCIN",0.0019,NA,NA,"JU3237",2,NA,NA,NA,739.57476994559,533.141969343497,700.177701744258,732.737372732781,760.668097094681,77.400123457567,775.341086493618,793.329077650779,806.873730475114,0.10465489981934,38.196603308164,26.9626932460835,35.3083369449012,37.7462715562537,39.7163218613466,4.29693788521313,40.8308291143556,41.1979174622241,41.3041304046379,0.112495287880604,10,"2_JU3237_0.0019",NA,NA,NA,NA,NA,"2",765.709066236116,-5.04096914143577
"20250619-CbDRC4-p027-m2x_B04_roi_0.png",20250619,"CbDRC4","p027","m2x","B04",0,787.988712020612,38.6539307571799,"","48h",10,"15hHB101","DMSO",1,"MILBEMYCIN",0.0039,NA,NA,"JU3237",2,NA,NA,NA,786.814411140221,721.101734050819,739.172696824121,750.534348266504,787.988712020612,39.0806258843483,817.566223416391,826.953301481565,849.4701858102,0.0496694332628124,39.770842392758,35.1849756362695,37.4558363985383,38.7043770982112,40.4244828414808,1.9003135873496,41.341893871658,41.6103908278369,42.2325430884883,0.0477815774828958,19,"2_JU3237_0.0039",NA,NA,NA,NA,NA,"2",765.709066236116,22.2796457844955
"20250619-CbDRC4-p027-m2x_B05_roi_0.png",20250619,"CbDRC4","p027","m2x","B05",0,777.195854421724,40.1368340171482,"","48h",10,"15hHB101","DMSO",1,"MILBEMYCIN",0.0078,NA,NA,"JU3237",2,NA,NA,NA,783.644381676859,734.280187707144,751.692309150814,767.403084380254,782.827255813478,26.3309037553965,801.364985324627,814.839123610384,828.580775347075,0.0336005774699145,40.1449209396481,35.7183308874203,37.2837201939871,38.4089633549468,39.8327035617717,2.32722790407755,41.9321990849609,43.0197390354906,43.5672497267373,0.057970668508133,18,"2_JU3237_0.0078",NA,NA,NA,NA,NA,"2",765.709066236116,17.1181895773622
"20250619-CbDRC4-p027-m2x_B06_roi_0.png",20250619,"CbDRC4","p027","m2x","B06",0,796.796397858255,38.9122821357081,"","48h",10,"15hHB101","DMSO",1,"MILBEMYCIN",0.0156,NA,NA,"JU3237",2,NA,NA,NA,773.460926573118,512.626484947782,718.898220427044,771.013118309642,786.721290611252,83.5519790194747,803.394502733557,844.643116356488,875.880747261089,0.108023529242335,39.2079919385842,31.220876186118,37.3995254367583,38.4340802060001,39.6881108567491,2.70611770172637,40.6753200409395,41.496505626613,43.0229279949991,0.0690195434126099,15,"2_JU3237_0.0156",NA,NA,NA,NA,NA,"2",765.709066236116,21.0122243751352
"20250619-CbDRC4-p027-m2x_B07_roi_0.png",20250619,"CbDRC4","p027","m2x","B07",0,785.583945029902,39.1979230828404,"","48h",10,"15hHB101","DMSO",1,"MILBEMYCIN",0.03125,NA,NA,"JU3237",2,NA,NA,NA,778.798330676069,717.35022041202,724.313132532803,752.406534709561,787.002435425653,35.5524028116386,797.395983859641,822.744548809052,826.016353348293,0.045650332584529,38.8689507474364,34.2937581228226,36.4727030444339,37.8369273640292,39.1052742506618,1.99869395901619,40.0454405070613,40.9626108830503,41.9583729350735,0.0514213509904949,17,"2_JU3237_0.03125",NA,NA,NA,NA,NA,"2",765.709066236116,21.293369189537
"20250619-CbDRC4-p027-m2x_B08_roi_0.png",20250619,"CbDRC4","p027","m2x","B08",0,760.580949296107,39.8975936426929,"","48h",10,"15hHB101","DMSO",1,"MILBEMYCIN",0.0625,NA,NA,"JU3237",2,NA,NA,NA,779.343824961636,697.575263382089,744.745771743258,761.265609765208,779.877698407835,32.6791121047307,800.916829437699,816.55822662641,827.731657293059,0.041931572507602,39.2988156227403,35.0516615076559,37.6334075304042,38.5603916103942,39.5527694198712,1.73961596651448,39.9409520024856,40.5558383273722,43.2739764853997,0.0442663713638192,20,"2_JU3237_0.0625",NA,NA,NA,NA,NA,"2",765.709066236116,14.1686321717189
"20250619-CbDRC4-p027-m2x_B09_roi_0.png",20250619,"CbDRC4","p027","m2x","B09",0,778.682753675506,37.2016920315911,"","48h",10,"15hHB101","DMSO",1,"MILBEMYCIN",0.125,NA,NA,"JU3237",2,NA,NA,NA,777.743370179158,711.143395382686,735.530410838922,752.164755220001,777.340038812554,35.1922496159542,803.84773699583,819.087101881216,829.031412230609,0.0452491798263063,37.5649323878362,33.4687624902555,36.0596164900653,37.2016920315911,37.6869791715486,1.81806887136746,38.2843405592525,38.8688052707241,41.4349901091057,0.0483980339055838,13,"2_JU3237_0.125",NA,NA,NA,NA,NA,"2",765.709066236116,11.6309725764372
"20250619-CbDRC4-p027-m2x_B10_roi_0.png",20250619,"CbDRC4","p027","m2x","B10",0,592.648902248935,26.4424447147584,"","48h",10,"15hHB101","DMSO",1,"MILBEMYCIN",0.25,NA,NA,"JU3237",2,NA,NA,NA,556.502667524236,388.624313013857,444.303437430262,477.964657249205,592.648902248935,85.9637834206554,612.712532028949,616.98095812106,693.467294580858,0.154471466961857,25.8434370324656,20.5060961014602,21.0924128687823,21.9885395276436,26.5668298394487,3.778341757151,27.4486776597394,30.7975169455735,32.1993146562064,0.14620120970769,15,"2_JU3237_0.25",NA,NA,NA,NA,NA,"2",765.709066236116,-173.060163987182
"20250619-CbDRC4-p027-m2x_B11_roi_0.png",20250619,"CbDRC4","p027","m2x","B11",0,480.545921149124,20.8974079036746,"","48h",10,"15hHB101","DMSO",1,"MILBEMYCIN",0.5,NA,NA,"JU3237",2,NA,NA,NA,389.620181888003,299.056777568002,324.400885555918,370.366667492328,394.017808485128,48.2298781075334,409.86426160807,444.674116874406,480.545921149124,0.123786909276166,18.4045501101395,16.0020494377636,16.7351284975314,17.5822482123914,18.4294324333989,1.36178921867498,19.1071923180864,20.0607367301206,20.8974079036746,0.0739919862493533,16,"2_JU3237_0.5",NA,NA,NA,NA,NA,"2",765.709066236116,-371.691257750988
"20250619-CbDRC4-p027-m2x_B12_roi_1.png",20250619,"CbDRC4","p027","m2x","B12",1,305.142932975979,14.6945710495448,"","48h",10,"15hHB101","DMSO",1,"MILBEMYCIN",1,NA,NA,"JU3237",2,NA,NA,NA,284.576086184792,172.914324420035,273.401921197752,273.962559973546,287.421825341469,39.3884259555167,306.840754751858,317.476533227509,326.191623312572,0.13841087803119,15.6705971303535,14.009004609588,14.2987932474837,14.9894838845614,15.3531755128364,1.16744965444766,16.681200054932,17.0626919129081,17.6566129061707,0.0744993725980194,12,"2_JU3237_1",NA,NA,NA,NA,NA,"2",765.709066236116,-478.287240894648
"20250619-CbDRC4-p027-m2x_C01_roi_0.png",20250619,"CbDRC4","p027","m2x","C01",0,813.621634134042,41.3556103009231,"","48h",10,"15hHB101","DMSO",1,"MILBEMYCIN",0,NA,NA,"VX34",2,NA,NA,NA,598.59171720963,141.261016084021,275.733139694025,477.441325109031,813.621634134042,396.294653880845,827.257067772435,835.438327955471,840.892501410829,0.662045000769798,31.0561132850439,12.3117306781599,17.7495843177377,25.9063647771043,39.5009988760488,16.2595758053296,40.4283045884859,40.9846880159482,41.3556103009231,0.52355475574466,3,"2_VX34_0",NA,"n<5",NA,NA,NA,"2",808.628894132328,4.99274000171386
"20250619-CbDRC4-p027-m2x_C02_roi_0.png",20250619,"CbDRC4","p027","m2x","C02",0,894.450442758558,37.1312513073116,"","48h",10,"15hHB101","DMSO",1,"MILBEMYCIN",0.00097,NA,NA,"VX34",2,NA,NA,NA,583.516544913018,167.630722700134,271.79827201618,428.049595990249,688.468469280363,374.603665475604,791.459456019461,853.254048062919,894.450442758558,0.641976082325898,28.1399213050088,16.8427627937995,19.5633601978227,23.6442563038574,30.4457498139152,10.3389228343717,33.7885005606134,35.7941510086323,37.1312513073116,0.367411220603926,3,"2_VX34_0.00097",NA,"n<5",NA,NA,NA,"2",808.628894132328,-120.160424851965
"20250619-CbDRC4-p027-m2x_C03_roi_0.png",20250619,"CbDRC4","p027","m2x","C03",0,779.153861655211,38.1278826319928,"","48h",10,"15hHB101","DMSO",1,"MILBEMYCIN",0.0019,NA,NA,"VX34",2,NA,NA,NA,419.177374978671,59.2008883021297,131.196185637438,239.1891316404,419.177374978671,509.083629593382,599.165618316941,707.158564319903,779.153861655211,1.2144826032638,38.4873404882041,38.1278826319928,38.1997742032351,38.3076115600985,38.4873404882041,0.508350175355669,38.6670694163098,38.7749067731732,38.8467983444155,0.0132082437733382,2,"2_VX34_0.0019",NA,"n<5",NA,NA,NA,"2",808.628894132328,-389.451519153657
"20250619-CbDRC4-p027-m2x_C04_roi_0.png",20250619,"CbDRC4","p027","m2x","C04",0,926.038846900741,37.9012555641385,"","48h",10,"15hHB101","DMSO",1,"MILBEMYCIN",0.0039,NA,NA,"VX34",2,NA,NA,NA,638.168479116312,131.798889057569,199.204432130727,300.312746740465,910.550594077082,389.954675736675,922.141318805706,924.479835662727,926.038846900741,0.611052862210705,28.3867522010749,12.5884457672412,13.4385342087602,14.7136668710388,37.9012555641385,13.4746803377181,38.1865618189987,38.400923317974,38.5438309839575,0.474682001035956,5,"2_VX34_0.0039",NA,NA,NA,NA,NA,"2",808.628894132328,101.921699944754
"20250619-CbDRC4-p027-m2x_C05_roi_0.png",20250619,"CbDRC4","p027","m2x","C05",0,892.17857601309,39.1905082159069,"","48h",10,"15hHB101","DMSO",1,"MILBEMYCIN",0.0078,NA,NA,"VX34",2,NA,NA,NA,398.482146785028,115.971437443293,130.236435334375,151.633932170997,187.296426898701,429.038386050255,539.737501455896,751.202146190212,892.17857601309,1.07668157660702,22.3218484505396,11.5600612645869,12.4910441858945,13.8875185678559,16.2149758711248,14.7929313933491,27.7027420435159,34.5954017469505,39.1905082159069,0.662710860443617,3,"2_VX34_0.0078",NA,"n<5",NA,NA,NA,"2",808.628894132328,-621.332467233627
"20250619-CbDRC4-p027-m2x_C06_roi_0.png",20250619,"CbDRC4","p027","m2x","C06",0,818.077990010546,34.1629285854483,"","48h",10,"15hHB101","DMSO",1,"MILBEMYCIN",0.0156,NA,NA,"VX34",2,NA,NA,NA,420.483666093696,212.724556020471,216.309335266391,221.68650413527,230.648452250069,344.443393494759,524.363221130308,700.592082458451,818.077990010546,0.819159984725798,22.8439012937126,16.4266660201213,16.7297546712107,17.1843876478447,17.942109275568,9.83180686285152,26.0525189305082,30.9187647234723,34.1629285854483,0.430390883607853,3,"2_VX34_0.0156",NA,"n<5",NA,NA,NA,"2",808.628894132328,-577.980441882258
"20250619-CbDRC4-p027-m2x_C07_roi_0.png",20250619,"CbDRC4","p027","m2x","C07",0,894.948855720062,40.0837875001483,"","48h",10,"15hHB101","DMSO",1,"MILBEMYCIN",0.03125,NA,NA,"VX34",2,NA,NA,NA,889.262309376449,857.223655273422,866.932796081118,881.496507292662,894.948855720062,20.9473565361194,901.123608609426,907.360795435773,911.51891998667,0.0235558803237795,38.3333326050292,34.526617705014,35.9320216441116,38.0401275527579,39.4160831114185,2.25931705857992,39.6000471558073,39.8902913624119,40.0837875001483,0.0589387069957883,5,"2_VX34_0.03125",NA,NA,NA,NA,NA,"2",808.628894132328,86.3199615877338
"20250619-CbDRC4-p027-m2x_C08_roi_0.png",20250619,"CbDRC4","p027","m2x","C08",0,172.497162626348,10.5179097698521,"","48h",10,"15hHB101","DMSO",1,"MILBEMYCIN",0.0625,NA,NA,"VX34",2,NA,NA,NA,161.526368820248,83.9758833491394,103.750383386087,127.521358926496,165.498088167183,54.9134719519546,189.206197036493,222.651338187758,247.755498299438,0.33996599040163,13.2250626139209,10.5179097698521,10.7895903254427,11.4989366099327,12.2636393787801,3.83401115688849,12.5305894543931,16.3041929007061,21.7348370201628,0.289904953104172,7,"2_VX34_0.0625",NA,NA,NA,NA,NA,"2",808.628894132328,-643.130805965145
"20250619-CbDRC4-p027-m2x_C09_roi_0.png",20250619,"CbDRC4","p027","m2x","C09",0,856.879682954192,37.3425730787882,"","48h",10,"15hHB101","DMSO",1,"MILBEMYCIN",0.125,NA,NA,"VX34",2,NA,NA,NA,635.012480612894,226.949958558631,333.579460522991,493.52371346953,719.630657363678,303.06656167427,861.119424507042,868.750959302172,873.838649165591,0.477260795538632,29.5402758432839,14.6169739796998,18.4962801728289,24.3152394625225,32.4452838511258,11.1145841737662,37.6703202318872,38.2602651074654,38.6535616911842,0.376251874990298,4,"2_VX34_0.125",NA,"n<5",NA,NA,NA,"2",808.628894132328,-88.9982367686499
"20250619-CbDRC4-p027-m2x_C10_roi_0.png",20250619,"CbDRC4","p027","m2x","C10",0,846.290052386521,38.1302193720217,"","48h",10,"15hHB101","DMSO",1,"MILBEMYCIN",0.25,NA,NA,"VX34",2,NA,NA,NA,859.442604975754,795.130781404161,808.824177739863,829.364272243414,843.53274412151,68.0655015201759,873.611076853849,922.78892089504,955.574150255834,0.0791972624188164,37.5840219244879,34.2573930576761,34.340817151232,34.4659532915659,36.3328463707755,4.267530398298,39.4509150036974,41.8281671407138,43.4130018987247,0.113546400299365,4,"2_VX34_0.25",NA,"n<5",NA,NA,NA,"2",808.628894132328,34.903849989182
"20250619-CbDRC4-p027-m2x_C11_roi_0.png",20250619,"CbDRC4","p027","m2x","C11",0,612.744078581956,27.8570725252527,"","48h",10,"15hHB101","DMSO",1,"MILBEMYCIN",0.5,NA,NA,"VX34",2,NA,NA,NA,485.645649514143,149.15186198332,236.459370081768,402.157254623403,556.588936302771,192.351844018717,603.509777113515,640.624321084804,682.444684839076,0.396074471605279,23.1999278682402,11.141576577149,16.1440144442709,21.5062688444454,23.918324772581,6.47324950670611,26.4989270410451,29.2459242979397,31.3292019569703,0.279020242798588,7,"2_VX34_0.5",NA,NA,NA,NA,NA,"2",808.628894132328,-252.039957829557
"20250619-CbDRC4-p027-m2x_C12_roi_0.png",20250619,"CbDRC4","p027","m2x","C12",0,281.567333356145,16.5329085677404,"","48h",10,"15hHB101","DMSO",1,"MILBEMYCIN",1,NA,NA,"VX34",2,NA,NA,NA,281.567333356145,281.567333356145,281.567333356145,281.567333356145,281.567333356145,NA,281.567333356145,281.567333356145,281.567333356145,NA,16.5329085677404,16.5329085677404,16.5329085677404,16.5329085677404,16.5329085677404,NA,16.5329085677404,16.5329085677404,16.5329085677404,NA,1,"2_VX34_1",NA,"n<5",NA,NA,NA,"2",808.628894132328,-527.061560776183
"20250619-CbDRC4-p027-m2x_D01_roi_0.png",20250619,"CbDRC4","p027","m2x","D01",0,711.913285495529,37.8374257648055,"","48h",10,"15hHB101","DMSO",1,"MILBEMYCIN",0,NA,NA,"PB420",2,NA,NA,NA,770.521151534526,703.264611804196,725.622570018799,743.703954702285,769.771038490082,38.3850043434952,790.028982064084,816.634114354006,893.082869537331,0.0498169378829508,39.1156329394233,36.1421066876608,37.5816002632523,38.1704306125705,38.8957867708232,1.42865908464344,40.0088962321729,41.3646790458999,42.28798213177,0.0365239925135801,37,"2_PB420_0",NA,NA,NA,NA,NA,"2",764.404649350685,5.3663891393968
"20250619-CbDRC4-p027-m2x_D02_roi_0.png",20250619,"CbDRC4","p027","m2x","D02",0,742.405000071247,36.0284464205079,"","48h",10,"15hHB101","DMSO",1,"MILBEMYCIN",0.00097,NA,NA,"PB420",2,NA,NA,NA,775.272831881418,671.610534965851,744.815787825918,761.023683188241,771.657052372113,40.3320738468858,787.738720837464,814.707196627459,921.755582770027,0.0520230713476812,38.569977589919,33.1471310459483,36.443633399367,37.2342300804004,38.7177129780539,2.12739300345509,39.3515926331979,41.1356935767678,43.4363197048313,0.0551567083101215,39,"2_PB420_0.00097",NA,NA,NA,NA,NA,"2",764.404649350685,7.25240302142743
"20250619-CbDRC4-p027-m2x_D03_roi_0.png",20250619,"CbDRC4","p027","m2x","D03",0,914.282073434818,41.7396335091408,"","48h",10,"15hHB101","DMSO",1,"MILBEMYCIN",0.0019,NA,NA,"PB420",2,NA,NA,NA,772.836594966364,717.033437071476,736.345551035153,753.342015075344,766.692394926541,35.9459504262837,783.286953798361,820.434924697068,914.282073434818,0.0465117085039796,38.7626619103031,36.2999069127331,36.9841770006347,37.4379098199423,38.7410883725757,1.50221920350566,39.6643892811809,40.8229273571627,41.8963115919238,0.0387542838771444,41,"2_PB420_0.0019",NA,NA,NA,NA,NA,"2",764.404649350685,2.28774557585609
"20250619-CbDRC4-p027-m2x_D04_roi_0.png",20250619,"CbDRC4","p027","m2x","D04",0,801.10890603048,37.577705314384,"","48h",10,"15hHB101","DMSO",1,"MILBEMYCIN",0.0039,NA,NA,"PB420",2,NA,NA,NA,779.562604569508,699.941364890436,736.718304499388,766.335649509805,778.025614143979,37.74170480173,789.055881350138,803.020880329464,945.874571465264,0.0484139497976199,38.7015388494961,31.6800825697283,36.7860071826964,37.5886588932784,38.763809987126,1.95110994762162,40.1794677379403,40.8494831780554,42.4513581518852,0.0504142730657084,43,"2_PB420_0.0039",NA,NA,NA,NA,NA,"2",764.404649350685,13.620964793294
"20250619-CbDRC4-p027-m2x_D05_roi_0.png",20250619,"CbDRC4","p027","m2x","D05",0,758.122542273669,38.6955526573969,"","48h",10,"15hHB101","DMSO",1,"MILBEMYCIN",0.0078,NA,NA,"PB420",2,NA,NA,NA,771.193068505664,680.523836075876,741.323047545432,753.941071321088,767.854263695452,32.7099107925221,785.669879247852,810.753824882843,846.54977144761,0.0424146846339062,38.1677135463373,34.6174611133158,36.493931232449,36.9306465370114,37.9809228490688,1.71700507247336,38.9977114436626,39.7725723940312,43.4385618218505,0.0449857985438096,38,"2_PB420_0.0078",NA,NA,NA,NA,NA,"2",764.404649350685,3.44961434476716
"20250619-CbDRC4-p027-m2x_D06_roi_0.png",20250619,"CbDRC4","p027","m2x","D06",0,778.562873352397,35.9036089238915,"","48h",10,"15hHB101","DMSO",1,"MILBEMYCIN",0.0156,NA,NA,"PB420",2,NA,NA,NA,779.220711693226,727.618214919264,748.40602722428,760.088234838913,775.4996428798,32.7121413165638,789.029277718344,809.539137212677,909.786250050579,0.0419805849943095,38.404686236848,32.6981098243312,36.3330346290115,37.4468589049697,38.4998138343608,1.85796949354536,39.7056246602711,40.3611913106902,43.0262599650983,0.0483787182138909,38,"2_PB420_0.0156",NA,NA,NA,NA,NA,"2",764.404649350685,11.0949935291146
"20250619-CbDRC4-p027-m2x_D07_roi_0.png",20250619,"CbDRC4","p027","m2x","D07",0,777.600548511251,38.9125995073133,"","48h",10,"15hHB101","DMSO",1,"MILBEMYCIN",0.03125,NA,NA,"PB420",2,NA,NA,NA,768.792842758245,720.606461491257,743.461278537395,757.444607998467,769.522161655951,19.7269721925907,780.367762787998,788.420380245287,822.320935092058,0.0256596720149151,38.1417010316372,35.4848361961984,36.782798044317,37.3128052395474,38.2095364460475,1.2507254237405,38.9807499105735,39.7337876558917,40.6384477177531,0.032791548093334,54,"2_PB420_0.03125",NA,NA,NA,NA,NA,"2",764.404649350685,5.11751230526522
"20250619-CbDRC4-p027-m2x_D08_roi_0.png",20250619,"CbDRC4","p027","m2x","D08",0,780.67881594293,38.7638428867388,"","48h",10,"15hHB101","DMSO",1,"MILBEMYCIN",0.0625,NA,NA,"PB420",2,NA,NA,NA,778.807299030908,734.870381426907,748.785256156065,768.327901615449,777.460504179852,23.0014165848876,787.928762657625,805.274404473495,838.592585741112,0.029534156412644,39.365752011342,36.5795756609074,37.2480755724824,38.0571862214329,38.8286234037016,2.01011113316708,40.4296034053313,40.8871058932298,46.2101871608625,0.0510624344884337,42,"2_PB420_0.0625",NA,NA,NA,NA,NA,"2",764.404649350685,13.0558548291664
"20250619-CbDRC4-p027-m2x_D09_roi_0.png",20250619,"CbDRC4","p027","m2x","D09",0,791.184719091898,37.9341107978735,"","48h",10,"15hHB101","DMSO",1,"MILBEMYCIN",0.125,NA,NA,"PB420",2,NA,NA,NA,784.77930238745,649.792137405999,752.945674987481,769.127557845796,784.257080928419,35.34761093588,799.444385607505,817.5810877741,894.555585521285,0.0450414668536055,38.8889025573994,32.299679401796,37.1251410358865,37.9552419350252,39.0340390931947,1.63347326726849,39.8141907199946,40.6233040714208,42.0386500091432,0.042003583537939,52,"2_PB420_0.125",NA,NA,NA,NA,NA,"2",764.404649350685,19.8524315777337
"20250619-CbDRC4-p027-m2x_D10_roi_0.png",20250619,"CbDRC4","p027","m2x","D10",0,756.985154098121,36.89337471217,"","48h",10,"15hHB101","DMSO",1,"MILBEMYCIN",0.25,NA,NA,"PB420",2,NA,NA,NA,744.746689491622,634.363088998835,677.745162746678,712.47577302433,745.855127511193,61.1257393647365,769.045353688809,784.14653554985,1002.72537133741,0.0820758792583046,35.2335747820615,29.0408579691461,31.4923473435231,33.7630140518698,35.2738600996826,2.73550551461229,37.2629083638472,38.2376226432553,40.8444308945596,0.0776391703519398,39,"2_PB420_0.25",NA,NA,NA,NA,NA,"2",764.404649350685,-18.5495218394919
"20250619-CbDRC4-p027-m2x_D11_roi_0.png",20250619,"CbDRC4","p027","m2x","D11",0,617.45054508244,24.4096893406729,"","48h",10,"15hHB101","DMSO",1,"MILBEMYCIN",0.5,NA,NA,"PB420",2,NA,NA,NA,505.738859411408,339.646738220646,392.468627176892,429.943309140023,521.742909286331,90.5093129736899,556.924889353508,618.2132943348,705.981483894044,0.178964521490452,23.4858352423182,18.4753011083816,19.5486528957676,21.3040019121756,23.336991181605,3.23611586972154,25.3096942360693,26.2489824812787,34.4919634552295,0.137790112054031,34,"2_PB420_0.5",NA,NA,NA,NA,NA,"2",764.404649350685,-242.661740064354
"20250619-CbDRC4-p027-m2x_D12_roi_0.png",20250619,"CbDRC4","p027","m2x","D12",0,319.287282092874,17.7429309668217,"","48h",10,"15hHB101","DMSO",1,"MILBEMYCIN",1,NA,NA,"PB420",2,NA,NA,NA,288.814317831172,252.874000542049,263.135218121834,275.12418301425,280.547717309838,22.5390556851645,305.981422426101,318.425672506952,322.535947137212,0.0780399526395357,16.174142737097,14.1602408254914,15.0698588291252,15.7407560905196,16.0202943936869,0.952584278181786,16.9676864828246,17.2031396771328,17.7429309668217,0.0588955033763206,16,"2_PB420_1",NA,NA,NA,NA,NA,"2",764.404649350685,-483.856932040848
"20250619-CbDRC4-p027-m2x_E01_roi_0.png",20250619,"CbDRC4","p027","m2x","E01",0,746.949835635163,33.8299070782999,"","48h",10,"15hHB101","DMSO",1,"MILBEMYCIN",0,NA,NA,"NIC1667",2,NA,NA,NA,770.491900855108,672.245726151975,712.774416557621,740.315736538597,781.518791687028,44.8903628091705,806.572534535251,819.920548666187,844.48116899513,0.0582619528632946,37.6384937548811,31.9175283425992,33.3423865838883,36.1950935313521,37.6779322697218,2.95041390002915,39.7279058519266,40.9714197993941,44.7599218409208,0.0783882032911196,38,"2_NIC1667_0",NA,NA,NA,NA,NA,"2",776.621116305835,4.89767538119236
"20250619-CbDRC4-p027-m2x_E02_roi_0.png",20250619,"CbDRC4","p027","m2x","E02",0,780.502736390939,39.1767589681041,"","48h",10,"15hHB101","DMSO",1,"MILBEMYCIN",0.00097,NA,NA,"NIC1667",2,NA,NA,NA,769.840110524648,518.845911159849,676.149758831968,747.972330974217,783.478257814264,63.8955498971681,812.145153063321,831.92970865529,840.26652982445,0.082998468154151,38.1267236358602,30.1742370316043,33.6962857020362,37.384688574242,38.8738091480868,2.80668067012995,39.7916678601358,40.8159287710621,42.1905539828041,0.0736145255211521,49,"2_NIC1667_0.00097",NA,NA,NA,NA,NA,"2",776.621116305835,6.85714150842887
"20250619-CbDRC4-p027-m2x_E03_roi_0.png",20250619,"CbDRC4","p027","m2x","E03",0,834.455823646971,39.8896407427893,"","48h",10,"15hHB101","DMSO",1,"MILBEMYCIN",0.0019,NA,NA,"NIC1667",2,NA,NA,NA,790.255318800154,674.492804898788,724.305583114508,749.460986234302,801.917078202189,48.0008151748094,828.947686223542,840.046873673791,862.36938892414,0.0607408947878885,38.2455455305996,32.0990693644981,34.7547759538827,36.6377960612213,38.6300632567902,2.78232328621245,39.9885393952245,41.8392757635419,43.2227786928641,0.0727489501747692,39,"2_NIC1667_0.0019",NA,NA,NA,NA,NA,"2",776.621116305835,25.2959618963536
"20250619-CbDRC4-p027-m2x_E04_roi_0.png",20250619,"CbDRC4","p027","m2x","E04",0,833.198092732969,37.8693510806102,"","48h",10,"15hHB101","DMSO",1,"MILBEMYCIN",0.0039,NA,NA,"NIC1667",2,NA,NA,NA,782.826237137284,598.980438869489,719.169271234603,772.115189194175,793.990991748411,46.1592509845249,807.614694173892,824.365832197072,855.535805261716,0.0589648746998115,37.9521000661151,28.0111022448603,34.4039013440305,36.6901623218794,38.4335377158109,2.82391719951282,39.8230997741392,40.773137111721,42.121476007012,0.0744074028734475,48,"2_NIC1667_0.0039",NA,NA,NA,NA,NA,"2",776.621116305835,17.3698754425759
"20250619-CbDRC4-p027-m2x_E05_roi_0.png",20250619,"CbDRC4","p027","m2x","E05",0,821.97514862058,38.818344445961,"","48h",10,"15hHB101","DMSO",1,"MILBEMYCIN",0.0078,NA,NA,"NIC1667",2,NA,NA,NA,779.649407083499,643.293146373472,717.195942064611,760.815172616928,787.171921334703,48.4241060498906,813.472592092521,828.23147565004,859.275450799846,0.0621101043750355,37.7721973432467,28.7776894968767,33.7451614244941,36.2632307441914,38.3040371262942,2.763721938464,39.4649993835527,40.8528717382767,43.173545931279,0.0731681536382242,57,"2_NIC1667_0.0078",NA,NA,NA,NA,NA,"2",776.621116305835,10.550805028868
"20250619-CbDRC4-p027-m2x_E06_roi_0.png",20250619,"CbDRC4","p027","m2x","E06",0,660.653441997223,30.4037212068012,"","48h",10,"15hHB101","DMSO",1,"MILBEMYCIN",0.0156,NA,NA,"NIC1667",2,NA,NA,NA,790.586460112235,654.377972110376,728.623485804656,773.273380412487,794.437084703891,47.7634117114981,824.835336848829,838.11201477916,852.138098415414,0.060415165350438,38.1146135349313,30.4037212068012,33.9496179362051,37.4072577806817,38.4829275659578,2.71209470837237,40.0635098511873,41.0470034131104,41.33822346802,0.0711562956262637,38,"2_NIC1667_0.0156",NA,NA,NA,NA,NA,"2",776.621116305835,17.8159683980555
"20250619-CbDRC4-p027-m2x_E07_roi_0.png",20250619,"CbDRC4","p027","m2x","E07",0,813.622450849686,38.2533713090643,"","48h",10,"15hHB101","DMSO",1,"MILBEMYCIN",0.03125,NA,NA,"NIC1667",2,NA,NA,NA,788.120211848635,657.791431228064,746.058046871854,767.330254509281,788.758321582796,38.1478490887873,819.885379139968,830.538063228641,836.562013370044,0.0484035918826479,38.1857245366445,32.0022169588711,35.7053809331639,37.2972420155296,38.2346003742135,2.27249796747285,39.6795171588159,40.7564076126348,43.6593608038401,0.0595117153084807,40,"2_NIC1667_0.03125",NA,NA,NA,NA,NA,"2",776.621116305835,12.1372052769609
"20250619-CbDRC4-p027-m2x_E08_roi_0.png",20250619,"CbDRC4","p027","m2x","E08",0,812.256843124275,38.9165925544681,"","48h",10,"15hHB101","DMSO",1,"MILBEMYCIN",0.0625,NA,NA,"NIC1667",2,NA,NA,NA,783.210236965266,676.468798979267,730.862034812145,754.696448208534,782.724098969142,41.9394120510178,819.195187696923,831.203494872073,851.989558087128,0.0535480897358058,37.7063371603647,30.155806656716,34.3404964825134,36.1552014146572,37.9499030719841,2.89039655720477,39.6253835083169,41.262951920461,43.2433871285115,0.0766554583361396,51,"2_NIC1667_0.0625",NA,NA,NA,NA,NA,"2",776.621116305835,6.10298266330699
"20250619-CbDRC4-p027-m2x_E09_roi_0.png",20250619,"CbDRC4","p027","m2x","E09",0,805.24197589545,39.2164529202285,"","48h",10,"15hHB101","DMSO",1,"MILBEMYCIN",0.125,NA,NA,"NIC1667",2,NA,NA,NA,781.701820071103,587.286202199041,726.723554315454,750.006226763876,800.968666758886,53.9344901541106,811.457504520235,820.947095870877,887.959305220441,0.0689962448203137,38.0505280865916,32.7266150857365,35.8845586865629,36.9720695478337,37.7514226112917,2.10579298058633,39.9163237616081,41.1119707655704,41.6528965095482,0.0553420172196867,33,"2_NIC1667_0.125",NA,NA,NA,NA,NA,"2",776.621116305835,24.3475504530506
"20250619-CbDRC4-p027-m2x_E10_roi_0.png",20250619,"CbDRC4","p027","m2x","E10",0,739.212748002358,36.5977345051117,"","48h",10,"15hHB101","DMSO",1,"MILBEMYCIN",0.25,NA,NA,"NIC1667",2,NA,NA,NA,774.695105872477,698.217264012486,729.370014861024,759.574681427044,775.284964622635,30.5019264318774,794.192353223129,813.954808538774,826.532851095367,0.0393728141570296,37.042872577809,31.5031348412021,34.0692996763931,36.3824935561429,37.3883585511746,2.04394933809032,38.3198310874208,39.0897023860468,39.9645696792645,0.0551779383145025,39,"2_NIC1667_0.25",NA,NA,NA,NA,NA,"2",776.621116305835,-1.3361516832008
"20250619-CbDRC4-p027-m2x_E11_roi_0.png",20250619,"CbDRC4","p027","m2x","E11",0,615.295125515925,29.6283222333123,"","48h",10,"15hHB101","DMSO",1,"MILBEMYCIN",0.5,NA,NA,"NIC1667",2,NA,NA,NA,588.465786709103,409.022505459018,460.983793825318,545.536615993536,592.098716288391,84.0425162120644,650.548806384427,689.668713562743,725.851067355178,0.142816316785481,26.7788885086431,18.9708797208961,21.69209137157,23.5575388794759,26.8629533883033,3.79644598743964,29.6489207238407,31.1050582147315,34.9503049722193,0.141770110668123,54,"2_NIC1667_0.5",NA,NA,NA,NA,NA,"2",776.621116305835,-184.522400017445
"20250619-CbDRC4-p027-m2x_E12_roi_0.png",20250619,"CbDRC4","p027","m2x","E12",0,356.093493831297,16.8099335627742,"","48h",10,"15hHB101","DMSO",1,"MILBEMYCIN",1,NA,NA,"NIC1667",2,NA,NA,NA,321.609923546876,259.709675214615,271.828344232783,286.183567951677,328.051451695314,37.4079645531928,348.780434048971,358.140009691912,388.510964873291,0.116314708640327,16.9737313609109,14.989609196679,15.5463239036673,16.3293785424397,17.0413362655296,1.03359484063633,17.7293371682434,18.1012900266142,19.4770992622432,0.060893790449436,31,"2_NIC1667_1",NA,NA,NA,NA,NA,"2",776.621116305835,-448.569664610521
"20250619-CbDRC4-p027-m2x_F01_roi_0.png",20250619,"CbDRC4","p027","m2x","F01",0,824.095633982199,40.6268996951478,"","48h",10,"15hHB101","DMSO",1,"MILBEMYCIN",0,NA,NA,"ED3102",2,NA,NA,NA,893.143225681537,464.318193689972,837.7198697413,881.371057187166,908.056107746405,85.1841514933075,925.04181165432,937.97900408977,1056.19533528155,0.0953756900840908,41.6836983738111,20.2753777246387,40.3619973723443,40.822527843314,41.9004131615162,4.01955581032544,43.573078186853,44.5944576686721,46.5892922220453,0.0964299226589459,37,"2_ED3102_0",NA,NA,NA,NA,NA,"2",858.463870400194,49.5922373462112
"20250619-CbDRC4-p027-m2x_F02_roi_0.png",20250619,"CbDRC4","p027","m2x","F02",0,920.478666478713,43.6563113607102,"","48h",10,"15hHB101","DMSO",1,"MILBEMYCIN",0.00097,NA,NA,"ED3102",2,NA,NA,NA,898.814494094431,781.03566431462,820.374944101223,872.819425855525,907.685791422572,53.0301670046332,931.388025970697,950.936412405465,997.471507936959,0.0590001244451025,41.3828780984984,36.2188737228436,38.8310371563142,40.2354236774977,41.3693359578542,2.3257930362968,42.7579341480904,43.7371623052447,47.5647688329115,0.0562018192828688,31,"2_ED3102_0.00097",NA,NA,NA,NA,NA,"2",858.463870400194,49.2219210223778
"20250619-CbDRC4-p027-m2x_F03_roi_0.png",20250619,"CbDRC4","p027","m2x","F03",0,921.85342653724,42.2931075416681,"","48h",10,"15hHB101","DMSO",1,"MILBEMYCIN",0.0019,NA,NA,"ED3102",2,NA,NA,NA,894.841351861252,809.580795566177,851.529105082159,872.20444768037,897.834937362399,38.5977262016193,920.428504405531,934.658574113816,995.853887765507,0.0431335969458014,41.8445937035591,38.0425188992333,39.4216308066148,40.1323412011563,41.7048712439027,2.23495111179824,43.0889744561496,44.1519927120537,47.3576163316371,0.05341074948968,39,"2_ED3102_0.0019",NA,NA,NA,NA,NA,"2",858.463870400194,39.3710669622055
"20250619-CbDRC4-p027-m2x_F04_roi_0.png",20250619,"CbDRC4","p027","m2x","F04",0,816.697964397538,39.8827531428668,"","48h",10,"15hHB101","DMSO",1,"MILBEMYCIN",0.0039,NA,NA,"ED3102",2,NA,NA,NA,874.135238195782,766.487177694977,780.972384216921,839.413577897634,886.690795483415,56.2982955107746,922.738133224997,937.147406020078,957.906496369756,0.0644045601307351,42.1262637375856,37.340418742391,39.4504350819634,40.4960692566232,41.9195908027967,2.22375880771119,43.7385359896544,44.7680407368968,47.3847414842079,0.0527879429698181,45,"2_ED3102_0.0039",NA,NA,NA,NA,NA,"2",858.463870400194,28.2269250832209
"20250619-CbDRC4-p027-m2x_F05_roi_0.png",20250619,"CbDRC4","p027","m2x","F05",0,863.451467358901,41.6644291858358,"","48h",10,"15hHB101","DMSO",1,"MILBEMYCIN",0.0078,NA,NA,"ED3102",2,NA,NA,NA,896.796672612938,710.185971271153,849.936355960381,869.005137336855,897.173654612102,59.0227172929737,929.423127345087,947.937434136206,1074.70237561862,0.065815049381264,41.8378769616763,31.0970195888228,38.5563297845971,40.803306324995,41.6892465080623,3.2101324997076,44.0644696199172,45.0877275090269,48.1135325015469,0.0767279014336243,36,"2_ED3102_0.0078",NA,NA,NA,NA,NA,"2",858.463870400194,38.7097842119083
"20250619-CbDRC4-p027-m2x_F06_roi_0.png",20250619,"CbDRC4","p027","m2x","F06",0,922.010651067626,37.4202121098522,"","48h",10,"15hHB101","DMSO",1,"MILBEMYCIN",0.0156,NA,NA,"ED3102",2,NA,NA,NA,889.63882572966,660.763942275005,824.522362723105,858.298913140627,904.089679877195,57.3478074408088,924.735357647518,943.353008222956,987.462385859594,0.0644618982245671,41.724857847543,31.2577956730791,37.7208838415796,40.6682426694004,42.1033147712687,3.17907355419213,43.1049010010005,45.0203865307191,49.3271196960179,0.0761913573392637,45,"2_ED3102_0.0156",NA,NA,NA,NA,NA,"2",858.463870400194,45.6258094770009
"20250619-CbDRC4-p027-m2x_F07_roi_0.png",20250619,"CbDRC4","p027","m2x","F07",0,927.458597169055,37.2894767782693,"","48h",10,"15hHB101","DMSO",1,"MILBEMYCIN",0.03125,NA,NA,"ED3102",2,NA,NA,NA,901.04626337402,723.29125275541,853.115102618088,884.412525737646,906.293068413472,45.0208032497882,928.86169026529,950.869046059125,965.897352805689,0.0499650296325576,41.8750230039156,37.2894767782693,39.0502807452261,40.1913744795115,41.9746649065431,2.15121722115753,43.4417767460061,44.5933022522784,45.5915502812049,0.0513723233287865,44,"2_ED3102_0.03125",NA,NA,NA,NA,NA,"2",858.463870400194,47.8291980132781
"20250619-CbDRC4-p027-m2x_F09_roi_0.png",20250619,"CbDRC4","p027","m2x","F09",0,911.6138650272,40.4728417059078,"","48h",10,"15hHB101","DMSO",1,"MILBEMYCIN",0.125,NA,NA,"ED3102",2,NA,NA,NA,888.600685506848,752.925725585736,802.530650163373,856.778496872127,885.199493581281,104.989390989622,899.92747077232,929.919756237903,1372.86607190898,0.118151372941759,41.0342128909526,32.1056648826781,38.1796717579558,39.2810301534683,41.2781182246457,2.80931907188418,42.5570837302458,44.1672751876438,45.5619403642073,0.0684628478033654,29,"2_ED3102_0.125",NA,NA,NA,NA,NA,"2",858.463870400194,26.7356231810872
"20250619-CbDRC4-p027-m2x_F10_roi_0.png",20250619,"CbDRC4","p027","m2x","F10",0,736.529235968333,33.4238802553493,"","48h",10,"15hHB101","DMSO",1,"MILBEMYCIN",0.25,NA,NA,"ED3102",2,NA,NA,NA,695.77869024519,570.721607299246,607.552618660015,655.517155178078,687.986079545328,63.9476096226711,754.970225220387,773.481944579084,801.31550170111,0.091907973784216,31.8884845257509,24.285704900904,27.3759916762089,29.2701757695726,32.2111302184971,3.40698021096533,34.7372990342813,36.1875011362479,37.4452219646959,0.106840455469563,43,"2_ED3102_0.25",NA,NA,NA,NA,NA,"2",858.463870400194,-170.477790854866
"20250619-CbDRC4-p027-m2x_F12_roi_0.png",20250619,"CbDRC4","p027","m2x","F12",0,253.389287780796,15.5079027083811,"","48h",10,"15hHB101","DMSO",1,"MILBEMYCIN",1,NA,NA,"ED3102",2,NA,NA,NA,251.47015627705,192.914157675852,195.888997061716,222.916697161284,255.605940806963,42.9003170669162,277.463228875343,306.062742717643,331.327790874016,0.170598045120121,15.5026177907126,12.5820827757324,13.3291945705254,14.4113404870862,15.4661246544696,1.8736816148022,16.202499167439,17.6977517525769,19.6588453161725,0.120862272430189,14,"2_ED3102_1",NA,NA,NA,NA,NA,"2",858.463870400194,-602.857929593231
"20250619-CbDRC4-p028-m2x_A01_roi_0.png",20250619,"CbDRC4","p028","m2x","A01",0,840.23643884259,38.939128653326,"","48h",10,"15hHB101","DMSO",1,"MILBEMYCIN",0,NA,NA,"ECA2666",2,NA,NA,NA,797.344069745918,703.120880648595,745.43732102068,761.801060456439,794.516038266533,41.1246696909151,830.026063927392,845.00960084845,883.735500279918,0.0515770684843996,36.2220846247572,30.584750322977,33.2767300768733,34.9797059142201,36.0472309640807,2.32510720013573,37.6316767161042,38.939128653326,41.5272550601824,0.064190319917329,41,"2_ECA2666_0",NA,NA,NA,NA,NA,"2",778.447145543842,16.0688927226905
"20250619-CbDRC4-p028-m2x_A02_roi_0.png",20250619,"CbDRC4","p028","m2x","A02",0,799.692478180378,35.9213626308336,"","48h",10,"15hHB101","DMSO",1,"MILBEMYCIN",0.00097,NA,NA,"ECA2666",2,NA,NA,NA,803.439744912205,649.338535461575,756.790583737025,779.797928182982,802.449117500313,44.9882779420798,837.931417163397,844.524035195893,878.457949364529,0.0559945885512496,36.286483546986,30.6484147523184,33.5144817790684,34.3954404937957,36.8882076219536,2.19391801542717,37.9346861710748,38.1970012402384,40.3852972975277,0.0604610257311472,31,"2_ECA2666_0.00097",NA,NA,NA,NA,NA,"2",778.447145543842,24.0019719564705
"20250619-CbDRC4-p028-m2x_A03_roi_0.png",20250619,"CbDRC4","p028","m2x","A03",0,821.070388598684,39.0815218865817,"","48h",10,"15hHB101","DMSO",1,"MILBEMYCIN",0.0019,NA,NA,"ECA2666",2,NA,NA,NA,792.882781278671,702.530241097214,748.82510074687,766.96157637118,793.928101138619,35.6999524880866,819.953178341751,837.693980473097,867.12476578459,0.0450255111234902,36.2910604930751,29.8244242196244,33.2484072832493,34.4381668142731,36.0186829861355,2.5860267801428,38.0627373689342,39.6678748506295,41.2792837620797,0.0712579556785413,52,"2_ECA2666_0.0019",NA,NA,NA,NA,NA,"2",778.447145543842,15.4809555947772
"20250619-CbDRC4-p028-m2x_A04_roi_0.png",20250619,"CbDRC4","p028","m2x","A04",0,743.182571765067,32.4842605882736,"","48h",10,"15hHB101","DMSO",1,"MILBEMYCIN",0.0039,NA,NA,"ECA2666",2,NA,NA,NA,792.618752668741,600.03236103415,744.533441995245,776.338493046539,802.538739080544,45.2553486164058,820.968955590294,833.710218869588,871.727473274654,0.0570959852565075,36.6611997725192,30.821962408061,32.7739268037899,35.1824190508516,36.6226454262174,2.54487771427425,38.5969901569302,39.5958939082117,41.5107184048405,0.0694161055847895,43,"2_ECA2666_0.0039",NA,NA,NA,NA,NA,"2",778.447145543842,24.091593536702
"20250619-CbDRC4-p028-m2x_A05_roi_0.png",20250619,"CbDRC4","p028","m2x","A05",0,806.699556377846,37.0922085290099,"","48h",10,"15hHB101","DMSO",1,"MILBEMYCIN",0.0078,NA,NA,"ECA2666",2,NA,NA,NA,803.170306749061,749.758254849837,766.634924602097,781.45955371309,793.610306467759,38.1509957837821,816.966863626873,846.545208259238,941.357785356802,0.0475005057622254,36.3841991666836,31.8631027883026,33.0992191942826,34.8874071739066,36.9452203605303,2.21111963378502,37.6480600251661,38.9013559049884,40.6822490347661,0.0607714250808551,35,"2_ECA2666_0.0078",NA,NA,NA,NA,NA,"2",778.447145543842,15.1631609239168
"20250619-CbDRC4-p028-m2x_A06_roi_0.png",20250619,"CbDRC4","p028","m2x","A06",0,821.320561941295,36.0604802461437,"","48h",10,"15hHB101","DMSO",1,"MILBEMYCIN",0.0156,NA,NA,"ECA2666",2,NA,NA,NA,799.487265078985,578.555980426963,760.094544398781,785.43532524444,804.954548640062,47.5032551023708,828.304531872657,841.889350483294,862.490536225869,0.0594171504378843,36.1764600270713,24.1230712090153,33.2195505644671,35.3372792067026,36.4918346865182,2.96037018151542,37.7846496344249,39.3497386068918,40.7521760850439,0.0818313947605747,42,"2_ECA2666_0.0156",NA,NA,NA,NA,NA,"2",778.447145543842,26.5074030962195
"20250619-CbDRC4-p028-m2x_A07_roi_0.png",20250619,"CbDRC4","p028","m2x","A07",0,803.590335728606,33.8550250270607,"","48h",10,"15hHB101","DMSO",1,"MILBEMYCIN",0.03125,NA,NA,"ECA2666",2,NA,NA,NA,788.227558935937,717.096010464209,742.792055936431,763.022760438898,782.713392369692,36.860616319669,808.640989177093,847.821987185206,861.09922612397,0.0467639273732433,36.3936651879457,32.4226671914653,33.8837623038547,35.0570734107565,35.8290145402264,2.15221139426072,37.697092256649,39.3977132569518,41.3352650249972,0.0591369784589207,44,"2_ECA2666_0.03125",NA,NA,NA,NA,NA,"2",778.447145543842,4.26624682584952
"20250619-CbDRC4-p028-m2x_A08_roi_0.png",20250619,"CbDRC4","p028","m2x","A08",0,817.95220786525,36.4157573190286,"","48h",10,"15hHB101","DMSO",1,"MILBEMYCIN",0.0625,NA,NA,"ECA2666",2,NA,NA,NA,791.731413966878,605.514676046357,750.336131263297,777.229032985162,791.71057603593,47.6101461039022,819.506518687647,845.684338793384,872.054077456239,0.0601342137800963,36.132994849979,30.4110987218895,33.1220784529632,34.2116686642105,36.145818450154,2.62721511991117,37.6921867291996,39.522759585515,41.2041542028493,0.072709586648412,37,"2_ECA2666_0.0625",NA,NA,NA,NA,NA,"2",778.447145543842,13.2634304920881
"20250619-CbDRC4-p028-m2x_A09_roi_0.png",20250619,"CbDRC4","p028","m2x","A09",0,740.655939078658,35.0264366127477,"","48h",10,"15hHB101","DMSO",1,"MILBEMYCIN",0.125,NA,NA,"ECA2666",2,NA,NA,NA,769.576278956715,692.654129352183,734.593759054606,742.071230784454,761.723354740177,36.7651015444072,795.063193205718,808.633245539899,895.048046159383,0.0477731740825591,35.8978177363604,30.0284248758282,32.8265645850181,34.6438459444189,35.3381834956481,2.46373324169544,37.3317268609071,39.2059019985079,41.8742206104888,0.0686318388429491,53,"2_ECA2666_0.125",NA,NA,NA,NA,NA,"2",778.447145543842,-16.7237908036651
"20250619-CbDRC4-p028-m2x_A10_roi_0.png",20250619,"CbDRC4","p028","m2x","A10",0,700.533107637671,29.1828494767156,"","48h",10,"15hHB101","DMSO",1,"MILBEMYCIN",0.25,NA,NA,"ECA2666",2,NA,NA,NA,569.280972121854,408.222601352432,448.466159827129,503.713582189786,559.83402081584,91.346079484014,622.764993294753,691.601721634864,783.62549530982,0.160458690799982,24.2675374981855,18.566438443501,20.2520355059345,21.9041230667653,23.8287311136873,3.51305523444132,25.9929874119158,29.9057226939708,31.9132749457426,0.144763564688176,38,"2_ECA2666_0.25",NA,NA,NA,NA,NA,"2",778.447145543842,-218.613124728002
"20250619-CbDRC4-p028-m2x_A11_roi_1.png",20250619,"CbDRC4","p028","m2x","A11",1,402.696017704486,18.3220722834878,"","48h",10,"15hHB101","DMSO",1,"MILBEMYCIN",0.5,NA,NA,"ECA2666",2,NA,NA,NA,330.184867356522,154.677389693225,261.774159192232,292.214351555523,327.623159708276,65.7502565335225,375.091380174183,402.430059321643,424.952624807536,0.199131647249381,17.4294382947998,10.6544968017306,15.5124706286172,16.0425326059868,17.1282885600455,2.79158131793442,18.3837754749101,19.426291257054,26.5515218974801,0.160164732260323,22,"2_ECA2666_0.5",NA,NA,NA,NA,NA,"2",778.447145543842,-450.823985835566
"20250619-CbDRC4-p028-m2x_A12_roi_0.png",20250619,"CbDRC4","p028","m2x","A12",0,287.94048657406,17.4740334804961,"","48h",10,"15hHB101","DMSO",1,"MILBEMYCIN",1,NA,NA,"ECA2666",2,NA,NA,NA,277.982509283729,237.417490145795,250.406519720511,262.322723764222,282.732574217658,22.0917498845827,287.74701663126,299.092937448216,338.779900613557,0.0794717262661811,15.6362883488454,14.017325150613,14.4847380119515,14.9493514382542,15.4968720581841,1.11823576851314,16.1786804060118,16.6640539601558,19.3621331438542,0.0715154225584305,27,"2_ECA2666_1",NA,NA,NA,NA,NA,"2",778.447145543842,-495.714571326184
"20250619-CbDRC4-p028-m2x_B01_roi_0.png",20250619,"CbDRC4","p028","m2x","B01",0,756.148284814987,40.4574241215841,"","48h",10,"15hHB101","DMSO",1,"MILBEMYCIN",0,NA,NA,"JU3237",2,NA,NA,NA,791.022396518663,728.27387616929,742.918840964384,757.700202013228,785.170526181277,55.4610566242182,809.826350942498,819.881334020078,941.335910166888,0.0701131306373949,39.6712216524204,36.3480377206984,36.8802680244523,38.8999133674746,39.8556724363657,1.85915518973579,40.8604426770644,41.5434127641447,42.5447639734767,0.0468640770890493,12,"2_JU3237_0",NA,NA,NA,NA,NA,"2",765.709066236116,19.4614599451605
"20250619-CbDRC4-p028-m2x_B02_roi_0.png",20250619,"CbDRC4","p028","m2x","B02",0,802.425641253125,39.9598745582464,"","48h",10,"15hHB101","DMSO",1,"MILBEMYCIN",0.00097,NA,NA,"JU3237",2,NA,NA,NA,785.168727622834,755.150143933799,758.224339387328,764.788324485564,788.841667336404,24.3185882449409,805.541774159554,808.44017614477,810.299867161177,0.0309724361011773,38.1254000078591,34.0859059262867,35.5173768775851,37.0008452208032,38.2136563080257,2.59186415580403,39.7875247235571,40.6451668379665,41.3304591176866,0.0679826088452777,6,"2_JU3237_0.00097",NA,NA,NA,"outlier","outlier","2",765.709066236116,23.1326011002873
"20250619-CbDRC4-p028-m2x_B03_roi_0.png",20250619,"CbDRC4","p028","m2x","B03",0,763.263173904852,38.2157267091737,"","48h",10,"15hHB101","DMSO",1,"MILBEMYCIN",0.0019,NA,NA,"JU3237",2,NA,NA,NA,793.806097455872,680.77387044661,718.412427417631,791.096862383062,809.477503846885,49.7145181315461,816.413845105429,832.505394129396,862.975998829203,0.0626280376163396,38.438872776641,31.5043035387079,35.2283305520222,38.0196853534956,38.5340042374569,2.81777896598249,39.5657403659651,41.6347615775173,42.6053966598035,0.0733054525910767,18,"2_JU3237_0.0019",NA,NA,NA,NA,NA,"2",765.709066236116,43.7684376107685
"20250619-CbDRC4-p028-m2x_B04_roi_0.png",20250619,"CbDRC4","p028","m2x","B04",0,731.099394119443,38.8161136019535,"","48h",10,"15hHB101","DMSO",1,"MILBEMYCIN",0.0039,NA,NA,"JU3237",2,NA,NA,NA,791.904949536104,731.099394119443,756.784386582106,768.939472368687,802.112652224408,28.2484364207653,815.401156755892,820.675774429411,824.942707884469,0.0356714987541285,38.7633117207143,34.3608957985573,36.2382127311105,38.0246950463613,38.9043456017594,1.94382330290085,39.5225740823956,40.9815529570953,42.3475890912554,0.0501459554566931,18,"2_JU3237_0.0039",NA,NA,NA,NA,NA,"2",765.709066236116,36.403585988292
"20250619-CbDRC4-p028-m2x_B05_roi_0.png",20250619,"CbDRC4","p028","m2x","B05",0,780.895633204419,38.9874248297542,"","48h",10,"15hHB101","DMSO",1,"MILBEMYCIN",0.0078,NA,NA,"JU3237",2,NA,NA,NA,785.690428850894,731.392781298911,745.353682182228,762.360293455102,785.580077586726,30.7349881833094,808.225826086743,818.973781454638,840.725683157639,0.0391184454521874,38.688597368236,34.8909148341785,35.9680938568951,37.5647183385745,39.4949099756538,1.7369825437878,39.9080500932628,40.1840836021185,41.0466855110208,0.0448964982435339,22,"2_JU3237_0.0078",NA,NA,NA,NA,NA,"2",765.709066236116,19.8710113506093
"20250619-CbDRC4-p028-m2x_B06_roi_0.png",20250619,"CbDRC4","p028","m2x","B06",0,801.492534992194,39.2522020682128,"","48h",10,"15hHB101","DMSO",1,"MILBEMYCIN",0.0156,NA,NA,"JU3237",2,NA,NA,NA,739.56735821094,181.350357796782,732.02974929701,755.744164751691,789.354994854293,162.974510317347,801.029766759142,807.541011896135,818.017647735519,0.220364661187309,37.3715395322423,14.086248235801,35.3361579577213,38.576065288578,39.2712825650981,6.97074431664205,40.0546353425079,41.4479980114188,41.967815725624,0.186525479118355,14,"2_JU3237_0.0156",NA,NA,NA,NA,NA,"2",765.709066236116,23.6459286181764
"20250619-CbDRC4-p028-m2x_B07_roi_0.png",20250619,"CbDRC4","p028","m2x","B07",0,795.676512274841,38.8816350986429,"","48h",10,"15hHB101","DMSO",1,"MILBEMYCIN",0.03125,NA,NA,"JU3237",2,NA,NA,NA,796.977965863629,735.183133514753,752.704594485215,795.676512274841,802.494338483585,31.1468775573728,817.461186589909,827.471598783562,838.640436452851,0.0390812279529223,40.1237992279423,37.0832201689406,38.289278057523,38.8825833383968,40.332117279637,1.6002899707473,41.5608381075881,42.0244651427433,42.1212503278511,0.0398838096476382,13,"2_JU3237_0.03125",NA,NA,NA,NA,NA,"2",765.709066236116,36.7852722474687
"20250619-CbDRC4-p028-m2x_B08_roi_0.png",20250619,"CbDRC4","p028","m2x","B08",0,755.716486617455,38.2040734634842,"","48h",10,"15hHB101","DMSO",1,"MILBEMYCIN",0.0625,NA,NA,"JU3237",2,NA,NA,NA,788.780926208835,710.697967539577,752.343006424737,775.592819157811,799.172147110227,30.7235333168589,805.874075881096,815.322192942623,824.663058551965,0.0389506544795997,39.1751993897164,23.8234938163956,38.4077975271717,38.9103927822019,39.5029338055274,4.58541345140554,40.7482712877103,42.6115230678371,44.3474897786288,0.117048886102395,15,"2_JU3237_0.0625",NA,NA,NA,NA,NA,"2",765.709066236116,33.4630808741103
"20250619-CbDRC4-p028-m2x_B09_roi_0.png",20250619,"CbDRC4","p028","m2x","B09",0,774.684594398789,37.2014544884574,"","48h",10,"15hHB101","DMSO",1,"MILBEMYCIN",0.125,NA,NA,"JU3237",2,NA,NA,NA,783.169411492816,703.539098836215,735.873244843472,754.972128133748,783.547514328253,41.4218454770379,821.510110335056,832.839838527175,836.028476570031,0.0528900195400671,38.2193865810599,33.4201454127086,35.4748506083836,37.3575739416165,38.8199479201122,1.95640089557843,39.5340646757896,39.8730744503951,41.164242502942,0.0511887047540408,19,"2_JU3237_0.125",NA,NA,NA,"outlier","outlier","2",765.709066236116,17.8384480921368
"20250619-CbDRC4-p028-m2x_B10_roi_0.png",20250619,"CbDRC4","p028","m2x","B10",0,700.822861414196,28.431898039871,"","48h",10,"15hHB101","DMSO",1,"MILBEMYCIN",0.25,NA,NA,"JU3237",2,NA,NA,NA,591.136522040794,221.837416162615,517.473467717655,550.206520015143,597.217706373988,121.731502154328,652.826946637331,682.618944097767,823.301098766068,0.205927899250873,25.9809113866732,12.7259326890391,21.561960252135,23.2558015352876,25.7493629897099,5.19238839683761,28.7532017809867,29.7425805600444,37.0991264804541,0.199853974310579,17,"2_JU3237_0.25",NA,NA,NA,NA,NA,"2",765.709066236116,-168.491359862128
"20250619-CbDRC4-p028-m2x_B11_roi_0.png",20250619,"CbDRC4","p028","m2x","B11",0,432.701417122488,18.9954645447772,"","48h",10,"15hHB101","DMSO",1,"MILBEMYCIN",0.5,NA,NA,"JU3237",2,NA,NA,NA,390.368005348636,301.163407586981,320.547155579414,348.894881177474,407.353780254729,55.6122771978891,426.116865131231,458.638611289191,480.216572103471,0.142461155719516,18.7417477924107,16.2257295623569,16.4017198404018,17.4719689096393,18.6956194604746,1.79919411172882,20.3158060400707,21.2153720327719,21.5823655129311,0.0959992702738957,16,"2_JU3237_0.5",NA,NA,NA,NA,NA,"2",765.709066236116,-358.355285981387
"20250619-CbDRC4-p028-m2x_B12_roi_0.png",20250619,"CbDRC4","p028","m2x","B12",0,403.445098366546,19.8756912004755,"","48h",10,"15hHB101","DMSO",1,"MILBEMYCIN",1,NA,NA,"JU3237",2,NA,NA,NA,283.360184279452,107.253771334499,223.103240924517,278.384046307549,283.497375251735,78.8544695340063,317.226942037537,342.72242021169,403.445098366546,0.278283520087774,15.7676430517851,11.1833162446805,13.6981816679785,15.0691138513431,15.6894328423848,2.33580586673763,16.6637958999592,17.6429864797406,19.8756912004755,0.148139189799403,9,"2_JU3237_1",NA,NA,NA,NA,NA,"2",765.709066236116,-482.211690984381
"20250619-CbDRC4-p028-m2x_C01_roi_0.png",20250619,"CbDRC4","p028","m2x","C01",0,181.728273047425,15.0110617324306,"","48h",10,"15hHB101","DMSO",1,"MILBEMYCIN",0,NA,NA,"VX34",2,NA,NA,NA,181.728273047425,181.728273047425,181.728273047425,181.728273047425,181.728273047425,NA,181.728273047425,181.728273047425,181.728273047425,NA,15.0110617324306,15.0110617324306,15.0110617324306,15.0110617324306,15.0110617324306,NA,15.0110617324306,15.0110617324306,15.0110617324306,NA,1,"2_VX34_0",NA,"n<5",NA,NA,NA,"2",808.628894132328,-626.900621084903
"20250619-CbDRC4-p028-m2x_C02_roi_0.png",20250619,"CbDRC4","p028","m2x","C02",0,836.353766594939,39.5449660064835,"","48h",10,"15hHB101","DMSO",1,"MILBEMYCIN",0.00097,NA,NA,"VX34",2,NA,NA,NA,837.664631639455,822.636224582247,825.319130596301,829.343489617381,833.966505612015,15.9944642215289,842.28764763409,852.968633504562,860.089290751543,0.0190941142999257,39.3932889228221,38.2465367418881,38.5822332274493,39.085777955791,39.4552455167878,0.891630891811445,39.7627564838188,40.1547793430223,40.4161279158246,0.0226340809866954,4,"2_VX34_0.00097",NA,"n<5",NA,NA,NA,"2",808.628894132328,25.3376114796877
"20250619-CbDRC4-p028-m2x_C03_roi_0.png",20250619,"CbDRC4","p028","m2x","C03",0,133.386549595858,12.4223898933996,"","48h",10,"15hHB101","DMSO",1,"MILBEMYCIN",0.0019,NA,NA,"VX34",2,NA,NA,NA,122.982519786681,112.578489977505,114.65929593934,117.780504882093,122.982519786681,14.7135200594717,128.18453469127,131.305743634023,133.386549595858,0.119639116884195,12.2015982061821,11.9808065189647,12.0249648564081,12.0912023625734,12.2015982061821,0.312246598522156,12.3119940497908,12.3782315559561,12.4223898933996,0.0255906310997811,2,"2_VX34_0.0019",NA,"n<5",NA,NA,NA,"2",808.628894132328,-685.646374345646
"20250619-CbDRC4-p028-m2x_C04_roi_0.png",20250619,"CbDRC4","p028","m2x","C04",0,967.877157686714,40.0560632524914,"","48h",10,"15hHB101","DMSO",1,"MILBEMYCIN",0.0039,NA,NA,"VX34",2,NA,NA,NA,731.530587674703,119.557261925592,380.6363404756,772.254958300612,893.968854612725,349.342092214359,903.994705847873,942.324176951177,967.877157686714,0.477549535317181,34.1988517348814,11.8293656600824,22.2400647526923,37.8561133916073,40.0560632524914,12.5572808777123,40.4864707426954,40.6543356735965,40.7662456275307,0.367184283702263,5,"2_VX34_0.0039",NA,NA,NA,NA,NA,"2",808.628894132328,85.3399604803968
"20250619-CbDRC4-p028-m2x_C05_roi_0.png",20250619,"CbDRC4","p028","m2x","C05",0,907.78050800044,39.0441734461923,"","48h",10,"15hHB101","DMSO",1,"MILBEMYCIN",0.0078,NA,NA,"VX34",2,NA,NA,NA,536.975322738039,141.216740435062,154.010055715405,173.200028635921,545.820816351657,432.722422261785,909.596110453775,912.864194869778,915.04291781378,0.805851598645784,25.8720988999265,11.3230818887429,11.3504066973556,11.3913939102748,25.2291690151555,16.7824574202258,39.7098740048073,40.9081350103143,41.7069756806522,0.648670116991297,4,"2_VX34_0.0078",NA,"n<5",NA,NA,NA,"2",808.628894132328,-262.808077780671
"20250619-CbDRC4-p028-m2x_C06_roi_0.png",20250619,"CbDRC4","p028","m2x","C06",0,894.514107100018,37.035171961389,"","48h",10,"15hHB101","DMSO",1,"MILBEMYCIN",0.0156,NA,NA,"VX34",2,NA,NA,NA,883.202240342562,836.15090403937,844.10399137343,856.03362237452,889.495264115967,39.7642677861887,894.514107100018,921.696025289767,939.817304082933,0.0450228339216685,39.4662407752546,37.035171961389,37.8921515204286,39.177620858988,40.0439843251815,1.46809594215871,40.5311486835452,40.5384263017198,40.5432780471695,0.0371987783310541,5,"2_VX34_0.0156",NA,NA,NA,NA,NA,"2",808.628894132328,80.8663699836392
"20250619-CbDRC4-p028-m2x_C07_roi_0.png",20250619,"CbDRC4","p028","m2x","C07",0,913.50206960593,39.1371741862237,"","48h",10,"15hHB101","DMSO",1,"MILBEMYCIN",0.03125,NA,NA,"VX34",2,NA,NA,NA,913.50206960593,913.50206960593,913.50206960593,913.50206960593,913.50206960593,NA,913.50206960593,913.50206960593,913.50206960593,NA,39.1371741862237,39.1371741862237,39.1371741862237,39.1371741862237,39.1371741862237,NA,39.1371741862237,39.1371741862237,39.1371741862237,NA,1,"2_VX34_0.03125",NA,"n<5",NA,NA,NA,"2",808.628894132328,104.873175473602
"20250619-CbDRC4-p028-m2x_C08_roi_0.png",20250619,"CbDRC4","p028","m2x","C08",0,911.706462946363,39.645996389394,"","48h",10,"15hHB101","DMSO",1,"MILBEMYCIN",0.0625,NA,NA,"VX34",2,NA,NA,NA,911.706462946363,911.706462946363,911.706462946363,911.706462946363,911.706462946363,NA,911.706462946363,911.706462946363,911.706462946363,NA,39.645996389394,39.645996389394,39.645996389394,39.645996389394,39.645996389394,NA,39.645996389394,39.645996389394,39.645996389394,NA,1,"2_VX34_0.0625",NA,"n<5",NA,NA,NA,"2",808.628894132328,103.077568814036
"20250619-CbDRC4-p028-m2x_C09_roi_0.png",20250619,"CbDRC4","p028","m2x","C09",0,995.528214423516,38.393205247098,"","48h",10,"15hHB101","DMSO",1,"MILBEMYCIN",0.125,NA,NA,"VX34",2,NA,NA,NA,382.557792530609,105.304233205486,111.235661531696,145.591611353968,196.507838824415,374.313774609948,544.690519276454,908.354536969164,995.528214423516,0.978450267955264,20.1521799226261,12.1034474094783,12.132739661698,12.5673749665267,13.2087914600468,12.5332819029784,26.0247430800471,38.4634369465429,38.5687844957101,0.621931818349163,7,"2_VX34_0.125",NA,NA,NA,NA,NA,"2",808.628894132328,-612.121055307913
"20250619-CbDRC4-p028-m2x_C10_roi_1.png",20250619,"CbDRC4","p028","m2x","C10",1,134.361182154693,10.9202703813575,"","48h",10,"15hHB101","DMSO",1,"MILBEMYCIN",0.25,NA,NA,"VX34",2,NA,NA,NA,153.64689962528,134.361182154693,138.218325648811,144.004040889987,153.64689962528,27.2741232069997,163.289758360574,169.07547360175,172.932617095867,0.17751170556332,11.5400985324584,10.9202703813575,11.0442360115776,11.2301844569079,11.5400985324584,0.876569377627641,11.8500126080089,12.0359610533392,12.1599266835594,0.075958569605116,2,"2_VX34_0.25",NA,"n<5",NA,NA,NA,"2",808.628894132328,-654.981994507048
"20250619-CbDRC4-p028-m2x_C11_roi_0.png",20250619,"CbDRC4","p028","m2x","C11",0,520.505354797919,22.8997448301245,"","48h",10,"15hHB101","DMSO",1,"MILBEMYCIN",0.5,NA,NA,"VX34",2,NA,NA,NA,578.536607102696,520.505354797919,527.499482027229,537.990672871194,555.47599094447,72.3716429013417,607.552233255084,638.797978641453,659.628475565698,0.12509431903329,25.4044556417647,22.8997448301245,23.484117631668,24.3606768339834,25.8216088378424,2.32438054513875,26.6568110475849,27.1579323734304,27.4920132573274,0.0914949951266613,3,"2_VX34_0.5",NA,"n<5",NA,NA,NA,"2",808.628894132328,-253.152903187858
"20250619-CbDRC4-p028-m2x_C12_roi_0.png",20250619,"CbDRC4","p028","m2x","C12",0,277.575136033358,15.1209849851864,"","48h",10,"15hHB101","DMSO",1,"MILBEMYCIN",1,NA,NA,"VX34",2,NA,NA,NA,293.658361374315,277.575136033358,280.791781101549,285.616748703837,293.658361374315,22.7451154038847,301.699974044794,306.524941647081,309.741586715273,0.0774543428541862,16.2584035897534,15.1209849851864,15.3484687060998,15.6896942874699,16.2584035897534,1.60855281667411,16.8271128920369,17.168338473407,17.3958221943204,0.0989367011216202,2,"2_VX34_1",NA,"n<5",NA,NA,NA,"2",808.628894132328,-514.970532758012
"20250619-CbDRC4-p028-m2x_D02_roi_0.png",20250619,"CbDRC4","p028","m2x","D02",0,787.899720689261,36.7896569405784,"","48h",10,"15hHB101","DMSO",1,"MILBEMYCIN",0.00097,NA,NA,"PB420",2,NA,NA,NA,773.279226159029,554.93449741822,748.933218821518,758.41939240118,771.763419070441,50.0258168844205,785.484128291051,797.948991411893,941.164339281901,0.0646930826435164,38.2520366986014,27.2818470496296,36.6022291236529,37.420250282287,38.1913720646608,2.34938471031361,39.2805018933357,40.4382607020401,43.3478364642948,0.0614185521368464,45,"2_PB420_0.00097",NA,NA,NA,NA,NA,"2",764.404649350685,7.35876971975563
"20250619-CbDRC4-p028-m2x_D03_roi_0.png",20250619,"CbDRC4","p028","m2x","D03",0,800.347746449653,37.5721846541055,"","48h",10,"15hHB101","DMSO",1,"MILBEMYCIN",0.0019,NA,NA,"PB420",2,NA,NA,NA,768.607776269754,720.189320241773,733.223552833822,751.970762988226,765.389661825306,28.1688968134806,786.830904927823,797.685732258402,843.671533447823,0.0366492477479103,38.7521771832107,33.7191911467355,37.2219106647254,37.7047960280243,38.4454758028339,1.83360525460976,39.8555028248505,40.93736988041,43.2501285060205,0.047316186802639,43,"2_PB420_0.0019",NA,NA,NA,NA,NA,"2",764.404649350685,0.985012474620589
"20250619-CbDRC4-p028-m2x_D04_roi_0.png",20250619,"CbDRC4","p028","m2x","D04",0,785.904161250101,38.781345754355,"","48h",10,"15hHB101","DMSO",1,"MILBEMYCIN",0.0039,NA,NA,"PB420",2,NA,NA,NA,776.010880009063,724.558403385035,736.923985902425,762.455192137468,775.881815113736,25.6522309817793,792.696621350906,800.55830593953,842.528670500571,0.0330565352144028,38.5131558100743,35.826550397911,36.8025846711335,37.2560843736074,38.2582247677097,1.79700707055575,39.0892243437687,41.4643870502066,42.9344584815998,0.0466595643166092,45,"2_PB420_0.0039",NA,NA,NA,NA,NA,"2",764.404649350685,11.4771657630509
"20250619-CbDRC4-p028-m2x_D05_roi_0.png",20250619,"CbDRC4","p028","m2x","D05",0,769.210294193313,37.8658360454583,"","48h",10,"15hHB101","DMSO",1,"MILBEMYCIN",0.0078,NA,NA,"PB420",2,NA,NA,NA,765.784036623765,722.880858760566,735.195752042874,754.013224538269,767.58410129402,22.6021579374435,780.935441104822,791.10891353004,818.308527348987,0.0295150549717559,38.8013395269116,36.0355619722001,37.004176452975,37.8094726664317,38.7479654548119,1.53113269053757,39.6715604483279,40.8331362262501,43.533305224035,0.0394608204048115,48,"2_PB420_0.0078",NA,NA,NA,NA,NA,"2",764.404649350685,3.1794519433347
"20250619-CbDRC4-p028-m2x_D06_roi_0.png",20250619,"CbDRC4","p028","m2x","D06",0,770.5560236581,38.7461926347416,"","48h",10,"15hHB101","DMSO",1,"MILBEMYCIN",0.0156,NA,NA,"PB420",2,NA,NA,NA,778.23018884347,679.092899517286,748.377447831144,761.257191021526,774.050403487457,31.717917556972,791.928500347661,807.385334995637,873.875084001046,0.040756472842705,38.9090150171502,33.4739592071085,36.7318059829854,37.7608177075776,38.7946563162164,1.94322896353151,40.306447728876,41.319122623792,42.824619908162,0.0499428978779076,59,"2_PB420_0.0156",NA,NA,NA,NA,NA,"2",764.404649350685,9.6457541367713
"20250619-CbDRC4-p028-m2x_D07_roi_0.png",20250619,"CbDRC4","p028","m2x","D07",0,787.913210479326,36.5757627781232,"","48h",10,"15hHB101","DMSO",1,"MILBEMYCIN",0.03125,NA,NA,"PB420",2,NA,NA,NA,771.658164496167,710.838647346832,733.796451271694,755.747981545475,769.055698433938,29.0389127391825,791.201163525188,807.173480457879,836.380125603879,0.0376318350213306,38.1710348941921,31.1434381842361,36.279064392189,37.311551240167,38.4493336988341,2.11401343828545,39.3639145514827,40.3192037595783,43.5233999013573,0.055382659761397,46,"2_PB420_0.03125",NA,NA,NA,NA,NA,"2",764.404649350685,4.65104908325247
"20250619-CbDRC4-p028-m2x_D08_roi_0.png",20250619,"CbDRC4","p028","m2x","D08",0,788.950290605343,38.6087261631671,"","48h",10,"15hHB101","DMSO",1,"MILBEMYCIN",0.0625,NA,NA,"PB420",2,NA,NA,NA,771.145526929831,650.236313344693,733.347062822863,759.610677749139,774.419906277599,31.0999198617555,789.146188302655,800.37337378702,843.089049962111,0.0403295082130269,38.6289036468936,30.6610977781033,36.4395544879698,37.5817924771735,38.8194333807109,2.08091060443764,39.7655492667533,40.9346689694678,42.2288821454144,0.0538692638926338,46,"2_PB420_0.0625",NA,NA,NA,NA,NA,"2",764.404649350685,10.0152569269139
"20250619-CbDRC4-p028-m2x_D09_roi_0.png",20250619,"CbDRC4","p028","m2x","D09",0,765.020082790827,38.7842602818481,"","48h",10,"15hHB101","DMSO",1,"MILBEMYCIN",0.125,NA,NA,"PB420",2,NA,NA,NA,781.976426332408,576.201949532546,751.682632193764,768.916842461036,786.134091769501,40.5710305248522,803.456650772253,808.391686801487,888.917242625824,0.0518826772248579,37.9118171921481,29.5898816203349,36.1795132745135,37.0549596456098,37.8288462226123,1.88698655992678,39.1645257841455,39.9311666018921,40.894083066125,0.0497730443877958,50,"2_PB420_0.125",NA,NA,NA,NA,NA,"2",764.404649350685,21.7294424188153
"20250619-CbDRC4-p028-m2x_D10_roi_0.png",20250619,"CbDRC4","p028","m2x","D10",0,794.006196171052,36.4008869670157,"","48h",10,"15hHB101","DMSO",1,"MILBEMYCIN",0.25,NA,NA,"PB420",2,NA,NA,NA,746.898702827023,696.303339618951,707.323221191014,719.551342749567,748.624805382952,30.5745484535305,767.524309939924,786.681629530203,804.56610583046,0.040935334788781,36.0049523476213,30.4547860600036,33.1222325588344,34.2810200510648,36.2350901546914,2.45245312201022,37.2858876519874,39.6378567749525,40.5005046606977,0.0681143276717109,39,"2_PB420_0.25",NA,NA,NA,NA,NA,"2",764.404649350685,-15.7798439677337
"20250619-CbDRC4-p028-m2x_D11_roi_0.png",20250619,"CbDRC4","p028","m2x","D11",0,603.459481370245,24.2541245133098,"","48h",10,"15hHB101","DMSO",1,"MILBEMYCIN",0.5,NA,NA,"PB420",2,NA,NA,NA,500.314488015535,325.221193273177,392.143586416915,467.923323287394,518.785383091,73.361928245477,542.715037696943,585.653495279696,631.452886530109,0.146631628711098,23.1240988899665,16.8539437623247,20.079979736751,21.168768937117,22.8514826022727,2.75501643873014,24.2735724306894,27.1005821532058,29.3125351619046,0.119140488537071,35,"2_PB420_0.5",NA,NA,NA,NA,NA,"2",764.404649350685,-245.619266259685
"20250619-CbDRC4-p028-m2x_D12_roi_0.png",20250619,"CbDRC4","p028","m2x","D12",0,399.292741087622,19.9252765416432,"","48h",10,"15hHB101","DMSO",1,"MILBEMYCIN",1,NA,NA,"PB420",2,NA,NA,NA,309.292402200198,240.790422324624,273.742727418117,285.907331606688,306.925411484623,35.0870203536124,329.600715917452,344.683201674803,399.292741087622,0.11344287833783,16.6557425257379,13.5324283402612,15.3091888980572,15.6717144930786,16.4654415217698,1.53362887942476,17.0544496760797,18.3758504797715,20.6371729393443,0.0920780852042394,29,"2_PB420_1",NA,NA,NA,NA,NA,"2",764.404649350685,-457.479237866062
"20250619-CbDRC4-p028-m2x_E01_roi_0.png",20250619,"CbDRC4","p028","m2x","E01",0,753.348913946565,39.4188202516654,"","48h",10,"15hHB101","DMSO",1,"MILBEMYCIN",0,NA,NA,"NIC1667",2,NA,NA,NA,772.44761168542,501.453150674913,717.435327575881,749.417056981838,786.535212444711,59.3493435559984,811.51556704179,818.808048994459,844.12492890724,0.0768328397397758,38.5333517306723,32.4232211254271,34.5040117877364,37.9223104162933,38.7659175384303,2.62588070969667,39.7299948011486,40.5814031040612,46.8227209269298,0.0681456606227815,47,"2_NIC1667_0",NA,NA,NA,NA,NA,"2",776.621116305835,9.91409613887583
"20250619-CbDRC4-p028-m2x_E02_roi_0.png",20250619,"CbDRC4","p028","m2x","E02",0,788.844165048457,39.1773819747737,"","48h",10,"15hHB101","DMSO",1,"MILBEMYCIN",0.00097,NA,NA,"NIC1667",2,NA,NA,NA,776.695394957285,707.033877515694,727.869465390481,757.868941459986,777.710287559927,33.3600576111256,802.04628457271,824.948943328658,832.251637083573,0.0429512751430184,37.2354169647459,27.8610742957672,33.2660577234697,36.2311549750993,38.0356170635861,3.05335251844826,39.5188474827108,40.3937514633564,41.4655239715313,0.0820012978863415,41,"2_NIC1667_0.00097",NA,NA,NA,NA,NA,"2",776.621116305835,1.0891712540913
"20250619-CbDRC4-p028-m2x_E03_roi_0.png",20250619,"CbDRC4","p028","m2x","E03",0,841.114659306968,38.7268938494074,"","48h",10,"15hHB101","DMSO",1,"MILBEMYCIN",0.0019,NA,NA,"NIC1667",2,NA,NA,NA,774.555370552275,328.593553188302,737.240325518714,753.335726567323,790.4525498072,76.012895315608,812.854461203205,826.051529027186,848.653511415409,0.098137458218654,37.9572007516152,18.1787495453496,34.691756784974,37.0067254282461,38.7943001165338,3.73769970961995,40.0814952998477,41.123955749682,41.5908621527026,0.0984714266491557,47,"2_NIC1667_0.0019",NA,NA,NA,NA,NA,"2",776.621116305835,13.8314335013648
"20250619-CbDRC4-p028-m2x_E04_roi_0.png",20250619,"CbDRC4","p028","m2x","E04",0,806.58095681863,38.6442120028968,"","48h",10,"15hHB101","DMSO",1,"MILBEMYCIN",0.0039,NA,NA,"NIC1667",2,NA,NA,NA,764.246465968517,501.902529266813,701.392670580678,746.610340811441,776.816846256153,60.4977606815884,798.723416463391,810.387198835143,843.787990381309,0.0791600136546533,36.9712686511619,23.972502083543,31.6577996628117,36.4017462009429,38.1985592944662,3.54496796867432,39.0133558399005,40.1291355977205,40.6924795497478,0.0958844015368381,35,"2_NIC1667_0.0039",NA,NA,NA,NA,NA,"2",776.621116305835,0.195729950317741
"20250619-CbDRC4-p028-m2x_E05_roi_0.png",20250619,"CbDRC4","p028","m2x","E05",0,792.53153605766,39.0598792158349,"","48h",10,"15hHB101","DMSO",1,"MILBEMYCIN",0.0078,NA,NA,"NIC1667",2,NA,NA,NA,762.104992479659,197.730462263845,712.1877129795,740.059503203149,768.896223194246,103.267750144585,807.588745505947,840.266289249972,872.351451977268,0.135503311438209,37.1593690807615,15.7043375131743,34.2433700234492,36.4853383328977,38.293425706626,4.11915578187022,39.1889193072047,40.0324298757064,42.1102941409855,0.110851068889725,39,"2_NIC1667_0.0078",NA,NA,NA,NA,NA,"2",776.621116305835,-7.72489311158927
"20250619-CbDRC4-p028-m2x_E06_roi_0.png",20250619,"CbDRC4","p028","m2x","E06",0,853.961441763806,39.6527146308295,"","48h",10,"15hHB101","DMSO",1,"MILBEMYCIN",0.0156,NA,NA,"NIC1667",2,NA,NA,NA,781.383260464912,566.081217144171,729.58676951633,755.840100521679,793.794480554738,52.5033797404958,813.580070911989,832.405643887697,853.961441763806,0.0671928647527682,37.2789323180273,28.5804802983766,32.4843900748404,35.9199359564018,37.7482717797538,3.16229075772278,39.7801841201668,40.6540267492274,41.8568239663678,0.0848278252913794,54,"2_NIC1667_0.0156",NA,NA,NA,NA,NA,"2",776.621116305835,17.1733642489022
"20250619-CbDRC4-p028-m2x_E07_roi_0.png",20250619,"CbDRC4","p028","m2x","E07",0,786.607166091912,36.2523432585651,"","48h",10,"15hHB101","DMSO",1,"MILBEMYCIN",0.03125,NA,NA,"NIC1667",2,NA,NA,NA,781.486383708708,647.677633190363,731.353133167971,764.374173052317,788.412304509253,39.2238292822959,808.378894362491,825.399011173311,837.925058169479,0.050191315037571,37.9984261187143,30.7991609991043,35.348459913298,36.6627789102989,38.2764168196397,2.34831401915691,39.5207114208695,40.6936750829919,43.3350226194737,0.0618002969865207,61,"2_NIC1667_0.03125",NA,NA,NA,NA,NA,"2",776.621116305835,11.7911882034177
"20250619-CbDRC4-p028-m2x_E08_roi_0.png",20250619,"CbDRC4","p028","m2x","E08",0,757.054427239994,33.7447514484213,"","48h",10,"15hHB101","DMSO",1,"MILBEMYCIN",0.0625,NA,NA,"NIC1667",2,NA,NA,NA,791.484947325576,628.961057471151,737.38923256275,758.489843879162,789.293080342585,54.2103477264223,814.076295108947,830.109527482137,994.894390182764,0.0684919503644369,38.0678378377398,29.2174319592503,34.4896005180274,37.0752575304099,38.0803766069714,2.69738611837963,39.5704638980787,40.9497525640623,48.1623771376647,0.0708573502355704,63,"2_NIC1667_0.0625",NA,NA,NA,NA,NA,"2",776.621116305835,12.6719640367501
"20250619-CbDRC4-p028-m2x_E09_roi_0.png",20250619,"CbDRC4","p028","m2x","E09",0,817.562448831217,38.0168474033335,"","48h",10,"15hHB101","DMSO",1,"MILBEMYCIN",0.125,NA,NA,"NIC1667",2,NA,NA,NA,783.568937780981,659.830460709981,742.670255125648,755.547190542035,786.725468234044,40.592973894839,809.568065462456,831.823063584905,862.776368627754,0.0518052361924859,37.3362545456536,32.3033308843468,34.6938690056644,35.8577705424697,37.3496104267902,2.08594021043351,39.021150571456,39.7414074810066,40.8076192345532,0.0558690269234929,47,"2_NIC1667_0.125",NA,NA,NA,NA,NA,"2",776.621116305835,10.1043519282082
"20250619-CbDRC4-p028-m2x_E10_roi_0.png",20250619,"CbDRC4","p028","m2x","E10",0,787.894852156402,36.9734952061405,"","48h",10,"15hHB101","DMSO",1,"MILBEMYCIN",0.25,NA,NA,"NIC1667",2,NA,NA,NA,772.208894810262,682.620548323985,738.237262209582,748.966793701717,776.884655092607,30.8845825063253,795.68607832495,806.761276586429,832.30484422456,0.0399951136459182,37.0043567545466,33.1826661987785,35.0158137342986,36.1786168917795,36.9765281240374,1.6002244164979,38.3731201405395,38.9693197194635,40.3503265758609,0.0432442165421855,57,"2_NIC1667_0.25",NA,NA,NA,NA,NA,"2",776.621116305835,0.263538786771505
"20250619-CbDRC4-p028-m2x_E11_roi_0.png",20250619,"CbDRC4","p028","m2x","E11",0,698.821880150291,30.8520628346336,"","48h",10,"15hHB101","DMSO",1,"MILBEMYCIN",0.5,NA,NA,"NIC1667",2,NA,NA,NA,598.847054025868,441.485238730813,513.113998338504,548.806937120164,599.707953139858,73.6029047140199,658.98742597007,697.416150711487,730.021218885844,0.122907684389878,26.7009870658036,18.804927843271,22.6797360041273,24.6784218458048,26.355436857335,3.51466318177866,29.4375185926518,31.3960343344136,34.0209994200444,0.13163045894584,51,"2_NIC1667_0.5",NA,NA,NA,NA,NA,"2",776.621116305835,-176.913163165977
"20250619-CbDRC4-p028-m2x_E12_roi_0.png",20250619,"CbDRC4","p028","m2x","E12",0,303.550794354532,16.6764590585733,"","48h",10,"15hHB101","DMSO",1,"MILBEMYCIN",1,NA,NA,"NIC1667",2,NA,NA,NA,319.800183159457,248.689689420842,278.310544422692,294.691636678995,318.35674092528,37.8763267950477,328.148929502477,376.375135981514,402.687240291181,0.118437476867116,17.1422025132386,14.7825925654613,15.5682934921209,16.3885186274493,16.6869755085342,1.37377854223579,17.5647768378357,18.9095416220547,20.300806565782,0.080140141920202,29,"2_NIC1667_1",NA,NA,NA,NA,NA,"2",776.621116305835,-458.264375380556
"20250619-CbDRC4-p028-m2x_F01_roi_0.png",20250619,"CbDRC4","p028","m2x","F01",0,822.83592374236,39.6404464897974,"","48h",10,"15hHB101","DMSO",1,"MILBEMYCIN",0,NA,NA,"ED3102",2,NA,NA,NA,882.792156479341,758.190483326523,812.157009305774,848.378517646746,892.185980408243,49.340097419329,918.446210635596,933.761839903552,970.918560185251,0.0558909558237377,41.3415110577915,34.3739640028249,39.2517399439334,39.9883129069655,41.1788137271671,2.05679912692424,42.432752064353,43.8200680012998,45.5811374509789,0.0497514259710785,46,"2_ED3102_0",NA,NA,NA,NA,NA,"2",858.463870400194,33.7221100080494
"20250619-CbDRC4-p028-m2x_F02_roi_0.png",20250619,"CbDRC4","p028","m2x","F02",0,888.065343753862,39.1761994638317,"","48h",10,"15hHB101","DMSO",1,"MILBEMYCIN",0.00097,NA,NA,"ED3102",2,NA,NA,NA,893.014609696188,770.178895959044,834.858104861678,869.684173510533,901.574696357475,45.1269986080757,932.949181714084,943.439754760716,949.813532597928,0.0505333262391176,41.5733861721148,35.6038704190663,38.9403136031042,40.1736903104253,41.3367833293152,2.44491744224833,42.8876711672141,45.5219377468091,48.3356171918494,0.0588096777136776,48,"2_ED3102_0.00097",NA,NA,NA,NA,NA,"2",858.463870400194,43.1108259572812
"20250619-CbDRC4-p028-m2x_F03_roi_0.png",20250619,"CbDRC4","p028","m2x","F03",0,896.753122574193,41.1277165926714,"","48h",10,"15hHB101","DMSO",1,"MILBEMYCIN",0.0019,NA,NA,"ED3102",2,NA,NA,NA,893.561989131681,793.708571707652,816.591300452922,876.334887073185,901.915477016692,44.6952921021214,921.36874690786,938.794677518816,985.237555423365,0.0500192405739573,40.9663873895365,36.3626460524164,38.9319275530444,39.8432172495573,40.9176080201134,1.96022085666727,42.1053616986076,42.8369269004786,45.8164033697431,0.0478494927567848,40,"2_ED3102_0.0019",NA,NA,NA,NA,NA,"2",858.463870400194,43.4516066164979
"20250619-CbDRC4-p028-m2x_F04_roi_0.png",20250619,"CbDRC4","p028","m2x","F04",0,872.472363194916,39.196319821934,"","48h",10,"15hHB101","DMSO",1,"MILBEMYCIN",0.0039,NA,NA,"ED3102",2,NA,NA,NA,879.703262935838,791.115257526496,814.098051945103,846.292262998086,891.002991764536,44.2590719099054,913.065796453871,929.4007980745,947.208061418641,0.0503113649507214,41.542294411056,37.5815147622286,39.3187606210485,40.4993910814622,41.3188036019436,1.81303652033379,42.6143825557899,43.6275036024356,46.9919051297514,0.0436431484114482,59,"2_ED3102_0.0039",NA,NA,NA,NA,NA,"2",858.463870400194,32.539121364342
"20250619-CbDRC4-p028-m2x_F05_roi_0.png",20250619,"CbDRC4","p028","m2x","F05",0,902.775092297521,45.5187733254565,"","48h",10,"15hHB101","DMSO",1,"MILBEMYCIN",0.0078,NA,NA,"ED3102",2,NA,NA,NA,883.778748738418,747.904527124233,808.129141374709,848.312779320959,892.433999887179,54.077139362977,914.147029412998,937.735238071805,1025.19440194596,0.0611885491025569,41.272263677518,33.8068651366933,38.7430917817408,39.9338243442657,41.2269962794273,2.3778602069005,42.9095334288718,43.7525782999633,47.1832366575055,0.057614000178909,59,"2_ED3102_0.0078",NA,NA,NA,NA,NA,"2",858.463870400194,33.9701294869848
"20250619-CbDRC4-p028-m2x_F06_roi_0.png",20250619,"CbDRC4","p028","m2x","F06",0,896.062741489403,41.2265681225103,"","48h",10,"15hHB101","DMSO",1,"MILBEMYCIN",0.0156,NA,NA,"ED3102",2,NA,NA,NA,885.925711101242,757.089968566695,834.283389606451,845.281171877031,893.331387642723,50.4850706294693,907.295847508565,959.592608624088,1000.40799589188,0.0569856704652067,40.4773054056906,32.0355680588867,37.0297064297778,38.8146375908015,40.7834801111652,2.98746290700947,42.3200008093721,43.4759205869048,46.7415894836221,0.0738058741081481,38,"2_ED3102_0.0156",NA,NA,NA,NA,NA,"2",858.463870400194,34.8675172425293
"20250619-CbDRC4-p028-m2x_F07_roi_0.png",20250619,"CbDRC4","p028","m2x","F07",0,926.015317568541,42.821432755433,"","48h",10,"15hHB101","DMSO",1,"MILBEMYCIN",0.03125,NA,NA,"ED3102",2,NA,NA,NA,888.523137526562,768.105513470412,823.667907687244,870.720060306233,892.164310012927,45.445274383146,926.347461607959,940.116018009336,955.03983413324,0.0511469791430023,41.5092913499415,32.2956090961375,39.3053662870313,39.9818200304715,41.7168561034249,2.29881175320883,43.1026218255462,43.9884263880488,46.1467163811862,0.0553806552327969,52,"2_ED3102_0.03125",NA,NA,NA,NA,NA,"2",858.463870400194,33.7004396127327
"20250619-CbDRC4-p028-m2x_F08_roi_0.png",20250619,"CbDRC4","p028","m2x","F08",0,920.444537912156,41.191285918127,"","48h",10,"15hHB101","DMSO",1,"MILBEMYCIN",0.0625,NA,NA,"ED3102",2,NA,NA,NA,896.922957980915,784.61355431327,824.878031242549,856.239024032652,888.925377959662,60.1660050702544,926.331889440711,964.877026265586,1098.9452440585,0.0670804605176965,41.3649193941614,35.1435729256391,38.5194856714943,40.2638671229866,41.191285918127,2.28212709344829,42.979975015751,44.3515904708665,45.7623135721897,0.0551705920589901,59,"2_ED3102_0.0625",NA,NA,NA,NA,NA,"2",858.463870400194,30.4615075594677
"20250619-CbDRC4-p028-m2x_F09_roi_0.png",20250619,"CbDRC4","p028","m2x","F09",0,835.089807514877,38.1381621702041,"","48h",10,"15hHB101","DMSO",1,"MILBEMYCIN",0.125,NA,NA,"ED3102",2,NA,NA,NA,874.6401611891,782.706986800051,818.367796496785,838.158329331087,878.932559430657,49.8831774585233,908.993996191353,916.645723024551,1074.87428820518,0.057032800083986,40.2487206188997,35.0691943106878,38.4308661677007,39.1748429543579,40.251113163631,1.64651566099182,41.3391044191618,42.2588555689729,43.6470978971917,0.0409085217038841,43,"2_ED3102_0.125",NA,NA,NA,"outlier","outlier","2",858.463870400194,20.4686890304629
"20250619-CbDRC4-p028-m2x_F10_roi_0.png",20250619,"CbDRC4","p028","m2x","F10",0,793.335825567739,34.8276488531931,"","48h",10,"15hHB101","DMSO",1,"MILBEMYCIN",0.25,NA,NA,"ED3102",2,NA,NA,NA,689.562303594404,378.740119027374,573.637491542289,649.006373719677,706.9736735434,87.7893159467524,748.562894291256,785.09956401758,820.835663761132,0.127311651882858,33.1283265570744,21.0301180615512,27.6621569477024,30.2540388611945,34.0848178354464,4.21138788390881,35.9146321382066,37.3629485184859,41.1261514409956,0.127123471710933,52,"2_ED3102_0.25",NA,NA,NA,NA,NA,"2",858.463870400194,-151.490196856794
"20250619-CbDRC4-p028-m2x_F11_roi_0.png",20250619,"CbDRC4","p028","m2x","F11",0,530.543766499321,21.6949952835736,"","48h",10,"15hHB101","DMSO",1,"MILBEMYCIN",0.5,NA,NA,"ED3102",2,NA,NA,NA,417.813629364896,259.56219970848,309.920539699579,375.84303750687,427.476593230576,79.4361199394971,464.428890589959,518.133230028295,565.084547815939,0.190123333363359,20.2760570228929,14.3574537766859,17.4502514963513,18.5250234018659,20.550791450951,2.62850878075265,21.7017649643263,22.852514515006,26.1526831500059,0.129636091365541,39,"2_ED3102_0.5",NA,NA,NA,NA,NA,"2",858.463870400194,-430.987277169618
"20250619-CbDRC4-p028-m2x_F12_roi_0.png",20250619,"CbDRC4","p028","m2x","F12",0,261.143514026916,15.1110883408158,"","48h",10,"15hHB101","DMSO",1,"MILBEMYCIN",1,NA,NA,"ED3102",2,NA,NA,NA,249.985007031036,138.622668327938,190.163955870975,224.705428774961,253.406134445175,45.9424377565315,272.33873315529,310.27587281537,334.037789974863,0.183780772703812,15.4112845552727,12.9273367406613,13.8845863962206,14.5656018459444,15.1047991230075,1.57091528440515,15.7929355961214,17.5665389076004,20.743656681038,0.101932793387277,32,"2_ED3102_1",NA,NA,NA,NA,NA,"2",858.463870400194,-605.057735955019
"20250619-CbDRC4-p029-m2x_A01_roi_0.png",20250619,"CbDRC4","p029","m2x","A01",0,667.401970244622,30.1808506927722,"","48h",10,"15hHB101","DMSO",1,"MILBEMYCIN",0,NA,NA,"ECA2666",2,NA,NA,NA,783.577318570446,667.401970244622,724.872865971417,747.554815863827,775.586434154138,49.5768337221731,811.013259747537,845.184608571565,880.714538163478,0.0632698682659942,37.2121349586006,29.7815416660116,33.3983840338821,35.3589971685865,37.5317817906102,3.07576095499137,39.1635678359679,40.4449902705632,43.6867962166727,0.0826547834036727,36,"2_ECA2666_0",NA,NA,NA,NA,NA,"2",778.447145543842,-2.86071138970408
"20250619-CbDRC4-p029-m2x_A02_roi_0.png",20250619,"CbDRC4","p029","m2x","A02",0,820.432774863895,37.1219229960381,"","48h",10,"15hHB101","DMSO",1,"MILBEMYCIN",0.00097,NA,NA,"ECA2666",2,NA,NA,NA,774.143301151941,349.271489858465,732.429712444004,752.159124730177,791.380348501193,76.9542659201278,810.415163496383,828.879518164931,851.256332011579,0.0994057118438128,36.5827507493833,27.2683549247733,33.0902098448369,34.8194517681221,37.0861708617149,2.8247038114171,38.4346470723525,39.6026440300431,41.6456574944987,0.0772140900712534,41,"2_ECA2666_0.00097",NA,NA,NA,NA,NA,"2",778.447145543842,12.9332029573513
"20250619-CbDRC4-p029-m2x_A03_roi_0.png",20250619,"CbDRC4","p029","m2x","A03",0,777.20573798551,33.5964106437484,"","48h",10,"15hHB101","DMSO",1,"MILBEMYCIN",0.0019,NA,NA,"ECA2666",2,NA,NA,NA,782.808307008582,660.20132543785,733.707031825792,761.979392948762,788.440710686221,41.9933601709741,807.303146194764,823.817883343324,854.936169834699,0.0536444999305733,35.8705498848989,30.804496705013,32.2191253725368,34.3610110430269,35.706992180897,2.64204118103312,37.2421105103598,39.2686909728147,41.2600641747808,0.0736548837280409,45,"2_ECA2666_0.0019",NA,NA,NA,NA,NA,"2",778.447145543842,9.99356514237934
"20250619-CbDRC4-p029-m2x_A04_roi_0.png",20250619,"CbDRC4","p029","m2x","A04",0,817.641648126873,35.8357325218883,"","48h",10,"15hHB101","DMSO",1,"MILBEMYCIN",0.0039,NA,NA,"ECA2666",2,NA,NA,NA,798.480624163269,719.405553751489,759.686589368447,779.677014548526,799.4618350837,33.2684948429166,822.473922029803,842.172320839122,849.903696135183,0.041664749069871,36.0818054533045,32.8614050903341,33.1875743275108,33.8222664285867,35.9466802485066,2.3640051486789,38.1461466458249,39.0658010136249,40.5801892249574,0.065517928467806,26,"2_ECA2666_0.0039",NA,NA,NA,NA,NA,"2",778.447145543842,21.0146895398581
"20250619-CbDRC4-p029-m2x_A05_roi_0.png",20250619,"CbDRC4","p029","m2x","A05",0,798.784112777137,36.2318600422154,"","48h",10,"15hHB101","DMSO",1,"MILBEMYCIN",0.0078,NA,NA,"ECA2666",2,NA,NA,NA,795.056786151787,637.320414687598,743.271907054967,760.294464430899,790.38638951184,78.3354363890137,813.468964792178,843.453206786698,1206.65413015948,0.0985281023361499,36.0359348508429,29.3767867719934,32.8060129506448,34.7641000133996,35.788644293974,3.49470314442239,36.8617374454496,39.2271317468043,52.1343804714669,0.0969782845619906,43,"2_ECA2666_0.0078",NA,NA,NA,NA,NA,"2",778.447145543842,11.939243967998
"20250619-CbDRC4-p029-m2x_A06_roi_0.png",20250619,"CbDRC4","p029","m2x","A06",0,756.672727814174,33.9477694973902,"","48h",10,"15hHB101","DMSO",1,"MILBEMYCIN",0.0156,NA,NA,"ECA2666",2,NA,NA,NA,775.425091956071,430.144275117434,731.500961861257,753.879804517665,782.68903705961,68.9510837698947,807.579053191255,832.788346037004,870.996186854055,0.0889203670156715,35.1871983973588,27.1928563921636,32.0272939808363,33.5097810248147,35.0711266180308,2.77070668556662,37.1173937137574,38.3213396894533,39.9601660392133,0.0787418951141787,38,"2_ECA2666_0.0156",NA,NA,NA,"outlier","outlier","2",778.447145543842,4.24189151576775
"20250619-CbDRC4-p029-m2x_A07_roi_0.png",20250619,"CbDRC4","p029","m2x","A07",0,830.404356423642,37.2342397181367,"","48h",10,"15hHB101","DMSO",1,"MILBEMYCIN",0.03125,NA,NA,"ECA2666",2,NA,NA,NA,766.534523559974,287.783650441426,719.956611488001,741.065225529205,773.238771270632,92.7299138335817,821.558719418561,838.708613359213,886.707663531765,0.120972912482691,35.3404690132362,24.4730978002958,31.4754833344243,34.1059882322189,35.953427232572,2.95848576412819,37.2384872747372,38.3192277550458,39.6261083076714,0.083713822898619,43,"2_ECA2666_0.03125",NA,NA,NA,NA,NA,"2",778.447145543842,-5.20837427320976
"20250619-CbDRC4-p029-m2x_A08_roi_0.png",20250619,"CbDRC4","p029","m2x","A08",0,816.481665119653,38.4465616128161,"","48h",10,"15hHB101","DMSO",1,"MILBEMYCIN",0.0625,NA,NA,"ECA2666",2,NA,NA,NA,767.063965178818,622.350352870384,699.220798779334,749.485993293514,773.643151952417,50.3452922666681,792.516123669599,823.707943231182,859.876206396165,0.0656337600931776,35.4552155384894,29.7023406247608,32.135369188339,33.2204907851867,35.4141403077407,2.68444740818676,37.5692446449533,38.7391505617482,40.4083485015762,0.0757137523327867,32,"2_ECA2666_0.0625",NA,NA,NA,NA,NA,"2",778.447145543842,-4.80399359142484
"20250619-CbDRC4-p029-m2x_A09_roi_0.png",20250619,"CbDRC4","p029","m2x","A09",0,796.900921895727,37.7491164843599,"","48h",10,"15hHB101","DMSO",1,"MILBEMYCIN",0.125,NA,NA,"ECA2666",2,NA,NA,NA,756.072768611581,582.591731554774,674.199413757803,742.039107140907,761.631649271342,53.2755276694273,793.923304893047,807.743883992694,837.62540731036,0.0704634922472609,34.6004343261539,25.8865911949296,30.474119507719,32.3752866989085,34.6550907776593,3.47346478107288,37.6294850503298,38.5227831666768,39.9958689478511,0.100387895375271,42,"2_ECA2666_0.125",NA,NA,NA,NA,NA,"2",778.447145543842,-16.8154962725001
"20250619-CbDRC4-p029-m2x_A10_roi_0.png",20250619,"CbDRC4","p029","m2x","A10",0,468.829739123487,20.8606437028782,"","48h",10,"15hHB101","DMSO",1,"MILBEMYCIN",0.25,NA,NA,"ECA2666",2,NA,NA,NA,596.449009344116,291.294276200572,501.982992507035,542.091105917416,580.951450916947,91.5745746632795,669.633500093235,712.692155535846,774.486069507597,0.153532947877605,25.9709742908314,20.6136574859391,21.7720908131182,23.8224393469489,25.2480774866446,3.46663435244596,27.7724912966304,30.5956364033921,34.7563673141159,0.133481105237927,47,"2_ECA2666_0.25",NA,NA,NA,NA,NA,"2",778.447145543842,-197.495694626895
"20250619-CbDRC4-p029-m2x_A11_roi_0.png",20250619,"CbDRC4","p029","m2x","A11",0,412.891899110117,17.4027526684271,"","48h",10,"15hHB101","DMSO",1,"MILBEMYCIN",0.5,NA,NA,"ECA2666",2,NA,NA,NA,365.10490960646,152.245731500956,290.730732607616,340.513318166117,385.22206692126,57.6918956351758,401.84203355417,413.852146598783,418.828893059756,0.158014570928013,18.113261871399,15.2220162792893,16.6332375574407,17.4089146444915,18.0501298519335,1.25849503788515,18.9235409493692,19.7263687811085,20.4625248509443,0.0694792051713403,38,"2_ECA2666_0.5",NA,NA,NA,NA,NA,"2",778.447145543842,-393.225078622582
"20250619-CbDRC4-p029-m2x_A12_roi_0.png",20250619,"CbDRC4","p029","m2x","A12",0,265.326932191695,14.5051216529065,"","48h",10,"15hHB101","DMSO",1,"MILBEMYCIN",1,NA,NA,"ECA2666",2,NA,NA,NA,252.394823507881,195.110713567563,226.779229701685,238.120905332205,257.458088263086,22.9372565534656,266.795348245072,278.527749748245,289.20850278389,0.0908784745846793,15.0905438755398,13.6220815612552,14.0718456034636,14.6945676374271,14.9056889138697,0.940454809828843,15.3740036773267,15.9889408279853,17.5967807249946,0.0623208028541122,24,"2_ECA2666_1",NA,NA,NA,NA,NA,"2",778.447145543842,-520.989057280756
"20250619-CbDRC4-p029-m2x_B01_roi_0.png",20250619,"CbDRC4","p029","m2x","B01",0,738.092732213711,36.2668823136996,"","48h",10,"15hHB101","DMSO",1,"MILBEMYCIN",0,NA,NA,"JU3237",2,NA,NA,NA,781.557154302142,710.607041738001,726.673230310152,740.745949050126,796.421314143453,43.4094225724769,811.008398333052,824.980227413183,834.353216746127,0.0555422240504439,38.4970873164885,32.562941263522,35.6637574543139,36.7178924207826,38.7484947757381,3.08155583679038,40.4132878292632,41.8861073871733,43.4363754149882,0.0800464671900135,11,"2_JU3237_0",NA,NA,NA,NA,NA,"2",765.709066236116,30.7122479073364
"20250619-CbDRC4-p029-m2x_B02_roi_0.png",20250619,"CbDRC4","p029","m2x","B02",0,799.737669952801,39.5759563205282,"","48h",10,"15hHB101","DMSO",1,"MILBEMYCIN",0.00097,NA,NA,"JU3237",2,NA,NA,NA,780.681573131527,698.563400753892,728.952255964296,758.389441130182,787.530513065575,38.6630566085709,810.943968994773,816.918733265298,833.801943371361,0.049524745990203,38.5686514587868,30.8798292824877,35.1433782666151,37.058481606703,39.5759563205282,2.99345270311301,40.4809281928529,40.7506674820605,42.1926734019071,0.0776136211635948,15,"2_JU3237_0.00097",NA,NA,NA,NA,NA,"2",765.709066236116,21.8214468294586
"20250619-CbDRC4-p029-m2x_B03_roi_0.png",20250619,"CbDRC4","p029","m2x","B03",0,797.725180327491,40.5866019844598,"","48h",10,"15hHB101","DMSO",1,"MILBEMYCIN",0.0019,NA,NA,"JU3237",2,NA,NA,NA,780.318792411256,659.765475374029,748.516379315762,763.254249748336,797.725180327491,38.5089846735776,806.103459735716,815.964380240504,822.463478229869,0.0493503232884874,38.665211676563,32.4481406469084,36.7028393451627,37.6861527530394,38.9259429339961,2.28284490635367,39.6883421561843,40.9326808840364,42.4879672687458,0.0590413140745177,21,"2_JU3237_0.0019",NA,NA,NA,NA,NA,"2",765.709066236116,32.016114091375
"20250619-CbDRC4-p029-m2x_B04_roi_0.png",20250619,"CbDRC4","p029","m2x","B04",0,817.103008038032,38.5606267396332,"","48h",10,"15hHB101","DMSO",1,"MILBEMYCIN",0.0039,NA,NA,"JU3237",2,NA,NA,NA,790.236094090153,721.551324984905,764.636882661924,772.873569673322,794.346475699564,25.9926125160114,813.738902155354,817.187176001587,826.246810203075,0.0328922112143438,39.5058424725394,35.435174782733,36.4353829339822,38.2941487088047,40.1749659460568,2.14086442420487,41.3456486695344,41.691290455299,42.0612795380925,0.0541910839059563,19,"2_JU3237_0.0039",NA,NA,NA,NA,NA,"2",765.709066236116,28.6374094634473
"20250619-CbDRC4-p029-m2x_B05_roi_0.png",20250619,"CbDRC4","p029","m2x","B05",0,800.263110386065,40.8406125951183,"","48h",10,"15hHB101","DMSO",1,"MILBEMYCIN",0.0078,NA,NA,"JU3237",2,NA,NA,NA,776.224470581146,710.876250770705,741.4817253344,754.818459610574,780.502876620196,28.8070710154992,799.525552264864,811.017357704874,817.744005478394,0.0371117790114654,38.9840112894584,34.1745307037823,35.7362136922987,38.1430348317908,38.6355853687702,2.32942039757664,41.0360106439362,41.6740182462675,41.8447416316845,0.0597532249896135,22,"2_JU3237_0.0078",NA,NA,NA,NA,NA,"2",765.709066236116,14.7938103840797
"20250619-CbDRC4-p029-m2x_B06_roi_0.png",20250619,"CbDRC4","p029","m2x","B06",0,829.353281223086,39.2932095217367,"","48h",10,"15hHB101","DMSO",1,"MILBEMYCIN",0.0156,NA,NA,"JU3237",2,NA,NA,NA,776.048479075809,716.559203098055,734.298864858334,750.38982729471,775.938795728012,35.1825728731002,799.15818077899,823.543839597362,829.507490013336,0.0453355348560168,39.1613288254562,35.929303520309,37.0273574161515,37.711624816639,39.2418047685546,2.01545992128074,40.3547730474359,42.0618495747423,42.8236996907021,0.0514655651820124,19,"2_JU3237_0.0156",NA,NA,NA,NA,NA,"2",765.709066236116,10.2297294918959
"20250619-CbDRC4-p029-m2x_B07_roi_0.png",20250619,"CbDRC4","p029","m2x","B07",0,823.114741169212,39.7316279589849,"","48h",10,"15hHB101","DMSO",1,"MILBEMYCIN",0.03125,NA,NA,"JU3237",2,NA,NA,NA,748.624580695784,230.987988318612,729.658923859643,763.906573450797,782.165338980814,140.743997424042,800.750460675896,814.716864802456,823.114741169212,0.188003441315315,38.1461911197871,16.0901751878951,35.2662553755823,36.3551801072563,39.1887448265733,6.64133057493229,41.2725125308822,43.9413585485972,44.3325127098736,0.174102063141169,16,"2_JU3237_0.03125",NA,NA,NA,NA,NA,"2",765.709066236116,16.456272744698
"20250619-CbDRC4-p029-m2x_B08_roi_0.png",20250619,"CbDRC4","p029","m2x","B08",0,808.704463610926,40.3692081265638,"","48h",10,"15hHB101","DMSO",1,"MILBEMYCIN",0.0625,NA,NA,"JU3237",2,NA,NA,NA,792.532738319763,763.302564205097,767.371385790547,778.212495660411,790.268190294026,21.2790694166183,811.47377337154,821.278867094912,823.193159073176,0.0268494516223163,38.7723847411031,36.6554904207276,36.9493195126309,38.0721591532054,38.6938845815655,1.55933296797447,39.3379244415777,40.3028801449681,42.2405351195897,0.0402176182452198,12,"2_JU3237_0.0625",NA,NA,NA,NA,NA,"2",765.709066236116,24.5591240579095
"20250619-CbDRC4-p029-m2x_B09_roi_0.png",20250619,"CbDRC4","p029","m2x","B09",0,738.854325998656,35.3046878195857,"","48h",10,"15hHB101","DMSO",1,"MILBEMYCIN",0.125,NA,NA,"JU3237",2,NA,NA,NA,762.932121845831,703.031448909618,722.231001577496,738.884055515135,755.980228107916,34.5840780134934,789.029479570507,801.280594603817,840.603499863513,0.0453304783259368,37.3724839262226,31.0338243120716,34.8791943140317,35.7565552519797,37.389479001424,2.72054164679188,39.5259245350595,40.0699977207228,42.9160926060005,0.0727953125128779,20,"2_JU3237_0.125",NA,NA,NA,NA,NA,"2",765.709066236116,-9.72883812820055
"20250619-CbDRC4-p029-m2x_B10_roi_0.png",20250619,"CbDRC4","p029","m2x","B10",0,719.161691476372,33.3302740853756,"","48h",10,"15hHB101","DMSO",1,"MILBEMYCIN",0.25,NA,NA,"JU3237",2,NA,NA,NA,609.150765358507,476.211572156403,547.340710557259,553.295703490044,604.285020006793,74.152419773669,674.439123249489,716.308202551517,733.705440759701,0.121730816064932,28.3375758451445,22.8812150646985,24.6173628713855,25.9604357340369,28.2507384446338,3.3872716420869,30.1932667736177,33.1849160255144,35.8352422729615,0.11953286549976,22,"2_JU3237_0.25",NA,NA,NA,NA,NA,"2",765.709066236116,-161.424046229323
"20250619-CbDRC4-p029-m2x_B11_roi_0.png",20250619,"CbDRC4","p029","m2x","B11",0,420.337599100852,18.7183805409408,"","48h",10,"15hHB101","DMSO",1,"MILBEMYCIN",0.5,NA,NA,"JU3237",2,NA,NA,NA,421.930375403037,289.750459904422,385.98233880499,407.946778851802,426.002070926689,52.9191662804546,439.966906684147,476.532948846046,505.371366456611,0.12542156091489,19.8020544395661,16.9378211205093,17.8430105956432,18.5026318756845,20.0435881757756,1.69895030825663,20.6838159533757,21.7198650520143,22.4791511723141,0.0857966688982527,12,"2_JU3237_0.5",NA,NA,NA,NA,NA,"2",765.709066236116,-339.706995309427
"20250619-CbDRC4-p029-m2x_B12_roi_0.png",20250619,"CbDRC4","p029","m2x","B12",0,528.951608220899,19.6452258972418,"","48h",10,"15hHB101","DMSO",1,"MILBEMYCIN",1,NA,NA,"JU3237",2,NA,NA,NA,310.990061966804,163.442628967313,256.652717548729,281.91742125525,301.823559574999,82.9002428317281,331.561104058135,372.372347306927,528.951608220899,0.266568784569641,16.1264099209011,11.9206714746144,14.8341196399981,14.8981876735328,15.9921592657213,2.03584024468184,17.0435387849034,19.1004217139136,19.6452258972418,0.126242620314595,13,"2_JU3237_1",NA,NA,NA,NA,NA,"2",765.709066236116,-463.885506661118
"20250619-CbDRC4-p029-m2x_C01_roi_0.png",20250619,"CbDRC4","p029","m2x","C01",0,857.530945961341,37.4989984290076,"","48h",10,"15hHB101","DMSO",1,"MILBEMYCIN",0,NA,NA,"VX34",2,NA,NA,NA,886.606055678646,857.530945961341,863.345967904802,872.068500819993,886.606055678646,41.1184144896997,901.1436105373,909.866143452491,915.681165395952,0.0463773219530132,38.446387024437,37.4989984290076,37.6884761480935,37.9726927267223,38.446387024437,1.33980980049392,38.9200813221517,39.2042979007806,39.3937756198665,0.0348487830505978,2,"2_VX34_0",NA,"n<5",NA,NA,NA,"2",808.628894132328,77.9771615463187
"20250619-CbDRC4-p029-m2x_C02_roi_0.png",20250619,"CbDRC4","p029","m2x","C02",0,865.469655763801,40.6170685221405,"","48h",10,"15hHB101","DMSO",1,"MILBEMYCIN",0.00097,NA,NA,"VX34",2,NA,NA,NA,863.949409535549,860.322035615401,861.351559645081,862.895845689601,865.469655763801,3.15507347466306,865.763096495623,865.939160934717,866.056537227446,0.00365191924415944,40.4887091789973,40.421168528097,40.4225129198285,40.4245295074257,40.4278904867544,0.111213249710442,40.5224795044474,40.5792329150632,40.6170685221405,0.00274677192643455,3,"2_VX34_0.00097",NA,"n<5",NA,NA,NA,"2",808.628894132328,56.8407616314734
"20250619-CbDRC4-p029-m2x_C03_roi_0.png",20250619,"CbDRC4","p029","m2x","C03",0,851.460547075406,40.7596807787536,"","48h",10,"15hHB101","DMSO",1,"MILBEMYCIN",0.0019,NA,NA,"VX34",2,NA,NA,NA,855.615482056815,825.114653544653,830.771639766306,839.257119098786,844.619108257667,35.990910107184,851.460547075406,891.159808214702,917.625982307565,0.0420643511740406,40.23692283679,38.2219737421003,38.8518091539758,39.796562271789,40.7596807787536,1.29405171980565,40.8135269132534,41.2811330521336,41.5928704780538,0.0321608022823867,5,"2_VX34_0.0019",NA,NA,NA,NA,NA,"2",808.628894132328,35.9902141253389
"20250619-CbDRC4-p029-m2x_C04_roi_0.png",20250619,"CbDRC4","p029","m2x","C04",0,853.976690157975,40.3277964394074,"","48h",10,"15hHB101","DMSO",1,"MILBEMYCIN",0.0039,NA,NA,"VX34",2,NA,NA,NA,691.275742107834,142.882204191256,346.726108475043,652.491964900722,838.169287647593,369.330516200321,876.953064854704,918.310539308817,945.882188944893,0.534273797998698,34.5362424902261,15.069783867601,22.6381959565494,33.990814089972,40.3128103017515,13.0166766461709,40.8582387020056,41.8130347746824,42.4495654898003,0.37689904018524,4,"2_VX34_0.0039",NA,"n<5",NA,NA,NA,"2",808.628894132328,29.5403935152651
"20250619-CbDRC4-p029-m2x_C05_roi_0.png",20250619,"CbDRC4","p029","m2x","C05",0,876.250125731347,40.6284455532585,"","48h",10,"15hHB101","DMSO",1,"MILBEMYCIN",0.0078,NA,NA,"VX34",2,NA,NA,NA,489.646254121613,242.276817699793,263.903817946574,296.344318316745,350.411818933698,339.146295543223,613.330972332522,771.082464371817,876.250125731347,0.692635331504017,25.8256882807426,16.0713168817857,17.0125139868652,18.4243096444846,20.7773024071835,13.0337175085653,30.702873980221,36.6582169240435,40.6284455532585,0.504680354183789,3,"2_VX34_0.0078",NA,"n<5",NA,NA,NA,"2",808.628894132328,-458.21707519863
"20250619-CbDRC4-p029-m2x_C06_roi_0.png",20250619,"CbDRC4","p029","m2x","C06",0,879.748953387878,35.836228745821,"","48h",10,"15hHB101","DMSO",1,"MILBEMYCIN",0.0156,NA,NA,"VX34",2,NA,NA,NA,450.765643184761,133.012233891867,138.263455132718,179.143276210522,208.595975317798,354.886995130035,853.308095160837,874.02900792587,879.748953387878,0.787298234671743,23.4631929226494,11.5312837684506,12.9427448042196,13.3280308081661,16.4573236893382,12.2288254149248,36.6254514327829,38.4518245240384,39.0208820847771,0.521191870826761,10,"2_VX34_0.0156",NA,NA,NA,NA,NA,"2",808.628894132328,-600.03291881453
"20250619-CbDRC4-p029-m2x_C07_roi_0.png",20250619,"CbDRC4","p029","m2x","C07",0,845.582340226779,37.7108240124783,"","48h",10,"15hHB101","DMSO",1,"MILBEMYCIN",0.03125,NA,NA,"VX34",2,NA,NA,NA,487.881028962694,130.17971769861,201.719979951427,309.030373330652,487.881028962694,505.866045668309,666.731684594737,774.042077973962,845.582340226779,1.03686352950401,23.8967316568621,10.0826393012459,12.8454577723692,16.989685479054,23.8967316568621,19.5360767611869,30.8037778346702,34.9480055413551,37.7108240124783,0.817520866104592,2,"2_VX34_0.03125",NA,"n<5",NA,NA,NA,"2",808.628894132328,-320.747865169633
"20250619-CbDRC4-p029-m2x_C08_roi_0.png",20250619,"CbDRC4","p029","m2x","C08",0,834.738087542549,39.2482697666868,"","48h",10,"15hHB101","DMSO",1,"MILBEMYCIN",0.0625,NA,NA,"VX34",2,NA,NA,NA,281.811410055568,100.150971856152,128.17314078893,159.620405662408,178.754926175942,274.761448460211,228.609218862682,538.506163201834,834.738087542549,0.974983406122673,17.9891453914526,12.549075200162,12.9020367555821,13.3137152467931,14.0696032788249,10.4488282488393,14.719827010782,26.9957961399508,39.2482697666868,0.580840724863115,6,"2_VX34_0.0625",NA,NA,NA,NA,NA,"2",808.628894132328,-629.873967956386
"20250619-CbDRC4-p029-m2x_C09_roi_0.png",20250619,"CbDRC4","p029","m2x","C09",0,110.942627073658,13.2372788761803,"","48h",10,"15hHB101","DMSO",1,"MILBEMYCIN",0.125,NA,NA,"VX34",2,NA,NA,NA,187.483855361759,106.589306309011,107.895302538405,109.854296882496,146.870772822033,113.589263397811,224.500331301296,299.562874216893,349.604569493958,0.605861572339844,14.7384259738129,11.0974723479775,11.7394143064384,12.7023272441296,14.8753332655658,3.16217753107488,16.9114319952491,17.6279118077852,18.1055650161425,0.214553272967779,4,"2_VX34_0.125",NA,"n<5",NA,NA,NA,"2",808.628894132328,-661.758121310295
"20250619-CbDRC4-p029-m2x_C10_roi_0.png",20250619,"CbDRC4","p029","m2x","C10",0,844.237072860031,37.415429586972,"","48h",10,"15hHB101","DMSO",1,"MILBEMYCIN",0.25,NA,NA,"VX34",2,NA,NA,NA,839.575570384741,802.273546412031,810.666251701631,823.255309636031,844.237072860031,35.2035100622891,858.226582371096,866.620288077735,872.216091882162,0.0419301267260038,38.5026646470042,37.415429586972,37.4374831081645,37.4705633899533,37.5256971929346,1.78850181734585,39.0462821770203,39.9586331674718,40.5668671611061,0.0464513776836742,3,"2_VX34_0.25",NA,"n<5",NA,NA,NA,"2",808.628894132328,35.6081787277028
"20250619-CbDRC4-p029-m2x_C11_roi_0.png",20250619,"CbDRC4","p029","m2x","C11",0,687.324589824053,30.0524153118476,"","48h",10,"15hHB101","DMSO",1,"MILBEMYCIN",0.5,NA,NA,"VX34",2,NA,NA,NA,344.343552242118,133.974189040431,136.273931280401,139.723544640356,174.186362937806,269.888040675092,586.509074767947,646.998383801611,687.324589824053,0.783775502453217,18.5325781176721,11.9148102370067,12.0984234244168,12.373843205532,13.411944027388,8.38633354377069,24.9098778065863,27.9954003097431,30.0524153118476,0.452518451049923,5,"2_VX34_0.5",NA,NA,NA,NA,NA,"2",808.628894132328,-634.442531194522
"20250619-CbDRC4-p029-m2x_D01_roi_0.png",20250619,"CbDRC4","p029","m2x","D01",0,762.989494493725,37.2454620529637,"","48h",10,"15hHB101","DMSO",1,"MILBEMYCIN",0,NA,NA,"PB420",2,NA,NA,NA,769.76906200479,708.000766001852,739.328815751299,758.518785828791,771.196273367166,23.5768562256718,789.935115618333,797.345176137278,807.393361534341,0.0306284798771571,38.6834347755574,34.6947263992916,37.0074317934211,37.5961994286219,38.7238533446178,1.58774907446789,39.7729219865008,40.4842954133209,42.0503120671365,0.041044676711881,40,"2_PB420_0",NA,NA,NA,NA,NA,"2",764.404649350685,6.79162401648045
"20250619-CbDRC4-p029-m2x_D03_roi_0.png",20250619,"CbDRC4","p029","m2x","D03",0,788.035218733863,37.4762638880057,"","48h",10,"15hHB101","DMSO",1,"MILBEMYCIN",0.0019,NA,NA,"PB420",2,NA,NA,NA,779.425192856407,725.881275319369,754.978331611152,762.629069985851,776.727597764994,23.9493791447266,788.289595803499,811.704417066792,856.444958040893,0.0307269759358917,38.730004944825,35.4817145065671,36.7292790760259,37.5994233710404,38.6854514155275,1.64754329765723,39.8268296606171,40.8681668625047,42.2391027239838,0.0425391966772102,41,"2_PB420_0.0019",NA,NA,NA,NA,NA,"2",764.404649350685,12.3229484143086
"20250619-CbDRC4-p029-m2x_D04_roi_0.png",20250619,"CbDRC4","p029","m2x","D04",0,761.957945653073,38.8150189419253,"","48h",10,"15hHB101","DMSO",1,"MILBEMYCIN",0.0039,NA,NA,"PB420",2,NA,NA,NA,779.424024619708,731.596341733938,745.633487581342,756.553632551338,778.603253796663,34.4235128308247,790.431272472883,807.981155374639,920.848045894645,0.0441653217548951,38.6995811686599,30.7819344317251,36.1907393760219,37.4698471179936,38.5315705971267,2.0986313376092,40.2649061440237,40.9829839514309,43.2721102135556,0.0542287868300947,57,"2_PB420_0.0039",NA,NA,NA,NA,NA,"2",764.404649350685,14.1986044459774
"20250619-CbDRC4-p029-m2x_D06_roi_0.png",20250619,"CbDRC4","p029","m2x","D06",0,797.629940588961,38.5383046136172,"","48h",10,"15hHB101","DMSO",1,"MILBEMYCIN",0.0156,NA,NA,"PB420",2,NA,NA,NA,765.266618622263,703.317215549424,729.113105872085,746.015710599717,768.055802834508,27.4378054120712,785.064830422648,796.64902977676,812.360875144315,0.0358539164578595,37.9720029671255,32.2656778980471,36.171180284678,37.1499783944108,38.1757239997561,1.7273376978817,38.9923675694342,39.4881130833932,42.0253253563802,0.0454897704336839,35,"2_PB420_0.0156",NA,NA,NA,NA,NA,"2",764.404649350685,3.65115348382312
"20250619-CbDRC4-p029-m2x_D07_roi_0.png",20250619,"CbDRC4","p029","m2x","D07",0,756.34001871326,39.0510550781881,"","48h",10,"15hHB101","DMSO",1,"MILBEMYCIN",0.03125,NA,NA,"PB420",2,NA,NA,NA,775.070629951932,697.399661382238,747.064990993646,757.94626529115,776.58696826735,24.8325878686827,788.73109399328,799.697203679885,861.47327365416,0.0320391289632827,38.7218792389315,34.8417766035512,37.0959678868178,37.4996690275212,38.523341367893,1.67120971431084,39.9996550456268,40.7160763358176,42.591883132666,0.0431593132140804,53,"2_PB420_0.03125",NA,NA,NA,NA,NA,"2",764.404649350685,12.1823189166648
"20250619-CbDRC4-p029-m2x_D08_roi_0.png",20250619,"CbDRC4","p029","m2x","D08",0,771.959951776774,36.2601243410862,"","48h",10,"15hHB101","DMSO",1,"MILBEMYCIN",0.0625,NA,NA,"PB420",2,NA,NA,NA,777.71273423098,721.517923062208,751.909952345276,760.65837342976,778.878880826003,22.6206165085856,794.145511502087,801.167220900015,838.547281621898,0.0290860821906862,38.8912317562276,33.4596998484344,36.8450090485821,37.2681045929644,38.7676884867255,1.83490345668588,40.4393947926856,41.0849658570709,42.0378610934604,0.0471803893532392,61,"2_PB420_0.0625",NA,NA,NA,NA,NA,"2",764.404649350685,14.474231475318
"20250619-CbDRC4-p029-m2x_D09_roi_0.png",20250619,"CbDRC4","p029","m2x","D09",0,795.29643791404,38.0950076150758,"","48h",10,"15hHB101","DMSO",1,"MILBEMYCIN",0.125,NA,NA,"PB420",2,NA,NA,NA,787.889626700934,743.895983338609,755.267244863482,767.689800962988,789.011006795628,25.8634082176604,802.204052636144,817.190019921287,856.422707147522,0.0328261819183432,38.2767164133352,33.6224184947694,36.5703211438056,37.4356279931275,38.3238446985762,1.61333319991234,39.288517054343,40.3031450021986,41.6081568222662,0.042149205864228,47,"2_PB420_0.125",NA,NA,NA,NA,NA,"2",764.404649350685,24.6063574449429
"20250619-CbDRC4-p029-m2x_D10_roi_0.png",20250619,"CbDRC4","p029","m2x","D10",0,809.161130993876,37.2758410831893,"","48h",10,"15hHB101","DMSO",1,"MILBEMYCIN",0.25,NA,NA,"PB420",2,NA,NA,NA,734.28911440141,566.827669689967,693.021669285341,715.228081099988,740.246811953325,40.080942441093,761.075436404725,774.308617675883,809.161130993876,0.0545846883128138,35.3806909875568,26.3594173162996,31.9841885486793,34.0348195084486,35.7841884402693,2.89894418954901,37.4523870035,38.3233493071582,39.7575888067679,0.0819357708578544,45,"2_PB420_0.25",NA,NA,NA,NA,NA,"2",764.404649350685,-24.1578373973605
"20250619-CbDRC4-p029-m2x_D11_roi_0.png",20250619,"CbDRC4","p029","m2x","D11",0,704.537238223016,32.9214386712928,"","48h",10,"15hHB101","DMSO",1,"MILBEMYCIN",0.5,NA,NA,"PB420",2,NA,NA,NA,515.923380466211,350.858005929545,406.417345468677,438.37221675408,514.898905725919,95.3128331501197,574.537009905296,632.387863352126,746.436200915163,0.184742224831894,23.8425134547291,18.1399554948326,19.8706031834593,21.4487853503115,23.3845788289761,3.42714039028114,26.3017153757179,28.2557024689313,32.9214386712928,0.143740734247185,43,"2_PB420_0.5",NA,NA,NA,NA,NA,"2",764.404649350685,-249.505743624766
"20250619-CbDRC4-p029-m2x_D12_roi_0.png",20250619,"CbDRC4","p029","m2x","D12",0,295.84662317497,16.8759785404499,"","48h",10,"15hHB101","DMSO",1,"MILBEMYCIN",1,NA,NA,"PB420",2,NA,NA,NA,284.988122634356,232.600541764085,256.076802309545,266.947392015988,282.748509836356,28.9543636613733,298.310235405312,309.053751895729,367.055785911568,0.101598492574802,16.4176532607931,14.422143983228,15.5537941219872,15.8257973344048,16.2857269853027,0.914462413143179,16.9123262596941,17.552640724718,18.3864674167518,0.0556999467961112,27,"2_PB420_1",NA,NA,NA,NA,NA,"2",764.404649350685,-481.656139514329
"20250619-CbDRC4-p029-m2x_E01_roi_0.png",20250619,"CbDRC4","p029","m2x","E01",0,797.193233193571,39.2016156790549,"","48h",10,"15hHB101","DMSO",1,"MILBEMYCIN",0,NA,NA,"NIC1667",2,NA,NA,NA,766.547497196514,468.837030482705,704.452914825607,749.636263759327,770.847973459811,66.0780486018804,802.99473934361,828.861944754707,857.369323265893,0.0862021581748645,37.8432323044472,28.7621681543989,33.7193575624771,36.5813964067208,38.4901160276679,3.24049912676166,39.6462977530255,41.283570582226,42.9329135553825,0.0856295545975561,43,"2_NIC1667_0",NA,NA,NA,NA,NA,"2",776.621116305835,-5.7731428460246
"20250619-CbDRC4-p029-m2x_E02_roi_0.png",20250619,"CbDRC4","p029","m2x","E02",0,843.854439184063,38.3230635224305,"","48h",10,"15hHB101","DMSO",1,"MILBEMYCIN",0.00097,NA,NA,"NIC1667",2,NA,NA,NA,780.025454133838,586.910471484823,713.088954541322,761.177220936298,789.478554510905,53.3943893152778,811.966453030272,834.641756044005,853.019603170964,0.0684521114436815,37.6041132921168,27.9066542511596,33.6287602197822,35.9528696682579,38.2144875294067,2.96246283650733,39.8377416396514,40.8080154438482,41.9033370332286,0.0787802869727117,39,"2_NIC1667_0.00097",NA,NA,NA,NA,NA,"2",776.621116305835,12.8574382050693
"20250619-CbDRC4-p029-m2x_E03_roi_0.png",20250619,"CbDRC4","p029","m2x","E03",0,789.919872156875,39.9325430542551,"","48h",10,"15hHB101","DMSO",1,"MILBEMYCIN",0.0019,NA,NA,"NIC1667",2,NA,NA,NA,781.54199644364,597.253372361066,738.259469339301,759.746960741649,771.411842265891,62.6266828575943,809.100917920762,835.627127060093,1066.68554369416,0.0801322042098484,38.0620646240641,26.8186679593658,34.9977136036466,37.1301195254368,38.9415013914078,3.06287960772692,39.7901393409622,40.9066834073139,42.8811064526595,0.0804706638480788,46,"2_NIC1667_0.0019",NA,NA,NA,NA,NA,"2",776.621116305835,-5.20927403994472
"20250619-CbDRC4-p029-m2x_E04_roi_0.png",20250619,"CbDRC4","p029","m2x","E04",0,835.066375793888,39.5228570553526,"","48h",10,"15hHB101","DMSO",1,"MILBEMYCIN",0.0039,NA,NA,"NIC1667",2,NA,NA,NA,767.043283452015,365.89500138347,704.42257815158,742.572313994025,792.87962611187,84.9542174986962,807.612309354777,830.769823565789,851.092577512738,0.110755441487431,36.9327543838318,19.7182114478104,31.7208805348972,35.4420952057884,37.566903586921,4.58003306578805,40.6065240122055,41.2966919259282,43.1179483157818,0.124010059422838,39,"2_NIC1667_0.0039",NA,NA,NA,NA,NA,"2",776.621116305835,16.2585098060342
"20250619-CbDRC4-p029-m2x_E05_roi_0.png",20250619,"CbDRC4","p029","m2x","E05",0,767.196285800913,35.26537306906,"","48h",10,"15hHB101","DMSO",1,"MILBEMYCIN",0.0078,NA,NA,"NIC1667",2,NA,NA,NA,769.039771365192,693.96935826133,715.908608916531,741.073057823051,767.196285800913,38.9515136551026,801.76783818292,817.330728782683,849.573239332655,0.0506495438928421,38.0101959027536,32.0120786799681,35.0551924742858,36.3732625208305,38.191634649974,2.45442694567147,40.0230098725754,40.8794107550712,41.6519905602977,0.0645728570289653,49,"2_NIC1667_0.0078",NA,NA,NA,NA,NA,"2",776.621116305835,-9.42483050492251
"20250619-CbDRC4-p029-m2x_E06_roi_0.png",20250619,"CbDRC4","p029","m2x","E06",0,847.401016049401,40.3432476126062,"","48h",10,"15hHB101","DMSO",1,"MILBEMYCIN",0.0156,NA,NA,"NIC1667",2,NA,NA,NA,761.564469304546,625.322500182484,698.746328021562,732.509679513765,764.491881501429,55.7614847140384,797.947939465751,821.391525874101,852.032239833071,0.0732196510755804,37.0351394389731,28.86776713779,33.2956598785512,36.053307704541,37.5686287424294,3.04580703235188,39.1069357182521,40.3926257145631,41.4226578001608,0.0822410035034644,39,"2_NIC1667_0.0156",NA,NA,NA,NA,NA,"2",776.621116305835,-12.129234804406
"20250619-CbDRC4-p029-m2x_E07_roi_0.png",20250619,"CbDRC4","p029","m2x","E07",0,766.901742889469,39.2409375093691,"","48h",10,"15hHB101","DMSO",1,"MILBEMYCIN",0.03125,NA,NA,"NIC1667",2,NA,NA,NA,770.988751189728,634.702415314061,706.798638696673,751.693274203744,768.770541605237,49.2608128293419,805.647518403792,828.01701451791,851.439058014812,0.0638930370298225,37.3140081015835,26.4621981823918,33.6987082515715,35.7707582261281,38.0234979684076,3.25497479396289,39.4143918147138,41.1143094809157,42.1013758681927,0.0872319796120952,49,"2_NIC1667_0.03125",NA,NA,NA,NA,NA,"2",776.621116305835,-7.85057470059871
"20250619-CbDRC4-p029-m2x_E08_roi_0.png",20250619,"CbDRC4","p029","m2x","E08",0,799.820210438254,37.5897608675081,"","48h",10,"15hHB101","DMSO",1,"MILBEMYCIN",0.0625,NA,NA,"NIC1667",2,NA,NA,NA,774.199460853917,598.260689663333,723.911140809799,753.177392981661,781.471918945379,42.0521373119695,802.985915663289,816.912721269654,844.338169828223,0.0543169292130317,37.1471340416241,29.4442897568839,33.924477599676,35.5033395760715,37.4723718810387,2.59297242783339,39.1911376550984,39.9257643759153,41.7277080199534,0.0698027585365783,60,"2_NIC1667_0.0625",NA,NA,NA,NA,NA,"2",776.621116305835,4.85080263954387
"20250619-CbDRC4-p029-m2x_E09_roi_0.png",20250619,"CbDRC4","p029","m2x","E09",0,735.666164769407,36.1763981912567,"","48h",10,"15hHB101","DMSO",1,"MILBEMYCIN",0.125,NA,NA,"NIC1667",2,NA,NA,NA,764.194725100007,648.026822814661,719.77796557098,740.9515976563,767.381353793303,37.6611572633313,790.800838437156,806.098555275669,826.833542953305,0.0492821476337758,37.1321953875029,29.2569958891458,34.4652613441708,35.3906737874676,37.3318163567277,2.54910933266193,39.1188990365943,40.047856842901,41.3803016123063,0.0686495723201934,47,"2_NIC1667_0.125",NA,NA,NA,NA,NA,"2",776.621116305835,-9.23976251253282
"20250619-CbDRC4-p029-m2x_E10_roi_0.png",20250619,"CbDRC4","p029","m2x","E10",0,760.36326690177,36.7999418064399,"","48h",10,"15hHB101","DMSO",1,"MILBEMYCIN",0.25,NA,NA,"NIC1667",2,NA,NA,NA,756.215228966899,260.369270595622,720.643062622476,753.853085011042,767.864778441488,77.7553256391797,786.085466664077,800.568803992386,813.247416609034,0.102821687081606,36.9075088070691,16.063339519747,34.335967308874,36.3549903797843,37.3678914656066,3.47097145291276,38.6614021867392,39.4653791991729,40.2896523462094,0.0940451297067211,51,"2_NIC1667_0.25",NA,NA,NA,NA,NA,"2",776.621116305835,-8.75633786434764
"20250619-CbDRC4-p029-m2x_E11_roi_0.png",20250619,"CbDRC4","p029","m2x","E11",0,685.536682128072,31.7766272974322,"","48h",10,"15hHB101","DMSO",1,"MILBEMYCIN",0.5,NA,NA,"NIC1667",2,NA,NA,NA,601.588049846446,462.653923908266,504.426907066492,547.755736488809,592.338551708776,72.0023171445548,658.492689737715,696.508668915489,743.205787070934,0.119687080158812,27.284253853493,17.5546381088853,23.4501355589061,24.9403509773004,27.4119534360521,3.79271174494112,29.2750673042907,32.0545478734033,36.3580921597616,0.139007347069364,46,"2_NIC1667_0.5",NA,NA,NA,NA,NA,"2",776.621116305835,-184.28256459706
"20250619-CbDRC4-p029-m2x_E12_roi_0.png",20250619,"CbDRC4","p029","m2x","E12",0,363.069229820335,17.0615870401302,"","48h",10,"15hHB101","DMSO",1,"MILBEMYCIN",1,NA,NA,"NIC1667",2,NA,NA,NA,315.08089714195,171.080060048118,285.393535712717,295.897415690861,317.178595982051,44.6784019730741,336.840660392421,356.463502207075,432.995634112575,0.141799780241662,17.1233357355463,14.8464645974537,15.7587306860051,16.0317727793971,16.895967891577,1.89582779751187,17.3077657105599,18.404845535724,24.3246799468369,0.110716032599672,27,"2_NIC1667_1",NA,NA,NA,NA,NA,"2",776.621116305835,-459.442520323785
"20250619-CbDRC4-p029-m2x_F01_roi_0.png",20250619,"CbDRC4","p029","m2x","F01",0,895.692123328227,38.7047887498512,"","48h",10,"15hHB101","DMSO",1,"MILBEMYCIN",0,NA,NA,"ED3102",2,NA,NA,NA,867.421387147558,524.316539678664,810.021275625219,825.656072110294,880.868841697097,67.7215648758098,906.786658539979,922.024226602417,963.409535838213,0.0780722793779692,41.3318765363264,27.4158358690913,39.663683345785,40.5823079413278,41.5818080074202,2.64018712738266,42.6656269657704,43.3386283812095,46.8676674996002,0.0638777463941713,45,"2_ED3102_0",NA,NA,NA,NA,NA,"2",858.463870400194,22.4049712969035
"20250619-CbDRC4-p029-m2x_F02_roi_0.png",20250619,"CbDRC4","p029","m2x","F02",0,904.084783371339,38.6155825279409,"","48h",10,"15hHB101","DMSO",1,"MILBEMYCIN",0.00097,NA,NA,"ED3102",2,NA,NA,NA,872.369178679748,772.214848791858,817.320249363293,843.733720856346,877.315518524151,45.3908236846922,906.035103103239,931.770922725378,948.425792292533,0.052031668236362,40.9554481949048,37.4937560450477,38.6597683063284,39.8203808073746,40.7549604753598,1.83565377515644,42.2368679967438,43.301027686141,45.5084908722807,0.0448207468374088,43,"2_ED3102_0.00097",NA,NA,NA,"outlier","outlier","2",858.463870400194,18.8516481239574
"20250619-CbDRC4-p029-m2x_F03_roi_0.png",20250619,"CbDRC4","p029","m2x","F03",0,840.717125211921,37.5098328386679,"","48h",10,"15hHB101","DMSO",1,"MILBEMYCIN",0.0019,NA,NA,"ED3102",2,NA,NA,NA,868.714089236029,207.986725645946,806.414264663279,836.130675903748,898.156166301207,118.894599368114,925.456424871449,944.059827223535,983.903807866065,0.136862750174425,40.9804070618538,34.8841122872386,37.7107939728745,39.4207182025306,41.1279312118132,2.33093087762349,42.6467907059671,43.5836670218111,45.0296953893888,0.056879153838206,40,"2_ED3102_0.0019",NA,NA,NA,NA,NA,"2",858.463870400194,39.6922959010133
"20250619-CbDRC4-p029-m2x_F04_roi_0.png",20250619,"CbDRC4","p029","m2x","F04",0,930.764628254005,41.0806383565109,"","48h",10,"15hHB101","DMSO",1,"MILBEMYCIN",0.0039,NA,NA,"ED3102",2,NA,NA,NA,867.422955193604,293.872918718143,813.494835902402,835.578072274345,881.985244577191,110.733611350838,914.488613558122,942.47773322499,1018.11430633656,0.127658151871393,40.1967799668682,17.7121741599816,37.7649895488095,38.8595486943053,41.049216098323,4.32972137941699,42.4448756546512,43.1727108345779,44.4945834499855,0.107713139783478,37,"2_ED3102_0.0039",NA,NA,NA,NA,NA,"2",858.463870400194,23.521374176997
"20250619-CbDRC4-p029-m2x_F05_roi_0.png",20250619,"CbDRC4","p029","m2x","F05",0,912.455069455111,41.3099828701478,"","48h",10,"15hHB101","DMSO",1,"MILBEMYCIN",0.0078,NA,NA,"ED3102",2,NA,NA,NA,876.835317739006,698.971915420558,811.585227911438,829.429291717043,892.543846671543,54.8060514738438,911.584885756005,930.928882874444,972.362809905853,0.0625043840788324,40.7777442950985,32.3119736446578,37.9985004818233,39.6753025712886,40.6923584946117,2.54641518975874,42.2106469580667,43.5368653825752,46.070171582841,0.0624462003422985,41,"2_ED3102_0.0078",NA,NA,NA,NA,NA,"2",858.463870400194,34.0799762713489
"20250619-CbDRC4-p029-m2x_F06_roi_0.png",20250619,"CbDRC4","p029","m2x","F06",0,814.896314184479,41.0453128612694,"","48h",10,"15hHB101","DMSO",1,"MILBEMYCIN",0.0156,NA,NA,"ED3102",2,NA,NA,NA,859.812317541223,114.399040800192,782.693807985197,829.470208332704,890.394781488543,134.737275872697,927.210573570781,942.372653558961,980.578899502149,0.156705449693952,41.8236348755913,14.8256167285463,39.1566215448051,40.3556261843262,41.4071829928414,7.32133896394926,42.3054881637033,45.516532787676,70.8345936215698,0.175052670236036,40,"2_ED3102_0.0156",NA,NA,NA,NA,NA,"2",858.463870400194,31.9309110883496
"20250619-CbDRC4-p029-m2x_F07_roi_0.png",20250619,"CbDRC4","p029","m2x","F07",0,889.017183183619,41.1871205468721,"","48h",10,"15hHB101","DMSO",1,"MILBEMYCIN",0.03125,NA,NA,"ED3102",2,NA,NA,NA,871.464516380988,627.65180624524,801.000517285706,822.409804024785,892.736306280971,61.3451244493166,906.879097852371,927.359272595244,971.952577437062,0.0703931408522175,41.2766336389865,37.2819307074245,38.7794717985508,40.139312910756,40.955215704993,2.03707279049538,42.3435763274916,43.7562491261472,47.249129009439,0.0493517181733377,49,"2_ED3102_0.03125",NA,NA,NA,NA,NA,"2",858.463870400194,34.2724358807768
"20250619-CbDRC4-p029-m2x_F09_roi_0.png",20250619,"CbDRC4","p029","m2x","F09",0,904.804945891126,40.487126955845,"","48h",10,"15hHB101","DMSO",1,"MILBEMYCIN",0.125,NA,NA,"ED3102",2,NA,NA,NA,873.631859641426,446.936333781739,807.151331012324,853.019013047933,892.475954213185,90.1765619319047,906.818234362645,931.732868314564,1056.34995471212,0.10322032208042,40.7394958994367,25.837805432293,37.6740641577534,39.3731483566826,41.3786794130768,3.33095237779016,42.5437417234888,44.0661462713464,45.4516815197928,0.0817622384433142,35,"2_ED3102_0.125",NA,NA,NA,NA,NA,"2",858.463870400194,34.0120838129912
"20250619-CbDRC4-p029-m2x_F10_roi_0.png",20250619,"CbDRC4","p029","m2x","F10",0,693.417446535422,31.6160012677216,"","48h",10,"15hHB101","DMSO",1,"MILBEMYCIN",0.25,NA,NA,"ED3102",2,NA,NA,NA,703.929931774072,547.299022722299,612.444321806402,664.512799299793,709.817579048074,63.4058244498364,745.8402291851,781.789371344665,804.598120255261,0.090074056504514,32.2308947183636,20.401681627493,27.1101916060024,30.5047430204288,32.6615922221426,3.78853314575354,34.2950715963949,36.795368939784,40.27805662656,0.117543530170604,42,"2_ED3102_0.25",NA,NA,NA,NA,NA,"2",858.463870400194,-148.64629135212
"20250619-CbDRC4-p029-m2x_F11_roi_0.png",20250619,"CbDRC4","p029","m2x","F11",0,536.754110685419,25.4440727533254,"","48h",10,"15hHB101","DMSO",1,"MILBEMYCIN",0.5,NA,NA,"ED3102",2,NA,NA,NA,423.869657301383,196.492387479434,326.672249833138,381.647141141291,416.385950591978,81.4918514618623,472.023876567952,514.290232473012,616.467822806443,0.192256864953934,20.4782317857189,11.7663834453483,17.0239472024992,18.823952019579,20.0939293859771,3.19147160607242,22.2866574399645,24.6470021520142,28.7282691363377,0.155847030127772,39,"2_ED3102_0.5",NA,NA,NA,NA,NA,"2",858.463870400194,-442.077919808215
"20250619-CbDRC4-p029-m2x_F12_roi_0.png",20250619,"CbDRC4","p029","m2x","F12",0,275.053193382776,14.5300209125428,"","48h",10,"15hHB101","DMSO",1,"MILBEMYCIN",1,NA,NA,"ED3102",2,NA,NA,NA,249.792200326178,142.137386244017,211.088830536101,247.2121784557,254.634928811044,37.3777414299502,272.836623800994,283.207898113534,297.7690393697,0.14963534242119,15.7668030131691,14.3200215604927,14.6432669328831,14.9815061346845,15.6418231802891,0.977156529016439,16.6353797150726,16.8473431628808,17.5304423135566,0.0619755652557006,17,"2_ED3102_1",NA,NA,NA,NA,NA,"2",858.463870400194,-603.82894158915
"20250619-CbDRC4-p030-m2x_A01_roi_0.png",20250619,"CbDRC4","p030","m2x","A01",0,757.441328040074,32.528750621904,"","48h",10,"15hHB101","DMSO",1,"MILBEMYCIN",0,NA,NA,"ECA2666",2,NA,NA,NA,757.584216794806,672.162965417319,724.370222370574,735.458100166357,759.244883521723,32.4293991622807,778.695831841565,807.079810916152,813.216375302816,0.0428063289115015,36.044010462903,29.1957996447763,32.4643763900057,34.5131905410189,36.4318556654052,2.80021736597956,37.6997854410948,39.3223279898667,40.7543591760631,0.0776888401156578,30,"2_ECA2666_0",NA,NA,NA,NA,NA,"2",778.447145543842,-19.202262022119
"20250619-CbDRC4-p030-m2x_A02_roi_0.png",20250619,"CbDRC4","p030","m2x","A02",0,760.038201755916,33.689662251327,"","48h",10,"15hHB101","DMSO",1,"MILBEMYCIN",0.00097,NA,NA,"ECA2666",2,NA,NA,NA,773.245412946484,674.992327444974,718.156591637116,741.581403937445,772.104684087264,45.1017480689782,808.254890696206,835.29965093076,864.650687694427,0.0583278572544208,35.2851476896805,28.7058236123683,32.6202329439438,33.9950547134349,35.3942406751173,2.3382106186667,36.728935002339,37.9563805080286,39.6571010800599,0.0662661423222705,35,"2_ECA2666_0.00097",NA,NA,NA,NA,NA,"2",778.447145543842,-6.34246145657823
"20250619-CbDRC4-p030-m2x_A03_roi_0.png",20250619,"CbDRC4","p030","m2x","A03",0,816.427943412412,39.3097811884386,"","48h",10,"15hHB101","DMSO",1,"MILBEMYCIN",0.0019,NA,NA,"ECA2666",2,NA,NA,NA,772.983617815813,664.608630020625,737.552048688675,752.935517883194,773.986436188091,37.0585707020687,800.404152496197,816.427943412412,835.58325581793,0.0479422459259661,35.3122978417539,30.632887206747,32.7159356214211,33.6248394271818,34.8648800859819,2.39878980863157,37.2905024535096,38.3212990557224,40.0326424025657,0.0679307197560844,41,"2_ECA2666_0.0019",NA,NA,NA,NA,NA,"2",778.447145543842,-4.46070935575085
"20250619-CbDRC4-p030-m2x_A05_roi_0.png",20250619,"CbDRC4","p030","m2x","A05",0,734.468308778616,33.4973081685734,"","48h",10,"15hHB101","DMSO",1,"MILBEMYCIN",0.0078,NA,NA,"ECA2666",2,NA,NA,NA,764.02663302808,575.449065152037,727.071309734877,740.857167434084,763.421342931947,45.5890340992831,793.25446248012,817.024121736764,847.048212481949,0.0596694305257388,35.1825500574097,25.9624337228004,32.5845659048933,33.597947679994,36.0580615372089,2.70784531008645,37.1270143546042,37.768648072079,40.2202256514803,0.0769655782672909,41,"2_ECA2666_0.0078",NA,NA,NA,NA,NA,"2",778.447145543842,-15.0258026118953
"20250619-CbDRC4-p030-m2x_A06_roi_0.png",20250619,"CbDRC4","p030","m2x","A06",0,785.712381392068,36.6385878453818,"","48h",10,"15hHB101","DMSO",1,"MILBEMYCIN",0.0156,NA,NA,"ECA2666",2,NA,NA,NA,768.40695007794,441.200407414982,719.848053250933,748.859848156372,779.257625596757,63.652006145679,799.257542596104,822.023320063882,843.098351086527,0.0828363227834193,35.6014651329976,22.616202501017,32.6882459631334,34.3291182788817,36.1240142397574,3.20860908530239,37.2739390010973,38.5779396140589,41.0568331418427,0.0901257595246681,49,"2_ECA2666_0.0156",NA,NA,NA,NA,NA,"2",778.447145543842,0.810480052914613
"20250619-CbDRC4-p030-m2x_A07_roi_0.png",20250619,"CbDRC4","p030","m2x","A07",0,840.383980660912,34.8685731178306,"","48h",10,"15hHB101","DMSO",1,"MILBEMYCIN",0.03125,NA,NA,"ECA2666",2,NA,NA,NA,756.869169789408,338.370751035276,704.421205736027,728.472087488166,761.814653733705,79.8085797655437,799.004988669426,824.566051359849,871.724119948496,0.105445674036042,34.996383093973,18.5226403942115,30.5906315314352,33.7154653127756,35.9290758341171,3.73791942685506,37.3937782578382,38.8983118523931,39.8384911474508,0.106808735543268,45,"2_ECA2666_0.03125",NA,NA,NA,NA,NA,"2",778.447145543842,-16.6324918101371
"20250619-CbDRC4-p030-m2x_A08_roi_0.png",20250619,"CbDRC4","p030","m2x","A08",0,780.690522147015,35.759734821777,"","48h",10,"15hHB101","DMSO",1,"MILBEMYCIN",0.0625,NA,NA,"ECA2666",2,NA,NA,NA,764.31228540878,551.499284295897,717.016214469576,749.938523503274,770.157019979492,60.0384179680846,800.660291065167,824.047186163201,859.551759842293,0.0785522084549171,35.4581603267869,26.3584087799077,33.8135793179183,34.2515505234921,35.7537738496826,2.30612289320008,36.5336772185252,38.1388909376604,39.6400053658609,0.0650378607335112,48,"2_ECA2666_0.0625",NA,NA,NA,NA,NA,"2",778.447145543842,-8.29012556434964
"20250619-CbDRC4-p030-m2x_A09_roi_0.png",20250619,"CbDRC4","p030","m2x","A09",0,728.983007372269,33.5927603020096,"","48h",10,"15hHB101","DMSO",1,"MILBEMYCIN",0.125,NA,NA,"ECA2666",2,NA,NA,NA,737.318079078971,420.569773864181,675.069322032048,711.54644392101,740.844198492703,68.1104088943594,773.887826155493,809.344843929179,839.590472521952,0.0923758833900292,34.0206429581452,21.6740416653246,29.7587095053866,31.5473408560697,35.0083703268168,3.83364409224288,36.242095860232,37.7250211458401,41.1477059139074,0.112685821280901,50,"2_ECA2666_0.125",NA,NA,NA,NA,NA,"2",778.447145543842,-37.6029470511389
"20250619-CbDRC4-p030-m2x_A10_roi_0.png",20250619,"CbDRC4","p030","m2x","A10",0,661.318811191541,28.7026025968519,"","48h",10,"15hHB101","DMSO",1,"MILBEMYCIN",0.25,NA,NA,"ECA2666",2,NA,NA,NA,594.267742738457,384.111663218047,446.536418174451,537.304571136875,608.510263787721,97.1445847766242,662.753957767681,703.352449346733,796.61836708833,0.16346938894743,26.3321061621077,18.2831008018668,22.2076460367594,24.2315672255798,26.2870492645924,3.53036394245309,28.3879503572289,30.868404519139,33.9482180802349,0.134070701398483,30,"2_ECA2666_0.25",NA,NA,NA,NA,NA,"2",778.447145543842,-169.936881756121
"20250619-CbDRC4-p030-m2x_A11_roi_0.png",20250619,"CbDRC4","p030","m2x","A11",0,431.10951856687,20.2666814818239,"","48h",10,"15hHB101","DMSO",1,"MILBEMYCIN",0.5,NA,NA,"ECA2666",2,NA,NA,NA,394.335591288248,292.074871097082,321.66723398031,350.689656537166,406.766303903476,52.408710608999,431.859125707433,456.5388759691,466.608596864588,0.132903830561644,19.1957405066724,15.1219007465051,15.7824909619181,17.897778803214,19.3122687538756,2.51532449056824,20.2244397134496,21.5014116791679,26.5464915392377,0.131035553939371,22,"2_ECA2666_0.5",NA,NA,NA,NA,NA,"2",778.447145543842,-371.680841640366
"20250619-CbDRC4-p030-m2x_A12_roi_0.png",20250619,"CbDRC4","p030","m2x","A12",0,246.455177652341,13.9852085354728,"","48h",10,"15hHB101","DMSO",1,"MILBEMYCIN",1,NA,NA,"ECA2666",2,NA,NA,NA,259.439178045597,177.782531874652,236.683126594366,246.593300716824,252.035428908193,30.2120017654808,271.767704804781,298.281910548164,327.092773872868,0.116451192888728,15.2809850549392,13.2673048393235,14.0065961246947,14.3057816250558,15.3166608242173,1.28730237300847,16.0003665545163,16.7265819207437,19.0593392697776,0.0842421066691888,22,"2_ECA2666_1",NA,NA,NA,NA,NA,"2",778.447145543842,-526.411716635649
"20250619-CbDRC4-p030-m2x_B01_roi_0.png",20250619,"CbDRC4","p030","m2x","B01",0,811.478255994133,40.31097208822,"","48h",10,"15hHB101","DMSO",1,"MILBEMYCIN",0,NA,NA,"JU3237",2,NA,NA,NA,751.173845363124,699.942873848385,708.611774736192,724.361151900034,740.351456677392,37.022476505232,787.222801629327,797.37406491232,811.478255994133,0.0492861628952683,38.9207463465236,32.4162052200357,36.3142408459347,37.674952458957,39.2042745467057,2.68420687634778,41.0537419852344,41.5001767473553,42.3408462181005,0.0689659661829053,14,"2_JU3237_0",NA,NA,NA,NA,NA,"2",765.709066236116,-25.3576095587248
"20250619-CbDRC4-p030-m2x_B02_roi_0.png",20250619,"CbDRC4","p030","m2x","B02",0,787.652093169311,39.5232526432897,"","48h",10,"15hHB101","DMSO",1,"MILBEMYCIN",0.00097,NA,NA,"JU3237",2,NA,NA,NA,765.160201061488,707.908120423818,736.890313935573,748.348265511577,763.260461839874,32.6093830405684,781.572395275616,787.652093169311,833.142615181565,0.0426177197864319,39.3271814770972,34.3487547934314,36.1520859744589,37.9879006703807,39.5232526432897,2.60436287306961,40.9982824937757,42.2859818795552,42.8499682658106,0.0662229728969083,11,"2_JU3237_0.00097",NA,NA,NA,NA,NA,"2",765.709066236116,-2.44860439624222
"20250619-CbDRC4-p030-m2x_B03_roi_0.png",20250619,"CbDRC4","p030","m2x","B03",0,780.759311500207,40.4064525931853,"","48h",10,"15hHB101","DMSO",1,"MILBEMYCIN",0.0019,NA,NA,"JU3237",2,NA,NA,NA,772.444354511422,732.545044639307,743.059036253894,755.407208410946,773.270357032768,26.1798630242584,779.908364800163,795.865648961703,841.985824025955,0.0338922316816173,39.8390254211726,37.6898311429256,37.7984657855961,38.3239894672149,39.3917345795322,1.99989408839538,40.7576864551172,42.4717860155338,44.5886275807932,0.0501993727821597,16,"2_JU3237_0.0019",NA,NA,NA,NA,NA,"2",765.709066236116,7.56129079665186
"20250619-CbDRC4-p030-m2x_B04_roi_0.png",20250619,"CbDRC4","p030","m2x","B04",0,781.934550105506,41.1025643410591,"","48h",10,"15hHB101","DMSO",1,"MILBEMYCIN",0.0039,NA,NA,"JU3237",2,NA,NA,NA,772.770002395966,599.23665367852,757.580043808154,768.121832054131,781.934550105506,51.6972848948659,797.087886673909,811.891171240393,817.500566672891,0.0668986693771484,38.7556595875994,28.6097183158257,37.7762163067958,38.3734951929539,38.8573740102198,3.07912217292974,40.6081143230002,40.9881848452778,41.8140786872783,0.0794496134421349,15,"2_JU3237_0.0039",NA,NA,NA,NA,NA,"2",765.709066236116,16.2254838693899
"20250619-CbDRC4-p030-m2x_B05_roi_0.png",20250619,"CbDRC4","p030","m2x","B05",0,721.647314141382,39.1256207483131,"","48h",10,"15hHB101","DMSO",1,"MILBEMYCIN",0.0078,NA,NA,"JU3237",2,NA,NA,NA,756.264978140281,685.552446045654,691.836210561022,738.310244160297,761.626197365074,40.9200740339389,785.791067140092,795.704114977475,810.321476626686,0.0541081171503734,38.2137681169592,32.0679047627029,33.8267283309561,37.8361711390723,38.77726556025,2.80900320235012,40.2024671215652,40.444152048209,40.9012955157462,0.0735076214874368,12,"2_JU3237_0.0078",NA,NA,NA,NA,NA,"2",765.709066236116,-4.08286887104202
"20250619-CbDRC4-p030-m2x_B06_roi_0.png",20250619,"CbDRC4","p030","m2x","B06",0,790.198749044242,40.0349941519743,"","48h",10,"15hHB101","DMSO",1,"MILBEMYCIN",0.0156,NA,NA,"JU3237",2,NA,NA,NA,780.996852774588,730.77188848803,735.817089225279,768.457219329481,784.410105289277,29.9356009445735,798.071404271221,815.792232856737,833.638307137619,0.0383299892159918,39.2524998060446,34.4101787262732,35.4123484695636,38.5212247372307,39.2883602538788,2.35046011397916,40.7791068737024,42.2868870775479,43.1226965234619,0.0598805203641375,20,"2_JU3237_0.0156",NA,NA,NA,NA,NA,"2",765.709066236116,18.7010390531611
"20250619-CbDRC4-p030-m2x_B07_roi_0.png",20250619,"CbDRC4","p030","m2x","B07",0,788.186161692154,41.3881754037041,"","48h",10,"15hHB101","DMSO",1,"MILBEMYCIN",0.03125,NA,NA,"JU3237",2,NA,NA,NA,774.937395447879,713.528283042817,729.091536934336,754.060500148263,775.473158019896,32.9688241148759,793.733435409826,808.803403878454,838.82724015758,0.0425438549082038,39.1974065795155,33.9984715683125,34.7527786330509,38.6908650895518,39.7645038818742,2.37507870347706,40.8868115745807,41.3408499755882,42.0907309461511,0.0605927511724278,23,"2_JU3237_0.03125",NA,NA,NA,NA,NA,"2",765.709066236116,9.76409178377946
"20250619-CbDRC4-p030-m2x_B08_roi_0.png",20250619,"CbDRC4","p030","m2x","B08",0,797.73194113485,40.5425354507882,"","48h",10,"15hHB101","DMSO",1,"MILBEMYCIN",0.0625,NA,NA,"JU3237",2,NA,NA,NA,783.614163387171,737.94360539734,740.203173675867,761.89196627283,789.877909116738,29.2736285424958,800.686524589471,825.044981074451,828.282639002105,0.0373571968326358,39.8051382520911,35.9680427264273,36.7232760683183,38.5721659402429,39.7067391590084,2.22319603141062,41.5010732788629,42.3752562868538,43.5562556357338,0.0558519861765291,18,"2_JU3237_0.0625",NA,NA,NA,NA,NA,"2",765.709066236116,24.1688428806219
"20250619-CbDRC4-p030-m2x_B09_roi_0.png",20250619,"CbDRC4","p030","m2x","B09",0,722.034727696298,36.5507342202128,"","48h",10,"15hHB101","DMSO",1,"MILBEMYCIN",0.125,NA,NA,"JU3237",2,NA,NA,NA,739.212398609139,615.010565039072,662.839793486989,717.818200121059,749.61049188199,57.2391001676115,762.494341239927,801.273047220393,837.097854495789,0.0774325488524129,36.4420229036907,29.336878377881,31.7929743128936,33.7522541478211,36.9430881260583,3.76357028359629,39.2955944414624,40.8558813326799,41.3632129003433,0.103275558921158,16,"2_JU3237_0.125",NA,NA,NA,NA,NA,"2",765.709066236116,-16.098574354126
"20250619-CbDRC4-p030-m2x_B10_roi_0.png",20250619,"CbDRC4","p030","m2x","B10",0,615.659098109932,25.9574708361698,"","48h",10,"15hHB101","DMSO",1,"MILBEMYCIN",0.25,NA,NA,"JU3237",2,NA,NA,NA,575.744007107434,274.471749575965,517.275778681829,567.403059613767,600.840253513872,106.108538240966,605.954674091805,677.556714969146,686.766047740288,0.184298120225446,26.9707153937112,21.8279304815037,22.3033348709943,25.9548099969233,26.7627180158102,2.89367163738238,29.2526114906734,29.7986399099583,30.8169617727385,0.107289391295016,12,"2_JU3237_0.25",NA,NA,NA,NA,NA,"2",765.709066236116,-164.868812722244
"20250619-CbDRC4-p030-m2x_B11_roi_0.png",20250619,"CbDRC4","p030","m2x","B11",0,438.437509145183,19.8988229707983,"","48h",10,"15hHB101","DMSO",1,"MILBEMYCIN",0.5,NA,NA,"JU3237",2,NA,NA,NA,401.184299830712,308.162214465215,314.538370122156,356.788428449491,417.855660309676,59.2775373469153,440.958450039649,449.01974647924,499.008946651279,0.147756373746252,19.0916576151775,15.4716221357178,15.9322891138952,17.9653668473717,19.5122042070424,2.1229760995731,20.6880667449513,20.913037757526,22.272640655022,0.11119915003532,12,"2_JU3237_0.5",NA,NA,NA,NA,NA,"2",765.709066236116,-347.853405926441
"20250619-CbDRC4-p030-m2x_B12_roi_0.png",20250619,"CbDRC4","p030","m2x","B12",0,255.939298276694,14.8536010663756,"","48h",10,"15hHB101","DMSO",1,"MILBEMYCIN",1,NA,NA,"JU3237",2,NA,NA,NA,294.100760427685,248.11254898958,252.808598561848,264.570019495767,300.759725498081,35.7086864827009,319.186789829932,330.063092235913,342.319429854736,0.121416505114685,16.0771874632092,13.6954399938053,14.3903366373475,15.4443530970416,16.0550502274908,1.72026629811207,16.2996665034538,17.6254673315919,19.3017828201778,0.10700045029945,7,"2_JU3237_1",NA,NA,NA,NA,NA,"2",765.709066236116,-464.949340738036
"20250619-CbDRC4-p030-m2x_C01_roi_0.png",20250619,"CbDRC4","p030","m2x","C01",0,805.709951763324,37.6591557769824,"","48h",10,"15hHB101","DMSO",1,"MILBEMYCIN",0,NA,NA,"VX34",2,NA,NA,NA,827.064542231628,800.036800657351,801.171430878546,802.873376210337,805.709951763324,41.9962343702001,840.578413018767,861.499489772033,875.44687427421,0.0507774571702514,37.924943181755,37.478003922822,37.5142342936541,37.5685798499022,37.6591557769824,0.623849718629493,38.1484128112215,38.4419670317649,38.6376698454606,0.0164495887479567,3,"2_VX34_0",NA,"n<5",NA,NA,NA,"2",808.628894132328,-2.91894236900418
"20250619-CbDRC4-p030-m2x_C02_roi_0.png",20250619,"CbDRC4","p030","m2x","C02",0,858.607694164264,39.151958496655,"","48h",10,"15hHB101","DMSO",1,"MILBEMYCIN",0.00097,NA,NA,"VX34",2,NA,NA,NA,823.674514072204,749.640566662109,771.43399216254,804.124130413187,858.607694164264,64.1491326727185,860.691487777252,861.941763945044,862.775281390239,0.0778816529791222,35.0299074878187,30.9256279098557,31.7429295392736,32.9688819834006,35.0121360569456,4.11319408715953,37.0820472768003,38.3239940087131,39.151958496655,0.117419496143113,3,"2_VX34_0.00097",NA,"n<5",NA,NA,NA,"2",808.628894132328,49.9788000319363
"20250619-CbDRC4-p030-m2x_C03_roi_0.png",20250619,"CbDRC4","p030","m2x","C03",0,804.101557322412,38.7931427228328,"","48h",10,"15hHB101","DMSO",1,"MILBEMYCIN",0.0019,NA,NA,"VX34",2,NA,NA,NA,871.237391954208,804.101557322412,816.827894478108,835.917400211652,881.483544491698,55.7892772033102,916.803536234254,917.449967400315,917.880921511022,0.0640345303341188,38.1024282337087,36.905882261782,37.0337529847382,37.2255590691724,38.062630363901,1.1734172723088,38.9394995284373,39.2029417785253,39.3785699452507,0.030796390852347,4,"2_VX34_0.0019",NA,"n<5",NA,NA,NA,"2",808.628894132328,72.8546503593705
"20250619-CbDRC4-p030-m2x_C04_roi_0.png",20250619,"CbDRC4","p030","m2x","C04",0,845.225967248217,36.8900652441297,"","48h",10,"15hHB101","DMSO",1,"MILBEMYCIN",0.0039,NA,NA,"VX34",2,NA,NA,NA,596.953134019488,156.56441009526,159.213158029064,163.186279929771,845.225967248217,399.946262909265,899.214240392692,912.030559615975,920.574772431497,0.669979333580663,29.3675239107655,14.7672911185394,14.9338580172076,15.1837083652098,36.8900652441297,13.2009867166978,39.7721004926622,40.0435127970367,40.2244543332864,0.449509695022624,5,"2_VX34_0.0039",NA,NA,NA,NA,NA,"2",808.628894132328,36.5970731158894
"20250619-CbDRC4-p030-m2x_C05_roi_0.png",20250619,"CbDRC4","p030","m2x","C05",0,853.124934350415,38.9777544928331,"","48h",10,"15hHB101","DMSO",1,"MILBEMYCIN",0.0078,NA,NA,"VX34",2,NA,NA,NA,870.23696041542,839.64092959153,843.686131019195,849.753933160694,873.152832200192,28.0987842351756,893.635859454918,894.455092383827,895.001247669766,0.0322886587369976,37.8257349141975,36.0045666099713,36.5136384312678,37.2772461632125,38.1603092769928,1.32774811291852,38.7087980279777,38.8701719068909,38.9777544928331,0.0351017135801944,4,"2_VX34_0.0078",NA,"n<5",NA,NA,NA,"2",808.628894132328,64.5239380678643
"20250619-CbDRC4-p030-m2x_C06_roi_0.png",20250619,"CbDRC4","p030","m2x","C06",0,896.926219556388,40.1882235087486,"","48h",10,"15hHB101","DMSO",1,"MILBEMYCIN",0.0156,NA,NA,"VX34",2,NA,NA,NA,874.99619305426,853.066166552133,857.452171852558,864.031179803197,874.99619305426,31.0137409025106,885.961206305324,892.540214255963,896.926219556388,0.0354444295286063,40.4345841230852,40.1882235087486,40.2374956316159,40.3114038159169,40.4345841230852,0.348406522029325,40.5577644302535,40.6316726145544,40.6809447374217,0.0086165476802916,2,"2_VX34_0.0156",NA,"n<5",NA,NA,NA,"2",808.628894132328,66.3672989219326
"20250619-CbDRC4-p030-m2x_C08_roi_0.png",20250619,"CbDRC4","p030","m2x","C08",0,135.432935536389,14.5738217791829,"","48h",10,"15hHB101","DMSO",1,"MILBEMYCIN",0.0625,NA,NA,"VX34",2,NA,NA,NA,123.752002257238,112.071068978086,114.407255633917,117.911535617662,123.752002257238,16.5193342645512,129.592468896814,133.096748880559,135.432935536389,0.133487410007421,14.7120623464654,14.5738217791829,14.6014698926394,14.6429420628242,14.7120623464654,0.195501685121114,14.7811826301067,14.8226548002915,14.850302913748,0.0132885302221468,2,"2_VX34_0.0625",NA,"n<5",NA,NA,NA,"2",808.628894132328,-684.87689187509
"20250619-CbDRC4-p030-m2x_C09_roi_0.png",20250619,"CbDRC4","p030","m2x","C09",0,951.128928442639,45.2984895029754,"","48h",10,"15hHB101","DMSO",1,"MILBEMYCIN",0.125,NA,NA,"VX34",2,NA,NA,NA,951.128928442639,951.128928442639,951.128928442639,951.128928442639,951.128928442639,NA,951.128928442639,951.128928442639,951.128928442639,NA,45.2984895029754,45.2984895029754,45.2984895029754,45.2984895029754,45.2984895029754,NA,45.2984895029754,45.2984895029754,45.2984895029754,NA,1,"2_VX34_0.125",NA,"n<5",NA,NA,NA,"2",808.628894132328,142.500034310311
"20250619-CbDRC4-p030-m2x_C10_roi_0.png",20250619,"CbDRC4","p030","m2x","C10",0,778.104694727291,36.1995464511145,"","48h",10,"15hHB101","DMSO",1,"MILBEMYCIN",0.25,NA,NA,"VX34",2,NA,NA,NA,799.296528024045,715.84203583644,740.747099392781,778.104694727291,824.647502354998,52.918584697866,838.165710141319,839.099902292635,839.722697060178,0.0662064488490735,37.2163320126785,36.1995464511145,36.24052479358,36.3019923072781,36.3437194542234,1.28842735409356,38.420230425046,38.6577950254568,38.8161714257306,0.0346199446429764,5,"2_VX34_0.25",NA,NA,NA,NA,NA,"2",808.628894132328,16.0186082226701
"20250619-CbDRC4-p030-m2x_C11_roi_0.png",20250619,"CbDRC4","p030","m2x","C11",0,652.220113162,33.0419155165102,"","48h",10,"15hHB101","DMSO",1,"MILBEMYCIN",0.5,NA,NA,"VX34",2,NA,NA,NA,688.273983599497,652.220113162,659.23083028251,669.746905963277,682.230112880306,35.4906436150522,700.757190516526,722.152233491837,736.415595475378,0.0515647030989683,31.154279928889,29.5532044934723,29.7465084014657,30.0364642634558,31.0109998527867,1.5801969888812,32.1288155182199,32.6766755171941,33.0419155165102,0.0507216662522156,4,"2_VX34_0.5",NA,"n<5",NA,NA,NA,"2",808.628894132328,-126.398781252022
"20250619-CbDRC4-p030-m2x_C12_roi_0.png",20250619,"CbDRC4","p030","m2x","C12",0,311.285243907119,16.6608795733171,"","48h",10,"15hHB101","DMSO",1,"MILBEMYCIN",1,NA,NA,"VX34",2,NA,NA,NA,313.783393026148,311.285243907119,311.784873730925,312.534318466633,313.783393026148,3.53291636496088,315.032467585662,315.781912321371,316.281542145177,0.0112590928757867,16.916580888447,16.6608795733171,16.7120198363431,16.788730230882,16.916580888447,0.361616267773365,17.044431546012,17.1211419405509,17.1722822035769,0.0213764394919973,2,"2_VX34_1",NA,"n<5",NA,NA,NA,"2",808.628894132328,-494.84550110618
"20250619-CbDRC4-p030-m2x_D02_roi_0.png",20250619,"CbDRC4","p030","m2x","D02",0,784.489130337922,38.9233227690731,"","48h",10,"15hHB101","DMSO",1,"MILBEMYCIN",0.00097,NA,NA,"PB420",2,NA,NA,NA,764.956901651745,550.569280446123,740.348429272265,751.54862375487,764.54195712377,41.672356507099,781.652564416501,803.704986606946,841.508854466839,0.0544767377313903,38.4911724735442,30.7880148971772,36.894498532553,37.5204658730184,38.5254351524236,1.76813471040014,39.628291022995,40.5668622997422,41.0965067112353,0.0459361094187353,46,"2_PB420_0.00097",NA,NA,NA,NA,NA,"2",764.404649350685,0.137307773084558
"20250619-CbDRC4-p030-m2x_D03_roi_0.png",20250619,"CbDRC4","p030","m2x","D03",0,785.088955970416,37.8465653540562,"","48h",10,"15hHB101","DMSO",1,"MILBEMYCIN",0.0019,NA,NA,"PB420",2,NA,NA,NA,774.467244929435,729.020701737331,746.124759019277,760.065382189592,774.625664516763,20.9532800779297,786.210997057297,799.227030508915,822.993421780904,0.0270550887918298,38.2624039336423,36.1980541105266,36.715948390389,37.3702788044259,38.1931972520249,1.17341533749866,39.1103969348009,39.7444908769297,40.6112885168297,0.0306675801011796,36,"2_PB420_0.0019",NA,NA,NA,NA,NA,"2",764.404649350685,10.2210151660777
"20250619-CbDRC4-p030-m2x_D04_roi_0.png",20250619,"CbDRC4","p030","m2x","D04",0,743.206206039296,39.2589846081892,"","48h",10,"15hHB101","DMSO",1,"MILBEMYCIN",0.0039,NA,NA,"PB420",2,NA,NA,NA,757.162619335495,167.040591994382,736.043567537562,756.998587150263,771.133755744097,101.8142251461,791.434031375177,797.736201486122,848.880613499882,0.134468108364164,38.0498044167484,13.1797861948036,36.7454872314462,37.6058137227876,38.59742100936,4.39823550663132,39.5630219796683,40.7018934759391,42.3950792281462,0.11559154045731,38,"2_PB420_0.0039",NA,NA,NA,NA,NA,"2",764.404649350685,6.72910639341205
"20250619-CbDRC4-p030-m2x_D06_roi_0.png",20250619,"CbDRC4","p030","m2x","D06",0,790.424571872687,37.3584599720144,"","48h",10,"15hHB101","DMSO",1,"MILBEMYCIN",0.0156,NA,NA,"PB420",2,NA,NA,NA,766.665914585656,701.264366975807,743.716209123636,755.678120379766,769.030014724397,24.185369537386,782.690600942935,790.881304996917,808.783368019936,0.0315461651252058,38.6008158697217,35.6735076484652,37.0191315335345,37.5193011391258,38.3110927560189,1.45306148317221,39.639535230025,40.3711426755684,42.0293132187946,0.0376432842268492,47,"2_PB420_0.0156",NA,NA,NA,NA,NA,"2",764.404649350685,4.6253653737117
"20250619-CbDRC4-p030-m2x_D07_roi_0.png",20250619,"CbDRC4","p030","m2x","D07",0,760.643491559148,39.4048027532382,"","48h",10,"15hHB101","DMSO",1,"MILBEMYCIN",0.03125,NA,NA,"PB420",2,NA,NA,NA,760.819071072653,574.125059552465,741.362938842389,760.170430259876,768.60228081102,47.6610265887203,777.652910409013,797.07906637856,818.516219632949,0.0626443636875777,38.6226305955271,27.563681880124,36.3417078931849,37.761401242719,39.2392386882894,2.98505849147936,40.4906407414706,41.1268974989643,42.6838049848753,0.0772878088688516,43,"2_PB420_0.03125",NA,NA,NA,"outlier","outlier","2",764.404649350685,4.19763146033426
"20250619-CbDRC4-p030-m2x_D08_roi_0.png",20250619,"CbDRC4","p030","m2x","D08",0,803.170108813353,37.2454373575175,"","48h",10,"15hHB101","DMSO",1,"MILBEMYCIN",0.0625,NA,NA,"PB420",2,NA,NA,NA,756.284134102518,266.825086388708,729.506102278978,750.639106703163,767.017186161322,75.9913471539068,784.561805426846,802.002194926736,820.259348058308,0.100479890727955,38.1964900137687,16.8148656300559,35.9510886030617,37.2159977128278,38.8891778701706,3.75710773648169,40.0275839219539,40.7889905725495,42.873334839624,0.098362643665095,50,"2_PB420_0.0625",NA,NA,NA,NA,NA,"2",764.404649350685,2.61253681063681
"20250619-CbDRC4-p030-m2x_D09_roi_0.png",20250619,"CbDRC4","p030","m2x","D09",0,794.237234620374,37.1389237172862,"","48h",10,"15hHB101","DMSO",1,"MILBEMYCIN",0.125,NA,NA,"PB420",2,NA,NA,NA,778.467158102561,719.671999710568,751.8259562364,765.012691738506,772.397102358755,24.7605647357582,794.518199479016,809.979561879919,841.315149440226,0.0318068199512869,38.599142121059,34.2065274678338,35.6530743481,37.8491031062748,38.7886120173682,1.94762357332619,39.9143228516577,40.6843470129121,42.2044582893784,0.0504576906714099,32,"2_PB420_0.125",NA,NA,NA,NA,NA,"2",764.404649350685,7.99245300806933
"20250619-CbDRC4-p030-m2x_D10_roi_0.png",20250619,"CbDRC4","p030","m2x","D10",0,776.233287697283,36.1272520051289,"","48h",10,"15hHB101","DMSO",1,"MILBEMYCIN",0.25,NA,NA,"PB420",2,NA,NA,NA,732.751651675885,651.918865026414,686.797230654618,706.26493123282,739.196304580167,35.4935437401715,760.29229720842,776.568323044606,793.858511870697,0.0484387086115655,36.1952043148218,31.5205416704382,33.0367750782007,35.2050815623009,36.4564761766283,2.09484806632428,37.6273299800062,38.4713864778568,40.2306752725696,0.0578763984339895,47,"2_PB420_0.25",NA,NA,NA,NA,NA,"2",764.404649350685,-25.208344770518
"20250619-CbDRC4-p030-m2x_D11_roi_0.png",20250619,"CbDRC4","p030","m2x","D11",0,690.116029695337,32.7162046679696,"","48h",10,"15hHB101","DMSO",1,"MILBEMYCIN",0.5,NA,NA,"PB420",2,NA,NA,NA,543.785078118763,404.779042329121,459.114485104087,493.222214767293,556.629727136173,66.4465436783508,580.619118904872,610.572871105398,690.627154009885,0.122192657268611,24.8869446184422,18.8477666752008,20.9701805302465,22.5776423586871,24.7290188195541,3.57950891317754,26.477379958728,28.1090435817299,36.938812355754,0.143830790322288,38,"2_PB420_0.5",NA,NA,NA,NA,NA,"2",764.404649350685,-207.774922214513
"20250619-CbDRC4-p030-m2x_D12_roi_0.png",20250619,"CbDRC4","p030","m2x","D12",0,399.394215365172,20.436553949502,"","48h",10,"15hHB101","DMSO",1,"MILBEMYCIN",1,NA,NA,"PB420",2,NA,NA,NA,317.817025257953,239.258217665107,257.098660051754,283.614386767237,304.364748336856,52.058272436753,347.605222795546,383.491067756052,452.890467891256,0.16379950820602,17.1438102841081,14.2496294373677,14.7662185184096,15.7183707643784,16.8304838822361,2.03119827880098,18.2585238666207,20.6102727800041,21.2754047409997,0.118479978787671,32,"2_PB420_1",NA,NA,NA,NA,NA,"2",764.404649350685,-460.039901013829
"20250619-CbDRC4-p030-m2x_E01_roi_0.png",20250619,"CbDRC4","p030","m2x","E01",0,797.388183678482,39.8037104249619,"","48h",10,"15hHB101","DMSO",1,"MILBEMYCIN",0,NA,NA,"NIC1667",2,NA,NA,NA,759.910303126062,602.108476365963,696.647449252821,736.325731204378,761.035531297674,54.1640584926264,800.621971822035,816.709265760408,837.688326888456,0.0712769102745552,36.5357695411774,29.6350202180588,31.8093570757441,34.2247865695884,37.5431102284351,3.3252319323104,38.8095174170978,40.2449517187779,41.2277910774467,0.0910130530728993,38,"2_NIC1667_0",NA,NA,NA,NA,NA,"2",776.621116305835,-15.5855850081614
"20250619-CbDRC4-p030-m2x_E02_roi_0.png",20250619,"CbDRC4","p030","m2x","E02",0,799.081291249033,37.1223515241433,"","48h",10,"15hHB101","DMSO",1,"MILBEMYCIN",0.00097,NA,NA,"NIC1667",2,NA,NA,NA,746.18141069894,216.76690119222,686.88537196124,715.996425923786,755.605918158225,87.0783655014997,792.908043052782,813.450831485555,851.15027539185,0.11669865297225,36.7306822959355,20.9925326362888,31.6632813095888,35.6829390829017,37.353201512345,3.7520304855203,38.9028671412303,40.2498433369137,43.0697186539656,0.102149762841064,62,"2_NIC1667_0.00097",NA,NA,NA,NA,NA,"2",776.621116305835,-21.0151981476101
"20250619-CbDRC4-p030-m2x_E03_roi_0.png",20250619,"CbDRC4","p030","m2x","E03",0,754.583727116841,36.7469838777201,"","48h",10,"15hHB101","DMSO",1,"MILBEMYCIN",0.0019,NA,NA,"NIC1667",2,NA,NA,NA,753.053153889908,578.184880411779,695.023416948096,731.206003778937,759.358352441545,52.7107271445104,788.717921981135,802.923057420338,862.976446931562,0.0699960246793102,36.9087412090965,26.1673068356402,31.2788205555716,36.1580760192275,37.8942724872298,3.66598469531092,39.1693779100087,40.4131639688069,43.4577880838793,0.0993256495674635,55,"2_NIC1667_0.0019",NA,NA,NA,NA,NA,"2",776.621116305835,-17.2627638642899
"20250619-CbDRC4-p030-m2x_E04_roi_0.png",20250619,"CbDRC4","p030","m2x","E04",0,781.164205227621,36.6906676011399,"","48h",10,"15hHB101","DMSO",1,"MILBEMYCIN",0.0039,NA,NA,"NIC1667",2,NA,NA,NA,766.814440034432,645.695397534516,707.289485002446,742.638077387477,761.828455970935,47.5165396936167,808.308023814121,828.743320431734,852.031829340767,0.0619661514087855,37.1400643757265,29.5302500384417,32.6333609530526,34.9414279132516,37.1556178299249,3.22083341545332,39.903843631108,40.7901913680106,43.1927408508695,0.0867212663626495,43,"2_NIC1667_0.0039",NA,NA,NA,NA,NA,"2",776.621116305835,-14.7926603349006
"20250619-CbDRC4-p030-m2x_E05_roi_0.png",20250619,"CbDRC4","p030","m2x","E05",0,746.243035570315,35.1063088445885,"","48h",10,"15hHB101","DMSO",1,"MILBEMYCIN",0.0078,NA,NA,"NIC1667",2,NA,NA,NA,764.310688144801,635.35648588074,706.76837376326,744.524465814367,761.260369011526,44.4368401999711,789.951854752888,822.809571538205,880.889692131642,0.0581397602954264,37.0428428601065,29.8739958007656,33.5243511485728,35.3410277887475,37.2654098513514,2.89285104026072,38.9530770066186,40.5307899593972,42.6224534773796,0.0780947361730758,64,"2_NIC1667_0.0078",NA,NA,NA,"outlier","outlier","2",776.621116305835,-15.3607472943095
"20250619-CbDRC4-p030-m2x_E06_roi_0.png",20250619,"CbDRC4","p030","m2x","E06",0,759.477251434106,37.5174930862197,"","48h",10,"15hHB101","DMSO",1,"MILBEMYCIN",0.0156,NA,NA,"NIC1667",2,NA,NA,NA,755.356017738306,650.304448291602,691.345285805657,722.258808946415,756.885416752599,46.9733848500483,788.182175511849,817.424655463271,828.306711723844,0.0621870796643633,36.4737854117114,29.2607120552747,31.6037664167081,33.7723133037676,36.8435121685705,3.40715928260549,38.742391145432,40.142744701416,44.1031574864788,0.0934139202757793,48,"2_NIC1667_0.0156",NA,NA,NA,NA,NA,"2",776.621116305835,-19.7356995532368
"20250619-CbDRC4-p030-m2x_E07_roi_0.png",20250619,"CbDRC4","p030","m2x","E07",0,750.940426256164,38.2322516322496,"","48h",10,"15hHB101","DMSO",1,"MILBEMYCIN",0.03125,NA,NA,"NIC1667",2,NA,NA,NA,751.046376735718,557.585008770915,649.261827984957,723.260262367476,764.302990292215,63.1099263203501,788.728163276873,822.125523993281,870.883433304627,0.084029333307812,36.061954391886,27.5137252768074,31.4297978623401,33.4840173417391,36.4079484236732,3.48417958396479,38.2651782460388,40.2608902597494,42.0935688181483,0.0966164935516844,53,"2_NIC1667_0.03125",NA,NA,NA,NA,NA,"2",776.621116305835,-12.3181260136207
"20250619-CbDRC4-p030-m2x_E08_roi_0.png",20250619,"CbDRC4","p030","m2x","E08",0,763.109074054235,38.7958931810828,"","48h",10,"15hHB101","DMSO",1,"MILBEMYCIN",0.0625,NA,NA,"NIC1667",2,NA,NA,NA,752.944448834508,621.008952052037,676.727786309562,709.042454371011,751.850170163469,58.2581887285604,802.926413005691,822.27989253629,847.175749318258,0.0773738206301129,36.257055832562,29.7934861283939,31.1275923615673,33.1176490299039,36.7518459867177,3.56068606883714,38.981468582385,40.7478291443236,42.1848950166701,0.098206707275976,54,"2_NIC1667_0.0625",NA,NA,NA,NA,NA,"2",776.621116305835,-24.7709461423663
"20250619-CbDRC4-p030-m2x_E09_roi_0.png",20250619,"CbDRC4","p030","m2x","E09",0,809.681074614312,39.5480443591054,"","48h",10,"15hHB101","DMSO",1,"MILBEMYCIN",0.125,NA,NA,"NIC1667",2,NA,NA,NA,752.621363212917,563.023836333703,673.982132547802,727.830834652281,768.882744384051,64.4005288863912,797.791022942364,818.105892109794,859.154986517417,0.0855682977313684,36.5297442742064,24.4893078478782,32.9875907031007,34.060002297188,37.2120992163427,3.55925949747388,39.0080964642532,40.2823451134643,41.937836394575,0.0974345582809641,61,"2_NIC1667_0.125",NA,NA,NA,NA,NA,"2",776.621116305835,-7.73837192178451
"20250619-CbDRC4-p030-m2x_E10_roi_0.png",20250619,"CbDRC4","p030","m2x","E10",0,765.954034759489,39.3285144491205,"","48h",10,"15hHB101","DMSO",1,"MILBEMYCIN",0.25,NA,NA,"NIC1667",2,NA,NA,NA,752.752441523557,652.128102160245,710.824274776308,732.482835361443,754.156765257433,35.4785005897684,776.817833396963,799.445171053595,816.889567216454,0.047131697796902,37.1095496216721,29.3244299704307,33.3744187794738,36.1224121105755,37.5487298901792,2.5879687007378,38.7520200253821,39.8859401863811,42.1046116293944,0.0697386178792753,55,"2_NIC1667_0.25",NA,NA,NA,NA,NA,"2",776.621116305835,-22.4643510484028
"20250619-CbDRC4-p030-m2x_E11_roi_0.png",20250619,"CbDRC4","p030","m2x","E11",0,700.654262977778,33.884808561255,"","48h",10,"15hHB101","DMSO",1,"MILBEMYCIN",0.5,NA,NA,"NIC1667",2,NA,NA,NA,605.69891375638,482.056585439564,522.111022704314,566.131117822833,605.616410087367,62.8636774624008,656.755922708078,672.680545309246,719.588296866856,0.103787007099843,28.1480946679929,22.0038285135566,24.192389982515,25.4713735739597,27.521945461016,3.58896573713749,30.3638946174981,33.9176174478974,36.3013126359008,0.127502972384788,58,"2_NIC1667_0.5",NA,NA,NA,NA,NA,"2",776.621116305835,-171.004706218469
"20250619-CbDRC4-p030-m2x_E12_roi_0.png",20250619,"CbDRC4","p030","m2x","E12",0,448.670268402987,21.9009192785482,"","48h",10,"15hHB101","DMSO",1,"MILBEMYCIN",1,NA,NA,"NIC1667",2,NA,NA,NA,361.403353205884,301.634747271217,312.580908637318,322.72735354959,346.166616150589,62.8230631568871,369.812350963319,427.503660728528,608.648093818278,0.173830880647912,18.1814456121993,15.8694650778009,16.8073791406019,17.1224628161177,17.6364926950073,2.31630965264057,18.3491080298378,19.5053778863862,28.063848941434,0.127399641483204,27,"2_NIC1667_1",NA,NA,NA,NA,NA,"2",776.621116305835,-430.454500155246
"20250619-CbDRC4-p030-m2x_F01_roi_0.png",20250619,"CbDRC4","p030","m2x","F01",0,891.062547932003,42.7746003925865,"","48h",10,"15hHB101","DMSO",1,"MILBEMYCIN",0,NA,NA,"ED3102",2,NA,NA,NA,858.698324701674,394.992903464836,782.407450439216,822.912784684615,873.850605886883,99.5259167312834,907.508341669402,931.739587794089,1027.42118637874,0.115903238504466,40.9014864550046,23.5533897928297,39.263032131045,40.4349522250437,41.1156984360634,3.71102054722903,42.6452468920534,44.5006039432881,45.7724164665342,0.0907307012255287,38,"2_ED3102_0",NA,NA,NA,NA,NA,"2",858.463870400194,15.3867354866891
"20250619-CbDRC4-p030-m2x_F02_roi_0.png",20250619,"CbDRC4","p030","m2x","F02",0,895.821950515463,42.7202199901157,"","48h",10,"15hHB101","DMSO",1,"MILBEMYCIN",0.00097,NA,NA,"ED3102",2,NA,NA,NA,872.769458163047,717.329893120432,825.991840558258,833.519617641412,877.708831748467,46.6876466303408,908.129388527124,933.461169442107,970.552747724468,0.0534936760145183,41.417363498068,37.7189404266594,39.3871232922739,40.6100704090657,41.4026995358879,1.55954681522295,42.5176052891372,43.3161327630062,45.008158342185,0.037654420356711,54,"2_ED3102_0.00097",NA,NA,NA,NA,NA,"2",858.463870400194,19.2449613482733
"20250619-CbDRC4-p030-m2x_F03_roi_0.png",20250619,"CbDRC4","p030","m2x","F03",0,884.949891036034,41.197037160969,"","48h",10,"15hHB101","DMSO",1,"MILBEMYCIN",0.0019,NA,NA,"ED3102",2,NA,NA,NA,863.983675023982,769.188728596407,790.534409693388,820.867691698629,879.602533042105,49.367985673073,892.906090905909,908.272637003307,968.514224774734,0.0571399519460859,41.3192508462136,38.282721292256,39.6364107615068,40.2274994842916,41.0627385156956,1.65726479207752,41.8137802718756,43.5085631159618,46.0213830808899,0.0401087812130406,31,"2_ED3102_0.0019",NA,NA,NA,NA,NA,"2",858.463870400194,21.138662641911
"20250619-CbDRC4-p030-m2x_F04_roi_0.png",20250619,"CbDRC4","p030","m2x","F04",0,871.337706998422,39.1866939534239,"","48h",10,"15hHB101","DMSO",1,"MILBEMYCIN",0.0039,NA,NA,"ED3102",2,NA,NA,NA,817.6825727722,457.493302720236,783.878731721041,793.791695865292,830.122013332593,65.1839082940963,841.953378602368,871.232270726025,899.140941985207,0.0797178641989426,40.5553340737384,26.9596353533258,37.7007577389229,39.1927105635194,40.7322327478547,3.09466782385306,42.2304060089736,43.0658747395416,46.5458019057159,0.0763072945774847,44,"2_ED3102_0.0039",NA,NA,NA,NA,NA,"2",858.463870400194,-28.3418570676013
"20250619-CbDRC4-p030-m2x_F06_roi_0.png",20250619,"CbDRC4","p030","m2x","F06",0,857.199252272442,40.8016132511777,"","48h",10,"15hHB101","DMSO",1,"MILBEMYCIN",0.0156,NA,NA,"ED3102",2,NA,NA,NA,870.468596907255,643.355591588354,816.473168030251,835.447440150557,884.838643276062,52.9044585885497,907.71309629539,919.38586290245,968.116683767954,0.0607769869889821,41.261489612628,31.0920636440451,39.1051467769763,39.7641011782848,41.6820886139433,2.27868473763259,42.5236662056057,43.6293507492881,45.1610183404089,0.0552254598422255,51,"2_ED3102_0.0156",NA,NA,NA,NA,NA,"2",858.463870400194,26.374772875868
"20250619-CbDRC4-p030-m2x_F07_roi_0.png",20250619,"CbDRC4","p030","m2x","F07",0,880.38539373256,40.7274444996597,"","48h",10,"15hHB101","DMSO",1,"MILBEMYCIN",0.03125,NA,NA,"ED3102",2,NA,NA,NA,877.40153364421,795.776400741307,817.552909682866,841.928667122685,883.856495590495,44.8429603868701,902.780604076471,922.034673093501,1001.9624764552,0.0511088238022777,41.1469951711273,35.6662389039952,38.2275849967091,40.2835891778327,41.3076265945569,2.09095651054392,42.3699506895078,43.4130666873489,45.8699649512854,0.050816748631286,47,"2_ED3102_0.03125",NA,NA,NA,NA,NA,"2",858.463870400194,25.3926251903009
"20250619-CbDRC4-p030-m2x_F08_roi_0.png",20250619,"CbDRC4","p030","m2x","F08",0,894.29678633145,43.1407346642359,"","48h",10,"15hHB101","DMSO",1,"MILBEMYCIN",0.0625,NA,NA,"ED3102",2,NA,NA,NA,884.52677496076,777.324482053898,820.13646502717,851.563105146014,889.004309311492,51.2705489380122,915.59803932721,931.546140333432,1034.76056806978,0.0579638179299736,41.8003837688008,37.6875781281297,39.8582378531391,40.6450357413024,41.7095101286649,1.85248510355671,43.1643361245304,43.7995733882482,47.1313731363019,0.0443174185625391,52,"2_ED3102_0.0625",NA,NA,NA,NA,NA,"2",858.463870400194,30.5404389112977
"20250619-CbDRC4-p030-m2x_F09_roi_0.png",20250619,"CbDRC4","p030","m2x","F09",0,886.701766508066,43.9316770260659,"","48h",10,"15hHB101","DMSO",1,"MILBEMYCIN",0.125,NA,NA,"ED3102",2,NA,NA,NA,868.105722546957,758.687723697888,824.685795806297,846.904025806717,871.617835108699,36.8799329631573,889.830546141141,912.607535998548,931.208869970113,0.0424832275669769,41.4148285945184,37.7881748100888,38.4521164051278,40.0364742743984,41.2949818118001,1.99265531744323,43.1493963739011,43.9316770260659,44.9830266339381,0.0481145373545497,51,"2_ED3102_0.125",NA,NA,NA,NA,NA,"2",858.463870400194,13.153964708505
"20250619-CbDRC4-p030-m2x_F10_roi_0.png",20250619,"CbDRC4","p030","m2x","F10",0,760.699405207076,35.6374470110133,"","48h",10,"15hHB101","DMSO",1,"MILBEMYCIN",0.25,NA,NA,"ED3102",2,NA,NA,NA,719.662440205847,577.644081865166,653.472526059504,684.532340125918,722.323667842954,52.314995507238,764.662262923322,777.301078217241,786.490328288171,0.0726937972367631,33.1242290689781,26.1684459747422,28.7424690289312,30.6641195093976,33.5154289320697,3.49110835458078,35.6207552095204,38.1265281300919,40.1951706675901,0.105394403211947,50,"2_ED3102_0.25",NA,NA,NA,NA,NA,"2",858.463870400194,-136.14020255724
"20250619-CbDRC4-p030-m2x_F11_roi_0.png",20250619,"CbDRC4","p030","m2x","F11",0,580.070738137961,25.2206494252323,"","48h",10,"15hHB101","DMSO",1,"MILBEMYCIN",0.5,NA,NA,"ED3102",2,NA,NA,NA,450.507036089142,294.925994900098,319.998547254447,366.367350285436,454.079771557405,94.4487849681109,516.327217600628,566.84747369104,653.572868583022,0.209649966375713,21.8143331101901,16.2817930079973,17.4592775113147,19.0166335355803,21.2381014301095,3.48520490286907,24.9570370478451,25.7021579643737,28.7972836493177,0.159766740760048,42,"2_ED3102_0.5",NA,NA,NA,NA,NA,"2",858.463870400194,-404.384098842789
"20250619-CbDRC4-p030-m2x_F12_roi_0.png",20250619,"CbDRC4","p030","m2x","F12",0,253.249314387751,15.0592445258974,"","48h",10,"15hHB101","DMSO",1,"MILBEMYCIN",1,NA,NA,"ED3102",2,NA,NA,NA,245.518974892071,172.376189572627,209.686578059993,226.534359979014,243.018810507549,33.9238916587162,261.416915417722,277.549287580347,334.730522340222,0.138172178641708,15.1637232614465,13.2677692460516,13.690090241154,14.4532992759902,14.8499689375523,1.31065530899796,15.6625286523803,16.9637689848255,18.8651846264922,0.0864336077888122,30,"2_ED3102_1",NA,NA,NA,NA,NA,"2",858.463870400194,-615.445059892645
"20250619-CbDRC4-p031-m2x_A01_roi_0.png",20250619,"CbDRC4","p031","m2x","A01",0,853.436906461221,41.0100697499867,"","48h",10,"15hHB101","DMSO",1,"MILBEMYCIN",0,NA,NA,"ED3102",3,NA,NA,NA,842.751348298656,723.783475727221,804.076427600669,825.181476324242,842.100697721761,37.0351609220483,860.680600947554,878.328119451456,961.115001481068,0.0439455374314319,40.4939454205171,35.1126271309622,38.5886676668932,39.5246778697348,40.14176670456,1.75110227404972,41.5158949569239,42.3754632866218,46.7785350566784,0.0432435579162532,58,"3_ED3102_0",NA,NA,NA,"outlier","outlier","3",858.463870400194,-16.3631726784324
"20250619-CbDRC4-p031-m2x_A02_roi_0.png",20250619,"CbDRC4","p031","m2x","A02",0,810.817165045547,39.246297965008,"","48h",10,"15hHB101","DMSO",1,"MILBEMYCIN",0.00097,NA,NA,"ED3102",3,NA,NA,NA,848.924398728666,776.858680994906,798.101720258675,821.935656087771,847.308558168402,40.0550644774492,871.903807569858,893.704232631989,979.770621466546,0.0471833116558258,39.7517133926639,31.8658017534329,37.3583465056882,38.5114838957436,40.0456282639232,2.12334809702618,40.9889305276783,42.1859419385183,47.1735982154832,0.0534152597663384,78,"3_ED3102_0.00097",NA,"n>75",NA,NA,NA,"3",858.463870400194,-11.1553122317915
"20250619-CbDRC4-p031-m2x_A03_roi_0.png",20250619,"CbDRC4","p031","m2x","A03",0,831.397837326566,39.5967941443809,"","48h",10,"15hHB101","DMSO",1,"MILBEMYCIN",0.0019,NA,NA,"ED3102",3,NA,NA,NA,843.544429729887,431.412733450704,800.817785649951,828.467513222406,844.174457935877,62.8439507920011,866.476572089929,900.805214025546,1019.06603552316,0.0744998705191195,40.8684608913048,29.6091321556882,38.5187334622789,39.5704453852943,40.6946590141113,2.42362362438692,42.4969567579457,43.5812223540728,46.0621345438181,0.0593030315194124,74,"3_ED3102_0.0019",NA,NA,NA,NA,NA,"3",858.463870400194,-14.2894124643165
"20250619-CbDRC4-p031-m2x_A04_roi_0.png",20250619,"CbDRC4","p031","m2x","A04",0,851.779650455371,39.1279556148514,"","48h",10,"15hHB101","DMSO",1,"MILBEMYCIN",0.0039,NA,NA,"ED3102",3,NA,NA,NA,836.718894614475,708.086678649304,797.759803783849,818.230547543864,835.985500661488,34.6975725564686,852.692319073686,876.437939257499,969.435478479795,0.0414686136285423,40.2662055475856,36.5007474880857,38.4943479624887,39.1197638503471,40.1191701848401,1.45820634988519,41.3520737154999,42.2956437559865,44.1041684432289,0.0362141485658964,118,"3_ED3102_0.0039",NA,"n>75",NA,NA,NA,"3",858.463870400194,-22.4783697387056
"20250619-CbDRC4-p031-m2x_A05_roi_0.png",20250619,"CbDRC4","p031","m2x","A05",0,864.630458722539,38.5981843686045,"","48h",10,"15hHB101","DMSO",1,"MILBEMYCIN",0.0078,NA,NA,"ED3102",3,NA,NA,NA,846.590521569073,756.399106285254,801.848189802588,823.74601805678,844.427845586668,42.0699201250821,866.329046180009,897.629492516077,990.29481986431,0.0496933512167247,40.5877364756257,37.5741746760048,38.3500283660265,39.4057973178571,40.5374481360085,1.62769159887513,41.6539451949728,42.6819534811071,44.6899010687814,0.0401030394945185,86,"3_ED3102_0.0078",NA,"n>75",NA,NA,NA,"3",858.463870400194,-14.0360248135262
"20250619-CbDRC4-p031-m2x_A06_roi_0.png",20250619,"CbDRC4","p031","m2x","A06",0,864.261567690864,39.8431407091386,"","48h",10,"15hHB101","DMSO",1,"MILBEMYCIN",0.0156,NA,NA,"ED3102",3,NA,NA,NA,844.260987250208,774.169915918969,809.149953672919,822.842837038789,841.922583978524,31.4020389040951,860.895832119591,885.612397711055,928.933756902266,0.0371947056399856,40.4627883111241,37.6854425704575,38.9510797768116,39.596267641598,40.3084416511981,1.39670389042964,41.3061699317887,42.3709517082862,44.0905292432062,0.034518231410307,75,"3_ED3102_0.0156",NA,NA,NA,NA,NA,"3",858.463870400194,-16.5412864216703
"20250619-CbDRC4-p031-m2x_A07_roi_0.png",20250619,"CbDRC4","p031","m2x","A07",0,820.140794375575,40.7443311103831,"","48h",10,"15hHB101","DMSO",1,"MILBEMYCIN",0.03125,NA,NA,"ED3102",3,NA,NA,NA,831.169364999966,557.319367418742,793.04045648763,813.491350904186,834.337818779901,49.3963534995933,856.048811828173,879.338719670422,923.852138184394,0.0594299496343868,40.7540569574677,37.7269431476617,39.1945567210521,39.5739624962035,40.7963059939216,1.39077241362744,41.701525117404,42.5508536017568,43.7078323109842,0.0341259868944801,72,"3_ED3102_0.03125",NA,NA,NA,NA,NA,"3",858.463870400194,-24.1260516202926
"20250619-CbDRC4-p031-m2x_A08_roi_0.png",20250619,"CbDRC4","p031","m2x","A08",0,900.322753644688,40.8977762598605,"","48h",10,"15hHB101","DMSO",1,"MILBEMYCIN",0.0625,NA,NA,"ED3102",3,NA,NA,NA,845.087719023386,751.37614350858,805.881080364005,819.636362777982,834.364855753486,47.4337200040677,862.103811577809,895.203224211164,1060.53723250223,0.0561287531889397,40.5911461146977,37.512149904619,38.3644985589032,39.5161212633332,40.5765223884733,1.67952729595925,41.7572375545731,42.77639908527,45.161474827551,0.0413766906510459,76,"3_ED3102_0.0625",NA,"n>75",NA,NA,NA,"3",858.463870400194,-24.0990146467077
"20250619-CbDRC4-p031-m2x_A09_roi_0.png",20250619,"CbDRC4","p031","m2x","A09",0,900.711088979687,43.5719908078508,"","48h",10,"15hHB101","DMSO",1,"MILBEMYCIN",0.125,NA,NA,"ED3102",3,NA,NA,NA,844.01096823037,709.306704560379,781.989825482507,818.947257148231,852.907312074808,50.0066559326341,875.342947525855,902.246032716373,926.877996938261,0.0592488223671816,40.5912454290446,31.7760615856325,38.8725325133766,39.6213903048832,40.5291109115264,2.51369009095304,41.6931508904834,43.337120942696,46.5022058487041,0.0619269023254556,45,"3_ED3102_0.125",NA,NA,NA,NA,NA,"3",858.463870400194,-5.55655832538605
"20250619-CbDRC4-p031-m2x_A10_roi_0.png",20250619,"CbDRC4","p031","m2x","A10",0,801.555184684546,35.2349941846341,"","48h",10,"15hHB101","DMSO",1,"MILBEMYCIN",0.25,NA,NA,"ED3102",3,NA,NA,NA,698.854365447982,453.343369525283,568.549140035897,640.364684254891,717.906417758897,92.6154569212067,773.973373453521,795.310459808681,827.413103810355,0.132524688261535,33.1028556462645,22.1316088777271,27.4952016304715,29.9889531661634,34.6278097914892,4.39458770200986,36.7445828335447,37.7222546109176,41.0241896464673,0.132755546801467,52,"3_ED3102_0.25",NA,NA,NA,NA,NA,"3",858.463870400194,-140.557452641297
"20250619-CbDRC4-p031-m2x_A11_roi_0.png",20250619,"CbDRC4","p031","m2x","A11",0,594.350201244881,24.3076672539259,"","48h",10,"15hHB101","DMSO",1,"MILBEMYCIN",0.5,NA,NA,"ED3102",3,NA,NA,NA,426.383986744775,236.418927254796,294.476940729959,344.974349588404,436.79173652191,101.409596906935,521.239793612888,551.72434033369,594.350201244881,0.237836316699287,21.0166199862825,15.5964661040116,17.3415581967336,18.1951021954243,20.3512729033473,3.35846870966514,24.1834641752416,25.2427511539851,28.2835056888507,0.159800610747932,33,"3_ED3102_0.5",NA,NA,NA,NA,NA,"3",858.463870400194,-421.672133878284
"20250619-CbDRC4-p031-m2x_A12_roi_0.png",20250619,"CbDRC4","p031","m2x","A12",0,246.624800897739,13.9674168730258,"","48h",10,"15hHB101","DMSO",1,"MILBEMYCIN",1,NA,NA,"ED3102",3,NA,NA,NA,227.448993459433,186.888116908686,193.406132583925,215.460817067022,232.771705297222,21.5943873131967,245.048879757581,246.602338386433,260.211016718428,0.0949416701509749,14.7955844317786,13.1887606790939,13.6701755309219,14.1003262310382,14.8281822938458,1.05253499634955,15.1501360275844,15.8951229434923,17.6091202632261,0.071138453584089,23,"3_ED3102_1",NA,NA,NA,NA,NA,"3",858.463870400194,-625.692165102972
"20250619-CbDRC4-p031-m2x_B01_roi_0.png",20250619,"CbDRC4","p031","m2x","B01",0,702.746405464148,32.6187417922507,"","48h",10,"15hHB101","DMSO",1,"MILBEMYCIN",0,NA,NA,"NIC1667",3,NA,NA,NA,770.597670328429,649.274114336527,712.671203116661,739.297106026818,768.86363029263,44.403627358856,802.760751511499,823.768174993328,852.593163701199,0.0576223223461488,37.4715186358238,27.1313575344654,33.6779371985672,36.2517885370751,37.9863325351766,3.04720324819013,39.5345076390078,40.3180228389656,43.4713561642566,0.0813205164649218,57,"3_NIC1667_0",NA,NA,NA,NA,NA,"3",776.621116305835,-7.75748601320527
"20250619-CbDRC4-p031-m2x_B02_roi_0.png",20250619,"CbDRC4","p031","m2x","B02",0,740.093379981073,37.777331662543,"","48h",10,"15hHB101","DMSO",1,"MILBEMYCIN",0.00097,NA,NA,"NIC1667",3,NA,NA,NA,766.457521920363,632.522290167333,714.323091081014,751.557880224251,770.401827076918,42.7507772522548,795.254721414102,819.250661634885,831.466210735451,0.0557770992254634,38.2739248217875,29.0298675606551,34.4006467759111,36.4927494921539,38.5346018732665,3.26903718668485,40.7440365879076,41.522646013389,45.0060235961665,0.0854116007675268,60,"3_NIC1667_0.00097",NA,NA,NA,NA,NA,"3",776.621116305835,-6.21928922891721
"20250619-CbDRC4-p031-m2x_B03_roi_0.png",20250619,"CbDRC4","p031","m2x","B03",0,798.383695123247,38.2335498895331,"","48h",10,"15hHB101","DMSO",1,"MILBEMYCIN",0.0019,NA,NA,"NIC1667",3,NA,NA,NA,778.568684218201,688.038580843366,720.131079088218,759.194739921589,776.177111739915,42.650411686096,809.091442298453,827.631738172969,909.954327430873,0.0547805383784776,37.7966087571828,29.4285436318152,34.232765576849,36.2353799159698,38.0516297001758,2.83424167466125,39.3821093075552,41.2514619740814,43.2666768741359,0.0749866659432147,68,"3_NIC1667_0.0019",NA,NA,NA,NA,NA,"3",776.621116305835,-0.444004565919954
"20250619-CbDRC4-p031-m2x_B04_roi_0.png",20250619,"CbDRC4","p031","m2x","B04",0,695.788853253682,30.0117011202796,"","48h",10,"15hHB101","DMSO",1,"MILBEMYCIN",0.0039,NA,NA,"NIC1667",3,NA,NA,NA,759.669886095734,519.308961423745,696.543497691558,733.58993231171,762.333239931947,59.0420284748445,790.63255391063,820.406455868376,945.132512922856,0.0777206383397486,36.9406439349911,27.4019194399704,32.3549542449903,35.1391811206897,37.3176403947511,3.33182764003867,39.5762849931006,40.5517151805251,42.8057903060447,0.0901940866516048,86,"3_NIC1667_0.0039",NA,"n>75",NA,NA,NA,"3",776.621116305835,-14.287876373888
"20250619-CbDRC4-p031-m2x_B05_roi_0.png",20250619,"CbDRC4","p031","m2x","B05",0,781.429737752326,38.5800700376195,"","48h",10,"15hHB101","DMSO",1,"MILBEMYCIN",0.0078,NA,NA,"NIC1667",3,NA,NA,NA,757.177092526027,594.009281465673,696.40110306231,724.689345472229,765.39028678069,52.5666500978564,793.344816115477,813.822462909823,836.211080994485,0.0694245119361551,37.4668150836979,26.1116278164442,33.215507094534,35.8909011660749,38.1787896487296,3.47140673769378,39.6718743307976,41.1523396781987,43.29990674221,0.0926528377162276,62,"3_NIC1667_0.0078",NA,NA,NA,NA,NA,"3",776.621116305835,-11.2308295251453
"20250619-CbDRC4-p031-m2x_B06_roi_0.png",20250619,"CbDRC4","p031","m2x","B06",0,799.775921568475,39.2304474299264,"","48h",10,"15hHB101","DMSO",1,"MILBEMYCIN",0.0156,NA,NA,"NIC1667",3,NA,NA,NA,765.628555287771,512.288222205414,708.647636415575,744.818412972067,771.233074777851,52.9585462337403,799.775921568475,817.178821282236,875.133993783113,0.0691700249004364,37.7469924302207,22.2191084167259,33.8325096428199,36.1946378650963,38.1575902883508,3.36959869421708,40.0975302040486,41.1287183935889,42.8403868874047,0.0892680046084768,69,"3_NIC1667_0.0156",NA,NA,NA,NA,NA,"3",776.621116305835,-5.38804152798389
"20250619-CbDRC4-p031-m2x_B07_roi_0.png",20250619,"CbDRC4","p031","m2x","B07",0,807.895703448677,39.495206441751,"","48h",10,"15hHB101","DMSO",1,"MILBEMYCIN",0.03125,NA,NA,"NIC1667",3,NA,NA,NA,754.825220675056,524.270065693617,686.668790782329,736.064531941837,763.016747172785,56.7364649373655,788.962682754553,810.034866419689,859.566123486144,0.0751650360683827,37.031637151722,23.8489653137734,34.254436447285,36.1243835450746,37.6448843324722,3.39224292386268,39.2330764396138,40.1730264037683,41.3293404550693,0.0916039145113771,65,"3_NIC1667_0.03125",NA,NA,NA,NA,NA,"3",776.621116305835,-13.6043691330501
"20250619-CbDRC4-p031-m2x_B08_roi_0.png",20250619,"CbDRC4","p031","m2x","B08",0,792.998000602813,38.0784441075682,"","48h",10,"15hHB101","DMSO",1,"MILBEMYCIN",0.0625,NA,NA,"NIC1667",3,NA,NA,NA,762.065294426523,573.522434850744,705.119126903816,731.583164010462,764.995575213352,50.9414671350855,793.902731582446,812.415433261822,893.281505984729,0.0668465911092573,37.2598020739564,29.5200707698049,32.9483260023945,35.870290049017,37.6825419497366,2.96902880744399,39.6071086636987,41.0606222935152,42.0415742592218,0.0796845029276005,56,"3_NIC1667_0.0625",NA,NA,NA,NA,NA,"3",776.621116305835,-11.6255410924837
"20250619-CbDRC4-p031-m2x_B09_roi_0.png",20250619,"CbDRC4","p031","m2x","B09",0,768.119319683453,37.821346799371,"","48h",10,"15hHB101","DMSO",1,"MILBEMYCIN",0.125,NA,NA,"NIC1667",3,NA,NA,NA,763.396183105329,608.008087681939,685.768822274694,748.407794677039,768.692091584446,52.5794671951184,800.914542711545,810.153665580142,843.549769358378,0.0688757271240689,37.1822353130259,28.3384518690508,32.7667475361461,36.1822228684315,37.6423188119305,2.97989978691659,39.2517809652394,40.6546752712702,41.7581669813748,0.0801431049486327,59,"3_NIC1667_0.125",NA,NA,NA,NA,NA,"3",776.621116305835,-7.92902472138928
"20250619-CbDRC4-p031-m2x_B10_roi_0.png",20250619,"CbDRC4","p031","m2x","B10",0,790.178550130504,36.3505884783041,"","48h",10,"15hHB101","DMSO",1,"MILBEMYCIN",0.25,NA,NA,"NIC1667",3,NA,NA,NA,756.984425959789,469.381675326533,704.014242601608,727.042033118264,768.045628462291,56.0890675929786,790.21496050989,807.932162609122,838.349321770345,0.074095404964062,36.8377948189251,22.9764114304474,34.1499037559935,35.7670690511042,37.2531088191469,2.94145032121293,38.4290948678617,40.0266384416389,41.5901766484791,0.0798487079824273,56,"3_NIC1667_0.25",NA,NA,NA,NA,NA,"3",776.621116305835,-8.57548784354435
"20250619-CbDRC4-p031-m2x_B11_roi_0.png",20250619,"CbDRC4","p031","m2x","B11",0,677.268005812623,30.1919258056371,"","48h",10,"15hHB101","DMSO",1,"MILBEMYCIN",0.5,NA,NA,"NIC1667",3,NA,NA,NA,676.835643036128,518.164208930682,600.090891609023,640.806187612785,687.00281693554,59.5351131932908,726.565331137032,741.295202298439,765.738146465652,0.0879609603983474,31.0940073322552,24.0614726600749,26.621018116162,29.5428493408022,31.0110320823148,3.30798913946185,33.4181765046831,34.7818424425874,39.2007323923586,0.106386709957141,38,"3_NIC1667_0.5",NA,NA,NA,NA,NA,"3",776.621116305835,-89.6182993702957
"20250619-CbDRC4-p031-m2x_C01_roi_0.png",20250619,"CbDRC4","p031","m2x","C01",0,817.856697898855,38.276315177172,"","48h",10,"15hHB101","DMSO",1,"MILBEMYCIN",0,NA,NA,"ECA2666",3,NA,NA,NA,764.336634774858,610.798423872887,720.090052673027,737.504855190046,767.009198053407,43.7440613348134,794.580173587545,810.072110769447,856.795965386478,0.057231407399043,35.9549841896785,27.2731579934802,32.4785364734626,35.0397278354872,36.4602777910893,2.6013634479929,37.2992569608006,38.25731434371,42.7904494099719,0.0723505657593827,52,"3_ECA2666_0",NA,NA,NA,NA,NA,"3",778.447145543842,-11.4379474904354
"20250619-CbDRC4-p031-m2x_C02_roi_0.png",20250619,"CbDRC4","p031","m2x","C02",0,803.168307503542,37.2914242485126,"","48h",10,"15hHB101","DMSO",1,"MILBEMYCIN",0.00097,NA,NA,"ECA2666",3,NA,NA,NA,749.920807210866,525.830757162151,695.838990910366,730.156217617161,758.487455767594,57.0976654778065,785.522237535998,798.799626756172,855.778505708899,0.076138260105312,35.5958576348089,27.2135743042021,32.4990818588258,34.3635268233851,35.7466279779102,2.65181510291778,37.2914242485126,38.5113540472813,40.2073224291524,0.0744978567484941,61,"3_ECA2666_0.00097",NA,NA,NA,NA,NA,"3",778.447145543842,-19.9596897762476
"20250619-CbDRC4-p031-m2x_C03_roi_0.png",20250619,"CbDRC4","p031","m2x","C03",0,791.119023016028,36.4903842844699,"","48h",10,"15hHB101","DMSO",1,"MILBEMYCIN",0.0019,NA,NA,"ECA2666",3,NA,NA,NA,766.498138645569,631.108504437998,723.538547925631,743.597856747733,758.444290554865,42.4766371125199,797.982888840787,821.418147417501,859.450645124836,0.0554164908835626,35.8987760890015,30.0069330614208,33.1351508736122,34.5218470826109,36.0734322405668,2.24965080579774,37.5546792076581,38.3002462705399,41.8872519547729,0.0626665042902946,65,"3_ECA2666_0.0019",NA,NA,NA,NA,NA,"3",778.447145543842,-20.0028549889773
"20250619-CbDRC4-p031-m2x_C04_roi_0.png",20250619,"CbDRC4","p031","m2x","C04",0,797.508324771151,35.1193872734758,"","48h",10,"15hHB101","DMSO",1,"MILBEMYCIN",0.0039,NA,NA,"ECA2666",3,NA,NA,NA,759.948714521399,584.299059700612,719.012228848925,749.05597368977,766.569469398076,48.5945416465277,781.969043613345,806.054678123988,848.292686377166,0.063944501409061,35.1398221635215,28.3466341132578,31.5043615613217,34.1525849915792,35.3559294084763,2.63291551900272,36.7940898111602,37.9468770674548,39.9319061171524,0.074926831067914,43,"3_ECA2666_0.0039",NA,NA,NA,NA,NA,"3",778.447145543842,-11.8776761457658
"20250619-CbDRC4-p031-m2x_C05_roi_0.png",20250619,"CbDRC4","p031","m2x","C05",0,778.277026826025,35.1209267287172,"","48h",10,"15hHB101","DMSO",1,"MILBEMYCIN",0.0078,NA,NA,"ECA2666",3,NA,NA,NA,764.104748374131,646.611487589729,709.559753926686,737.046080131961,765.359205765052,43.338954543273,794.962983953949,806.857970628396,852.444652028005,0.0567186038766151,35.1662402583597,25.9421004217964,32.0294957749616,34.0239608866461,35.1209267287172,2.6404580617411,36.7091690308348,38.6428849697344,39.7882531017018,0.075085025932319,43,"3_ECA2666_0.0078",NA,NA,NA,NA,NA,"3",778.447145543842,-13.08793977879
"20250619-CbDRC4-p031-m2x_C06_roi_0.png",20250619,"CbDRC4","p031","m2x","C06",0,772.064994254727,34.7457389043415,"","48h",10,"15hHB101","DMSO",1,"MILBEMYCIN",0.0156,NA,NA,"ECA2666",3,NA,NA,NA,768.944185646388,691.690981670625,739.311310339882,752.297227972453,770.093837539483,27.4318121718552,784.007956968978,798.9993564263,846.330315194753,0.0356746467219796,34.8862814465078,29.9323003369546,32.7857224343573,33.8472267758869,34.7291683871966,1.90467949827223,36.3742056706711,37.1052644063901,39.042991642928,0.0545968047982625,46,"3_ECA2666_0.0156",NA,NA,NA,NA,NA,"3",778.447145543842,-8.35330800435906
"20250619-CbDRC4-p031-m2x_C07_roi_0.png",20250619,"CbDRC4","p031","m2x","C07",0,841.43893543934,38.5854420573603,"","48h",10,"15hHB101","DMSO",1,"MILBEMYCIN",0.03125,NA,NA,"ECA2666",3,NA,NA,NA,766.798876423586,675.286990335945,718.051165311825,748.425310998964,767.965147600567,35.6628247906222,791.64869118489,801.928899625121,841.43893543934,0.0465087076769813,34.9065339566123,29.1227177178779,31.9667414618008,33.1383169500546,35.1075954499194,2.53205230981365,36.8039504703602,38.4054208321658,38.8327697731276,0.072538061583568,36,"3_ECA2666_0.03125",NA,NA,NA,NA,NA,"3",778.447145543842,-10.4819979432747
"20250619-CbDRC4-p031-m2x_C08_roi_0.png",20250619,"CbDRC4","p031","m2x","C08",0,688.794750863509,32.0029706996389,"","48h",10,"15hHB101","DMSO",1,"MILBEMYCIN",0.0625,NA,NA,"ECA2666",3,NA,NA,NA,739.895509243815,614.185097616808,647.711117148517,734.029761264219,750.456442917107,53.9464683605234,768.849775599934,796.640888454975,805.389900854541,0.0729109282142523,34.5883112233462,29.6411245837688,30.5530117064881,33.407481618942,34.8188238017619,2.49219160588721,36.3782078341129,37.3457156179432,37.7761302857875,0.0720530005004999,24,"3_ECA2666_0.0625",NA,NA,NA,NA,NA,"3",778.447145543842,-27.990702626735
"20250619-CbDRC4-p031-m2x_C09_roi_0.png",20250619,"CbDRC4","p031","m2x","C09",0,766.117144404225,35.6627100668729,"","48h",10,"15hHB101","DMSO",1,"MILBEMYCIN",0.125,NA,NA,"ECA2666",3,NA,NA,NA,753.31043314234,676.047541566539,715.219448903217,734.115279929616,754.641906209754,34.1678521895338,772.585362271569,797.567137956836,805.747366273025,0.045356934785845,33.5314529574133,28.8085757753988,29.634034817534,31.9998375471527,33.083033177798,2.69551067046066,35.5135444180163,36.5940305133458,38.2123387577868,0.0803875296988801,18,"3_ECA2666_0.125",NA,NA,NA,NA,NA,"3",778.447145543842,-23.8052393340878
"20250619-CbDRC4-p031-m2x_C10_roi_1.png",20250619,"CbDRC4","p031","m2x","C10",1,642.634531826911,25.8837095369691,"","48h",10,"15hHB101","DMSO",1,"MILBEMYCIN",0.25,NA,NA,"ECA2666",3,NA,NA,NA,603.522050295393,446.805946931429,521.906659933183,537.191022132118,582.003008877658,86.1218790751331,669.66088866363,719.763964904883,752.428280830722,0.142698811141997,26.2938232274705,19.5913326589861,21.2533098597329,23.592855478289,24.6822754730117,4.58646869955488,29.2239550999738,33.0930437968999,35.3091176724203,0.174431411509725,20,"3_ECA2666_0.25",NA,NA,NA,NA,NA,"3",778.447145543842,-196.444136666184
"20250619-CbDRC4-p031-m2x_C11_roi_0.png",20250619,"CbDRC4","p031","m2x","C11",0,363.484941876326,17.1068775230623,"","48h",10,"15hHB101","DMSO",1,"MILBEMYCIN",0.5,NA,NA,"ECA2666",3,NA,NA,NA,370.062031716541,178.48154977618,318.699881265145,350.912560342288,385.480505619966,65.8464515333528,404.747443656881,435.371310373889,448.843907314848,0.17793355137765,17.8800585064639,15.7395395307466,16.5774051145768,17.3530904745111,17.5847878589049,1.2385475827674,18.6364124143537,18.9549290228191,20.9195621849509,0.0692697723734879,15,"3_ECA2666_0.5",NA,NA,NA,NA,NA,"3",778.447145543842,-392.966639923876
"20250619-CbDRC4-p031-m2x_C12_roi_0.png",20250619,"CbDRC4","p031","m2x","C12",0,232.522468446339,14.6996423012164,"","48h",10,"15hHB101","DMSO",1,"MILBEMYCIN",1,NA,NA,"ECA2666",3,NA,NA,NA,215.844404920187,125.2984488676,136.699743936629,195.926989737921,223.590159003191,48.4370006778275,249.353080491924,269.816694162993,280.434982298834,0.224407024568175,14.741949114321,11.9666530360423,13.4988704438933,14.2322139738323,14.7707339758235,1.23129791517814,15.1473902896733,16.1321736580126,17.1312562506187,0.0835234137378754,16,"3_ECA2666_1",NA,NA,NA,NA,NA,"3",778.447145543842,-554.856986540651
"20250619-CbDRC4-p031-m2x_D01_roi_0.png",20250619,"CbDRC4","p031","m2x","D01",0,912.639930202283,40.106864042066,"","48h",10,"15hHB101","DMSO",1,"MILBEMYCIN",0,NA,NA,"VX34",3,NA,NA,NA,861.833675596788,775.58074795522,785.480311130906,844.730213150318,860.714800869786,48.1357605446166,900.701875006974,915.298320024429,935.476669402465,0.055852726468694,39.0911901347103,31.4877464407249,37.5286079556271,38.0516473864557,39.8525396060878,2.38844805323736,40.4988727639673,40.8433136063632,42.052497461448,0.0610993946463805,17,"3_VX34_0",NA,NA,NA,NA,NA,"3",808.628894132328,52.0859067374585
"20250619-CbDRC4-p031-m2x_D02_roi_0.png",20250619,"CbDRC4","p031","m2x","D02",0,825.827997532123,38.782421362872,"","48h",10,"15hHB101","DMSO",1,"MILBEMYCIN",0.00097,NA,NA,"VX34",3,NA,NA,NA,858.046096374007,786.201084676102,798.317631632193,838.75428299064,851.263892475627,44.7270234486636,871.344587350787,922.66891317368,957.322445611012,0.0521265974376834,39.3840697549384,36.1633735811413,37.9590509298261,38.6961476254031,39.293749674726,1.45692661178725,40.6593900142622,41.0398642227054,42.3364557018965,0.0369927897460258,24,"3_VX34_0.00097",NA,NA,NA,"outlier","outlier","3",808.628894132328,42.6349983432992
"20250619-CbDRC4-p031-m2x_D03_roi_0.png",20250619,"CbDRC4","p031","m2x","D03",0,890.801701237139,34.9187646803308,"","48h",10,"15hHB101","DMSO",1,"MILBEMYCIN",0.0019,NA,NA,"VX34",3,NA,NA,NA,851.76065555447,304.22973853214,788.38128372466,822.470921461694,840.72987608485,174.62626090567,868.260443287373,918.719615433068,1313.53491339573,0.205017993924589,37.8866334981485,17.7926190407409,34.9240375994793,37.2361973774564,38.9083563218171,4.54758329204499,40.1477234413759,40.9239085370098,41.4416350441141,0.120031337497094,27,"3_VX34_0.0019",NA,NA,NA,NA,NA,"3",808.628894132328,32.1009819525224
"20250619-CbDRC4-p031-m2x_D04_roi_0.png",20250619,"CbDRC4","p031","m2x","D04",0,834.245230296622,39.5270344798832,"","48h",10,"15hHB101","DMSO",1,"MILBEMYCIN",0.0039,NA,NA,"VX34",3,NA,NA,NA,837.42988575239,300.654382311831,806.194529849729,831.474233961743,841.021054097897,98.6255400412977,877.032689489002,899.054114110814,934.37376621708,0.117771698525767,38.5820730022839,15.8663132301737,36.3254198695279,37.9192793389815,39.3071200219802,4.3050248950186,40.4161340969298,41.3225160174,44.1829904427811,0.11158096390424,36,"3_VX34_0.0039",NA,NA,NA,NA,NA,"3",808.628894132328,32.3921599655694
"20250619-CbDRC4-p031-m2x_D05_roi_0.png",20250619,"CbDRC4","p031","m2x","D05",0,906.316259930136,40.5691113734042,"","48h",10,"15hHB101","DMSO",1,"MILBEMYCIN",0.0078,NA,NA,"VX34",3,NA,NA,NA,838.335498850423,553.880384418624,789.954159664861,821.069177479419,843.362320750897,64.6194267230667,858.70228578437,900.994711270818,951.246817245859,0.077080627996401,39.0274541843732,31.462289334157,36.7120191435371,38.2504173277083,38.9741101348483,2.06668939409012,40.6168729756878,41.3389681444568,42.2970426646206,0.0529547580615091,45,"3_VX34_0.0078",NA,NA,NA,NA,NA,"3",808.628894132328,34.733426618569
"20250619-CbDRC4-p031-m2x_D06_roi_0.png",20250619,"CbDRC4","p031","m2x","D06",0,832.769947170111,37.7891575496565,"","48h",10,"15hHB101","DMSO",1,"MILBEMYCIN",0.0156,NA,NA,"VX34",3,NA,NA,NA,843.77878944111,632.57114381128,797.40275018574,825.012079939387,839.088646187562,49.4529439672213,865.25916661537,905.646627117244,967.392211449644,0.0586088967701798,39.0433185118481,30.5380224971657,36.9010190320629,38.0062457411867,39.2149208650847,2.07282245024874,40.3544440515942,41.7052123747662,42.5514116792574,0.0530903245229966,56,"3_VX34_0.0156",NA,NA,NA,NA,NA,"3",808.628894132328,30.4597520552345
"20250619-CbDRC4-p031-m2x_D07_roi_0.png",20250619,"CbDRC4","p031","m2x","D07",0,791.952279408173,38.3556301233996,"","48h",10,"15hHB101","DMSO",1,"MILBEMYCIN",0.03125,NA,NA,"VX34",3,NA,NA,NA,834.495810715883,758.737067667957,791.952279408173,820.346015299672,832.754664681863,33.2952608129998,852.720426868765,876.245636364034,921.072929431734,0.0398986554341562,39.1816497068709,33.050309745578,36.6757561243769,37.5704129641683,39.69435722545,2.19759133346312,40.732990587416,41.6056626585232,43.4394266070689,0.0560872589567803,51,"3_VX34_0.03125",NA,NA,NA,NA,NA,"3",808.628894132328,24.1257705495351
"20250619-CbDRC4-p031-m2x_D08_roi_0.png",20250619,"CbDRC4","p031","m2x","D08",0,905.071401049298,41.5241773868476,"","48h",10,"15hHB101","DMSO",1,"MILBEMYCIN",0.0625,NA,NA,"VX34",3,NA,NA,NA,832.911721225847,480.520612618048,773.319024787692,812.777832503502,839.316514785964,67.2665734200489,870.620282670561,897.530013609343,939.845372330871,0.0807607477549344,38.9519755901755,28.4191110859233,37.8992625948173,38.4840812702769,39.3517995292521,2.35402405640028,39.8369311550908,41.1465012719548,42.8446217404401,0.0604340093341508,61,"3_VX34_0.0625",NA,NA,NA,NA,NA,"3",808.628894132328,30.6876206536366
"20250619-CbDRC4-p031-m2x_D09_roi_0.png",20250619,"CbDRC4","p031","m2x","D09",0,747.013356507074,36.9232668195792,"","48h",10,"15hHB101","DMSO",1,"MILBEMYCIN",0.125,NA,NA,"VX34",3,NA,NA,NA,840.412326642319,747.013356507074,787.114692277135,811.5148445826,842.376709610466,42.1492852240637,867.6513092601,891.354051524896,931.170896395971,0.0501531020998488,39.1623277947857,36.9232668195792,37.5480969837655,37.983498791705,39.2492969999354,1.37544135716595,40.158782629601,40.8550875828244,42.669050942084,0.0351215424265225,44,"3_VX34_0.125",NA,NA,NA,NA,NA,"3",808.628894132328,33.7478154781387
"20250619-CbDRC4-p031-m2x_D10_roi_0.png",20250619,"CbDRC4","p031","m2x","D10",0,846.188931677489,40.0976190468581,"","48h",10,"15hHB101","DMSO",1,"MILBEMYCIN",0.25,NA,NA,"VX34",3,NA,NA,NA,807.019192010976,644.653057382385,743.213818241812,775.01371309897,815.499746441808,61.8872626601049,834.261814776982,848.1788341944,1039.8215999186,0.0766862340731832,37.4986806517376,31.2069845515257,34.695741931574,36.4717055821861,37.9327438098884,2.40936551856092,38.9491215618296,40.0109707975401,42.3155910833402,0.0642520077156174,34,"3_VX34_0.25",NA,NA,NA,NA,NA,"3",808.628894132328,6.87085230948014
"20250619-CbDRC4-p031-m2x_D11_roi_0.png",20250619,"CbDRC4","p031","m2x","D11",0,675.673066885682,29.2207753630893,"","48h",10,"15hHB101","DMSO",1,"MILBEMYCIN",0.5,NA,NA,"VX34",3,NA,NA,NA,629.477980390201,386.299979046797,564.448481152126,603.434221656329,634.372974591037,69.7856032704898,674.713101802035,703.253136858064,728.288109094437,0.110862659925342,28.7896299826517,23.347344975967,24.6930283076352,26.9016644865113,29.2674922809736,2.88111772432504,30.5995943671752,31.7043592248462,35.4418041528901,0.100074843826099,38,"3_VX34_0.5",NA,NA,NA,NA,NA,"3",808.628894132328,-174.25591954129
"20250619-CbDRC4-p031-m2x_E01_roi_0.png",20250619,"CbDRC4","p031","m2x","E01",0,765.439943582667,37.9825676425975,"","48h",10,"15hHB101","DMSO",1,"MILBEMYCIN",0,NA,NA,"JU3237",3,NA,NA,NA,754.397236938427,185.207025883063,732.210534246849,744.694630686668,765.439943582667,82.4019014714705,783.012341112747,798.868522481868,827.102210110671,0.109228795436582,39.1633033294973,14.8090976764319,35.5238525098982,38.1610092871911,39.7427151019697,4.05961909870544,40.8357524518904,42.4800817136035,45.2644014687604,0.103658750758335,57,"3_JU3237_0",NA,NA,NA,NA,NA,"3",765.709066236116,-0.269122653449813
"20250619-CbDRC4-p031-m2x_E02_roi_0.png",20250619,"CbDRC4","p031","m2x","E02",0,814.756849521482,39.4638053899312,"","48h",10,"15hHB101","DMSO",1,"MILBEMYCIN",0.00097,NA,NA,"JU3237",3,NA,NA,NA,756.188104069357,658.773606076712,717.429249846852,729.296651776289,750.897738835208,34.9940788838076,786.169959358507,802.476743482747,814.756849521482,0.0462769497370961,39.947478526834,34.142676225301,37.8995001238314,38.8702130804498,39.9552365958092,1.74872508180696,41.0851853600678,42.1846769023387,43.4469673337638,0.0437756060281072,55,"3_JU3237_0.00097",NA,NA,NA,NA,NA,"3",765.709066236116,-14.8113274009082
"20250619-CbDRC4-p031-m2x_E03_roi_0.png",20250619,"CbDRC4","p031","m2x","E03",0,761.738260672607,39.5848047511347,"","48h",10,"15hHB101","DMSO",1,"MILBEMYCIN",0.0019,NA,NA,"JU3237",3,NA,NA,NA,759.731346766436,640.566596288933,717.129462209236,736.192651743734,758.327986543235,38.1758570329838,786.96690013025,807.37566326108,830.940961649443,0.0502491534612435,38.9089444756528,33.5995074242905,35.2035520925171,37.572233768139,39.0603830709427,2.45178935377186,40.6050653444428,41.7688872424962,44.1314540423019,0.0630135149337208,50,"3_JU3237_0.0019",NA,NA,NA,NA,NA,"3",765.709066236116,-7.38107969288126
"20250619-CbDRC4-p031-m2x_E04_roi_0.png",20250619,"CbDRC4","p031","m2x","E04",0,780.915797639185,39.668283532852,"","48h",10,"15hHB101","DMSO",1,"MILBEMYCIN",0.0039,NA,NA,"JU3237",3,NA,NA,NA,755.792326851645,674.800076452714,724.916823830586,739.900116628885,754.256326261758,31.4934163658604,780.424335647686,785.834977990721,841.636902317609,0.0416694047385352,38.4970775274935,30.4256760848424,35.7602561814978,37.2794495618616,38.764143650772,2.62601933259538,40.1932332106042,41.614941136759,42.9620581415889,0.0682134723270863,50,"3_JU3237_0.0039",NA,NA,NA,NA,NA,"3",765.709066236116,-11.4527399743588
"20250619-CbDRC4-p031-m2x_E05_roi_0.png",20250619,"CbDRC4","p031","m2x","E05",0,838.123591989033,39.2257408659825,"","48h",10,"15hHB101","DMSO",1,"MILBEMYCIN",0.0078,NA,NA,"JU3237",3,NA,NA,NA,745.955024030684,298.085755422575,711.71989802729,728.993929402286,754.740157337284,75.6220690446409,781.813806304083,808.572213811535,838.123591989033,0.101376177662864,38.517243240985,24.3095079448381,33.823344829204,37.2558682130155,38.8377049385552,3.34460276553778,40.8724439243214,41.6796337172377,44.6193603837176,0.0868339082475894,63,"3_JU3237_0.0078",NA,NA,NA,NA,NA,"3",765.709066236116,-10.9689088988322
"20250619-CbDRC4-p031-m2x_E06_roi_0.png",20250619,"CbDRC4","p031","m2x","E06",0,747.010536338115,38.2333779340018,"","48h",10,"15hHB101","DMSO",1,"MILBEMYCIN",0.0156,NA,NA,"JU3237",3,NA,NA,NA,760.777111591131,680.704760483811,721.466006859292,740.8900813233,759.017823413019,29.99329601712,781.170031331017,800.152642661278,820.415835223244,0.0394245509757653,39.3336674034723,33.5701402705052,36.0121771557666,37.8431960758311,39.5384777315318,2.41365832236173,41.1131841299697,42.2870858221945,43.9089663441726,0.0613636734556985,66,"3_JU3237_0.0156",NA,NA,NA,NA,NA,"3",765.709066236116,-6.69124282309781
"20250619-CbDRC4-p031-m2x_E07_roi_0.png",20250619,"CbDRC4","p031","m2x","E07",0,791.24948890274,40.140754974185,"","48h",10,"15hHB101","DMSO",1,"MILBEMYCIN",0.03125,NA,NA,"JU3237",3,NA,NA,NA,765.293904939566,691.250897201659,732.097299370869,745.723204296382,768.887364032322,27.9851452878845,781.039903905278,801.259618034707,830.698163383725,0.0365678402862681,39.1189756886788,32.0717682674181,34.9139676004827,38.3137738846275,39.281036759449,2.73343378776457,40.5000000523407,42.3421708485503,44.0157623999395,0.0698748814262956,58,"3_JU3237_0.03125",NA,NA,NA,NA,NA,"3",765.709066236116,3.17829779620524
"20250619-CbDRC4-p031-m2x_E08_roi_0.png",20250619,"CbDRC4","p031","m2x","E08",0,794.313955258546,38.8683466583822,"","48h",10,"15hHB101","DMSO",1,"MILBEMYCIN",0.0625,NA,NA,"JU3237",3,NA,NA,NA,770.292405594792,615.662393415198,718.329325772066,752.209112420708,779.515333900474,40.2229391714413,796.388185551771,810.916199787282,854.611437384845,0.0522177537767397,38.9655418438493,29.8817285625372,34.8691111223686,37.6676125495391,39.250190914844,2.8883814895456,40.6814615306492,42.1309799957865,44.5918288119494,0.0741265577961296,55,"3_JU3237_0.0625",NA,NA,NA,NA,NA,"3",765.709066236116,13.806267664358
"20250619-CbDRC4-p031-m2x_E09_roi_0.png",20250619,"CbDRC4","p031","m2x","E09",0,737.109710897125,34.3472883929717,"","48h",10,"15hHB101","DMSO",1,"MILBEMYCIN",0.125,NA,NA,"JU3237",3,NA,NA,NA,742.466540314423,599.350013577659,676.147194594692,726.764406520077,747.521748796017,48.1944242157827,771.198635232917,793.98445881465,831.057718392429,0.0649112405730406,36.766695623483,26.1026192168952,31.8166612732414,34.3300914135821,36.9743064876146,3.75961923655014,39.6401679681717,41.3569818410436,44.5269707419962,0.102256109035506,60,"3_JU3237_0.125",NA,NA,NA,NA,NA,"3",765.709066236116,-18.1873174400989
"20250619-CbDRC4-p031-m2x_E10_roi_0.png",20250619,"CbDRC4","p031","m2x","E10",0,576.865757273982,23.950374580093,"","48h",10,"15hHB101","DMSO",1,"MILBEMYCIN",0.25,NA,NA,"JU3237",3,NA,NA,NA,568.478819815646,375.876765064998,449.427923083455,525.687155097758,572.791027134089,79.9145192091373,609.353412067495,658.478013136071,722.78491341666,0.140576071479766,25.7599080051187,18.4106377635774,21.0685577613695,23.7465252222685,25.8777230773237,3.29615930850676,28.4947250501245,29.9565594389149,32.9987295844541,0.127956951859137,57,"3_JU3237_0.25",NA,NA,NA,NA,NA,"3",765.709066236116,-192.918039102027
"20250619-CbDRC4-p031-m2x_E12_roi_0.png",20250619,"CbDRC4","p031","m2x","E12",0,468.58975146199,21.3097674229484,"","48h",10,"15hHB101","DMSO",1,"MILBEMYCIN",1,NA,NA,"JU3237",3,NA,NA,NA,240.439960377051,152.997118088725,184.402412718061,217.225246462443,234.806218391031,57.081391062657,256.627536177119,288.014343794863,468.58975146199,0.23740392808726,15.168346913478,12.1384846765496,13.7216303683692,14.2978863526193,14.9638196809632,1.6362585228641,15.7122112968786,16.5205787177686,21.3097674229484,0.107873226541924,29,"3_JU3237_1",NA,NA,NA,NA,NA,"3",765.709066236116,-530.902847845086
"20250619-CbDRC4-p031-m2x_F01_roi_0.png",20250619,"CbDRC4","p031","m2x","F01",0,748.542254952999,37.0967050452532,"","48h",10,"15hHB101","DMSO",1,"MILBEMYCIN",0,NA,NA,"PB420",3,NA,NA,NA,753.896287839234,146.698630811228,722.529175390848,748.869240536306,762.845654203351,73.6871487696439,778.801718012551,793.108365516963,819.482491874212,0.0977417583270518,38.518068105989,19.7312604586771,36.0287273359658,37.4181950672109,38.700001956099,3.05791386243741,40.1450730038977,41.2406291970167,43.734765162925,0.0793890766801451,86,"3_PB420_0",NA,"n>75",NA,NA,NA,"3",764.404649350685,-1.55899514733392
"20250619-CbDRC4-p031-m2x_F02_roi_0.png",20250619,"CbDRC4","p031","m2x","F02",0,756.072353721661,37.4925843361157,"","48h",10,"15hHB101","DMSO",1,"MILBEMYCIN",0.00097,NA,NA,"PB420",3,NA,NA,NA,748.609961258413,344.805455043163,710.015093115524,735.480858618954,757.017539526171,48.5549173837,772.650279641914,785.416384704197,809.372746569568,0.0648601005817224,38.4471548961456,18.9928620026637,35.4334483616968,36.8685225676462,38.2742539771128,3.78765675459517,40.0510461703959,41.3782637819292,60.5979884223809,0.0985159178832994,108,"3_PB420_0.00097",NA,"n>75",NA,NA,NA,"3",764.404649350685,-7.38710982451403
"20250619-CbDRC4-p031-m2x_F03_roi_0.png",20250619,"CbDRC4","p031","m2x","F03",0,774.013364891347,36.4826646107779,"","48h",10,"15hHB101","DMSO",1,"MILBEMYCIN",0.0019,NA,NA,"PB420",3,NA,NA,NA,750.20678686083,692.479696551686,715.954118002215,733.133182393296,751.65891627226,26.4208394252292,770.606816990595,784.919071355178,801.444456116242,0.0352180757198755,38.0462036352389,32.4375894073658,36.2869215185949,36.9443089728374,38.1532127630888,1.55354143328665,39.2386604924767,39.7595615299911,41.3505608070475,0.040833021033608,101,"3_PB420_0.0019",NA,"n>75",NA,NA,NA,"3",764.404649350685,-12.7457330784255
"20250619-CbDRC4-p031-m2x_F04_roi_0.png",20250619,"CbDRC4","p031","m2x","F04",0,740.571938962982,37.5255473351478,"","48h",10,"15hHB101","DMSO",1,"MILBEMYCIN",0.0039,NA,NA,"PB420",3,NA,NA,NA,767.664499846155,666.913993653761,732.070772183776,756.9193830119,768.745104644457,31.8247445268624,781.420140717964,792.704582585473,946.943861464804,0.0414565797079848,38.7507912485608,31.4464119316535,36.4505136746107,37.5492993626578,38.8030520371944,2.06281413283371,39.9023733011795,40.9471846750736,45.3515226063506,0.0532328261273974,82,"3_PB420_0.0039",NA,"n>75",NA,NA,NA,"3",764.404649350685,4.34045529377136
"20250619-CbDRC4-p031-m2x_F05_roi_0.png",20250619,"CbDRC4","p031","m2x","F05",0,715.306306550323,36.8602674538962,"","48h",10,"15hHB101","DMSO",1,"MILBEMYCIN",0.0078,NA,NA,"PB420",3,NA,NA,NA,751.468041781022,188.852808826652,725.381432070839,738.330232465871,761.113489934462,64.7458523680473,779.454227612988,787.040155165356,798.570246891176,0.0861591561692976,38.0178956801008,13.9947514963633,35.8063895515065,36.99111351038,38.6643319107747,3.19046310341606,39.3579905192703,40.4525771656079,42.7377190009065,0.0839200341402905,93,"3_PB420_0.0078",NA,"n>75",NA,NA,NA,"3",764.404649350685,-3.29115941622285
"20250619-CbDRC4-p031-m2x_F06_roi_0.png",20250619,"CbDRC4","p031","m2x","F06",0,772.569361881581,38.1276758507635,"","48h",10,"15hHB101","DMSO",1,"MILBEMYCIN",0.0156,NA,NA,"PB420",3,NA,NA,NA,751.829690051208,538.290111896269,716.289060016338,741.027116781052,759.358532807518,41.2111958882588,773.104271077448,782.255410019724,819.439982041509,0.0548145363685384,37.8165147217411,25.2133799123456,35.4726873483687,36.7813741277445,38.2415873379438,2.66882055045152,39.2142458739741,40.3536979958825,42.3415372420928,0.0705728851558388,98,"3_PB420_0.0156",NA,"n>75",NA,NA,NA,"3",764.404649350685,-5.04611654316727
"20250619-CbDRC4-p031-m2x_F07_roi_0.png",20250619,"CbDRC4","p031","m2x","F07",0,789.376268552984,38.173677529895,"","48h",10,"15hHB101","DMSO",1,"MILBEMYCIN",0.03125,NA,NA,"PB420",3,NA,NA,NA,750.301995997997,448.621075796481,713.119395438124,739.753931334395,757.398608825299,46.9006989409742,775.273417393619,782.850623575353,815.005573227885,0.0625090952591568,38.3332646385171,26.1650236863051,35.160588233872,37.2748015436212,38.5927105799682,2.82924083561679,40.2214801748983,41.1680933262362,43.327093741545,0.0738064149322148,83,"3_PB420_0.03125",NA,"n>75",NA,NA,NA,"3",764.404649350685,-7.00604052538642
"20250619-CbDRC4-p031-m2x_F08_roi_0.png",20250619,"CbDRC4","p031","m2x","F08",0,767.016883432688,37.275459888103,"","48h",10,"15hHB101","DMSO",1,"MILBEMYCIN",0.0625,NA,NA,"PB420",3,NA,NA,NA,756.087694503126,693.765068323201,725.611030114598,742.728785614261,756.396101334216,24.4261365856326,769.111407773516,786.764410971999,808.989563654272,0.0323059570512975,37.7991966284474,34.5431244393992,35.6455060113386,36.9271734836008,37.8574781019402,1.44885840110624,38.8052810662237,39.733871284636,40.4887561430091,0.038330401975153,85,"3_PB420_0.0625",NA,"n>75",NA,NA,NA,"3",764.404649350685,-8.00854801646926
"20250619-CbDRC4-p031-m2x_F09_roi_0.png",20250619,"CbDRC4","p031","m2x","F09",0,786.745735260153,36.6153023007691,"","48h",10,"15hHB101","DMSO",1,"MILBEMYCIN",0.125,NA,NA,"PB420",3,NA,NA,NA,771.194117523085,652.943876857227,734.909875455365,757.450297177268,775.674080498575,31.6066392898763,791.911235231153,807.012546677194,830.866494236843,0.04098402538571,37.8846005227481,29.6422171209255,34.7586767944629,36.7046979736634,38.5059163997622,2.25254877770819,39.4695183517262,40.3430450007747,41.8480529036125,0.0594581636503103,87,"3_PB420_0.125",NA,"n>75",NA,NA,NA,"3",764.404649350685,11.26943114789
"20250619-CbDRC4-p031-m2x_F10_roi_0.png",20250619,"CbDRC4","p031","m2x","F10",0,739.46865271973,37.8919270259418,"","48h",10,"15hHB101","DMSO",1,"MILBEMYCIN",0.25,NA,NA,"PB420",3,NA,NA,NA,720.93825906694,537.476151796342,648.894657694915,702.069619117679,725.201985392688,56.3124692010575,759.01375754638,783.768390846284,826.342879903988,0.0781099747347836,34.6028540441282,23.9034154748001,30.4227361567906,32.5453308410577,34.9431096153712,3.29496521229089,37.1974213004241,38.5103298880282,40.0160360560737,0.0952223538581208,84,"3_PB420_0.25",NA,"n>75",NA,NA,NA,"3",764.404649350685,-39.2026639579974
"20250619-CbDRC4-p031-m2x_F11_roi_0.png",20250619,"CbDRC4","p031","m2x","F11",0,658.308366634697,29.720429599806,"","48h",10,"15hHB101","DMSO",1,"MILBEMYCIN",0.5,NA,NA,"PB420",3,NA,NA,NA,531.287268056845,223.687294942713,411.484871558431,469.16258105578,556.73713785586,90.4459269481121,589.51771216194,617.671297130622,696.688099714092,0.170239214048764,25.1451853966998,16.7905006262159,20.3633638096141,23.033093767489,25.3278307871761,3.52088097790955,27.8067789207483,29.6896946775053,31.4303037010587,0.14002207270946,74,"3_PB420_0.5",NA,NA,NA,NA,NA,"3",764.404649350685,-207.667511494825
"20250619-CbDRC4-p031-m2x_F12_roi_0.png",20250619,"CbDRC4","p031","m2x","F12",0,342.548318783682,19.478337851198,"","48h",10,"15hHB101","DMSO",1,"MILBEMYCIN",1,NA,NA,"PB420",3,NA,NA,NA,282.482416509405,212.679933521046,239.233376166681,245.33315512263,269.898308524947,44.5912636304053,309.408405862238,342.91689840973,398.374773529284,0.157855006274065,16.429461664422,12.486808507659,14.3294188282812,15.1404730938444,16.1082851581593,2.04901298398429,17.4068375372909,19.5889897139259,21.7015152102213,0.124715771328128,36,"3_PB420_1",NA,NA,NA,NA,NA,"3",764.404649350685,-494.506340825738
"20250619-CbDRC4-p032-m2x_A01_roi_0.png",20250619,"CbDRC4","p032","m2x","A01",0,858.94987122535,37.5141451834345,"","48h",10,"15hHB101","DMSO",1,"MILBEMYCIN",0,NA,NA,"ED3102",3,NA,NA,NA,828.179089866633,767.802234267661,796.369935502569,809.504909037429,826.651482689835,27.6856356910442,843.783986632878,869.443190269076,887.667653324434,0.0334295275379419,41.0598142674715,37.4924149434359,38.4364815668297,39.6989482125142,40.9261609427161,2.15846487749677,42.2490514202368,43.0704832753017,51.0020220784865,0.0525687930158699,61,"3_ED3102_0",NA,NA,NA,"outlier","outlier","3",858.463870400194,-31.8123877103588
"20250619-CbDRC4-p032-m2x_A02_roi_0.png",20250619,"CbDRC4","p032","m2x","A02",0,858.837940054693,39.2973344087701,"","48h",10,"15hHB101","DMSO",1,"MILBEMYCIN",0.00097,NA,NA,"ED3102",3,NA,NA,NA,820.71124468823,418.077794598974,785.115624743225,810.356740725801,834.945363246477,70.4058593943585,849.835494141542,858.577912873945,921.357731250658,0.0857863954588609,40.2713382340071,23.2180239579806,38.5100564839843,39.2557854617918,40.4818463759447,2.59497457547173,41.3271320411324,42.7105295533375,43.6216894901292,0.0644372570981613,65,"3_ED3102_0.00097",NA,NA,NA,NA,NA,"3",858.463870400194,-23.5185071537164
"20250619-CbDRC4-p032-m2x_A03_roi_0.png",20250619,"CbDRC4","p032","m2x","A03",0,900.643745632498,40.7398865415238,"","48h",10,"15hHB101","DMSO",1,"MILBEMYCIN",0.0019,NA,NA,"ED3102",3,NA,NA,NA,833.387831402682,744.93437888636,796.474766921619,812.07510070266,835.440957087351,30.5894189568329,854.246530341373,865.090048431878,909.811548470175,0.0367049023326241,40.1706022073847,36.8465585463687,38.427375953085,39.1865436786694,40.1587599545036,1.48055442468514,40.9794234868675,41.9230089512158,44.9606316946991,0.0368566649073775,99,"3_ED3102_0.0019",NA,"n>75",NA,NA,NA,"3",858.463870400194,-23.022913312843
"20250619-CbDRC4-p032-m2x_A04_roi_0.png",20250619,"CbDRC4","p032","m2x","A04",0,841.839149885057,40.2443367140398,"","48h",10,"15hHB101","DMSO",1,"MILBEMYCIN",0.0039,NA,NA,"ED3102",3,NA,NA,NA,817.694731415915,669.997171507228,774.940534580701,799.682752523245,818.311764938347,39.2055671722888,836.849377742762,854.778103817402,1057.4000016814,0.0479464593154473,39.4402019620246,32.6947451121794,37.4321132501269,38.3062081045658,39.3900114063065,1.91631554139244,40.5663581454016,41.7927730956425,45.0439834608237,0.0485878734403436,171,"3_ED3102_0.0039",NA,"n>75",NA,NA,NA,"3",858.463870400194,-40.1521054618465
"20250619-CbDRC4-p032-m2x_A05_roi_0.png",20250619,"CbDRC4","p032","m2x","A05",0,860.035708047245,39.5184534463727,"","48h",10,"15hHB101","DMSO",1,"MILBEMYCIN",0.0078,NA,NA,"ED3102",3,NA,NA,NA,821.670327067632,745.581757323184,787.322604703147,805.500264229652,820.840795728056,30.1079125859693,840.477853190682,859.967386652373,904.22252218553,0.0366423267266059,39.752347876227,35.0674947699658,37.7271554226401,38.650679065552,39.7742023716029,1.63517301512295,40.871242925062,41.6775635958914,44.6710482706537,0.0411339984298343,143,"3_ED3102_0.0078",NA,"n>75",NA,NA,NA,"3",858.463870400194,-37.6230746721376
"20250619-CbDRC4-p032-m2x_A06_roi_0.png",20250619,"CbDRC4","p032","m2x","A06",0,811.116764754207,39.9104670616459,"","48h",10,"15hHB101","DMSO",1,"MILBEMYCIN",0.0156,NA,NA,"ED3102",3,NA,NA,NA,819.341606456418,470.413532284374,779.821150249792,810.622689285853,826.587874613824,56.6072212381358,844.502546332111,866.948541512493,924.634346704686,0.0690886692340172,39.5104048265514,23.8005177411177,37.3390418452518,38.78365474444,39.7906974555624,2.30300549405964,40.6688473102031,41.7084339333437,43.3755320656967,0.0582885825688122,140,"3_ED3102_0.0156",NA,"n>75",NA,NA,NA,"3",858.463870400194,-31.8759957863695
"20250619-CbDRC4-p032-m2x_A07_roi_0.png",20250619,"CbDRC4","p032","m2x","A07",0,850.05391114634,37.2189813817282,"","48h",10,"15hHB101","DMSO",1,"MILBEMYCIN",0.03125,NA,NA,"ED3102",3,NA,NA,NA,823.245936789535,739.754252180588,777.033312676168,804.018590800294,824.803017054283,34.7235330156165,845.363430662726,866.05179443156,919.198508623357,0.0421788088636429,39.2007736842649,34.8865451990408,36.9574079579214,37.865180706308,39.0671654193459,1.85229854353869,40.508539942026,41.7037121203446,44.5602628945321,0.0472515812687186,130,"3_ED3102_0.03125",NA,"n>75",NA,NA,NA,"3",858.463870400194,-33.6608533459112
"20250619-CbDRC4-p032-m2x_A08_roi_0.png",20250619,"CbDRC4","p032","m2x","A08",0,836.33369742615,39.098328189737,"","48h",10,"15hHB101","DMSO",1,"MILBEMYCIN",0.0625,NA,NA,"ED3102",3,NA,NA,NA,828.14010376214,479.156198614518,794.990180461259,814.405128720879,836.33369742615,60.450087755657,855.881717217868,871.578429265856,933.737321232739,0.0729950010644812,39.8077529691267,25.0613411112156,37.8926216977852,38.9239326356588,39.8690340200616,2.46756142016334,41.0854895663059,42.3997928060765,44.3644093977442,0.0619869557087807,101,"3_ED3102_0.0625",NA,"n>75",NA,NA,NA,"3",858.463870400194,-22.1301729740438
"20250619-CbDRC4-p032-m2x_A09_roi_0.png",20250619,"CbDRC4","p032","m2x","A09",0,825.271930540616,37.8134087792563,"","48h",10,"15hHB101","DMSO",1,"MILBEMYCIN",0.125,NA,NA,"ED3102",3,NA,NA,NA,823.55790121823,208.79537131159,777.373717148927,815.231762001367,829.893412811916,83.7157236977228,851.469732498454,890.277522041593,938.061174094809,0.101651290788283,38.936217946253,13.4668477239711,37.0828280144618,38.0735343613783,39.2905471507031,3.69083707255204,40.5390275349087,41.9423401644506,44.0847930161542,0.0947918741786073,80,"3_ED3102_0.125",NA,"n>75",NA,NA,NA,"3",858.463870400194,-28.570457588278
"20250619-CbDRC4-p032-m2x_A10_roi_0.png",20250619,"CbDRC4","p032","m2x","A10",0,850.382166414369,39.6539662510483,"","48h",10,"15hHB101","DMSO",1,"MILBEMYCIN",0.25,NA,NA,"ED3102",3,NA,NA,NA,744.872316345555,451.761078485581,654.522598151272,714.569523356491,748.395357110783,74.6808194495239,802.603480836672,818.016932343247,863.018496134106,0.100259893958629,35.4059702353257,21.3923737357734,30.2542758636798,33.6022552500433,35.6544381234638,3.68403791559645,37.7962740530584,39.6661003579515,43.8481532269813,0.104051319342769,81,"3_ED3102_0.25",NA,"n>75",NA,NA,NA,"3",858.463870400194,-110.068513289411
"20250619-CbDRC4-p032-m2x_A11_roi_0.png",20250619,"CbDRC4","p032","m2x","A11",0,567.973546451054,24.2897103069969,"","48h",10,"15hHB101","DMSO",1,"MILBEMYCIN",0.5,NA,NA,"ED3102",3,NA,NA,NA,445.954745926187,278.005636389703,323.094332648525,378.172035208238,443.53465919455,95.875750639557,511.861384141951,567.568190713871,646.524560941917,0.21498986503762,21.2957964079308,16.5820065084251,17.2352877686347,18.3953323193128,21.0866020037642,3.31763818828688,23.6237995998754,25.8974158617787,29.0348982806459,0.155788406535073,63,"3_ED3102_0.5",NA,NA,NA,NA,NA,"3",858.463870400194,-414.929211205643
"20250619-CbDRC4-p032-m2x_A12_roi_0.png",20250619,"CbDRC4","p032","m2x","A12",0,264.47416850823,15.2200526818909,"","48h",10,"15hHB101","DMSO",1,"MILBEMYCIN",1,NA,NA,"ED3102",3,NA,NA,NA,260.823261249326,148.711271487609,216.247554913368,240.96970062413,262.007644891129,44.8596527950198,272.698886489379,309.993918904944,416.540875091686,0.171992530804749,16.2036754676204,12.1127202816905,14.3088922386072,14.7405805124744,15.9729603079341,1.77700247748172,17.327441864297,18.6921166113258,19.9538918050283,0.109666629712048,49,"3_ED3102_1",NA,NA,NA,NA,NA,"3",858.463870400194,-596.456225509065
"20250619-CbDRC4-p032-m2x_B01_roi_0.png",20250619,"CbDRC4","p032","m2x","B01",0,810.464193536193,39.9496057702879,"","48h",10,"15hHB101","DMSO",1,"MILBEMYCIN",0,NA,NA,"NIC1667",3,NA,NA,NA,768.622269588976,655.269844769335,717.650171283152,744.373178423151,776.328803829583,39.5214250181745,801.05800111419,812.573711801265,836.83214409957,0.0514185271255656,37.9399484704174,30.7195242596974,33.223888550922,35.971233066893,38.7033306771551,3.18477490829532,39.9496057702879,41.3076119325132,44.9822116649266,0.0839425206594195,61,"3_NIC1667_0",NA,NA,NA,NA,NA,"3",776.621116305835,-0.29231247625205
"20250619-CbDRC4-p032-m2x_B02_roi_0.png",20250619,"CbDRC4","p032","m2x","B02",0,786.378987737779,36.1670820820925,"","48h",10,"15hHB101","DMSO",1,"MILBEMYCIN",0.00097,NA,NA,"NIC1667",3,NA,NA,NA,758.70903537843,603.445627791491,704.944645630453,730.692784865563,763.022463781323,51.6098341882946,786.378987737779,820.506118877118,877.560286317925,0.0680232233725179,37.0244807734142,28.9235500049453,33.8552863644131,35.1831105443498,37.5678474363492,2.85940781931341,39.1590901855208,39.8650064352606,43.9617171540035,0.0772301936335764,73,"3_NIC1667_0.00097",NA,NA,NA,NA,NA,"3",776.621116305835,-13.5986525245124
"20250619-CbDRC4-p032-m2x_B03_roi_0.png",20250619,"CbDRC4","p032","m2x","B03",0,759.218651825533,35.7579720344133,"","48h",10,"15hHB101","DMSO",1,"MILBEMYCIN",0.0019,NA,NA,"NIC1667",3,NA,NA,NA,761.380494027304,650.257839037605,694.524783105871,737.090660536696,771.497519542943,45.9189874470966,791.88696282589,812.876101288849,851.806219592483,0.0603101705485114,36.709662396293,30.813958320557,32.3391666664573,35.2562068960978,37.1156934840891,2.83528563206851,38.7455777678509,39.9841726729678,41.4737579349732,0.0772354047133602,62,"3_NIC1667_0.0019",NA,NA,NA,NA,NA,"3",776.621116305835,-5.12359676289248
"20250619-CbDRC4-p032-m2x_B04_roi_0.png",20250619,"CbDRC4","p032","m2x","B04",0,825.950777347667,39.2694551467198,"","48h",10,"15hHB101","DMSO",1,"MILBEMYCIN",0.0039,NA,NA,"NIC1667",3,NA,NA,NA,755.453032426474,369.616973227916,697.134269067801,730.858166492068,758.641811554685,62.3182357260672,789.597999593753,818.586079965123,877.51363441461,0.0824912113012564,36.8909958234548,23.9367218490308,32.6206123274193,34.8891074091146,36.8026759053402,3.63220791097007,39.1056057316053,40.8281578178465,45.713717253212,0.0984578439777643,109,"3_NIC1667_0.0039",NA,"n>75",NA,NA,NA,"3",776.621116305835,-17.9793047511505
"20250619-CbDRC4-p032-m2x_B05_roi_0.png",20250619,"CbDRC4","p032","m2x","B05",0,822.588206874755,37.4172881696276,"","48h",10,"15hHB101","DMSO",1,"MILBEMYCIN",0.0078,NA,NA,"NIC1667",3,NA,NA,NA,761.598684820862,644.488094440994,710.666913102583,736.235383258766,762.526114230104,43.2731186157124,791.440691899271,816.853186805203,860.749740627052,0.0568187937796804,37.9081881836754,31.7719005570422,34.7034567844494,36.3208630344025,37.7964918606514,2.61566422689668,39.5455327672283,40.4810254225068,47.327954703792,0.0689999800102046,90,"3_NIC1667_0.0078",NA,"n>75",NA,NA,NA,"3",776.621116305835,-14.0950020757318
"20250619-CbDRC4-p032-m2x_B06_roi_0.png",20250619,"CbDRC4","p032","m2x","B06",0,759.259302065898,34.4293389567056,"","48h",10,"15hHB101","DMSO",1,"MILBEMYCIN",0.0156,NA,NA,"NIC1667",3,NA,NA,NA,753.740000719995,596.159352565375,697.839030347101,732.417888235003,762.066848566903,50.1570470314773,786.809771021824,804.085224615845,823.919645242049,0.066544228757351,37.151728207641,28.767643882212,32.0979636346296,35.3207465248329,37.4485450793935,3.22988938105137,39.6496478028644,41.1385383665225,42.7112894917199,0.086937796352286,92,"3_NIC1667_0.0156",NA,"n>75",NA,NA,NA,"3",776.621116305835,-14.5542677389326
"20250619-CbDRC4-p032-m2x_B07_roi_0.png",20250619,"CbDRC4","p032","m2x","B07",0,691.786392581066,29.7552322558514,"","48h",10,"15hHB101","DMSO",1,"MILBEMYCIN",0.03125,NA,NA,"NIC1667",3,NA,NA,NA,757.831950612544,586.044398246198,714.252316316169,738.080598639346,763.159335482249,43.5781080681762,786.234191081042,803.94839774349,843.123969346402,0.057503656362011,37.1165312411459,28.9389205895481,33.6254464047323,35.8184385945453,37.3505229478517,2.69063199591834,38.8203640962634,40.1640907966348,42.6588816878278,0.0724914722886499,95,"3_NIC1667_0.03125",NA,"n>75",NA,NA,NA,"3",776.621116305835,-13.4617808235862
"20250619-CbDRC4-p032-m2x_B08_roi_0.png",20250619,"CbDRC4","p032","m2x","B08",0,770.366503093168,35.460477939388,"","48h",10,"15hHB101","DMSO",1,"MILBEMYCIN",0.0625,NA,NA,"NIC1667",3,NA,NA,NA,748.451641925474,632.039360369699,686.708702798162,722.696360529737,748.520099951671,45.918042811635,776.516140680521,810.776677109402,835.604917363731,0.0613507142472234,37.0883216812495,28.4344575813291,32.4097935275771,34.7192840393893,37.0030528192484,3.62748743000665,39.7074526285223,41.4553205948675,45.1966785129131,0.0978067290610395,101,"3_NIC1667_0.0625",NA,"n>75",NA,NA,NA,"3",776.621116305835,-28.1010163541639
"20250619-CbDRC4-p032-m2x_B09_roi_0.png",20250619,"CbDRC4","p032","m2x","B09",0,764.712959372889,37.4934812369989,"","48h",10,"15hHB101","DMSO",1,"MILBEMYCIN",0.125,NA,NA,"NIC1667",3,NA,NA,NA,753.335963031419,190.911934741819,699.229788716292,729.975999598081,762.755387281674,75.4237739067542,789.607890474632,814.02628807771,871.635084011907,0.100119704365698,36.6622161411761,12.979691628979,33.593494553391,35.1252494543882,37.4694560600682,3.58425006164485,38.615426351995,40.0737768602834,44.1081672308322,0.0977641408212448,102,"3_NIC1667_0.125",NA,"n>75",NA,NA,NA,"3",776.621116305835,-13.8657290241617
"20250619-CbDRC4-p032-m2x_B10_roi_0.png",20250619,"CbDRC4","p032","m2x","B10",0,788.859459271138,38.4410450623768,"","48h",10,"15hHB101","DMSO",1,"MILBEMYCIN",0.25,NA,NA,"NIC1667",3,NA,NA,NA,766.450355582059,669.178608757746,716.832994954705,739.096734812108,767.520288708407,40.6030428572681,795.416949908314,817.126445846605,848.550501968437,0.0529754374325174,37.2361566967962,27.5074111255633,33.5555006910287,35.8687808983699,37.794021079688,2.66946982912402,39.0880587854986,40.1838213576036,42.20294352723,0.0716902619908058,69,"3_NIC1667_0.25",NA,NA,NA,NA,NA,"3",776.621116305835,-9.10082759742841
"20250619-CbDRC4-p032-m2x_B11_roi_0.png",20250619,"CbDRC4","p032","m2x","B11",0,777.20379642941,37.2673509536934,"","48h",10,"15hHB101","DMSO",1,"MILBEMYCIN",0.5,NA,NA,"NIC1667",3,NA,NA,NA,666.554513388158,438.589513890877,581.887535608692,621.94697957816,669.81823255202,73.3645750572351,727.947835948829,744.811848867006,783.036463919994,0.110065378875489,31.4942238949359,20.4677295049162,26.7025376091333,28.6471495603704,31.547352210886,4.35606813181,34.8358453708483,37.1047395434726,41.6107235603149,0.138313239479777,75,"3_NIC1667_0.5",NA,NA,NA,NA,NA,"3",776.621116305835,-106.802883753816
"20250619-CbDRC4-p032-m2x_B12_roi_0.png",20250619,"CbDRC4","p032","m2x","B12",0,528.777107554543,24.4994168556845,"","48h",10,"15hHB101","DMSO",1,"MILBEMYCIN",1,NA,NA,"NIC1667",3,NA,NA,NA,401.573005025474,292.531052712615,342.612902437001,361.766335605829,391.879731936953,62.9627507859343,420.564801853974,468.973716802774,619.037016264616,0.156790297151424,19.4645324476489,16.1563426978228,17.5190835171098,18.0464562802684,18.830425341318,2.32673039107392,20.104165343752,22.0058381263943,28.6538434057088,0.119536926835094,36,"3_NIC1667_1",NA,NA,NA,NA,NA,"3",776.621116305835,-384.741384368882
"20250619-CbDRC4-p032-m2x_C01_roi_0.png",20250619,"CbDRC4","p032","m2x","C01",0,815.041997681397,36.4802112387983,"","48h",10,"15hHB101","DMSO",1,"MILBEMYCIN",0,NA,NA,"ECA2666",3,NA,NA,NA,750.102466187213,620.301036684857,691.126824721687,729.422198240586,751.520072055933,46.7576688677405,776.527545165374,812.332688543544,838.061182672472,0.062335042178185,34.7675056141167,28.2736864314998,30.4900209299975,33.2065354775585,34.5108270237917,3.32224458623718,36.4802112387983,38.9164000662597,43.5096740007501,0.0955560235787591,45,"3_ECA2666_0",NA,NA,NA,NA,NA,"3",778.447145543842,-26.9270734879087
"20250619-CbDRC4-p032-m2x_C02_roi_0.png",20250619,"CbDRC4","p032","m2x","C02",0,834.031965996792,35.8295298184127,"","48h",10,"15hHB101","DMSO",1,"MILBEMYCIN",0.00097,NA,NA,"ECA2666",3,NA,NA,NA,747.899317575105,578.954105689477,684.925064879961,728.552367344059,749.994320958175,51.0338069626165,774.071388810599,810.686518361743,839.274074219269,0.068236199396574,34.6672907239822,25.4702471518194,31.1692102597098,33.1879020664658,34.7427410712796,3.04713494221613,36.4734144442337,37.7517371226283,44.5568048844751,0.0878965410500964,64,"3_ECA2666_0.00097",NA,NA,NA,NA,NA,"3",778.447145543842,-28.4528245856674
"20250619-CbDRC4-p032-m2x_C03_roi_0.png",20250619,"CbDRC4","p032","m2x","C03",0,800.024503761379,34.568080551746,"","48h",10,"15hHB101","DMSO",1,"MILBEMYCIN",0.0019,NA,NA,"ECA2666",3,NA,NA,NA,758.364084508633,592.2850958689,711.126466998825,738.307201580712,762.430522966556,42.7730827766122,780.762795154986,806.900795591398,858.599524408287,0.0564017780514042,35.1129059717036,28.6276978611528,33.1086923438466,33.916309233673,35.0772722786756,2.1781104750442,36.8500200075798,37.9035844393567,38.7836754791628,0.0620316209885753,44,"3_ECA2666_0.0019",NA,NA,NA,NA,NA,"3",778.447145543842,-16.0166225772861
"20250619-CbDRC4-p032-m2x_C04_roi_0.png",20250619,"CbDRC4","p032","m2x","C04",0,833.788192237766,34.6296431020216,"","48h",10,"15hHB101","DMSO",1,"MILBEMYCIN",0.0039,NA,NA,"ECA2666",3,NA,NA,NA,768.705359067941,633.395549080221,717.118302829493,747.150060714568,772.561104937949,39.9809537874852,791.114381741278,821.011723552052,836.453062248558,0.052010765003593,34.8460029921335,26.7228406702674,31.2897988510362,33.0488683737604,34.6296431020216,2.8472093741058,36.7875730528763,38.3177715410339,40.4328425295904,0.0817083490106041,45,"3_ECA2666_0.0039",NA,NA,NA,NA,NA,"3",778.447145543842,-5.88604060589284
"20250619-CbDRC4-p032-m2x_C05_roi_0.png",20250619,"CbDRC4","p032","m2x","C05",0,814.88643515711,34.2203132919878,"","48h",10,"15hHB101","DMSO",1,"MILBEMYCIN",0.0078,NA,NA,"ECA2666",3,NA,NA,NA,734.594037747286,424.91638026047,682.988838541448,711.841928064065,750.271807047937,72.9219723491867,770.19196735535,808.158658778501,829.433886106866,0.0992683966954184,33.6655664113728,23.1715018513011,29.4847140610561,32.2504033310644,33.9558904583405,3.37182673329445,35.6748423058291,37.8315254981536,40.5926827121345,0.100156542506749,57,"3_ECA2666_0.0078",NA,NA,NA,NA,NA,"3",778.447145543842,-28.1753384959051
"20250619-CbDRC4-p032-m2x_C06_roi_0.png",20250619,"CbDRC4","p032","m2x","C06",0,808.581535616171,37.2225779271601,"","48h",10,"15hHB101","DMSO",1,"MILBEMYCIN",0.0156,NA,NA,"ECA2666",3,NA,NA,NA,756.558174926145,626.632703007171,699.859596089765,736.304361767242,761.361279808148,41.8450888090484,783.176860098356,807.64725343546,854.164972988578,0.0553098098677386,34.8495209004462,28.0210338962197,32.4022456937027,33.1860208602162,34.9591816327787,2.31493692160918,36.4308930940054,37.6099806016725,39.5045750947736,0.0664266498303435,55,"3_ECA2666_0.0156",NA,NA,NA,NA,NA,"3",778.447145543842,-17.0858657356939
"20250619-CbDRC4-p032-m2x_C07_roi_0.png",20250619,"CbDRC4","p032","m2x","C07",0,826.466902239423,34.4289631709563,"","48h",10,"15hHB101","DMSO",1,"MILBEMYCIN",0.03125,NA,NA,"ECA2666",3,NA,NA,NA,762.723404082922,712.809788463718,724.612564521445,733.03356157786,753.780378515969,33.5459082873733,791.363391455814,806.52320831955,826.466902239423,0.0439817476529489,34.7489130967317,30.2636021574556,31.8151434881263,33.0722567498084,34.6271502007214,2.34142930894452,36.2385049542174,37.7464712777354,40.0043157830444,0.0673813682294638,32,"3_ECA2666_0.03125",NA,NA,NA,NA,NA,"3",778.447145543842,-24.6667670278728
"20250619-CbDRC4-p032-m2x_C08_roi_0.png",20250619,"CbDRC4","p032","m2x","C08",0,767.413495778518,33.8152280383735,"","48h",10,"15hHB101","DMSO",1,"MILBEMYCIN",0.0625,NA,NA,"ECA2666",3,NA,NA,NA,761.158491005576,624.191546782626,704.699615734561,740.756044918708,766.246180303179,44.6853858018098,792.459678133764,806.234047227758,849.580102118013,0.0587070712996651,34.276346222047,29.5590801644969,30.7280188931324,33.0817128328273,34.4669845754853,2.22150675574066,36.1374962251793,36.804653563462,38.4053256892683,0.0648116558675601,32,"3_ECA2666_0.0625",NA,NA,NA,NA,NA,"3",778.447145543842,-12.2009652406633
"20250619-CbDRC4-p032-m2x_C09_roi_0.png",20250619,"CbDRC4","p032","m2x","C09",0,757.084424458763,34.1013926923329,"","48h",10,"15hHB101","DMSO",1,"MILBEMYCIN",0.125,NA,NA,"ECA2666",3,NA,NA,NA,730.629189370072,453.218941834077,677.198492939666,699.926665868799,742.95439522091,87.6374188840869,769.705042244356,799.417911102814,896.23468316334,0.119947875282187,31.8769786044198,22.4724283070115,29.1469588170059,29.5998126688964,31.4810016413056,3.37855392232467,34.5111633527,35.1634213638469,37.5058168018957,0.10598726950415,20,"3_ECA2666_0.125",NA,NA,NA,NA,NA,"3",778.447145543842,-35.4927503229326
"20250619-CbDRC4-p032-m2x_C10_roi_0.png",20250619,"CbDRC4","p032","m2x","C10",0,678.845417800733,31.9642860344621,"","48h",10,"15hHB101","DMSO",1,"MILBEMYCIN",0.25,NA,NA,"ECA2666",3,NA,NA,NA,569.488925337278,177.187498908903,403.264657127272,552.787897164957,589.281671362782,128.955351752852,664.834011420282,696.179794014452,702.003535662477,0.226440490790016,25.474141233273,13.3701939245658,19.8300429215821,23.4650151447699,25.969487266194,4.65500212528504,28.5928581690033,30.8988827331509,31.9642860344621,0.182734408302837,21,"3_ECA2666_0.25",NA,NA,NA,NA,NA,"3",778.447145543842,-189.16547418106
"20250619-CbDRC4-p032-m2x_C11_roi_0.png",20250619,"CbDRC4","p032","m2x","C11",0,477.749152910238,20.5432030089461,"","48h",10,"15hHB101","DMSO",1,"MILBEMYCIN",0.5,NA,NA,"ECA2666",3,NA,NA,NA,400.586683722067,294.796302995366,328.412297481823,366.614057491222,399.944124211998,63.3835270996053,421.99768382932,480.08138830975,558.514650970752,0.158226745109635,19.4968226010005,16.3696917661622,16.6876658572511,17.6133839026067,18.9505410589758,3.56371544326613,20.214141962603,20.905814983339,32.5820825322602,0.182784421656647,19,"3_ECA2666_0.5",NA,NA,NA,NA,NA,"3",778.447145543842,-378.503021331844
"20250619-CbDRC4-p032-m2x_C12_roi_0.png",20250619,"CbDRC4","p032","m2x","C12",0,272.175660930123,14.2666787880416,"","48h",10,"15hHB101","DMSO",1,"MILBEMYCIN",1,NA,NA,"ECA2666",3,NA,NA,NA,264.250935746648,179.687428868014,213.922024230231,247.58674137375,270.179990056388,39.5111866891138,287.211515072562,306.760326752972,325.999761830673,0.149521463670408,16.2392521947317,13.9435359612157,14.2467361965268,14.46918877973,15.4687013750803,2.39444143581354,17.1335959899868,19.2287430530876,22.4030386890578,0.147447764656943,17,"3_ECA2666_1",NA,NA,NA,NA,NA,"3",778.447145543842,-508.267155487454
"20250619-CbDRC4-p032-m2x_D01_roi_0.png",20250619,"CbDRC4","p032","m2x","D01",0,800.05618622801,36.9272050365728,"","48h",10,"15hHB101","DMSO",1,"MILBEMYCIN",0,NA,NA,"VX34",3,NA,NA,NA,825.983680136772,462.959492362433,781.81559505939,816.529298312864,842.636119590903,81.9851062184459,857.380634650055,874.805784039083,933.12527201939,0.0992575376366641,38.0767441466267,23.5403257271416,36.2801867232937,37.8085046623896,38.2222445236186,3.51273662717145,39.9842357434616,40.9255255147781,41.7533073713113,0.0922541227171246,27,"3_VX34_0",NA,NA,NA,NA,NA,"3",808.628894132328,34.0072254585752
"20250619-CbDRC4-p032-m2x_D02_roi_0.png",20250619,"CbDRC4","p032","m2x","D02",0,850.853851869028,40.0940445916862,"","48h",10,"15hHB101","DMSO",1,"MILBEMYCIN",0.00097,NA,NA,"VX34",3,NA,NA,NA,836.883345780991,785.275721319706,794.248643906672,812.331205363382,840.995194232065,33.0294240170185,855.894173288769,876.197628654067,902.888765672482,0.0394671780523903,38.806715362478,35.0558481416004,37.0910086334042,37.9043457326761,39.1611750975578,1.67829741233214,39.8399298952503,40.9136876936752,41.3947484759109,0.0432476028093548,22,"3_VX34_0.00097",NA,NA,NA,NA,NA,"3",808.628894132328,32.3663000997371
"20250619-CbDRC4-p032-m2x_D03_roi_0.png",20250619,"CbDRC4","p032","m2x","D03",0,871.122653113588,38.4893771719114,"","48h",10,"15hHB101","DMSO",1,"MILBEMYCIN",0.0019,NA,NA,"VX34",3,NA,NA,NA,840.574855816208,667.276180974482,810.162531130405,826.605666333781,834.090397376533,44.4110759283699,861.105100165217,882.188226521074,950.051267537762,0.0528341713067853,38.6819688816101,34.3808161531016,36.1184381413186,37.7168987677626,38.9552725396122,1.79374436435413,39.9097239222503,40.3909528033387,42.2386549973769,0.0463715890430516,36,"3_VX34_0.0019",NA,NA,NA,NA,NA,"3",808.628894132328,25.4615032442048
"20250619-CbDRC4-p032-m2x_D04_roi_0.png",20250619,"CbDRC4","p032","m2x","D04",0,828.16520396729,37.8822498133098,"","48h",10,"15hHB101","DMSO",1,"MILBEMYCIN",0.0039,NA,NA,"VX34",3,NA,NA,NA,843.943218764745,586.577386433212,797.334640102507,825.818915543029,845.665566045467,53.9419391841334,872.574528471065,898.957685200948,944.418934215033,0.0639165502900617,38.0280222432693,28.0169784895872,35.412956818691,37.1786955056769,38.2503627947459,2.37299795851677,39.2854155454549,40.5602830689704,42.7666129463897,0.0624012982672737,48,"3_VX34_0.0039",NA,NA,NA,NA,NA,"3",808.628894132328,37.0366719131396
"20250619-CbDRC4-p032-m2x_D05_roi_0.png",20250619,"CbDRC4","p032","m2x","D05",0,816.283619028261,38.9627003396304,"","48h",10,"15hHB101","DMSO",1,"MILBEMYCIN",0.0078,NA,NA,"VX34",3,NA,NA,NA,826.028484328477,529.200718098845,781.668736580266,811.496124259604,834.182413274527,70.3715916934811,860.006644919818,892.214109631856,939.829428581731,0.0851926937491629,38.1567330556701,31.912373643117,35.48782378285,37.0012515051856,38.3202620444937,2.23226150060037,39.94595276746,40.5586241752451,42.6093393577991,0.058502427273937,43,"3_VX34_0.0078",NA,NA,NA,NA,NA,"3",808.628894132328,25.5535191421989
"20250619-CbDRC4-p032-m2x_D06_roi_0.png",20250619,"CbDRC4","p032","m2x","D06",0,830.073909188163,38.4039790457376,"","48h",10,"15hHB101","DMSO",1,"MILBEMYCIN",0.0156,NA,NA,"VX34",3,NA,NA,NA,844.679183887083,753.67457032585,792.236536234017,824.409038185044,843.345507146359,37.9309807284378,867.512956617702,889.279055590695,926.949204572236,0.0449057837010797,39.0158802474492,35.1881351934489,36.5484180005264,38.0256904560343,38.9950897741649,1.70983688122148,40.5054113498186,40.9513355630844,42.3836875197395,0.0438241267498577,50,"3_VX34_0.0156",NA,NA,NA,NA,NA,"3",808.628894132328,34.7166130140316
"20250619-CbDRC4-p032-m2x_D07_roi_0.png",20250619,"CbDRC4","p032","m2x","D07",0,839.548033857615,39.7043312707306,"","48h",10,"15hHB101","DMSO",1,"MILBEMYCIN",0.03125,NA,NA,"VX34",3,NA,NA,NA,833.471004629251,751.535902507902,785.404704612282,814.396702707078,831.40210741588,38.0227318349794,853.613551756912,883.928524666665,912.687348387927,0.0456197415672461,38.8583899362979,30.6087305669715,36.6472639566664,37.9256095509657,39.050767648024,1.97260129914515,40.1316329155686,40.7172778137847,43.3729222148525,0.050763845398096,48,"3_VX34_0.03125",NA,NA,NA,NA,NA,"3",808.628894132328,22.773213283552
"20250619-CbDRC4-p032-m2x_D09_roi_0.png",20250619,"CbDRC4","p032","m2x","D09",0,846.814958352121,38.3954771889972,"","48h",10,"15hHB101","DMSO",1,"MILBEMYCIN",0.125,NA,NA,"VX34",3,NA,NA,NA,831.414752718328,304.790486088861,789.011095215508,816.665317310188,838.959918068573,94.6132718420307,866.379947237969,897.030296427606,964.900282699578,0.113797922796884,38.477756841121,15.6175542079515,37.1796971881628,37.9677631376775,38.9392824194856,3.90366230902606,39.8390343343299,40.525514101563,42.7262068804909,0.101452439786049,42,"3_VX34_0.125",NA,NA,NA,NA,NA,"3",808.628894132328,30.3310239362453
"20250619-CbDRC4-p032-m2x_D10_roi_0.png",20250619,"CbDRC4","p032","m2x","D10",0,843.585942099426,37.0281072886279,"","48h",10,"15hHB101","DMSO",1,"MILBEMYCIN",0.25,NA,NA,"VX34",3,NA,NA,NA,814.090679558433,656.81733678061,779.813886611878,805.345626856186,818.831754331322,36.7679088904659,831.766115043447,850.806410922582,865.907151100514,0.0451643899306266,37.9344127366689,30.9694189459933,35.6439444583116,37.0281072886279,38.2364250277769,2.01506537700992,39.3201135608228,39.6712854121297,41.7846771794045,0.0531197198437732,37,"3_VX34_0.25",NA,NA,NA,NA,NA,"3",808.628894132328,10.2028601989941
"20250619-CbDRC4-p032-m2x_D11_roi_0.png",20250619,"CbDRC4","p032","m2x","D11",0,738.076848149671,34.1874250352579,"","48h",10,"15hHB101","DMSO",1,"MILBEMYCIN",0.5,NA,NA,"VX34",3,NA,NA,NA,681.753133653071,542.880011253369,601.048261539069,639.282252601885,698.751031520392,62.7410606333333,728.84079297717,736.898111576258,801.496191858992,0.0920290021948925,30.7065497166633,22.6459134515604,25.0438480101324,28.0594418118283,31.7674776525902,3.76919240392132,33.9547804469319,34.8960424620646,35.5705185859798,0.12274880892515,26,"3_VX34_0.5",NA,NA,NA,NA,NA,"3",808.628894132328,-109.877862611936
"20250619-CbDRC4-p032-m2x_D12_roi_0.png",20250619,"CbDRC4","p032","m2x","D12",0,349.489648636582,17.1901202987647,"","48h",10,"15hHB101","DMSO",1,"MILBEMYCIN",1,NA,NA,"VX34",3,NA,NA,NA,374.323423163829,308.145828484274,327.443017805747,343.637961972366,368.32694770491,44.6438852734791,400.028269762197,435.200802745375,462.190426808627,0.119265540200887,18.5539986674489,15.9683188828533,16.4543845703982,17.2198292940412,18.7348518941127,1.62922499755435,19.6511644141168,20.2431152434883,21.4312801398464,0.0878099123943922,14,"3_VX34_1",NA,NA,NA,NA,NA,"3",808.628894132328,-440.301946427418
"20250619-CbDRC4-p032-m2x_E01_roi_0.png",20250619,"CbDRC4","p032","m2x","E01",0,800.562427073766,39.7357639387281,"","48h",10,"15hHB101","DMSO",1,"MILBEMYCIN",0,NA,NA,"JU3237",3,NA,NA,NA,754.986022425794,624.411654166407,724.284954618974,736.958603400108,754.553432663785,35.1494108764524,778.828774166182,793.354181755944,823.699009273637,0.0465563730087562,38.7203489698944,30.0697702817849,35.570803812051,36.8969640997686,39.2419568546549,2.57522283711829,40.3760007053195,41.8105534253816,43.4780942125114,0.0665082548486472,76,"3_JU3237_0",NA,"n>75",NA,NA,NA,"3",765.709066236116,-11.1556335723312
"20250619-CbDRC4-p032-m2x_E03_roi_0.png",20250619,"CbDRC4","p032","m2x","E03",0,759.270430391977,40.2024810509644,"","48h",10,"15hHB101","DMSO",1,"MILBEMYCIN",0.0019,NA,NA,"JU3237",3,NA,NA,NA,747.535729810542,669.265837506468,706.326954490689,724.502561216581,746.61951201455,32.5288771611412,770.28839056654,792.926430394019,815.17839282456,0.0435148125553617,39.1551857774608,30.9363973140573,35.828775745988,37.617136186939,39.5043402567874,2.41935324367363,40.6150614443722,41.8272568053646,45.3108580769863,0.0617888332192847,67,"3_JU3237_0.0019",NA,NA,NA,NA,NA,"3",765.709066236116,-19.0895542215661
"20250619-CbDRC4-p032-m2x_E04_roi_0.png",20250619,"CbDRC4","p032","m2x","E04",0,761.874213229407,38.1038323956777,"","48h",10,"15hHB101","DMSO",1,"MILBEMYCIN",0.0039,NA,NA,"JU3237",3,NA,NA,NA,754.256921480973,644.898135574414,723.569183720655,743.590546880057,755.278993076948,34.1139519374398,770.808091808468,792.226681888616,821.22274439108,0.0452285566971763,38.6464638755217,31.1344034664387,34.4285032053589,37.3050604651492,38.860291259962,2.77265641649358,40.5412217057222,41.9966153578989,43.7537035181989,0.0717441167560417,36,"3_JU3237_0.0039",NA,NA,NA,NA,NA,"3",765.709066236116,-10.4300731591684
"20250619-CbDRC4-p032-m2x_E05_roi_0.png",20250619,"CbDRC4","p032","m2x","E05",0,747.018977630922,39.7677965912324,"","48h",10,"15hHB101","DMSO",1,"MILBEMYCIN",0.0078,NA,NA,"JU3237",3,NA,NA,NA,753.380994376596,549.821157071099,721.494093838537,736.662661031763,754.894909470902,39.4033184565452,772.455921541153,791.689941949014,825.984047164484,0.0523019810038485,38.7974816381512,30.2418645306915,34.8353999892736,37.1376695057649,39.5369471560803,2.9116338049677,40.6315056898072,41.686939083921,45.0026965954172,0.0750469793922029,57,"3_JU3237_0.0078",NA,NA,NA,NA,NA,"3",765.709066236116,-10.814156765214
"20250619-CbDRC4-p032-m2x_E06_roi_0.png",20250619,"CbDRC4","p032","m2x","E06",0,816.344191269975,38.5520629093852,"","48h",10,"15hHB101","DMSO",1,"MILBEMYCIN",0.0156,NA,NA,"JU3237",3,NA,NA,NA,744.848769918605,182.090605203868,705.169090186279,737.028051139823,751.56435950155,71.5566132062213,773.958704542775,795.357632345475,824.591475277756,0.0960686465442385,38.7169799978722,13.8795544753799,34.927863893404,37.3625330148771,39.4664373006619,3.81653224209665,40.6647319646507,41.8621049687454,44.2755811931767,0.0985751533902281,86,"3_JU3237_0.0156",NA,"n>75",NA,NA,NA,"3",765.709066236116,-14.1447067345663
"20250619-CbDRC4-p032-m2x_E07_roi_0.png",20250619,"CbDRC4","p032","m2x","E07",0,813.650360163791,39.3098100248098,"","48h",10,"15hHB101","DMSO",1,"MILBEMYCIN",0.03125,NA,NA,"JU3237",3,NA,NA,NA,752.820543755839,303.554655915847,721.694610174902,733.4294855914,758.128709199141,64.0151237469513,786.711056847038,806.675019899968,826.516040092348,0.0850337099298304,38.3833185823034,25.5867724914058,34.8649546067288,36.5219405416283,38.7561657044582,3.11933069459492,40.3970249929791,41.3653336887674,46.7859367075972,0.0812678739048137,79,"3_JU3237_0.03125",NA,"n>75",NA,NA,NA,"3",765.709066236116,-7.58035703697556
"20250619-CbDRC4-p032-m2x_E08_roi_0.png",20250619,"CbDRC4","p032","m2x","E08",0,801.872662152789,38.921857031621,"","48h",10,"15hHB101","DMSO",1,"MILBEMYCIN",0.0625,NA,NA,"JU3237",3,NA,NA,NA,757.046555310671,651.887915882809,713.771993011632,735.256553184861,754.946023270479,36.8132771000504,783.979654888229,804.740841213543,841.938124611745,0.0486274943618802,38.2147920165476,31.5478261933051,34.8227088947167,36.5436417796431,38.2949343355038,2.83821622523763,40.2410656572663,41.6046042695341,44.4161087144995,0.0742700947844655,67,"3_JU3237_0.0625",NA,NA,NA,NA,NA,"3",765.709066236116,-10.7630429656368
"20250619-CbDRC4-p032-m2x_E09_roi_0.png",20250619,"CbDRC4","p032","m2x","E09",0,752.717490507461,35.1770060289349,"","48h",10,"15hHB101","DMSO",1,"MILBEMYCIN",0.125,NA,NA,"JU3237",3,NA,NA,NA,743.107501434664,639.481791406462,690.347634677893,723.444146950371,746.480398340507,40.8191280319966,770.883161719963,788.852724140453,830.181005056276,0.0549303135188247,36.2174962125536,30.9722092859063,32.4217823780109,34.1945481761681,36.3151662465288,2.83754910394967,38.1188132102115,38.9174422843108,43.5655076520921,0.0783474674035065,48,"3_JU3237_0.125",NA,NA,NA,NA,NA,"3",765.709066236116,-19.2286678956095
"20250619-CbDRC4-p032-m2x_E10_roi_0.png",20250619,"CbDRC4","p032","m2x","E10",0,633.9949456178,30.0247606063595,"","48h",10,"15hHB101","DMSO",1,"MILBEMYCIN",0.25,NA,NA,"JU3237",3,NA,NA,NA,588.806548053482,377.089801314691,479.912899502193,546.103978314485,596.76469509998,75.4584516069727,632.582077724283,683.830556550471,728.461547098892,0.128154912435041,27.4105394225923,21.2252010868798,22.7691092257317,25.2113701201973,27.394486280481,3.21781543196474,30.2105290621202,31.3628728563426,33.2588272790456,0.117393364003357,54,"3_JU3237_0.25",NA,NA,NA,NA,NA,"3",765.709066236116,-168.944371136136
"20250619-CbDRC4-p032-m2x_E11_roi_0.png",20250619,"CbDRC4","p032","m2x","E11",0,599.482042721305,23.0783401936365,"","48h",10,"15hHB101","DMSO",1,"MILBEMYCIN",0.5,NA,NA,"JU3237",3,NA,NA,NA,434.779402313573,278.835294480736,357.990873154583,402.93521700958,425.439931730793,70.0267965954312,450.827437587624,521.056504783556,651.805526780698,0.161062819956053,20.525988385509,16.3455482342351,17.60489009526,18.8260711949637,20.0924930705218,2.9448943175112,22.0116762522021,23.0348347559554,32.9478865628439,0.143471498775194,44,"3_JU3237_0.5",NA,NA,NA,NA,NA,"3",765.709066236116,-340.269134505323
"20250619-CbDRC4-p032-m2x_E12_roi_0.png",20250619,"CbDRC4","p032","m2x","E12",0,387.69443637502,18.5393478687847,"","48h",10,"15hHB101","DMSO",1,"MILBEMYCIN",1,NA,NA,"JU3237",3,NA,NA,NA,305.873097839266,235.671900725959,254.075546097407,269.573391135584,284.236433221226,61.6424656870732,318.748298958435,402.261368371668,480.180379015719,0.201529543207706,16.2930015649882,13.4853039766704,14.4213560438704,15.232521501991,15.9558365779374,1.70934349727722,17.1806908781772,18.4028220272477,20.5737757784387,0.104912743699136,33,"3_JU3237_1",NA,NA,NA,NA,NA,"3",765.709066236116,-481.472633014891
"20250619-CbDRC4-p032-m2x_F01_roi_0.png",20250619,"CbDRC4","p032","m2x","F01",0,782.403933439086,38.4632010273157,"","48h",10,"15hHB101","DMSO",1,"MILBEMYCIN",0,NA,NA,"PB420",3,NA,NA,NA,761.601158026225,668.023346089552,729.161546073774,744.409417353462,765.797916609949,29.2197999381355,779.81509058484,794.108362326445,815.557910149234,0.0383662756157855,39.1363984629204,32.3555548013692,36.8236161883926,38.0843627201072,39.3221583744133,2.10400395726076,40.3684095766657,41.7520242163304,44.9138932198919,0.0537607965958899,86,"3_PB420_0",NA,"n>75",NA,NA,NA,"3",764.404649350685,1.39326725926378
"20250619-CbDRC4-p032-m2x_F02_roi_0.png",20250619,"CbDRC4","p032","m2x","F02",0,765.796884818669,42.0071549071771,"","48h",10,"15hHB101","DMSO",1,"MILBEMYCIN",0.00097,NA,NA,"PB420",3,NA,NA,NA,755.687845601955,583.301465421639,724.491118189292,745.860078340341,760.972191855403,35.9822914050872,776.105151212139,789.109884615153,818.792401860939,0.0476152840283211,38.2013453220579,35.0621867563961,36.1686050833075,37.0306556218935,38.0137932312536,1.63596993505579,39.3689483477773,40.4572516447075,42.0071549071771,0.042824929888298,89,"3_PB420_0.00097",NA,"n>75",NA,NA,NA,"3",764.404649350685,-3.43245749528273
"20250619-CbDRC4-p032-m2x_F03_roi_0.png",20250619,"CbDRC4","p032","m2x","F03",0,764.203305910873,36.8274046446238,"","48h",10,"15hHB101","DMSO",1,"MILBEMYCIN",0.0019,NA,NA,"PB420",3,NA,NA,NA,757.034859853927,638.124376699457,719.235960603212,739.586998189313,764.922277122261,31.4948593296967,777.235410559762,789.181699554759,819.043157972593,0.0416029181744336,38.2513602022212,30.3925773681103,36.4833525219554,37.1161359430049,38.1466171255957,1.87000300654624,39.5972069640936,40.361614984611,42.3427699175964,0.0488872290203591,95,"3_PB420_0.0019",NA,"n>75",NA,NA,NA,"3",764.404649350685,0.517627771576144
"20250619-CbDRC4-p032-m2x_F04_roi_0.png",20250619,"CbDRC4","p032","m2x","F04",0,778.542051123587,43.6245597861404,"","48h",10,"15hHB101","DMSO",1,"MILBEMYCIN",0.0039,NA,NA,"PB420",3,NA,NA,NA,736.950410284547,469.771754635325,694.179490717799,718.277186597338,740.695860247559,44.9323767098349,764.789985111034,781.313754263442,823.061176648263,0.0609706923054509,38.5511554268097,33.7113915483928,35.7375910855082,36.8850993882103,38.563985650836,2.54840671176069,39.7458058595962,41.1113878885724,52.561960199567,0.066104548191789,89,"3_PB420_0.0039",NA,"n>75",NA,NA,NA,"3",764.404649350685,-23.708789103126
"20250619-CbDRC4-p032-m2x_F05_roi_0.png",20250619,"CbDRC4","p032","m2x","F05",0,775.677015616444,37.5859093645178,"","48h",10,"15hHB101","DMSO",1,"MILBEMYCIN",0.0078,NA,NA,"PB420",3,NA,NA,NA,757.95800512357,666.529170496623,729.12215518241,744.2727149005,759.009839618012,26.6011921715319,774.129016857997,790.06241360783,818.798074167599,0.0350958654591887,38.0316910306782,32.2904813389803,36.2480477089695,37.2363186294072,37.9710681630858,1.60783790141981,39.1432263278789,39.7917953140645,41.5734654438596,0.0422762663938042,92,"3_PB420_0.0078",NA,"n>75",NA,NA,NA,"3",764.404649350685,-5.39480973267359
"20250619-CbDRC4-p032-m2x_F06_roi_0.png",20250619,"CbDRC4","p032","m2x","F06",0,801.572159674779,36.5143524271477,"","48h",10,"15hHB101","DMSO",1,"MILBEMYCIN",0.0156,NA,NA,"PB420",3,NA,NA,NA,750.835252212485,179.454503924807,729.227675631747,739.360364907301,756.018606452725,63.4304890456986,772.674483325503,785.614100252267,813.627244608993,0.0844799026934179,37.8547657934106,15.9702510690231,35.8394376477737,36.7483272488263,37.9345906450591,2.81400053734524,39.4112759559512,40.2214772476918,41.2442474980076,0.0743367572976789,96,"3_PB420_0.0156",NA,"n>75",NA,NA,NA,"3",764.404649350685,-8.38604289796058
"20250619-CbDRC4-p032-m2x_F07_roi_0.png",20250619,"CbDRC4","p032","m2x","F07",0,773.688274678998,37.358310240462,"","48h",10,"15hHB101","DMSO",1,"MILBEMYCIN",0.03125,NA,NA,"PB420",3,NA,NA,NA,761.237029752831,642.060021556364,728.999531510954,744.429634850735,762.994985881601,30.3192357778169,777.992864651711,787.406179894108,901.175410385045,0.0398289029471693,38.3724567043459,32.8825938055167,36.7022844647935,37.4624041874198,38.5350015672199,1.62958265957471,39.4060373244973,40.3803105475029,41.2722785476771,0.0424675092379518,85,"3_PB420_0.03125",NA,"n>75",NA,NA,NA,"3",764.404649350685,-1.40966346908419
"20250619-CbDRC4-p032-m2x_F08_roi_0.png",20250619,"CbDRC4","p032","m2x","F08",0,788.05826300166,38.8404913085345,"","48h",10,"15hHB101","DMSO",1,"MILBEMYCIN",0.0625,NA,NA,"PB420",3,NA,NA,NA,742.492287187954,148.966708385843,705.70323937537,732.043068751055,761.866003882265,89.2936008711631,780.16055238744,791.404346553471,810.133759582654,0.120261991150569,37.3357366388712,14.1156449533654,34.6214968992156,36.2327138205514,37.8307608531097,3.81260300946482,39.2238769010921,40.5723208189349,42.7475714217773,0.10211672120848,80,"3_PB420_0.0625",NA,"n>75",NA,NA,NA,"3",764.404649350685,-2.53864546842033
"20250619-CbDRC4-p032-m2x_F09_roi_0.png",20250619,"CbDRC4","p032","m2x","F09",0,780.427960250241,35.4783102907924,"","48h",10,"15hHB101","DMSO",1,"MILBEMYCIN",0.125,NA,NA,"PB420",3,NA,NA,NA,764.658051438292,669.789620473151,730.262030304459,750.121426029334,765.242611104813,28.6218327733595,785.453761905005,798.762588487392,825.983434528098,0.0374308917816571,37.9963537163397,32.2065861682483,35.8822136154877,37.0357001505627,37.9387827293209,2.04197078625916,38.9089587264121,40.3164436534249,44.8667174089793,0.0537412300533734,99,"3_PB420_0.125",NA,"n>75",NA,NA,NA,"3",764.404649350685,0.837961754127491
"20250619-CbDRC4-p032-m2x_F10_roi_0.png",20250619,"CbDRC4","p032","m2x","F10",0,789.458081131824,36.3882590582772,"","48h",10,"15hHB101","DMSO",1,"MILBEMYCIN",0.25,NA,NA,"PB420",3,NA,NA,NA,735.689996868882,497.067077414088,682.354540883563,712.998370457956,744.17237684682,48.29997192055,763.440284110729,784.888345446464,840.915307227305,0.0656526147237506,35.5009102247399,23.3328394081392,31.7580576334869,34.4356023813919,36.0444541827195,2.99091783973659,37.2202777892172,38.4605774633348,42.3057635402438,0.0842490465963398,86,"3_PB420_0.25",NA,"n>75",NA,NA,NA,"3",764.404649350685,-20.2322725038656
"20250619-CbDRC4-p032-m2x_F11_roi_0.png",20250619,"CbDRC4","p032","m2x","F11",0,676.75901697883,29.4558388745873,"","48h",10,"15hHB101","DMSO",1,"MILBEMYCIN",0.5,NA,NA,"PB420",3,NA,NA,NA,578.474424594201,420.161284203484,445.85302131723,520.671641504756,584.681086431985,84.9468198285074,637.512067377599,673.069680760334,761.969985809155,0.146846284324666,26.6170000813068,20.1747300571676,22.1158057029074,23.7022167430702,26.3475166137897,3.69288258632956,28.5368528328105,31.0818515523458,36.3186822920042,0.138741502612951,85,"3_PB420_0.5",NA,"n>75",NA,NA,NA,"3",764.404649350685,-179.7235629187
"20250619-CbDRC4-p032-m2x_F12_roi_0.png",20250619,"CbDRC4","p032","m2x","F12",0,364.60524865156,19.4170314615952,"","48h",10,"15hHB101","DMSO",1,"MILBEMYCIN",1,NA,NA,"PB420",3,NA,NA,NA,314.986959455278,207.765358619055,253.198682855926,283.141268020646,309.421476076843,50.9519451874988,349.45991171004,393.017437307494,412.369146091215,0.161758903529252,18.0352175870911,13.6213901061144,15.368893489919,16.8516168090948,17.6059518775892,2.27223737741159,19.4715736902965,20.831628853423,24.6737855547125,0.125988908447546,54,"3_PB420_1",NA,NA,NA,NA,NA,"3",764.404649350685,-454.983173273842
"20250619-CbDRC4-p033-m2x_A01_roi_0.png",20250619,"CbDRC4","p033","m2x","A01",0,873.501707839199,41.0519628333716,"","48h",10,"15hHB101","DMSO",1,"MILBEMYCIN",0,NA,NA,"ED3102",3,NA,NA,NA,856.691871988637,738.714992073807,810.885719746302,829.818421174595,849.171443334081,50.449844182091,882.148368386344,914.840743732615,1049.39770618548,0.0588891360262143,40.5506937761969,34.9268258143249,37.7257863237843,39.0570660534046,40.5699482348427,2.44181977974469,41.8787563249901,43.0152990887446,49.6732949746405,0.0602164735632225,67,"3_ED3102_0",NA,NA,NA,NA,NA,"3",858.463870400194,-9.29242706611285
"20250619-CbDRC4-p033-m2x_A02_roi_0.png",20250619,"CbDRC4","p033","m2x","A02",0,828.000875892601,38.5294304521078,"","48h",10,"15hHB101","DMSO",1,"MILBEMYCIN",0.00097,NA,NA,"ED3102",3,NA,NA,NA,845.855111106117,655.879033480881,802.948310183636,827.314307520741,845.932413083905,49.5197994861657,870.903630462222,900.030749516532,961.299672851175,0.0585440684060053,40.2380808357642,35.8929463312036,37.5769897072246,38.5894650329172,40.3796092064841,2.05793654620505,41.4503986336462,42.8959734119322,45.4324158574866,0.051144003477818,76,"3_ED3102_0.00097",NA,"n>75",NA,NA,NA,"3",858.463870400194,-12.5314573162889
"20250619-CbDRC4-p033-m2x_A03_roi_0.png",20250619,"CbDRC4","p033","m2x","A03",0,921.768520690906,40.8187522961334,"","48h",10,"15hHB101","DMSO",1,"MILBEMYCIN",0.0019,NA,NA,"ED3102",3,NA,NA,NA,855.271688862126,569.206469329508,808.859282825615,825.191172266435,849.785617168452,64.8743015887546,892.889103875354,922.409904573785,1023.60601529332,0.0758522729485702,40.5192346253245,30.5712188229992,37.9127588948657,39.3895439903996,40.9558882091094,2.33858105564966,41.6631944088695,43.0064998907335,44.302830562979,0.0577153314289912,89,"3_ED3102_0.0019",NA,"n>75",NA,NA,NA,"3",858.463870400194,-8.67825323174179
"20250619-CbDRC4-p033-m2x_A04_roi_0.png",20250619,"CbDRC4","p033","m2x","A04",0,858.843664041047,38.5862256045815,"","48h",10,"15hHB101","DMSO",1,"MILBEMYCIN",0.0039,NA,NA,"ED3102",3,NA,NA,NA,849.31731708086,728.394462296557,801.574618369509,827.119253191721,842.126005854645,45.2381657837515,866.070229654888,909.551016068628,980.009481402384,0.0532641509527169,40.0908964727821,33.4195942355238,37.7792797048453,39.0139635829454,40.1007414019459,2.0376861607479,41.2178475819652,42.0712397372006,46.9951504222522,0.0508266549272924,79,"3_ED3102_0.0039",NA,"n>75",NA,NA,NA,"3",858.463870400194,-16.3378645455492
"20250619-CbDRC4-p033-m2x_A05_roi_0.png",20250619,"CbDRC4","p033","m2x","A05",0,921.920402967391,41.7969542714439,"","48h",10,"15hHB101","DMSO",1,"MILBEMYCIN",0.0078,NA,NA,"ED3102",3,NA,NA,NA,846.537703935511,756.088853069367,793.403138431113,820.845895405133,839.947343737271,47.6581289223108,861.439781044813,905.613237485872,1050.12892814978,0.0562977038125421,40.3776362519838,36.0498325200306,38.4434849504941,39.381742638542,40.3945745389594,1.65833944213443,41.4746538215735,42.3756000497275,44.2396628846444,0.0410707410355888,85,"3_ED3102_0.0078",NA,"n>75",NA,NA,NA,"3",858.463870400194,-18.5165266629231
"20250619-CbDRC4-p033-m2x_A06_roi_0.png",20250619,"CbDRC4","p033","m2x","A06",0,848.860855758705,39.8637186040823,"","48h",10,"15hHB101","DMSO",1,"MILBEMYCIN",0.0156,NA,NA,"ED3102",3,NA,NA,NA,847.473233515643,242.76799083912,805.629436338704,828.491697661373,852.659499518389,78.225224196968,876.234547898158,894.777352325496,973.284215402965,0.0923040647224453,40.9049158162252,34.5725345039543,38.6867292044044,39.6358610911658,40.6269998197954,1.98667762395051,42.4098231803502,43.5811419135701,44.8628735584667,0.0485681875712962,84,"3_ED3102_0.0156",NA,"n>75",NA,NA,NA,"3",858.463870400194,-5.80437088180474
"20250619-CbDRC4-p033-m2x_A07_roi_0.png",20250619,"CbDRC4","p033","m2x","A07",0,903.022281948521,38.6511551591332,"","48h",10,"15hHB101","DMSO",1,"MILBEMYCIN",0.03125,NA,NA,"ED3102",3,NA,NA,NA,851.375621943194,686.301895830204,809.269167674267,825.616351164484,848.492221976506,40.6324415543554,873.106453145398,903.014885302244,942.390961083036,0.0477256342642455,39.9802290718108,34.9654459816488,37.6598047077241,38.9373731728057,39.9932402252242,1.61528084541258,40.9033490136948,41.731564686279,44.3264403529979,0.0404019907567634,95,"3_ED3102_0.03125",NA,"n>75",NA,NA,NA,"3",858.463870400194,-9.97164842368795
"20250619-CbDRC4-p033-m2x_A08_roi_0.png",20250619,"CbDRC4","p033","m2x","A08",0,963.283850031854,41.7533835978009,"","48h",10,"15hHB101","DMSO",1,"MILBEMYCIN",0.0625,NA,NA,"ED3102",3,NA,NA,NA,864.658894865398,763.701413254297,823.382832214228,836.156521186789,855.728164106632,40.9126942487703,894.223807216913,911.522588928087,971.882730155328,0.0473165712996443,41.9055755571968,37.9885017823204,39.6988944176776,40.6186111808032,41.5995556772049,1.93727387983258,43.0834720947422,43.6623677855373,48.5089790989711,0.0462295017804588,55,"3_ED3102_0.0625",NA,NA,NA,NA,NA,"3",858.463870400194,-2.73570629356232
"20250619-CbDRC4-p033-m2x_A09_roi_0.png",20250619,"CbDRC4","p033","m2x","A09",0,922.772312088355,39.947308603529,"","48h",10,"15hHB101","DMSO",1,"MILBEMYCIN",0.125,NA,NA,"ED3102",3,NA,NA,NA,866.23511041,739.830301025717,809.253137435794,829.538584780945,854.963393018434,87.6138041981125,889.365895781211,909.390755845249,1458.5305554113,0.101143215213989,40.7317134589758,37.8852504613381,38.8692347329575,39.8403139461783,40.6142458638563,1.87571193294343,41.2286565228194,42.5475507414105,47.7635874957542,0.0460504057810535,60,"3_ED3102_0.125",NA,NA,NA,NA,NA,"3",858.463870400194,-3.50047738175977
"20250619-CbDRC4-p033-m2x_A10_roi_0.png",20250619,"CbDRC4","p033","m2x","A10",0,836.70493338302,37.4132799430142,"","48h",10,"15hHB101","DMSO",1,"MILBEMYCIN",0.25,NA,NA,"ED3102",3,NA,NA,NA,710.126763913523,464.464776735856,570.885193241713,639.107396504431,751.744615831582,104.242758429008,791.184531590456,823.596362359567,836.70493338302,0.146794577709653,32.3814315788685,19.0901117750519,26.4077194006248,28.2938953970521,32.8332730145093,5.04879143158248,36.8723954373789,37.4389742244508,39.2952627543771,0.15591625154946,40,"3_ED3102_0.25",NA,NA,NA,"outlier","outlier","3",858.463870400194,-106.719254568612
"20250619-CbDRC4-p033-m2x_A11_roi_0.png",20250619,"CbDRC4","p033","m2x","A11",0,571.234395044783,23.409451663479,"","48h",10,"15hHB101","DMSO",1,"MILBEMYCIN",0.5,NA,NA,"ED3102",3,NA,NA,NA,425.610427369825,265.362825499,288.825983493755,332.651475401362,412.603741123202,111.329784321283,509.705977839308,568.574497715441,693.587717156604,0.261576731118351,20.711995863794,13.7816113494494,16.5216098732797,17.6266559310264,20.0367538769416,3.82147147238878,23.530570111817,26.0488511272751,31.2674080600146,0.184505225740653,40,"3_ED3102_0.5",NA,NA,NA,NA,NA,"3",858.463870400194,-445.860129276992
"20250619-CbDRC4-p033-m2x_A12_roi_0.png",20250619,"CbDRC4","p033","m2x","A12",0,261.689282107906,14.5515277801957,"","48h",10,"15hHB101","DMSO",1,"MILBEMYCIN",1,NA,NA,"ED3102",3,NA,NA,NA,228.383425572094,123.225458566024,184.016019661977,211.001692019027,234.057896666521,37.9911668773024,254.43455378124,261.937982478569,308.797021173018,0.166348178647972,15.5988249037177,12.4001812803682,13.8612909985259,14.3739532675783,15.024525886128,3.16404673345269,15.9150697336303,16.3143398001848,29.2991522109382,0.202838787728081,23,"3_ED3102_1",NA,NA,NA,NA,NA,"3",858.463870400194,-624.405973733672
"20250619-CbDRC4-p033-m2x_B02_roi_0.png",20250619,"CbDRC4","p033","m2x","B02",0,772.091451228594,36.7041685571128,"","48h",10,"15hHB101","DMSO",1,"MILBEMYCIN",0.00097,NA,NA,"NIC1667",3,NA,NA,NA,778.848596554815,626.775762889596,722.626940133967,757.355945876836,783.847850276653,46.1969768131083,805.065094754036,827.642511071731,910.431330906887,0.0593144508669047,37.6334059667989,26.514739425741,34.1406105769501,36.3662866423062,38.0720049572791,2.75171605574049,39.344002360556,40.6939309932453,41.6175323018721,0.0731189746197333,59,"3_NIC1667_0.00097",NA,NA,NA,NA,NA,"3",776.621116305835,7.22673397081746
"20250619-CbDRC4-p033-m2x_B04_roi_0.png",20250619,"CbDRC4","p033","m2x","B04",0,812.039450559397,39.1292237006671,"","48h",10,"15hHB101","DMSO",1,"MILBEMYCIN",0.0039,NA,NA,"NIC1667",3,NA,NA,NA,792.591893022575,700.795453555937,742.022536932966,773.918748236456,794.224408667774,38.4173362567256,810.171789175976,838.881266570745,902.692274637352,0.048470513759887,39.035320594124,32.0105705658295,36.5344488519021,38.0394492653793,39.1292237006671,2.26073475885589,40.8738652132876,41.3462751500456,42.4638132619839,0.0579151067404376,55,"3_NIC1667_0.0039",NA,NA,NA,NA,NA,"3",776.621116305835,17.6032923619391
"20250619-CbDRC4-p033-m2x_B05_roi_0.png",20250619,"CbDRC4","p033","m2x","B05",0,775.544461926919,38.493065269259,"","48h",10,"15hHB101","DMSO",1,"MILBEMYCIN",0.0078,NA,NA,"NIC1667",3,NA,NA,NA,782.727514228313,698.872477558945,737.608419137315,763.923641245327,782.525465508113,34.4264032268817,809.795396503134,822.77173869472,849.262896865314,0.0439826154071287,38.4518989308737,31.6720193075848,35.7927835370423,37.433362221213,38.3247198148917,2.31631917706609,39.8315028729585,41.2139821560767,42.4195607680416,0.0602393962709153,54,"3_NIC1667_0.0078",NA,NA,NA,NA,NA,"3",776.621116305835,5.90434920227744
"20250619-CbDRC4-p033-m2x_B07_roi_0.png",20250619,"CbDRC4","p033","m2x","B07",0,796.217756123512,38.8386795317004,"","48h",10,"15hHB101","DMSO",1,"MILBEMYCIN",0.03125,NA,NA,"NIC1667",3,NA,NA,NA,770.847720921025,634.851792754015,700.873564435408,750.4380753971,778.705464918627,47.4763235299144,806.352702418765,819.246136066609,855.455911563019,0.0615897566294788,37.6739757392295,29.0448195030152,33.793385997593,36.4575771036358,38.0815615419508,2.88058975792789,39.6401954785445,40.6861239460134,42.6826583367826,0.0764609973172639,66,"3_NIC1667_0.03125",NA,NA,NA,NA,NA,"3",776.621116305835,2.08434861279147
"20250619-CbDRC4-p033-m2x_B08_roi_0.png",20250619,"CbDRC4","p033","m2x","B08",0,782.374795476828,38.4303572003473,"","48h",10,"15hHB101","DMSO",1,"MILBEMYCIN",0.0625,NA,NA,"NIC1667",3,NA,NA,NA,784.789718447263,668.291575511348,740.586074903083,754.210546243182,784.274196463903,41.7654912909089,806.518262897803,836.197493197538,888.936197145043,0.0532187034426796,38.4279044205981,31.3058658822131,35.2892918153872,37.3687974396328,39.0900502089309,2.39428311390358,39.957786997299,40.7576796855724,42.8871392716357,0.0623058464936797,57,"3_NIC1667_0.0625",NA,NA,NA,NA,NA,"3",776.621116305835,7.65308015806761
"20250619-CbDRC4-p033-m2x_B09_roi_0.png",20250619,"CbDRC4","p033","m2x","B09",0,858.810868873765,37.4271755181687,"","48h",10,"15hHB101","DMSO",1,"MILBEMYCIN",0.125,NA,NA,"NIC1667",3,NA,NA,NA,777.190818566971,643.982210280604,728.035830659241,746.245844298094,779.811102884025,43.30590033013,807.069137381851,828.77105594238,858.810868873765,0.0557210652719494,38.2441609667615,29.508470577796,34.0664505464656,37.171006351706,38.7462508894879,2.85528859428469,40.0503616312876,41.5256645821458,42.8395813501041,0.0746594649250183,40,"3_NIC1667_0.125",NA,NA,NA,NA,NA,"3",776.621116305835,3.18998657818986
"20250619-CbDRC4-p033-m2x_B10_roi_0.png",20250619,"CbDRC4","p033","m2x","B10",0,807.078762469348,38.4212895740911,"","48h",10,"15hHB101","DMSO",1,"MILBEMYCIN",0.25,NA,NA,"NIC1667",3,NA,NA,NA,780.231712121993,680.711711696868,753.334961634021,761.883685366356,776.506429557171,39.3435293990886,799.134621428102,813.769252215637,904.847539902648,0.0504254425804947,38.1381237614204,33.477262262559,35.8399795523237,37.3291316524502,38.4212895740911,1.7299893951596,39.2830374187449,39.9205187829639,41.3536575593632,0.045361156358447,37,"3_NIC1667_0.25",NA,NA,NA,NA,NA,"3",776.621116305835,-0.114686748664212
"20250619-CbDRC4-p033-m2x_B11_roi_0.png",20250619,"CbDRC4","p033","m2x","B11",0,702.773373394104,33.1695711449452,"","48h",10,"15hHB101","DMSO",1,"MILBEMYCIN",0.5,NA,NA,"NIC1667",3,NA,NA,NA,680.523654196861,538.995633427796,594.584759545204,627.524491858742,688.791396281178,66.3206791913912,733.975984508286,764.453979994532,784.491242177511,0.0974553621793813,31.2218540359561,23.259600262452,26.4049887961542,28.2178129333521,31.0751110787243,3.80781781676005,34.1240509006804,35.5119746017148,38.6258211697776,0.121960015967497,45,"3_NIC1667_0.5",NA,NA,NA,NA,NA,"3",776.621116305835,-87.8297200246578
"20250619-CbDRC4-p033-m2x_B12_roi_0.png",20250619,"CbDRC4","p033","m2x","B12",0,375.392285009899,19.9467042994149,"","48h",10,"15hHB101","DMSO",1,"MILBEMYCIN",1,NA,NA,"NIC1667",3,NA,NA,NA,384.877251051043,278.640332226357,301.736347357785,323.105731114111,372.772288475944,79.4594747274135,429.695934437349,471.841259514765,602.836390475742,0.206454069473894,18.9159658122993,16.2408616407399,16.7427560874534,17.423684482266,18.5772693259254,2.1944450991638,19.7917699413295,21.081853788081,25.1955035671947,0.116010206454114,24,"3_NIC1667_1",NA,NA,NA,NA,NA,"3",776.621116305835,-403.848827829891
"20250619-CbDRC4-p033-m2x_C01_roi_0.png",20250619,"CbDRC4","p033","m2x","C01",0,748.454847012749,32.3330200025532,"","48h",10,"15hHB101","DMSO",1,"MILBEMYCIN",0,NA,NA,"ECA2666",3,NA,NA,NA,749.661715954656,417.793605252832,690.912223461315,730.236235546334,768.782831283078,86.0481194281126,798.500034815284,818.464983955098,853.836019407806,0.114782598066295,34.9573781289198,28.2605852648456,30.6486163203224,32.5786239800614,34.4969922048739,3.23315110671748,37.7968875291108,39.01579539221,43.2942045284095,0.0924883752664145,58,"3_ECA2666_0",NA,NA,NA,NA,NA,"3",778.447145543842,-9.66431426076372
"20250619-CbDRC4-p033-m2x_C02_roi_0.png",20250619,"CbDRC4","p033","m2x","C02",0,837.479864338018,38.5801890373568,"","48h",10,"15hHB101","DMSO",1,"MILBEMYCIN",0.00097,NA,NA,"ECA2666",3,NA,NA,NA,787.60184526123,625.192399210131,749.028166867213,771.782728179413,789.408699892542,44.7937809853421,814.975101157941,834.402724201169,862.605347428749,0.0568736364126788,36.4234681012174,29.2901585659505,32.9838303663872,35.1199087173949,36.4685163975769,2.57244274476806,38.0343813620838,39.4318917971275,43.1619822907905,0.0706259694332095,55,"3_ECA2666_0.00097",NA,NA,NA,NA,NA,"3",778.447145543842,10.9615543486995
"20250619-CbDRC4-p033-m2x_C03_roi_0.png",20250619,"CbDRC4","p033","m2x","C03",0,784.005504326881,32.8659891346514,"","48h",10,"15hHB101","DMSO",1,"MILBEMYCIN",0.0019,NA,NA,"ECA2666",3,NA,NA,NA,781.310364335755,642.536349607528,746.921825573282,758.347427594072,782.427089992698,35.5635295498154,809.950626674295,818.785836805778,850.070365898819,0.0455178008294442,35.2508176682133,28.3073862810305,31.7106508545672,34.1973932485859,35.1073958129806,2.53379247087309,36.8808613144762,38.2554491152509,40.7795676846003,0.0718789701481986,50,"3_ECA2666_0.0019",NA,NA,NA,NA,NA,"3",778.447145543842,3.97994444885626
"20250619-CbDRC4-p033-m2x_C04_roi_0.png",20250619,"CbDRC4","p033","m2x","C04",0,771.595457876763,35.3330006367579,"","48h",10,"15hHB101","DMSO",1,"MILBEMYCIN",0.0039,NA,NA,"ECA2666",3,NA,NA,NA,749.775578773632,157.531212630835,710.201997992002,745.997275194804,759.003090438885,99.5198788128392,786.011468669782,799.633947548166,874.628604653976,0.13273288918748,34.7238745754235,13.4439806669793,30.8777090313134,33.466712477707,35.5022253272061,4.18291072854674,36.9826798016385,38.0482016108986,41.0208422514557,0.120462096459341,47,"3_ECA2666_0.0039",NA,NA,NA,NA,NA,"3",778.447145543842,-19.4440551049573
"20250619-CbDRC4-p033-m2x_C05_roi_0.png",20250619,"CbDRC4","p033","m2x","C05",0,805.120945600433,33.1986940046149,"","48h",10,"15hHB101","DMSO",1,"MILBEMYCIN",0.0078,NA,NA,"ECA2666",3,NA,NA,NA,777.542316673738,594.251959918009,725.678295306565,755.374194339658,783.169465241139,57.4881922073953,805.723592944381,817.53675253002,1008.58026171129,0.0739357729793088,34.9137549406694,26.1617415788202,29.9989333843511,33.2768607368473,35.3427445417491,3.08345981453539,36.949682957827,38.7470678591623,40.6594870376689,0.0883164764080879,62,"3_ECA2666_0.0078",NA,NA,NA,NA,NA,"3",778.447145543842,4.72231969729648
"20250619-CbDRC4-p033-m2x_C07_roi_0.png",20250619,"CbDRC4","p033","m2x","C07",0,788.914111167396,35.4341386890877,"","48h",10,"15hHB101","DMSO",1,"MILBEMYCIN",0.03125,NA,NA,"ECA2666",3,NA,NA,NA,767.728199650121,672.678917523326,732.788993795274,745.932673830076,777.34882559659,32.7451487265838,788.142423761602,800.557049256894,822.809827546645,0.0426520072357728,34.3335981645653,26.6967948904384,30.9230848507305,32.6992337904222,34.57553318459,3.01917857680448,35.6671109030339,38.2851241368198,40.7300829953143,0.0879365617997034,30,"3_ECA2666_0.03125",NA,NA,NA,NA,NA,"3",778.447145543842,-1.09831994725175
"20250619-CbDRC4-p033-m2x_C08_roi_0.png",20250619,"CbDRC4","p033","m2x","C08",0,813.995591270424,36.3352006130338,"","48h",10,"15hHB101","DMSO",1,"MILBEMYCIN",0.0625,NA,NA,"ECA2666",3,NA,NA,NA,793.334750411721,675.513054950776,731.348837265116,757.25922182804,792.048103176731,63.5424323473511,814.353539947901,843.844239606988,1029.17585867633,0.0800953598898499,35.737783229295,29.7063789501991,32.5291540193632,34.0997634727654,36.3802352580226,2.46683901949063,37.0109099822713,38.5810279139784,40.5935211138013,0.0690260781891058,27,"3_ECA2666_0.0625",NA,NA,NA,"outlier","outlier","3",778.447145543842,13.6009576328885
"20250619-CbDRC4-p033-m2x_C09_roi_0.png",20250619,"CbDRC4","p033","m2x","C09",0,808.258876386744,35.0901494998541,"","48h",10,"15hHB101","DMSO",1,"MILBEMYCIN",0.125,NA,NA,"ECA2666",3,NA,NA,NA,742.950156273906,146.959582903512,720.238085246389,736.821582764235,766.261771198913,149.699004275571,809.962655295613,821.694273343727,830.369161614919,0.201492661400533,33.924893098055,12.4531013262512,30.049110269207,33.326635629754,34.9854444482324,6.08827289097263,37.0552960023578,38.1220336717066,41.5076646291204,0.179463288900435,19,"3_ECA2666_0.125",NA,NA,NA,NA,NA,"3",778.447145543842,-12.1853743449294
"20250619-CbDRC4-p033-m2x_C10_roi_0.png",20250619,"CbDRC4","p033","m2x","C10",0,698.426437364054,30.5227889362502,"","48h",10,"15hHB101","DMSO",1,"MILBEMYCIN",0.25,NA,NA,"ECA2666",3,NA,NA,NA,559.388965597241,430.632408814899,473.846577856431,508.95924813697,556.474791715301,74.4094999499728,584.676162047262,645.894256435379,723.473658310349,0.133019248727097,24.1851329132221,18.7891062359958,21.6781973742488,22.5413942070575,23.6172693818694,2.88766653110436,25.6419774509625,28.2513307772099,30.5227889362502,0.119398414780911,20,"3_ECA2666_0.25",NA,NA,NA,NA,NA,"3",778.447145543842,-221.972353828541
"20250619-CbDRC4-p033-m2x_C11_roi_0.png",20250619,"CbDRC4","p033","m2x","C11",0,362.776199247028,17.7018668963706,"","48h",10,"15hHB101","DMSO",1,"MILBEMYCIN",0.5,NA,NA,"ECA2666",3,NA,NA,NA,379.768883559135,265.419712036153,330.583788395397,371.999796451637,393.097471048848,37.4574287054915,399.718739796629,412.104175262727,422.144873553512,0.098632169003543,18.1691406277735,15.3016378665019,16.9379066938951,17.261965633256,18.1190323406591,1.55713144465263,18.7400917360851,19.1698974525597,22.140391338744,0.0857019864919964,21,"3_ECA2666_0.5",NA,NA,NA,NA,NA,"3",778.447145543842,-385.349674494994
"20250619-CbDRC4-p033-m2x_C12_roi_0.png",20250619,"CbDRC4","p033","m2x","C12",0,300.163495185277,14.4614994765593,"","48h",10,"15hHB101","DMSO",1,"MILBEMYCIN",1,NA,NA,"ECA2666",3,NA,NA,NA,217.718126885352,113.34276906119,149.335633257708,180.83683977526,216.853349252265,64.7973532392014,265.996797574108,280.629295668033,300.163495185277,0.297620387269466,14.2050794394029,11.0599528222964,11.5722178092905,13.1876136385896,14.4891718650667,2.09667982232418,15.1982081558052,16.3065799448911,17.1147877996674,0.147600710806889,7,"3_ECA2666_1",NA,NA,NA,NA,NA,"3",778.447145543842,-561.593796291577
"20250619-CbDRC4-p033-m2x_D01_roi_0.png",20250619,"CbDRC4","p033","m2x","D01",0,854.565902868108,39.4107166187159,"","48h",10,"15hHB101","DMSO",1,"MILBEMYCIN",0,NA,NA,"VX34",3,NA,NA,NA,839.335058441948,776.684407797721,798.624425108281,810.479722513541,832.386996490878,39.212502974877,856.198410313954,895.63406341032,923.750728718196,0.0467185334158052,39.5245934762425,36.9431529990074,38.0743350782184,38.427106533531,39.5100828543582,1.42321261356044,40.5056165220392,41.3740971324814,42.6708320688916,0.036008279614967,28,"3_VX34_0",NA,NA,NA,NA,NA,"3",808.628894132328,23.7581023585501
"20250619-CbDRC4-p033-m2x_D02_roi_0.png",20250619,"CbDRC4","p033","m2x","D02",0,873.829811478657,37.243661122327,"","48h",10,"15hHB101","DMSO",1,"MILBEMYCIN",0.00097,NA,NA,"VX34",3,NA,NA,NA,860.482960336011,776.524907630267,806.907516631882,836.200980226714,858.621629894409,47.8340628899958,874.528514831398,901.379242228788,993.955648650135,0.0555897851496292,39.331895360117,36.8136726977907,37.2121055384849,37.7542863027721,39.0741396484689,1.86794399843504,40.4063189348508,41.4777255098834,44.4056264851513,0.0474918378921846,27,"3_VX34_0.00097",NA,NA,NA,NA,NA,"3",808.628894132328,49.9927357620812
"20250619-CbDRC4-p033-m2x_D04_roi_0.png",20250619,"CbDRC4","p033","m2x","D04",0,859.598172867335,39.3006176951241,"","48h",10,"15hHB101","DMSO",1,"MILBEMYCIN",0.0039,NA,NA,"VX34",3,NA,NA,NA,856.28827496681,651.092030549581,801.420879408436,830.276110442421,854.458985063518,56.2202177460525,886.061644790504,920.130821118863,971.707389159404,0.0656557136067659,39.0398620585271,28.8362927153083,37.0727907972158,37.6966330881157,39.2672739306968,2.44144627285977,40.0611142715061,40.7173370308892,44.1447905377432,0.0625372668888955,38,"3_VX34_0.0039",NA,NA,NA,NA,NA,"3",808.628894132328,45.8300909311898
"20250619-CbDRC4-p033-m2x_D05_roi_0.png",20250619,"CbDRC4","p033","m2x","D05",0,861.879213464742,42.770824863347,"","48h",10,"15hHB101","DMSO",1,"MILBEMYCIN",0.0078,NA,NA,"VX34",3,NA,NA,NA,844.506521435921,190.595789363118,780.463221048093,822.903888405343,863.576023890942,118.219110183382,886.343668917252,923.020944357316,1010.17392899375,0.139986024006509,39.7592898405141,15.6618304235679,37.2787171890333,39.1900305571653,40.5240930836225,4.65236646962385,41.9458924493681,42.770824863347,47.8422197116695,0.117013319108209,51,"3_VX34_0.0078",NA,NA,NA,NA,NA,"3",808.628894132328,54.947129758614
"20250619-CbDRC4-p033-m2x_D06_roi_0.png",20250619,"CbDRC4","p033","m2x","D06",0,786.220339763078,39.6972917430771,"","48h",10,"15hHB101","DMSO",1,"MILBEMYCIN",0.0156,NA,NA,"VX34",3,NA,NA,NA,851.994338441802,753.337644760285,810.459723889936,825.707890357932,847.837218879281,43.8618815865438,868.087299696714,894.579017906318,1004.36738423266,0.0514814237695078,39.9006418942952,36.931756815416,37.4936503775844,38.4963636032017,39.8200757945742,1.85071690224877,40.6694877045715,42.6232383075174,44.6044680441708,0.0463831360696324,47,"3_VX34_0.0156",NA,NA,NA,"outlier","outlier","3",808.628894132328,39.2083247469533
"20250619-CbDRC4-p033-m2x_D07_roi_0.png",20250619,"CbDRC4","p033","m2x","D07",0,855.151782171053,37.7046640730454,"","48h",10,"15hHB101","DMSO",1,"MILBEMYCIN",0.03125,NA,NA,"VX34",3,NA,NA,NA,857.425425151825,757.540014854464,798.799213171322,826.502858460264,855.151782171053,47.8536446602207,882.972972223924,914.236445434883,994.932650609992,0.0558108533482631,39.8004188216484,32.1659748617214,37.7039733182774,38.6541914121989,39.7963461569491,2.25655862445507,40.8316405995212,42.3213787666127,45.8293680593649,0.0566968562458361,49,"3_VX34_0.03125",NA,NA,NA,NA,NA,"3",808.628894132328,46.522888038725
"20250619-CbDRC4-p033-m2x_D08_roi_0.png",20250619,"CbDRC4","p033","m2x","D08",0,880.780116783521,40.1539685890497,"","48h",10,"15hHB101","DMSO",1,"MILBEMYCIN",0.0625,NA,NA,"VX34",3,NA,NA,NA,844.904614437239,791.59098055657,806.504777596086,826.191196299456,843.332671472343,30.8311429656533,860.421707425262,882.466765456007,919.393032616289,0.0364906788752584,39.121350244319,36.0155705015568,36.8407849431789,37.9744787979513,38.8661283482466,1.85748626670136,40.1876360410216,41.6952203444928,44.5637149928869,0.0474801164862936,52,"3_VX34_0.0625",NA,NA,NA,NA,NA,"3",808.628894132328,34.7037773400148
"20250619-CbDRC4-p033-m2x_D09_roi_0.png",20250619,"CbDRC4","p033","m2x","D09",0,967.368204173792,41.0283522809185,"","48h",10,"15hHB101","DMSO",1,"MILBEMYCIN",0.125,NA,NA,"VX34",3,NA,NA,NA,857.719778774397,749.648948827286,787.488036030819,816.988309842334,854.326168546837,56.6542819519957,896.136154853337,940.747838956291,976.644736334845,0.0660522041743627,39.7826663660943,32.392701416488,37.4409721752717,38.7993352557622,39.9613886871662,2.04353256896985,40.8193972621282,42.2275961528488,44.5652937281993,0.0513674108759965,43,"3_VX34_0.125",NA,NA,NA,"outlier","outlier","3",808.628894132328,45.6972744145095
"20250619-CbDRC4-p033-m2x_D11_roi_0.png",20250619,"CbDRC4","p033","m2x","D11",0,735.960218620792,31.2061266688913,"","48h",10,"15hHB101","DMSO",1,"MILBEMYCIN",0.5,NA,NA,"VX34",3,NA,NA,NA,640.495205885926,529.736145457684,554.515953005087,581.250314485267,646.14072561611,63.4503676095017,689.859081816428,726.50463335898,738.144726065507,0.0990645472853115,28.9891987599462,20.9677100735603,26.3934959525269,27.0116461293041,28.6769480081811,3.00772147707056,31.1047677977562,33.0755627152815,33.7723224652701,0.103753177242907,31,"3_VX34_0.5",NA,NA,NA,NA,NA,"3",808.628894132328,-162.488168516218
"20250619-CbDRC4-p033-m2x_D12_roi_0.png",20250619,"CbDRC4","p033","m2x","D12",0,340.162011271742,16.5040171187922,"","48h",10,"15hHB101","DMSO",1,"MILBEMYCIN",1,NA,NA,"VX34",3,NA,NA,NA,308.097268892027,103.460439526252,186.190212630245,258.099873984444,350.025520683598,89.9923185881668,370.101740759683,375.877238307872,399.952135041984,0.292090607981679,18.1149896299948,13.5110273507817,15.109494904207,16.776358027999,17.759002071905,2.85651320705694,18.3704666199506,21.110436838119,25.0514551295915,0.157687819060471,14,"3_VX34_1",NA,NA,NA,NA,NA,"3",808.628894132328,-458.60337344873
"20250619-CbDRC4-p033-m2x_E01_roi_0.png",20250619,"CbDRC4","p033","m2x","E01",0,817.749590417326,40.7870994750002,"","48h",10,"15hHB101","DMSO",1,"MILBEMYCIN",0,NA,NA,"JU3237",3,NA,NA,NA,766.419643415018,679.213977960937,724.980890827771,746.656304434347,772.346310192862,33.6038431737079,793.907974125789,806.696619039535,824.901658705912,0.0438452269098632,39.4724889111924,33.2225270884964,37.0272809129503,38.0012959406716,39.5187780953037,2.49310331248518,40.8508285491105,42.4878817064866,45.9551418551344,0.0631605298083512,58,"3_JU3237_0",NA,NA,NA,NA,NA,"3",765.709066236116,6.63724395674603
"20250619-CbDRC4-p033-m2x_E03_roi_0.png",20250619,"CbDRC4","p033","m2x","E03",0,786.916359335525,39.6259020179299,"","48h",10,"15hHB101","DMSO",1,"MILBEMYCIN",0.0019,NA,NA,"JU3237",3,NA,NA,NA,757.697064904226,583.117183580605,717.213929676403,736.151582523627,764.382837646708,39.0511778114965,786.553906646016,797.746714516321,807.824542800829,0.0515393019457355,38.371688451207,27.9469426404176,35.0651511641371,37.0029527923611,38.660363905532,3.36918774953496,40.6536355647391,41.9729126042456,44.885318767603,0.0878040004369154,55,"3_JU3237_0.0019",NA,NA,NA,NA,NA,"3",765.709066236116,-1.32622858940863
"20250619-CbDRC4-p033-m2x_E04_roi_0.png",20250619,"CbDRC4","p033","m2x","E04",0,691.25549314499,35.0870494160264,"","48h",10,"15hHB101","DMSO",1,"MILBEMYCIN",0.0039,NA,NA,"JU3237",3,NA,NA,NA,756.238311094883,670.111448193573,709.919949616309,732.890070078753,759.458738633181,37.2548826391587,782.388140467748,800.637347960111,825.711283716358,0.0492634161647022,38.5518144136848,32.8288366598725,34.7150708364163,37.1295525009449,38.855963257572,2.48612863152145,40.6081051236646,41.3893608487342,42.9655056357457,0.0644879798611748,63,"3_JU3237_0.0039",NA,NA,NA,NA,NA,"3",765.709066236116,-6.25032760293539
"20250619-CbDRC4-p033-m2x_E06_roi_0.png",20250619,"CbDRC4","p033","m2x","E06",0,803.434127200007,40.1739054491557,"","48h",10,"15hHB101","DMSO",1,"MILBEMYCIN",0.0156,NA,NA,"JU3237",3,NA,NA,NA,761.917671631364,621.575290660751,717.168289208322,738.822674114921,764.108508475614,37.8990719222183,789.298074757939,808.188459398606,830.809491047011,0.0497416890739278,39.3275304650506,33.399818937012,35.9798020992352,38.2122592067197,39.3871606977549,2.38170227936202,40.7464092576739,42.1995910349415,43.7032962110073,0.0605606874166324,63,"3_JU3237_0.0156",NA,NA,NA,NA,NA,"3",765.709066236116,-1.60055776050194
"20250619-CbDRC4-p033-m2x_E07_roi_0.png",20250619,"CbDRC4","p033","m2x","E07",0,787.40199703697,41.2494733802186,"","48h",10,"15hHB101","DMSO",1,"MILBEMYCIN",0.03125,NA,NA,"JU3237",3,NA,NA,NA,760.197114714158,224.902120935073,728.071246241493,748.672229488354,772.872700735846,78.3933591777399,789.70576139915,804.683194105838,816.017402454293,0.103122410833165,39.1893296039716,13.4905223935503,36.2009076843175,38.0864064824357,39.5402824790258,4.20215168442019,41.3524401928049,42.3651139500888,44.9784275761439,0.107226934649944,56,"3_JU3237_0.03125",NA,NA,NA,NA,NA,"3",765.709066236116,7.16363449972982
"20250619-CbDRC4-p033-m2x_E08_roi_0.png",20250619,"CbDRC4","p033","m2x","E08",0,800.39675473772,38.4566524719375,"","48h",10,"15hHB101","DMSO",1,"MILBEMYCIN",0.0625,NA,NA,"JU3237",3,NA,NA,NA,766.259654661659,692.736357743588,720.743877480276,742.943068389191,772.092322318762,34.2391746123668,786.221226996201,807.912700098205,859.479053586501,0.0446835147904076,39.5223384489228,32.840573142104,35.9503616382535,37.9348232132596,39.4104321198124,2.85302847769707,41.3712945783642,42.9195615591955,45.2084231100538,0.0721877446949202,43,"3_JU3237_0.0625",NA,NA,NA,NA,NA,"3",765.709066236116,6.38325608264529
"20250619-CbDRC4-p033-m2x_E10_roi_0.png",20250619,"CbDRC4","p033","m2x","E10",0,616.316554279177,24.7080889344136,"","48h",10,"15hHB101","DMSO",1,"MILBEMYCIN",0.25,NA,NA,"JU3237",3,NA,NA,NA,569.581631062364,395.916447880482,453.537622002379,533.247186594732,582.449615355587,76.8680927580373,610.861689342943,653.769622844398,733.980930842357,0.134955357697659,26.4794559767372,20.1453678043008,21.9830501460545,24.1714424252409,26.569240794215,3.38269605105228,28.5634739547619,30.1512159340977,36.2022569964046,0.127747943689782,60,"3_JU3237_0.25",NA,NA,NA,NA,NA,"3",765.709066236116,-183.25945088053
"20250619-CbDRC4-p033-m2x_E11_roi_0.png",20250619,"CbDRC4","p033","m2x","E11",0,461.463396402738,19.7420630190922,"","48h",10,"15hHB101","DMSO",1,"MILBEMYCIN",0.5,NA,NA,"JU3237",3,NA,NA,NA,409.777458679255,297.091209068316,324.042934956764,367.356219038101,406.661331544159,69.9951049684621,435.892971115508,461.463396402738,701.539724058777,0.170812482448551,19.9297883156706,15.3515538951376,17.2860135993535,18.8011083550356,19.6635686732343,2.82435994764689,20.7341733862066,21.8153718390308,32.9894611676854,0.141715501585439,41,"3_JU3237_0.5",NA,NA,NA,NA,NA,"3",765.709066236116,-359.047734691957
"20250619-CbDRC4-p033-m2x_E12_roi_0.png",20250619,"CbDRC4","p033","m2x","E12",0,245.120831130543,15.3238058008993,"","48h",10,"15hHB101","DMSO",1,"MILBEMYCIN",1,NA,NA,"JU3237",3,NA,NA,NA,257.293886377982,228.114201365422,240.594406616867,246.240922012006,254.444289320294,16.3999493362834,270.119430118873,274.228329980205,295.908992078237,0.0637401438765269,15.2909164495622,14.0366434489302,14.5148296006227,14.7706972441705,15.1579961162961,0.739083150800512,15.7500545963172,16.2216936466934,16.7700658880094,0.0483347844609844,18,"3_JU3237_1",NA,NA,NA,NA,NA,"3",765.709066236116,-511.264776915823
"20250619-CbDRC4-p033-m2x_F01_roi_0.png",20250619,"CbDRC4","p033","m2x","F01",0,770.671736013357,39.2041328827274,"","48h",10,"15hHB101","DMSO",1,"MILBEMYCIN",0,NA,NA,"PB420",3,NA,NA,NA,765.838924725491,670.459830513299,737.272290855568,756.141091623631,766.072029497998,25.5584942830132,781.768686674505,792.915634468673,819.76571090012,0.0333731982768758,38.7470960708051,35.2509938135255,36.6991134028802,37.5511496760517,38.8758600137606,1.79199083831394,39.5327687249753,40.6734090941559,45.3478948099716,0.0462483907191218,85,"3_PB420_0",NA,"n>75",NA,NA,NA,"3",764.404649350685,1.6673801473122
"20250619-CbDRC4-p033-m2x_F02_roi_0.png",20250619,"CbDRC4","p033","m2x","F02",0,808.192044927505,39.0482721015697,"","48h",10,"15hHB101","DMSO",1,"MILBEMYCIN",0.00097,NA,NA,"PB420",3,NA,NA,NA,763.794787684444,702.429849932725,728.488528252536,750.851468621591,765.088930392237,25.0123461415473,782.604359035523,793.907875420025,812.401760319362,0.032747469012424,38.4930560961756,32.8171820083899,36.1534772248133,37.159739305144,38.5221293903744,2.1704005830492,39.4662243081953,41.0538127533562,46.3051686558312,0.0563842106385736,84,"3_PB420_0.00097",NA,"n>75",NA,NA,NA,"3",764.404649350685,0.684281041551344
"20250619-CbDRC4-p033-m2x_F03_roi_0.png",20250619,"CbDRC4","p033","m2x","F03",0,547.805283574997,36.4009564997126,"","48h",10,"15hHB101","DMSO",1,"MILBEMYCIN",0.0019,NA,NA,"PB420",3,NA,NA,NA,552.449421458072,349.075981936617,468.201965700482,516.185811329598,551.172212732471,63.6246390145728,596.189205017765,621.327075003994,740.602797189959,0.115168260737154,37.0442663881126,30.6029200724738,32.5667260777572,34.7130144957066,36.9463476506208,3.41821580494952,39.2056171107367,41.0377614823131,49.75482510064,0.0922738155788237,100,"3_PB420_0.0019",NA,"n>75",NA,NA,NA,"3",764.404649350685,-213.232436618215
"20250619-CbDRC4-p033-m2x_F04_roi_0.png",20250619,"CbDRC4","p033","m2x","F04",0,768.461468168889,37.1395593708368,"","48h",10,"15hHB101","DMSO",1,"MILBEMYCIN",0.0039,NA,NA,"PB420",3,NA,NA,NA,770.405936348242,702.736619629324,739.301006428622,754.507532385671,768.926257999331,30.4507524911461,782.315182750471,799.459507906203,961.673037601363,0.0395255943061446,38.5311676804447,33.9451931716025,35.8358786134047,37.1395593708368,38.7180981471613,1.98523296162414,39.6786981022026,40.7524490619791,44.0733631215345,0.0515227822340739,93,"3_PB420_0.0039",NA,"n>75",NA,NA,NA,"3",764.404649350685,4.52160864864584
"20250619-CbDRC4-p033-m2x_F05_roi_0.png",20250619,"CbDRC4","p033","m2x","F05",0,798.807807549412,37.5216429866764,"","48h",10,"15hHB101","DMSO",1,"MILBEMYCIN",0.0078,NA,NA,"PB420",3,NA,NA,NA,770.808190348272,703.248763405897,736.817536233085,751.53401225205,772.038452569221,27.3157127092301,787.339800133886,805.213379245982,864.218411345356,0.0354377561775623,38.9811559924471,32.9794933236758,36.5360747334012,37.5216429866764,38.8786359609993,2.19987554419815,40.2349875159141,41.1138054495334,45.8995152690025,0.0564343331589344,97,"3_PB420_0.0078",NA,"n>75",NA,NA,NA,"3",764.404649350685,7.63380321853526
"20250619-CbDRC4-p033-m2x_F06_roi_0.png",20250619,"CbDRC4","p033","m2x","F06",0,748.245940920967,36.6388449392028,"","48h",10,"15hHB101","DMSO",1,"MILBEMYCIN",0.0156,NA,NA,"PB420",3,NA,NA,NA,767.631033701583,687.669235545826,740.622857082018,755.238955975434,772.35560499171,25.4098855620479,784.515298346755,794.332506510765,828.739509210861,0.033101691367947,38.4207270157597,35.4199087326537,36.6982369412068,37.4291072940878,38.3454772581344,1.39826642706155,39.3388627782744,40.2104353631838,42.6946672938905,0.0363935442056576,79,"3_PB420_0.0156",NA,"n>75",NA,NA,NA,"3",764.404649350685,7.95095564102451
"20250619-CbDRC4-p033-m2x_F07_roi_0.png",20250619,"CbDRC4","p033","m2x","F07",0,848.715076061695,37.3616632333508,"","48h",10,"15hHB101","DMSO",1,"MILBEMYCIN",0.03125,NA,NA,"PB420",3,NA,NA,NA,766.346591356833,689.957559087937,736.278898922584,751.313939197314,766.592346323173,25.6078465908502,781.916319954577,794.790253746073,848.715076061695,0.0334154896487645,37.8386371700149,31.8451616997836,35.4627666260121,36.651498818598,37.7775581486581,2.0715819667089,39.0343413437224,40.333644445807,42.1808265296778,0.0547477954187663,84,"3_PB420_0.03125",NA,"n>75",NA,NA,NA,"3",764.404649350685,2.18769697248729
"20250619-CbDRC4-p033-m2x_F08_roi_0.png",20250619,"CbDRC4","p033","m2x","F08",0,785.860380658296,36.8940434043051,"","48h",10,"15hHB101","DMSO",1,"MILBEMYCIN",0.0625,NA,NA,"PB420",3,NA,NA,NA,762.016993224714,606.373756657436,728.498935261839,747.811913874649,766.655855425137,28.8810628234135,778.834831385387,791.159105264852,815.60455031029,0.0379008120293935,38.3478116996096,29.3434514197018,36.0638387449434,37.2707936505435,38.4286103806042,2.15700615448225,39.6648985446783,40.589210806475,42.8042804102349,0.0562484809140806,79,"3_PB420_0.0625",NA,"n>75",NA,NA,NA,"3",764.404649350685,2.25120607445194
"20250619-CbDRC4-p033-m2x_F09_roi_0.png",20250619,"CbDRC4","p033","m2x","F09",0,769.756658713778,40.4692532209256,"","48h",10,"15hHB101","DMSO",1,"MILBEMYCIN",0.125,NA,NA,"PB420",3,NA,NA,NA,776.047119740948,646.563884889169,744.244272778513,763.802244527956,776.785655004281,33.4824238235054,789.462401047526,797.603048391182,985.151998085731,0.0431448335697478,37.7860866612716,29.6041694116842,35.1212708609263,36.8004370764682,37.9520691228442,2.18106157002785,38.9480178304348,40.3838537149788,42.2082892752806,0.0577212874564041,90,"3_PB420_0.125",NA,"n>75",NA,NA,NA,"3",764.404649350685,12.3810056535958
"20250619-CbDRC4-p033-m2x_F10_roi_0.png",20250619,"CbDRC4","p033","m2x","F10",0,746.133262133054,34.3824357079446,"","48h",10,"15hHB101","DMSO",1,"MILBEMYCIN",0.25,NA,NA,"PB420",3,NA,NA,NA,750.195597206653,670.634317567611,709.712316019888,732.363422796965,756.385206461922,29.7648175181474,770.104112443089,783.14055201694,813.647036896934,0.0396760759846851,36.6057366775539,29.083772159894,33.4185363875372,35.2326725113147,36.861916475272,2.34331369709836,38.3924016475161,39.0475565235676,40.7744474260454,0.0640149307126292,72,"3_PB420_0.25",NA,NA,NA,NA,NA,"3",764.404649350685,-8.01944288876348
"20250619-CbDRC4-p033-m2x_F11_roi_0.png",20250619,"CbDRC4","p033","m2x","F11",0,572.200803768494,26.2297751922814,"","48h",10,"15hHB101","DMSO",1,"MILBEMYCIN",0.5,NA,NA,"PB420",3,NA,NA,NA,567.772211037053,314.296251666087,496.912113865557,524.541144613005,573.424975507352,69.9797951920902,604.497985144757,661.511272416392,697.754082903349,0.123253293894518,26.9941142636472,18.2008329670784,23.7690586517972,24.9096182112547,26.8574395796933,3.11513396550113,29.1690751449207,31.3045367061623,33.7416570193001,0.11540048823518,61,"3_PB420_0.5",NA,NA,NA,NA,NA,"3",764.404649350685,-190.979673843333
"20250619-CbDRC4-p033-m2x_F12_roi_0.png",20250619,"CbDRC4","p033","m2x","F12",0,393.366561880621,20.4719857469028,"","48h",10,"15hHB101","DMSO",1,"MILBEMYCIN",1,NA,NA,"PB420",3,NA,NA,NA,292.018278856395,206.191933446393,234.208249400251,251.614725398379,278.00409311708,55.6314483491752,317.786481908799,379.633874875115,414.632287092977,0.190506733232727,16.8891852078098,14.0146429942637,14.5870524010543,15.5975982375488,16.2501177031623,2.01278886141852,18.264765687324,19.4563836521979,21.5417386597092,0.119176196877028,37,"3_PB420_1",NA,NA,NA,NA,NA,"3",764.404649350685,-486.400556233605
"20250619-CbDRC4-p034-m2x_A01_roi_0.png",20250619,"CbDRC4","p034","m2x","A01",0,829.546805014962,39.3809306140115,"","48h",10,"15hHB101","DMSO",1,"MILBEMYCIN",0,NA,NA,"ED3102",3,NA,NA,NA,820.388105955577,775.998500057782,796.80555725876,806.478474564419,821.041361710503,21.5792621672891,831.624556267203,848.667823218486,871.419461272668,0.0263037238236821,40.5313879295281,33.107095094967,39.0651333735273,39.8583659291804,40.6525284761612,1.69084642570224,41.7570180212407,42.2020751747204,42.6181155890353,0.0417169633727351,48,"3_ED3102_0",NA,NA,NA,NA,NA,"3",858.463870400194,-37.4225086896912
"20250619-CbDRC4-p034-m2x_A02_roi_0.png",20250619,"CbDRC4","p034","m2x","A02",0,833.73415403291,40.0176879678208,"","48h",10,"15hHB101","DMSO",1,"MILBEMYCIN",0.00097,NA,NA,"ED3102",3,NA,NA,NA,835.879963895007,759.690650174596,799.267839433902,814.719332983519,830.470278710924,38.5922119268792,847.987573640182,868.258132479095,980.293940630681,0.0461695621307257,40.5026897803974,34.4894443268946,38.878397004959,39.4067831786692,40.4199620725629,1.69747237903537,41.3724786348384,42.1241571295333,45.0041392456941,0.0419101148155577,54,"3_ED3102_0.00097",NA,NA,NA,NA,NA,"3",858.463870400194,-27.9935916892698
"20250619-CbDRC4-p034-m2x_A03_roi_0.png",20250619,"CbDRC4","p034","m2x","A03",0,828.271795145958,42.0364594296741,"","48h",10,"15hHB101","DMSO",1,"MILBEMYCIN",0.0019,NA,NA,"ED3102",3,NA,NA,NA,839.234767747982,619.381440333905,803.106459357414,822.956018922462,840.265848724368,44.4844074935077,858.494565840419,880.853493167152,949.998609582444,0.0530059158689028,39.5258018527756,30.3319934635725,37.3652906111122,38.6649199016195,39.6579784281029,2.17044000246386,40.8290660898864,41.5972192463227,44.1203675544125,0.054911979029502,72,"3_ED3102_0.0019",NA,NA,NA,NA,NA,"3",858.463870400194,-18.1980216758259
"20250619-CbDRC4-p034-m2x_A04_roi_0.png",20250619,"CbDRC4","p034","m2x","A04",0,845.654500236565,40.8226018809716,"","48h",10,"15hHB101","DMSO",1,"MILBEMYCIN",0.0039,NA,NA,"ED3102",3,NA,NA,NA,828.036929938502,695.296255879971,790.564430224348,811.184259200734,830.597535259617,35.9112531040783,846.772061530422,863.999085429992,940.25547468205,0.0433691443046453,40.1707528299927,32.6444059604995,38.6430169042811,39.3793477011978,39.9857051919433,1.64737562919721,40.8027622115667,42.3071745778238,44.6102085594882,0.0410093292542735,71,"3_ED3102_0.0039",NA,NA,NA,NA,NA,"3",858.463870400194,-27.8663351405766
"20250619-CbDRC4-p034-m2x_A05_roi_0.png",20250619,"CbDRC4","p034","m2x","A05",0,818.429710939025,40.5646193044064,"","48h",10,"15hHB101","DMSO",1,"MILBEMYCIN",0.0078,NA,NA,"ED3102",3,NA,NA,NA,839.27495651803,715.688898963874,796.76465149605,818.249779499365,838.274299035067,38.3497063061212,856.832495557778,885.788627472692,956.048621747587,0.0456938527812456,39.858847940756,33.7045199281495,37.8909601450639,39.091847350754,39.8951436676431,1.93147510526081,40.6940369387998,41.8533106284062,45.5468085851553,0.0484578758556104,68,"3_ED3102_0.0078",NA,NA,NA,NA,NA,"3",858.463870400194,-20.1895713651271
"20250619-CbDRC4-p034-m2x_A06_roi_0.png",20250619,"CbDRC4","p034","m2x","A06",0,836.346311099499,35.4905670595892,"","48h",10,"15hHB101","DMSO",1,"MILBEMYCIN",0.0156,NA,NA,"ED3102",3,NA,NA,NA,820.79898782212,575.877850000166,764.167130288015,805.754636126058,829.57185009812,54.3401918910935,849.800490460052,870.835692184398,964.54653379145,0.0662040191293095,40.4155531494978,30.8706910988389,38.7205281348776,39.4643845698061,40.4423217901027,2.05605249665843,41.3981853782096,42.6090112304973,44.6507787034568,0.0508728035727497,69,"3_ED3102_0.0156",NA,NA,NA,NA,NA,"3",858.463870400194,-28.8920203020735
"20250619-CbDRC4-p034-m2x_A07_roi_0.png",20250619,"CbDRC4","p034","m2x","A07",0,838.658081704824,38.8188914725921,"","48h",10,"15hHB101","DMSO",1,"MILBEMYCIN",0.03125,NA,NA,"ED3102",3,NA,NA,NA,835.172424891261,672.759656399825,798.736979438999,819.032953728981,837.055055835512,41.0664764849657,851.253205670649,881.038694271062,980.076260121984,0.0491712552534437,40.1417300817557,30.3791975394707,38.7815641767447,39.4327746032233,40.1216976902726,1.8694952450443,41.0686123121403,42.3538907508238,43.6011755609883,0.0465723635039333,74,"3_ED3102_0.03125",NA,NA,NA,NA,NA,"3",858.463870400194,-21.4088145646817
"20250619-CbDRC4-p034-m2x_A08_roi_0.png",20250619,"CbDRC4","p034","m2x","A08",0,806.596846242194,40.8443781181605,"","48h",10,"15hHB101","DMSO",1,"MILBEMYCIN",0.0625,NA,NA,"ED3102",3,NA,NA,NA,832.01968414713,713.742426558316,784.80910567591,806.596846242194,821.034082389073,50.0678288038343,853.072431268553,879.338309795465,1118.94423561034,0.0601762551509306,40.2241421619432,34.5831714417308,37.7043049019771,39.457319603103,40.2918236647896,1.93891894992005,41.2282535119601,42.599576500652,46.409802799673,0.0482028663809391,77,"3_ED3102_0.0625",NA,"n>75",NA,NA,NA,"3",858.463870400194,-37.4297880111211
"20250619-CbDRC4-p034-m2x_A10_roi_0.png",20250619,"CbDRC4","p034","m2x","A10",0,698.069282822749,31.5347993301996,"","48h",10,"15hHB101","DMSO",1,"MILBEMYCIN",0.25,NA,NA,"ED3102",3,NA,NA,NA,745.643904425205,517.090466820856,661.657373543832,711.209414738042,759.976609683008,68.9097094155107,795.541887607777,829.170613081685,859.253612489237,0.0924163786581627,34.2538066819899,25.1715430670082,29.4640410954955,32.405215601966,34.703079500119,3.40238253127879,36.3773902670911,38.2236379753193,40.0654767071857,0.0993285961722822,60,"3_ED3102_0.25",NA,NA,NA,NA,NA,"3",858.463870400194,-98.4872607171856
"20250619-CbDRC4-p034-m2x_A11_roi_0.png",20250619,"CbDRC4","p034","m2x","A11",0,633.612453058797,24.9012638023574,"","48h",10,"15hHB101","DMSO",1,"MILBEMYCIN",0.5,NA,NA,"ED3102",3,NA,NA,NA,451.641570354411,232.412540504474,303.958068026176,356.273789809814,459.705907001788,113.519083343629,538.044207683142,583.599016470396,672.880852179986,0.251347729693148,21.5171990316801,15.549409195475,16.7158872479715,18.7220001751022,21.0925365486839,3.70872689962793,23.4156809141053,26.6867547528783,30.1599687185726,0.172361044491316,45,"3_ED3102_0.5",NA,NA,NA,NA,NA,"3",858.463870400194,-398.757963398405
"20250619-CbDRC4-p034-m2x_A12_roi_0.png",20250619,"CbDRC4","p034","m2x","A12",0,271.714982294591,14.219491370103,"","48h",10,"15hHB101","DMSO",1,"MILBEMYCIN",1,NA,NA,"ED3102",3,NA,NA,NA,250.394348898163,208.676774296637,213.78848640996,234.605418867021,251.577063617679,23.9652548519862,270.340444241625,274.589796568777,297.768031375344,0.0957100468019471,15.4259071470313,12.9506479383343,14.1714699791913,14.8949229728611,15.6013829293549,1.18342043607962,15.8615350741817,16.6170419274739,17.9187267805524,0.076716424181729,23,"3_ED3102_1",NA,NA,NA,NA,NA,"3",858.463870400194,-606.886806782515
"20250619-CbDRC4-p034-m2x_B01_roi_0.png",20250619,"CbDRC4","p034","m2x","B01",0,772.575701871898,38.6770465542242,"","48h",10,"15hHB101","DMSO",1,"MILBEMYCIN",0,NA,NA,"NIC1667",3,NA,NA,NA,762.112885210347,654.934081304389,714.963918645983,743.40502615224,768.157169819404,39.3453591899818,781.438058061189,802.720525251005,869.36201204691,0.0516266814976134,37.9018831235776,29.7086341118164,34.3227657530226,35.7981680343328,38.4991072537594,3.05281337223761,40.0649020029333,41.5932253639734,42.4271554233385,0.0805451634760214,43,"3_NIC1667_0",NA,NA,NA,NA,NA,"3",776.621116305835,-8.46394648643104
"20250619-CbDRC4-p034-m2x_B02_roi_0.png",20250619,"CbDRC4","p034","m2x","B02",0,814.152546461365,39.3102020319445,"","48h",10,"15hHB101","DMSO",1,"MILBEMYCIN",0.00097,NA,NA,"NIC1667",3,NA,NA,NA,776.537316090529,717.078710158103,731.901068127133,747.149521340886,778.713921826919,34.1325544602116,799.809290535623,821.387875124889,850.420162055296,0.0439548155033317,37.9309596495623,33.6790765889153,34.5948079781352,36.1626603852853,37.9754898918643,2.33521912362133,39.975611848075,40.8032535430192,41.7045378387907,0.0615649892646013,48,"3_NIC1667_0.00097",NA,NA,NA,NA,NA,"3",776.621116305835,2.09280552108385
"20250619-CbDRC4-p034-m2x_B03_roi_0.png",20250619,"CbDRC4","p034","m2x","B03",0,783.964061744823,37.4348250653048,"","48h",10,"15hHB101","DMSO",1,"MILBEMYCIN",0.0019,NA,NA,"NIC1667",3,NA,NA,NA,766.776019369562,671.424684559641,702.563872376602,741.447528160402,767.807053168533,42.7180688259955,799.592841727753,821.431943104491,843.010044826235,0.0557112738881923,36.971468046318,31.0751787671682,33.8421845072368,34.8258080046124,36.9838316557349,2.76913085371051,39.0839019666748,40.4377874690857,43.3596456931139,0.0748991316828785,47,"3_NIC1667_0.0019",NA,NA,NA,NA,NA,"3",776.621116305835,-8.8140631373027
"20250619-CbDRC4-p034-m2x_B04_roi_0.png",20250619,"CbDRC4","p034","m2x","B04",0,807.56677357971,36.7080071070908,"","48h",10,"15hHB101","DMSO",1,"MILBEMYCIN",0.0039,NA,NA,"NIC1667",3,NA,NA,NA,762.468514881289,244.476824890234,724.565018277929,742.518256115602,770.682750913732,83.0377202940895,802.861847311288,823.660097571737,868.629110299231,0.108906425214185,37.2053190179793,30.5649103558484,34.0858644585522,35.6256525681487,37.473357273936,2.74480912400036,39.1762077440311,40.3066664230244,42.548047380403,0.0737746428857106,57,"3_NIC1667_0.0039",NA,NA,NA,NA,NA,"3",776.621116305835,-5.93836539210361
"20250619-CbDRC4-p034-m2x_B05_roi_0.png",20250619,"CbDRC4","p034","m2x","B05",0,783.550151568053,36.8857909564418,"","48h",10,"15hHB101","DMSO",1,"MILBEMYCIN",0.0078,NA,NA,"NIC1667",3,NA,NA,NA,772.274233015966,636.378441055319,727.936615602016,743.925613517996,772.171649654863,44.0349879784256,799.251709275177,827.869244555942,850.519879270913,0.0570198850302898,37.6415890385934,27.5050059178769,34.7016118274572,36.3407487308631,38.0726604501518,2.71093808309586,39.5388135448932,40.5754891697431,42.5082363118569,0.072019756666393,53,"3_NIC1667_0.0078",NA,NA,NA,NA,NA,"3",776.621116305835,-4.44946665097189
"20250619-CbDRC4-p034-m2x_B07_roi_0.png",20250619,"CbDRC4","p034","m2x","B07",0,772.949531258823,37.4705356262006,"","48h",10,"15hHB101","DMSO",1,"MILBEMYCIN",0.03125,NA,NA,"NIC1667",3,NA,NA,NA,768.248325363782,677.828003345901,734.888276601443,751.249133698528,769.252749118451,32.234033426791,791.785579570073,808.180955923913,826.036658046197,0.0419578310327296,37.426186789249,31.6166792896246,34.6003517206417,36.1444809937866,37.7704494003983,2.24091956052086,38.9051058229458,40.0168029281112,42.2392290673532,0.0598757114407548,40,"3_NIC1667_0.03125",NA,NA,NA,NA,NA,"3",776.621116305835,-7.36836718738448
"20250619-CbDRC4-p034-m2x_B08_roi_0.png",20250619,"CbDRC4","p034","m2x","B08",0,824.538946453838,38.86530095317,"","48h",10,"15hHB101","DMSO",1,"MILBEMYCIN",0.0625,NA,NA,"NIC1667",3,NA,NA,NA,782.031008153104,702.210615070414,732.544117613922,770.436064223824,781.883020724554,35.4537589793199,807.644747769707,825.918654702145,832.984603638739,0.0453354900377287,37.864399729757,31.2360948458237,34.0874852538208,35.4175666746225,38.7542792925037,2.77327301575028,39.8175703331438,40.9902377539985,41.5306141957917,0.0732422284664084,38,"3_NIC1667_0.0625",NA,NA,NA,NA,NA,"3",776.621116305835,5.26190441871859
"20250619-CbDRC4-p034-m2x_B09_roi_0.png",20250619,"CbDRC4","p034","m2x","B09",0,795.428671114478,40.1354770105597,"","48h",10,"15hHB101","DMSO",1,"MILBEMYCIN",0.125,NA,NA,"NIC1667",3,NA,NA,NA,735.49689704149,211.229539519054,691.804967574246,736.378742118595,764.525293524249,141.950475265656,795.428671114478,816.914303129045,847.351366816615,0.192999420985523,35.3241309637823,14.8229586274236,32.7985381739176,33.9233544260715,36.4686301886057,5.9426539922754,38.5919493174663,40.1772267809223,41.0269486896495,0.168232135657304,17,"3_NIC1667_0.125",NA,NA,NA,NA,NA,"3",776.621116305835,-12.0958227815861
"20250619-CbDRC4-p034-m2x_B10_roi_0.png",20250619,"CbDRC4","p034","m2x","B10",0,818.391111500072,36.3738918007549,"","48h",10,"15hHB101","DMSO",1,"MILBEMYCIN",0.25,NA,NA,"NIC1667",3,NA,NA,NA,771.348350960747,689.531837526551,720.629464977533,749.147756259778,777.895644515788,38.5023243101555,792.547677033314,821.237345452577,826.14551615199,0.0499156111012608,37.1551228385833,30.9835237352862,34.2917866055199,35.5039752631476,37.2996196534179,2.69893546608833,39.2587469705701,40.4712724777604,41.4348786548723,0.0726396593496296,23,"3_NIC1667_0.25",NA,NA,NA,NA,NA,"3",776.621116305835,1.27452820995268
"20250619-CbDRC4-p034-m2x_B11_roi_0.png",20250619,"CbDRC4","p034","m2x","B11",0,667.085528926782,31.7976101314901,"","48h",10,"15hHB101","DMSO",1,"MILBEMYCIN",0.5,NA,NA,"NIC1667",3,NA,NA,NA,661.237032584165,520.537808053557,570.47713469402,598.207292356204,661.325658436557,77.4191106960478,722.260340621388,753.947372374398,778.271689846426,0.1170822365975,30.7396151374971,24.0580260362031,25.8726206686143,26.9561096713093,31.9403851260973,3.82636637686442,33.5205648061202,34.7647738199926,36.285399322915,0.124476717088006,16,"3_NIC1667_0.5",NA,NA,NA,NA,NA,"3",776.621116305835,-115.295457869279
"20250619-CbDRC4-p034-m2x_B12_roi_0.png",20250619,"CbDRC4","p034","m2x","B12",0,399.877203390102,18.1764291567807,"","48h",10,"15hHB101","DMSO",1,"MILBEMYCIN",1,NA,NA,"NIC1667",3,NA,NA,NA,398.365150695403,307.144122498799,339.606890876101,372.315681563465,384.346768807137,59.2177084363184,421.790110038661,459.187748505725,582.696928214778,0.148651829440766,19.1625448997744,15.0662986185916,16.3881508259151,17.7028824499536,18.1764291567807,2.72576456080381,19.9179164698547,23.5756347157449,24.6876961376781,0.142244392645149,23,"3_NIC1667_1",NA,NA,NA,NA,NA,"3",776.621116305835,-392.274347498698
"20250619-CbDRC4-p034-m2x_C01_roi_0.png",20250619,"CbDRC4","p034","m2x","C01",0,757.4014808634,35.5858574502473,"","48h",10,"15hHB101","DMSO",1,"MILBEMYCIN",0,NA,NA,"ECA2666",3,NA,NA,NA,740.390081142626,435.097755143565,643.766663279548,736.486594201753,765.812820840457,85.1942798586833,781.211564346144,798.496364781683,868.161827058541,0.115066749310316,35.0225583612727,27.4947241588884,31.347932982629,33.3452033623113,35.5858574502473,2.66455479747328,36.937664110513,37.5791218531267,41.6074972222498,0.0760811009289286,57,"3_ECA2666_0",NA,NA,NA,NA,NA,"3",778.447145543842,-12.634324703385
"20250619-CbDRC4-p034-m2x_C02_roi_0.png",20250619,"CbDRC4","p034","m2x","C02",0,783.773084798551,34.5562480740351,"","48h",10,"15hHB101","DMSO",1,"MILBEMYCIN",0.00097,NA,NA,"ECA2666",3,NA,NA,NA,752.347059023819,426.08726365024,707.837176107784,733.382893437265,759.381526183205,59.6172729419255,775.449877469612,809.759925541033,855.893208471061,0.0792417172724511,34.6273397832095,21.2458672450853,31.4803591523365,33.917311811511,34.5314096299551,2.81505762768991,36.4031227219126,37.5092796654941,39.5784134297922,0.0812958097651758,52,"3_ECA2666_0.00097",NA,NA,NA,NA,NA,"3",778.447145543842,-19.0656193606372
"20250619-CbDRC4-p034-m2x_C03_roi_0.png",20250619,"CbDRC4","p034","m2x","C03",0,766.960276036748,31.860999460992,"","48h",10,"15hHB101","DMSO",1,"MILBEMYCIN",0.0019,NA,NA,"ECA2666",3,NA,NA,NA,757.472928267157,609.153967567349,718.475215680177,736.215061841988,756.509873251568,39.806809953597,776.711870473288,800.732202949003,857.454919988213,0.0525521222846361,34.6955352337925,28.7477966106128,31.9252218610263,32.7844027473778,34.4182172607647,2.43751875762691,36.4720428032823,37.6006833731795,39.564992130578,0.0702545368215805,41,"3_ECA2666_0.0019",NA,NA,NA,NA,NA,"3",778.447145543842,-21.937272292274
"20250619-CbDRC4-p034-m2x_C04_roi_0.png",20250619,"CbDRC4","p034","m2x","C04",0,798.114348427829,36.4179097799475,"","48h",10,"15hHB101","DMSO",1,"MILBEMYCIN",0.0039,NA,NA,"ECA2666",3,NA,NA,NA,759.304169178092,537.017599913739,700.413897929012,743.36984412233,767.371070497335,53.033374851362,791.968520531908,805.965405869035,840.679051799178,0.069844703880354,35.4129169945932,25.2042030312545,32.3128895180212,33.2961875173664,35.4999852585974,3.06023720433856,37.8661792097221,39.2069797601971,39.7091038950107,0.0864158466473064,38,"3_ECA2666_0.0039",NA,NA,NA,NA,NA,"3",778.447145543842,-11.0760750465075
"20250619-CbDRC4-p034-m2x_C05_roi_0.png",20250619,"CbDRC4","p034","m2x","C05",0,615.408742224574,27.9274535797966,"","48h",10,"15hHB101","DMSO",1,"MILBEMYCIN",0.0078,NA,NA,"ECA2666",3,NA,NA,NA,745.008294429265,613.074435225274,684.917672787883,723.416077783657,751.560906778352,43.9754105167354,767.67577445242,784.170920898416,821.583921288164,0.0590267394947919,33.1651891334066,25.5922084378173,29.0671403066767,31.1179736115608,34.0005537707447,2.98050460733888,35.0257998160299,36.2417659498108,38.5973056397392,0.0898684640497551,48,"3_ECA2666_0.0078",NA,NA,NA,NA,NA,"3",778.447145543842,-26.8862387654905
"20250619-CbDRC4-p034-m2x_C06_roi_0.png",20250619,"CbDRC4","p034","m2x","C06",0,795.476638872378,34.2275361125639,"","48h",10,"15hHB101","DMSO",1,"MILBEMYCIN",0.0156,NA,NA,"ECA2666",3,NA,NA,NA,767.286709532397,696.511186728299,724.995786322579,745.966362065028,772.256808191915,32.7698734048779,787.867487094602,803.315607575665,840.530005088245,0.0427087723503626,34.1367092612561,26.1110414549181,31.4228400128321,33.2919305704276,34.0721647708211,2.47723232724135,35.8840553955179,37.1768061584597,39.2573159729944,0.0725679885627675,37,"3_ECA2666_0.0156",NA,NA,NA,"outlier","outlier","3",778.447145543842,-6.19033735192716
"20250619-CbDRC4-p034-m2x_C07_roi_0.png",20250619,"CbDRC4","p034","m2x","C07",0,782.748021347836,34.6285518359782,"","48h",10,"15hHB101","DMSO",1,"MILBEMYCIN",0.03125,NA,NA,"ECA2666",3,NA,NA,NA,741.535110802382,628.188861408067,656.418182668932,723.421991823736,752.410318287514,52.7909346043081,773.976138070431,789.639697104129,839.515285204468,0.0711914160708929,34.2257196808927,28.2639307046227,30.8827333249498,32.5747365648325,34.2171468367606,2.66821061405416,36.3908919387448,37.3839764435298,39.6033162165843,0.0779592259543852,30,"3_ECA2666_0.03125",NA,NA,NA,NA,NA,"3",778.447145543842,-26.0368272563284
"20250619-CbDRC4-p034-m2x_C08_roi_0.png",20250619,"CbDRC4","p034","m2x","C08",0,852.625737433602,34.3821287499297,"","48h",10,"15hHB101","DMSO",1,"MILBEMYCIN",0.0625,NA,NA,"ECA2666",3,NA,NA,NA,765.809393372646,679.74150157594,696.898885360351,743.744829633553,760.652469241829,47.5227624889642,799.497528817138,826.216621588593,860.40168488031,0.06205560143324,34.9742173384316,30.0737646850675,31.3889865680861,33.2441618655187,34.7421554029286,2.68948087157922,36.7860441668157,37.7866409698294,40.6267793415753,0.076898958039695,36,"3_ECA2666_0.0625",NA,NA,NA,NA,NA,"3",778.447145543842,-17.7946763020135
"20250619-CbDRC4-p034-m2x_C10_roi_0.png",20250619,"CbDRC4","p034","m2x","C10",0,703.755147080371,31.1768177796048,"","48h",10,"15hHB101","DMSO",1,"MILBEMYCIN",0.25,NA,NA,"ECA2666",3,NA,NA,NA,612.053410575318,448.393432165875,525.738837000479,540.725476315088,607.409376968041,85.1610409122751,688.701700828266,702.806576172436,775.664111608814,0.13913988459312,25.0941998282648,19.810815064531,21.1880502384749,23.0056207582759,25.3046019059181,3.07132095423065,27.1673084359409,29.077567452245,31.1768177796048,0.122391667207945,23,"3_ECA2666_0.25",NA,NA,NA,NA,NA,"3",778.447145543842,-171.037768575801
"20250619-CbDRC4-p034-m2x_C11_roi_0.png",20250619,"CbDRC4","p034","m2x","C11",0,420.969467461884,20.0461135030116,"","48h",10,"15hHB101","DMSO",1,"MILBEMYCIN",0.5,NA,NA,"ECA2666",3,NA,NA,NA,382.366979677779,299.419071184372,334.75897251023,352.39902520273,386.12949269284,42.3527012883553,410.675207270515,428.45445933339,452.7740787669,0.110764536529922,18.540403488046,15.1224496608864,16.2541808047612,17.6603414182262,18.7317348930675,1.68331265785957,19.8269833509321,20.1777059229945,21.9079580326814,0.0907915870841156,17,"3_ECA2666_0.5",NA,NA,NA,NA,NA,"3",778.447145543842,-392.317652851002
"20250619-CbDRC4-p034-m2x_C12_roi_0.png",20250619,"CbDRC4","p034","m2x","C12",0,233.62376599363,14.2148421767825,"","48h",10,"15hHB101","DMSO",1,"MILBEMYCIN",1,NA,NA,"ECA2666",3,NA,NA,NA,253.775096611516,132.541314602723,181.669569761623,251.363382394614,266.835350805295,52.1916117961377,278.27478249474,287.977484840765,326.735907263086,0.205660888294464,14.6923118494635,12.456234284727,13.1248796219058,14.2671824527122,14.9451966921044,1.10722980128521,15.0712236442087,16.0972036814102,16.2352532772743,0.0753611693401155,12,"3_ECA2666_1",NA,NA,NA,NA,NA,"3",778.447145543842,-511.611794738547
"20250619-CbDRC4-p034-m2x_D01_roi_0.png",20250619,"CbDRC4","p034","m2x","D01",0,815.882510036652,37.2421547679922,"","48h",10,"15hHB101","DMSO",1,"MILBEMYCIN",0,NA,NA,"VX34",3,NA,NA,NA,834.190788328247,746.027750153928,785.45618347323,815.56219630071,832.834180205064,42.4902035445077,860.211204458724,889.072461000614,929.272872366279,0.0509358340310372,38.7598404521943,35.683220721087,36.4673865120396,37.6765642641958,38.5303564031033,1.75250154322891,40.0217076332557,41.0051276500778,42.585348552825,0.0452143642177892,28,"3_VX34_0",NA,NA,NA,NA,NA,"3",808.628894132328,24.2052860727365
"20250619-CbDRC4-p034-m2x_D02_roi_0.png",20250619,"CbDRC4","p034","m2x","D02",0,841.44454161525,37.3297140466811,"","48h",10,"15hHB101","DMSO",1,"MILBEMYCIN",0.00097,NA,NA,"VX34",3,NA,NA,NA,826.715748932147,537.949011989805,779.792987362884,793.24283217831,830.465696649666,77.5891631264941,862.515984081638,870.715589749623,1091.482336441,0.0938522862624966,38.5707622605749,35.0000093270468,36.8494653182215,37.3297140466811,38.5760512513859,1.66454966014174,39.5073667224912,40.3210315670272,42.7256477994381,0.0431557366923795,33,"3_VX34_0.00097",NA,NA,NA,"outlier","outlier","3",808.628894132328,21.8368025173379
"20250619-CbDRC4-p034-m2x_D03_roi_0.png",20250619,"CbDRC4","p034","m2x","D03",0,800.30399184948,38.8159370915975,"","48h",10,"15hHB101","DMSO",1,"MILBEMYCIN",0.0019,NA,NA,"VX34",3,NA,NA,NA,837.835510720787,756.378635446179,800.160040002152,812.720250882584,835.95511585288,37.5443220931489,856.778867341616,890.719912374245,919.646517788045,0.0448110895429219,38.5980434774231,35.9898649153328,36.8312987324821,37.6655981103688,38.8255840243619,1.4111460889571,39.3712148201514,40.6523212524004,41.0479199811501,0.0365600419560778,38,"3_VX34_0.0019",NA,NA,NA,NA,NA,"3",808.628894132328,27.3262217205524
"20250619-CbDRC4-p034-m2x_D04_roi_0.png",20250619,"CbDRC4","p034","m2x","D04",0,807.691364897392,38.011798176644,"","48h",10,"15hHB101","DMSO",1,"MILBEMYCIN",0.0039,NA,NA,"VX34",3,NA,NA,NA,842.969062850642,751.931859817924,810.699817734289,821.186055687611,842.251469492584,43.999901273434,859.590748212458,871.897103869901,997.663417578805,0.0521963417312623,38.3639073651684,36.2446294426309,36.458599898644,36.9721213008107,38.0303426086561,1.69674819328337,39.8039017039159,40.6893215614694,41.6873081340637,0.0442277210486618,28,"3_VX34_0.0039",NA,NA,NA,NA,NA,"3",808.628894132328,33.6225753602564
"20250619-CbDRC4-p034-m2x_D05_roi_0.png",20250619,"CbDRC4","p034","m2x","D05",0,870.778127899309,35.478204237663,"","48h",10,"15hHB101","DMSO",1,"MILBEMYCIN",0.0078,NA,NA,"VX34",3,NA,NA,NA,840.222627913799,751.424827966749,796.269372220966,813.200008901683,842.920088409471,38.0274066025844,857.729014251276,892.47539767237,920.525530355697,0.045258727079278,38.6283831186792,34.628796141905,36.9116767724033,37.8565892944914,38.6739433921936,1.51433579411277,39.4921331695748,40.399071934669,41.9572392461811,0.039202670985742,42,"3_VX34_0.0078",NA,NA,NA,NA,NA,"3",808.628894132328,34.2911942771428
"20250619-CbDRC4-p034-m2x_D06_roi_0.png",20250619,"CbDRC4","p034","m2x","D06",0,802.974155059359,37.5295047229052,"","48h",10,"15hHB101","DMSO",1,"MILBEMYCIN",0.0156,NA,NA,"VX34",3,NA,NA,NA,833.296340089656,764.976803904555,798.491550058106,819.25144890391,838.83471680387,25.8607094947469,846.311984357055,861.744943749164,889.417878826484,0.0310342290618539,38.7731302166663,33.4032669811489,37.1994679467961,38.0385014934969,38.9601273011333,1.51594806606037,39.5587057981814,40.1626944549047,43.2838775706167,0.0390979025317062,46,"3_VX34_0.0156",NA,NA,NA,NA,NA,"3",808.628894132328,30.2058226715424
"20250619-CbDRC4-p034-m2x_D07_roi_0.png",20250619,"CbDRC4","p034","m2x","D07",0,870.518028343354,40.1462514626684,"","48h",10,"15hHB101","DMSO",1,"MILBEMYCIN",0.03125,NA,NA,"VX34",3,NA,NA,NA,828.778338879027,312.760592315271,774.997150434808,811.63686738117,835.714603235237,84.8732056560738,863.19343535688,890.040126149797,1002.61041205157,0.10240760608062,38.8274989045533,19.8955698265372,36.7409195813416,37.9984158317635,39.3440580895173,3.09256093164287,40.141713970495,41.2154762204547,43.0919537942556,0.0796487288363609,59,"3_VX34_0.03125",NA,NA,NA,NA,NA,"3",808.628894132328,27.0857091029092
"20250619-CbDRC4-p034-m2x_D08_roi_0.png",20250619,"CbDRC4","p034","m2x","D08",0,837.186289564545,38.4976927568103,"","48h",10,"15hHB101","DMSO",1,"MILBEMYCIN",0.0625,NA,NA,"VX34",3,NA,NA,NA,850.140614502264,758.311084231012,784.18372523432,819.845195936947,845.662029783118,57.0693907385248,872.408046839599,910.100737965169,1067.43511274953,0.0671293545620537,38.8230899090393,34.4399105036692,37.0010420071128,38.125633796056,38.7722866564482,1.77227845181465,40.3715134924441,41.0106282098852,41.7397633026857,0.0456501132693719,38,"3_VX34_0.0625",NA,NA,NA,NA,NA,"3",808.628894132328,37.0331356507901
"20250619-CbDRC4-p034-m2x_D09_roi_0.png",20250619,"CbDRC4","p034","m2x","D09",0,880.795762666658,38.0194799738928,"","48h",10,"15hHB101","DMSO",1,"MILBEMYCIN",0.125,NA,NA,"VX34",3,NA,NA,NA,822.85051476763,551.515835992261,762.896468123792,796.98247460905,829.73214133417,68.6473094461239,855.82113834347,895.355296416389,940.708293361812,0.0834262216698128,38.6711999811759,26.9739585625028,36.4586183689114,38.0155032260724,39.0324109523688,2.67356989256505,40.1208721493108,41.262291830566,41.8427414320002,0.0691359433859429,36,"3_VX34_0.125",NA,NA,NA,NA,NA,"3",808.628894132328,21.1032472018419
"20250619-CbDRC4-p034-m2x_D10_roi_0.png",20250619,"CbDRC4","p034","m2x","D10",0,813.793149319383,41.4315617431936,"","48h",10,"15hHB101","DMSO",1,"MILBEMYCIN",0.25,NA,NA,"VX34",3,NA,NA,NA,817.601542458339,719.978879629765,788.757619183675,797.983006294351,819.894235018688,29.3507067872261,835.704270477008,848.866044106505,872.675720602585,0.0358985462514849,37.7914603592757,32.7981420357104,35.9453784077435,36.9415511752008,37.5954790924324,1.80964875306875,39.0226803982371,40.2468162707044,41.4315617431936,0.0478851236725119,43,"3_VX34_0.25",NA,NA,NA,NA,NA,"3",808.628894132328,11.2653408863603
"20250619-CbDRC4-p034-m2x_D11_roi_0.png",20250619,"CbDRC4","p034","m2x","D11",0,765.498096556335,34.5175648800519,"","48h",10,"15hHB101","DMSO",1,"MILBEMYCIN",0.5,NA,NA,"VX34",3,NA,NA,NA,630.708844371201,488.525066847343,542.166834755918,578.443229910377,633.753511329985,71.6380846038663,683.379831749389,716.074928676967,782.742436417822,0.113583447010779,28.5383550720816,20.6109256854086,24.4739152684506,25.6167590881706,28.0991871592553,3.9110994960382,31.9404687089283,34.1677860404951,35.7592509780175,0.137047124340545,37,"3_VX34_0.5",NA,NA,NA,NA,NA,"3",808.628894132328,-174.875382802343
"20250619-CbDRC4-p034-m2x_D12_roi_0.png",20250619,"CbDRC4","p034","m2x","D12",0,458.857173534525,20.0589428592968,"","48h",10,"15hHB101","DMSO",1,"MILBEMYCIN",1,NA,NA,"VX34",3,NA,NA,NA,348.026516833678,266.291209490581,277.032519265343,288.638311759835,357.695893909257,65.1394653726403,378.514773011242,413.886306202016,504.389891595243,0.187168109962639,19.0451493929313,15.6134904737935,16.0725680550207,17.0566498175155,18.7525139221674,3.9211258823597,19.0257660258574,20.3884578617318,33.560433580378,0.20588580333295,18,"3_VX34_1",NA,NA,NA,NA,NA,"3",808.628894132328,-450.93300022307
"20250619-CbDRC4-p034-m2x_E01_roi_0.png",20250619,"CbDRC4","p034","m2x","E01",0,723.354007632807,36.0824711780968,"","48h",10,"15hHB101","DMSO",1,"MILBEMYCIN",0,NA,NA,"JU3237",3,NA,NA,NA,736.732149511049,566.153650863815,695.946296265316,719.908235252475,742.159339327906,39.0970463510251,760.973638783307,768.983632384171,824.423986814305,0.0530681963274887,38.4882830492449,27.4861044541517,35.0763472499509,36.8116718155916,38.9641243497113,2.97996234277458,40.2338746794,42.0028198051679,45.8735042577731,0.0774251825928889,68,"3_JU3237_0",NA,NA,NA,NA,NA,"3",765.709066236116,-23.5497269082099
"20250619-CbDRC4-p034-m2x_E02_roi_0.png",20250619,"CbDRC4","p034","m2x","E02",0,722.430933596348,38.9811297897947,"","48h",10,"15hHB101","DMSO",1,"MILBEMYCIN",0.00097,NA,NA,"JU3237",3,NA,NA,NA,750.505017240078,432.767332442226,722.836238339023,731.692195097567,754.451868646627,55.201010842372,778.203050379298,806.986803562029,824.124762681023,0.073551821206165,38.8262864902998,23.1431903526905,34.6950292768283,37.5795251725992,39.1566860798911,3.45189251234568,41.0885976050474,41.8401151162185,44.4988569986196,0.08890606917064,58,"3_JU3237_0.00097",NA,NA,NA,NA,NA,"3",765.709066236116,-11.2571975894898
"20250619-CbDRC4-p034-m2x_E03_roi_0.png",20250619,"CbDRC4","p034","m2x","E03",0,735.11962828396,36.9685467398825,"","48h",10,"15hHB101","DMSO",1,"MILBEMYCIN",0.0019,NA,NA,"JU3237",3,NA,NA,NA,743.587704611386,626.148811183931,710.312794270258,724.922378940069,739.899702831575,32.653030600181,765.035789362146,782.402842130718,804.876283991311,0.0439128167365895,38.5745493362363,32.6809527551378,34.637810223577,36.6821373818407,38.8285762117078,2.85968836947924,40.7467296397536,42.0444296010297,45.868916920298,0.0741340707457829,70,"3_JU3237_0.0019",NA,NA,NA,NA,NA,"3",765.709066236116,-25.8093634045412
"20250619-CbDRC4-p034-m2x_E05_roi_0.png",20250619,"CbDRC4","p034","m2x","E05",0,801.762117691999,38.8012734414419,"","48h",10,"15hHB101","DMSO",1,"MILBEMYCIN",0.0078,NA,NA,"JU3237",3,NA,NA,NA,755.746726681573,675.89401014815,723.998851200721,735.74008320324,754.798237567567,34.4386427491535,769.629637667153,801.46306592781,836.489317938194,0.0455690266769279,38.6678215549375,30.6655871624906,35.9586329070832,37.308254437018,39.2145097207659,2.77760467684926,40.3675074894074,41.6847702287946,43.499390542526,0.0718324582341148,53,"3_JU3237_0.0078",NA,NA,NA,NA,NA,"3",765.709066236116,-10.9108286685495
"20250619-CbDRC4-p034-m2x_E07_roi_0.png",20250619,"CbDRC4","p034","m2x","E07",0,761.430146496871,38.7429022759768,"","48h",10,"15hHB101","DMSO",1,"MILBEMYCIN",0.03125,NA,NA,"JU3237",3,NA,NA,NA,743.046644179035,119.734410606711,719.668261670697,730.2318880657,750.97977736531,81.8921977522296,775.344924421713,794.594235783031,825.586502737045,0.110211382278308,38.9973594194817,12.2179979989353,36.5980439590331,38.3792202688834,39.4501038659907,3.87939665857425,40.774089617035,41.7309006375372,43.7566544062243,0.0994784446004373,73,"3_JU3237_0.03125",NA,NA,NA,NA,NA,"3",765.709066236116,-14.7292888708066
"20250619-CbDRC4-p034-m2x_E08_roi_0.png",20250619,"CbDRC4","p034","m2x","E08",0,809.94475122422,41.5427310219148,"","48h",10,"15hHB101","DMSO",1,"MILBEMYCIN",0.0625,NA,NA,"JU3237",3,NA,NA,NA,761.786190862781,552.119093447964,725.80254471736,746.986271957766,762.453417312483,42.0394829166102,789.470248931925,804.540843103116,817.048866590275,0.0551854095294078,38.8575861806591,29.2638699008761,35.3697104397215,37.5702813854555,38.811201968583,2.8862456176885,41.1166082176493,42.6015642174735,44.0310160815928,0.0742775324300791,54,"3_JU3237_0.0625",NA,NA,NA,NA,NA,"3",765.709066236116,-3.25564892363332
"20250619-CbDRC4-p034-m2x_E09_roi_0.png",20250619,"CbDRC4","p034","m2x","E09",0,756.799803907593,39.9489471122521,"","48h",10,"15hHB101","DMSO",1,"MILBEMYCIN",0.125,NA,NA,"JU3237",3,NA,NA,NA,740.212328432229,609.733051580001,693.983940703315,720.14963485915,743.874086770275,38.7474554108818,765.560554992971,786.047959670237,802.791794668122,0.0523464064600882,36.62772166709,27.8795166129836,33.2202303351323,34.7246264789178,36.643596365043,3.02632762032133,38.8467679911375,40.1748362605848,42.1567465487511,0.0826239657445165,59,"3_JU3237_0.125",NA,NA,NA,NA,NA,"3",765.709066236116,-21.8349794658411
"20250619-CbDRC4-p034-m2x_E10_roi_0.png",20250619,"CbDRC4","p034","m2x","E10",0,595.729564656782,26.1547103592579,"","48h",10,"15hHB101","DMSO",1,"MILBEMYCIN",0.25,NA,NA,"JU3237",3,NA,NA,NA,575.517485675184,431.498888566252,465.711316254958,535.908671156444,587.629774939081,72.5227127312053,610.013920543771,682.830719206866,714.426689523924,0.126013048319676,26.4144789594712,18.5411716251598,21.690651036008,24.4911679610237,26.6576801814117,3.41030586118753,28.7151901449794,29.7723917327528,37.1023884032267,0.129107443929524,59,"3_JU3237_0.25",NA,NA,NA,NA,NA,"3",765.709066236116,-178.079291297035
"20250619-CbDRC4-p034-m2x_E11_roi_0.png",20250619,"CbDRC4","p034","m2x","E11",0,504.46838525801,21.1178074138266,"","48h",10,"15hHB101","DMSO",1,"MILBEMYCIN",0.5,NA,NA,"JU3237",3,NA,NA,NA,407.346433617436,259.993510877681,338.894900132433,361.853423327155,404.40298422363,62.6644682692845,441.566210291142,487.657688490774,561.151823598187,0.153835809271222,19.2994289549539,14.1028911393677,16.8024605223085,17.8043335732291,19.2446131135362,2.0977109262386,20.708108470708,21.6320528346581,25.7829570053294,0.108692901284012,64,"3_JU3237_0.5",NA,NA,NA,NA,NA,"3",765.709066236116,-361.306082012486
"20250619-CbDRC4-p034-m2x_E12_roi_0.png",20250619,"CbDRC4","p034","m2x","E12",0,272.654194467868,14.1331744811617,"","48h",10,"15hHB101","DMSO",1,"MILBEMYCIN",1,NA,NA,"JU3237",3,NA,NA,NA,302.01486674565,240.293100048275,256.629458163649,272.110150568998,283.549904543268,88.3075784264599,301.2227767154,325.463413555125,691.800783761107,0.292394806182937,16.9062358903094,14.1331744811617,14.351814487288,15.1898599888121,15.9461279300009,4.02623621058636,17.2326149657487,17.9771874380042,34.344238930267,0.238150954281561,23,"3_JU3237_1",NA,NA,NA,NA,NA,"3",765.709066236116,-482.159161692848
"20250619-CbDRC4-p034-m2x_F01_roi_0.png",20250619,"CbDRC4","p034","m2x","F01",0,701.629171120072,38.4931792645525,"","48h",10,"15hHB101","DMSO",1,"MILBEMYCIN",0,NA,NA,"PB420",3,NA,NA,NA,744.823956313446,603.903634317652,708.745935780819,727.370072837816,748.302102673718,31.3000548701686,767.232834579469,781.0606075212,808.498380543017,0.0420234266162573,38.1065134223897,32.5996826681788,36.0074444045848,36.7973556934956,38.4369208655838,1.9685588953229,39.5404845135259,40.4485317022949,42.1296853992565,0.0516593809961702,83,"3_PB420_0",NA,"n>75",NA,NA,NA,"3",764.404649350685,-16.1025466769673
"20250619-CbDRC4-p034-m2x_F02_roi_0.png",20250619,"CbDRC4","p034","m2x","F02",0,769.965867348867,39.1549590010344,"","48h",10,"15hHB101","DMSO",1,"MILBEMYCIN",0.00097,NA,NA,"PB420",3,NA,NA,NA,755.868981679739,684.181807989997,716.399087554846,738.965708297526,755.61914270004,29.1431485695988,775.600584208222,790.53858516479,873.294762821076,0.0385558202227523,38.3051369994443,33.0470040599041,35.9315034789582,37.0284013009299,38.1735147069797,1.97061346503522,39.7815498125505,41.2852873365179,42.2632757491146,0.051445148598837,96,"3_PB420_0.00097",NA,"n>75",NA,NA,NA,"3",764.404649350685,-8.78550665064517
"20250619-CbDRC4-p034-m2x_F03_roi_0.png",20250619,"CbDRC4","p034","m2x","F03",0,757.991856723711,37.8355964065339,"","48h",10,"15hHB101","DMSO",1,"MILBEMYCIN",0.0019,NA,NA,"PB420",3,NA,NA,NA,751.980494690948,573.612538452513,713.973296889465,740.450527583801,755.146302476288,32.5229634701821,769.630013677794,785.813663448259,810.240504875073,0.0432497434438755,37.8493622833302,26.9635920567011,35.0397746747717,36.6035881730203,38.1403967639201,2.41329573998432,39.1538641460911,40.3831464635179,43.6518013520346,0.0637605389998129,104,"3_PB420_0.0019",NA,"n>75",NA,NA,NA,"3",764.404649350685,-9.25834687439715
"20250619-CbDRC4-p034-m2x_F04_roi_0.png",20250619,"CbDRC4","p034","m2x","F04",0,778.471659902187,38.0262766581419,"","48h",10,"15hHB101","DMSO",1,"MILBEMYCIN",0.0039,NA,NA,"PB420",3,NA,NA,NA,743.020654272037,165.416239757268,707.080687445645,736.589782158178,761.741051412414,83.6723945289645,777.627162557641,785.54352248981,816.855726092599,0.112611128705354,38.3499296787902,12.5195647507138,35.684640525814,37.4157346443579,38.9928922569456,4.19534035233891,40.5032857586504,41.2730856135153,46.3573561451415,0.109396298441173,83,"3_PB420_0.0039",NA,"n>75",NA,NA,NA,"3",764.404649350685,-2.66359793827178
"20250619-CbDRC4-p034-m2x_F05_roi_0.png",20250619,"CbDRC4","p034","m2x","F05",0,767.870537680192,37.5486847463286,"","48h",10,"15hHB101","DMSO",1,"MILBEMYCIN",0.0078,NA,NA,"PB420",3,NA,NA,NA,752.981071865491,692.588582949803,713.570800761956,735.542803547169,756.87070307049,27.1297743831064,773.722400971254,786.463505002337,805.100569679424,0.0360298225238161,38.003379726316,32.6363707655798,35.2431709548145,36.59034898464,37.9855962679652,2.02812576089573,39.4466078365696,40.3221871826348,42.7421924905953,0.0533669840814533,81,"3_PB420_0.0078",NA,"n>75",NA,NA,NA,"3",764.404649350685,-7.53394628019578
"20250619-CbDRC4-p034-m2x_F06_roi_0.png",20250619,"CbDRC4","p034","m2x","F06",0,766.746431199916,38.567310547181,"","48h",10,"15hHB101","DMSO",1,"MILBEMYCIN",0.0156,NA,NA,"PB420",3,NA,NA,NA,750.312129203209,671.010076055273,719.489807841869,733.5403431655,751.046856512882,26.2368874439666,767.334613748292,781.026161499355,799.810198415844,0.0349679638950109,37.5042479257735,32.0835926253955,34.9541333546574,36.4242666642963,37.5681483227898,2.02343462966286,38.7940544739453,40.109113353166,41.7703175633442,0.0539521451987931,80,"3_PB420_0.0156",NA,"n>75",NA,NA,NA,"3",764.404649350685,-13.3577928378036
"20250619-CbDRC4-p034-m2x_F07_roi_0.png",20250619,"CbDRC4","p034","m2x","F07",0,731.350700268512,34.436829703307,"","48h",10,"15hHB101","DMSO",1,"MILBEMYCIN",0.03125,NA,NA,"PB420",3,NA,NA,NA,746.489763710575,369.150086263056,717.132184258383,735.961804813969,752.936466060151,51.2886487548657,768.924260918182,783.290085854986,822.496495478895,0.0687064327579328,37.3511187580459,30.8576076396222,34.4957987153005,36.0509037023343,37.36601459411,2.25608808147886,38.7008067958866,40.1761770040413,41.9492167656606,0.0604021554506415,75,"3_PB420_0.03125",NA,NA,NA,NA,NA,"3",764.404649350685,-11.4681832905338
"20250619-CbDRC4-p034-m2x_F08_roi_0.png",20250619,"CbDRC4","p034","m2x","F08",0,762.646453357684,37.3437491278457,"","48h",10,"15hHB101","DMSO",1,"MILBEMYCIN",0.0625,NA,NA,"PB420",3,NA,NA,NA,754.484637229065,669.760234322258,724.646523892244,735.564809430927,755.507833673014,26.5880508311214,776.418086093262,784.556251289593,804.789872837478,0.0352400161900833,37.5600752744946,31.8961646497031,35.3849001106393,36.5983794804278,37.5826720346096,1.86469744894963,38.5721486087325,39.9154910410509,42.5256925120478,0.0496457324784934,97,"3_PB420_0.0625",NA,"n>75",NA,NA,NA,"3",764.404649350685,-8.89681567767173
"20250619-CbDRC4-p034-m2x_F09_roi_0.png",20250619,"CbDRC4","p034","m2x","F09",0,788.089141296907,35.6508840274747,"","48h",10,"15hHB101","DMSO",1,"MILBEMYCIN",0.125,NA,NA,"PB420",3,NA,NA,NA,770.445594077331,672.288774676666,730.107125531401,754.698566476005,771.55208892953,29.6285359642284,789.91600617548,803.071713339923,836.058868809448,0.0384563636835523,37.5577879136924,31.8359984193935,35.3871929520879,36.1734978638699,37.6227715943655,1.89942271295893,38.8215071861116,39.7440455897491,42.6298293923678,0.0505733382733774,79,"3_PB420_0.125",NA,"n>75",NA,NA,NA,"3",764.404649350685,7.14743957884457
"20250619-CbDRC4-p034-m2x_F10_roi_0.png",20250619,"CbDRC4","p034","m2x","F10",0,685.555221127164,32.9904510112427,"","48h",10,"15hHB101","DMSO",1,"MILBEMYCIN",0.25,NA,NA,"PB420",3,NA,NA,NA,712.117048895509,593.511561388736,652.784999292453,699.40377635883,716.956617106135,42.2364109174647,736.513864320122,754.696860491717,794.943800405378,0.0593110514387673,34.8013852727437,27.143475591682,31.2495999432086,33.286872340217,35.1180169868096,2.6453732310763,36.8058521563061,37.799016315789,38.9790898692647,0.0760134463138209,66,"3_PB420_0.25",NA,NA,NA,NA,NA,"3",764.404649350685,-47.4480322445506
"20250619-CbDRC4-p034-m2x_F11_roi_0.png",20250619,"CbDRC4","p034","m2x","F11",0,638.446895870495,26.4680489069816,"","48h",10,"15hHB101","DMSO",1,"MILBEMYCIN",0.5,NA,NA,"PB420",3,NA,NA,NA,533.171121540364,341.924359282852,415.006477832943,491.800541074917,529.68026489465,83.4737497938869,574.787425905578,638.863756776943,755.806797231053,0.156560898408612,24.5336524452609,18.8698497143707,20.5405539942527,22.4990182162044,24.0128322556987,3.48821006969927,26.4325315917017,28.126008496707,37.0171618750462,0.142180626283922,58,"3_PB420_0.5",NA,NA,NA,NA,NA,"3",764.404649350685,-234.724384456035
"20250619-CbDRC4-p034-m2x_F12_roi_0.png",20250619,"CbDRC4","p034","m2x","F12",0,337.256313322357,18.0686323210623,"","48h",10,"15hHB101","DMSO",1,"MILBEMYCIN",1,NA,NA,"PB420",3,NA,NA,NA,303.094245317182,209.947624440668,250.802623971297,274.392834599607,304.116017473315,41.2888595955065,327.587865878523,362.224598837464,402.127611754391,0.136224491996866,17.8142044525553,15.3572161896957,15.8739072407661,16.9207647339809,17.5868953844175,1.50074448670047,18.5755242913252,19.7474326262415,21.6341303202774,0.084244260847989,42,"3_PB420_1",NA,NA,NA,NA,NA,"3",764.404649350685,-460.28863187737
"20250619-CbDRC4-p035-m2x_A01_roi_0.png",20250619,"CbDRC4","p035","m2x","A01",0,857.212950064292,38.765790302772,"","48h",10,"15hHB101","DMSO",1,"MILBEMYCIN",0,NA,NA,"ED3102",3,NA,NA,NA,828.35458702303,595.823268509819,777.11070377909,805.105815219911,834.741487541738,66.2391618552141,858.443754861998,901.411224466225,969.227869513302,0.0799647432306335,40.6699650773454,35.6636123622847,38.3496630521506,39.2966885104008,40.5251406181048,2.23822452886326,41.7160335720442,42.9476674033826,50.2656623461339,0.0550338443764741,79,"3_ED3102_0",NA,"n>75",NA,NA,NA,"3",858.463870400194,-23.7223828584557
"20250619-CbDRC4-p035-m2x_A02_roi_0.png",20250619,"CbDRC4","p035","m2x","A02",0,842.23451475758,39.8098458565928,"","48h",10,"15hHB101","DMSO",1,"MILBEMYCIN",0.00097,NA,NA,"ED3102",3,NA,NA,NA,839.562958858913,768.728683555463,806.158011831401,818.467432486976,837.525589723888,29.3115850366847,856.904782108412,878.157301466029,937.554611960716,0.0349129088264249,40.6937753766614,37.1639163565897,38.5705479306081,39.4503927341934,40.7382801967995,1.70097699274865,42.0399948590994,42.8311737307855,45.4272796927811,0.041799439275526,68,"3_ED3102_0.00097",NA,NA,NA,NA,NA,"3",858.463870400194,-20.9382806763059
"20250619-CbDRC4-p035-m2x_A03_roi_0.png",20250619,"CbDRC4","p035","m2x","A03",0,892.240385617651,42.0469270752368,"","48h",10,"15hHB101","DMSO",1,"MILBEMYCIN",0.0019,NA,NA,"ED3102",3,NA,NA,NA,851.580828490355,717.101499952485,800.436053409047,818.909874038938,847.283713279164,43.9904787641567,891.938808111565,909.493656674234,929.875788618671,0.0516574320280802,40.2525751091525,33.5230814112786,38.0721747626716,38.8610142365335,40.130222214595,2.06842511691938,41.5770515548236,42.835748350662,44.9027742485385,0.051386156321936,86,"3_ED3102_0.0019",NA,"n>75",NA,NA,NA,"3",858.463870400194,-11.1801571210303
"20250619-CbDRC4-p035-m2x_A04_roi_0.png",20250619,"CbDRC4","p035","m2x","A04",0,849.760791865001,40.911781503501,"","48h",10,"15hHB101","DMSO",1,"MILBEMYCIN",0.0039,NA,NA,"ED3102",3,NA,NA,NA,847.523369057124,772.915145583723,806.164922017633,818.830146964569,844.464372908861,37.4533795323374,873.490973917466,890.931484928011,984.187418867806,0.0441915596663778,40.5926001961319,35.9639189367919,38.233137748132,39.0157668623348,40.4840632082914,1.98039839348927,42.2312201305431,43.199805058693,45.6565759689476,0.0487871775624264,89,"3_ED3102_0.0039",NA,"n>75",NA,NA,NA,"3",858.463870400194,-13.9994974913333
"20250619-CbDRC4-p035-m2x_A05_roi_0.png",20250619,"CbDRC4","p035","m2x","A05",0,867.531859239434,40.0978728797981,"","48h",10,"15hHB101","DMSO",1,"MILBEMYCIN",0.0078,NA,NA,"ED3102",3,NA,NA,NA,838.043126416715,612.530011200795,803.585890369663,823.395163993219,835.314301294476,42.5736863606569,852.233690754533,884.834036418208,940.146622414048,0.050801307258127,40.0246732091469,29.5595779466868,38.1826651913084,39.1078145200651,40.0161281089655,2.01608993350008,41.0766882853381,41.9612494375154,47.4747985747011,0.0503711778723364,77,"3_ED3102_0.0078",NA,"n>75",NA,NA,NA,"3",858.463870400194,-23.149569105718
"20250619-CbDRC4-p035-m2x_A06_roi_0.png",20250619,"CbDRC4","p035","m2x","A06",0,877.605728525508,41.2300857191065,"","48h",10,"15hHB101","DMSO",1,"MILBEMYCIN",0.0156,NA,NA,"ED3102",3,NA,NA,NA,850.021868103366,765.764256580975,805.385037966351,822.712723511514,840.616759460006,41.2211393888449,876.788961833498,906.388291225436,953.824684105346,0.0484942104852204,40.6205549913675,37.1148708485741,38.4147442057008,39.1265477813239,40.5522772918824,1.77147055742453,41.8013840754467,43.0050267817923,44.9986851727497,0.0436102007419887,75,"3_ED3102_0.0156",NA,NA,NA,NA,NA,"3",858.463870400194,-17.8471109401881
"20250619-CbDRC4-p035-m2x_A07_roi_0.png",20250619,"CbDRC4","p035","m2x","A07",0,825.20990373349,44.8411470868432,"","48h",10,"15hHB101","DMSO",1,"MILBEMYCIN",0.03125,NA,NA,"ED3102",3,NA,NA,NA,856.215883443093,783.239226049588,805.007103282326,826.698267598361,841.786748475532,43.2171828042215,889.022820379689,912.081677868127,974.169736374887,0.0504746333721731,42.3947047948428,38.0010162846174,39.9451746113571,40.7620737502775,42.2672290852851,2.16287625674934,43.9330631937847,44.8270010176267,52.850741876589,0.0510176039016186,77,"3_ED3102_0.03125",NA,"n>75",NA,NA,NA,"3",858.463870400194,-16.6771219246614
"20250619-CbDRC4-p035-m2x_A08_roi_0.png",20250619,"CbDRC4","p035","m2x","A08",0,852.461330818335,39.1624947721992,"","48h",10,"15hHB101","DMSO",1,"MILBEMYCIN",0.0625,NA,NA,"ED3102",3,NA,NA,NA,851.413078221605,553.677272888974,774.922932610352,821.882626667937,858.118703677547,60.3475355870622,891.311044177971,904.360923882188,974.030003584541,0.070879267808657,40.1516236737432,32.6966461376281,38.2571472478945,39.2674310541994,40.0762573945418,1.96601573879031,41.2533024332589,42.2958458057747,44.3939251873983,0.0489647879439548,77,"3_ED3102_0.0625",NA,"n>75",NA,NA,NA,"3",858.463870400194,-0.345166722646809
"20250619-CbDRC4-p035-m2x_A09_roi_0.png",20250619,"CbDRC4","p035","m2x","A09",0,866.373282208058,38.5603195832372,"","48h",10,"15hHB101","DMSO",1,"MILBEMYCIN",0.125,NA,NA,"ED3102",3,NA,NA,NA,854.095402790668,778.066006865836,808.505076687571,832.955528715871,855.0560860018,34.7379281524357,882.238127228381,895.306747420919,916.816203950306,0.0406721872509009,40.3871715905654,34.1830733099685,37.8724941815308,39.2856764844583,40.6789729935801,2.09215625520041,41.5564475818756,42.3572105174931,46.8347947770339,0.0518024950202045,60,"3_ED3102_0.125",NA,NA,NA,NA,NA,"3",858.463870400194,-3.40778439839346
"20250619-CbDRC4-p035-m2x_A10_roi_0.png",20250619,"CbDRC4","p035","m2x","A10",0,817.2509006224,36.2707512474843,"","48h",10,"15hHB101","DMSO",1,"MILBEMYCIN",0.25,NA,NA,"ED3102",3,NA,NA,NA,719.377094986458,493.563547955158,597.037526647472,679.103291913515,732.814888477419,76.0702296546817,772.104289088559,796.543040004414,844.917512296831,0.10574458122845,33.9028874445213,24.8448411984503,28.787532718343,31.8608828004772,34.8599282147397,3.72900828774234,36.2809122304503,37.331369085001,40.6283938725899,0.109990875964311,52,"3_ED3102_0.25",NA,NA,NA,NA,NA,"3",858.463870400194,-125.648981922775
"20250619-CbDRC4-p035-m2x_A11_roi_0.png",20250619,"CbDRC4","p035","m2x","A11",0,600.653968145907,27.2835438767891,"","48h",10,"15hHB101","DMSO",1,"MILBEMYCIN",0.5,NA,NA,"ED3102",3,NA,NA,NA,432.043962011331,243.391000759852,311.295413079087,392.342060695031,430.639630740032,88.0310139002786,494.221086711025,533.368853858375,600.653968145907,0.203754760257406,21.1568495331862,15.2404365129737,16.6301215424891,18.3055710843548,21.4102239757323,3.24941394125553,23.1931262639452,25.3659621606753,27.2835438767891,0.153586853097318,36,"3_ED3102_0.5",NA,NA,NA,NA,NA,"3",858.463870400194,-427.824239660162
"20250619-CbDRC4-p035-m2x_A12_roi_0.png",20250619,"CbDRC4","p035","m2x","A12",0,263.15541354245,14.7164864809628,"","48h",10,"15hHB101","DMSO",1,"MILBEMYCIN",1,NA,NA,"ED3102",3,NA,NA,NA,242.911973150238,187.240723789612,202.513866648631,211.71655357611,234.241530137647,49.9377226594519,258.124536213949,277.087218472705,449.369041221133,0.205579502779659,16.8196830297907,13.2811860128,13.4691893435165,14.1173924818463,14.6851179349029,9.40480399666589,16.0891749890839,17.4764039482655,62.3867666104651,0.55915465113155,26,"3_ED3102_1",NA,NA,NA,NA,NA,"3",858.463870400194,-624.222340262547
"20250619-CbDRC4-p035-m2x_B01_roi_0.png",20250619,"CbDRC4","p035","m2x","B01",0,755.789828345204,38.7750832514151,"","48h",10,"15hHB101","DMSO",1,"MILBEMYCIN",0,NA,NA,"NIC1667",3,NA,NA,NA,777.306563564823,714.660787593144,739.859829085194,754.2984807578,768.572421061599,34.463456756717,797.737958289084,822.057834958171,857.120703073583,0.0443370201309807,38.6870962444054,34.0528018389553,36.6227895173862,37.5153865845088,38.7338731982852,1.87749286034288,39.6631474620504,41.2103315267295,42.7095238602283,0.0485302088448778,42,"3_NIC1667_0",NA,NA,NA,NA,NA,"3",776.621116305835,-8.04869524423657
"20250619-CbDRC4-p035-m2x_B02_roi_0.png",20250619,"CbDRC4","p035","m2x","B02",0,826.028362362571,37.9108416976131,"","48h",10,"15hHB101","DMSO",1,"MILBEMYCIN",0.00097,NA,NA,"NIC1667",3,NA,NA,NA,791.964271235375,675.685030438302,735.541695702249,765.714212805321,799.912644387451,41.9951997243253,819.389115016931,839.387761112552,876.694687581716,0.0530266342177502,38.2394662870094,32.9556725610464,35.4280825334094,37.376659019697,38.4006964430691,2.12071548846673,39.5529070590197,40.4047198909078,43.8565296823298,0.0554588150511707,55,"3_NIC1667_0.00097",NA,NA,NA,NA,NA,"3",776.621116305835,23.2915280816152
"20250619-CbDRC4-p035-m2x_B03_roi_0.png",20250619,"CbDRC4","p035","m2x","B03",0,777.258381432472,38.0428196663307,"","48h",10,"15hHB101","DMSO",1,"MILBEMYCIN",0.0019,NA,NA,"NIC1667",3,NA,NA,NA,780.693743490787,672.036585051654,739.012397312302,767.143843688126,778.417866539353,35.5838094777991,796.991840877344,824.654244578521,853.025280169662,0.0455797292785901,37.818493937741,31.9152236257228,35.1271000916485,36.6909700761801,38.1192044955733,2.33598557263924,39.4277781585745,40.2505966024959,42.4676200981465,0.0617683394924417,29,"3_NIC1667_0.0019",NA,NA,NA,NA,NA,"3",776.621116305835,1.79675023351729
"20250619-CbDRC4-p035-m2x_B04_roi_0.png",20250619,"CbDRC4","p035","m2x","B04",0,821.706325530686,38.188639303705,"","48h",10,"15hHB101","DMSO",1,"MILBEMYCIN",0.0039,NA,NA,"NIC1667",3,NA,NA,NA,779.86680752192,648.987112623054,728.13126247545,767.219648901569,784.367333148481,38.6246841064031,805.51368694493,821.25535802271,849.353697558073,0.0495272830358502,38.7649361919797,29.8042424105652,36.6675403725307,37.9145637582817,39.2725209198428,2.36767756533834,40.0576795481486,40.6795502375913,44.1875191944891,0.0610778140743645,55,"3_NIC1667_0.0039",NA,NA,NA,NA,NA,"3",776.621116305835,7.74621684264605
"20250619-CbDRC4-p035-m2x_B05_roi_0.png",20250619,"CbDRC4","p035","m2x","B05",0,804.015072239828,36.8793771927084,"","48h",10,"15hHB101","DMSO",1,"MILBEMYCIN",0.0078,NA,NA,"NIC1667",3,NA,NA,NA,786.426641985734,720.796831669284,741.325880602541,756.88690741117,780.748419334424,47.1579287433879,808.436386532371,829.789491172596,1003.62243282422,0.0599648158209819,38.7519084264153,34.441833660798,35.3303801230723,36.8961487116017,38.9847002862306,2.27162511674221,40.4823617739911,41.4957112534414,42.6954914946824,0.0586196966545718,45,"3_NIC1667_0.0078",NA,NA,NA,NA,NA,"3",776.621116305835,4.12730302858904
"20250619-CbDRC4-p035-m2x_B06_roi_0.png",20250619,"CbDRC4","p035","m2x","B06",0,818.098251480173,37.9009650877527,"","48h",10,"15hHB101","DMSO",1,"MILBEMYCIN",0.0156,NA,NA,"NIC1667",3,NA,NA,NA,768.681334377147,644.265009957101,714.79943719893,732.069037054305,771.176943690809,47.5730159749885,804.911186710866,816.47438566623,937.534058123716,0.0618891260232516,37.9861189453159,31.5453575644034,34.8053933781156,36.5987201534829,37.9809511589698,2.53992360108966,39.6939086845031,40.8146527527092,43.7338042890688,0.066864519766973,53,"3_NIC1667_0.0156",NA,NA,NA,NA,NA,"3",776.621116305835,-5.44417261502679
"20250619-CbDRC4-p035-m2x_B07_roi_0.png",20250619,"CbDRC4","p035","m2x","B07",0,774.025173358732,37.8300454849885,"","48h",10,"15hHB101","DMSO",1,"MILBEMYCIN",0.03125,NA,NA,"NIC1667",3,NA,NA,NA,773.145355078604,686.988016875322,718.802296886819,755.958367473811,774.025173358732,39.1411212033876,797.169267709422,816.202788383615,877.624552888361,0.0506258246864953,38.6278478670395,31.4025428951573,35.650349980343,36.9002809584761,39.214130493535,2.50765438962678,40.6371236329766,41.2060040389446,42.6474743139703,0.0649183044900236,51,"3_NIC1667_0.03125",NA,NA,NA,"outlier","outlier","3",776.621116305835,-2.59594294710382
"20250619-CbDRC4-p035-m2x_B08_roi_0.png",20250619,"CbDRC4","p035","m2x","B08",0,798.71337772929,40.0610202749563,"","48h",10,"15hHB101","DMSO",1,"MILBEMYCIN",0.0625,NA,NA,"NIC1667",3,NA,NA,NA,780.011452006321,656.389031858284,733.534691235917,751.044339435128,791.226137419686,40.8059704838704,806.783720542909,826.507703835966,855.540752313635,0.0523145786884418,38.3745611345746,31.0896921999783,35.3531125531664,36.6184594610903,38.6488033056517,2.53079751011025,40.0810933923751,41.4953864713829,43.1231208202734,0.0659498750027412,60,"3_NIC1667_0.0625",NA,NA,NA,NA,NA,"3",776.621116305835,14.6050211138509
"20250619-CbDRC4-p035-m2x_B09_roi_0.png",20250619,"CbDRC4","p035","m2x","B09",0,778.2842017505,37.3972885512261,"","48h",10,"15hHB101","DMSO",1,"MILBEMYCIN",0.125,NA,NA,"NIC1667",3,NA,NA,NA,787.322038433806,704.94677411014,744.660153889648,766.210018419448,778.887763636405,37.0747666055301,816.392085541062,830.898377965734,865.077412251697,0.0470897101766409,38.5973672463457,34.0314042134273,35.784061831985,37.2464855019742,38.4944895616116,2.23987806906625,40.2752764120868,41.3995511492876,42.0832179214758,0.0580318873764199,30,"3_NIC1667_0.125",NA,NA,NA,NA,NA,"3",776.621116305835,2.26664733056964
"20250619-CbDRC4-p035-m2x_B10_roi_0.png",20250619,"CbDRC4","p035","m2x","B10",0,768.476917227609,35.8870521717762,"","48h",10,"15hHB101","DMSO",1,"MILBEMYCIN",0.25,NA,NA,"NIC1667",3,NA,NA,NA,784.12887509206,668.632413964443,754.270948807351,765.246964049549,781.88939041958,37.4457878988018,796.911524423937,821.567828024353,880.124389566409,0.0477546345865729,38.38628731312,30.359369264003,36.0429851633653,37.1757051443804,38.3270032489939,2.35058681517171,39.6049079526129,41.1406240293419,43.5050196667456,0.0612350654283855,41,"3_NIC1667_0.25",NA,NA,NA,NA,NA,"3",776.621116305835,5.2682741137445
"20250619-CbDRC4-p035-m2x_B11_roi_0.png",20250619,"CbDRC4","p035","m2x","B11",0,742.873777069274,33.3531193001421,"","48h",10,"15hHB101","DMSO",1,"MILBEMYCIN",0.5,NA,NA,"NIC1667",3,NA,NA,NA,652.205875580614,534.956240001662,573.541184891647,595.233443505152,635.377446672,69.3431054074343,724.389468429569,742.388218671019,766.880846739994,0.106320884254075,29.731754293376,22.8697643761265,24.1405187673549,26.7018745713853,29.9144007132071,3.84891348333792,33.2432970959502,34.0299506506292,36.1055823984861,0.129454637804384,37,"3_NIC1667_0.5",NA,NA,NA,"outlier","outlier","3",776.621116305835,-141.243669633835
"20250619-CbDRC4-p035-m2x_B12_roi_0.png",20250619,"CbDRC4","p035","m2x","B12",0,385.49191901543,19.2258611997958,"","48h",10,"15hHB101","DMSO",1,"MILBEMYCIN",1,NA,NA,"NIC1667",3,NA,NA,NA,387.649933159096,263.827843637173,339.664262279435,370.814890154331,392.493334069069,46.3299134552347,425.096393625386,439.457428256483,444.611462386928,0.119514823793921,19.0225468581995,15.8239671323079,16.7168620364676,18.2088538777268,19.3521785891759,1.55964793627002,19.9020762817004,20.7106710996257,21.3888910407255,0.0819894385276677,21,"3_NIC1667_1",NA,NA,NA,NA,NA,"3",776.621116305835,-384.127782236767
"20250619-CbDRC4-p035-m2x_C01_roi_0.png",20250619,"CbDRC4","p035","m2x","C01",0,869.20432434243,36.6013114005671,"","48h",10,"15hHB101","DMSO",1,"MILBEMYCIN",0,NA,NA,"ECA2666",3,NA,NA,NA,768.027084728538,542.107111509964,716.234184771612,734.443916851867,767.556119023337,52.5101736789628,804.689878350663,825.693549332936,869.20432434243,0.0683702107947439,35.0276249268677,23.1892050719699,31.9478107019057,33.7456708742748,35.6385360861474,2.70782013728361,36.888915239612,37.636233130941,39.2419358298328,0.0773052738499149,54,"3_ECA2666_0",NA,NA,NA,NA,NA,"3",778.447145543842,-10.8910265205046
"20250619-CbDRC4-p035-m2x_C02_roi_0.png",20250619,"CbDRC4","p035","m2x","C02",0,825.560555702664,36.9573753750623,"","48h",10,"15hHB101","DMSO",1,"MILBEMYCIN",0.00097,NA,NA,"ECA2666",3,NA,NA,NA,770.078381860788,695.167937857793,720.673271904253,749.608593392986,770.312021176978,35.3284953477078,787.09203780622,817.271895434749,860.229849883056,0.0458764928088766,35.40681798383,30.7830044018272,32.660985643707,33.6429319124243,35.3175207866748,2.29138608182142,36.8257010023797,38.3327002979683,40.9880242167863,0.0647159561999578,52,"3_ECA2666_0.00097",NA,NA,NA,NA,NA,"3",778.447145543842,-8.13512436686426
"20250619-CbDRC4-p035-m2x_C03_roi_0.png",20250619,"CbDRC4","p035","m2x","C03",0,872.33255831382,38.7893447238353,"","48h",10,"15hHB101","DMSO",1,"MILBEMYCIN",0.0019,NA,NA,"ECA2666",3,NA,NA,NA,781.536572720572,630.029516527686,725.933530766286,755.577223177427,787.350655832849,47.8873805245568,817.632476454662,832.099230837914,872.33255831382,0.0612733711972789,35.6916971227693,28.5053347002449,32.5588347964227,34.6195064836676,36.2120572054353,2.72815728100442,37.5350898651286,38.650653340712,39.8964146368483,0.0764367486258872,47,"3_ECA2666_0.0019",NA,NA,NA,NA,NA,"3",778.447145543842,8.90351028900716
"20250619-CbDRC4-p035-m2x_C04_roi_0.png",20250619,"CbDRC4","p035","m2x","C04",0,720.655181795422,34.7316761565049,"","48h",10,"15hHB101","DMSO",1,"MILBEMYCIN",0.0039,NA,NA,"ECA2666",3,NA,NA,NA,770.617767164195,628.858106845848,727.006201639924,750.842368969568,783.949072899312,47.0558234082561,799.582398992357,811.078902535594,838.213497240524,0.0610624688571837,35.1015866034948,25.7862860360949,31.4040688370225,34.0683037406404,35.7433706016018,3.26169782124195,36.9563017507032,38.2062666129875,41.7412777615066,0.0929216635728144,42,"3_ECA2666_0.0039",NA,NA,NA,NA,NA,"3",778.447145543842,5.50192735547023
"20250619-CbDRC4-p035-m2x_C05_roi_0.png",20250619,"CbDRC4","p035","m2x","C05",0,737.565718234836,37.2380671702038,"","48h",10,"15hHB101","DMSO",1,"MILBEMYCIN",0.0078,NA,NA,"ECA2666",3,NA,NA,NA,784.666497791493,675.58223261051,734.818780534979,756.506655430984,791.070767753749,44.92128889108,810.893281748855,837.951213579636,868.872960581244,0.0572488936605737,36.6645485982537,30.589182547709,32.7797396799475,34.7352045140902,37.2380671702038,2.88173187824994,38.6903402422498,39.5844930865068,42.6836237496101,0.0785972277969678,37,"3_ECA2666_0.0078",NA,NA,NA,"outlier","outlier","3",778.447145543842,12.6236222099067
"20250619-CbDRC4-p035-m2x_C06_roi_0.png",20250619,"CbDRC4","p035","m2x","C06",0,778.399807685371,35.6945935253212,"","48h",10,"15hHB101","DMSO",1,"MILBEMYCIN",0.0156,NA,NA,"ECA2666",3,NA,NA,NA,777.567629235683,610.41619934217,730.765725803765,750.589150287411,778.166480368272,44.5255111873327,814.822880743396,821.606905788415,855.735913411291,0.0572625576390049,35.2068756743514,28.6510274255205,31.2843760769247,33.6939615508384,35.6945935253212,2.66264146000119,37.3643297564268,38.3386258231282,39.2931490049048,0.0756284506648499,45,"3_ECA2666_0.0156",NA,NA,NA,NA,NA,"3",778.447145543842,-0.280665175570107
"20250619-CbDRC4-p035-m2x_C07_roi_0.png",20250619,"CbDRC4","p035","m2x","C07",0,822.398166800036,34.2017516674676,"","48h",10,"15hHB101","DMSO",1,"MILBEMYCIN",0.03125,NA,NA,"ECA2666",3,NA,NA,NA,762.905100846672,488.208126641581,717.748473194943,743.450186249483,772.36537356953,64.9793105842906,784.833785936989,823.869409135165,865.156874797844,0.0851735170104074,34.3550213515909,22.6292300745542,31.1795277804065,32.5339164707273,35.0907543180172,3.24805187120627,35.8726119514038,37.5222177445504,38.9705971971849,0.0945437302444249,29,"3_ECA2666_0.03125",NA,NA,NA,NA,NA,"3",778.447145543842,-6.08177197431246
"20250619-CbDRC4-p035-m2x_C08_roi_0.png",20250619,"CbDRC4","p035","m2x","C08",0,802.394688442155,37.8876383933447,"","48h",10,"15hHB101","DMSO",1,"MILBEMYCIN",0.0625,NA,NA,"ECA2666",3,NA,NA,NA,780.851117921965,680.834382137102,727.286892643596,745.535553727396,778.905048251034,50.4193095681484,803.625143483358,844.701129210605,902.986153194229,0.0645696835298468,34.196647518933,27.733929195216,30.5342724486185,32.921083638187,35.1744056698438,2.67951593527,35.8162271229988,36.9684672928069,38.9600802762035,0.0783561000763741,32,"3_ECA2666_0.0625",NA,NA,NA,NA,NA,"3",778.447145543842,0.457902707192147
"20250619-CbDRC4-p035-m2x_C09_roi_0.png",20250619,"CbDRC4","p035","m2x","C09",0,761.970979437603,31.8401442325731,"","48h",10,"15hHB101","DMSO",1,"MILBEMYCIN",0.125,NA,NA,"ECA2666",3,NA,NA,NA,756.922757178175,669.898657507166,703.849939669578,731.031577719378,760.00006818368,42.635003975752,779.638087678271,800.578678809526,861.628752518158,0.0563267566887488,34.6708272058049,27.2082863684653,30.7166766034499,32.4202442867759,35.0129530820167,2.97756599853754,37.0043199828478,37.8520069729206,38.9164699928903,0.0858810198228848,30,"3_ECA2666_0.125",NA,NA,NA,NA,NA,"3",778.447145543842,-18.4470773601619
"20250619-CbDRC4-p035-m2x_C10_roi_0.png",20250619,"CbDRC4","p035","m2x","C10",0,548.329489322299,21.6538606531846,"","48h",10,"15hHB101","DMSO",1,"MILBEMYCIN",0.25,NA,NA,"ECA2666",3,NA,NA,NA,551.112217310083,399.595081385002,416.873822426205,496.563779541022,557.930757990427,85.6840260187031,602.057656461496,632.417928012994,738.70627401972,0.15547473514,24.688725079168,20.2435373591916,20.9761745865951,21.631920203525,24.3525527707652,3.74150290776269,26.5237553535189,29.0707075718432,35.3281259464799,0.151547027874668,20,"3_ECA2666_0.25",NA,NA,NA,NA,NA,"3",778.447145543842,-220.516387553415
"20250619-CbDRC4-p035-m2x_C11_roi_0.png",20250619,"CbDRC4","p035","m2x","C11",0,429.190459998547,18.4440083817845,"","48h",10,"15hHB101","DMSO",1,"MILBEMYCIN",0.5,NA,NA,"ECA2666",3,NA,NA,NA,393.236185076129,234.408655395203,328.31096612313,381.009386848727,410.342494158102,49.8078038718061,424.727201284441,436.085536816146,451.57247938979,0.126661293548465,18.4682550355374,16.5044377883547,17.1838635876225,17.3525560227523,18.6355269283246,1.14860419432776,19.4227869791597,19.8565547578435,20.4655030201122,0.0621934336577853,24,"3_ECA2666_0.5",NA,NA,NA,NA,NA,"3",778.447145543842,-368.10465138574
"20250619-CbDRC4-p035-m2x_C12_roi_0.png",20250619,"CbDRC4","p035","m2x","C12",0,252.64170093711,12.5286455062738,"","48h",10,"15hHB101","DMSO",1,"MILBEMYCIN",1,NA,NA,"ECA2666",3,NA,NA,NA,239.630071451695,139.590719511561,154.653553413869,221.205909184025,253.610285701108,55.4597999521476,266.152879743052,284.118928656022,329.841548921621,0.231439233048542,14.7717907796565,12.5286455062738,13.8085253215641,14.344537810135,14.4413367317269,1.34838415214144,15.0343643442459,16.0889319328526,18.07154293019,0.0912810215264089,12,"3_ECA2666_1",NA,NA,NA,NA,NA,"3",778.447145543842,-524.836859842734
"20250619-CbDRC4-p035-m2x_D01_roi_0.png",20250619,"CbDRC4","p035","m2x","D01",0,873.382261077469,39.1238309789142,"","48h",10,"15hHB101","DMSO",1,"MILBEMYCIN",0,NA,NA,"VX34",3,NA,NA,NA,835.036221001685,608.400225730171,795.88074422789,820.490572174513,844.268981560315,56.1041478506092,858.747398732076,872.331833372915,935.129553515729,0.067187681731109,38.4295259684572,30.3017614273074,35.8891834992155,37.3293460443212,38.8529822686122,2.35995991899642,40.0122731615929,40.7969091336862,41.5519884967671,0.0614100710202218,28,"3_VX34_0",NA,NA,NA,NA,NA,"3",808.628894132328,35.6400874279868
"20250619-CbDRC4-p035-m2x_D02_roi_0.png",20250619,"CbDRC4","p035","m2x","D02",0,865.385152987415,37.4195249842955,"","48h",10,"15hHB101","DMSO",1,"MILBEMYCIN",0.00097,NA,NA,"VX34",3,NA,NA,NA,839.30486817514,717.793507212955,810.132174705077,821.16704379893,837.687747998714,36.391309842013,854.511117954265,877.575947854819,935.939798383765,0.0433588690139936,39.2105055368279,34.6303056110455,37.6817959147668,38.5588063239931,39.1063087573957,1.71375745960902,39.9951308661933,40.9125251132154,44.176401094333,0.0437065892455633,36,"3_VX34_0.00097",NA,NA,NA,NA,NA,"3",808.628894132328,29.0588538663862
"20250619-CbDRC4-p035-m2x_D03_roi_0.png",20250619,"CbDRC4","p035","m2x","D03",0,946.580297874052,38.4291223744299,"","48h",10,"15hHB101","DMSO",1,"MILBEMYCIN",0.0019,NA,NA,"VX34",3,NA,NA,NA,852.711932150393,756.168947630693,810.032584612225,824.636126543189,844.785506205125,48.8944308589371,865.989155341495,902.974163951189,1028.57652154203,0.0573399163485772,39.9770314905092,37.7983829831319,38.2009699281443,38.9116065225443,39.9082647807841,1.47277855730018,40.7566785645146,41.8859354460848,43.9112466118963,0.0368406182847726,36,"3_VX34_0.0019",NA,NA,NA,NA,NA,"3",808.628894132328,36.1566120727971
"20250619-CbDRC4-p035-m2x_D04_roi_0.png",20250619,"CbDRC4","p035","m2x","D04",0,817.112309731555,38.6512447878948,"","48h",10,"15hHB101","DMSO",1,"MILBEMYCIN",0.0039,NA,NA,"VX34",3,NA,NA,NA,859.51579548051,735.965211391834,805.712242841269,822.202429361931,851.507187621434,58.0017497731972,880.396786327178,915.917488704901,1073.54129386484,0.0674818893127746,38.929741410318,34.9354198636283,37.1150728989265,38.0547421903823,38.6675202927977,1.85522126727595,39.4189942186816,41.1757837176951,44.5832609518973,0.047655627807079,46,"3_VX34_0.0039",NA,NA,NA,NA,NA,"3",808.628894132328,42.8782934891062
"20250619-CbDRC4-p035-m2x_D05_roi_0.png",20250619,"CbDRC4","p035","m2x","D05",0,904.523053745147,44.0582605619132,"","48h",10,"15hHB101","DMSO",1,"MILBEMYCIN",0.0078,NA,NA,"VX34",3,NA,NA,NA,861.268819511701,799.435591230361,827.645971124106,836.723136261822,860.337340413544,34.0119559469855,877.957123777543,909.403513196539,945.303552832536,0.0394905227920229,39.4630327356683,30.6558016978747,37.4154979725652,38.768580843098,39.6649177602303,2.18507938634317,40.2103031769845,41.5743590315565,44.0582605619132,0.0553702854258388,35,"3_VX34_0.0078",NA,NA,NA,NA,NA,"3",808.628894132328,51.7084462812167
"20250619-CbDRC4-p035-m2x_D06_roi_0.png",20250619,"CbDRC4","p035","m2x","D06",0,955.739004663185,39.3875630169173,"","48h",10,"15hHB101","DMSO",1,"MILBEMYCIN",0.0156,NA,NA,"VX34",3,NA,NA,NA,850.309380411922,498.228483272261,796.514244824554,821.392130616859,843.617637770493,73.7591701346142,869.684283443951,945.684970528723,1007.51913668427,0.0867439214875913,39.1854286685151,28.9724887418766,37.4924897276306,38.4203110359495,39.2759525915264,2.02258357813685,40.3187731071497,41.06441411125,43.4811348611433,0.0516157063189656,56,"3_VX34_0.0156",NA,NA,NA,NA,NA,"3",808.628894132328,34.9887436381653
"20250619-CbDRC4-p035-m2x_D07_roi_0.png",20250619,"CbDRC4","p035","m2x","D07",0,943.389047531353,38.5339943613443,"","48h",10,"15hHB101","DMSO",1,"MILBEMYCIN",0.03125,NA,NA,"VX34",3,NA,NA,NA,852.670461072403,736.512394775876,809.062851997346,831.617928741598,849.971427662747,38.9864595346384,875.143576990822,899.21421387496,943.389047531353,0.0457227748755423,39.2196512501786,28.655767891749,37.5011146230386,38.138598115294,39.4682161601281,2.12757601984163,40.3945872433339,41.299635521895,43.0104844009337,0.0542477036899186,56,"3_VX34_0.03125",NA,NA,NA,NA,NA,"3",808.628894132328,41.3425335304194
"20250619-CbDRC4-p035-m2x_D09_roi_0.png",20250619,"CbDRC4","p035","m2x","D09",0,818.607169980654,38.2706306191726,"","48h",10,"15hHB101","DMSO",1,"MILBEMYCIN",0.125,NA,NA,"VX34",3,NA,NA,NA,858.803475782616,774.671832950251,815.195433069017,827.256555176712,846.496084700725,45.2527266815421,881.939155042113,914.291760039894,969.876575083612,0.0526927614496482,39.1062248349817,36.3053352606709,37.728804178634,38.2646270181272,38.9476371035683,1.37615037496498,39.8545666293542,40.8064233978788,42.3094100054952,0.0351900594028695,38,"3_VX34_0.125",NA,NA,NA,NA,NA,"3",808.628894132328,37.8671905683971
"20250619-CbDRC4-p035-m2x_D10_roi_0.png",20250619,"CbDRC4","p035","m2x","D10",0,839.986844558633,39.6882960637904,"","48h",10,"15hHB101","DMSO",1,"MILBEMYCIN",0.25,NA,NA,"VX34",3,NA,NA,NA,796.547543760389,271.892262045025,789.615905996816,803.848267027461,823.015130200756,124.650350870328,837.76602670415,861.374368623956,920.430661253002,0.156488274738594,37.7160408718543,17.61086863383,36.6164625843564,37.4663581148167,38.5332666562827,4.24148221648258,39.4225957533842,40.1697888559813,40.7806582911114,0.112458310003789,27,"3_VX34_0.25",NA,NA,NA,NA,NA,"3",808.628894132328,14.3862360684282
"20250619-CbDRC4-p035-m2x_D11_roi_0.png",20250619,"CbDRC4","p035","m2x","D11",0,693.890724119696,32.7987303380167,"","48h",10,"15hHB101","DMSO",1,"MILBEMYCIN",0.5,NA,NA,"VX34",3,NA,NA,NA,678.213976112786,504.037506006166,584.871371831504,664.131319484918,687.823049590858,68.539354575588,725.500750403657,751.548670137668,764.612173488431,0.101058599482754,30.4749390294539,20.5424168473476,25.6974372692654,28.6805664834281,31.0319817274332,3.8897498192722,33.1909963971905,34.8599588278795,35.7636970406268,0.127637657142243,18,"3_VX34_0.5",NA,NA,NA,NA,NA,"3",808.628894132328,-120.805844541469
"20250619-CbDRC4-p035-m2x_D12_roi_0.png",20250619,"CbDRC4","p035","m2x","D12",0,402.785411653008,18.5871347595203,"","48h",10,"15hHB101","DMSO",1,"MILBEMYCIN",1,NA,NA,"VX34",3,NA,NA,NA,351.350984675458,294.080725640349,314.30031324139,325.359410985276,358.064806684598,33.0437773472013,373.949191461078,379.659134890517,420.963149171411,0.0940477721379484,18.8929988584211,17.0761588722723,17.5337005696137,17.8791941854966,18.5871347595203,1.50767078541019,19.5996962183123,21.3137786670552,22.4690871615361,0.0798005015883537,21,"3_VX34_1",NA,NA,NA,NA,NA,"3",808.628894132328,-450.564087447729
"20250619-CbDRC4-p035-m2x_E01_roi_0.png",20250619,"CbDRC4","p035","m2x","E01",0,824.937331481727,39.2239964394193,"","48h",10,"15hHB101","DMSO",1,"MILBEMYCIN",0,NA,NA,"JU3237",3,NA,NA,NA,749.52587421408,495.722302935287,692.400190520649,726.796952191885,755.337855422418,52.3448934663182,788.674928087811,798.018972559414,828.113625119018,0.0698373402001695,38.7316025653762,25.5796696603434,33.788716843538,37.4127601064973,39.5689274539887,3.71489962284692,40.9439569963177,42.3921934496541,43.8681601347808,0.095913914653452,65,"3_JU3237_0",NA,NA,NA,NA,NA,"3",765.709066236116,-10.3712108136981
"20250619-CbDRC4-p035-m2x_E02_roi_0.png",20250619,"CbDRC4","p035","m2x","E02",0,753.987529611454,35.6429858919978,"","48h",10,"15hHB101","DMSO",1,"MILBEMYCIN",0.00097,NA,NA,"JU3237",3,NA,NA,NA,756.544995293448,572.144259619679,721.583115356346,735.6768187518,757.013271123205,38.444534796692,776.487641514735,802.712951028821,838.794886929645,0.0508159263967905,38.5539807891996,31.7555424946358,35.0052151904163,36.3867499988372,38.6406926073157,2.62562488209138,40.389914461636,42.0395742374254,43.3816586347352,0.0681025623903126,66,"3_JU3237_0.00097",NA,NA,NA,NA,NA,"3",765.709066236116,-8.69579511291181
"20250619-CbDRC4-p035-m2x_E03_roi_0.png",20250619,"CbDRC4","p035","m2x","E03",0,751.604566461298,38.8560290440389,"","48h",10,"15hHB101","DMSO",1,"MILBEMYCIN",0.0019,NA,NA,"JU3237",3,NA,NA,NA,750.825935825465,436.267839941242,714.711793899797,729.181908042968,757.880741831184,52.8096146179635,778.091843571239,795.471057392243,817.961306395821,0.0703353628293408,39.4903394740149,22.0438385364479,36.25046451589,37.9824962884411,39.9156993730051,3.21775274064885,41.7684578014368,42.3476208100725,43.968522419909,0.0814820227809427,70,"3_JU3237_0.0019",NA,NA,NA,NA,NA,"3",765.709066236116,-7.82832440493223
"20250619-CbDRC4-p035-m2x_E06_roi_0.png",20250619,"CbDRC4","p035","m2x","E06",0,777.432918402379,40.0938066012881,"","48h",10,"15hHB101","DMSO",1,"MILBEMYCIN",0.0156,NA,NA,"JU3237",3,NA,NA,NA,761.388374308428,696.450256836022,721.764091387856,737.047773549073,766.715139419081,30.4876516649834,784.545224422311,796.531528192182,821.928179845543,0.0400421817481459,39.3536497780174,33.6276720204482,35.5003223464537,38.2437549491025,39.611009648694,2.31231215655682,41.0716079019984,41.5657868279714,44.018699357682,0.058757247919822,53,"3_JU3237_0.0156",NA,NA,NA,NA,NA,"3",765.709066236116,1.00607318296431
"20250619-CbDRC4-p035-m2x_E07_roi_0.png",20250619,"CbDRC4","p035","m2x","E07",0,735.526936810497,37.020478977004,"","48h",10,"15hHB101","DMSO",1,"MILBEMYCIN",0.03125,NA,NA,"JU3237",3,NA,NA,NA,760.758198306626,667.800281197971,719.820959384058,732.034201602504,765.415033395423,34.3452714870203,791.255045273742,799.414785563946,820.87371966133,0.0451461076114192,39.3768691919129,32.8025876331747,35.510575927688,38.1385114397773,39.3668648853611,2.66211632491231,41.2359573470095,42.4006037180816,45.9261594339487,0.0676060941243913,62,"3_JU3237_0.03125",NA,NA,NA,NA,NA,"3",765.709066236116,-0.29403284069349
"20250619-CbDRC4-p035-m2x_E08_roi_0.png",20250619,"CbDRC4","p035","m2x","E08",0,804.472427124955,39.8925013356143,"","48h",10,"15hHB101","DMSO",1,"MILBEMYCIN",0.0625,NA,NA,"JU3237",3,NA,NA,NA,768.915360032884,566.723233422761,730.452364020686,748.00991779375,778.337666012902,41.3185474246974,797.070511815525,809.965820342199,822.641604368036,0.0537361451888935,39.4669713359137,31.9998467125574,36.3498021450389,38.1644222660399,39.5935618704004,2.6288786757186,41.0077471205551,41.8724122275127,47.1256350557297,0.0666095873773422,69,"3_JU3237_0.0625",NA,NA,NA,NA,NA,"3",765.709066236116,12.628599776786
"20250619-CbDRC4-p035-m2x_E09_roi_0.png",20250619,"CbDRC4","p035","m2x","E09",0,736.097144242308,36.2655184003944,"","48h",10,"15hHB101","DMSO",1,"MILBEMYCIN",0.125,NA,NA,"JU3237",3,NA,NA,NA,745.698396810645,635.129602014912,705.814205267332,726.521376722165,749.775618548062,37.0399389804604,764.827881626387,789.866292898261,832.025542188428,0.0496714746053905,37.0034453786616,29.9530626395071,32.6535935407521,35.5353084129191,37.3697218814346,2.79044112671469,38.5667269524897,40.9462824623723,41.7542381285069,0.0754103056663969,55,"3_JU3237_0.125",NA,NA,NA,NA,NA,"3",765.709066236116,-15.9334476880548
"20250619-CbDRC4-p035-m2x_E10_roi_0.png",20250619,"CbDRC4","p035","m2x","E10",0,759.548325243233,33.9691264750691,"","48h",10,"15hHB101","DMSO",1,"MILBEMYCIN",0.25,NA,NA,"JU3237",3,NA,NA,NA,586.112393142338,422.07409959473,486.913705661332,548.893881193534,587.506561002329,79.7095688612558,621.04824739109,682.352352893945,768.698494275919,0.135997071199787,26.3056926840279,18.8558249126022,21.5690289910199,23.8857013471526,26.2692566216835,3.92199593692059,28.4571732794623,30.6319400075451,38.0399919095778,0.149093049326997,50,"3_JU3237_0.25",NA,NA,NA,NA,NA,"3",765.709066236116,-178.202505233788
"20250619-CbDRC4-p035-m2x_E11_roi_0.png",20250619,"CbDRC4","p035","m2x","E11",0,430.785190374039,20.2796627146753,"","48h",10,"15hHB101","DMSO",1,"MILBEMYCIN",0.5,NA,NA,"JU3237",3,NA,NA,NA,417.230391943548,193.459168407698,363.459878704368,393.102308074212,418.623130698732,60.5443502221583,446.518731214334,468.447817395614,597.930221710856,0.145110115157551,19.415767872541,14.0881128011934,17.3730397645737,18.1802964315669,19.5572501419381,2.42203471956609,20.3074247686726,21.7439675920904,29.251184589766,0.124745760016604,43,"3_JU3237_0.5",NA,NA,NA,NA,NA,"3",765.709066236116,-347.085935537385
"20250619-CbDRC4-p035-m2x_E12_roi_0.png",20250619,"CbDRC4","p035","m2x","E12",0,314.444501613654,16.695616643791,"","48h",10,"15hHB101","DMSO",1,"MILBEMYCIN",1,NA,NA,"JU3237",3,NA,NA,NA,280.12508575957,173.017890652968,205.662260624942,240.066630216619,283.188456681803,56.9600656204819,314.444501613654,358.844079337643,381.878220649839,0.203337967629827,16.2539351631158,14.5302529499634,14.6512648403345,15.1739594348366,15.7126452513588,1.46584256548613,17.0524200742987,17.764070408412,20.6716127090919,0.0901838570645026,29,"3_JU3237_1",NA,NA,NA,NA,NA,"3",765.709066236116,-482.520609554313
"20250619-CbDRC4-p035-m2x_F01_roi_0.png",20250619,"CbDRC4","p035","m2x","F01",0,758.082864676903,38.0373072160317,"","48h",10,"15hHB101","DMSO",1,"MILBEMYCIN",0,NA,NA,"PB420",3,NA,NA,NA,761.143278212274,644.803270392534,721.256290126569,747.430689087315,765.777334587042,30.6135335253565,779.454434638602,794.179094966891,820.210206805364,0.0402204609850325,38.2112678520086,32.9320638124402,36.164546627461,37.1313154034268,38.3291080772303,1.6922869664317,39.4676621700602,39.9253457845128,42.1123012662663,0.0442876424039604,113,"3_PB420_0",NA,"n>75",NA,NA,NA,"3",764.404649350685,1.37268523635657
"20250619-CbDRC4-p035-m2x_F02_roi_0.png",20250619,"CbDRC4","p035","m2x","F02",0,774.466768174012,38.9626300458831,"","48h",10,"15hHB101","DMSO",1,"MILBEMYCIN",0.00097,NA,NA,"PB420",3,NA,NA,NA,761.590862350912,163.182417848864,736.677399071706,756.341969231137,769.816147124723,73.2070592726013,782.529394346211,793.55217675203,835.884694907128,0.0961238676717083,38.2284559067752,14.5009194463442,36.4267086609013,37.1318297074966,38.4809585137235,3.26524628032226,39.8318633063449,40.5663815011264,43.111551093173,0.0854140247852269,75,"3_PB420_0.00097",NA,NA,NA,NA,NA,"3",764.404649350685,5.41149777403734
"20250619-CbDRC4-p035-m2x_F03_roi_0.png",20250619,"CbDRC4","p035","m2x","F03",0,770.857816630132,36.9898945509039,"","48h",10,"15hHB101","DMSO",1,"MILBEMYCIN",0.0019,NA,NA,"PB420",3,NA,NA,NA,765.731250473751,652.038793413604,727.500279079291,751.91978520194,771.561258653257,29.7511820207481,784.708690633784,795.021047572472,814.126424558438,0.0388532948111251,38.207865474685,33.7551499506393,36.3088651554975,37.1077599403757,37.8154745543413,1.70944671071983,39.4134550779759,40.2750009595831,42.8984160764355,0.0447407016718179,65,"3_PB420_0.0019",NA,NA,NA,NA,NA,"3",764.404649350685,7.15660930257195
"20250619-CbDRC4-p035-m2x_F04_roi_0.png",20250619,"CbDRC4","p035","m2x","F04",0,773.569866805102,37.3581624705447,"","48h",10,"15hHB101","DMSO",1,"MILBEMYCIN",0.0039,NA,NA,"PB420",3,NA,NA,NA,763.092026869148,650.76799897155,739.666536974066,754.193137766101,764.163745869144,26.3011311701149,779.229151587837,787.841660522074,828.686599454101,0.0344665259811776,38.2581447760289,30.8534391086609,36.278634629138,37.3820649341831,38.4401382207332,1.72138606199076,39.3466538855405,39.8407342270884,43.3307513907585,0.0449939763694269,90,"3_PB420_0.0039",NA,"n>75",NA,NA,NA,"3",764.404649350685,-0.24090348154175
"20250619-CbDRC4-p035-m2x_F05_roi_0.png",20250619,"CbDRC4","p035","m2x","F05",0,778.869562725378,36.865932163502,"","48h",10,"15hHB101","DMSO",1,"MILBEMYCIN",0.0078,NA,NA,"PB420",3,NA,NA,NA,760.74231314768,651.447414418885,725.445847581499,744.657147688348,763.802675691313,38.1504793955059,775.050733045017,787.524581182153,1012.25407258984,0.0501490172640101,37.9333133544709,32.4201882657731,35.5326181532767,36.6182009336965,37.947159443493,1.95980939299637,39.1598396171487,40.169098390102,43.0124171921988,0.0516645982037681,97,"3_PB420_0.0078",NA,"n>75",NA,NA,NA,"3",764.404649350685,-0.601973659371879
"20250619-CbDRC4-p035-m2x_F06_roi_0.png",20250619,"CbDRC4","p035","m2x","F06",0,770.010539310856,38.8739492645001,"","48h",10,"15hHB101","DMSO",1,"MILBEMYCIN",0.0156,NA,NA,"PB420",3,NA,NA,NA,756.99790720502,434.462915869892,716.385997349435,738.893313547066,762.530334410919,46.7583799243087,776.173415646163,790.637121898877,885.371461363727,0.0617681759477374,38.3444086430994,21.8668395685068,36.1034656876531,37.0632415481849,38.6882437709201,2.49381064796902,39.7566654052472,40.8657473141697,42.1547353802888,0.0650371393435954,98,"3_PB420_0.0156",NA,"n>75",NA,NA,NA,"3",764.404649350685,-1.87431493976646
"20250619-CbDRC4-p035-m2x_F07_roi_0.png",20250619,"CbDRC4","p035","m2x","F07",0,764.090091985851,39.9796823819014,"","48h",10,"15hHB101","DMSO",1,"MILBEMYCIN",0.03125,NA,NA,"PB420",3,NA,NA,NA,755.905893833388,175.636027041343,722.502501233068,745.430628326967,764.340579893165,85.1041592462608,777.805313318317,787.843578705688,1121.30329369523,0.112585653770572,38.0050229729639,13.0517692443879,35.3224716342937,37.1734785614988,38.3630421634724,3.62728115245589,39.4001666462692,40.3872535659519,46.779165273124,0.095442151292377,73,"3_PB420_0.03125",NA,NA,NA,NA,NA,"3",764.404649350685,-0.0640694575203042
"20250619-CbDRC4-p035-m2x_F08_roi_0.png",20250619,"CbDRC4","p035","m2x","F08",0,766.753518921278,37.7768827869903,"","48h",10,"15hHB101","DMSO",1,"MILBEMYCIN",0.0625,NA,NA,"PB420",3,NA,NA,NA,762.244901751205,589.340270546114,731.467668971952,750.26714112644,765.907657625963,33.3168588932883,780.832197826153,791.881118268258,815.582264312234,0.0437088641940997,37.9353448744096,31.658841262592,36.1133981457697,37.2919787023604,38.1366263648043,1.63561739539303,39.0862639042008,39.656626382213,40.5779069730343,0.0431159226522911,99,"3_PB420_0.0625",NA,"n>75",NA,NA,NA,"3",764.404649350685,1.50300827527781
"20250619-CbDRC4-p035-m2x_F09_roi_0.png",20250619,"CbDRC4","p035","m2x","F09",0,798.3209744947,37.1439714852092,"","48h",10,"15hHB101","DMSO",1,"MILBEMYCIN",0.125,NA,NA,"PB420",3,NA,NA,NA,769.060131470602,502.33250766489,744.773177110091,758.868710855559,774.659967106946,38.7575610146984,788.711876083332,798.401431828419,811.39330421751,0.0503960086197499,37.9410109256277,24.4761136513989,35.8534681511434,37.0535809990584,38.0739503709426,2.17156654027241,39.226584354048,40.2290131771515,41.3909744075197,0.0572353368372059,105,"3_PB420_0.125",NA,"n>75",NA,NA,NA,"3",764.404649350685,10.2553177562606
"20250619-CbDRC4-p035-m2x_F10_roi_0.png",20250619,"CbDRC4","p035","m2x","F10",0,798.655783919235,37.6176591910077,"","48h",10,"15hHB101","DMSO",1,"MILBEMYCIN",0.25,NA,NA,"PB420",3,NA,NA,NA,737.83460400159,583.049810960373,694.122478274952,722.577891755398,738.570154958194,39.9741283356102,764.521998742628,781.332581923835,808.312236229466,0.0541776275046108,35.37129641988,26.7131754989841,32.199196301334,34.0095233414513,35.4818230765716,2.7575592381632,37.2000915743071,38.5006479799615,41.3119681390843,0.0779603666608428,55,"3_PB420_0.25",NA,NA,NA,NA,NA,"3",764.404649350685,-25.8344943924917
"20250619-CbDRC4-p035-m2x_F11_roi_0.png",20250619,"CbDRC4","p035","m2x","F11",0,649.773923306484,29.7604426927078,"","48h",10,"15hHB101","DMSO",1,"MILBEMYCIN",0.5,NA,NA,"PB420",3,NA,NA,NA,554.54769235251,376.083056129702,456.718086760951,528.349709681149,557.90509146813,70.1886524728235,600.271333803797,642.537822069831,714.242529109436,0.126569190424485,25.763536885984,19.540691690231,22.1794888414651,23.9373102438821,25.7715240861334,2.91497510342545,27.3821289275223,29.782013809846,32.7249578632154,0.113143436645582,78,"3_PB420_0.5",NA,"n>75",NA,NA,NA,"3",764.404649350685,-206.499557882555
"20250619-CbDRC4-p035-m2x_F12_roi_0.png",20250619,"CbDRC4","p035","m2x","F12",0,401.931006156634,19.227165152948,"","48h",10,"15hHB101","DMSO",1,"MILBEMYCIN",1,NA,NA,"PB420",3,NA,NA,NA,336.845501827541,251.965012657045,273.742643419045,300.312317112693,349.547561171436,48.1533920873896,370.073768332866,402.671074077229,411.163399239129,0.14295394127615,17.7752359564229,15.0925439716289,15.6071143290122,16.8013456603737,17.8740099339393,1.64199592771816,19.2299711470975,19.5393010410996,21.6499958897679,0.0923754785446233,28,"3_PB420_1",NA,NA,NA,NA,NA,"3",764.404649350685,-414.85708817925
"20250619-CbDRC4-p036-m2x_A01_roi_0.png",20250619,"CbDRC4","p036","m2x","A01",0,819.702106923755,40.1898848677783,"","48h",10,"15hHB101","DMSO",1,"MILBEMYCIN",0,NA,NA,"ED3102",3,NA,NA,NA,818.963901203252,760.045871141096,776.80887480162,812.564713061764,819.702106923755,26.8624306255757,836.598553727071,847.503110811088,868.397026629758,0.0328005063301429,40.4209370070158,36.8557886315717,38.5351841900451,39.7459157125803,40.6447084740826,1.55552851931443,41.5818047873077,41.8269689433763,42.9586857835272,0.0384832375123922,19,"3_ED3102_0",NA,NA,NA,NA,NA,"3",858.463870400194,-38.7617634764391
"20250619-CbDRC4-p036-m2x_A02_roi_0.png",20250619,"CbDRC4","p036","m2x","A02",0,857.862887160985,39.8069221300532,"","48h",10,"15hHB101","DMSO",1,"MILBEMYCIN",0.00097,NA,NA,"ED3102",3,NA,NA,NA,829.537626688878,719.938469499949,792.325603129732,821.435073509091,837.130048483678,34.121013742786,845.614806532038,862.095541575073,917.478642852801,0.0411325690903027,39.8380120199879,32.7762707828626,38.0898943546198,38.9026688380213,39.7383189243452,2.11814960342455,40.7595565540297,42.2704966431688,45.44493329228,0.0531690587964533,49,"3_ED3102_0.00097",NA,NA,NA,"outlier","outlier","3",858.463870400194,-21.3338219165157
"20250619-CbDRC4-p036-m2x_A03_roi_0.png",20250619,"CbDRC4","p036","m2x","A03",0,824.604181160031,39.2268530433479,"","48h",10,"15hHB101","DMSO",1,"MILBEMYCIN",0.0019,NA,NA,"ED3102",3,NA,NA,NA,826.621814447613,440.100612678494,797.023299090746,819.278576490136,834.387764165878,63.6057128871827,850.567143333642,863.72950913672,897.275976645643,0.0769465694898059,40.2595525279377,26.1330896241928,37.8020568769663,38.9551472808128,40.5919228243719,2.86852068611922,41.8658778872821,42.9094785025037,44.249305300888,0.0712506847692518,47,"3_ED3102_0.0019",NA,NA,NA,NA,NA,"3",858.463870400194,-24.0761062343154
"20250619-CbDRC4-p036-m2x_A04_roi_0.png",20250619,"CbDRC4","p036","m2x","A04",0,819.472748308867,40.2273787409539,"","48h",10,"15hHB101","DMSO",1,"MILBEMYCIN",0.0039,NA,NA,"ED3102",3,NA,NA,NA,826.819347457579,217.820675537793,803.593179053343,818.527759233507,833.643957006678,96.287716800551,853.154529503781,874.753303745912,934.426684455446,0.116455568071345,39.9293536097865,16.4553588057723,38.2943624071794,39.3750616201353,40.3792252264588,3.85007286872119,41.2054380061564,42.4969418170226,44.6867456059767,0.0964221185833963,47,"3_ED3102_0.0039",NA,NA,NA,NA,NA,"3",858.463870400194,-24.8199133935163
"20250619-CbDRC4-p036-m2x_A05_roi_0.png",20250619,"CbDRC4","p036","m2x","A05",0,826.420859723935,38.3695882055781,"","48h",10,"15hHB101","DMSO",1,"MILBEMYCIN",0.0078,NA,NA,"ED3102",3,NA,NA,NA,820.106373499771,403.30861208985,790.719693126766,817.682592081611,832.34346447882,85.9452982817508,846.297543490964,876.733326318114,902.248222235401,0.104797744608401,39.8508369285258,26.3467298644247,38.1221700144902,38.963618676964,39.7288381759929,2.80834731177669,41.413395206826,42.939932238294,43.5991077388712,0.0704714763409756,46,"3_ED3102_0.0078",NA,NA,NA,NA,NA,"3",858.463870400194,-26.1204059213738
"20250619-CbDRC4-p036-m2x_A06_roi_0.png",20250619,"CbDRC4","p036","m2x","A06",0,864.795223543482,40.5089934169044,"","48h",10,"15hHB101","DMSO",1,"MILBEMYCIN",0.0156,NA,NA,"ED3102",3,NA,NA,NA,835.52761972044,755.294471610935,806.88853245228,816.633148979995,834.009521003836,29.3001335630526,852.961435537341,865.708904339,914.999851311442,0.0350678216632218,40.0798264347127,36.066995443388,37.8602254920192,39.1234433633842,40.1820934185163,1.66653381049599,41.3028803970176,41.96236830311,43.0611285934165,0.041580364955189,46,"3_ED3102_0.0156",NA,NA,NA,NA,NA,"3",858.463870400194,-24.4543493963579
"20250619-CbDRC4-p036-m2x_A07_roi_0.png",20250619,"CbDRC4","p036","m2x","A07",0,846.474802382381,41.1099027290688,"","48h",10,"15hHB101","DMSO",1,"MILBEMYCIN",0.03125,NA,NA,"ED3102",3,NA,NA,NA,835.473580287415,775.143630485087,806.373845412372,814.422276935246,830.265761056883,29.7364937428203,854.599048476774,869.883336950063,913.878412725251,0.0355923807101004,40.7830959648026,37.4305384157818,39.308954992211,39.8113707711936,40.8147017220943,1.46171453721005,41.5492441325551,42.4926588004614,44.3573936560944,0.0358411862226343,45,"3_ED3102_0.03125",NA,NA,NA,NA,NA,"3",858.463870400194,-28.198109343311
"20250619-CbDRC4-p036-m2x_A08_roi_0.png",20250619,"CbDRC4","p036","m2x","A08",0,902.987148056747,40.5851497533969,"","48h",10,"15hHB101","DMSO",1,"MILBEMYCIN",0.0625,NA,NA,"ED3102",3,NA,NA,NA,841.705667000864,774.441903768247,796.591528971156,818.05620017349,837.139671382496,38.2432645202381,869.483572558064,892.017298427037,938.832371541986,0.0454354366610186,40.5979780692681,38.4152895381108,39.313562669072,39.7873489676184,40.5832061814728,1.07770789895295,41.448696909143,41.847551381798,43.4075506977399,0.0265458515474383,46,"3_ED3102_0.0625",NA,NA,NA,NA,NA,"3",858.463870400194,-21.3241990176978
"20250619-CbDRC4-p036-m2x_A09_roi_0.png",20250619,"CbDRC4","p036","m2x","A09",0,854.621732571034,40.7102561155122,"","48h",10,"15hHB101","DMSO",1,"MILBEMYCIN",0.125,NA,NA,"ED3102",3,NA,NA,NA,845.020655672282,550.322857942602,786.039378152779,821.419881514606,846.432063042591,73.3392585123588,884.350628071352,915.472121944008,1025.44134779965,0.0867899003652302,39.8448201433985,29.3870177475817,37.5296789240651,39.0914318673829,40.7102561155122,2.48521083261277,41.2588870233372,41.9501548943023,42.9618606519204,0.0623722437111946,35,"3_ED3102_0.125",NA,NA,NA,NA,NA,"3",858.463870400194,-12.0318073576032
"20250619-CbDRC4-p036-m2x_A10_roi_0.png",20250619,"CbDRC4","p036","m2x","A10",0,802.444228516509,37.3794508494634,"","48h",10,"15hHB101","DMSO",1,"MILBEMYCIN",0.25,NA,NA,"ED3102",3,NA,NA,NA,748.188269071871,580.082468700862,679.236413820622,710.934999664411,754.254525181367,62.3195847858537,792.726165337851,815.713059875343,867.791746766191,0.0832939881069792,34.6765617428443,26.285023363475,28.6916405951434,32.4829853504917,35.3307649729125,4.0032956048559,37.5359871248074,39.3998105840445,40.6296252402325,0.115446728385117,28,"3_ED3102_0.25",NA,NA,NA,"outlier","outlier","3",858.463870400194,-104.209345218826
"20250619-CbDRC4-p036-m2x_A11_roi_0.png",20250619,"CbDRC4","p036","m2x","A11",0,592.291610243319,26.9036623906543,"","48h",10,"15hHB101","DMSO",1,"MILBEMYCIN",0.5,NA,NA,"ED3102",3,NA,NA,NA,399.188207682283,249.069457377353,262.768595175153,314.651414306642,394.862693230208,107.61464825498,472.068419922025,527.454287249422,592.291610243319,0.269583735651407,20.3582997308678,15.7207309565131,15.9168858030514,17.5903728037532,20.6545214084603,3.56720234283365,23.0633242738733,24.460582315585,26.9036623906543,0.175221034663566,15,"3_ED3102_0.5",NA,NA,NA,NA,NA,"3",858.463870400194,-463.601177169985
"20250619-CbDRC4-p036-m2x_A12_roi_0.png",20250619,"CbDRC4","p036","m2x","A12",0,277.813815490207,16.0376611577932,"","48h",10,"15hHB101","DMSO",1,"MILBEMYCIN",1,NA,NA,"ED3102",3,NA,NA,NA,220.966108388896,95.5258140499102,152.599890374763,175.714106863098,226.741995434051,65.3224099489634,275.386491406795,280.139609661245,301.071757200587,0.295621850903928,14.4173143772948,10.8767586766326,12.044806742947,13.6172491688857,14.8412525716939,1.81054304654676,15.656675736605,16.1049630019399,16.7106795992603,0.125581158818185,10,"3_ED3102_1",NA,NA,NA,NA,NA,"3",858.463870400194,-631.721874966142
"20250619-CbDRC4-p036-m2x_B02_roi_0.png",20250619,"CbDRC4","p036","m2x","B02",0,822.999559263745,38.1743546728898,"","48h",10,"15hHB101","DMSO",1,"MILBEMYCIN",0.00097,NA,NA,"NIC1667",3,NA,NA,NA,765.941253506493,625.403511656824,700.615336259849,741.277523219006,766.01807782381,43.9995938561294,796.651116049803,819.657406423766,855.823728555504,0.057445128663195,37.2900031536013,29.8866292136459,34.390622019101,35.2596821222094,37.6816449823091,2.58095282733813,39.341158945853,40.1440611496102,41.5117021282841,0.0692129956843103,64,"3_NIC1667_0.00097",NA,NA,NA,NA,NA,"3",776.621116305835,-10.6030384820249
"20250619-CbDRC4-p036-m2x_B03_roi_0.png",20250619,"CbDRC4","p036","m2x","B03",0,764.376564620149,33.988470708843,"","48h",10,"15hHB101","DMSO",1,"MILBEMYCIN",0.0019,NA,NA,"NIC1667",3,NA,NA,NA,741.116561400649,198.367342583675,670.484206093229,730.773819662202,757.002490567994,100.132890434257,786.822199556995,812.215440226019,856.624773311474,0.135110852529074,35.7338154363755,10.7997440511023,30.9674089289326,34.0418089350755,36.9986865680385,5.03147551464891,38.4733629250211,39.6809270081565,42.4193685894963,0.140804318072542,81,"3_NIC1667_0.0019",NA,"n>75",NA,NA,NA,"3",776.621116305835,-19.6186257378417
"20250619-CbDRC4-p036-m2x_B04_roi_0.png",20250619,"CbDRC4","p036","m2x","B04",0,772.307776803281,37.7728573286009,"","48h",10,"15hHB101","DMSO",1,"MILBEMYCIN",0.0039,NA,NA,"NIC1667",3,NA,NA,NA,757.64210982278,346.07580668182,712.635327832133,734.29766006292,769.337529341498,67.6389237348904,798.162687706696,809.486158535621,843.979708052827,0.0892755601331502,37.5636428006442,19.5003801873959,34.6172256522605,35.9771409340017,38.1754442809241,3.29633457657138,39.6195728034838,40.4738605655952,42.0248850635489,0.0877533255777539,65,"3_NIC1667_0.0039",NA,NA,NA,NA,NA,"3",776.621116305835,-7.28358696433702
"20250619-CbDRC4-p036-m2x_B05_roi_0.png",20250619,"CbDRC4","p036","m2x","B05",0,766.882759049991,36.6675037098063,"","48h",10,"15hHB101","DMSO",1,"MILBEMYCIN",0.0078,NA,NA,"NIC1667",3,NA,NA,NA,753.401907108806,252.18251973662,687.558645403543,726.842457532437,766.129947489076,76.5584461336617,800.112130941334,818.625388333426,840.461486065932,0.101617006024654,36.6536806520528,14.6900059620941,32.8240449960371,34.955862660258,37.1310096131804,3.88047570667233,39.1003387528067,40.1080235663123,42.293281341341,0.105868650504953,76,"3_NIC1667_0.0078",NA,"n>75",NA,NA,NA,"3",776.621116305835,-10.4911688167597
"20250619-CbDRC4-p036-m2x_B06_roi_0.png",20250619,"CbDRC4","p036","m2x","B06",0,793.405791312422,39.4272399960797,"","48h",10,"15hHB101","DMSO",1,"MILBEMYCIN",0.0156,NA,NA,"NIC1667",3,NA,NA,NA,771.481337043359,613.615836095418,735.455447241076,749.863185518847,772.58065612399,38.3487768612504,794.065081329211,818.349315426193,847.035094669154,0.0497079773934895,38.0157996269016,29.6638994530571,34.3277014195408,36.5732412402281,38.4668462841981,2.80175515003229,39.9234566737604,40.7856246287403,42.9947902014024,0.0736997558259869,64,"3_NIC1667_0.0156",NA,NA,NA,NA,NA,"3",776.621116305835,-4.04046018184567
"20250619-CbDRC4-p036-m2x_B07_roi_0.png",20250619,"CbDRC4","p036","m2x","B07",0,774.30467607492,40.0209492371616,"","48h",10,"15hHB101","DMSO",1,"MILBEMYCIN",0.03125,NA,NA,"NIC1667",3,NA,NA,NA,762.044200476778,642.663995767063,704.364275949267,738.507927796292,763.883789194315,49.7223750606722,792.420430082533,819.819551060045,870.31542725879,0.0652486759030029,36.9536989264199,27.9737268836941,34.1579107338735,35.1588776806081,37.2922322564628,2.75335616986815,38.7890217021256,39.8631538635042,41.716538806559,0.0745082698040721,49,"3_NIC1667_0.03125",NA,NA,NA,NA,NA,"3",776.621116305835,-12.7373271115201
"20250619-CbDRC4-p036-m2x_B08_roi_0.png",20250619,"CbDRC4","p036","m2x","B08",0,794.009155824589,37.844218228934,"","48h",10,"15hHB101","DMSO",1,"MILBEMYCIN",0.0625,NA,NA,"NIC1667",3,NA,NA,NA,771.292955370767,672.57400809866,706.317828147763,750.14371206618,771.271798831052,44.7839557783213,800.19434961365,823.543634327142,865.226866149427,0.058063483487663,37.3079121532824,31.2376623679103,33.6709401539441,36.4097372124414,37.844218228934,2.64084638094033,39.0315324464027,40.2035102945681,41.4608338015274,0.0707851559768398,57,"3_NIC1667_0.0625",NA,NA,NA,NA,NA,"3",776.621116305835,-5.34931747478345
"20250619-CbDRC4-p036-m2x_B09_roi_0.png",20250619,"CbDRC4","p036","m2x","B09",0,801.573229783041,39.5222910229782,"","48h",10,"15hHB101","DMSO",1,"MILBEMYCIN",0.125,NA,NA,"NIC1667",3,NA,NA,NA,768.504423154292,672.504534264952,734.091149920322,742.817679060233,762.367410638012,38.6545992311553,793.565568373267,817.770825862365,858.298781001255,0.0502984733288836,36.7106496258706,30.3487746625106,34.6447295434635,35.1864591039092,36.8869656291196,2.31671984063371,38.5089982974117,39.4823329076849,41.1189570163214,0.0631075686277445,34,"3_NIC1667_0.125",NA,NA,NA,NA,NA,"3",776.621116305835,-14.2537056678233
"20250619-CbDRC4-p036-m2x_B10_roi_0.png",20250619,"CbDRC4","p036","m2x","B10",0,759.650941763807,38.0338843051151,"","48h",10,"15hHB101","DMSO",1,"MILBEMYCIN",0.25,NA,NA,"NIC1667",3,NA,NA,NA,759.606862601619,626.562179752888,717.929907091459,729.837941262058,762.129302567823,44.8732397075732,790.683526612822,805.293094221029,848.252242714892,0.0590742947659588,36.6645505674664,27.7355521836078,34.1793970904904,35.3080428610233,37.1052300102895,2.66162085871343,38.182860100712,39.5390597935843,41.2878648109928,0.0725938493045424,32,"3_NIC1667_0.25",NA,NA,NA,NA,NA,"3",776.621116305835,-14.4918137380128
"20250619-CbDRC4-p036-m2x_B11_roi_0.png",20250619,"CbDRC4","p036","m2x","B11",0,745.667560677154,33.8393543409643,"","48h",10,"15hHB101","DMSO",1,"MILBEMYCIN",0.5,NA,NA,"NIC1667",3,NA,NA,NA,667.436772512673,444.867306880927,591.063692420387,625.051962641829,671.076155985928,74.5242164541807,726.529958816551,745.57432205759,785.422019342984,0.111657342722701,30.9414061726707,18.4382556072913,25.1035090538307,28.0086393589554,31.1626849848469,4.67576531106616,33.9990113368861,37.1335443795113,37.9596464096626,0.151116768416171,52,"3_NIC1667_0.5",NA,NA,NA,NA,NA,"3",776.621116305835,-105.544960319908
"20250619-CbDRC4-p036-m2x_B12_roi_1.png",20250619,"CbDRC4","p036","m2x","B12",1,458.646253848499,21.110245564496,"","48h",10,"15hHB101","DMSO",1,"MILBEMYCIN",1,NA,NA,"NIC1667",3,NA,NA,NA,380.714809954505,161.839615398621,298.978199793079,353.659277956884,393.449077586731,61.0593795003479,420.700266342347,438.711136476408,516.058951087338,0.160380888538705,18.4518852975112,11.7160812642747,16.7349513645069,17.5496224796582,18.2472870942,1.94176471351999,19.2811522913775,20.8229177898063,23.0106590826608,0.105233946678711,46,"3_NIC1667_1",NA,NA,NA,NA,NA,"3",776.621116305835,-383.172038719104
"20250619-CbDRC4-p036-m2x_C01_roi_0.png",20250619,"CbDRC4","p036","m2x","C01",0,788.462960153326,37.0341054473866,"","48h",10,"15hHB101","DMSO",1,"MILBEMYCIN",0,NA,NA,"ECA2666",3,NA,NA,NA,754.181222662968,664.840736895165,729.974568247734,738.152497489859,752.559626480206,32.8692250778234,771.469515801123,787.737218188736,832.832938495025,0.043582661686755,34.9641557631017,31.0398931373668,32.4422985806607,33.2398770140307,35.1152548939936,2.01977145581703,36.534483752952,37.4369709596543,38.5313576013683,0.0577669161956007,32,"3_ECA2666_0",NA,NA,NA,NA,NA,"3",778.447145543842,-25.887519063636
"20250619-CbDRC4-p036-m2x_C02_roi_0.png",20250619,"CbDRC4","p036","m2x","C02",0,745.462338323699,34.1707377599971,"","48h",10,"15hHB101","DMSO",1,"MILBEMYCIN",0.00097,NA,NA,"ECA2666",3,NA,NA,NA,743.959852099409,558.556173707809,692.904481493536,727.241090438031,747.726453363177,52.0038630921435,774.820183437508,790.078873782417,858.264177172557,0.0699014374840145,34.6374648464715,28.3152292836046,29.9473055306405,32.8112371476219,34.9982496856317,2.99951678348164,36.6025165473896,38.3312958477181,40.6022277193186,0.0865974688614431,67,"3_ECA2666_0.00097",NA,NA,NA,NA,NA,"3",778.447145543842,-30.7206921806649
"20250619-CbDRC4-p036-m2x_C03_roi_0.png",20250619,"CbDRC4","p036","m2x","C03",0,688.288051171266,36.7149239386044,"","48h",10,"15hHB101","DMSO",1,"MILBEMYCIN",0.0019,NA,NA,"ECA2666",3,NA,NA,NA,740.691367344641,607.894533633736,682.671411480108,720.483509893574,747.503819574897,48.0552219972012,769.22873247876,786.856440139651,839.272540331619,0.0648788741381958,34.0861934461417,28.2610504464672,29.8033743613158,32.9669993106274,34.5855144527332,2.50489985282961,35.8838765866432,36.7772618815132,38.2661670822695,0.0734872275130252,65,"3_ECA2666_0.0019",NA,NA,NA,NA,NA,"3",778.447145543842,-30.9433259689453
"20250619-CbDRC4-p036-m2x_C04_roi_0.png",20250619,"CbDRC4","p036","m2x","C04",0,812.688788340851,36.4960241136676,"","48h",10,"15hHB101","DMSO",1,"MILBEMYCIN",0.0039,NA,NA,"ECA2666",3,NA,NA,NA,754.20160624479,573.976074233957,696.684401068227,723.988780855964,759.977846732435,51.274832188528,784.995228684394,808.592516192277,901.740797387576,0.0679855780788218,34.4797547481509,27.0898206523327,29.9955268160917,32.7027645654505,34.5369855023277,3.17384322560668,36.5006588182086,38.2020964830873,41.1225143781696,0.092049472184163,51,"3_ECA2666_0.0039",NA,NA,NA,NA,NA,"3",778.447145543842,-18.4692988114072
"20250619-CbDRC4-p036-m2x_C05_roi_0.png",20250619,"CbDRC4","p036","m2x","C05",0,768.673018810213,34.3746448378138,"","48h",10,"15hHB101","DMSO",1,"MILBEMYCIN",0.0078,NA,NA,"ECA2666",3,NA,NA,NA,748.917399548751,606.445045137771,703.958350076246,732.865849038117,755.960928678173,38.8662232739835,768.576319304308,785.884330599076,844.289126150027,0.0518965419916826,34.6436590130531,27.3658991981718,31.7298825570837,33.3124507083596,34.459259179982,2.43048929381046,35.9389139645827,37.7650690100999,40.0887869464081,0.0701568299380471,67,"3_ECA2666_0.0078",NA,NA,NA,NA,NA,"3",778.447145543842,-22.4862168656692
"20250619-CbDRC4-p036-m2x_C06_roi_0.png",20250619,"CbDRC4","p036","m2x","C06",0,774.635241087093,36.5547434931038,"","48h",10,"15hHB101","DMSO",1,"MILBEMYCIN",0.0156,NA,NA,"ECA2666",3,NA,NA,NA,762.310898846533,634.566875907713,726.63014830588,746.416595890646,758.56278153873,40.0404438730832,782.73004636322,797.249448959906,872.109045430371,0.0525250838387188,34.7454502192645,29.6530891384381,31.9848659833552,32.6034827472141,34.9987122413654,2.45752862244312,36.3733959031508,37.3470725231749,41.5943183874533,0.0707295086675996,39,"3_ECA2666_0.0156",NA,NA,NA,NA,NA,"3",778.447145543842,-19.8843640051117
"20250619-CbDRC4-p036-m2x_C07_roi_0.png",20250619,"CbDRC4","p036","m2x","C07",0,753.000681558741,36.5904919423452,"","48h",10,"15hHB101","DMSO",1,"MILBEMYCIN",0.03125,NA,NA,"ECA2666",3,NA,NA,NA,758.129506166379,692.328062551163,708.972849105424,735.271700362782,762.13541087625,34.3795436679531,779.215804106733,789.323698978574,847.10803784107,0.0453478507145825,33.6433295990273,27.7953029262934,30.1161038251708,32.1319647430909,33.6971399313106,2.55464670869773,35.407772481996,36.7651671470142,38.8511614173304,0.0759332307219553,32,"3_ECA2666_0.03125",NA,NA,NA,NA,NA,"3",778.447145543842,-16.3117346675917
"20250619-CbDRC4-p036-m2x_C08_roi_0.png",20250619,"CbDRC4","p036","m2x","C08",0,782.739748710642,35.7834611991785,"","48h",10,"15hHB101","DMSO",1,"MILBEMYCIN",0.0625,NA,NA,"ECA2666",3,NA,NA,NA,756.798445752475,647.153321319566,722.917027015642,739.992878454112,750.016945264127,36.0436810486814,776.697305091274,805.351160464111,833.012778353489,0.0476265262580497,35.0103137073731,29.1451733924195,32.7501921983432,33.6838660015004,34.932800919449,2.17046538136336,36.3936850450888,37.5425875882628,39.584324240945,0.0619950280795761,45,"3_ECA2666_0.0625",NA,NA,NA,NA,NA,"3",778.447145543842,-28.4302002797155
"20250619-CbDRC4-p036-m2x_C09_roi_0.png",20250619,"CbDRC4","p036","m2x","C09",0,790.001164017797,36.5155678119009,"","48h",10,"15hHB101","DMSO",1,"MILBEMYCIN",0.125,NA,NA,"ECA2666",3,NA,NA,NA,747.39629080779,685.966261338702,690.454791731727,720.472459328081,747.789406981724,41.9401852265162,785.469116135347,795.899783597592,818.139414515079,0.0561150566872455,34.2287257014487,26.9041868610939,31.9109408454433,32.4892121472788,34.3412414359152,2.54581193837966,36.3978593287111,36.7613010237177,38.0958134710432,0.0743764743269981,23,"3_ECA2666_0.125",NA,NA,NA,NA,NA,"3",778.447145543842,-30.6577385621184
"20250619-CbDRC4-p036-m2x_C10_roi_0.png",20250619,"CbDRC4","p036","m2x","C10",0,623.922487882933,25.4131887247224,"","48h",10,"15hHB101","DMSO",1,"MILBEMYCIN",0.25,NA,NA,"ECA2666",3,NA,NA,NA,541.198897742986,447.370473954112,451.422594692308,497.827362466445,564.673474159063,59.2571851399907,582.88876641988,588.507682177406,623.922487882933,0.109492435012556,24.318794539636,20.0182327424424,21.5461790374501,22.2647873383541,24.4070026337689,2.58075083823656,25.9363711095722,27.7104429223246,27.8148533880955,0.106121659691245,12,"3_ECA2666_0.25",NA,NA,NA,NA,NA,"3",778.447145543842,-213.773671384779
"20250619-CbDRC4-p036-m2x_C11_roi_0.png",20250619,"CbDRC4","p036","m2x","C11",0,427.223644642092,19.3659895769826,"","48h",10,"15hHB101","DMSO",1,"MILBEMYCIN",0.5,NA,NA,"ECA2666",3,NA,NA,NA,401.334684851489,321.235790179322,378.265698735254,391.144281554053,399.09327126872,34.342011538812,411.040606950878,425.195102841492,481.328125865516,0.0855695080317318,18.2726191655683,16.4692453924999,17.3459040150406,17.4494760350069,17.8669178717041,1.17115772388525,18.8679540969824,19.7822280253969,20.7750503092433,0.0640935879675152,14,"3_ECA2666_0.5",NA,NA,NA,NA,NA,"3",778.447145543842,-379.353874275122
"20250619-CbDRC4-p036-m2x_C12_roi_0.png",20250619,"CbDRC4","p036","m2x","C12",0,293.801727625469,15.6947237657768,"","48h",10,"15hHB101","DMSO",1,"MILBEMYCIN",1,NA,NA,"ECA2666",3,NA,NA,NA,273.29304642554,161.372277410617,247.263453439608,263.860130118496,273.826142994589,41.2160045542031,292.11400369716,325.82524278843,327.726774576374,0.150812488986735,15.4102692211042,12.4302610779714,14.5372318717511,15.0489380560807,15.5586373066655,1.10148676312969,16.0351320525082,16.3431250956336,17.8383930205573,0.0714774509987933,26,"3_ECA2666_1",NA,NA,NA,NA,NA,"3",778.447145543842,-504.621002549253
"20250619-CbDRC4-p036-m2x_D01_roi_0.png",20250619,"CbDRC4","p036","m2x","D01",0,814.66340541529,40.6865075950478,"","48h",10,"15hHB101","DMSO",1,"MILBEMYCIN",0,NA,NA,"VX34",3,NA,NA,NA,806.848981778413,237.394205787314,780.424618550809,800.85085003464,819.415233849157,104.747224910595,839.678743565351,856.39026900011,944.954071209894,0.129822590442783,39.2247154938259,19.7887647790646,37.287155592331,38.5986152390249,39.5079637254293,3.83290128393207,40.6509612717648,42.1974290187447,44.7924896464994,0.0977164839993646,35,"3_VX34_0",NA,NA,NA,NA,NA,"3",808.628894132328,10.7863397168288
"20250619-CbDRC4-p036-m2x_D02_roi_0.png",20250619,"CbDRC4","p036","m2x","D02",0,836.064704908653,37.9468569175273,"","48h",10,"15hHB101","DMSO",1,"MILBEMYCIN",0.00097,NA,NA,"VX34",3,NA,NA,NA,832.85281849226,762.711463690566,795.184278655701,811.085580317705,835.890283931558,28.3041034040412,855.777099368528,864.351377561649,877.774855261318,0.0339845201644164,39.2226510375442,35.6269958745097,36.2677313401501,37.9468569175273,39.1248638953469,2.06944798962019,40.6732646837194,41.5540488606253,43.4802380238142,0.0527615532065719,25,"3_VX34_0.00097",NA,NA,NA,NA,NA,"3",808.628894132328,27.2613897992305
"20250619-CbDRC4-p036-m2x_D03_roi_0.png",20250619,"CbDRC4","p036","m2x","D03",0,830.87980689877,43.8739069505102,"","48h",10,"15hHB101","DMSO",1,"MILBEMYCIN",0.0019,NA,NA,"VX34",3,NA,NA,NA,836.379461156908,643.629363783788,798.957482070744,818.971189316951,840.711964781597,45.3170251453914,860.9399237144,873.743714064832,916.691074350397,0.054182374448444,39.2657816742632,36.2150058152151,37.0806145532881,38.1562365438078,38.9908560929656,2.15737306439734,40.0259001850676,40.7127756179035,48.3147794979802,0.0549428273781545,36,"3_VX34_0.0019",NA,NA,NA,NA,NA,"3",808.628894132328,32.0830706492688
"20250619-CbDRC4-p036-m2x_D04_roi_0.png",20250619,"CbDRC4","p036","m2x","D04",0,879.919643255205,38.9518690102055,"","48h",10,"15hHB101","DMSO",1,"MILBEMYCIN",0.0039,NA,NA,"VX34",3,NA,NA,NA,819.71635321256,307.061707731682,788.122399050832,802.818378233909,831.826358842548,94.2383426875813,856.310775580366,890.990101936267,953.28271201757,0.114964575634304,39.3590515266931,30.5643957453971,37.0532908183199,37.9049993430654,39.299448742001,2.78922921976335,40.2829473841898,40.9054313162437,50.7554281180124,0.0708662712024884,47,"3_VX34_0.0039",NA,NA,NA,NA,NA,"3",808.628894132328,23.1974647102204
"20250619-CbDRC4-p036-m2x_D05_roi_0.png",20250619,"CbDRC4","p036","m2x","D05",0,761.431328918809,41.4130025008118,"","48h",10,"15hHB101","DMSO",1,"MILBEMYCIN",0.0078,NA,NA,"VX34",3,NA,NA,NA,856.163314570285,761.431328918809,804.0365240994,823.867319486028,845.239579474902,56.0182556146625,865.494251663127,935.521958302032,1008.18267824196,0.0654294042518961,39.3950371144831,36.863840555241,37.8193271827008,38.3145859147375,39.2665763583182,1.54884499115973,40.3809546447634,41.3676112359769,44.6885502550652,0.0393157388495091,44,"3_VX34_0.0078",NA,NA,NA,NA,NA,"3",808.628894132328,36.6106853425747
"20250619-CbDRC4-p036-m2x_D06_roi_0.png",20250619,"CbDRC4","p036","m2x","D06",0,834.024972886753,39.0602815857445,"","48h",10,"15hHB101","DMSO",1,"MILBEMYCIN",0.0156,NA,NA,"VX34",3,NA,NA,NA,830.23302969885,539.236082892974,770.808271587767,821.972670154615,842.135592717225,59.9417747035431,860.920625270605,883.293029625066,927.931966026484,0.072198735245797,38.9364105511713,29.9282018572596,36.2871403395564,37.8574238666656,39.1683461073143,2.36552650470091,40.4772397649014,41.4269252723515,44.6500170479414,0.0607535844012143,56,"3_VX34_0.0156",NA,NA,NA,NA,NA,"3",808.628894132328,33.5066985848973
"20250619-CbDRC4-p036-m2x_D07_roi_0.png",20250619,"CbDRC4","p036","m2x","D07",0,901.5194263981,40.7513686336001,"","48h",10,"15hHB101","DMSO",1,"MILBEMYCIN",0.03125,NA,NA,"VX34",3,NA,NA,NA,840.194591780051,742.934961110398,801.11388941755,815.423658741766,840.30630458531,40.8685420039309,864.603019987966,900.358558616855,916.881222674897,0.0486417579972112,38.6585554282902,29.0640164866435,36.6281426530432,37.9212335174571,38.9931618741314,2.14465579545723,39.8929889903829,40.5805427565029,42.5990825179385,0.0554768736621694,42,"3_VX34_0.03125",NA,NA,NA,NA,NA,"3",808.628894132328,31.6774104529827
"20250619-CbDRC4-p036-m2x_D08_roi_0.png",20250619,"CbDRC4","p036","m2x","D08",0,837.65717556464,38.0646626121581,"","48h",10,"15hHB101","DMSO",1,"MILBEMYCIN",0.0625,NA,NA,"VX34",3,NA,NA,NA,840.73236236523,709.627870853277,798.832916956535,820.165135620282,846.251680867448,40.2446589115488,857.213264686055,883.756550408812,932.100744073608,0.047868573535493,39.3423096296732,29.0719401229232,37.7716916992607,38.4828205561537,39.2235469249789,2.2241477300495,40.8857623768893,41.4363413397489,42.7900486633728,0.0565332272300552,38,"3_VX34_0.0625",NA,NA,NA,NA,NA,"3",808.628894132328,37.6227867351206
"20250619-CbDRC4-p036-m2x_D09_roi_0.png",20250619,"CbDRC4","p036","m2x","D09",0,828.020015231531,38.267272247988,"","48h",10,"15hHB101","DMSO",1,"MILBEMYCIN",0.125,NA,NA,"VX34",3,NA,NA,NA,817.952348611136,258.652894874698,771.482908660212,801.122482513217,834.549046683546,101.678212727,857.075869772479,879.989353629742,1009.87880080696,0.124308234947485,38.4493351317244,18.4925939748313,36.804282267106,38.0449104790531,39.1528727462352,3.85170474151715,40.2557832272281,41.3192225510599,43.8574447676251,0.100176107813608,58,"3_VX34_0.125",NA,NA,NA,NA,NA,"3",808.628894132328,25.9201525512186
"20250619-CbDRC4-p036-m2x_D10_roi_0.png",20250619,"CbDRC4","p036","m2x","D10",0,835.467413990281,36.9062314575343,"","48h",10,"15hHB101","DMSO",1,"MILBEMYCIN",0.25,NA,NA,"VX34",3,NA,NA,NA,828.522220925367,704.064698232263,790.623933710999,812.719592253012,826.219902385695,46.3635460954154,841.772037946583,857.315910405475,1039.32689769609,0.0559593272509124,38.4884570413235,30.691575867623,36.269214356334,37.5472935986199,38.5754118088781,2.40591953921299,39.7714563550543,41.1075830683168,42.9632148957975,0.0625101582178222,37,"3_VX34_0.25",NA,NA,NA,NA,NA,"3",808.628894132328,17.5910082533676
"20250619-CbDRC4-p036-m2x_D11_roi_0.png",20250619,"CbDRC4","p036","m2x","D11",0,682.862856202261,31.6474681374593,"","48h",10,"15hHB101","DMSO",1,"MILBEMYCIN",0.5,NA,NA,"VX34",3,NA,NA,NA,684.910217220901,571.739648401969,608.321192415254,641.571180431431,690.248680670104,57.2941452309181,720.632634039491,750.001887213702,786.177869671234,0.0836520521819566,31.5419396959239,26.597342057785,27.5868275755281,28.7847532789492,31.1042667192167,3.19825665311116,33.7140367546005,36.1606928293758,37.9920710462781,0.101396955416932,38,"3_VX34_0.5",NA,NA,NA,NA,NA,"3",808.628894132328,-118.380213462224
"20250619-CbDRC4-p036-m2x_D12_roi_0.png",20250619,"CbDRC4","p036","m2x","D12",0,411.763425233042,18.9814046806387,"","48h",10,"15hHB101","DMSO",1,"MILBEMYCIN",1,NA,NA,"VX34",3,NA,NA,NA,359.070937384877,278.447363186195,302.956227676689,324.109909199012,361.966381943349,47.54379568226,393.875962104594,411.876369274778,507.95889284013,0.132407807851347,18.6135580898877,15.1135716679483,16.1845032825744,17.461781288425,18.5198025509729,1.80758514136822,19.8790610455349,20.9095690230908,23.3005507208446,0.0971112096160831,40,"3_VX34_1",NA,NA,NA,NA,NA,"3",808.628894132328,-446.662512188979
"20250619-CbDRC4-p036-m2x_E01_roi_0.png",20250619,"CbDRC4","p036","m2x","E01",0,721.186582893188,37.5626352589371,"","48h",10,"15hHB101","DMSO",1,"MILBEMYCIN",0,NA,NA,"JU3237",3,NA,NA,NA,736.127363386142,581.712883101673,698.360278711006,719.328093852869,739.723526647424,39.6052274734174,761.774418709983,780.186510278473,807.555152297499,0.0538021400145156,38.5074454337892,31.0058872684044,34.6528846608946,36.2982535262899,38.5210007572156,3.17383848866407,40.5551910634991,42.1330866942157,47.5671955094189,0.0824214240365868,75,"3_JU3237_0",NA,NA,NA,NA,NA,"3",765.709066236116,-25.9855395886927
"20250619-CbDRC4-p036-m2x_E02_roi_0.png",20250619,"CbDRC4","p036","m2x","E02",0,784.321781587463,40.8539341160296,"","48h",10,"15hHB101","DMSO",1,"MILBEMYCIN",0.00097,NA,NA,"JU3237",3,NA,NA,NA,751.655986431566,672.119438645072,707.794210404033,729.643149036338,751.963245543293,32.3443298910178,773.318330469039,791.370240439726,812.326480670373,0.0430307620439108,38.7403903063462,32.0440243126699,36.3738977395074,37.1217531681468,39.020350593991,2.3286491505879,40.0223338270455,40.8822778081819,44.868306172183,0.0601090782042647,50,"3_JU3237_0.00097",NA,NA,NA,NA,NA,"3",765.709066236116,-13.7458206928234
"20250619-CbDRC4-p036-m2x_E03_roi_0.png",20250619,"CbDRC4","p036","m2x","E03",0,731.78743735321,39.0040755060039,"","48h",10,"15hHB101","DMSO",1,"MILBEMYCIN",0.0019,NA,NA,"JU3237",3,NA,NA,NA,731.458864519095,288.747443905365,699.684274751878,722.030284147657,747.31338651249,88.7439196539219,770.714006305725,781.63264889342,823.057058628507,0.121324552833559,37.3454274770405,17.2215663202263,33.6909044049648,36.8311241184648,38.253881360947,4.80251477360243,39.6410007911186,41.1695687466738,45.6611393837287,0.128597129502801,62,"3_JU3237_0.0019",NA,NA,NA,NA,NA,"3",765.709066236116,-18.3956797236265
"20250619-CbDRC4-p036-m2x_E04_roi_0.png",20250619,"CbDRC4","p036","m2x","E04",0,766.655321227455,40.5385831834521,"","48h",10,"15hHB101","DMSO",1,"MILBEMYCIN",0.0039,NA,NA,"JU3237",3,NA,NA,NA,741.504182962525,243.900730758532,710.664620977585,726.558605286288,754.317272676831,78.9217469023127,782.765019960552,791.157679550409,817.395408571771,0.106434661753353,38.5509835811602,16.4009166099988,35.4149094211392,37.5753231258956,38.6672645518164,3.8025231086342,40.6064450219675,42.2944735369365,44.2490072184877,0.0986362150949758,67,"3_JU3237_0.0039",NA,NA,NA,NA,NA,"3",765.709066236116,-11.3917935592855
"20250619-CbDRC4-p036-m2x_E05_roi_1.png",20250619,"CbDRC4","p036","m2x","E05",1,794.6523003656,40.45114493201,"","48h",10,"15hHB101","DMSO",1,"MILBEMYCIN",0.0078,NA,NA,"JU3237",3,NA,NA,NA,740.937625528491,378.181110730547,706.502026024896,728.861785136542,752.366716507715,70.8639275884991,777.579076525608,795.221914252588,841.550510223163,0.0956408814277097,37.9551198376722,20.0734507192358,33.8298458549846,35.6347945744499,38.9360199327068,4.13870503146542,40.9518154821075,41.555489160911,44.5793052755763,0.109042075197391,57,"3_JU3237_0.0078",NA,NA,NA,NA,NA,"3",765.709066236116,-13.3423497284012
"20250619-CbDRC4-p036-m2x_E06_roi_0.png",20250619,"CbDRC4","p036","m2x","E06",0,795.806050169603,40.1249858794316,"","48h",10,"15hHB101","DMSO",1,"MILBEMYCIN",0.0156,NA,NA,"JU3237",3,NA,NA,NA,747.757941433204,511.911087329541,712.211118202506,720.68002041622,756.02942989796,46.3339777455824,778.842942817197,795.309014193916,808.734742466137,0.0619638725023442,38.739187328243,34.2968562796984,35.1552996979946,37.4972254878152,38.7935177927928,2.25085705370095,40.305791544158,41.1550758252344,43.5185644715066,0.0581028464698833,51,"3_JU3237_0.0156",NA,NA,NA,"outlier","outlier","3",765.709066236116,-9.679636338156
"20250619-CbDRC4-p036-m2x_E07_roi_0.png",20250619,"CbDRC4","p036","m2x","E07",0,798.052122644015,40.9708891601544,"","48h",10,"15hHB101","DMSO",1,"MILBEMYCIN",0.03125,NA,NA,"JU3237",3,NA,NA,NA,752.532161058499,617.184484364597,714.911385857685,737.395717095325,752.274755425324,39.5252214741456,785.91554279593,798.279266898438,811.886941124089,0.0525229664849807,37.9377443985162,27.0874132011517,34.4486209715595,36.222952906894,38.2200506473896,3.38253199879518,40.1313122632592,41.4447061939911,46.3013262512054,0.0891600713859907,49,"3_JU3237_0.03125",NA,NA,NA,"outlier","outlier","3",765.709066236116,-13.4343108107928
"20250619-CbDRC4-p036-m2x_E08_roi_0.png",20250619,"CbDRC4","p036","m2x","E08",0,758.943177556055,38.5400116500381,"","48h",10,"15hHB101","DMSO",1,"MILBEMYCIN",0.0625,NA,NA,"JU3237",3,NA,NA,NA,758.881943888401,640.058349603523,717.159824239335,737.67635754275,759.64272632627,32.6707812578437,780.083296974227,795.865554121197,819.068607382698,0.0430512038413292,39.0825009521533,31.7882624819653,36.706926070339,38.1033776114404,38.894372753034,2.38139919971047,40.4426927266794,41.6231438551969,44.0365639400818,0.0609326205256388,63,"3_JU3237_0.0625",NA,NA,NA,NA,NA,"3",765.709066236116,-6.06633990984653
"20250619-CbDRC4-p036-m2x_E09_roi_0.png",20250619,"CbDRC4","p036","m2x","E09",0,726.39720634102,33.8156756876756,"","48h",10,"15hHB101","DMSO",1,"MILBEMYCIN",0.125,NA,NA,"JU3237",3,NA,NA,NA,746.565048497843,597.38434821281,702.081247331132,725.521557164416,747.258488323625,42.6985391205398,767.049622765754,797.376367490659,826.669319758162,0.0571933272344495,36.9072232103624,27.7325116444338,32.9269411782167,34.1454127812477,36.9920926169953,3.30282871231421,39.7590529054297,41.1955972960118,41.8154873247128,0.0894900354190525,54,"3_JU3237_0.125",NA,NA,NA,NA,NA,"3",765.709066236116,-18.4505779124916
"20250619-CbDRC4-p036-m2x_E10_roi_0.png",20250619,"CbDRC4","p036","m2x","E10",0,757.3026015233,35.8645941897966,"","48h",10,"15hHB101","DMSO",1,"MILBEMYCIN",0.25,NA,NA,"JU3237",3,NA,NA,NA,573.91975483047,433.806445644838,486.288203017301,530.742628897761,572.454689230525,74.2594300335298,614.941360374666,652.112546679278,757.3026015233,0.129389918030379,25.984586014206,18.2579430591416,21.6448955317196,23.045660147458,26.0761757690932,3.80604483618107,28.6828571996832,30.4164329480126,37.2475245357465,0.146473175832021,59,"3_JU3237_0.25",NA,NA,NA,NA,NA,"3",765.709066236116,-193.254377005591
"20250619-CbDRC4-p036-m2x_E11_roi_0.png",20250619,"CbDRC4","p036","m2x","E11",0,433.965004031532,20.4081232291723,"","48h",10,"15hHB101","DMSO",1,"MILBEMYCIN",0.5,NA,NA,"JU3237",3,NA,NA,NA,404.950288376342,264.604442612435,352.729980060338,380.638701557861,403.189495081494,55.1091203718523,431.10900076274,456.902224911168,596.804289550363,0.136088606314651,19.3655224551654,14.8663428523715,16.9750610079128,18.1840053507786,19.2590465987908,1.99200021147289,20.3968776335674,21.4236896898752,26.4049232626357,0.102863231089413,64,"3_JU3237_0.5",NA,NA,NA,NA,NA,"3",765.709066236116,-362.519571154622
"20250619-CbDRC4-p036-m2x_E12_roi_0.png",20250619,"CbDRC4","p036","m2x","E12",0,336.820239228053,17.3403530494048,"","48h",10,"15hHB101","DMSO",1,"MILBEMYCIN",1,NA,NA,"JU3237",3,NA,NA,NA,286.506210955683,174.566642771404,221.140946668142,276.66902538694,289.733868446619,49.7376615527898,298.908735733896,343.317948984186,384.621895651978,0.173600639884499,16.3667084880612,11.2194482776125,14.6516900538914,15.3949926625585,16.1234809234355,2.40246414960347,17.1544119721206,18.4715970316375,23.7955713692924,0.146789695151959,26,"3_JU3237_1",NA,NA,NA,NA,NA,"3",765.709066236116,-475.975197789497
"20250619-CbDRC4-p036-m2x_F01_roi_0.png",20250619,"CbDRC4","p036","m2x","F01",0,767.501293097893,37.8092250286583,"","48h",10,"15hHB101","DMSO",1,"MILBEMYCIN",0,NA,NA,"PB420",3,NA,NA,NA,749.266695310338,591.793049047215,714.338146713553,735.81569493307,755.644238541764,31.1126331278046,768.841727982634,782.718151248919,792.799399119306,0.0415241106037926,38.7129836929827,30.3507737718448,36.4440026869093,37.7691866281819,38.5820729690653,2.01509067081681,40.2251883688788,40.894889371939,42.8631957035968,0.0520520631217085,83,"3_PB420_0",NA,"n>75",NA,NA,NA,"3",764.404649350685,-8.76041080892139
"20250619-CbDRC4-p036-m2x_F02_roi_0.png",20250619,"CbDRC4","p036","m2x","F02",0,745.1335911776,36.7588770593498,"","48h",10,"15hHB101","DMSO",1,"MILBEMYCIN",0.00097,NA,NA,"PB420",3,NA,NA,NA,747.324866818474,570.773378327404,711.175432073898,728.931700812854,756.404112563038,34.0674107118482,770.298034606769,777.01906353402,803.554154474927,0.0455858117727042,38.2199265108736,33.1380903599936,36.0618374672332,37.0402264252028,38.0606305584744,1.82612783953302,39.6216139914794,40.5113307401391,42.0152841969129,0.0477794701937349,76,"3_PB420_0.00097",NA,"n>75",NA,NA,NA,"3",764.404649350685,-8.00053678764709
"20250619-CbDRC4-p036-m2x_F03_roi_0.png",20250619,"CbDRC4","p036","m2x","F03",0,814.322073570612,37.4194665284327,"","48h",10,"15hHB101","DMSO",1,"MILBEMYCIN",0.0019,NA,NA,"PB420",3,NA,NA,NA,753.301086717994,489.907118118867,718.078378787165,741.748593655858,759.065280149843,39.1559513861148,772.648269898126,783.082043601351,814.705250110324,0.0519791515988788,37.891154147601,23.6751764538654,35.430829256601,36.780373806441,37.8409676889402,2.55850393899596,39.1812714557824,40.8068276824764,43.6166519222115,0.0675224599659746,89,"3_PB420_0.0019",NA,"n>75",NA,NA,NA,"3",764.404649350685,-5.33936920084261
"20250619-CbDRC4-p036-m2x_F04_roi_0.png",20250619,"CbDRC4","p036","m2x","F04",0,770.942750498941,36.4336085187523,"","48h",10,"15hHB101","DMSO",1,"MILBEMYCIN",0.0039,NA,NA,"PB420",3,NA,NA,NA,756.716664702551,667.49688920227,723.449060959644,743.472877060389,760.20956742497,24.0776514885117,770.951856260805,784.298489799366,800.783639497965,0.0318185823196798,38.3248553840022,29.9521732375073,36.1526814333018,37.1741233995256,38.2643821383689,1.97098505462811,39.5251893215882,40.7195088216617,42.4604291221338,0.0514283755249565,102,"3_PB420_0.0039",NA,"n>75",NA,NA,NA,"3",764.404649350685,-4.19508192571482
"20250619-CbDRC4-p036-m2x_F05_roi_0.png",20250619,"CbDRC4","p036","m2x","F05",0,791.814610198345,37.4310017382852,"","48h",10,"15hHB101","DMSO",1,"MILBEMYCIN",0.0078,NA,NA,"PB420",3,NA,NA,NA,752.481956923869,650.655918527238,713.294885835656,738.3779566982,755.268312785037,30.6154244317001,773.864502164952,789.809376689651,806.69652463899,0.0406859249580619,37.922530200354,31.7984013148085,35.7248569155097,36.9552449062349,37.9232728376842,1.98402837564445,39.3318998575011,40.3240494089629,41.776207379993,0.0523179325103662,96,"3_PB420_0.0078",NA,"n>75",NA,NA,NA,"3",764.404649350685,-9.13633656564843
"20250619-CbDRC4-p036-m2x_F06_roi_0.png",20250619,"CbDRC4","p036","m2x","F06",0,735.939399095212,37.7925841709584,"","48h",10,"15hHB101","DMSO",1,"MILBEMYCIN",0.0156,NA,NA,"PB420",3,NA,NA,NA,752.315788532043,559.178849306875,723.350971684763,737.212382149598,752.542663200456,31.1659749954335,771.613483800124,786.37964589412,807.640201918425,0.0414267192986154,38.0470107349733,33.1142517850546,35.4863765365672,36.7072074583671,38.0800727960884,2.16697396433711,39.7975923112184,40.4210151957571,43.2216196336279,0.0569551699982885,88,"3_PB420_0.0156",NA,"n>75",NA,NA,NA,"3",764.404649350685,-11.8619861502291
"20250619-CbDRC4-p036-m2x_F07_roi_0.png",20250619,"CbDRC4","p036","m2x","F07",0,775.652234211063,38.9644509147806,"","48h",10,"15hHB101","DMSO",1,"MILBEMYCIN",0.03125,NA,NA,"PB420",3,NA,NA,NA,751.338452329992,504.337739123879,719.68972985401,742.536630107086,758.388694013608,45.1488229714302,772.815660128257,793.113479550896,816.430284575407,0.060091191701181,36.9921576908405,26.3599054839453,34.4307231830091,35.9466649806955,37.4312038957882,2.5023120376158,38.7528503844474,39.2864945326648,40.7572127459306,0.0676443925906865,74,"3_PB420_0.03125",NA,NA,NA,NA,NA,"3",764.404649350685,-6.01595533707723
"20250619-CbDRC4-p036-m2x_F08_roi_0.png",20250619,"CbDRC4","p036","m2x","F08",0,763.241283210384,38.3533727076451,"","48h",10,"15hHB101","DMSO",1,"MILBEMYCIN",0.0625,NA,NA,"PB420",3,NA,NA,NA,760.093320022915,687.377811250092,727.107109592785,740.532795701866,761.475495417945,26.2744435814082,777.83424810103,792.148134650289,819.434309331036,0.0345673917784412,37.9497018863677,31.1002181660705,35.9213163854688,36.86267750837,38.0594269308829,2.10335302162738,39.1426977278848,40.3910347253837,43.1378515443224,0.0554247574309127,75,"3_PB420_0.0625",NA,NA,NA,NA,NA,"3",764.404649350685,-2.92915393274041
"20250619-CbDRC4-p036-m2x_F09_roi_0.png",20250619,"CbDRC4","p036","m2x","F09",0,751.743614458502,37.2970221779352,"","48h",10,"15hHB101","DMSO",1,"MILBEMYCIN",0.125,NA,NA,"PB420",3,NA,NA,NA,774.310738829994,699.842661446971,749.463715383796,761.722959865712,771.577189651709,23.3175008191382,791.693465943362,803.847058246126,813.964977556232,0.0301138801902343,38.0357229319157,32.1834867641433,35.5157184165903,36.5336134629133,37.7456666979143,2.12068105035417,39.7543019769976,40.665355813859,42.0801943918034,0.0557549820769861,64,"3_PB420_0.125",NA,NA,NA,NA,NA,"3",764.404649350685,7.17254030102401
"20250619-CbDRC4-p036-m2x_F10_roi_0.png",20250619,"CbDRC4","p036","m2x","F10",0,752.929543559441,35.5020822553638,"","48h",10,"15hHB101","DMSO",1,"MILBEMYCIN",0.25,NA,NA,"PB420",3,NA,NA,NA,716.198293008906,578.703637436127,635.484568681965,691.0488694869,725.375932192342,51.7177478263118,750.446812148284,774.901568277399,821.508652046653,0.0722114927264546,34.1433885582569,25.113574057509,29.2500137949438,31.5584152457971,34.5477223436227,3.62532770023072,36.9811216115038,38.5144806737021,40.7689561766756,0.106179493404559,80,"3_PB420_0.25",NA,"n>75",NA,NA,NA,"3",764.404649350685,-39.0287171583433
"20250619-CbDRC4-p036-m2x_F11_roi_0.png",20250619,"CbDRC4","p036","m2x","F11",0,592.209228755314,26.2793603762276,"","48h",10,"15hHB101","DMSO",1,"MILBEMYCIN",0.5,NA,NA,"PB420",3,NA,NA,NA,533.013900734383,360.420652477123,424.165345914173,467.514833478978,547.226812430925,82.9541892177093,574.943672545713,622.422089427763,795.008243167728,0.155632318600726,24.6453043875956,17.5449390605998,20.9529292585739,22.4107503637863,24.8113381762068,2.9650376528901,26.6485806629302,27.866310157505,32.158475889839,0.120308420876411,69,"3_PB420_0.5",NA,NA,NA,NA,NA,"3",764.404649350685,-217.177836919761
"20250619-CbDRC4-p036-m2x_F12_roi_0.png",20250619,"CbDRC4","p036","m2x","F12",0,385.50888577178,21.2299252536757,"","48h",10,"15hHB101","DMSO",1,"MILBEMYCIN",1,NA,NA,"PB420",3,NA,NA,NA,315.567322999974,231.918496578652,265.568220480616,285.12550629573,313.3618450906,43.7429867489392,345.791209681777,371.699588790645,415.603935987323,0.138616971912972,17.4283915600078,14.1991010480524,15.4989990230696,16.1588166738036,17.2332334151545,1.74297914238167,18.6423057100512,20.3293900724221,21.2299252536757,0.100008032088355,44,"3_PB420_1",NA,NA,NA,NA,NA,"3",764.404649350685,-451.042804260086
