"Filename","Date","Metadata_Experiment","Metadata_Plate","Magnification","Metadata_Well","Worm_ID","Length_um","Width_um","Topology_Warnings","assay_type","food_conc_OD","food_type","diluent","diluent_concentration_perc","drug","concentration_um","drug_stock_prep_date","drug_prep_method","strain","bleach","well_censor","well_censor_reason","notes","mean_wormlength_um","min_wormlength_um","q10_wormlength_um","q25_wormlength_um","median_wormlength_um","sd_wormlength_um","q75_wormlength_um","q90_wormlength_um","max_wormlength_um","cv_wormlength_um","mean_wormwidth_um","min_wormwidth_um","q10_wormwidth_um","q25_wormwidth_um","median_wormwidth_um","sd_wormwidth_um","q75_wormwidth_um","q90_wormwidth_um","max_wormwidth_um","cv_wormwidth_um","n","flag_id","titer_WellFlag","n_WellFlag","outlier_length_WellFlag","outlier_width_WellFlag","outlier_WellFlag","assay_bleach","control_median_wormlength_um","median_wormlength_um_delta"
"20250619-CbDRC4-p001-m2x_A01_roi_0.png",20250619,"CbDRC4","p001","m2x","A01",0,825.620463764057,40.2991222613259,"","48h",10,"15hHB101","DMSO",1,"MOXIDECTIN",0,NA,NA,"PB420",1,NA,NA,NA,781.690196373826,711.936177937544,740.256169830895,755.621396007033,775.034217646388,39.5413441855973,802.714582264645,828.17681164727,942.383661071731,0.0505844186981303,39.2493353288531,36.5268434771779,37.1275383606935,37.8983813781588,39.4022823250853,1.60885927662185,40.2534779192098,41.3077039025069,42.690343818217,0.0409907394135956,56,"1_PB420_0",NA,NA,NA,NA,NA,"1",758.846883086449,16.1873345599388
"20250619-CbDRC4-p001-m2x_A02_roi_0.png",20250619,"CbDRC4","p001","m2x","A02",0,785.928368040186,37.5252173725141,"","48h",10,"15hHB101","DMSO",1,"MOXIDECTIN",0.00097,NA,NA,"PB420",1,NA,NA,NA,778.515962721762,674.943547379125,725.10370887928,751.879183689913,771.899359208809,47.8683664380834,801.888408036112,829.480220770303,940.561298169843,0.0614866858615606,38.6195344452461,34.1566753737517,35.759136341827,37.6696189268797,38.8300717183736,1.79074781856726,39.6198205149849,40.588833932705,42.6384289192927,0.04636896441893,55,"1_PB420_0.00097",NA,NA,NA,NA,NA,"1",758.846883086449,13.0524761223601
"20250619-CbDRC4-p001-m2x_A03_roi_0.png",20250619,"CbDRC4","p001","m2x","A03",0,761.279960946097,36.8799815300496,"","48h",10,"15hHB101","DMSO",1,"MOXIDECTIN",0.0019,NA,NA,"PB420",1,NA,NA,NA,786.385664737194,660.556173064982,736.479113965369,759.162815358432,774.413736798969,57.4071981278867,814.537216971255,857.900015562502,944.290536481731,0.0730013283584867,38.9773745981665,35.011386875598,36.7965332717638,37.6928297939487,39.0560189667673,1.72830190173062,40.0929253399567,41.199464566162,43.3494758966583,0.0443411573906243,47,"1_PB420_0.0019",NA,NA,NA,NA,NA,"1",758.846883086449,15.5668537125201
"20250619-CbDRC4-p001-m2x_A04_roi_0.png",20250619,"CbDRC4","p001","m2x","A04",0,834.390225300912,37.5750867347576,"","48h",10,"15hHB101","DMSO",1,"MOXIDECTIN",0.0039,NA,NA,"PB420",1,NA,NA,NA,768.964843176949,224.415437508401,739.613234284251,754.434606003122,771.960840638534,84.4489300826336,791.802997736084,839.178401408508,901.287355003378,0.109821574850855,38.1847907094199,18.4045481510184,36.7329458619125,37.2436035470238,38.2509250268277,3.31573078370855,39.8117320543629,40.824462800987,42.616968424349,0.0868338079666515,56,"1_PB420_0.0039",NA,NA,NA,NA,NA,"1",758.846883086449,13.1139575520847
"20250619-CbDRC4-p001-m2x_A05_roi_0.png",20250619,"CbDRC4","p001","m2x","A05",0,799.884050329896,35.2965175096248,"","48h",10,"15hHB101","DMSO",1,"MOXIDECTIN",0.0078,NA,NA,"PB420",1,NA,NA,NA,782.52461362223,712.887017922362,757.178402329076,766.750550214538,781.478555042676,28.2903965154441,794.602051191289,816.775142801024,857.362121062327,0.0361527241737363,37.6960102063164,33.5080157247284,35.4603178941173,36.4491688743584,37.6881914226228,1.60640507777777,38.9599843202302,39.8800165223497,40.3832821181408,0.0426147241839561,40,"1_PB420_0.0078",NA,NA,NA,NA,NA,"1",758.846883086449,22.6316719562266
"20250619-CbDRC4-p001-m2x_A06_roi_0.png",20250619,"CbDRC4","p001","m2x","A06",0,674.236328805876,26.9456188420383,"","48h",10,"15hHB101","DMSO",1,"MOXIDECTIN",0.0156,NA,NA,"PB420",1,NA,NA,NA,382.607876652482,285.832741128228,323.330471494083,343.639148562112,372.670772094054,77.863507689296,401.024767695591,439.907885492117,674.236328805876,0.203507330718177,19.3902119960759,14.5913015500203,17.1398009669166,17.9749775553868,18.8246873384887,2.64013192349756,20.3870284799001,21.4743445539303,28.4706116277564,0.13615797104394,35,"1_PB420_0.0156",NA,NA,NA,NA,NA,"1",758.846883086449,-386.176110992395
"20250619-CbDRC4-p001-m2x_A07_roi_0.png",20250619,"CbDRC4","p001","m2x","A07",0,279.798645911864,14.5051376909002,"","48h",10,"15hHB101","DMSO",1,"MOXIDECTIN",0.03125,NA,NA,"PB420",1,NA,NA,NA,250.136532487252,163.134388741261,204.349395542697,238.04119039518,243.442514882845,45.3393783937098,266.96828450267,278.593891640477,377.190524986139,0.181258522866989,15.1209059942282,13.8711491036915,14.2915541465492,14.5051376909002,15.3970171845394,0.71330459499243,15.4893494406425,15.8696566502191,16.5100823258449,0.0471734031852791,17,"1_PB420_0.03125",NA,NA,NA,NA,NA,"1",758.846883086449,-515.404368203604
"20250619-CbDRC4-p001-m2x_A08_roi_0.png",20250619,"CbDRC4","p001","m2x","A08",0,259.629706093311,15.6175027711161,"","48h",10,"15hHB101","DMSO",1,"MOXIDECTIN",0.0625,NA,NA,"PB420",1,NA,NA,NA,239.412384242936,211.188988563642,221.778921296091,226.635991777,235.404525306891,17.158434596239,251.305601471558,260.678190429759,282.213255952441,0.07166895167306,14.7033185040709,12.3355175970744,13.7607500722271,14.3266092187666,14.8530434343498,0.793613038982105,15.1636125869025,15.576797052572,15.9705573377893,0.0539750967621615,27,"1_PB420_0.0625",NA,NA,NA,NA,NA,"1",758.846883086449,-523.442357779558
"20250619-CbDRC4-p001-m2x_A09_roi_0.png",20250619,"CbDRC4","p001","m2x","A09",0,269.084036240078,13.6275198201244,"","48h",10,"15hHB101","DMSO",1,"MOXIDECTIN",0.125,NA,NA,"PB420",1,NA,NA,NA,240.876488443552,205.114922231777,219.819114628944,225.073502590708,237.482682204058,21.5627650302303,253.790682839282,273.490224592901,282.83744195916,0.0895179316568432,14.8288547988691,13.4552140622114,13.6108150563122,13.9402970066207,14.5168313841331,1.91414586512114,15.0739632421101,15.4085133623705,22.8404081496322,0.129082514535587,22,"1_PB420_0.125",NA,NA,NA,NA,NA,"1",758.846883086449,-521.364200882392
"20250619-CbDRC4-p001-m2x_A10_roi_0.png",20250619,"CbDRC4","p001","m2x","A10",0,235.419620979741,15.2988172660999,"","48h",10,"15hHB101","DMSO",1,"MOXIDECTIN",0.25,NA,NA,"PB420",1,NA,NA,NA,221.173728687886,193.950908293419,202.525366751512,211.758844797639,217.317980081972,16.4549604787484,235.419620979741,244.148916163742,248.717727063508,0.0743983500046209,14.7784574149393,12.7942172309161,13.9321980312151,14.1548012369626,14.8855375856212,0.825507617554642,15.2988172660999,15.588483582666,16.2273900059883,0.0558588487537372,17,"1_PB420_0.25",NA,NA,NA,NA,NA,"1",758.846883086449,-541.528903004477
"20250619-CbDRC4-p001-m2x_B01_roi_0.png",20250619,"CbDRC4","p001","m2x","B01",0,889.923797045526,45.7786815421661,"","48h",10,"15hHB101","DMSO",1,"MOXIDECTIN",0,NA,NA,"ED3102",1,NA,NA,NA,883.560306508189,747.523278869402,798.707801585523,862.281265057561,896.71387313685,61.401177040425,918.463529618206,940.046637702,1035.54942409113,0.0694929102044898,43.6776445443329,34.9998809326536,40.0818157643825,42.1573301178606,43.9117724057557,2.81661416573546,45.962202392338,47.0389454136194,48.1304879212815,0.0644864024862099,45,"1_ED3102_0",NA,NA,NA,NA,NA,"1",850.390521362296,46.3233517745535
"20250619-CbDRC4-p001-m2x_B02_roi_0.png",20250619,"CbDRC4","p001","m2x","B02",0,891.053776499302,44.1155939393754,"","48h",10,"15hHB101","DMSO",1,"MOXIDECTIN",0.00097,NA,NA,"ED3102",1,NA,NA,NA,891.985181210659,787.381171741358,820.365304678782,876.349769704427,892.494820090235,45.3936478041216,924.226176776958,945.395343076573,973.059282869475,0.0508905851356302,43.9156926065008,35.6605404258648,40.5915162921931,42.0713593750569,44.4198344998038,2.977228035121,45.729380686083,47.182274235105,49.7150955717457,0.0677941723883976,44,"1_ED3102_0.00097",NA,NA,NA,NA,NA,"1",850.390521362296,42.104298727939
"20250619-CbDRC4-p001-m2x_B03_roi_0.png",20250619,"CbDRC4","p001","m2x","B03",0,889.154128650991,44.4755871226692,"","48h",10,"15hHB101","DMSO",1,"MOXIDECTIN",0.0019,NA,NA,"ED3102",1,NA,NA,NA,877.060226248853,766.79739810887,802.685452187678,841.489367476109,885.688617686366,52.3560964972026,910.133277687332,936.169091642602,991.581061646331,0.0596949843696906,42.2421095959464,36.9838685213832,39.6793843934896,40.5896465675031,41.9608681246392,2.16085558676247,43.7528256540481,44.8750457186397,47.764861093802,0.0511540642129727,54,"1_ED3102_0.0019",NA,NA,NA,NA,NA,"1",850.390521362296,35.2980963240697
"20250619-CbDRC4-p001-m2x_B05_roi_0.png",20250619,"CbDRC4","p001","m2x","B05",0,901.59311467598,44.2390892991184,"","48h",10,"15hHB101","DMSO",1,"MOXIDECTIN",0.0078,NA,NA,"ED3102",1,NA,NA,NA,872.741340214447,709.524074702669,789.378469826525,837.714216751204,890.615739585861,60.9077746323715,912.252097228008,940.130178573205,975.529872026145,0.0697890335037933,42.31354895318,32.8926893400456,38.0162478820144,39.7618497352048,42.8597525576567,3.17122717430799,44.3092921209819,45.8848516970074,47.8737880667925,0.0749459039187887,44,"1_ED3102_0.0078",NA,NA,NA,NA,NA,"1",850.390521362296,40.2252182235649
"20250619-CbDRC4-p001-m2x_B06_roi_0.png",20250619,"CbDRC4","p001","m2x","B06",0,741.474713950253,36.7071134676463,"","48h",10,"15hHB101","DMSO",1,"MOXIDECTIN",0.0156,NA,NA,"ED3102",1,NA,NA,NA,395.717390866338,235.105423119754,287.109380412347,321.541762136197,364.909504614585,118.692075989015,419.490027069996,568.203381507877,741.474713950253,0.299941520712964,20.0841183444899,14.5286391602353,15.987571742413,17.8428552571656,18.6955124098785,4.40171414485052,21.5606277848276,27.0454040742202,36.7071134676463,0.2191639219283,47,"1_ED3102_0.0156",NA,NA,NA,NA,NA,"1",850.390521362296,-485.481016747712
"20250619-CbDRC4-p001-m2x_B07_roi_0.png",20250619,"CbDRC4","p001","m2x","B07",0,262.675584758281,15.5402436328808,"","48h",10,"15hHB101","DMSO",1,"MOXIDECTIN",0.03125,NA,NA,"ED3102",1,NA,NA,NA,241.941591287785,195.124898760414,202.447668819469,228.520212368578,244.590307683813,24.8261362908974,251.839539672353,268.536685299821,306.733634984674,0.102612106330107,15.2407365883097,13.5546426335823,14.0369720457258,14.4909939552954,15.1430390603997,1.00586543530595,15.9132010654759,16.496365212023,17.4998924036055,0.0659984791074654,34,"1_ED3102_0.03125",NA,NA,NA,NA,NA,"1",850.390521362296,-605.800213678483
"20250619-CbDRC4-p001-m2x_B08_roi_0.png",20250619,"CbDRC4","p001","m2x","B08",0,255.202914105275,14.4208050215189,"","48h",10,"15hHB101","DMSO",1,"MOXIDECTIN",0.0625,NA,NA,"ED3102",1,NA,NA,NA,224.382580091917,192.798456949353,200.480656221489,203.680367500515,225.826760026566,21.7239714383025,245.64866716073,253.016273258256,256.531764259546,0.0968166576451854,14.5670875531253,13.104258383373,13.7220488552892,13.9460718424057,14.4193845337697,0.858510485299361,15.0902509837312,15.7562263844138,16.1949459481494,0.0589349437331535,21,"1_ED3102_0.0625",NA,NA,NA,NA,NA,"1",850.390521362296,-624.56376133573
"20250619-CbDRC4-p001-m2x_B09_roi_0.png",20250619,"CbDRC4","p001","m2x","B09",0,256.993651393026,14.9878639025201,"","48h",10,"15hHB101","DMSO",1,"MOXIDECTIN",0.125,NA,NA,"ED3102",1,NA,NA,NA,223.821429280531,170.543654848914,188.882887375899,209.021433891254,232.168135941396,30.0896958065046,244.500847498935,250.464080930963,256.993651393026,0.134436170402572,14.7382750650504,13.0967889436005,13.7238652568336,14.3145671121909,14.8319417078393,0.978487567527392,15.2197209776507,15.7391942813607,16.1706186242299,0.0663909150296513,7,"1_ED3102_0.125",NA,NA,NA,NA,NA,"1",850.390521362296,-618.2223854209
"20250619-CbDRC4-p001-m2x_B10_roi_0.png",20250619,"CbDRC4","p001","m2x","B10",0,256.606912596207,14.6806035134064,"","48h",10,"15hHB101","DMSO",1,"MOXIDECTIN",0.25,NA,NA,"ED3102",1,NA,NA,NA,241.97912978472,185.180289904963,199.240665981891,215.587740157372,227.106058900816,81.6666117572895,239.862037939533,256.606912596207,586.562594668215,0.337494443549513,15.0257931950107,13.4845019481622,13.7028229155916,13.8623557255993,14.6658647110577,2.42564778326372,14.9544879917014,15.8891540109048,25.1217364341948,0.161432261963325,21,"1_ED3102_0.25",NA,NA,NA,NA,NA,"1",850.390521362296,-623.28446246148
"20250619-CbDRC4-p001-m2x_B11_roi_0.png",20250619,"CbDRC4","p001","m2x","B11",0,253.549546866712,16.0015603940742,"","48h",10,"15hHB101","DMSO",1,"MOXIDECTIN",0.5,NA,NA,"ED3102",1,NA,NA,NA,229.011041743714,203.412791881949,206.901103833776,214.324764114617,229.237237113687,16.7000104557754,241.834015456428,250.186474772833,253.549546866712,0.072922293740161,14.6176546149086,12.4197257113519,13.3163775225277,13.8973791041343,14.7800981129007,1.04722720910618,15.4157296259316,15.6462515400505,16.0015603940742,0.0716412609748013,16,"1_ED3102_0.5",NA,NA,NA,NA,NA,"1",850.390521362296,-621.153284248609
"20250619-CbDRC4-p001-m2x_B12_roi_0.png",20250619,"CbDRC4","p001","m2x","B12",0,269.238004067977,15.0115836219706,"","48h",10,"15hHB101","DMSO",1,"MOXIDECTIN",1,NA,NA,"ED3102",1,NA,NA,NA,227.502938880017,194.69279734295,202.38186117433,210.728678427398,227.920110480394,20.0706831090743,237.92131830989,251.894393839973,269.238004067977,0.0882216432362635,14.7437781335212,13.0044792507031,13.7111214783457,14.2127858342399,14.8314189639478,0.900767682780166,15.1959881172618,15.8858242850061,16.6741081465501,0.0610947665261046,24,"1_ED3102_1",NA,NA,NA,NA,NA,"1",850.390521362296,-622.470410881902
"20250619-CbDRC4-p001-m2x_C01_roi_0.png",20250619,"CbDRC4","p001","m2x","C01",0,829.304006861167,37.2103008858029,"","48h",10,"15hHB101","DMSO",1,"MOXIDECTIN",0,NA,NA,"JU3237",1,NA,NA,NA,779.926841227119,513.226532394531,728.192939134511,755.601719003021,787.017467887015,68.4251966131177,813.253080806764,827.78377323459,939.427520528572,0.0877328397948955,39.6808042181222,16.278571698389,37.4905429348425,39.5642186839635,40.9933380741557,4.68399645326272,41.599993111102,42.0822293810744,42.9518849332281,0.118041873030475,33,"1_JU3237_0",NA,NA,NA,NA,NA,"1",756.836909183482,30.1805587035337
"20250619-CbDRC4-p001-m2x_C02_roi_0.png",20250619,"CbDRC4","p001","m2x","C02",0,805.628956390701,38.9274610548462,"","48h",10,"15hHB101","DMSO",1,"MOXIDECTIN",0.00097,NA,NA,"JU3237",1,NA,NA,NA,799.091506769902,700.62077984131,758.020668670355,786.255236508048,793.81384627254,38.1164698114264,816.384371853148,841.106557470603,896.260793676576,0.047699755895919,39.9698155914317,36.2091324544038,37.7495059083721,38.7972631205017,40.3120996649927,1.77875421564319,41.0839153908746,42.1335751731562,44.24290674959,0.0445024373848874,35,"1_JU3237_0.00097",NA,NA,NA,"outlier","outlier","1",756.836909183482,36.9769370890582
"20250619-CbDRC4-p001-m2x_C03_roi_0.png",20250619,"CbDRC4","p001","m2x","C03",0,811.447345147564,39.1566546931755,"","48h",10,"15hHB101","DMSO",1,"MOXIDECTIN",0.0019,NA,NA,"JU3237",1,NA,NA,NA,795.091550395208,720.595704577914,761.625235380468,779.004998685703,796.204079524497,29.8261174930557,811.324341237252,842.227804134633,850.338294667996,0.0375128090321553,39.957545007821,37.4274611551055,38.3184681398951,38.8729992713741,39.7844363115179,1.58614776137388,40.6606659929151,41.5525922244607,43.9035129447163,0.0396958261841015,31,"1_JU3237_0.0019",NA,NA,NA,NA,NA,"1",756.836909183482,39.367170341015
"20250619-CbDRC4-p001-m2x_C04_roi_0.png",20250619,"CbDRC4","p001","m2x","C04",0,779.988223244832,36.995039259787,"","48h",10,"15hHB101","DMSO",1,"MOXIDECTIN",0.0039,NA,NA,"JU3237",1,NA,NA,NA,796.665965528221,721.381268215157,766.203036479146,781.569757469048,797.160503711187,29.1678987488054,810.127179692579,824.648214439561,891.4196614624,0.0366124574299669,39.646701781065,34.3257790816006,37.5865189915782,38.3566294448676,39.3801523620313,2.0077918862057,40.9946188442068,42.4635179534875,43.9159136786408,0.0506420911704843,40,"1_JU3237_0.0039",NA,NA,NA,NA,NA,"1",756.836909183482,40.3235945277057
"20250619-CbDRC4-p001-m2x_C05_roi_0.png",20250619,"CbDRC4","p001","m2x","C05",0,805.622138823093,38.9923017188866,"","48h",10,"15hHB101","DMSO",1,"MOXIDECTIN",0.0078,NA,NA,"JU3237",1,NA,NA,NA,783.964592500967,631.358753620616,707.486743187221,760.591810793169,791.305911851445,65.069206324644,807.704091815354,827.590951590726,1028.93180396444,0.0830001851449225,38.6194379483113,26.5378326559011,35.2408464877657,37.6390466510116,38.9923017188866,2.94126321949364,40.2897327785483,41.988615045269,43.6083950770267,0.0761601767335469,41,"1_JU3237_0.0078",NA,NA,NA,NA,NA,"1",756.836909183482,34.4690026679634
"20250619-CbDRC4-p001-m2x_C06_roi_0.png",20250619,"CbDRC4","p001","m2x","C06",0,553.009252259219,24.7846656526332,"","48h",10,"15hHB101","DMSO",1,"MOXIDECTIN",0.0156,NA,NA,"JU3237",1,NA,NA,NA,464.93901887627,345.198152940737,361.740053622916,388.867647836915,419.802210114718,104.240201149916,555.006498889623,600.992465839108,734.780170363394,0.224201877919084,21.7547573074285,17.1947254454508,17.4672660284055,18.216830510842,19.2083098219174,4.46178357042454,24.7846656526332,28.9717696163305,30.3834424248133,0.205094614817927,29,"1_JU3237_0.0156",NA,NA,NA,NA,NA,"1",756.836909183482,-337.034699068764
"20250619-CbDRC4-p001-m2x_C07_roi_0.png",20250619,"CbDRC4","p001","m2x","C07",0,263.314952626825,16.5649408313442,"","48h",10,"15hHB101","DMSO",1,"MOXIDECTIN",0.03125,NA,NA,"JU3237",1,NA,NA,NA,268.742643002584,194.364448657432,248.19089317653,261.420648033453,268.272489613901,25.0910899762435,284.469797859778,297.011235551561,315.887064463463,0.0933647511087484,15.2017900839052,13.9562183877415,14.337342806755,14.7472987509735,15.2193059189961,0.721416464034127,15.6276159801209,16.0429564909438,16.6385356983386,0.0474560206431163,23,"1_JU3237_0.03125",NA,NA,NA,NA,NA,"1",756.836909183482,-488.56441956958
"20250619-CbDRC4-p001-m2x_C09_roi_0.png",20250619,"CbDRC4","p001","m2x","C09",0,285.953720032471,14.5032631391285,"","48h",10,"15hHB101","DMSO",1,"MOXIDECTIN",0.125,NA,NA,"JU3237",1,NA,NA,NA,229.502279315241,131.030058565843,174.581726761064,217.013872544781,240.007855651511,41.1141491434216,253.247273218095,265.997837790421,285.953720032471,0.17914484015624,14.6287236026685,13.110090689221,13.6335073941677,13.9110878019417,14.5032631391285,1.00000695006006,15.1903318481652,15.7400049095264,16.9586041411045,0.0683591389940301,15,"1_JU3237_0.125",NA,NA,NA,NA,NA,"1",756.836909183482,-516.829053531971
"20250619-CbDRC4-p001-m2x_C10_roi_0.png",20250619,"CbDRC4","p001","m2x","C10",0,248.678751711585,14.7100585735519,"","48h",10,"15hHB101","DMSO",1,"MOXIDECTIN",0.25,NA,NA,"JU3237",1,NA,NA,NA,241.142267385866,228.263656524407,228.435092126339,228.692245529237,243.342953404411,12.5059683336576,248.678751711585,253.511738540447,256.733729759689,0.0518613699258541,14.8975285241518,13.5327101762936,13.9890794137858,14.6736332700241,14.7100585735519,1.16790578781135,14.8031238575182,15.9821195890298,16.768116743371,0.078395942381849,5,"1_JU3237_0.25",NA,NA,NA,NA,NA,"1",756.836909183482,-513.493955779071
"20250619-CbDRC4-p001-m2x_C11_roi_0.png",20250619,"CbDRC4","p001","m2x","C11",0,226.723989810965,14.1591192982175,"","48h",10,"15hHB101","DMSO",1,"MOXIDECTIN",0.5,NA,NA,"JU3237",1,NA,NA,NA,218.978828059666,165.631604747702,183.135170798771,201.962034902054,226.747586646622,26.5018653338438,240.533562405283,242.988433201527,253.572743068273,0.121024783850897,14.5939298188501,12.9935100628367,13.5673479012883,14.0459770747494,14.7064486471961,0.845264332674534,15.1447098140696,15.6506233600694,15.908079163639,0.0579188980053035,16,"1_JU3237_0.5",NA,NA,NA,NA,NA,"1",756.836909183482,-530.08932253686
"20250619-CbDRC4-p001-m2x_C12_roi_0.png",20250619,"CbDRC4","p001","m2x","C12",0,233.800514369412,13.6860471881896,"","48h",10,"15hHB101","DMSO",1,"MOXIDECTIN",1,NA,NA,"JU3237",1,NA,NA,NA,232.494339042903,231.188163716394,231.449398781695,231.841251379648,232.494339042903,1.8472108615867,233.147426706158,233.53927930411,233.800514369412,0.0079451864040691,13.5199622964209,13.3538774046522,13.3870943830059,13.4369198505366,13.5199622964209,0.234879506444546,13.6030047423052,13.6528302098358,13.6860471881896,0.017372793007472,2,"1_JU3237_1",NA,"n<5",NA,NA,NA,"1",756.836909183482,-524.342570140579
"20250619-CbDRC4-p001-m2x_D01_roi_0.png",20250619,"CbDRC4","p001","m2x","D01",0,827.93207659853,37.2387734776747,"","48h",10,"15hHB101","DMSO",1,"MOXIDECTIN",0,NA,NA,"NIC1667",1,NA,NA,NA,802.721315753812,722.518432517907,756.510581124263,778.186150576857,805.349973441746,41.9957208849556,822.516266960803,832.221810327874,950.00151385426,0.0523166883210504,39.6302836553239,37.2387734776747,38.0412399938604,38.539356286321,39.5692822618678,1.42430986695448,40.6283734254472,41.5610617441536,42.3487098830874,0.0359399362200411,29,"1_NIC1667_0",NA,NA,NA,NA,NA,"1",774.728395535816,30.6215779059307
"20250619-CbDRC4-p001-m2x_D02_roi_0.png",20250619,"CbDRC4","p001","m2x","D02",0,843.10582702236,38.7693511666678,"","48h",10,"15hHB101","DMSO",1,"MOXIDECTIN",0.00097,NA,NA,"NIC1667",1,NA,NA,NA,812.451996121695,735.170875612465,765.613801976962,781.387336320873,803.806760363645,48.3424764548639,834.391604299009,864.047961308418,975.680171664701,0.0595019480358601,38.607983763034,35.0969078543646,36.3169444517624,37.711450598435,38.6218992791868,1.58983464028865,39.7333707124104,40.1434902447546,42.2652098491344,0.0411789087471299,32,"1_NIC1667_0.00097",NA,NA,NA,NA,NA,"1",774.728395535816,29.0783648278295
"20250619-CbDRC4-p001-m2x_D03_roi_0.png",20250619,"CbDRC4","p001","m2x","D03",0,815.600183635163,38.4563042883923,"","48h",10,"15hHB101","DMSO",1,"MOXIDECTIN",0.0019,NA,NA,"NIC1667",1,NA,NA,NA,807.053245530347,717.163720272379,744.390496136395,765.61483071696,812.06559869934,52.3227278117707,829.938167475233,857.438150352776,932.900242680235,0.0648318163659541,39.1387273814232,36.5163731091461,36.6834309283942,37.8581337766876,38.9869053656623,1.66835000376432,40.6532528625612,41.0025534688581,41.9426497015467,0.0426265776990027,21,"1_NIC1667_0.0019",NA,NA,NA,NA,NA,"1",774.728395535816,37.3372031635244
"20250619-CbDRC4-p001-m2x_D04_roi_0.png",20250619,"CbDRC4","p001","m2x","D04",0,707.323541015265,35.9095128209331,"","48h",10,"15hHB101","DMSO",1,"MOXIDECTIN",0.0039,NA,NA,"NIC1667",1,NA,NA,NA,820.054600525707,707.323541015265,765.149395517519,779.533045763968,814.760264473862,58.3395383922063,844.020546250972,858.056254748439,980.98910285619,0.0711410415291945,38.7660375628043,34.7458698881109,36.3860894922461,37.5635506228013,39.3529796527739,1.76430246719877,40.1722053472404,40.6833196289744,41.3133405911902,0.0455115502671753,25,"1_NIC1667_0.0039",NA,NA,NA,NA,NA,"1",774.728395535816,40.0318689380464
"20250619-CbDRC4-p001-m2x_D05_roi_0.png",20250619,"CbDRC4","p001","m2x","D05",0,809.344428879342,37.7914494865705,"","48h",10,"15hHB101","DMSO",1,"MOXIDECTIN",0.0078,NA,NA,"NIC1667",1,NA,NA,NA,801.375958955331,626.308542185028,752.395648063747,783.018594153795,807.263490460866,52.9753606304425,826.513727677058,859.933553886839,894.904630465511,0.0661055027149814,38.5215708850963,28.0150924278245,37.0147107345634,37.6850842968786,38.3558565504,2.6082020422482,39.8887058501591,41.2685297523407,42.8843157045224,0.0677075722074797,29,"1_NIC1667_0.0078",NA,NA,NA,NA,NA,"1",774.728395535816,32.5350949250503
"20250619-CbDRC4-p001-m2x_D06_roi_0.png",20250619,"CbDRC4","p001","m2x","D06",0,717.600944698324,25.2219437190138,"","48h",10,"15hHB101","DMSO",1,"MOXIDECTIN",0.0156,NA,NA,"NIC1667",1,NA,NA,NA,444.858438216823,268.771281595828,292.570083787426,358.926781995309,403.966449415258,139.039136248666,483.642603684851,659.694014643307,790.432776003122,0.312546923479731,21.0560459573601,14.5499573569276,16.9858383946757,18.7165846919933,19.3096903476931,5.11411076538011,22.67240559843,25.3622969286252,37.7729639393243,0.24288087021355,21,"1_NIC1667_0.0156",NA,NA,NA,NA,NA,"1",774.728395535816,-370.761946120557
"20250619-CbDRC4-p001-m2x_D07_roi_0.png",20250619,"CbDRC4","p001","m2x","D07",0,266.130115227968,14.7884576502058,"","48h",10,"15hHB101","DMSO",1,"MOXIDECTIN",0.03125,NA,NA,"NIC1667",1,NA,NA,NA,282.137860132978,210.06276660303,255.060991642227,265.737167151909,283.559175080933,30.2566845924385,302.306178638557,308.036343193598,341.053759576988,0.1072407814328,15.2437354498062,14.1917666238636,14.4141365953567,14.6568266860879,15.2178194774532,0.763178474278224,15.9134110109112,16.1054178965913,16.7773101187907,0.0500650563499464,15,"1_NIC1667_0.03125",NA,NA,NA,NA,NA,"1",774.728395535816,-491.169220454883
"20250619-CbDRC4-p001-m2x_D08_roi_0.png",20250619,"CbDRC4","p001","m2x","D08",0,295.530098962615,14.7545254200451,"","48h",10,"15hHB101","DMSO",1,"MOXIDECTIN",0.0625,NA,NA,"NIC1667",1,NA,NA,NA,272.411197162348,245.243491601816,253.943883141769,259.780604465624,270.953225605126,17.4806752635329,282.414885215556,292.49351220378,314.260074917582,0.0641701789266578,15.2617038866874,13.78861464708,14.20680674888,14.7438649706415,15.1577142156122,1.20087161113232,15.3503904451029,16.1342176688046,18.4531161887221,0.0786852909772301,19,"1_NIC1667_0.0625",NA,NA,NA,NA,NA,"1",774.728395535816,-503.775169930689
"20250619-CbDRC4-p001-m2x_D09_roi_0.png",20250619,"CbDRC4","p001","m2x","D09",0,245.206856282614,14.9154925166365,"","48h",10,"15hHB101","DMSO",1,"MOXIDECTIN",0.125,NA,NA,"NIC1667",1,NA,NA,NA,257.93287751069,225.0254281186,227.87316514609,240.946979453836,251.022358940099,24.6614883572377,280.203222702053,288.418201140836,299.284611909987,0.0956120390515771,14.9953727187936,14.000074513367,14.0602765124984,14.5396126777933,14.7432754579309,0.769953619862322,15.5518812966666,16.0470757339695,16.5377687724399,0.0513460808411482,17,"1_NIC1667_0.125",NA,NA,NA,NA,NA,"1",774.728395535816,-523.706036595716
"20250619-CbDRC4-p001-m2x_D10_roi_0.png",20250619,"CbDRC4","p001","m2x","D10",0,234.490878591603,14.5043387398616,"","48h",10,"15hHB101","DMSO",1,"MOXIDECTIN",0.25,NA,NA,"NIC1667",1,NA,NA,NA,243.474998494788,203.552486727657,212.512830840026,221.212803022588,249.388843953823,24.1425375510462,260.781593696186,274.841327836966,279.679861225179,0.0991581792804203,14.5296991145975,13.765160127002,13.7992577537419,14.0432300268053,14.4087212104448,0.771286906820806,14.6921515708319,15.7516591129568,16.5743530598062,0.0530834741130959,21,"1_NIC1667_0.25",NA,NA,NA,NA,NA,"1",774.728395535816,-525.339551581992
"20250619-CbDRC4-p001-m2x_D11_roi_0.png",20250619,"CbDRC4","p001","m2x","D11",0,227.801566459047,14.6495298177688,"","48h",10,"15hHB101","DMSO",1,"MOXIDECTIN",0.5,NA,NA,"NIC1667",1,NA,NA,NA,239.65194123663,178.97046933216,210.107633840151,227.801566459047,235.027249982511,28.5551491230576,255.2428874234,277.995805051698,289.807125645249,0.119152588440177,14.3065937416955,12.683122825817,12.8232218599203,13.7719370730012,14.2996684124886,1.03076430186988,15.1058218810182,15.1832971331699,16.5404254794222,0.0720481982280517,17,"1_NIC1667_0.5",NA,NA,NA,NA,NA,"1",774.728395535816,-539.701145553304
"20250619-CbDRC4-p001-m2x_D12_roi_0.png",20250619,"CbDRC4","p001","m2x","D12",0,293.17914510945,14.4073461251073,"","48h",10,"15hHB101","DMSO",1,"MOXIDECTIN",1,NA,NA,"NIC1667",1,NA,NA,NA,235.722911208456,191.254579475018,197.850193646996,207.743614904963,221.348386637741,42.2210744208366,265.088829915108,281.943019031713,293.17914510945,0.179113155375463,15.5524335001792,12.6171002778234,13.1821518978101,14.0297293277903,14.4073461251073,3.55639894446928,14.9888542835798,19.0270242053891,21.7191374865953,0.228671541622621,5,"1_NIC1667_1",NA,NA,NA,NA,NA,"1",774.728395535816,-553.380008898075
"20250619-CbDRC4-p001-m2x_E01_roi_0.png",20250619,"CbDRC4","p001","m2x","E01",0,870.154978074004,39.8600494893638,"","48h",10,"15hHB101","DMSO",1,"MOXIDECTIN",0,NA,NA,"VX34",1,NA,NA,NA,863.458096308633,739.836762698041,816.839365261627,836.960141592313,869.398991789171,44.7725832238534,886.573131259097,906.162516591699,975.697711609614,0.0518526416224025,40.2014279216043,37.4923923708964,38.0348122870027,38.9104207366984,40.2282405976307,1.63690129798641,41.3689363276549,42.252333248572,43.9639963677071,0.0407174914577285,41,"1_VX34_0",NA,NA,NA,"outlier","outlier","1",841.848651392647,27.5503403965243
"20250619-CbDRC4-p001-m2x_E02_roi_0.png",20250619,"CbDRC4","p001","m2x","E02",0,963.585050314044,42.2341262932637,"","48h",10,"15hHB101","DMSO",1,"MOXIDECTIN",0.00097,NA,NA,"VX34",1,NA,NA,NA,848.885215082,532.281105646139,752.475723483456,835.716369596054,873.388449585876,96.6359487093545,890.968871892447,935.959732858145,988.909221423457,0.113838652143352,39.8054859107589,35.0931369616481,37.8999838659353,38.3227300651567,39.4999831989012,2.08888358192607,41.338905737938,42.2885035879212,44.4955188063491,0.0524772788004447,32,"1_VX34_0.00097",NA,NA,NA,NA,NA,"1",841.848651392647,31.5397981932292
"20250619-CbDRC4-p001-m2x_E03_roi_0.png",20250619,"CbDRC4","p001","m2x","E03",0,948.631461847701,44.3188553627499,"","48h",10,"15hHB101","DMSO",1,"MOXIDECTIN",0.0019,NA,NA,"VX34",1,NA,NA,NA,888.265814853223,767.654647231677,820.187263062757,840.348052655454,878.97815794253,72.2662558187636,911.009258461732,963.097134791296,1136.45559073203,0.0813565653550508,39.9144130115753,29.2745044764413,37.3150424860265,38.570423633967,39.4078529666856,2.93860711581932,41.5916392605111,43.7840895543861,45.7996319528632,0.0736227065387913,42,"1_VX34_0.0019",NA,NA,NA,NA,NA,"1",841.848651392647,37.1295065498829
"20250619-CbDRC4-p001-m2x_E04_roi_0.png",20250619,"CbDRC4","p001","m2x","E04",0,872.540996796659,39.927403871588,"","48h",10,"15hHB101","DMSO",1,"MOXIDECTIN",0.0039,NA,NA,"VX34",1,NA,NA,NA,872.684488723228,793.773611003374,822.026691403361,830.909925476868,869.485138435474,50.2245329021998,910.392431556511,924.332468453366,1033.95614846347,0.0575517653300797,39.8590706106842,35.2827048378424,36.9624750757265,38.2895250766475,39.8607447336868,2.52839343769701,40.9791341624719,43.0042533426617,46.5432014050645,0.0634333264413667,33,"1_VX34_0.0039",NA,NA,NA,"outlier","outlier","1",841.848651392647,27.6364870428271
"20250619-CbDRC4-p001-m2x_E05_roi_0.png",20250619,"CbDRC4","p001","m2x","E05",0,876.707337639608,40.2821593442796,"","48h",10,"15hHB101","DMSO",1,"MOXIDECTIN",0.0078,NA,NA,"VX34",1,NA,NA,NA,837.153106458082,637.03396955024,777.66777610014,817.409777308042,854.568420373296,67.2949201500907,872.49734599422,892.967915011771,953.628228860737,0.0803854392117224,38.3973695447079,32.4958644225688,35.9961064765625,37.1703597870485,38.2574016577322,2.11122605492451,40.0374160446708,41.0909042377636,43.7099196170851,0.0549836116368937,45,"1_VX34_0.0078",NA,NA,NA,NA,NA,"1",841.848651392647,12.7197689806492
"20250619-CbDRC4-p001-m2x_E06_roi_0.png",20250619,"CbDRC4","p001","m2x","E06",0,742.730532449401,34.4237355801227,"","48h",10,"15hHB101","DMSO",1,"MOXIDECTIN",0.0156,NA,NA,"VX34",1,NA,NA,NA,626.236633278484,434.519163179645,494.340961897272,552.97944266341,648.716155825736,100.123332854051,711.35271598986,732.053534510475,806.528229631661,0.159880989922107,28.8908915073803,19.768823014811,22.5637856659775,24.9468296863716,29.3059290600814,4.99372901268427,32.945575509709,35.0255858944508,38.8273272542449,0.172847868381237,34,"1_VX34_0.0156",NA,NA,NA,NA,NA,"1",841.848651392647,-193.132495566911
"20250619-CbDRC4-p001-m2x_E07_roi_0.png",20250619,"CbDRC4","p001","m2x","E07",0,277.572902185522,14.3348828773346,"","48h",10,"15hHB101","DMSO",1,"MOXIDECTIN",0.03125,NA,NA,"VX34",1,NA,NA,NA,271.933611770046,173.947891006255,237.071263210119,260.986476781717,277.678823098658,30.82451700235,289.017106978359,300.683435587427,323.547275019208,0.113353096741921,15.3794881360942,12.3386544456566,14.1945133665096,14.9678485929691,15.3513295445232,1.0319735482835,16.162369377755,16.6062122706504,16.9827330475918,0.0671006433472614,26,"1_VX34_0.03125",NA,NA,NA,NA,NA,"1",841.848651392647,-564.169828293989
"20250619-CbDRC4-p001-m2x_E08_roi_1.png",20250619,"CbDRC4","p001","m2x","E08",1,246.865187779693,15.0599985220301,"","48h",10,"15hHB101","DMSO",1,"MOXIDECTIN",0.0625,NA,NA,"VX34",1,NA,NA,NA,248.201790318742,224.35744302537,226.092072916465,229.203346041931,244.674545918697,20.0637275491878,259.999520337127,276.919693982352,292.861663734609,0.0808363530473404,14.6246031901993,12.6156244701103,13.5222725103157,14.1766190990473,14.8310801127547,0.833930304947381,15.1043490275111,15.5350990088829,15.7858467864922,0.0570224227010986,19,"1_VX34_0.0625",NA,NA,NA,NA,NA,"1",841.848651392647,-597.17410547395
"20250619-CbDRC4-p001-m2x_E09_roi_0.png",20250619,"CbDRC4","p001","m2x","E09",0,256.042300467056,14.1073098121865,"","48h",10,"15hHB101","DMSO",1,"MOXIDECTIN",0.125,NA,NA,"VX34",1,NA,NA,NA,233.115408507945,216.00008508679,219.591411593794,224.978401354301,230.48123333465,15.1354237132086,238.075022296929,248.855389199005,256.042300467056,0.0649267408365789,14.233659819549,13.4947066461271,13.6011511389243,13.7608178781201,14.1073098121865,0.709580911465057,14.4946218091398,14.9843544949587,15.3108429521714,0.0498523163024098,5,"1_VX34_0.125",NA,NA,NA,NA,NA,"1",841.848651392647,-611.367418057997
"20250619-CbDRC4-p001-m2x_E10_roi_1.png",20250619,"CbDRC4","p001","m2x","E10",1,209.7529789263,14.3059381980688,"","48h",10,"15hHB101","DMSO",1,"MOXIDECTIN",0.25,NA,NA,"VX34",1,NA,NA,NA,206.922218161205,142.231342137917,173.61198417162,206.182714385567,212.110174513464,34.3758916104044,225.362580152232,235.044495798531,241.094674760961,0.166129533676386,15.1715148655622,13.6142482254734,13.7414708135508,13.9780046007384,14.6577175815681,1.57831077079093,16.5784149335239,17.1153562015676,17.1293248134592,0.104031191662577,6,"1_VX34_0.25",NA,NA,NA,NA,NA,"1",841.848651392647,-629.738476879183
"20250619-CbDRC4-p001-m2x_E11_roi_0.png",20250619,"CbDRC4","p001","m2x","E11",0,223.676320147523,15.0859703674176,"","48h",10,"15hHB101","DMSO",1,"MOXIDECTIN",0.5,NA,NA,"VX34",1,NA,NA,NA,235.636406128293,206.702283451976,215.18930179975,226.66992452262,240.065900051439,17.748983967231,248.861670685605,251.65401653369,252.986159638229,0.0753236066483186,14.9055508525015,14.3972656586024,14.5251779676372,14.7081949817136,14.9199771222495,0.364279955534639,15.0560890624784,15.2714974676177,15.4570245678179,0.0244392145677397,6,"1_VX34_0.5",NA,NA,NA,"outlier","outlier","1",841.848651392647,-601.782751341208
"20250619-CbDRC4-p001-m2x_E12_roi_0.png",20250619,"CbDRC4","p001","m2x","E12",0,239.974551653948,11.4576362916369,"","48h",10,"15hHB101","DMSO",1,"MOXIDECTIN",1,NA,NA,"VX34",1,NA,NA,NA,232.206049695652,197.904686815319,206.476767978678,218.247749994978,236.076626601848,19.9564736322209,241.023716049891,254.510818214944,265.642652720117,0.0859429530728312,14.0285520132312,11.4576362916369,12.3490318075441,13.8631811353601,14.3632675608614,1.13726816108183,14.6816387531529,14.9132869338346,15.52614779181,0.0810681073862222,13,"1_VX34_1",NA,NA,NA,NA,NA,"1",841.848651392647,-605.772024790799
"20250619-CbDRC4-p001-m2x_F01_roi_0.png",20250619,"CbDRC4","p001","m2x","F01",0,828.788691031215,37.0990572625077,"","48h",10,"15hHB101","DMSO",1,"MOXIDECTIN",0,NA,NA,"ECA2666",1,NA,NA,NA,794.718481074842,511.17073798084,741.225780046006,777.084025048845,808.387862913404,74.0228277990058,828.788691031215,852.322729692572,933.223901339601,0.0931434584217687,36.1464356999097,28.7117221467602,34.8911816693602,35.2274197685002,36.0696558658714,2.51091955245116,37.3503847941529,38.103727362926,42.9771508556707,0.0694652046275599,25,"1_ECA2666_0",NA,NA,NA,NA,NA,"1",777.986030494324,30.4018324190799
"20250619-CbDRC4-p001-m2x_F02_roi_0.png",20250619,"CbDRC4","p001","m2x","F02",0,817.904542460118,36.015337814538,"","48h",10,"15hHB101","DMSO",1,"MOXIDECTIN",0.00097,NA,NA,"ECA2666",1,NA,NA,NA,811.220499749249,662.811993721975,787.322278863867,793.618409754542,804.893003631585,46.8693219333997,827.39508353012,841.265844842447,976.124834459175,0.0577763036657569,36.7631152115642,29.766911468058,34.0492582791128,35.3226234540886,36.7847530653341,2.74834688687117,37.8890495314154,40.2623273996261,42.7542603400689,0.074758269832548,28,"1_ECA2666_0.00097",NA,NA,NA,NA,NA,"1",777.986030494324,26.9069731372607
"20250619-CbDRC4-p001-m2x_F03_roi_0.png",20250619,"CbDRC4","p001","m2x","F03",0,772.327592495203,35.6735464126086,"","48h",10,"15hHB101","DMSO",1,"MOXIDECTIN",0.0019,NA,NA,"ECA2666",1,NA,NA,NA,802.503702096665,725.904075713587,752.289706411407,769.130109280554,806.614921030665,43.3997899279505,829.241910114292,857.073277605897,923.979901641546,0.0540804856283676,36.0450253088237,30.274153576373,33.7905344450664,35.6109792930929,36.0541343240979,2.14161663453493,37.3305352497778,38.5053708196468,40.2346793493601,0.0594150403886849,37,"1_ECA2666_0.0019",NA,NA,NA,NA,NA,"1",777.986030494324,28.6288905363413
"20250619-CbDRC4-p001-m2x_F04_roi_0.png",20250619,"CbDRC4","p001","m2x","F04",0,744.828631082187,36.1833833021655,"","48h",10,"15hHB101","DMSO",1,"MOXIDECTIN",0.0039,NA,NA,"ECA2666",1,NA,NA,NA,803.127413791589,697.027709671765,759.102770792327,791.269488495805,805.048658879582,36.1397256083544,825.261387243364,843.876256199469,859.380260176294,0.0449987448912217,36.4114922107098,33.6705206541342,34.4794918399273,35.530452670865,36.1619583883161,1.501039586452,37.5204029618107,38.0936402204053,39.8440577347377,0.0412243359257465,26,"1_ECA2666_0.0039",NA,NA,NA,NA,NA,"1",777.986030494324,27.0626283852578
"20250619-CbDRC4-p001-m2x_F05_roi_0.png",20250619,"CbDRC4","p001","m2x","F05",0,804.863114205293,32.3183630716505,"","48h",10,"15hHB101","DMSO",1,"MOXIDECTIN",0.0078,NA,NA,"ECA2666",1,NA,NA,NA,781.520384214926,689.09067837444,712.786467077333,748.731045456698,786.494377522205,45.9978936473974,810.452321121035,839.475502381463,864.949345408187,0.0588569339667378,35.4540128659911,30.6909523419841,32.5281821502617,34.0114782505724,35.3293936152252,2.19581905007798,37.145758910938,38.3185359159357,39.0867588315654,0.0619342881827716,35,"1_ECA2666_0.0078",NA,NA,NA,NA,NA,"1",777.986030494324,8.50834702788086
"20250619-CbDRC4-p001-m2x_F06_roi_0.png",20250619,"CbDRC4","p001","m2x","F06",0,568.505452729417,24.0207302013948,"","48h",10,"15hHB101","DMSO",1,"MOXIDECTIN",0.0156,NA,NA,"ECA2666",1,NA,NA,NA,444.658676666862,254.262103240814,324.699872044552,358.033715277478,412.59682511186,121.168806262965,496.373272101551,645.230786174078,734.455915863315,0.272498463700831,20.7534000145182,14.0628063497363,16.7692482122671,17.4873822480244,18.4990874803201,5.41106152397578,22.3446582511264,27.9881655833408,35.1722406691855,0.260731326924284,31,"1_ECA2666_0.0156",NA,NA,NA,NA,NA,"1",777.986030494324,-365.389205382464
"20250619-CbDRC4-p001-m2x_F07_roi_0.png",20250619,"CbDRC4","p001","m2x","F07",0,280.607107117727,13.7635166979195,"","48h",10,"15hHB101","DMSO",1,"MOXIDECTIN",0.03125,NA,NA,"ECA2666",1,NA,NA,NA,263.673075037631,197.828947820394,237.255866490898,254.203870206807,264.534969341685,26.8800685288435,280.607107117727,288.102687915844,299.349711352993,0.101944684814736,15.0485777541919,13.3853172913645,13.5048447076021,14.5239364107325,15.1279451333725,1.16701030732146,15.4431040134748,15.9753462854226,17.7178539727784,0.0775495416499663,13,"1_ECA2666_0.03125",NA,NA,NA,NA,NA,"1",777.986030494324,-513.451061152639
"20250619-CbDRC4-p001-m2x_F08_roi_0.png",20250619,"CbDRC4","p001","m2x","F08",0,248.77517106309,14.8542032687215,"","48h",10,"15hHB101","DMSO",1,"MOXIDECTIN",0.0625,NA,NA,"ECA2666",1,NA,NA,NA,261.269780988911,201.70674579459,247.222300119168,253.411351395512,263.685111749632,22.2498747343804,273.646192105968,276.834027802624,300.942674871649,0.0851605365540714,14.1374205912148,12.471486248429,13.277327927547,13.4350672407206,13.9733186245449,0.987349723615199,14.7258810500186,15.4075218410788,16.0542950999605,0.0698394531905456,14,"1_ECA2666_0.0625",NA,NA,NA,NA,NA,"1",777.986030494324,-514.300918744692
"20250619-CbDRC4-p001-m2x_F09_roi_0.png",20250619,"CbDRC4","p001","m2x","F09",0,236.042740339886,13.7813889097236,"","48h",10,"15hHB101","DMSO",1,"MOXIDECTIN",0.125,NA,NA,"ECA2666",1,NA,NA,NA,221.480561811954,194.545091524017,194.552132948214,200.640336540507,232.604917102146,20.3796485489884,236.806728402994,239.28636080867,239.724253313484,0.0920155176700855,13.9957131502857,12.2552444263037,13.3235455646976,13.9549989036423,14.1367845462091,0.774244172347342,14.3447343726015,14.6144741433314,14.8368844011508,0.0553200943770082,8,"1_ECA2666_0.125",NA,NA,NA,NA,NA,"1",777.986030494324,-545.381113392178
"20250619-CbDRC4-p001-m2x_F10_roi_0.png",20250619,"CbDRC4","p001","m2x","F10",0,224.05970151626,12.6090342555225,"","48h",10,"15hHB101","DMSO",1,"MOXIDECTIN",0.25,NA,NA,"ECA2666",1,NA,NA,NA,216.223345239873,208.386988963485,209.954260218763,212.305167101679,216.223345239873,11.0822813256548,220.141523378066,222.492430260983,224.05970151626,0.0512538612024543,12.4268774492133,12.2447206429041,12.2811520041659,12.3357990460587,12.4268774492133,0.257608625961014,12.5179558523679,12.5726028942606,12.6090342555225,0.0207299562592309,2,"1_ECA2666_0.25",NA,"n<5",NA,NA,NA,"1",777.986030494324,-561.762685254452
"20250619-CbDRC4-p001-m2x_F11_roi_0.png",20250619,"CbDRC4","p001","m2x","F11",0,212.602825134306,13.215877692166,"","48h",10,"15hHB101","DMSO",1,"MOXIDECTIN",0.5,NA,NA,"ECA2666",1,NA,NA,NA,215.696213445543,186.119862727032,190.28524119173,207.469719698451,220.274466082865,18.3275820954976,225.906370423942,233.784376270022,238.514364653561,0.0849694197349681,13.463698690826,12.1176861566817,12.7836315673907,13.1684241999062,13.2490269038906,0.872480337720504,13.8085070901306,14.2490493689065,15.1779508598779,0.0648024259719211,8,"1_ECA2666_0.5",NA,NA,NA,NA,NA,"1",777.986030494324,-557.711564411459
"20250619-CbDRC4-p001-m2x_F12_roi_0.png",20250619,"CbDRC4","p001","m2x","F12",0,177.175198281857,15.3070722389593,"","48h",10,"15hHB101","DMSO",1,"MOXIDECTIN",1,NA,NA,"ECA2666",1,NA,NA,NA,203.839072857499,177.175198281857,184.459938190498,195.387048053461,213.598897825065,23.3662500621664,217.17101014532,219.314277537472,220.743122465574,0.114630869021375,14.5006627267266,13.4271628315667,13.6952808871841,14.0974579706102,14.7677531096537,0.96799679725189,15.0374126743065,15.1992084130982,15.3070722389593,0.0667553487378026,3,"1_ECA2666_1",NA,"n<5",NA,NA,NA,"1",777.986030494324,-564.387132669259
"20250619-CbDRC4-p002-m2x_A01_roi_0.png",20250619,"CbDRC4","p002","m2x","A01",0,740.521829259872,38.1624573824556,"","48h",10,"15hHB101","DMSO",1,"MOXIDECTIN",0,NA,NA,"PB420",1,NA,NA,NA,769.967036670868,720.673501695163,736.280621179443,749.955606457735,765.416990467573,32.9631684863811,782.947491431125,804.137192860752,902.078305977243,0.0428111424469611,39.4916674120085,34.0465376170415,35.7496812572429,38.0418362066095,39.9114832710358,2.46096834218324,41.3801927994408,42.2183261347493,44.795652251693,0.0623161416941062,51,"1_PB420_0",NA,NA,NA,NA,NA,"1",758.846883086449,6.57010738112365
"20250619-CbDRC4-p002-m2x_A02_roi_0.png",20250619,"CbDRC4","p002","m2x","A02",0,769.035879640799,38.7173427028928,"","48h",10,"15hHB101","DMSO",1,"MOXIDECTIN",0.00097,NA,NA,"PB420",1,NA,NA,NA,774.358772031961,692.354678902141,729.819108375284,762.826810459723,775.701980704554,35.4226562007457,784.56638826181,810.290854717048,880.526405285558,0.0457445017479362,38.4780373733001,35.3142208485683,36.0942911722852,37.4069129196436,38.6184106292796,1.67925322308021,39.489877894313,40.3501935343149,42.5320268980837,0.0436418626758091,58,"1_PB420_0.00097",NA,NA,NA,NA,NA,"1",758.846883086449,16.8550976181045
"20250619-CbDRC4-p002-m2x_A03_roi_0.png",20250619,"CbDRC4","p002","m2x","A03",0,783.515641140485,36.8296954881701,"","48h",10,"15hHB101","DMSO",1,"MOXIDECTIN",0.0019,NA,NA,"PB420",1,NA,NA,NA,781.344660892904,707.164469237388,731.673680977408,758.995004254268,779.549969012229,46.6589659768727,798.266909345742,819.957891770294,1011.50387874428,0.0597162408757639,38.0301239140167,33.5222872742903,35.7970995421899,36.4647145212075,38.1843318010784,2.03318321527333,39.6317097008385,40.671280389421,41.7746462240667,0.0534624399297307,53,"1_PB420_0.0019",NA,NA,NA,NA,NA,"1",758.846883086449,20.7030859257799
"20250619-CbDRC4-p002-m2x_A05_roi_0.png",20250619,"CbDRC4","p002","m2x","A05",0,729.448468507695,36.9934959329136,"","48h",10,"15hHB101","DMSO",1,"MOXIDECTIN",0.0078,NA,NA,"PB420",1,NA,NA,NA,758.001746171427,549.997323717388,712.060720305319,737.679644804525,763.42132078494,43.5050306673196,784.862195499297,794.926094088038,838.163445098571,0.0573943673442154,36.8716440405343,25.9010322753407,34.3237903385721,36.076967851827,37.041334918624,2.40612713940307,38.3032636947492,39.3331543087949,40.4263579595129,0.0652568444400779,48,"1_PB420_0.0078",NA,NA,NA,NA,NA,"1",758.846883086449,4.57443769849147
"20250619-CbDRC4-p002-m2x_A06_roi_0.png",20250619,"CbDRC4","p002","m2x","A06",0,564.879155836342,25.9402959285037,"","48h",10,"15hHB101","DMSO",1,"MOXIDECTIN",0.0156,NA,NA,"PB420",1,NA,NA,NA,399.077804834128,230.959772963754,309.492822296671,350.919530668373,377.169797402272,95.4586211649728,415.393647793264,539.136835116284,687.5454881892,0.239198021059199,20.137587490434,15.2628559336582,17.1814545930474,17.9131487422611,19.4275116486775,3.39344394126745,21.1739563167556,23.9183396029917,30.2705680059607,0.168512933482198,39,"1_PB420_0.0156",NA,NA,NA,NA,NA,"1",758.846883086449,-381.677085684177
"20250619-CbDRC4-p002-m2x_A07_roi_0.png",20250619,"CbDRC4","p002","m2x","A07",0,266.928585014569,12.3494951102466,"","48h",10,"15hHB101","DMSO",1,"MOXIDECTIN",0.03125,NA,NA,"PB420",1,NA,NA,NA,245.063311977036,168.825389761037,211.315803469183,240.335393745541,249.972654497099,27.6120249833346,265.300949264229,267.456093711718,284.704815644729,0.112673026250139,15.0754987779018,12.3494951102466,13.933095246512,14.6837236378323,15.3139786860494,0.981112722181556,15.6712257492805,16.06994184844,16.7464812507937,0.0650799510275378,33,"1_PB420_0.03125",NA,NA,NA,NA,NA,"1",758.846883086449,-508.87422858935
"20250619-CbDRC4-p002-m2x_A08_roi_0.png",20250619,"CbDRC4","p002","m2x","A08",0,239.188315674357,15.0881949336928,"","48h",10,"15hHB101","DMSO",1,"MOXIDECTIN",0.0625,NA,NA,"PB420",1,NA,NA,NA,231.85819205314,120.332258001654,182.565094722698,208.927283221479,231.190357748875,69.233969777179,241.316779867041,259.379146994311,570.997349497097,0.298604803065622,14.2708557164561,11.7476665848545,12.3768277032992,13.5128967505955,14.0702677223348,1.55674702546427,15.0580281699385,15.5225673565805,20.0386792574109,0.109085751856432,33,"1_PB420_0.0625",NA,NA,NA,"outlier","outlier","1",758.846883086449,-527.656525337574
"20250619-CbDRC4-p002-m2x_A09_roi_0.png",20250619,"CbDRC4","p002","m2x","A09",0,220.406188400775,14.8912570231887,"","48h",10,"15hHB101","DMSO",1,"MOXIDECTIN",0.125,NA,NA,"PB420",1,NA,NA,NA,230.392014572769,186.832293133314,214.247769081593,223.25680018127,227.884328354541,18.9555132305914,237.07027179605,255.425482884918,266.04927026333,0.0822750444095985,14.3696764079895,12.7483745220337,13.8880646393581,14.108984720103,14.3040015070697,0.695707800988081,14.4618898277382,14.9727058581962,16.2824434906367,0.0484149942723325,20,"1_PB420_0.125",NA,NA,NA,NA,NA,"1",758.846883086449,-530.962554731908
"20250619-CbDRC4-p002-m2x_A10_roi_0.png",20250619,"CbDRC4","p002","m2x","A10",0,229.625338790071,14.7840131967237,"","48h",10,"15hHB101","DMSO",1,"MOXIDECTIN",0.25,NA,NA,"PB420",1,NA,NA,NA,213.62751075212,125.645777388825,157.499483769616,207.21493490603,217.634091883757,35.7782998067074,234.094500704609,247.720638129075,270.916566121267,0.167479832914509,13.9184996742822,10.8443048330233,12.6107785761797,13.4319316909647,14.3456321595901,1.20156718458785,14.674442035507,14.989915326827,15.2449524206471,0.0863287863423984,23,"1_PB420_0.25",NA,NA,NA,NA,NA,"1",758.846883086449,-541.212791202692
"20250619-CbDRC4-p002-m2x_A11_roi_0.png",20250619,"CbDRC4","p002","m2x","A11",0,212.106538315911,12.4264663006766,"","48h",10,"15hHB101","DMSO",1,"MOXIDECTIN",0.5,NA,NA,"PB420",1,NA,NA,NA,212.578500999498,106.359238583674,194.184103999822,203.551062210757,214.170476298678,27.8131537852254,228.43091980836,237.247183518024,255.600746947025,0.13083709619954,14.1348965058424,10.4485241213656,12.8130801459585,13.471672860863,14.0085101164746,1.32331257630209,14.8141999183638,15.6802085748294,16.7857954141131,0.093620252242747,26,"1_PB420_0.5",NA,NA,NA,NA,NA,"1",758.846883086449,-544.676406787771
"20250619-CbDRC4-p002-m2x_A12_roi_0.png",20250619,"CbDRC4","p002","m2x","A12",0,224.173804667667,14.158717258416,"","48h",10,"15hHB101","DMSO",1,"MOXIDECTIN",1,NA,NA,"PB420",1,NA,NA,NA,204.040117556531,149.577174998399,176.997252386377,190.25584746908,208.415983438547,21.3417880875712,215.00813157728,227.524114611373,243.126773833533,0.104596038970906,14.0170180192033,12.4941474731363,12.6652013568617,13.4672749529771,14.0221198373812,0.962934305094902,14.6327333501462,15.1973657046598,16.2731353788423,0.0686975149618618,27,"1_PB420_1",NA,NA,NA,NA,NA,"1",758.846883086449,-550.430899647902
"20250619-CbDRC4-p002-m2x_B01_roi_0.png",20250619,"CbDRC4","p002","m2x","B01",0,866.634138758456,42.3866414688325,"","48h",10,"15hHB101","DMSO",1,"MOXIDECTIN",0,NA,NA,"ED3102",1,NA,NA,NA,862.694717948255,744.909927823368,813.628548916045,850.353866624352,867.15119683316,40.1019140217833,886.710593803462,906.76568922749,946.335478791857,0.046484478445814,41.7352136688679,35.8118166676589,38.9449861319154,40.6361292074282,41.7681431415217,2.1794274033936,42.7586812872177,44.1130379465354,46.6272760679391,0.0522203485211657,49,"1_ED3102_0",NA,NA,NA,NA,NA,"1",850.390521362296,16.7606754708637
"20250619-CbDRC4-p002-m2x_B02_roi_0.png",20250619,"CbDRC4","p002","m2x","B02",0,868.606849556312,42.4215857023538,"","48h",10,"15hHB101","DMSO",1,"MOXIDECTIN",0.00097,NA,NA,"ED3102",1,NA,NA,NA,866.573946908444,780.429298970904,806.913414412026,829.961026484049,873.520822451886,46.8191472807909,888.52271232071,915.303425075817,1003.26787145774,0.0540278731524541,42.3920579312742,36.7097189104806,39.809434240816,40.8855280167005,42.4215857023538,2.1675595978949,43.8948156909121,44.9568452244648,46.8824336991697,0.0511312661774745,47,"1_ED3102_0.00097",NA,NA,NA,NA,NA,"1",850.390521362296,23.1303010895901
"20250619-CbDRC4-p002-m2x_B03_roi_0.png",20250619,"CbDRC4","p002","m2x","B03",0,908.899469119412,43.7410185909419,"","48h",10,"15hHB101","DMSO",1,"MOXIDECTIN",0.0019,NA,NA,"ED3102",1,NA,NA,NA,856.059907142079,693.595950282332,770.764498083169,812.846461353245,878.211798711315,59.7520810472362,897.643226503263,912.064342957638,949.337154277299,0.0697989481211847,41.7114074480979,32.3084922705108,38.5112848907353,40.185707548429,42.0457594347924,2.78555320803267,43.531200167139,45.120505784536,46.5048365839521,0.0667815683634932,46,"1_ED3102_0.0019",NA,NA,NA,NA,NA,"1",850.390521362296,27.8212773490191
"20250619-CbDRC4-p002-m2x_B04_roi_0.png",20250619,"CbDRC4","p002","m2x","B04",0,875.180821132617,42.0626033202454,"","48h",10,"15hHB101","DMSO",1,"MOXIDECTIN",0.0039,NA,NA,"ED3102",1,NA,NA,NA,854.129654948325,602.457392315462,775.485797325998,836.764946810043,867.658650105161,62.4253304657584,890.846835975679,913.044886550298,941.187915721803,0.0730864806111142,41.8911136501965,35.80911160333,39.0686834357792,40.3409735842906,42.0626033202454,2.58097601181848,43.6141207925498,44.9840080735962,48.5958039211705,0.0616115397019619,47,"1_ED3102_0.0039",NA,NA,NA,NA,NA,"1",850.390521362296,17.268128742865
"20250619-CbDRC4-p002-m2x_B05_roi_0.png",20250619,"CbDRC4","p002","m2x","B05",0,844.606020272314,39.3088987765816,"","48h",10,"15hHB101","DMSO",1,"MOXIDECTIN",0.0078,NA,NA,"ED3102",1,NA,NA,NA,869.991206330413,761.077127315702,813.524840243261,848.960171002374,877.003711368142,38.8340786731582,892.928493844318,908.779013606757,956.142456063322,0.0446373232172756,42.2722821225987,36.5919313883851,39.1819207529635,40.0675600046032,42.5455162491967,2.42564942540895,44.2240389325405,44.8120750523521,46.58082063571,0.0573815584021238,48,"1_ED3102_0.0078",NA,NA,NA,NA,NA,"1",850.390521362296,26.6131900058461
"20250619-CbDRC4-p002-m2x_B06_roi_0.png",20250619,"CbDRC4","p002","m2x","B06",0,642.037502767123,29.2733564625408,"","48h",10,"15hHB101","DMSO",1,"MOXIDECTIN",0.0156,NA,NA,"ED3102",1,NA,NA,NA,396.864360149512,257.506514229948,292.370501620483,328.432990565241,368.770601539579,93.9863157877696,464.146498279733,533.237832209226,642.037502767123,0.236822262781072,19.9792097806703,15.3362589972312,16.3150155773701,18.0282546828094,19.4305387902231,3.28639030972906,20.8398330398908,24.7248288333971,29.2733564625408,0.164490505170461,36,"1_ED3102_0.0156",NA,NA,NA,NA,NA,"1",850.390521362296,-481.619919822717
"20250619-CbDRC4-p002-m2x_B07_roi_0.png",20250619,"CbDRC4","p002","m2x","B07",0,290.89519393445,13.5907035846506,"","48h",10,"15hHB101","DMSO",1,"MOXIDECTIN",0.03125,NA,NA,"ED3102",1,NA,NA,NA,244.808133918573,101.141010581815,210.126288865535,233.806408795055,250.529799709116,39.0391246551758,262.022885819315,283.587777549025,315.071422579937,0.15946824980971,15.1737276077759,13.4412777299581,13.8495363087377,14.3247449307169,15.2996068280427,0.978800544251496,15.9081951210032,16.2319997717219,17.4585690162539,0.0645062683048231,30,"1_ED3102_0.03125",NA,NA,NA,NA,NA,"1",850.390521362296,-599.86072165318
"20250619-CbDRC4-p002-m2x_B08_roi_0.png",20250619,"CbDRC4","p002","m2x","B08",0,237.073019247251,13.9298724634416,"","48h",10,"15hHB101","DMSO",1,"MOXIDECTIN",0.0625,NA,NA,"ED3102",1,NA,NA,NA,222.953683331882,141.256304442973,195.525515556356,203.168020001308,226.833752244107,26.4043984042112,239.401683059632,250.805303566277,290.713884195863,0.118429971685672,14.8982236439005,12.1457230444312,13.6689696072303,14.0828416844604,14.9470242977287,1.03997039578433,15.4838954655446,15.8682623665953,17.5964138471147,0.0698049929066617,45,"1_ED3102_0.0625",NA,NA,NA,NA,NA,"1",850.390521362296,-623.55676911819
"20250619-CbDRC4-p002-m2x_B09_roi_0.png",20250619,"CbDRC4","p002","m2x","B09",0,251.177969388279,12.874935982683,"","48h",10,"15hHB101","DMSO",1,"MOXIDECTIN",0.125,NA,NA,"ED3102",1,NA,NA,NA,220.304675165339,151.359912682804,189.241420024189,205.982739457512,220.722845807991,27.8145497043908,235.080222082442,250.944134032577,305.573575578861,0.126254922568102,14.8740523792793,12.5929677232922,13.1478322541969,14.2697392551426,14.7948136238576,1.43279219684783,15.4570197125342,15.8408177752003,20.8838755672257,0.0963283011456795,32,"1_ED3102_0.125",NA,NA,NA,NA,NA,"1",850.390521362296,-629.667675554305
"20250619-CbDRC4-p002-m2x_B10_roi_0.png",20250619,"CbDRC4","p002","m2x","B10",0,214.206390179085,14.6516958102059,"","48h",10,"15hHB101","DMSO",1,"MOXIDECTIN",0.25,NA,NA,"ED3102",1,NA,NA,NA,228.5022184779,148.241560736957,171.727242191129,199.230307941074,223.981778277132,76.3507451353058,234.206641608367,253.758443645534,583.126015429881,0.334135684300546,15.7368553198723,13.157196375539,13.3131089319264,13.9097486521787,14.4782135364563,6.65274532474001,15.2399880310019,15.5950267859143,48.7607875288351,0.422749347916989,27,"1_ED3102_0.25",NA,NA,NA,NA,NA,"1",850.390521362296,-626.408743085164
"20250619-CbDRC4-p002-m2x_B11_roi_0.png",20250619,"CbDRC4","p002","m2x","B11",0,220.970746132967,14.4909348738126,"","48h",10,"15hHB101","DMSO",1,"MOXIDECTIN",0.5,NA,NA,"ED3102",1,NA,NA,NA,209.578152021391,140.252190014217,180.685538802461,197.789966863347,215.9155578385,29.5127009868955,232.464346374756,234.682276780845,247.675192599166,0.140819549663189,14.8069164114218,12.904098951904,13.1339540459246,13.9262868845007,14.6228853275862,1.63197412897245,14.9844580027148,17.6498005051087,17.9314761933714,0.110217015050721,12,"1_ED3102_0.5",NA,NA,NA,NA,NA,"1",850.390521362296,-634.474963523796
"20250619-CbDRC4-p002-m2x_B12_roi_0.png",20250619,"CbDRC4","p002","m2x","B12",0,228.733114697998,16.178675199721,"","48h",10,"15hHB101","DMSO",1,"MOXIDECTIN",1,NA,NA,"ED3102",1,NA,NA,NA,209.231454306835,145.985419847514,185.32142676346,197.604373891234,212.459016760371,25.3017706390074,221.796779491544,233.209002594801,260.369599176837,0.120927184312846,14.6340936697683,12.8772413599684,13.2135815147787,14.1750297183816,14.8835097402673,0.903973171940822,15.0709526014012,15.4039131942409,16.1839293364304,0.0617717224134138,19,"1_ED3102_1",NA,NA,NA,NA,NA,"1",850.390521362296,-637.931504601925
"20250619-CbDRC4-p002-m2x_C01_roi_0.png",20250619,"CbDRC4","p002","m2x","C01",0,788.650454291835,39.2554675447442,"","48h",10,"15hHB101","DMSO",1,"MOXIDECTIN",0,NA,NA,"JU3237",1,NA,NA,NA,773.481980905483,674.499691119959,691.139229899938,742.317012775628,780.609750018559,48.9826709247,801.324409368593,827.73270909628,875.502409077977,0.0633274880784657,39.3412428382213,35.9908609925841,36.7600398300181,38.2765059085699,39.3556311105317,1.77367888937085,40.704598478183,41.2539191252562,43.9158154173183,0.0450844650908605,30,"1_JU3237_0",NA,NA,NA,NA,NA,"1",756.836909183482,23.7728408350774
"20250619-CbDRC4-p002-m2x_C02_roi_0.png",20250619,"CbDRC4","p002","m2x","C02",0,690.248566227084,37.8669735425241,"","48h",10,"15hHB101","DMSO",1,"MOXIDECTIN",0.00097,NA,NA,"JU3237",1,NA,NA,NA,764.896733686858,683.645130904909,709.093449017279,749.348479651771,770.182455659679,35.2657490212038,788.256880295298,799.44971994394,832.697409510529,0.0461052420125006,39.3806044594043,36.1277652049511,37.530098887306,38.1812708964203,39.2165489771849,1.6353990157157,40.5630501502317,41.6522664211865,42.4874853035651,0.041528032343982,29,"1_JU3237_0.00097",NA,NA,NA,NA,NA,"1",756.836909183482,13.3455464761976
"20250619-CbDRC4-p002-m2x_C03_roi_0.png",20250619,"CbDRC4","p002","m2x","C03",0,779.596325253413,39.780423352765,"","48h",10,"15hHB101","DMSO",1,"MOXIDECTIN",0.0019,NA,NA,"JU3237",1,NA,NA,NA,779.925738774196,708.480985948064,745.930389644106,757.882962702177,775.933403932947,33.5062923409779,795.842992865107,814.702101294742,859.552961641088,0.0429608752156833,39.1554830166856,36.2994310127762,36.9554169517735,37.5972995082121,39.2217863687584,1.69994496733833,40.2657825629419,41.3607141511108,42.2885834200645,0.0434152470195279,29,"1_JU3237_0.0019",NA,NA,NA,NA,NA,"1",756.836909183482,19.0964947494656
"20250619-CbDRC4-p002-m2x_C04_roi_0.png",20250619,"CbDRC4","p002","m2x","C04",0,809.262084084437,40.4925208843566,"","48h",10,"15hHB101","DMSO",1,"MOXIDECTIN",0.0039,NA,NA,"JU3237",1,NA,NA,NA,772.870610011508,685.943492429243,711.465704709113,752.918364907725,786.450685923373,37.9896583250603,800.52398381029,808.952719468223,838.560620011143,0.0491539694134502,39.1968816354177,34.4437270920078,36.1952694270146,37.8233943679363,39.509157739796,2.32811243698737,40.5519138782092,42.1882591730197,43.6431811091063,0.0593953482994352,41,"1_JU3237_0.0039",NA,NA,NA,NA,NA,"1",756.836909183482,29.6137767398916
"20250619-CbDRC4-p002-m2x_C05_roi_0.png",20250619,"CbDRC4","p002","m2x","C05",0,823.913749250513,41.0208346572261,"","48h",10,"15hHB101","DMSO",1,"MOXIDECTIN",0.0078,NA,NA,"JU3237",1,NA,NA,NA,752.14425465398,499.961508189109,695.884031509559,727.212341880753,760.915224426047,57.3620149126694,790.999966998971,806.800965204423,825.095805708117,0.0762646454556227,37.9749769039085,22.9537007213297,33.3569348649207,36.9319751764273,38.9200335970079,3.65396278394494,39.9677439678105,41.160879379278,44.1472431501894,0.0962202766624689,46,"1_JU3237_0.0078",NA,NA,NA,NA,NA,"1",756.836909183482,4.07831524256562
"20250619-CbDRC4-p002-m2x_C06_roi_0.png",20250619,"CbDRC4","p002","m2x","C06",0,577.522317745471,26.3805851106603,"","48h",10,"15hHB101","DMSO",1,"MOXIDECTIN",0.0156,NA,NA,"JU3237",1,NA,NA,NA,413.702469080709,279.159162328709,326.216492043192,363.597846456472,395.183888631032,83.1122287288193,465.92949841609,540.24162426719,587.24734974739,0.200898556185811,19.7618459428872,11.7553707874663,17.7615385068654,18.5618317477219,18.7680584730231,3.27363925304561,20.6388274439982,25.5333153618178,27.2738986360908,0.165654527542953,26,"1_JU3237_0.0156",NA,NA,NA,NA,NA,"1",756.836909183482,-361.653020552449
"20250619-CbDRC4-p002-m2x_C07_roi_0.png",20250619,"CbDRC4","p002","m2x","C07",0,272.726285091714,14.5401874810177,"","48h",10,"15hHB101","DMSO",1,"MOXIDECTIN",0.03125,NA,NA,"JU3237",1,NA,NA,NA,269.751837497427,238.190038374181,244.882307575459,252.465915912722,270.308488001036,22.8557475385107,277.718210733111,295.406909086172,325.865929921847,0.0847287927694975,15.4183274074186,13.9331130934167,14.3605169172111,14.9503645251841,15.605763624097,0.795722368031997,15.8144410385194,16.3209182664305,16.7531028582394,0.051608864373261,18,"1_JU3237_0.03125",NA,NA,NA,NA,NA,"1",756.836909183482,-486.528421182446
"20250619-CbDRC4-p002-m2x_C08_roi_0.png",20250619,"CbDRC4","p002","m2x","C08",0,273.250626450795,14.2968716570038,"","48h",10,"15hHB101","DMSO",1,"MOXIDECTIN",0.0625,NA,NA,"JU3237",1,NA,NA,NA,249.88739154621,158.823129831332,226.607394497565,238.416778351338,251.257894586414,25.285417088545,261.860688511957,282.067455199399,287.443648265466,0.101187246511672,15.2057135869724,11.142015417514,13.9733657175294,14.5566226122347,15.2200993471865,1.57605706274589,15.6270087107542,16.6003984591892,21.5495458013615,0.103649003628227,35,"1_JU3237_0.0625",NA,NA,NA,NA,NA,"1",756.836909183482,-505.579014597068
"20250619-CbDRC4-p002-m2x_C09_roi_0.png",20250619,"CbDRC4","p002","m2x","C09",0,245.741241699656,15.6016590378875,"","48h",10,"15hHB101","DMSO",1,"MOXIDECTIN",0.125,NA,NA,"JU3237",1,NA,NA,NA,224.683710115725,152.095781473402,166.658602636102,194.005415378909,233.725481417203,39.68224627817,253.215211919595,265.773928269452,282.273604151775,0.176613810844281,14.076467197162,11.4978483506235,11.8692865480841,13.4404354269805,14.3225663000294,1.32169647154693,14.9770174260289,15.4124656883752,16.3314250846803,0.0938940469248846,25,"1_JU3237_0.125",NA,NA,NA,NA,NA,"1",756.836909183482,-523.111427766279
"20250619-CbDRC4-p002-m2x_C10_roi_0.png",20250619,"CbDRC4","p002","m2x","C10",0,240.365247376988,14.8610182258331,"","48h",10,"15hHB101","DMSO",1,"MOXIDECTIN",0.25,NA,NA,"JU3237",1,NA,NA,NA,225.588895043261,186.282504602141,197.339582515224,219.788958291745,228.34367254252,20.0145251895796,238.031973425572,248.977719241043,256.519983059795,0.0887212341979044,13.6278782875784,11.8196295005456,12.4939575136251,13.1504549763759,13.5455017942108,0.976356241077973,14.2959233428569,14.775177874399,15.4397307736895,0.0716440388206219,15,"1_JU3237_0.25",NA,NA,NA,"outlier","outlier","1",756.836909183482,-528.493236640962
"20250619-CbDRC4-p002-m2x_C11_roi_0.png",20250619,"CbDRC4","p002","m2x","C11",0,250.330090786232,12.6480639659402,"fallback_a","48h",10,"15hHB101","DMSO",1,"MOXIDECTIN",0.5,NA,NA,"JU3237",1,NA,NA,NA,208.915498652869,124.86616228537,172.458811653217,194.142856999104,211.583715859475,33.62815678413,229.414860732764,247.772559769091,265.100310790222,0.160965352024964,14.1993949589903,11.1786061507603,12.7424491475317,13.4611487912876,14.0267299257533,1.53412484081227,14.5397048208703,15.7263511958933,18.6194922147666,0.108041564111923,19,"1_JU3237_0.5",NA,NA,NA,NA,NA,"1",756.836909183482,-545.253193324006
"20250619-CbDRC4-p002-m2x_C12_roi_1.png",20250619,"CbDRC4","p002","m2x","C12",1,253.108362940292,13.2308507646841,"","48h",10,"15hHB101","DMSO",1,"MOXIDECTIN",1,NA,NA,"JU3237",1,NA,NA,NA,200.929529755624,127.081260615452,135.587799422631,184.340668015703,210.136958087559,45.5846559076235,232.992529228565,252.8812753712,253.108362940292,0.226868872699124,14.3990655183748,10.845122659613,12.7537051436699,14.0179038541863,14.3010395570783,1.95374752820029,14.8634757933444,15.6294702990763,18.3611625196999,0.13568571694511,9,"1_JU3237_1",NA,NA,NA,NA,NA,"1",756.836909183482,-546.699951095923
"20250619-CbDRC4-p002-m2x_D01_roi_0.png",20250619,"CbDRC4","p002","m2x","D01",0,835.055671271345,38.6379561100728,"","48h",10,"15hHB101","DMSO",1,"MOXIDECTIN",0,NA,NA,"NIC1667",1,NA,NA,NA,773.299574448594,652.133986955852,728.786821000629,746.515440534602,776.754695033033,42.3393546318804,807.164571385773,819.397581565017,835.055671271345,0.0547515555818983,38.2057347250663,32.2280168513384,35.7493703581708,37.4603724329198,38.5622579790964,2.28184874562398,39.814043110716,40.6763981223464,41.1622623057158,0.0597252941749316,29,"1_NIC1667_0",NA,NA,NA,NA,NA,"1",774.728395535816,2.02629949721791
"20250619-CbDRC4-p002-m2x_D02_roi_0.png",20250619,"CbDRC4","p002","m2x","D02",0,769.301560483669,38.8081699771579,"","48h",10,"15hHB101","DMSO",1,"MOXIDECTIN",0.00097,NA,NA,"NIC1667",1,NA,NA,NA,782.419736632343,710.997951106991,744.08711341913,766.873824240162,781.139854409327,36.965368123208,806.36582398597,813.817810377159,864.387052131981,0.0472449331126445,38.385096154355,35.4907302502016,37.5988748464042,38.0073817636732,38.3801263299862,0.968182743552824,39.0634195704428,39.5242124664239,39.5933452618888,0.0252228818096364,20,"1_NIC1667_0.00097",NA,NA,NA,NA,NA,"1",774.728395535816,6.41145887351138
"20250619-CbDRC4-p002-m2x_D03_roi_0.png",20250619,"CbDRC4","p002","m2x","D03",0,770.727317821839,38.6623853629809,"","48h",10,"15hHB101","DMSO",1,"MOXIDECTIN",0.0019,NA,NA,"NIC1667",1,NA,NA,NA,806.806676939816,707.190010705687,774.841069415277,789.827460611191,802.730523495102,40.6738258419766,826.930053554966,847.492825607744,924.183725178406,0.0504133480851333,38.7886497137649,35.4201167625301,36.4318822760822,38.0040309094419,38.9319986996256,1.51705424849936,39.9948650448603,40.4188898935609,41.3409026649041,0.0391107775004863,29,"1_NIC1667_0.0019",NA,NA,NA,NA,NA,"1",774.728395535816,28.0021279592869
"20250619-CbDRC4-p002-m2x_D04_roi_0.png",20250619,"CbDRC4","p002","m2x","D04",0,825.350238693645,38.8965821747796,"","48h",10,"15hHB101","DMSO",1,"MOXIDECTIN",0.0039,NA,NA,"NIC1667",1,NA,NA,NA,805.417760267592,726.194323304764,753.843941244526,786.201911744985,805.2059358725,42.2299630453815,825.711092936697,852.613573669787,910.971851575449,0.0524323712843767,38.8952857917464,35.5186919404474,36.4750744674864,37.6870373713687,39.0546652860504,2.03282825698521,39.9746978794699,40.5290342823628,46.075936627453,0.0522641295880793,32,"1_NIC1667_0.0039",NA,NA,NA,NA,NA,"1",774.728395535816,30.4775403366842
"20250619-CbDRC4-p002-m2x_D05_roi_0.png",20250619,"CbDRC4","p002","m2x","D05",0,800.790799414443,35.9126124063966,"","48h",10,"15hHB101","DMSO",1,"MOXIDECTIN",0.0078,NA,NA,"NIC1667",1,NA,NA,NA,796.70668084132,715.216213081629,741.977800794882,771.407017596784,804.698982494939,38.99944775365,822.672816858581,826.907608431815,869.162510473828,0.0489508230462768,37.6843671310544,33.2070919485031,34.9141844109766,36.3910565169876,37.8645033401776,2.17266230073174,38.6467435502249,40.2538548291949,42.0244742142533,0.0576542069334985,24,"1_NIC1667_0.0078",NA,NA,NA,NA,NA,"1",774.728395535816,29.9705869591231
"20250619-CbDRC4-p002-m2x_D06_roi_0.png",20250619,"CbDRC4","p002","m2x","D06",0,560.334656692011,24.9408903601503,"","48h",10,"15hHB101","DMSO",1,"MOXIDECTIN",0.0156,NA,NA,"NIC1667",1,NA,NA,NA,436.755434507075,315.432155608741,340.490103832421,355.74802006539,389.792638378612,108.849004584128,474.550677297809,610.494627505775,726.298202097967,0.24922186648227,20.9346160853824,16.6984618716959,17.9598287295128,18.4030154553626,19.6375634644365,3.75217243174299,21.3346564374798,27.1370811598283,31.6503798776444,0.179232922946361,29,"1_NIC1667_0.0156",NA,NA,NA,NA,NA,"1",774.728395535816,-384.935757157204
"20250619-CbDRC4-p002-m2x_D07_roi_0.png",20250619,"CbDRC4","p002","m2x","D07",0,302.103800405874,15.9344628408417,"","48h",10,"15hHB101","DMSO",1,"MOXIDECTIN",0.03125,NA,NA,"NIC1667",1,NA,NA,NA,268.592189665134,213.964978220559,247.412789295639,258.968464069142,266.878813205493,21.5980093188096,284.435979883891,292.54559495315,302.103800405874,0.080411903807541,15.7620307864615,14.6670482259135,14.7047402260423,14.9245604837021,15.6479937172827,1.15153026016236,16.3551990818844,16.8333485833128,19.5400778497274,0.073057226937499,21,"1_NIC1667_0.03125",NA,NA,NA,NA,NA,"1",774.728395535816,-507.849582330323
"20250619-CbDRC4-p002-m2x_D08_roi_0.png",20250619,"CbDRC4","p002","m2x","D08",0,278.529303480597,14.3249675409536,"","48h",10,"15hHB101","DMSO",1,"MOXIDECTIN",0.0625,NA,NA,"NIC1667",1,NA,NA,NA,262.748613614636,222.222208163344,241.436766761958,250.567545505,265.962338062383,16.8159265277497,273.71669443348,284.052669248593,292.566608004859,0.0640000580646757,15.1415060626783,13.4558804468272,14.3435175714611,14.5375055120452,15.0481111775876,1.0090367906598,15.328156623665,16.0847399069815,18.7397853973664,0.0666404508562683,38,"1_NIC1667_0.0625",NA,NA,NA,NA,NA,"1",774.728395535816,-508.766057473432
"20250619-CbDRC4-p002-m2x_D09_roi_0.png",20250619,"CbDRC4","p002","m2x","D09",0,244.192855153772,14.2295699049288,"","48h",10,"15hHB101","DMSO",1,"MOXIDECTIN",0.125,NA,NA,"NIC1667",1,NA,NA,NA,229.630775709025,144.815649843181,170.755280410637,216.301054537072,238.363128225386,38.1554307476108,252.048580464563,266.827886762246,285.964789525634,0.166159917501473,14.3629715586981,12.4567175903979,12.7285348352024,13.4564786985244,14.6333517430677,1.04253312571445,15.0473547266567,15.6176346792058,15.7652776564212,0.0725847796504962,20,"1_NIC1667_0.125",NA,NA,NA,NA,NA,"1",774.728395535816,-536.365267310429
"20250619-CbDRC4-p002-m2x_D10_roi_0.png",20250619,"CbDRC4","p002","m2x","D10",0,226.344222444055,13.7126063133491,"","48h",10,"15hHB101","DMSO",1,"MOXIDECTIN",0.25,NA,NA,"NIC1667",1,NA,NA,NA,232.973272635842,184.235305652194,199.780416752064,226.616365813314,231.953083203743,23.1157722849688,242.533972144343,259.718078439955,280.85100188758,0.099220704690451,14.4641692133962,12.5818274015396,13.5185608225443,13.8252619985929,14.3964111362229,0.9645526705055,14.9002017533972,15.5420757683841,16.7694939044291,0.0666856600109575,26,"1_NIC1667_0.25",NA,NA,NA,NA,NA,"1",774.728395535816,-542.775312332073
"20250619-CbDRC4-p002-m2x_D11_roi_0.png",20250619,"CbDRC4","p002","m2x","D11",0,220.920479608907,12.9100168006531,"","48h",10,"15hHB101","DMSO",1,"MOXIDECTIN",0.5,NA,NA,"NIC1667",1,NA,NA,NA,223.38318769761,84.2419260768671,172.031147047062,203.665260626566,228.144502864786,52.0712284882367,242.180412419419,265.786336268399,334.782418182041,0.23310271925533,15.3845008298169,9.33076520381591,13.2173389752521,13.7477107586768,14.5372664415915,4.24928390007185,14.9758209710542,16.317731799353,28.8159093964305,0.276205510147996,25,"1_NIC1667_0.5",NA,NA,NA,NA,NA,"1",774.728395535816,-546.583892671029
"20250619-CbDRC4-p002-m2x_D12_roi_0.png",20250619,"CbDRC4","p002","m2x","D12",0,273.777333496652,15.0586432508507,"","48h",10,"15hHB101","DMSO",1,"MOXIDECTIN",1,NA,NA,"NIC1667",1,NA,NA,NA,203.449888685789,102.957844028311,136.073733212596,171.487768317856,208.325506182583,52.9274532201751,228.571309176172,270.214817365723,294.468924765148,0.260149826387554,13.8270993474955,10.8979463893877,12.2166080179832,12.8554352947511,13.7757315571743,1.55379175504902,15.0757153360201,15.5921922887316,16.9622407232603,0.112372936362134,16,"1_NIC1667_1",NA,NA,NA,NA,NA,"1",774.728395535816,-566.402889353233
"20250619-CbDRC4-p002-m2x_E01_roi_0.png",20250619,"CbDRC4","p002","m2x","E01",0,978.635098242851,43.9578546928436,"","48h",10,"15hHB101","DMSO",1,"MOXIDECTIN",0,NA,NA,"VX34",1,NA,NA,NA,846.393373811095,761.380708220379,796.300340483044,816.864245318696,845.380162143204,43.9343014577822,864.656785644607,895.106828208454,978.635098242851,0.05190766234376,38.8747244508377,28.5506184226012,36.8127288466926,37.8025053207949,38.8430108317526,2.85880221306726,40.2110870166303,41.9935013418773,43.9578546928436,0.0735388418426631,29,"1_VX34_0",NA,NA,NA,NA,NA,"1",841.848651392647,3.531510750557
"20250619-CbDRC4-p002-m2x_E02_roi_0.png",20250619,"CbDRC4","p002","m2x","E02",0,855.157856810674,43.1428750793062,"","48h",10,"15hHB101","DMSO",1,"MOXIDECTIN",0.00097,NA,NA,"VX34",1,NA,NA,NA,831.217148452469,718.289159674522,774.980853076354,795.996164507031,838.614795343386,46.2130434361818,862.350768532193,884.440551469363,903.899398891836,0.055596835943796,39.4156116665548,35.0765310088429,37.620891323885,37.9130079831696,39.3025125469836,1.98629409117879,40.3370065721448,41.9215611731798,43.8501603638116,0.0503935879007103,30,"1_VX34_0.00097",NA,NA,NA,NA,NA,"1",841.848651392647,-3.23385604926102
"20250619-CbDRC4-p002-m2x_E03_roi_0.png",20250619,"CbDRC4","p002","m2x","E03",0,891.495817381432,42.6034151421314,"","48h",10,"15hHB101","DMSO",1,"MOXIDECTIN",0.0019,NA,NA,"VX34",1,NA,NA,NA,849.245953471917,744.539153852584,801.939539521006,831.047763540212,845.496333987417,42.1506294439498,875.08049987027,889.233314595597,970.690173382635,0.0496330059291164,38.8181854297275,34.4751109364044,37.0754650205665,37.939730935939,38.9104943335044,1.77034690337389,39.7866450348318,41.0453031963591,42.6034151421314,0.0456061220733449,29,"1_VX34_0.0019",NA,NA,NA,NA,NA,"1",841.848651392647,3.64768259476978
"20250619-CbDRC4-p002-m2x_E04_roi_0.png",20250619,"CbDRC4","p002","m2x","E04",0,851.496074184821,39.5326194008506,"","48h",10,"15hHB101","DMSO",1,"MOXIDECTIN",0.0039,NA,NA,"VX34",1,NA,NA,NA,865.599412068239,669.800848509371,810.152854629581,829.147308502302,862.309508592946,63.9592584998249,908.084041505903,951.357166802553,988.253814077464,0.0738901362548323,39.4046952134687,34.5011553765166,36.1827642083925,37.2968089195545,38.9215584255134,2.73392275341181,41.4070657317004,43.0835050626731,45.7683461113583,0.0693806344295069,39,"1_VX34_0.0039",NA,NA,NA,NA,NA,"1",841.848651392647,20.460857200299
"20250619-CbDRC4-p002-m2x_E05_roi_0.png",20250619,"CbDRC4","p002","m2x","E05",0,822.472684878146,37.4051203379744,"","48h",10,"15hHB101","DMSO",1,"MOXIDECTIN",0.0078,NA,NA,"VX34",1,NA,NA,NA,869.119473910751,706.941944210033,813.315310338739,844.714771920729,863.137855987371,58.5270491766766,889.047199819878,955.709674727373,1007.94236768039,0.0673406256947899,38.5291570266805,34.6694383459613,36.1971562334885,37.2528300477448,38.1301754327867,2.13211219411418,39.7674592310634,41.2188982596188,44.0031206063481,0.0553376289192557,34,"1_VX34_0.0078",NA,NA,NA,NA,NA,"1",841.848651392647,21.2892045947236
"20250619-CbDRC4-p002-m2x_E06_roi_0.png",20250619,"CbDRC4","p002","m2x","E06",0,715.139632903487,33.7392541875138,"","48h",10,"15hHB101","DMSO",1,"MOXIDECTIN",0.0156,NA,NA,"VX34",1,NA,NA,NA,545.741154605455,349.072967499184,401.273691483049,442.452701088491,532.054026534897,116.787313194243,643.275635281868,712.473858657181,718.725278345701,0.213997629111689,25.4128341088877,17.7435487853925,19.4958877617412,20.4528749338597,25.3564899566019,5.37904044308049,27.9660504322356,33.7637281197816,36.2977671887887,0.211666295070932,30,"1_VX34_0.0156",NA,NA,NA,NA,NA,"1",841.848651392647,-309.79462485775
"20250619-CbDRC4-p002-m2x_E07_roi_0.png",20250619,"CbDRC4","p002","m2x","E07",0,258.220036486218,14.6534211059779,"","48h",10,"15hHB101","DMSO",1,"MOXIDECTIN",0.03125,NA,NA,"VX34",1,NA,NA,NA,261.478660259675,202.287165109256,239.998793290522,250.223134445939,257.648588488276,25.5463714693423,271.300144278101,292.076945084904,318.098060485974,0.0976996418903639,15.452672360704,12.799464166313,14.6147814161103,15.236566195529,15.6480385337403,0.821802477888659,16.0496214256494,16.2073938702876,16.3564179696625,0.0531819001080029,22,"1_VX34_0.03125",NA,NA,NA,NA,NA,"1",841.848651392647,-584.200062904371
"20250619-CbDRC4-p002-m2x_E08_roi_0.png",20250619,"CbDRC4","p002","m2x","E08",0,276.813646607844,14.5608329370339,"","48h",10,"15hHB101","DMSO",1,"MOXIDECTIN",0.0625,NA,NA,"VX34",1,NA,NA,NA,243.448691320165,129.410778645981,218.476049406651,237.545432811361,249.469085903542,34.9527995128741,265.244335235029,276.290178234541,280.64353202021,0.143573577345326,14.7812699267577,12.2891344838124,13.67086396581,14.0825609553108,14.8256402681486,1.06584886316631,15.4144030286633,16.0637316534065,16.8509604671409,0.0721080711229598,32,"1_VX34_0.0625",NA,NA,NA,NA,NA,"1",841.848651392647,-592.379565489105
"20250619-CbDRC4-p002-m2x_E09_roi_1.png",20250619,"CbDRC4","p002","m2x","E09",1,216.393600123141,15.5398025295495,"","48h",10,"15hHB101","DMSO",1,"MOXIDECTIN",0.125,NA,NA,"VX34",1,NA,NA,NA,225.416481264438,135.808742800195,203.357761259481,214.304713963215,224.872900506883,28.8135249441034,242.832588028236,257.049493204924,276.766331965186,0.127823505994231,15.0497223399848,11.4898871875767,13.1498868259002,14.1888392476908,14.7764829261551,2.15322688297454,15.2924594069012,17.4390609592409,23.9509104953155,0.143074193286195,34,"1_VX34_0.125",NA,NA,NA,NA,NA,"1",841.848651392647,-616.975750885764
"20250619-CbDRC4-p002-m2x_E10_roi_0.png",20250619,"CbDRC4","p002","m2x","E10",0,278.242213666528,15.763653234813,"","48h",10,"15hHB101","DMSO",1,"MOXIDECTIN",0.25,NA,NA,"VX34",1,NA,NA,NA,233.689710676048,200.11945552087,203.763838922968,213.218033573732,230.591826837237,26.6087734467886,241.788189404772,272.333931920491,287.853064952836,0.113863692884942,15.6260173922241,13.2730521191963,14.2560587407519,14.5520672945269,15.2684620354989,2.03225705891895,15.8983486188139,16.9498470296706,21.5588427341837,0.130055983422254,13,"1_VX34_0.25",NA,NA,NA,"outlier","outlier","1",841.848651392647,-611.25682455541
"20250619-CbDRC4-p002-m2x_E11_roi_0.png",20250619,"CbDRC4","p002","m2x","E11",0,240.120803929723,13.7284131067448,"","48h",10,"15hHB101","DMSO",1,"MOXIDECTIN",0.5,NA,NA,"VX34",1,NA,NA,NA,220.113114440029,177.816070279122,200.52367530936,203.802846692425,225.617888046122,18.8652480492132,231.376578067045,241.470004207551,250.983732935974,0.0857070606501875,14.0328357363757,11.4992141362269,13.610305544084,13.7284131067448,14.0671545094857,0.817654138105807,14.3937357006924,14.954680104659,15.0656201257523,0.0582672065337655,17,"1_VX34_0.5",NA,NA,NA,NA,NA,"1",841.848651392647,-616.230763346525
"20250619-CbDRC4-p002-m2x_F01_roi_0.png",20250619,"CbDRC4","p002","m2x","F01",0,812.173567948551,36.7149001905641,"","48h",10,"15hHB101","DMSO",1,"MOXIDECTIN",0,NA,NA,"ECA2666",1,NA,NA,NA,786.438692832431,578.700098923875,748.701641527627,775.381519444811,790.38662012007,51.2975926040113,816.001533671916,834.600472552892,857.65645693503,0.0652277069675429,36.089759679406,25.3991120449455,33.0556425541297,34.8523195037935,36.6090446580229,3.131907457077,37.563504317327,39.6863319978187,40.6899612194444,0.0867810560363519,30,"1_ECA2666_0",NA,NA,NA,NA,NA,"1",777.986030494324,12.4005896257456
"20250619-CbDRC4-p002-m2x_F02_roi_0.png",20250619,"CbDRC4","p002","m2x","F02",0,802.659615917019,36.5871137008515,"","48h",10,"15hHB101","DMSO",1,"MOXIDECTIN",0.00097,NA,NA,"ECA2666",1,NA,NA,NA,778.662402077675,575.634268991059,727.127354951417,753.819862566276,780.644793714418,52.0803311580624,807.802096697308,832.578273909861,876.487625043147,0.066884353243586,35.4981132489147,29.0701302565965,32.5519078745686,34.2022188617253,35.8219725819425,2.38015894577226,37.0240409224259,38.3891974512021,39.9662966669971,0.0670502944503686,39,"1_ECA2666_0.00097",NA,NA,NA,NA,NA,"1",777.986030494324,2.65876322009399
"20250619-CbDRC4-p002-m2x_F03_roi_0.png",20250619,"CbDRC4","p002","m2x","F03",0,835.533790903138,36.3752539159111,"","48h",10,"15hHB101","DMSO",1,"MOXIDECTIN",0.0019,NA,NA,"ECA2666",1,NA,NA,NA,780.573050744046,674.064992527928,733.543264777058,749.702998439972,780.524058345209,44.5544282180848,806.026264281291,836.176868477945,886.020326299715,0.0570791268999298,36.554831090389,31.6447353474213,33.9164434006544,35.8329122857909,36.8308932652601,1.89860702015397,37.4429807362547,38.6298471176519,41.6232743121158,0.0519386073884267,37,"1_ECA2666_0.0019",NA,NA,NA,NA,NA,"1",777.986030494324,2.5380278508851
"20250619-CbDRC4-p002-m2x_F04_roi_0.png",20250619,"CbDRC4","p002","m2x","F04",0,810.860913372808,35.603249363181,"","48h",10,"15hHB101","DMSO",1,"MOXIDECTIN",0.0039,NA,NA,"ECA2666",1,NA,NA,NA,776.990193953791,716.744528562586,739.66877098791,756.758712758103,781.023392734605,28.2498057132287,795.583585521129,809.430422221695,830.552793018488,0.036357995162689,35.8981108791846,31.8077728112899,32.7005673678553,34.6094203588818,36.4483203025417,2.10559777438375,37.3514025411275,38.2608349259819,39.3211898360649,0.0586548351101304,36,"1_ECA2666_0.0039",NA,NA,NA,NA,NA,"1",777.986030494324,3.0373622402808
"20250619-CbDRC4-p002-m2x_F05_roi_0.png",20250619,"CbDRC4","p002","m2x","F05",0,824.486329544654,35.7667960214676,"","48h",10,"15hHB101","DMSO",1,"MOXIDECTIN",0.0078,NA,NA,"ECA2666",1,NA,NA,NA,761.260945261441,570.120415911925,708.901895480857,732.820240836703,763.313650796978,62.0670424996085,809.812735945344,821.215765847262,846.824668479271,0.081531888488372,34.2656822827276,25.5339562989442,30.7181756196385,32.4725655926449,34.7709621506834,3.10315897901891,35.786868476261,37.0446620461268,39.5906918004746,0.0905617157543986,29,"1_ECA2666_0.0078",NA,NA,NA,NA,NA,"1",777.986030494324,-14.6723796973459
"20250619-CbDRC4-p002-m2x_F06_roi_0.png",20250619,"CbDRC4","p002","m2x","F06",0,660.789422256309,28.4083254374063,"","48h",10,"15hHB101","DMSO",1,"MOXIDECTIN",0.0156,NA,NA,"ECA2666",1,NA,NA,NA,502.059524466015,298.421329002654,367.159549423728,395.253711115479,514.254077733238,112.95103847101,565.065721863642,632.813413893702,741.486721046721,0.224975392292664,23.3935621504012,17.5510164742033,18.3572871920499,20.2750345693626,23.2819194374494,4.14645035877144,25.4150360441664,27.9518787054629,35.2399945988851,0.177247497927558,37,"1_ECA2666_0.0156",NA,NA,NA,NA,NA,"1",777.986030494324,-263.731952761086
"20250619-CbDRC4-p002-m2x_F07_roi_0.png",20250619,"CbDRC4","p002","m2x","F07",0,269.421359426958,16.0477087533107,"","48h",10,"15hHB101","DMSO",1,"MOXIDECTIN",0.03125,NA,NA,"ECA2666",1,NA,NA,NA,252.504623966777,170.687902643103,215.671657269153,221.163532233532,263.878003042824,38.5317205033504,280.74374976156,293.149944701878,307.502325892262,0.152598078791698,15.1458342186449,11.8682107383946,12.4515280540602,15.3412552238155,15.6273466436264,1.61044418364031,16.0841387245301,16.5636357838846,16.8246661085674,0.106329183351143,13,"1_ECA2666_0.03125",NA,NA,NA,"outlier","outlier","1",777.986030494324,-514.1080274515
"20250619-CbDRC4-p002-m2x_F08_roi_0.png",20250619,"CbDRC4","p002","m2x","F08",0,280.49776358464,12.674963644902,"","48h",10,"15hHB101","DMSO",1,"MOXIDECTIN",0.0625,NA,NA,"ECA2666",1,NA,NA,NA,237.121662698604,155.60497347563,217.559640735634,224.572299707867,236.797294916893,28.0775483982017,245.250570987818,269.739264091319,285.474472469897,0.118409883258494,14.2768099583867,11.9390649411829,12.8724053014426,13.4413078558543,13.9513708116798,1.60772588395143,14.5112440990752,15.6797631250456,18.5074693431644,0.112611002642575,19,"1_ECA2666_0.0625",NA,NA,NA,NA,NA,"1",777.986030494324,-541.188735577431
"20250619-CbDRC4-p002-m2x_F09_roi_0.png",20250619,"CbDRC4","p002","m2x","F09",0,240.50488225489,14.4829716591257,"","48h",10,"15hHB101","DMSO",1,"MOXIDECTIN",0.125,NA,NA,"ECA2666",1,NA,NA,NA,195.117948177719,79.8623323280288,97.071408497547,185.655686156702,216.177993838634,53.8666707966193,229.073630355504,241.306691588837,253.888763217274,0.276072351619626,14.0162714451871,11.2175550427208,12.5068268984492,13.3421105922888,14.3213821577419,1.19237334399012,14.7055989681803,15.384194619028,16.1128006021556,0.0850706515390407,20,"1_ECA2666_0.125",NA,NA,NA,NA,NA,"1",777.986030494324,-561.80803665569
"20250619-CbDRC4-p002-m2x_F10_roi_0.png",20250619,"CbDRC4","p002","m2x","F10",0,187.954985236186,12.7306466988236,"","48h",10,"15hHB101","DMSO",1,"MOXIDECTIN",0.25,NA,NA,"ECA2666",1,NA,NA,NA,197.591106702669,148.43152830512,154.036691137981,184.759262503869,202.090944205871,27.6808986974749,214.435279551125,225.862930060163,235.633952307009,0.140091824775943,13.6697628217898,12.4451872099936,12.7435604854629,13.2509419424254,13.6998885028828,0.749937714298812,14.1024319797531,14.640417630822,14.7734579994193,0.0548610626296602,12,"1_ECA2666_0.25",NA,NA,NA,NA,NA,"1",777.986030494324,-575.895086288453
"20250619-CbDRC4-p002-m2x_F11_roi_0.png",20250619,"CbDRC4","p002","m2x","F11",0,240.91012453983,14.6394894216395,"","48h",10,"15hHB101","DMSO",1,"MOXIDECTIN",0.5,NA,NA,"ECA2666",1,NA,NA,NA,206.937300704209,158.892205436169,169.074393094923,184.347674583054,222.45399386695,34.1345227827036,228.082505095043,235.779076761915,240.91012453983,0.164951039114474,14.0334647757072,9.8255171121477,11.2671903583026,13.4297002275349,14.1803171612718,2.955263511255,14.6394894216395,16.711175742221,18.092299955942,0.210586876333687,5,"1_ECA2666_0.5",NA,NA,NA,NA,NA,"1",777.986030494324,-555.532036627374
"20250619-CbDRC4-p002-m2x_F12_roi_0.png",20250619,"CbDRC4","p002","m2x","F12",0,203.581330506223,13.6375951738104,"","48h",10,"15hHB101","DMSO",1,"MOXIDECTIN",1,NA,NA,"ECA2666",1,NA,NA,NA,178.577634916363,57.068119153973,116.478214320719,150.075847360758,188.333059415959,45.5219614871341,206.960183446945,223.4870208593,250.791619510216,0.254914124652028,14.7935218115937,10.1691669213138,11.5951020701844,12.8354661913886,13.9084125501665,5.42927394279786,14.5634937690109,16.308479410657,39.0487084603035,0.36700347705865,24,"1_ECA2666_1",NA,NA,NA,NA,NA,"1",777.986030494324,-589.652971078365
"20250619-CbDRC4-p003-m2x_A01_roi_0.png",20250619,"CbDRC4","p003","m2x","A01",0,742.040973058299,37.7097560246885,"","48h",10,"15hHB101","DMSO",1,"MOXIDECTIN",0,NA,NA,"PB420",1,NA,NA,NA,753.985601419941,666.232438418047,732.308225697043,740.923390065355,752.121812532586,29.0003341723166,768.959411574211,780.141170464522,832.17841225399,0.0384627161549263,38.7323756112606,34.4566897142626,36.6602487192418,37.5786337132907,38.5565706290041,1.80852839651857,40.0044751955491,41.0859873693485,42.1363352792033,0.046692937574239,43,"1_PB420_0",NA,NA,NA,NA,NA,"1",758.846883086449,-6.72507055386336
"20250619-CbDRC4-p003-m2x_A02_roi_0.png",20250619,"CbDRC4","p003","m2x","A02",0,754.800340282009,36.6979064537948,"","48h",10,"15hHB101","DMSO",1,"MOXIDECTIN",0.00097,NA,NA,"PB420",1,NA,NA,NA,777.816559709474,695.508920016236,721.349647553706,748.366312141821,763.881624992993,73.2291826880681,785.811250217968,810.452117673521,1170.7885332542,0.0941471119044062,37.5184060026642,32.6472872343165,35.4107773750352,36.1200788988219,37.5625680610567,1.76273472721413,38.7124797977853,39.8151440456441,40.9150910250606,0.0469831987821913,60,"1_PB420_0.00097",NA,NA,NA,NA,NA,"1",758.846883086449,5.0347419065439
"20250619-CbDRC4-p003-m2x_A03_roi_0.png",20250619,"CbDRC4","p003","m2x","A03",0,771.395559162834,35.8235654042967,"","48h",10,"15hHB101","DMSO",1,"MOXIDECTIN",0.0019,NA,NA,"PB420",1,NA,NA,NA,766.360285598044,676.822841684859,721.932246619229,743.335282203064,763.602740600881,49.0029775307513,779.260259764519,794.606660162458,937.774823252242,0.0639424803863771,39.4360131415965,35.646974865774,36.5936782170216,37.5380363108478,39.0481995352552,2.33337617688959,41.0746417470727,42.2664738807773,45.829597276111,0.0591686631331496,42,"1_PB420_0.0019",NA,NA,NA,NA,NA,"1",758.846883086449,4.75585751443168
"20250619-CbDRC4-p003-m2x_A04_roi_0.png",20250619,"CbDRC4","p003","m2x","A04",0,786.66650864304,37.4537010031808,"","48h",10,"15hHB101","DMSO",1,"MOXIDECTIN",0.0039,NA,NA,"PB420",1,NA,NA,NA,764.101385626988,711.99874388377,734.443117963435,745.851728943623,764.030934491515,23.658108991198,779.609042638668,793.944726746909,814.994955854656,0.0309620024727285,37.1724284596022,26.954948576683,35.3784109884153,35.9440187922172,37.2552560581288,2.25438148141205,38.7451817780402,39.4546208788245,41.8142504125381,0.0606466021950122,45,"1_PB420_0.0039",NA,NA,NA,NA,NA,"1",758.846883086449,5.1840514050665
"20250619-CbDRC4-p003-m2x_A05_roi_0.png",20250619,"CbDRC4","p003","m2x","A05",0,798.926768406744,36.6329447185056,"","48h",10,"15hHB101","DMSO",1,"MOXIDECTIN",0.0078,NA,NA,"PB420",1,NA,NA,NA,756.585378634514,574.792780449635,715.095075415365,742.905394265361,758.862702301645,44.2219665367938,777.736848581418,798.415418877607,875.833222997298,0.0584494067498445,36.8314156205592,24.4025855286197,34.1127189886896,35.3032123023539,37.1793484293783,2.65449891693004,38.5572722160484,39.5085674876627,41.0967215329876,0.0720715962773993,69,"1_PB420_0.0078",NA,NA,NA,NA,NA,"1",758.846883086449,0.0158192151960748
"20250619-CbDRC4-p003-m2x_A06_roi_0.png",20250619,"CbDRC4","p003","m2x","A06",0,586.527701602007,26.5290567952959,"","48h",10,"15hHB101","DMSO",1,"MOXIDECTIN",0.0156,NA,NA,"PB420",1,NA,NA,NA,416.152031452397,279.862408363494,337.565630802956,359.446553959086,393.325577156414,85.936314676475,465.559436094183,513.553539694952,654.853261833673,0.206502211166798,20.9893096431123,17.1620582232082,18.3081004751475,19.1444310697049,20.4253519923817,2.8775910429463,22.1864420496911,23.6998272916218,32.1490558713382,0.137097936610344,34,"1_PB420_0.0156",NA,NA,NA,NA,NA,"1",758.846883086449,-365.521305930035
"20250619-CbDRC4-p003-m2x_A07_roi_0.png",20250619,"CbDRC4","p003","m2x","A07",0,244.936801018027,15.1132498266706,"","48h",10,"15hHB101","DMSO",1,"MOXIDECTIN",0.03125,NA,NA,"PB420",1,NA,NA,NA,238.668772028647,49.6929677610971,167.420215387071,231.110525382034,244.936801018027,72.5020221287744,265.428837461912,274.988309842228,498.098237435895,0.303776742606579,17.0706941693677,12.6832269600779,13.0964736629278,14.0715289956278,15.1132498266706,9.22609347438261,15.7837503156045,17.4880093620459,62.7855191795333,0.540463872344351,29,"1_PB420_0.03125",NA,NA,NA,NA,NA,"1",758.846883086449,-513.910082068422
"20250619-CbDRC4-p003-m2x_A08_roi_0.png",20250619,"CbDRC4","p003","m2x","A08",0,216.525616896869,14.9430499213569,"","48h",10,"15hHB101","DMSO",1,"MOXIDECTIN",0.0625,NA,NA,"PB420",1,NA,NA,NA,231.209542461427,139.052422489132,200.243597964867,217.454320524383,233.633051808296,34.43655328715,245.141362802242,267.242819261547,296.835618841384,0.148940882459015,15.065247254601,12.7850746491744,13.1644912086338,14.438000941884,14.9315183673788,1.52114448215652,15.6584386228743,16.2867217038497,20.5793773674918,0.100970429256776,27,"1_PB420_0.0625",NA,NA,NA,NA,NA,"1",758.846883086449,-525.213831278153
"20250619-CbDRC4-p003-m2x_A09_roi_0.png",20250619,"CbDRC4","p003","m2x","A09",0,237.193075233087,13.0498166286265,"","48h",10,"15hHB101","DMSO",1,"MOXIDECTIN",0.125,NA,NA,"PB420",1,NA,NA,NA,208.107947965123,140.828015485354,154.088940866914,189.283406826138,216.445908574905,34.9756424990886,231.627537845543,246.534531339618,259.233563429298,0.168064904973981,14.0780581089711,9.81375827932465,12.1564055570055,13.2661697722123,14.2488913337184,1.62058278695091,15.0311388397264,15.6358903202838,17.4119229723423,0.115114085650649,24,"1_PB420_0.125",NA,NA,NA,NA,NA,"1",758.846883086449,-542.400974511544
"20250619-CbDRC4-p003-m2x_A10_roi_0.png",20250619,"CbDRC4","p003","m2x","A10",0,200.11591771232,13.678040941243,"","48h",10,"15hHB101","DMSO",1,"MOXIDECTIN",0.25,NA,NA,"PB420",1,NA,NA,NA,213.895829723819,148.714564736612,184.459898504931,203.792906231309,218.965266953737,23.6055856290831,225.855728124137,232.303706949349,254.669149627077,0.110360195706305,13.9712516620948,11.9418527214273,12.9589078672671,13.3507397440325,13.9121713747534,0.960522038995905,14.7562626889279,15.1381326179271,15.1722130796696,0.0687498917224346,22,"1_PB420_0.25",NA,NA,NA,NA,NA,"1",758.846883086449,-539.881616132712
"20250619-CbDRC4-p003-m2x_A11_roi_0.png",20250619,"CbDRC4","p003","m2x","A11",0,208.93831573896,12.2094815819046,"","48h",10,"15hHB101","DMSO",1,"MOXIDECTIN",0.5,NA,NA,"PB420",1,NA,NA,NA,207.993515135097,104.640029158406,184.002919798109,197.451966229116,215.140614833115,24.7686695631866,221.113744144415,229.729954832015,233.166777434577,0.119083854836045,13.8626069659678,11.9922848082335,12.5255467333123,12.9178471054115,13.7515793699743,1.19527123594554,14.58219383753,15.1375990524524,17.4699886182487,0.0862226880470528,31,"1_PB420_0.5",NA,NA,NA,NA,NA,"1",758.846883086449,-543.706268253334
"20250619-CbDRC4-p003-m2x_B01_roi_0.png",20250619,"CbDRC4","p003","m2x","B01",0,890.000618169872,40.6171146407861,"","48h",10,"15hHB101","DMSO",1,"MOXIDECTIN",0,NA,NA,"ED3102",1,NA,NA,NA,834.178010368483,398.945304828658,762.972226641245,809.130207867317,863.41478232723,116.306882306606,892.843799751533,917.691975336484,1001.52807737003,0.139426933892959,40.6660824899836,20.1799224355671,37.6167953267484,39.6819765880734,41.1080565384482,5.7693859141751,43.3607674721463,44.7022206658897,53.8877805916518,0.141872183424507,51,"1_ED3102_0",NA,NA,NA,NA,NA,"1",850.390521362296,13.0242609649339
"20250619-CbDRC4-p003-m2x_B02_roi_0.png",20250619,"CbDRC4","p003","m2x","B02",0,904.710024316269,43.4800826452519,"","48h",10,"15hHB101","DMSO",1,"MOXIDECTIN",0.00097,NA,NA,"ED3102",1,NA,NA,NA,861.14887081626,761.918710172164,798.46344158139,831.863846118312,871.406656550027,41.3640190497489,894.00361698035,903.399262653261,937.278125013697,0.0480335287562313,41.5786926056148,35.4531353919231,38.5324083000017,39.6610441416689,41.5228125244663,2.6634274460539,43.5665857608349,44.9905274909115,47.3219017762848,0.0640575082847658,47,"1_ED3102_0.00097",NA,NA,NA,NA,NA,"1",850.390521362296,21.0161351877309
"20250619-CbDRC4-p003-m2x_B03_roi_0.png",20250619,"CbDRC4","p003","m2x","B03",0,899.188464867099,42.1123875607242,"","48h",10,"15hHB101","DMSO",1,"MOXIDECTIN",0.0019,NA,NA,"ED3102",1,NA,NA,NA,863.338263011773,741.745914805528,789.75592590311,835.340573118067,875.612868347021,50.2013651540296,889.264146152267,912.404050454652,995.201924639282,0.0581479673782802,41.071938087483,35.5694966257797,37.6988292196559,39.6827029118978,41.2181931838035,2.42781860751382,42.9857704213306,44.0915530251256,45.2354751517367,0.0591113719138984,49,"1_ED3102_0.0019",NA,NA,NA,NA,NA,"1",850.390521362296,25.222346984725
"20250619-CbDRC4-p003-m2x_B04_roi_0.png",20250619,"CbDRC4","p003","m2x","B04",0,907.324994000377,40.3899024087613,"","48h",10,"15hHB101","DMSO",1,"MOXIDECTIN",0.0039,NA,NA,"ED3102",1,NA,NA,NA,849.79325232954,731.603806634453,760.096648291837,804.262999742689,869.911379482317,57.7672133714424,892.611826626062,907.324994000377,939.060933030719,0.0679779619490799,40.6656749836016,37.0975846738722,37.6627889196071,38.8633955557277,40.3988864382892,2.31131608611954,42.4771644683154,43.588969756408,45.1952465934747,0.056837027469766,31,"1_ED3102_0.0039",NA,NA,NA,NA,NA,"1",850.390521362296,19.5208581200212
"20250619-CbDRC4-p003-m2x_B05_roi_0.png",20250619,"CbDRC4","p003","m2x","B05",0,760.171265428188,38.1718877625415,"","48h",10,"15hHB101","DMSO",1,"MOXIDECTIN",0.0078,NA,NA,"ED3102",1,NA,NA,NA,849.449060066196,626.657835325921,763.108123731804,839.872741880278,860.835187128896,59.7021073051897,879.399931989537,903.983004575531,944.89398227662,0.0702833284676743,41.1114742689266,21.72400688215,38.3764767225226,40.458441159633,41.6572940812642,3.78042143158195,42.678079776443,43.4399031605856,48.3073894605603,0.0919553846902376,42,"1_ED3102_0.0078",NA,NA,NA,NA,NA,"1",850.390521362296,10.4446657665998
"20250619-CbDRC4-p003-m2x_B06_roi_0.png",20250619,"CbDRC4","p003","m2x","B06",0,733.639664957591,36.5159367880127,"","48h",10,"15hHB101","DMSO",1,"MOXIDECTIN",0.0156,NA,NA,"ED3102",1,NA,NA,NA,472.678750343193,296.480557209728,333.919576984256,381.799539769297,434.933906898731,124.555385080413,553.804421137402,645.077864185348,733.639664957591,0.263509592910572,23.7196079603876,18.1146504488999,18.4511753021203,19.1291714650197,21.4532835381068,5.30155635891031,27.2482961162072,29.0541042010624,36.5159367880127,0.223509442810524,26,"1_ED3102_0.0156",NA,NA,NA,NA,NA,"1",850.390521362296,-415.456614463565
"20250619-CbDRC4-p003-m2x_B07_roi_0.png",20250619,"CbDRC4","p003","m2x","B07",0,237.500589892085,15.3961057067922,"","48h",10,"15hHB101","DMSO",1,"MOXIDECTIN",0.03125,NA,NA,"ED3102",1,NA,NA,NA,236.34993845877,119.576663971976,210.281084578013,226.356211139665,244.413240747356,32.1704633520481,249.292947388568,274.0844633796,288.882347966647,0.136113694642066,15.2592988847762,11.4750281399988,13.3527387341574,14.7584122480788,15.4414215134639,1.30356987355133,16.198303509988,16.7958940456244,17.1226461809487,0.0854279009405777,41,"1_ED3102_0.03125",NA,NA,NA,NA,NA,"1",850.390521362296,-605.97728061494
"20250619-CbDRC4-p003-m2x_B08_roi_0.png",20250619,"CbDRC4","p003","m2x","B08",0,233.722078440294,14.7853740336105,"","48h",10,"15hHB101","DMSO",1,"MOXIDECTIN",0.0625,NA,NA,"ED3102",1,NA,NA,NA,235.017757232063,202.256132998716,211.299791432689,221.860443014326,234.78314240918,17.3324687453115,248.284647638942,257.284482432447,269.331058823614,0.0737496134311119,15.0925958010776,8.21563814344454,14.400489079222,14.7070998923981,15.3188460645798,1.4861741398772,15.8187752184202,16.2716091258902,16.6791948321927,0.0984704128743105,30,"1_ED3102_0.0625",NA,NA,NA,NA,NA,"1",850.390521362296,-615.607378953116
"20250619-CbDRC4-p003-m2x_B09_roi_0.png",20250619,"CbDRC4","p003","m2x","B09",0,185.695129304545,15.5358790097349,"","48h",10,"15hHB101","DMSO",1,"MOXIDECTIN",0.125,NA,NA,"ED3102",1,NA,NA,NA,199.710006312734,123.314314452155,143.9558748897,185.739751643845,209.293138612178,33.0950659994503,223.164301912353,231.127461806304,245.16892336461,0.165715612404645,14.6138937695827,10.3636280009929,13.3408309121766,14.1614456133357,14.7869128382409,1.30942545426709,15.3626860124666,16.0639016109059,16.5585033816169,0.0896014077365559,38,"1_ED3102_0.125",NA,NA,NA,NA,NA,"1",850.390521362296,-641.097382750118
"20250619-CbDRC4-p003-m2x_B10_roi_0.png",20250619,"CbDRC4","p003","m2x","B10",0,210.705787698621,14.2780826461954,"","48h",10,"15hHB101","DMSO",1,"MOXIDECTIN",0.25,NA,NA,"ED3102",1,NA,NA,NA,215.904230753492,120.502096410952,189.44327348119,203.88511389694,212.218176654714,39.0305877112299,225.827273025208,244.258841514082,335.185446223569,0.180777317679304,14.8956300022782,13.1747760373166,13.5297051619782,14.3067703817243,14.9798517251611,1.04834052183465,15.439836300827,16.2364520533549,17.2418351854838,0.0703790656504165,23,"1_ED3102_0.25",NA,NA,NA,NA,NA,"1",850.390521362296,-638.172344707583
"20250619-CbDRC4-p003-m2x_B11_roi_0.png",20250619,"CbDRC4","p003","m2x","B11",0,212.65624665813,15.1387515495712,"","48h",10,"15hHB101","DMSO",1,"MOXIDECTIN",0.5,NA,NA,"ED3102",1,NA,NA,NA,206.001991454327,125.832565666936,145.784953526756,203.810887098776,217.579568159576,34.2102403083314,224.202897547303,233.365304523634,244.215002723228,0.166067522293425,14.5512423945857,10.4175132798456,12.8732734365399,13.9789876060092,14.6871437639633,1.70664832344154,15.4368239572748,16.235580262015,17.4663453207897,0.117285402659264,24,"1_ED3102_0.5",NA,NA,NA,NA,NA,"1",850.390521362296,-632.81095320272
"20250619-CbDRC4-p003-m2x_B12_roi_0.png",20250619,"CbDRC4","p003","m2x","B12",0,226.817060643515,13.6490390532935,"","48h",10,"15hHB101","DMSO",1,"MOXIDECTIN",1,NA,NA,"ED3102",1,NA,NA,NA,201.628880185932,113.030921541543,157.564254372768,197.5768825027,208.136627790349,31.2000389279694,220.533604048403,227.198602489409,242.391711499016,0.154739930605171,14.4493587707047,9.83268612636051,12.8214958128871,14.1367478537759,14.9292040331152,1.68561023990864,15.7355228164079,15.7637846501185,16.1305178345498,0.116656404388416,19,"1_ED3102_1",NA,NA,NA,NA,NA,"1",850.390521362296,-642.253893571947
"20250619-CbDRC4-p003-m2x_C01_roi_0.png",20250619,"CbDRC4","p003","m2x","C01",0,788.504418781678,36.7706396313846,"","48h",10,"15hHB101","DMSO",1,"MOXIDECTIN",0,NA,NA,"JU3237",1,NA,NA,NA,740.159676507813,473.581263848144,685.198304374381,707.880193245316,759.282723071029,60.6770203991003,775.853730119683,792.387323132512,805.742293292011,0.0819782843147898,38.5307274513869,22.71298926736,35.1890509684539,37.5003002380495,39.3727186868367,3.96083656117733,40.4702431850898,42.1823072663458,43.478110096207,0.102796827964762,36,"1_JU3237_0",NA,NA,NA,NA,NA,"1",756.836909183482,2.44581388754762
"20250619-CbDRC4-p003-m2x_C02_roi_0.png",20250619,"CbDRC4","p003","m2x","C02",0,767.342100960675,40.3069517460149,"","48h",10,"15hHB101","DMSO",1,"MOXIDECTIN",0.00097,NA,NA,"JU3237",1,NA,NA,NA,756.791050450648,689.772186143033,706.42643052288,720.189927007122,757.096374141361,38.3531986943593,789.790752776011,799.67511609323,826.479052194732,0.0506787159699115,39.2685378019925,34.0362789188947,36.9581000834351,38.4333857419388,39.5705899396925,2.04937197860087,40.3172753324911,41.5579693684397,43.2829049575374,0.0521886500825319,35,"1_JU3237_0.00097",NA,NA,NA,NA,NA,"1",756.836909183482,0.259464957879686
"20250619-CbDRC4-p003-m2x_C03_roi_0.png",20250619,"CbDRC4","p003","m2x","C03",0,724.225606203413,41.6984337434177,"","48h",10,"15hHB101","DMSO",1,"MOXIDECTIN",0.0019,NA,NA,"JU3237",1,NA,NA,NA,753.796269528687,649.004894322955,693.49191624038,724.04334576294,760.734754185867,44.612217828555,780.047694481173,812.070913063574,830.019016900611,0.0591833889765054,39.8996971456323,33.0401161496417,36.4911740022451,38.2674607896866,40.9808475982766,2.46999759173802,41.6685227174664,42.1917404880714,44.3008330225904,0.06190517142831,35,"1_JU3237_0.0019",NA,NA,NA,"outlier","outlier","1",756.836909183482,3.89784500238568
"20250619-CbDRC4-p003-m2x_C04_roi_0.png",20250619,"CbDRC4","p003","m2x","C04",0,784.272902028273,38.3054861550736,"","48h",10,"15hHB101","DMSO",1,"MOXIDECTIN",0.0039,NA,NA,"JU3237",1,NA,NA,NA,752.041650804836,683.031119247844,704.380325153975,718.202047810261,764.096207838074,38.0683614222985,779.798187881453,788.584167050303,825.430012033498,0.0506200173641416,39.6525172991589,35.470978835736,37.1062282808292,38.4202950389898,39.4421492114224,2.09244773438122,41.0264199368352,42.092756310362,44.515160279313,0.0527696064942039,39,"1_JU3237_0.0039",NA,NA,NA,NA,NA,"1",756.836909183482,7.25929865459227
"20250619-CbDRC4-p003-m2x_C05_roi_0.png",20250619,"CbDRC4","p003","m2x","C05",0,797.928158824651,37.1583154232566,"","48h",10,"15hHB101","DMSO",1,"MOXIDECTIN",0.0078,NA,NA,"JU3237",1,NA,NA,NA,762.751217635888,664.068062482087,719.13075544912,746.03954354606,768.232131437078,34.5944636921583,791.903826924798,797.916228693643,812.478606303923,0.0453548455804269,39.2350236253318,33.2511263190013,36.5715839773853,38.3794007241446,39.3130329681845,2.11615502878011,40.6462745340426,41.6236073385525,42.3589766909991,0.0539353575771477,33,"1_JU3237_0.0078",NA,NA,NA,NA,NA,"1",756.836909183482,11.3952222535967
"20250619-CbDRC4-p003-m2x_C06_roi_0.png",20250619,"CbDRC4","p003","m2x","C06",0,593.300425544723,23.2952350086203,"","48h",10,"15hHB101","DMSO",1,"MOXIDECTIN",0.0156,NA,NA,"JU3237",1,NA,NA,NA,459.793529151205,342.599412150648,357.595987156112,381.244954057244,442.956499773213,98.3406927673403,515.13156965331,598.119782823587,727.170182103956,0.213880114730803,21.3961690169655,15.6878725490784,17.2073070902913,19.4448409992731,20.7689656046894,3.38008503002919,23.2952350086203,26.3147992213728,28.4634713503581,0.157976179163151,29,"1_JU3237_0.0156",NA,NA,NA,NA,NA,"1",756.836909183482,-313.880409410269
"20250619-CbDRC4-p003-m2x_C07_roi_0.png",20250619,"CbDRC4","p003","m2x","C07",0,310.741704418525,14.0336715049389,"","48h",10,"15hHB101","DMSO",1,"MOXIDECTIN",0.03125,NA,NA,"JU3237",1,NA,NA,NA,263.255604037695,223.212039655985,231.064398888387,246.661863301246,269.264964647214,25.1653931741321,274.514297731239,288.939477242235,310.741704418525,0.095593000825649,15.0337221674886,12.6188387201802,13.5702699404177,14.0336715049389,15.1976990774383,1.25411268637988,15.8623482757468,16.5178191533207,16.8842186619246,0.0834199722735318,13,"1_JU3237_0.03125",NA,NA,NA,NA,NA,"1",756.836909183482,-487.571944536267
"20250619-CbDRC4-p003-m2x_C08_roi_0.png",20250619,"CbDRC4","p003","m2x","C08",0,246.354669128676,15.1131463522181,"","48h",10,"15hHB101","DMSO",1,"MOXIDECTIN",0.0625,NA,NA,"JU3237",1,NA,NA,NA,225.749009459641,134.417276480005,138.401296997432,219.01823943554,246.354669128676,52.0424438778485,256.957959134959,263.68293363749,293.259733261462,0.230532324382812,14.8555717609548,11.804921193953,13.5462418900178,14.5203822092927,15.1131463522181,1.24004396964049,15.287259079939,15.8400155163917,16.9457715973707,0.0834733249984848,13,"1_JU3237_0.0625",NA,NA,NA,NA,NA,"1",756.836909183482,-510.482240054806
"20250619-CbDRC4-p003-m2x_C09_roi_0.png",20250619,"CbDRC4","p003","m2x","C09",0,223.076031310797,15.8760667328648,"","48h",10,"15hHB101","DMSO",1,"MOXIDECTIN",0.125,NA,NA,"JU3237",1,NA,NA,NA,231.339193547549,186.762450813245,200.304040854256,216.127847139278,228.609578030069,23.1329336747095,249.311619608827,254.269598248668,280.288887341027,0.0999957392431856,14.2194443890473,11.1086111263012,11.8724712412325,13.3874890832107,14.3919395558067,1.5366005634145,15.4494800265058,15.8604769278418,17.499922576264,0.108063333655856,27,"1_JU3237_0.125",NA,NA,NA,NA,NA,"1",756.836909183482,-528.227331153412
"20250619-CbDRC4-p003-m2x_C10_roi_0.png",20250619,"CbDRC4","p003","m2x","C10",0,261.910725131053,13.814413009063,"","48h",10,"15hHB101","DMSO",1,"MOXIDECTIN",0.25,NA,NA,"JU3237",1,NA,NA,NA,209.323861775823,99.973357382186,144.781449079302,170.842461224615,213.67595193537,60.9962785854058,235.208109364443,268.516055002217,381.605096520672,0.291396681046952,13.9941080814428,9.55653432012003,11.4535648656025,12.9178461069382,14.397700560703,2.1188356940393,15.312046420675,16.0285373889247,18.664594614902,0.151409127449075,21,"1_JU3237_0.25",NA,NA,NA,NA,NA,"1",756.836909183482,-543.160957248112
"20250619-CbDRC4-p003-m2x_C11_roi_0.png",20250619,"CbDRC4","p003","m2x","C11",0,222.0365712593,15.0332657750819,"","48h",10,"15hHB101","DMSO",1,"MOXIDECTIN",0.5,NA,NA,"JU3237",1,NA,NA,NA,211.208580370463,58.7131583543405,179.565521594467,198.586423332032,217.812020155118,41.8370172750724,230.400574405722,238.349413452328,322.375381471668,0.198083890349955,13.7925863673031,8.44633961814168,12.0214859449115,12.8902982171565,14.1584465243466,1.69697248409682,14.6200074436071,15.0662317733676,17.5515199895534,0.123035117483091,30,"1_JU3237_0.5",NA,NA,NA,NA,NA,"1",756.836909183482,-539.024889028364
"20250619-CbDRC4-p003-m2x_C12_roi_0.png",20250619,"CbDRC4","p003","m2x","C12",0,197.037910085088,12.708644043203,"","48h",10,"15hHB101","DMSO",1,"MOXIDECTIN",1,NA,NA,"JU3237",1,NA,NA,NA,227.117983483428,158.906750841546,168.019486680427,193.337032424407,211.576818456785,71.9182698062036,232.034855838378,266.345004321566,432.448769479978,0.316655989557301,14.1633099919871,9.49933617955823,12.1972520514707,13.0137014088629,14.4638565140675,2.05572511642779,15.3984266248973,16.2645617328216,16.9809060134417,0.145144398985182,12,"1_JU3237_1",NA,NA,NA,NA,NA,"1",756.836909183482,-545.260090726696
"20250619-CbDRC4-p003-m2x_D01_roi_0.png",20250619,"CbDRC4","p003","m2x","D01",0,813.111453989836,37.9074508708482,"","48h",10,"15hHB101","DMSO",1,"MOXIDECTIN",0,NA,NA,"NIC1667",1,NA,NA,NA,756.429312741744,214.774983070113,715.736241664231,750.510659645466,770.561228178864,113.098117158536,802.394215706071,830.736305793848,855.329367072228,0.149515777949697,37.9310353294917,33.0698072525759,35.2140837797384,37.369984997264,38.0679397786602,1.91465844984815,39.2006618058349,39.9443749506259,41.032419699731,0.0504773580055562,28,"1_NIC1667_0",NA,NA,NA,NA,NA,"1",774.728395535816,-4.16716735695184
"20250619-CbDRC4-p003-m2x_D02_roi_0.png",20250619,"CbDRC4","p003","m2x","D02",0,752.524483465622,40.2608994062939,"","48h",10,"15hHB101","DMSO",1,"MOXIDECTIN",0.00097,NA,NA,"NIC1667",1,NA,NA,NA,779.279349767983,728.250702635558,740.720073561035,752.748616092599,780.277764054819,30.3749198232883,800.437789888887,813.472158376866,845.486172682789,0.038978217287975,38.9499224606494,34.5868441740887,36.5316709362417,37.3731236825648,38.9143928190564,2.05008693288439,40.2928926403183,41.6972088768118,42.7262348739103,0.0526339156375872,31,"1_NIC1667_0.00097",NA,NA,NA,NA,NA,"1",774.728395535816,5.54936851900368
"20250619-CbDRC4-p003-m2x_D03_roi_0.png",20250619,"CbDRC4","p003","m2x","D03",0,802.950615471828,37.6883865846201,"","48h",10,"15hHB101","DMSO",1,"MOXIDECTIN",0.0019,NA,NA,"NIC1667",1,NA,NA,NA,783.123118050544,588.69009302937,727.940100667694,764.074914940733,802.380025529134,55.8227614623392,818.663703192005,825.235453917035,842.894743762502,0.0712822290335404,37.5601713712455,29.0721003830208,35.6555936738052,37.1572890376949,38.2975085935926,2.43572712809969,38.6898356667158,39.4650384083155,40.2184242348473,0.0648486691933569,31,"1_NIC1667_0.0019",NA,NA,NA,NA,NA,"1",774.728395535816,27.6516299933187
"20250619-CbDRC4-p003-m2x_D04_roi_0.png",20250619,"CbDRC4","p003","m2x","D04",0,769.331434063794,38.9598149889504,"","48h",10,"15hHB101","DMSO",1,"MOXIDECTIN",0.0039,NA,NA,"NIC1667",1,NA,NA,NA,781.078537643161,704.32323922274,723.331597321996,738.685700498507,776.570297309415,48.2799980588562,820.978143447295,832.841514643384,905.304668768137,0.0618119634992622,38.2623611595599,32.2429309076291,36.6280215999645,37.3932355938327,38.4631494155372,1.9672676611034,39.41531470167,40.2510539244006,40.9987307926299,0.0514152185459645,27,"1_NIC1667_0.0039",NA,NA,NA,NA,NA,"1",774.728395535816,1.8419017735996
"20250619-CbDRC4-p003-m2x_D05_roi_0.png",20250619,"CbDRC4","p003","m2x","D05",0,748.082860114056,35.7180813961903,"","48h",10,"15hHB101","DMSO",1,"MOXIDECTIN",0.0078,NA,NA,"NIC1667",1,NA,NA,NA,794.685643535962,706.466625361398,753.720552823409,773.346638353242,805.748265605989,35.8120173263923,814.622601009551,837.432107262271,870.774345460374,0.045064381894514,37.8191169232969,32.5175719882813,35.8524676935277,37.1891635334137,38.1846058656207,1.5534751304724,38.635131904829,39.3106814480973,41.0795648438386,0.0410764517221037,39,"1_NIC1667_0.0078",NA,NA,NA,NA,NA,"1",774.728395535816,31.0198700701731
"20250619-CbDRC4-p003-m2x_D06_roi_0.png",20250619,"CbDRC4","p003","m2x","D06",0,720.729301280115,33.0446672473154,"","48h",10,"15hHB101","DMSO",1,"MOXIDECTIN",0.0156,NA,NA,"NIC1667",1,NA,NA,NA,534.31174738876,292.848112131212,373.070489716076,395.52604078032,517.41786430281,149.343324089949,679.034734677572,711.703583606422,799.854852895676,0.279505971597678,24.6301646364489,17.126813298473,17.6166820357885,19.0202547850492,21.971746684207,6.52912246887085,30.6498386411853,32.9993134972941,38.7609947617662,0.265086432236379,33,"1_NIC1667_0.0156",NA,NA,NA,NA,NA,"1",774.728395535816,-257.310531233006
"20250619-CbDRC4-p003-m2x_D07_roi_0.png",20250619,"CbDRC4","p003","m2x","D07",0,289.9279998333,15.8096850169012,"","48h",10,"15hHB101","DMSO",1,"MOXIDECTIN",0.03125,NA,NA,"NIC1667",1,NA,NA,NA,307.122185433189,253.261966612717,271.36682834742,285.424858079971,295.03432963015,57.7388730639889,300.788478061025,344.92058509073,444.428941893853,0.187999681568264,15.9486578666935,12.2783491060811,14.0018157183597,15.2176473429592,15.7449666952689,2.28637274704027,16.2805728857462,18.4226879795554,20.2313628966632,0.143358316803261,8,"1_NIC1667_0.03125",NA,NA,NA,NA,NA,"1",774.728395535816,-479.694065905666
"20250619-CbDRC4-p003-m2x_D08_roi_0.png",20250619,"CbDRC4","p003","m2x","D08",0,285.676365476219,15.4975643853565,"","48h",10,"15hHB101","DMSO",1,"MOXIDECTIN",0.0625,NA,NA,"NIC1667",1,NA,NA,NA,254.252368447742,99.8644937759395,242.791908277959,249.282759042293,257.245676246916,33.7942648213741,271.194436214632,278.098599558356,285.676365476219,0.132916224252676,15.3664696984309,13.4548247724578,14.2579928615727,14.5698098796062,15.3047385959063,1.21316193454595,15.6589452818508,16.0996902042063,19.4074629495472,0.0789486432703427,34,"1_NIC1667_0.0625",NA,NA,NA,NA,NA,"1",774.728395535816,-517.4827192889
"20250619-CbDRC4-p003-m2x_D09_roi_0.png",20250619,"CbDRC4","p003","m2x","D09",0,242.158029379414,13.7439893882558,"","48h",10,"15hHB101","DMSO",1,"MOXIDECTIN",0.125,NA,NA,"NIC1667",1,NA,NA,NA,250.853194987395,155.342634434429,237.81234166643,241.75837939128,249.680696267792,32.272207136052,257.542880564099,285.846320717313,306.996952775558,0.128649775170987,14.4676933953893,11.3411410777279,13.2491128322523,13.813703643873,14.7827764737929,1.19687185355545,15.2426110459667,15.6463325054841,15.9566611451271,0.0827272061168288,16,"1_NIC1667_0.125",NA,NA,NA,NA,NA,"1",774.728395535816,-525.047699268024
"20250619-CbDRC4-p003-m2x_D10_roi_0.png",20250619,"CbDRC4","p003","m2x","D10",0,218.621064396002,13.7000591256303,"","48h",10,"15hHB101","DMSO",1,"MOXIDECTIN",0.25,NA,NA,"NIC1667",1,NA,NA,NA,213.810770250128,107.8988799908,143.405922313049,197.704058586311,226.583712253649,45.3111653778413,243.648932705441,249.554912393742,278.678275198499,0.211921809761191,14.1599244075445,9.64570035832089,12.9434192643267,13.6494587772121,14.0506838761,1.63266474237543,15.180660369391,15.782934796973,16.6480693223931,0.115301797904058,23,"1_NIC1667_0.25",NA,NA,NA,NA,NA,"1",774.728395535816,-548.144683282166
"20250619-CbDRC4-p003-m2x_D11_roi_0.png",20250619,"CbDRC4","p003","m2x","D11",0,228.315582579665,14.7427176885905,"","48h",10,"15hHB101","DMSO",1,"MOXIDECTIN",0.5,NA,NA,"NIC1667",1,NA,NA,NA,214.084757974815,99.3306146997624,160.843354736754,194.125533699654,221.760082501913,49.5993980197551,237.298899858369,244.92345700559,335.516438468516,0.231681127087011,13.3579331642638,7.88355722838515,10.9248267977329,12.6320649798372,13.6387906161787,2.26932766301319,14.3846695658079,16.0218305236345,17.8465829015952,0.169886136957495,22,"1_NIC1667_0.5",NA,NA,NA,"outlier","outlier","1",774.728395535816,-552.968313033902
"20250619-CbDRC4-p003-m2x_D12_roi_0.png",20250619,"CbDRC4","p003","m2x","D12",0,227.102893290957,15.5488064243656,"","48h",10,"15hHB101","DMSO",1,"MOXIDECTIN",1,NA,NA,"NIC1667",1,NA,NA,NA,203.48389581584,90.818279567287,170.881147203952,186.540465623374,211.426643069904,35.554122878983,221.326184775656,242.736125530934,275.072057833296,0.174726961740308,14.2928245394039,10.7490523998485,11.4823341090006,13.446587515129,14.4335845237074,2.01949118123743,14.8719451271644,16.2526272503397,19.2307186134612,0.141294058124753,32,"1_NIC1667_1",NA,NA,NA,NA,NA,"1",774.728395535816,-563.301752465912
"20250619-CbDRC4-p003-m2x_E01_roi_0.png",20250619,"CbDRC4","p003","m2x","E01",0,878.801274783024,37.9995454253396,"","48h",10,"15hHB101","DMSO",1,"MOXIDECTIN",0,NA,NA,"VX34",1,NA,NA,NA,826.022702744915,422.29327723073,783.517650197338,815.220063017912,838.884347079582,90.2159926604254,858.851844295108,881.762132694344,982.195960222666,0.109217328241262,38.5257437371853,35.7883194077603,36.6780329796576,37.7120744912951,38.6342257695861,1.44555532188255,39.2731302069562,39.7242557484494,42.6129211366039,0.0375218018305846,28,"1_VX34_0",NA,NA,NA,NA,NA,"1",841.848651392647,-2.96430431306487
"20250619-CbDRC4-p003-m2x_E02_roi_0.png",20250619,"CbDRC4","p003","m2x","E02",0,816.995857101221,38.5910924663825,"","48h",10,"15hHB101","DMSO",1,"MOXIDECTIN",0.00097,NA,NA,"VX34",1,NA,NA,NA,797.871029437785,330.466659921795,760.660040883727,797.302200867828,820.603637399025,139.971877500775,854.810623220735,897.034617693347,1002.72494398466,0.175431708053625,38.0784818918887,20.1685438946218,35.2488530695597,36.6479663369858,38.2002115929715,6.38770617160053,39.5561595026213,41.26801888965,64.5185464572753,0.167751072370383,37,"1_VX34_0.00097",NA,NA,NA,NA,NA,"1",841.848651392647,-21.245013993622
"20250619-CbDRC4-p003-m2x_E03_roi_0.png",20250619,"CbDRC4","p003","m2x","E03",0,838.051855310036,36.4039023401752,"","48h",10,"15hHB101","DMSO",1,"MOXIDECTIN",0.0019,NA,NA,"VX34",1,NA,NA,NA,841.285060306243,755.210197514215,791.356150716618,819.03852875039,842.707921749364,39.2608920766915,860.728544243073,899.955818308128,923.527839807654,0.0466677633172278,38.0759705965379,33.266125322039,36.4331766263537,37.1631087333383,38.0651965752725,1.62149523042365,39.0217884362037,39.776312328142,41.3296207915293,0.0425857884912613,32,"1_VX34_0.0019",NA,NA,NA,NA,NA,"1",841.848651392647,0.859270356717502
"20250619-CbDRC4-p003-m2x_E04_roi_0.png",20250619,"CbDRC4","p003","m2x","E04",0,827.578189332667,37.6114750907306,"","48h",10,"15hHB101","DMSO",1,"MOXIDECTIN",0.0039,NA,NA,"VX34",1,NA,NA,NA,824.654912853756,427.368172405576,751.883614448224,798.326411363824,824.336068018587,129.536268037012,856.565328490427,899.543138573829,1338.55552489543,0.15707936255269,38.2320573739281,20.0452112555856,36.1156903007434,37.1762579761334,38.6097992435387,3.90288469947343,40.100378140611,41.4016182539791,45.4188215939893,0.102084087740854,33,"1_VX34_0.0039",NA,NA,NA,NA,NA,"1",841.848651392647,-17.5125833740598
"20250619-CbDRC4-p003-m2x_E05_roi_0.png",20250619,"CbDRC4","p003","m2x","E05",0,868.507927163098,39.5132441091134,"","48h",10,"15hHB101","DMSO",1,"MOXIDECTIN",0.0078,NA,NA,"VX34",1,NA,NA,NA,792.414630003295,135.251864501935,602.045035192066,793.354049694714,833.318146222736,191.82345504768,869.862235229313,927.451069778556,1108.03164551124,0.242074600574805,36.4452111039884,12.6362914103752,30.8349201671327,36.3684957756989,37.3644232267355,7.79285983873259,38.6630083879971,41.6995179196911,60.2998562092261,0.213823973100262,36,"1_VX34_0.0078",NA,NA,NA,NA,NA,"1",841.848651392647,-8.53050516991061
"20250619-CbDRC4-p003-m2x_E06_roi_0.png",20250619,"CbDRC4","p003","m2x","E06",0,700.135778929123,33.272382734262,"","48h",10,"15hHB101","DMSO",1,"MOXIDECTIN",0.0156,NA,NA,"VX34",1,NA,NA,NA,644.08796978875,382.475605047927,497.886098189045,605.101162521592,652.422740035475,106.797884110991,711.374594426115,779.916160448213,824.230852770291,0.165812573934612,30.1119907825146,18.7257419023444,24.1214078537895,27.3423782379108,30.3079505775774,5.00063852355759,33.7080502055934,36.3059390495357,39.0491356483333,0.16606801455523,29,"1_VX34_0.0156",NA,NA,NA,NA,NA,"1",841.848651392647,-189.425911357172
"20250619-CbDRC4-p003-m2x_E07_roi_0.png",20250619,"CbDRC4","p003","m2x","E07",0,263.15261991709,15.7374257367104,"","48h",10,"15hHB101","DMSO",1,"MOXIDECTIN",0.03125,NA,NA,"VX34",1,NA,NA,NA,266.296546388433,238.069980477292,245.024246738521,251.329505440559,266.190770564548,18.1278383964174,278.824521093217,290.456910814058,296.143034371168,0.0680738771954453,16.1698804670356,13.86228195395,14.3062526375035,15.42038172923,16.5590441453089,1.2773341280724,16.9594870118116,17.5086932013053,18.0984089569475,0.0789946549497637,16,"1_VX34_0.03125",NA,NA,NA,NA,NA,"1",841.848651392647,-575.657880828099
"20250619-CbDRC4-p003-m2x_E08_roi_0.png",20250619,"CbDRC4","p003","m2x","E08",0,274.171096606053,14.8334885903208,"","48h",10,"15hHB101","DMSO",1,"MOXIDECTIN",0.0625,NA,NA,"VX34",1,NA,NA,NA,242.891781886906,146.448849299866,208.871191856623,231.442515617329,250.056320068988,29.3972699847516,259.379638077704,268.971468078139,291.514570402701,0.121030319578451,14.5526501881707,10.8672831169847,13.4518274615443,14.1504244850907,14.9131533296711,1.0609003287717,15.2957540563327,15.4413502564795,15.7184477411677,0.0729008335288695,29,"1_VX34_0.0625",NA,NA,NA,NA,NA,"1",841.848651392647,-591.792331323659
"20250619-CbDRC4-p003-m2x_E09_roi_0.png",20250619,"CbDRC4","p003","m2x","E09",0,227.609270958615,12.9371954387838,"","48h",10,"15hHB101","DMSO",1,"MOXIDECTIN",0.125,NA,NA,"VX34",1,NA,NA,NA,224.286405817621,150.007549205148,200.997177451258,209.765748065169,224.44109151771,25.5894844298178,242.938759435607,256.254555120899,272.051678743395,0.114092890902296,14.8099684696668,11.4124390998813,13.3051803402147,14.3535920801963,14.7642800010379,1.32387805883982,15.47788240783,15.9836595169613,18.1397115957635,0.0893910113010257,34,"1_VX34_0.125",NA,NA,NA,NA,NA,"1",841.848651392647,-617.407559874937
"20250619-CbDRC4-p003-m2x_E10_roi_0.png",20250619,"CbDRC4","p003","m2x","E10",0,212.716038733742,12.7091626737585,"","48h",10,"15hHB101","DMSO",1,"MOXIDECTIN",0.25,NA,NA,"VX34",1,NA,NA,NA,213.886170412011,146.651293137005,175.802819626888,204.472274270907,212.716038733742,27.3009079145129,230.235306066331,250.77976022651,256.436841788097,0.127642230733866,14.6884846611566,12.4176051301265,12.9966938222635,13.750277875608,14.724572839498,1.31414808797309,15.6754689858995,16.5545499646796,16.9150550403261,0.0894679143756965,23,"1_VX34_0.25",NA,NA,NA,NA,NA,"1",841.848651392647,-629.132612658905
"20250619-CbDRC4-p003-m2x_E11_roi_0.png",20250619,"CbDRC4","p003","m2x","E11",0,240.214609250047,11.7919444426419,"","48h",10,"15hHB101","DMSO",1,"MOXIDECTIN",0.5,NA,NA,"VX34",1,NA,NA,NA,208.922619908377,163.556906364337,167.482166941139,192.847187141268,213.381906336402,26.7312625644525,232.444419615758,239.526555822128,245.492324562539,0.127948149301285,13.1694522137867,10.2965512331782,11.4298839300056,12.2661887102795,13.4058544269685,1.32191753839152,14.2143931110521,14.5580986601758,15.0890716663281,0.100377564452351,23,"1_VX34_0.5",NA,NA,NA,"outlier","outlier","1",841.848651392647,-628.466745056245
"20250619-CbDRC4-p003-m2x_E12_roi_0.png",20250619,"CbDRC4","p003","m2x","E12",0,208.694943583209,15.9814668238975,"","48h",10,"15hHB101","DMSO",1,"MOXIDECTIN",1,NA,NA,"VX34",1,NA,NA,NA,200.146968085333,68.0471893572667,141.811644011304,183.768037786654,210.758439783067,41.686790881561,225.292255844973,233.649388114387,256.459488236384,0.208280901181514,16.0370008741357,11.5155657864574,12.5327074766785,13.3129053993315,14.6476685825324,8.37658638250234,15.3147443405288,16.6178951736189,54.7182080971505,0.52232873516968,24,"1_VX34_1",NA,NA,NA,NA,NA,"1",841.848651392647,-631.09021160958
"20250619-CbDRC4-p003-m2x_F01_roi_0.png",20250619,"CbDRC4","p003","m2x","F01",0,833.76537352291,36.4101722851287,"","48h",10,"15hHB101","DMSO",1,"MOXIDECTIN",0,NA,NA,"ECA2666",1,NA,NA,NA,779.533532265877,688.891443958682,736.177840291428,750.708833713819,780.210040540338,39.0193912063915,804.546935134086,830.597629464465,864.281073281403,0.0500547950682422,36.1649070350801,32.7771991083082,34.1613518768523,34.7680835319198,35.9862709588468,1.9908491307015,37.5604157809096,39.0228352004842,40.9129152702005,0.0550491980739884,33,"1_ECA2666_0",NA,NA,NA,NA,NA,"1",777.986030494324,2.22401004601363
"20250619-CbDRC4-p003-m2x_F02_roi_0.png",20250619,"CbDRC4","p003","m2x","F02",0,713.29979365546,33.5981441233231,"","48h",10,"15hHB101","DMSO",1,"MOXIDECTIN",0.00097,NA,NA,"ECA2666",1,NA,NA,NA,774.334107913666,577.426507876866,711.529315631474,752.404830964452,779.615742211982,55.3585230211781,816.004737177258,832.072093762076,848.929571677096,0.0714917791369592,35.3256573856794,27.1498379977584,33.0995549697621,33.4944546846631,35.8741776901353,2.62516605556782,37.0142976290711,37.8115229126848,40.6638392903431,0.0743132966191318,36,"1_ECA2666_0.00097",NA,NA,NA,NA,NA,"1",777.986030494324,1.62971171765764
"20250619-CbDRC4-p003-m2x_F03_roi_0.png",20250619,"CbDRC4","p003","m2x","F03",0,823.645633312467,35.8097369428672,"","48h",10,"15hHB101","DMSO",1,"MOXIDECTIN",0.0019,NA,NA,"ECA2666",1,NA,NA,NA,762.738284386645,278.138835430195,712.872771440905,754.53170831054,783.417084067646,101.440954841488,805.959168736508,824.240828726262,840.997818320517,0.132995756104024,35.3831109399055,22.4320343557896,32.603208043731,34.7219947783476,35.8692144116815,3.26443115914846,36.9426601533975,38.0960688628582,40.9944492249562,0.0922595857863586,29,"1_ECA2666_0.0019",NA,NA,NA,NA,NA,"1",777.986030494324,5.4310535733224
"20250619-CbDRC4-p003-m2x_F04_roi_0.png",20250619,"CbDRC4","p003","m2x","F04",0,803.226765111754,36.2323147730478,"","48h",10,"15hHB101","DMSO",1,"MOXIDECTIN",0.0039,NA,NA,"ECA2666",1,NA,NA,NA,773.187328352323,693.774361717362,731.008836311429,748.064562885454,778.750266354684,36.6515918280843,788.225242393643,811.972572983137,847.484573065007,0.0474032494896024,35.5145103262343,30.5797245276331,32.35532326344,33.674598145448,35.4137997540908,2.54590317569605,37.6767439656264,38.7284918905185,40.1527240552034,0.0716862812498194,28,"1_ECA2666_0.0039",NA,NA,NA,NA,NA,"1",777.986030494324,0.764235860360259
"20250619-CbDRC4-p003-m2x_F05_roi_0.png",20250619,"CbDRC4","p003","m2x","F05",0,798.480409091783,32.967105847317,"","48h",10,"15hHB101","DMSO",1,"MOXIDECTIN",0.0078,NA,NA,"ECA2666",1,NA,NA,NA,782.679595366361,695.490588309036,723.06108911022,754.66648918378,784.226313960897,46.1564264210752,812.183789751379,838.317153799742,903.096229961328,0.0589723134400483,35.6046044150006,32.4850511424228,33.1702323113694,33.8338486176363,35.2623444394782,2.09407328667631,37.4370052544264,38.4712692336357,40.1138158745876,0.0588146763903955,40,"1_ECA2666_0.0078",NA,NA,NA,NA,NA,"1",777.986030494324,6.24028346657292
"20250619-CbDRC4-p003-m2x_F06_roi_0.png",20250619,"CbDRC4","p003","m2x","F06",0,665.041963791859,29.4381360706852,"","48h",10,"15hHB101","DMSO",1,"MOXIDECTIN",0.0156,NA,NA,"ECA2666",1,NA,NA,NA,477.805066888418,283.806201007052,368.058889369857,389.542202846018,450.985527794028,111.518268460364,542.444285471449,635.942761701585,761.638341939052,0.23339699845922,21.80002996873,15.8784088315491,17.4116300490127,18.2792454903119,20.4989772998973,4.42526034868232,24.2722015026194,28.9674779942319,31.6763752186742,0.202993314918829,34,"1_ECA2666_0.0156",NA,NA,NA,NA,NA,"1",777.986030494324,-327.000502700296
"20250619-CbDRC4-p003-m2x_F07_roi_0.png",20250619,"CbDRC4","p003","m2x","F07",0,314.906017546848,15.8967051399352,"","48h",10,"15hHB101","DMSO",1,"MOXIDECTIN",0.03125,NA,NA,"ECA2666",1,NA,NA,NA,269.620207903338,192.004271644971,243.436353654766,252.06610673742,270.257353918455,28.1535299878266,291.093982616802,303.060337971235,319.146356582598,0.104419213258377,15.1878507860464,10.9065431473798,14.0504350433967,14.5017097350911,15.2514807169352,1.61019465669986,15.990176431433,16.6136331040297,21.4005913425783,0.106018598640645,46,"1_ECA2666_0.03125",NA,NA,NA,NA,NA,"1",777.986030494324,-507.728676575869
"20250619-CbDRC4-p003-m2x_F09_roi_0.png",20250619,"CbDRC4","p003","m2x","F09",0,219.8274774533,14.1017700621701,"","48h",10,"15hHB101","DMSO",1,"MOXIDECTIN",0.125,NA,NA,"ECA2666",1,NA,NA,NA,213.856308350935,130.507958047787,168.999895601213,199.251340801187,221.074935254842,33.424477325167,235.957040392759,242.601862592445,266.374506938549,0.156294091031993,14.0586589544861,11.3369571260383,12.6607651199342,13.3287272721038,13.8416511349477,1.51094198001949,15.1401596986436,15.3521095066916,18.8128717250463,0.107474118613379,25,"1_ECA2666_0.125",NA,NA,NA,NA,NA,"1",777.986030494324,-556.911095239482
"20250619-CbDRC4-p003-m2x_F10_roi_0.png",20250619,"CbDRC4","p003","m2x","F10",0,214.324104692077,10.898323044676,"","48h",10,"15hHB101","DMSO",1,"MOXIDECTIN",0.25,NA,NA,"ECA2666",1,NA,NA,NA,209.31742222472,157.789795428462,187.678762099469,198.074994996972,208.795346836121,23.9412953146337,215.504149345563,236.168431684812,256.787124147686,0.114377938826949,13.3180412268978,10.898323044676,12.0833727137539,12.3398712085413,13.2108047949929,1.35475330947541,14.0041628894461,14.9678807131091,15.988470935777,0.101723165320984,14,"1_ECA2666_0.25",NA,NA,NA,NA,NA,"1",777.986030494324,-569.190683658203
"20250619-CbDRC4-p003-m2x_F12_roi_0.png",20250619,"CbDRC4","p003","m2x","F12",0,226.592171391398,13.2651658168558,"","48h",10,"15hHB101","DMSO",1,"MOXIDECTIN",1,NA,NA,"ECA2666",1,NA,NA,NA,193.770422945184,150.163682230452,155.116300420537,185.996507141659,196.901255871618,25.3464039814654,211.814140103212,216.687400360356,226.592171391398,0.130806361446792,13.7392360738396,12.5802977209649,12.7760023429682,13.2832304447053,13.6637524284585,0.764044539794874,14.4101419246616,14.623569480441,14.7543188457318,0.0556104091733066,10,"1_ECA2666_1",NA,NA,NA,NA,NA,"1",777.986030494324,-581.084774622706
"20250619-CbDRC4-p004-m2x_A01_roi_0.png",20250619,"CbDRC4","p004","m2x","A01",0,760.494173407318,38.9506143525405,"","48h",10,"15hHB101","DMSO",1,"MOXIDECTIN",0,NA,NA,"PB420",1,NA,NA,NA,756.939624094687,637.01524829922,725.097188160397,737.102496567249,753.348937444092,35.73235063114,772.961100163537,791.029104955644,860.812591439615,0.0472063418187104,38.8025342203962,28.8515344419673,36.079403629097,37.3693644893456,38.9499996651924,2.53457626864307,40.1068164182308,41.4933789659985,46.0128581559267,0.0653198642708959,47,"1_PB420_0",NA,NA,NA,NA,NA,"1",758.846883086449,-5.49794564235685
"20250619-CbDRC4-p004-m2x_A02_roi_0.png",20250619,"CbDRC4","p004","m2x","A02",0,734.223199193828,40.3863416661839,"","48h",10,"15hHB101","DMSO",1,"MOXIDECTIN",0.00097,NA,NA,"PB420",1,NA,NA,NA,756.926038846439,693.706859370188,728.764958360982,740.451196233718,757.024872837428,26.4253593727183,766.812370252294,786.959797844797,831.456384611631,0.0349114154045893,38.648747555222,35.0635091866696,36.6765977026633,37.4534962217315,38.6238019394447,1.64234805539134,39.3770028248929,41.0023972170926,42.3237051878531,0.0424942115664867,43,"1_PB420_0.00097",NA,NA,NA,NA,NA,"1",758.846883086449,-1.82201024902076
"20250619-CbDRC4-p004-m2x_A03_roi_0.png",20250619,"CbDRC4","p004","m2x","A03",0,773.724470019323,37.2073304834486,"","48h",10,"15hHB101","DMSO",1,"MOXIDECTIN",0.0019,NA,NA,"PB420",1,NA,NA,NA,761.756669018525,730.376068595248,739.712528894918,750.729843132047,763.653194102587,15.5679373749951,772.059409062863,782.162198687648,788.664334751043,0.0204368901621214,37.946789979459,34.0932327804277,35.6191034318346,37.1564931191559,38.2647422090859,1.60170658225833,38.9169578326145,39.7736905717192,40.6336806138528,0.0422092773361158,39,"1_PB420_0.0019",NA,NA,NA,NA,NA,"1",758.846883086449,4.80631101613835
"20250619-CbDRC4-p004-m2x_A04_roi_0.png",20250619,"CbDRC4","p004","m2x","A04",0,789.69153079867,36.6141808928728,"","48h",10,"15hHB101","DMSO",1,"MOXIDECTIN",0.0039,NA,NA,"PB420",1,NA,NA,NA,767.915122272673,719.121189693585,731.780157615482,753.369233663418,767.498172945272,29.2440451864585,779.848774080658,795.997611508679,890.00684942917,0.0380823926216086,38.0740763277874,34.7250045524642,36.5908248882155,37.2924730831943,37.9516490898312,1.26934662540399,39.0450124141302,39.6378395836714,40.3048022434792,0.0333388685381605,47,"1_PB420_0.0039",NA,NA,NA,NA,NA,"1",758.846883086449,8.65128985882291
"20250619-CbDRC4-p004-m2x_A05_roi_0.png",20250619,"CbDRC4","p004","m2x","A05",0,731.243675542798,36.1437892811152,"","48h",10,"15hHB101","DMSO",1,"MOXIDECTIN",0.0078,NA,NA,"PB420",1,NA,NA,NA,701.47002753148,573.946542286918,603.260031023368,671.45489150714,717.173191490808,60.6203054655408,736.967684792922,766.094868925626,817.788598515471,0.0864189531787519,34.1543489808631,26.5824345639369,28.412246964586,31.4317456568832,35.2635631970631,3.63708481417728,36.6864475031503,38.0731901640332,39.5840753752471,0.106489654252088,55,"1_PB420_0.0078",NA,NA,NA,NA,NA,"1",758.846883086449,-41.6736915956405
"20250619-CbDRC4-p004-m2x_A06_roi_1.png",20250619,"CbDRC4","p004","m2x","A06",1,267.598300679566,15.9175512994361,"","48h",10,"15hHB101","DMSO",1,"MOXIDECTIN",0.0156,NA,NA,"PB420",1,NA,NA,NA,304.51671078523,249.062998336802,268.091505082293,276.043048460474,304.756010897092,33.6128115548271,325.558125206445,344.897350334838,373.83937228373,0.110380844020523,17.0306634788586,13.6537403664351,15.4767395368277,16.0365506509266,17.0634194504278,1.50036692779886,17.9188949580474,18.3205976746909,22.2285432678212,0.088097972792509,33,"1_PB420_0.0156",NA,NA,NA,NA,NA,"1",758.846883086449,-454.090872189357
"20250619-CbDRC4-p004-m2x_A07_roi_0.png",20250619,"CbDRC4","p004","m2x","A07",0,245.608260920188,15.1328600132093,"","48h",10,"15hHB101","DMSO",1,"MOXIDECTIN",0.03125,NA,NA,"PB420",1,NA,NA,NA,249.439749761778,179.279534881228,228.078994701906,237.133626354377,246.330391279764,23.4262514835641,262.342404788907,277.268574842532,294.812232214228,0.0939154705933468,15.4964144603643,12.4226598193539,14.0019263995812,14.5304950138871,15.1476597725087,1.79516688923819,16.0984090405967,16.9115768712675,23.1675725936975,0.115844016293559,32,"1_PB420_0.03125",NA,NA,NA,NA,NA,"1",758.846883086449,-512.516491806685
"20250619-CbDRC4-p004-m2x_A08_roi_0.png",20250619,"CbDRC4","p004","m2x","A08",0,246.519693746972,15.0073538080939,"","48h",10,"15hHB101","DMSO",1,"MOXIDECTIN",0.0625,NA,NA,"PB420",1,NA,NA,NA,231.300610624837,176.633518906947,212.355757246747,218.592269288099,228.935317566022,21.3191943433747,246.29850700671,250.257430214909,289.476830702577,0.0921709384414633,14.7626858809793,12.8978093325124,13.9639794432015,14.307659526117,14.9350535371808,0.685786528000642,15.0880148899217,15.3525396854768,16.179193806597,0.0464540486419366,26,"1_PB420_0.0625",NA,NA,NA,NA,NA,"1",758.846883086449,-529.911565520427
"20250619-CbDRC4-p004-m2x_A09_roi_0.png",20250619,"CbDRC4","p004","m2x","A09",0,233.755176746343,14.2184458139952,"","48h",10,"15hHB101","DMSO",1,"MOXIDECTIN",0.125,NA,NA,"PB420",1,NA,NA,NA,228.379398362164,187.246613038606,201.077568897717,213.714434804632,228.989618101007,22.287553203775,241.644266022043,249.755431751062,282.175331134349,0.0975900337929405,14.5940706984191,11.864887987246,13.8201770651152,14.2505174439805,14.5064813534607,0.970092466191495,15.3113101713112,15.6991649909417,16.0824089874544,0.0664716847162169,25,"1_PB420_0.125",NA,NA,NA,NA,NA,"1",758.846883086449,-529.857264985442
"20250619-CbDRC4-p004-m2x_A10_roi_0.png",20250619,"CbDRC4","p004","m2x","A10",0,228.580801546462,14.6227247173467,"","48h",10,"15hHB101","DMSO",1,"MOXIDECTIN",0.25,NA,NA,"PB420",1,NA,NA,NA,224.944542433084,178.498978065611,196.490450542435,206.695814808224,226.730369414665,24.2038217749008,244.962438874347,254.021241810258,266.731370489469,0.107599062031482,14.5888691516187,12.1211643698816,13.5802482943193,13.9376297087518,14.5585355234053,1.03301240177489,15.0067484552301,15.7521458347058,17.1466802818772,0.0708082573802695,30,"1_PB420_0.25",NA,NA,NA,NA,NA,"1",758.846883086449,-532.116513671784
"20250619-CbDRC4-p004-m2x_A11_roi_0.png",20250619,"CbDRC4","p004","m2x","A11",0,229.392161477318,13.0942893780576,"","48h",10,"15hHB101","DMSO",1,"MOXIDECTIN",0.5,NA,NA,"PB420",1,NA,NA,NA,211.121970604227,90.35108278797,179.479190932187,202.137959042534,219.924835021634,37.854642395165,232.629911990228,241.754919506613,266.909652292045,0.179302240722866,15.4660226003704,12.9449154738841,13.4693410404197,14.077857528248,14.3190677625152,4.94045815423944,15.0613762713059,15.5786143644323,38.1085640160084,0.319439475933593,24,"1_PB420_0.5",NA,NA,NA,NA,NA,"1",758.846883086449,-538.922048064815
"20250619-CbDRC4-p004-m2x_A12_roi_0.png",20250619,"CbDRC4","p004","m2x","A12",0,231.278315293564,13.08394544664,"","48h",10,"15hHB101","DMSO",1,"MOXIDECTIN",1,NA,NA,"PB420",1,NA,NA,NA,221.15321530764,192.066541841316,195.269152984325,203.583884377764,213.555282003789,31.9628498223113,231.201927221819,236.656081386234,351.518228044661,0.144528081031282,14.6552375292995,12.4033617145496,13.2517896335796,13.7843601578577,14.4069226131634,1.9000505015251,14.8186308066184,15.2533202856827,22.1678902994512,0.129649928752531,24,"1_PB420_1",NA,NA,NA,NA,NA,"1",758.846883086449,-545.29160108266
"20250619-CbDRC4-p004-m2x_B01_roi_0.png",20250619,"CbDRC4","p004","m2x","B01",0,820.51370712832,39.0513017923348,"","48h",10,"15hHB101","DMSO",1,"MOXIDECTIN",0,NA,NA,"ED3102",1,NA,NA,NA,850.320882500766,715.586674382545,770.351920177884,812.916468512487,860.555189368309,61.3927629202335,895.796030896903,918.879024057415,977.015886417827,0.0721995239487467,41.6825912389823,33.9866452947595,39.1610926099391,39.9325488069827,41.3313327065162,2.61584385256652,43.232692885979,45.322861157714,46.4123614957012,0.0627562676602539,39,"1_ED3102_0",NA,NA,NA,NA,NA,"1",850.390521362296,10.1646680060124
"20250619-CbDRC4-p004-m2x_B02_roi_0.png",20250619,"CbDRC4","p004","m2x","B02",0,808.750021231606,39.871227346892,"","48h",10,"15hHB101","DMSO",1,"MOXIDECTIN",0.00097,NA,NA,"ED3102",1,NA,NA,NA,843.611529154048,699.231529697342,792.483881536442,814.211436423307,851.622542768256,43.909112208763,876.440753539344,890.451057003141,923.252382353547,0.0520489712282547,40.4486264982076,34.9919915714574,38.6990046921952,39.4030929414944,40.4486656961236,2.04393370844777,41.4574508200722,42.9952961284376,45.0479549093695,0.050531597371751,53,"1_ED3102_0.00097",NA,NA,NA,NA,NA,"1",850.390521362296,1.23202140595936
"20250619-CbDRC4-p004-m2x_B03_roi_0.png",20250619,"CbDRC4","p004","m2x","B03",0,882.884233679244,42.7873603466418,"","48h",10,"15hHB101","DMSO",1,"MOXIDECTIN",0.0019,NA,NA,"ED3102",1,NA,NA,NA,859.941414240803,754.308252458066,803.646031152152,836.844396340178,866.883575454531,44.325447344356,884.637477363298,908.909610740292,966.165033134209,0.0515447292226164,40.6365450149382,36.2932085307429,38.471530012068,39.2959481902873,40.5890571153589,1.79992567616687,42.1636376719217,42.7856937911681,44.0348674304763,0.0442932753142573,46,"1_ED3102_0.0019",NA,NA,NA,NA,NA,"1",850.390521362296,16.493054092235
"20250619-CbDRC4-p004-m2x_B04_roi_0.png",20250619,"CbDRC4","p004","m2x","B04",0,884.154786277409,39.179076343841,"","48h",10,"15hHB101","DMSO",1,"MOXIDECTIN",0.0039,NA,NA,"ED3102",1,NA,NA,NA,846.363895542853,715.04777816997,781.6100568555,811.099652792115,852.921872762216,55.1523655749685,881.44453201472,892.11010974361,1049.04260895602,0.0651638921100174,40.7007473646473,36.6134412061612,37.9298292116879,39.3373341811084,40.696463245408,2.00205498556802,42.1479093215248,43.1781104427099,45.3773632761932,0.0491896369280679,54,"1_ED3102_0.0039",NA,NA,NA,NA,NA,"1",850.390521362296,2.53135139992025
"20250619-CbDRC4-p004-m2x_B05_roi_0.png",20250619,"CbDRC4","p004","m2x","B05",0,697.460020081122,38.0837615433494,"","48h",10,"15hHB101","DMSO",1,"MOXIDECTIN",0.0078,NA,NA,"ED3102",1,NA,NA,NA,770.320149873733,348.607538236561,665.207026015846,751.696565837587,782.075191321409,98.0374756097832,829.078859359919,844.395793878708,925.208817454809,0.127268481326696,37.1962246090589,19.0007166652505,30.316658574814,36.8948849245798,38.2679579489938,4.29309457974473,39.3538487602044,40.4203327902126,42.5053664583268,0.115417481877964,43,"1_ED3102_0.0078",NA,NA,NA,NA,NA,"1",850.390521362296,-68.3153300408876
"20250619-CbDRC4-p004-m2x_B06_roi_0.png",20250619,"CbDRC4","p004","m2x","B06",0,315.293015252566,16.663594703018,"","48h",10,"15hHB101","DMSO",1,"MOXIDECTIN",0.0156,NA,NA,"ED3102",1,NA,NA,NA,311.697884106055,204.672907264174,264.122930793831,289.895880513498,299.525752292293,45.524071476171,346.486570702071,377.343838073957,396.786707166992,0.146051910511788,17.4341664840773,15.4884195226129,16.3032956644072,16.5157041865444,17.4605880658355,1.21029156913917,18.1731660335798,18.5840224419124,21.5522488560212,0.0694206729208729,32,"1_ED3102_0.0156",NA,NA,NA,NA,NA,"1",850.390521362296,-550.864769070004
"20250619-CbDRC4-p004-m2x_B07_roi_0.png",20250619,"CbDRC4","p004","m2x","B07",0,242.923284474396,14.1646968246157,"","48h",10,"15hHB101","DMSO",1,"MOXIDECTIN",0.03125,NA,NA,"ED3102",1,NA,NA,NA,231.299299250713,120.538856108055,174.739587139843,231.896750553418,237.143100822611,37.8672019832334,247.95973820497,267.017236847376,287.964970306585,0.163715160858261,15.2587522770054,11.325659151262,12.972175863216,14.0720701379444,15.1582422864025,2.5308344242655,15.9636734452856,17.0644478250774,26.6072677484656,0.165861164682476,34,"1_ED3102_0.03125",NA,NA,NA,NA,NA,"1",850.390521362296,-613.247420539685
"20250619-CbDRC4-p004-m2x_B08_roi_0.png",20250619,"CbDRC4","p004","m2x","B08",0,211.878841270844,14.5988325245514,"","48h",10,"15hHB101","DMSO",1,"MOXIDECTIN",0.0625,NA,NA,"ED3102",1,NA,NA,NA,235.762695632549,148.187816851105,198.700034108894,222.743270179996,240.095259439934,32.7305153765586,255.143347448611,269.187414099627,284.44097239197,0.138828219997837,14.7848025129146,13.0108789384457,13.8229777601553,14.2663668258841,14.6902790323351,0.879214790947859,15.175017194054,16.1017184221116,16.5766563991466,0.0594674693949992,26,"1_ED3102_0.0625",NA,NA,NA,NA,NA,"1",850.390521362296,-610.295261922362
"20250619-CbDRC4-p004-m2x_B09_roi_0.png",20250619,"CbDRC4","p004","m2x","B09",0,232.993140859634,15.5766489439308,"","48h",10,"15hHB101","DMSO",1,"MOXIDECTIN",0.125,NA,NA,"ED3102",1,NA,NA,NA,219.126327571625,125.796649258495,188.189261026048,202.364029552177,226.158222882802,26.709335608886,236.376096122496,248.391097207171,262.824705445998,0.121890125686315,14.8018443793103,12.226333316396,13.6379923325331,14.4313045334972,14.7767357624356,1.05866238056781,15.4125755016175,15.7409566203076,17.4420729075865,0.0715223288016446,44,"1_ED3102_0.125",NA,NA,NA,NA,NA,"1",850.390521362296,-624.232298479494
"20250619-CbDRC4-p004-m2x_B10_roi_0.png",20250619,"CbDRC4","p004","m2x","B10",0,213.630658651865,14.6439277142479,"","48h",10,"15hHB101","DMSO",1,"MOXIDECTIN",0.25,NA,NA,"ED3102",1,NA,NA,NA,214.196234582721,186.111060324644,192.845708676037,204.199894148598,216.181502572603,16.8672743072298,225.652330813532,230.934645913232,258.649809679845,0.0787468292338998,14.2934490146597,12.2422362818485,13.0163542212594,13.9587593895831,14.35527926249,0.915799611639161,14.8029702477426,15.2637935590129,16.0160869617664,0.0640712826344358,30,"1_ED3102_0.25",NA,NA,NA,NA,NA,"1",850.390521362296,-634.209018789693
"20250619-CbDRC4-p004-m2x_B11_roi_0.png",20250619,"CbDRC4","p004","m2x","B11",0,211.76592051834,15.0872270349214,"","48h",10,"15hHB101","DMSO",1,"MOXIDECTIN",0.5,NA,NA,"ED3102",1,NA,NA,NA,222.793736628827,203.940335777458,208.49125018858,212.691061195668,220.999172310409,12.6692496615972,229.616844501037,239.184524027269,248.485813576077,0.0568653762592261,14.2015313087561,11.5630036122916,12.2985253467249,14.0269347807905,14.6055370270076,1.11788857814669,14.8575104590333,15.0720833912694,15.9440861056484,0.0787160591236697,22,"1_ED3102_0.5",NA,NA,NA,NA,NA,"1",850.390521362296,-629.391349051888
"20250619-CbDRC4-p004-m2x_B12_roi_0.png",20250619,"CbDRC4","p004","m2x","B12",0,207.099742007875,13.9002923586858,"","48h",10,"15hHB101","DMSO",1,"MOXIDECTIN",1,NA,NA,"ED3102",1,NA,NA,NA,214.547422553858,176.79284066324,196.079382080007,207.995429253343,214.579910574628,15.1403316340437,227.880455032454,232.020232254911,238.534434768386,0.070568695041037,14.6150530721707,12.8428472513879,13.8169879219914,14.196633651109,14.754143861721,0.686486889905308,15.0726950750167,15.2658913078143,15.6364759619827,0.0469712211454424,23,"1_ED3102_1",NA,NA,NA,NA,NA,"1",850.390521362296,-635.810610787668
"20250619-CbDRC4-p004-m2x_C01_roi_0.png",20250619,"CbDRC4","p004","m2x","C01",0,799.040974063476,40.0525824872062,"","48h",10,"15hHB101","DMSO",1,"MOXIDECTIN",0,NA,NA,"JU3237",1,NA,NA,NA,735.01571185469,563.377314505808,693.78637758409,718.138398532462,741.791890562906,40.5706549972026,759.184622733216,768.226941167549,810.495638052861,0.0551969901362099,39.9088875812493,30.6172246005818,37.6958537611531,39.1185865369911,40.1131044413216,2.6332000247884,41.2806090824736,42.3762704978171,45.3185173725255,0.0659802912177781,42,"1_JU3237_0",NA,NA,NA,NA,NA,"1",756.836909183482,-15.0450186205755
"20250619-CbDRC4-p004-m2x_C02_roi_0.png",20250619,"CbDRC4","p004","m2x","C02",0,712.586078188455,38.1630857844585,"","48h",10,"15hHB101","DMSO",1,"MOXIDECTIN",0.00097,NA,NA,"JU3237",1,NA,NA,NA,745.035104639948,611.475976056575,693.822795720715,720.763712298452,745.209035980132,44.8753397452569,780.426435009472,800.449695381165,812.259032992861,0.0602325171871515,38.9362590121235,29.7633812002596,36.3101739694208,37.9757126339366,39.074797221453,2.69487585626762,40.3177108902962,41.7450779217484,44.8313212777043,0.0692125007548496,37,"1_JU3237_0.00097",NA,NA,NA,NA,NA,"1",756.836909183482,-11.6278732033493
"20250619-CbDRC4-p004-m2x_C03_roi_0.png",20250619,"CbDRC4","p004","m2x","C03",0,795.364470088631,38.6594666376665,"","48h",10,"15hHB101","DMSO",1,"MOXIDECTIN",0.0019,NA,NA,"JU3237",1,NA,NA,NA,728.19292232294,163.040862845072,717.867454537511,729.528518361275,773.262906168287,148.397637932025,789.065888405248,797.679339839446,817.513182687517,0.203788904537324,37.8073025741332,15.8099635154523,34.7455649833646,38.4882330288274,39.0556550503307,5.53723338971921,40.1387936277398,41.0671804659168,42.767129085562,0.146459361359137,32,"1_JU3237_0.0019",NA,NA,NA,NA,NA,"1",756.836909183482,16.4259969848052
"20250619-CbDRC4-p004-m2x_C04_roi_0.png",20250619,"CbDRC4","p004","m2x","C04",0,681.575287795097,38.8034508750488,"","48h",10,"15hHB101","DMSO",1,"MOXIDECTIN",0.0039,NA,NA,"JU3237",1,NA,NA,NA,753.906707143539,589.183996445111,706.843813895329,724.928080643227,763.563337069606,44.1011665157931,784.14362894861,802.897338717896,830.137157053311,0.0584968486125917,38.8400281945217,25.6061261868683,36.4548082119198,37.7440037299352,39.0398353949284,2.99502137516855,41.0854935783945,41.7160574704143,43.3730829439535,0.0771117199032051,40,"1_JU3237_0.0039",NA,NA,NA,NA,NA,"1",756.836909183482,6.72642788612416
"20250619-CbDRC4-p004-m2x_C05_roi_0.png",20250619,"CbDRC4","p004","m2x","C05",0,715.567988573361,38.4357117451546,"","48h",10,"15hHB101","DMSO",1,"MOXIDECTIN",0.0078,NA,NA,"JU3237",1,NA,NA,NA,731.165068815017,367.509270541556,693.427766696858,710.979586753599,725.364833891571,85.3280302886734,768.639329998823,810.365320929091,881.934579112762,0.11670145898376,37.2515699815474,27.2828679259374,34.7038496064758,35.6008803980242,37.5938201463813,2.69059466682309,38.8299762109461,40.0639990187402,41.0038973323661,0.0722276851192012,28,"1_JU3237_0.0078",NA,NA,NA,NA,NA,"1",756.836909183482,-31.4720752919102
"20250619-CbDRC4-p004-m2x_C06_roi_0.png",20250619,"CbDRC4","p004","m2x","C06",0,698.426260211587,34.2609909740775,"","48h",10,"15hHB101","DMSO",1,"MOXIDECTIN",0.0156,NA,NA,"JU3237",1,NA,NA,NA,471.445528210095,247.157990343569,363.329668097137,389.416200488672,432.987955765652,126.332507363267,519.662301243212,683.529596050476,729.115666169787,0.267968407385059,22.4969867828498,14.5956209157291,17.4427761655784,19.0754820179215,20.7539100854573,5.3980283530524,24.7528216594608,31.3662540072205,35.0829107506099,0.239944504797749,28,"1_JU3237_0.0156",NA,NA,NA,NA,NA,"1",756.836909183482,-323.848953417829
"20250619-CbDRC4-p004-m2x_C08_roi_0.png",20250619,"CbDRC4","p004","m2x","C08",0,263.203135723874,15.2200558898923,"","48h",10,"15hHB101","DMSO",1,"MOXIDECTIN",0.0625,NA,NA,"JU3237",1,NA,NA,NA,229.258805468226,122.743711958914,174.485848742575,221.865778418499,232.869626779793,44.4124491718872,244.284010242726,274.868602330001,299.666861494116,0.193721890337785,15.858559028689,12.3069183729116,14.4620342056391,14.8387325750024,15.2602960058592,2.06527958860668,16.0440267292136,19.1782950375088,21.1525751077138,0.130231226233762,22,"1_JU3237_0.0625",NA,NA,NA,NA,NA,"1",756.836909183482,-523.967282403689
"20250619-CbDRC4-p004-m2x_C09_roi_0.png",20250619,"CbDRC4","p004","m2x","C09",0,238.714872834284,13.8388478984185,"","48h",10,"15hHB101","DMSO",1,"MOXIDECTIN",0.125,NA,NA,"JU3237",1,NA,NA,NA,215.666709065022,40.838404818876,142.746584628004,199.288678648262,231.662231181133,56.5307193616306,254.369657622241,268.285687787998,273.794447966843,0.262120749218587,15.9722068921691,10.3803517186771,13.7481476637608,13.9104543653547,14.7070775644691,7.12151747682166,15.240651983229,16.0780469771283,50.1512110565517,0.445869348230971,26,"1_JU3237_0.125",NA,NA,NA,NA,NA,"1",756.836909183482,-525.174678002348
"20250619-CbDRC4-p004-m2x_C10_roi_0.png",20250619,"CbDRC4","p004","m2x","C10",0,240.012331421175,14.4530172765515,"","48h",10,"15hHB101","DMSO",1,"MOXIDECTIN",0.25,NA,NA,"JU3237",1,NA,NA,NA,221.919133501914,133.418298794456,184.224916017499,213.115956608365,223.758238528773,30.8106505083683,240.67040479862,251.967510130557,269.222663474491,0.138837287358562,14.4302859127234,9.49988803376069,12.3479553494355,13.5153105861664,14.631270326385,2.09026783465969,15.0559240026143,15.9394318696911,21.0830905860013,0.144852835716628,23,"1_JU3237_0.25",NA,NA,NA,NA,NA,"1",756.836909183482,-533.078670654708
"20250619-CbDRC4-p004-m2x_C11_roi_0.png",20250619,"CbDRC4","p004","m2x","C11",0,299.915948475034,14.1038894136811,"","48h",10,"15hHB101","DMSO",1,"MOXIDECTIN",0.5,NA,NA,"JU3237",1,NA,NA,NA,219.72557813087,108.893141160752,183.642562460927,202.187467884252,223.076022484014,41.2908888556559,246.160941331077,253.798158442931,299.915948475034,0.187920264936396,14.714330832291,13.1605278380942,13.7246132484394,14.1038894136811,14.4869719626895,0.990027752137877,15.2128366371947,16.2288204111193,16.7268829392305,0.0672832331569732,17,"1_JU3237_0.5",NA,NA,NA,NA,NA,"1",756.836909183482,-533.760886699468
"20250619-CbDRC4-p004-m2x_C12_roi_0.png",20250619,"CbDRC4","p004","m2x","C12",0,156.858379713141,11.6921546966998,"","48h",10,"15hHB101","DMSO",1,"MOXIDECTIN",1,NA,NA,"JU3237",1,NA,NA,NA,202.814689697668,131.641653765991,155.770058321797,177.626240464948,206.520013589117,37.9677473035654,225.177081564868,248.984909980019,271.498626937672,0.187204128853601,14.7290986674828,11.6921546966998,11.9880533994529,12.6015256358837,14.3153010122045,3.33636226999756,14.7937556686191,17.090567756536,25.4602186772914,0.226515032950604,16,"1_JU3237_1",NA,NA,NA,NA,NA,"1",756.836909183482,-550.316895594365
"20250619-CbDRC4-p004-m2x_D01_roi_0.png",20250619,"CbDRC4","p004","m2x","D01",0,786.261915756933,39.6794422948171,"","48h",10,"15hHB101","DMSO",1,"MOXIDECTIN",0,NA,NA,"NIC1667",1,NA,NA,NA,756.07931927144,574.974309708203,713.407046975347,727.429354737161,753.365285554818,50.803989539595,790.642844750354,811.632710093264,848.004143718008,0.0671939943927442,37.8052324080471,22.7752597670454,35.8951503283809,37.3330426219448,38.3693857558648,3.36379310683008,39.5815557972075,40.3849918943617,41.3185581731965,0.088976919134455,36,"1_NIC1667_0",NA,NA,NA,NA,NA,"1",774.728395535816,-21.3631099809976
"20250619-CbDRC4-p004-m2x_D02_roi_0.png",20250619,"CbDRC4","p004","m2x","D02",0,678.161901759465,31.9191654248005,"","48h",10,"15hHB101","DMSO",1,"MOXIDECTIN",0.00097,NA,NA,"NIC1667",1,NA,NA,NA,764.426157272154,678.161901759465,717.980830808203,734.196129668916,766.954653837813,39.9247973807432,789.267443053934,818.417614926246,832.310969040793,0.0522284552941182,38.498489066506,31.9191654248005,35.5636045663978,37.188431271387,38.9153065907828,2.2786409198984,40.2602271511457,40.8273872569369,42.5829653418687,0.0591878012657083,33,"1_NIC1667_0.00097",NA,NA,NA,NA,NA,"1",774.728395535816,-7.77374169800271
"20250619-CbDRC4-p004-m2x_D03_roi_0.png",20250619,"CbDRC4","p004","m2x","D03",0,779.654344239062,39.6612091989564,"","48h",10,"15hHB101","DMSO",1,"MOXIDECTIN",0.0019,NA,NA,"NIC1667",1,NA,NA,NA,770.631315653814,695.224351525876,714.554108747269,739.978442574972,779.654344239062,40.3823239103634,802.309036341035,811.265096833885,828.442435639927,0.0524016129244663,37.8546374934068,30.4335580394262,35.2308663942534,36.3604468965815,38.1133386542629,2.41667926412808,39.438891884535,40.5550378219979,42.2346922126741,0.0638410357132331,31,"1_NIC1667_0.0019",NA,NA,NA,NA,NA,"1",774.728395535816,4.92594870324683
"20250619-CbDRC4-p004-m2x_D04_roi_0.png",20250619,"CbDRC4","p004","m2x","D04",0,825.240398984627,36.2130464213901,"","48h",10,"15hHB101","DMSO",1,"MOXIDECTIN",0.0039,NA,NA,"NIC1667",1,NA,NA,NA,786.849655920243,739.339628817752,746.950398246694,761.683162971472,788.815783885559,29.0247632508068,810.114707271511,819.817677449508,849.47121067974,0.0368873050047426,38.3831194660251,32.6672508970162,36.1861068981541,36.9928411876728,38.2106836835747,2.12182401302363,39.5748694503076,41.0547896673039,43.3488418658851,0.0552801346670577,36,"1_NIC1667_0.0039",NA,NA,NA,NA,NA,"1",774.728395535816,14.0873883497435
"20250619-CbDRC4-p004-m2x_D05_roi_0.png",20250619,"CbDRC4","p004","m2x","D05",0,831.943563049785,37.4644019991839,"","48h",10,"15hHB101","DMSO",1,"MOXIDECTIN",0.0078,NA,NA,"NIC1667",1,NA,NA,NA,782.846179733965,711.431399762631,742.627406356982,757.614173352202,781.707709294206,34.9775586244273,812.985009661236,831.943563049785,850.77022246213,0.0446799889044789,37.4503606069159,33.4538357305396,35.1383937799777,35.9319193650231,37.6596985914385,1.98042478219395,38.5428358096497,39.5386076680246,41.9182735687094,0.0528813274451684,31,"1_NIC1667_0.0078",NA,NA,NA,NA,NA,"1",774.728395535816,6.97931375839039
"20250619-CbDRC4-p004-m2x_D07_roi_0.png",20250619,"CbDRC4","p004","m2x","D07",0,285.567454254757,15.7853933375586,"","48h",10,"15hHB101","DMSO",1,"MOXIDECTIN",0.03125,NA,NA,"NIC1667",1,NA,NA,NA,281.713381202285,258.979784055207,263.07757419292,268.975629532678,281.07535677252,15.5766368210665,298.608981514898,301.576754920171,307.063470109922,0.0552924989029244,15.6346346851278,13.8945272597313,14.769033989152,15.1981469611716,15.6391088281115,0.825357566035629,16.3029156871734,16.5479081912071,17.1083991942636,0.0527903326593705,17,"1_NIC1667_0.03125",NA,NA,NA,NA,NA,"1",774.728395535816,-493.653038763295
"20250619-CbDRC4-p004-m2x_D08_roi_0.png",20250619,"CbDRC4","p004","m2x","D08",0,272.513974454469,15.1574087015136,"","48h",10,"15hHB101","DMSO",1,"MOXIDECTIN",0.0625,NA,NA,"NIC1667",1,NA,NA,NA,265.159169426317,240.986533295315,245.098240657947,254.204528137298,261.676238904039,17.4175447862883,274.847880853172,287.561487475724,301.452039698239,0.0656871298245953,14.9652633938999,13.8291720337934,14.3176623262613,14.6285760452632,15.053294578546,0.572890074651208,15.2348787255697,15.5525927106771,16.0638222447187,0.0382813225248496,20,"1_NIC1667_0.0625",NA,NA,NA,NA,NA,"1",774.728395535816,-513.052156631777
"20250619-CbDRC4-p004-m2x_D09_roi_0.png",20250619,"CbDRC4","p004","m2x","D09",0,261.940302518667,14.918161629217,"","48h",10,"15hHB101","DMSO",1,"MOXIDECTIN",0.125,NA,NA,"NIC1667",1,NA,NA,NA,262.580487599827,233.564082073281,235.179149334678,240.482761397541,252.433386993001,36.2386289907849,265.879560973132,297.793388438169,344.684176675325,0.138009603539211,13.1141344388116,8.81460475450591,11.1372350358798,12.4465645740777,13.6147483785362,2.04942874159336,14.1105175948912,15.0704105439729,15.4256580117368,0.156276325452942,8,"1_NIC1667_0.125",NA,NA,NA,"outlier","outlier","1",774.728395535816,-522.295008542815
"20250619-CbDRC4-p004-m2x_D10_roi_0.png",20250619,"CbDRC4","p004","m2x","D10",0,231.990816673712,14.5805961071588,"","48h",10,"15hHB101","DMSO",1,"MOXIDECTIN",0.25,NA,NA,"NIC1667",1,NA,NA,NA,236.778262676904,181.731684279383,202.346031145104,234.305004405665,243.018450066791,25.198941183344,251.20022844908,260.137240609558,261.612179673998,0.106424216895827,14.3620688029086,13.0251471668566,13.9012145354779,14.1808579907379,14.3247498347326,0.717074185103954,14.5262131795149,14.7754090742178,15.9505305581066,0.049928335182375,10,"1_NIC1667_0.25",NA,NA,NA,NA,NA,"1",774.728395535816,-531.709945469025
"20250619-CbDRC4-p004-m2x_D11_roi_0.png",20250619,"CbDRC4","p004","m2x","D11",0,275.974525921076,14.2045724880377,"","48h",10,"15hHB101","DMSO",1,"MOXIDECTIN",0.5,NA,NA,"NIC1667",1,NA,NA,NA,227.473224071155,157.168629134165,183.867290433919,209.029421803633,226.182064921583,30.1882843235054,245.648556991054,263.959848226388,280.792014175428,0.132711374917965,14.3120495344964,11.3663885098135,12.6914778688127,13.6967015809778,14.2045724880377,1.7823929918018,14.6704594400219,15.2527270356867,21.0494913086339,0.1245379278143,27,"1_NIC1667_0.5",NA,NA,NA,NA,NA,"1",774.728395535816,-548.546330614232
"20250619-CbDRC4-p004-m2x_D12_roi_0.png",20250619,"CbDRC4","p004","m2x","D12",0,215.904864756617,13.0420805966201,"","48h",10,"15hHB101","DMSO",1,"MOXIDECTIN",1,NA,NA,"NIC1667",1,NA,NA,NA,220.742195505268,138.004438244924,189.805516108032,212.559590102759,218.454664250648,31.1560034236473,236.642364114731,255.343296218433,273.491045360802,0.141142038350813,14.3479620637145,13.0168125092351,13.2300948157953,13.6306070297158,14.1207761237484,1.19336092772598,14.7961985662123,15.2581726302704,17.9987085925919,0.0831728521741737,17,"1_NIC1667_1",NA,NA,NA,NA,NA,"1",774.728395535816,-556.273731285167
"20250619-CbDRC4-p004-m2x_E01_roi_0.png",20250619,"CbDRC4","p004","m2x","E01",0,833.137573383769,37.4230131358469,"","48h",10,"15hHB101","DMSO",1,"MOXIDECTIN",0,NA,NA,"VX34",1,NA,NA,NA,821.164736881866,576.307089963746,765.503170770157,815.820135308113,829.758198819632,55.6068589401117,847.010360315174,869.502717832786,907.185927365554,0.0677170565692611,38.4888929720111,31.6296662470838,36.4008290321008,37.4199917156033,37.9755537738266,2.56554490056693,39.4837958479807,42.3926165564587,44.5253637878273,0.0666567599757308,46,"1_VX34_0",NA,NA,NA,"outlier","outlier","1",841.848651392647,-12.0904525730151
"20250619-CbDRC4-p004-m2x_E02_roi_0.png",20250619,"CbDRC4","p004","m2x","E02",0,547.854841351994,46.8248209689523,"","48h",10,"15hHB101","DMSO",1,"MOXIDECTIN",0.00097,NA,NA,"VX34",1,NA,NA,NA,827.014237487465,547.854841351994,785.85833605233,798.385669473408,828.196435410953,103.20971747176,839.931618993864,880.494848222066,1210.66110564205,0.124797993545213,37.7669091004364,33.7099119454823,35.137625331131,36.5862090570454,37.7367465053756,2.47070903539583,38.5575747595686,39.6447895775748,46.8248209689523,0.0654199428612302,27,"1_VX34_0.00097",NA,NA,NA,NA,NA,"1",841.848651392647,-13.652215981694
"20250619-CbDRC4-p004-m2x_E03_roi_0.png",20250619,"CbDRC4","p004","m2x","E03",0,890.172314780696,38.0881900529467,"","48h",10,"15hHB101","DMSO",1,"MOXIDECTIN",0.0019,NA,NA,"VX34",1,NA,NA,NA,800.343756815845,189.592611908249,701.080973450997,786.342842792357,834.428347026017,133.67690758759,855.36870269548,870.268085181089,1071.837680606,0.167024364779732,37.7137408029162,12.8126063340594,35.3613130176182,36.465896546345,37.7425341409878,5.26255685602883,39.2624342790745,40.8457124112995,55.5164019392328,0.139539508518389,43,"1_VX34_0.0019",NA,NA,NA,NA,NA,"1",841.848651392647,-7.42030436662992
"20250619-CbDRC4-p004-m2x_E04_roi_0.png",20250619,"CbDRC4","p004","m2x","E04",0,822.829508582797,38.3636222587274,"","48h",10,"15hHB101","DMSO",1,"MOXIDECTIN",0.0039,NA,NA,"VX34",1,NA,NA,NA,813.418022816914,207.579824027656,760.945586410034,791.235729990279,822.015334174864,112.525091432428,852.741070564145,888.164309103064,1095.95069965658,0.138336117809078,37.5251985524322,14.7943062938151,34.2165396574699,36.3441956606574,38.4153241111665,5.26467708965341,39.5704667516241,41.0485329934748,45.4538658754595,0.140297114811993,43,"1_VX34_0.0039",NA,NA,NA,NA,NA,"1",841.848651392647,-19.833317217783
"20250619-CbDRC4-p004-m2x_E05_roi_0.png",20250619,"CbDRC4","p004","m2x","E05",0,831.001724302319,39.3947323227349,"","48h",10,"15hHB101","DMSO",1,"MOXIDECTIN",0.0078,NA,NA,"VX34",1,NA,NA,NA,843.501761760675,718.275592563858,796.131434366251,826.638419345019,840.377437757603,50.6025739705191,864.157704731393,891.821648037789,1001.31496391651,0.059991070872092,36.9624619376096,30.4133471823095,34.7420782372642,36.0943880216554,37.2444639846007,2.18770464334829,38.0231300799623,39.1423583854267,41.5536522028847,0.0591872004370543,25,"1_VX34_0.0078",NA,NA,NA,NA,NA,"1",841.848651392647,-1.47121363504402
"20250619-CbDRC4-p004-m2x_E06_roi_0.png",20250619,"CbDRC4","p004","m2x","E06",0,797.711868420558,37.5442814242316,"","48h",10,"15hHB101","DMSO",1,"MOXIDECTIN",0.0156,NA,NA,"VX34",1,NA,NA,NA,686.769692930126,477.796010469617,552.789566599565,623.426614250211,707.174847243536,95.908151075225,754.416751383769,794.018884801799,843.918490773363,0.139651111664566,30.8531945581707,23.7649978290121,24.9981794642212,28.5321337702547,29.9291381902805,4.07637996661734,33.8363185051102,35.9294925756901,37.5486002645471,0.132121811857496,26,"1_VX34_0.0156",NA,NA,NA,NA,NA,"1",841.848651392647,-134.673804149111
"20250619-CbDRC4-p004-m2x_E07_roi_0.png",20250619,"CbDRC4","p004","m2x","E07",0,246.208584738526,15.3666450849611,"","48h",10,"15hHB101","DMSO",1,"MOXIDECTIN",0.03125,NA,NA,"VX34",1,NA,NA,NA,272.165593063231,208.219494411265,245.039431249804,257.887000143092,275.453728963664,24.9677318050082,284.21743511106,303.560906348501,322.850959031656,0.0917372821597163,15.8953062062288,14.0628033772439,14.3653727497081,15.1177265856489,15.7364671956581,1.3747468287035,16.2869361175431,17.8118764222252,20.1472867501782,0.0864875964556624,29,"1_VX34_0.03125",NA,NA,NA,NA,NA,"1",841.848651392647,-566.394922428983
"20250619-CbDRC4-p004-m2x_E08_roi_0.png",20250619,"CbDRC4","p004","m2x","E08",0,233.00828595249,13.1284218248465,"","48h",10,"15hHB101","DMSO",1,"MOXIDECTIN",0.0625,NA,NA,"VX34",1,NA,NA,NA,237.906499198367,159.843057929208,209.809147839735,228.293963273685,240.981392630646,36.4673982998986,246.006894017753,251.445887299345,347.702930763699,0.153284582063864,14.6729485473221,9.9924011905507,13.5454728184038,13.9895337046992,14.7364834607391,1.69964960525844,15.5988379576913,16.0192303471723,18.1954311058534,0.115835586813166,17,"1_VX34_0.0625",NA,NA,NA,NA,NA,"1",841.848651392647,-600.867258762001
"20250619-CbDRC4-p004-m2x_E09_roi_0.png",20250619,"CbDRC4","p004","m2x","E09",0,234.447299346998,12.4412977636162,"","48h",10,"15hHB101","DMSO",1,"MOXIDECTIN",0.125,NA,NA,"VX34",1,NA,NA,NA,225.50400285347,180.323242626153,207.203603069539,214.109237100295,223.714185990159,18.7171479497425,239.467961383638,248.928500986673,260.221211775126,0.0830014000323739,14.3160900455031,11.6123709651548,12.9378938201351,13.5033911945342,14.416080714404,1.14408525308341,15.2150316790921,15.5375217719242,16.1031191546033,0.0799160419812236,33,"1_VX34_0.125",NA,NA,NA,NA,NA,"1",841.848651392647,-618.134465402488
"20250619-CbDRC4-p004-m2x_E10_roi_0.png",20250619,"CbDRC4","p004","m2x","E10",0,203.628535333043,14.573961213125,"","48h",10,"15hHB101","DMSO",1,"MOXIDECTIN",0.25,NA,NA,"VX34",1,NA,NA,NA,226.449041676673,140.87075413189,202.459978203028,209.992245824327,232.801666351022,28.4632698890291,243.493537864173,249.696876122462,267.878253146959,0.125693929540533,14.5848183607688,11.8787383703293,13.0684369400648,14.1398328306253,14.4701743746342,1.37606821764765,15.1418379643786,15.7307103255766,18.2684258217307,0.0943493558582177,18,"1_VX34_0.25",NA,NA,NA,NA,NA,"1",841.848651392647,-609.046985041625
"20250619-CbDRC4-p004-m2x_E11_roi_0.png",20250619,"CbDRC4","p004","m2x","E11",0,208.560881869544,13.040685092836,"","48h",10,"15hHB101","DMSO",1,"MOXIDECTIN",0.5,NA,NA,"VX34",1,NA,NA,NA,230.007534319187,165.471696022643,199.40258454169,209.64779946251,238.803133777412,28.7232846912789,250.349658552512,256.138453540735,288.82510453343,0.124879755684085,14.4046634976724,11.9332189388437,12.6167629165878,13.4438682232546,14.2335384576033,1.83630423723637,14.9078250278377,15.5106984099514,20.0930871505809,0.127479842728231,19,"1_VX34_0.5",NA,NA,NA,NA,NA,"1",841.848651392647,-603.045517615235
"20250619-CbDRC4-p004-m2x_E12_roi_0.png",20250619,"CbDRC4","p004","m2x","E12",0,226.506998521482,13.796955854115,"","48h",10,"15hHB101","DMSO",1,"MOXIDECTIN",1,NA,NA,"VX34",1,NA,NA,NA,223.478441221174,184.740165481616,197.206755036623,210.989931800457,221.235748660589,19.6470126537232,237.189482974575,247.380486179187,259.416283367138,0.0879145771125134,14.733030973696,13.1297391553226,13.3678929836916,14.0141620523925,14.4366332901038,1.22129245048854,14.999112147034,16.1333049773079,18.7515311602228,0.0828948539284957,29,"1_VX34_1",NA,NA,NA,NA,NA,"1",841.848651392647,-620.612902732058
"20250619-CbDRC4-p004-m2x_F01_roi_0.png",20250619,"CbDRC4","p004","m2x","F01",0,713.869915029569,34.4312608405195,"","48h",10,"15hHB101","DMSO",1,"MOXIDECTIN",0,NA,NA,"ECA2666",1,NA,NA,NA,767.963292797181,686.161493081749,718.632788175195,741.151221319889,768.909743520941,37.9037472368528,802.249165706386,814.421684881569,827.346688984243,0.0493561965687118,36.1646871468981,30.7792268733584,32.8831684348458,34.4846537255799,36.6364615638191,2.36120355285382,38.2248487041445,38.7254536894606,40.0090339048828,0.0652903077320369,30,"1_ECA2666_0",NA,NA,NA,NA,NA,"1",777.986030494324,-9.07628697338305
"20250619-CbDRC4-p004-m2x_F02_roi_0.png",20250619,"CbDRC4","p004","m2x","F02",0,786.74963052307,37.5258865371797,"","48h",10,"15hHB101","DMSO",1,"MOXIDECTIN",0.00097,NA,NA,"ECA2666",1,NA,NA,NA,780.102197495567,584.166391564966,730.896321433551,756.08634159922,787.553947062971,53.4371758768702,815.148966129905,831.848147410591,847.785045363135,0.0685002247762209,35.5756394202781,26.3991511580627,31.4947428749772,34.0039969877777,36.2536054536356,3.04883823742021,37.5774614330042,38.5468912358089,39.7277101172257,0.0857001669429552,26,"1_ECA2666_0.00097",NA,NA,NA,NA,NA,"1",777.986030494324,9.56791656864743
"20250619-CbDRC4-p004-m2x_F03_roi_0.png",20250619,"CbDRC4","p004","m2x","F03",0,754.042638118348,33.8982998848857,"","48h",10,"15hHB101","DMSO",1,"MOXIDECTIN",0.0019,NA,NA,"ECA2666",1,NA,NA,NA,762.571558037035,683.669382660344,726.619322309909,742.875383956656,761.086356206791,35.2950001968,784.011724014527,805.331076204259,837.426476862811,0.0462841812349444,35.8063167579357,28.6868257647694,33.5182811593812,34.529849303515,35.9205577972083,2.30724266587727,37.186797604579,38.6814604475055,40.1907486844828,0.0644367495678236,37,"1_ECA2666_0.0019",NA,NA,NA,NA,NA,"1",777.986030494324,-16.8996742875325
"20250619-CbDRC4-p004-m2x_F04_roi_0.png",20250619,"CbDRC4","p004","m2x","F04",0,723.689261580196,36.1412660754723,"","48h",10,"15hHB101","DMSO",1,"MOXIDECTIN",0.0039,NA,NA,"ECA2666",1,NA,NA,NA,765.24954007736,627.516335243322,707.451357816889,741.704431775389,773.382790363936,45.9082576243848,796.783110909853,809.290789990958,839.544262309534,0.0599912253717185,35.5885972575307,30.5864826770233,32.309183243653,33.8725353631206,35.760915596637,2.57582840242967,37.3804229978034,39.1188352529528,40.3132686461644,0.0723779131779241,39,"1_ECA2666_0.0039",NA,NA,NA,NA,NA,"1",777.986030494324,-4.60324013038758
"20250619-CbDRC4-p004-m2x_F05_roi_0.png",20250619,"CbDRC4","p004","m2x","F05",0,794.617599647096,35.0111430311969,"","48h",10,"15hHB101","DMSO",1,"MOXIDECTIN",0.0078,NA,NA,"ECA2666",1,NA,NA,NA,759.054778892602,592.633279167048,712.45572312408,732.432978967429,763.865905410624,46.4013385018255,794.617599647096,807.114962631196,833.309159749838,0.0611304214032104,34.6877992807472,29.3229266664256,31.6844809281025,33.5297435855567,34.8391293155679,2.20089398726858,36.0875330079107,37.3429692610085,38.8646522052418,0.0634486485999169,33,"1_ECA2666_0.0078",NA,NA,NA,NA,NA,"1",777.986030494324,-14.1201250837005
"20250619-CbDRC4-p004-m2x_F06_roi_0.png",20250619,"CbDRC4","p004","m2x","F06",0,798.729628963502,38.8549156995644,"","48h",10,"15hHB101","DMSO",1,"MOXIDECTIN",0.0156,NA,NA,"ECA2666",1,NA,NA,NA,581.58854825765,313.205941783688,394.627069506227,489.226648887404,582.939424899982,138.200182153758,680.660636236308,728.441773886737,879.053487252631,0.237625349687136,25.832228919071,15.2711871178246,19.12659998535,22.2540394316763,25.5051262546825,5.90950412831259,30.2439122965985,33.0935745564257,38.8549156995644,0.228764778557293,31,"1_ECA2666_0.0156",NA,NA,NA,NA,NA,"1",777.986030494324,-195.046605594342
"20250619-CbDRC4-p004-m2x_F07_roi_0.png",20250619,"CbDRC4","p004","m2x","F07",0,295.463650315327,14.5076957942162,"","48h",10,"15hHB101","DMSO",1,"MOXIDECTIN",0.03125,NA,NA,"ECA2666",1,NA,NA,NA,272.614392691723,207.605659269077,223.092605771917,250.432327893734,284.146072256024,34.6068081784904,294.439983206606,309.580045224341,317.844435036901,0.126944171350573,15.2643026347981,12.819855444256,13.9144771695729,15.1365155635968,15.3044999594965,1.03749837330271,15.9258898176441,16.3502968431645,16.7500522976861,0.0679689336699548,15,"1_ECA2666_0.03125",NA,NA,NA,NA,NA,"1",777.986030494324,-493.8399582383
"20250619-CbDRC4-p004-m2x_F08_roi_0.png",20250619,"CbDRC4","p004","m2x","F08",0,255.638091394525,13.9455679504303,"","48h",10,"15hHB101","DMSO",1,"MOXIDECTIN",0.0625,NA,NA,"ECA2666",1,NA,NA,NA,250.729649150996,186.434586554263,218.51474343041,239.040914024075,247.755234914769,29.2334285308227,268.134448164305,272.896499317858,372.96386519771,0.116593424949187,14.4157901024352,10.2534726225751,13.3466669864894,13.7493759344151,14.4459879020687,1.13525805566912,15.021198920424,15.6295180723904,16.6965921220355,0.0787510117449164,47,"1_ECA2666_0.0625",NA,NA,NA,NA,NA,"1",777.986030494324,-530.230795579555
"20250619-CbDRC4-p004-m2x_F09_roi_0.png",20250619,"CbDRC4","p004","m2x","F09",0,236.785485845758,13.7180583391754,"","48h",10,"15hHB101","DMSO",1,"MOXIDECTIN",0.125,NA,NA,"ECA2666",1,NA,NA,NA,207.798804149793,130.426442676815,154.792204375519,179.248067800286,213.404558478254,36.8854852676863,237.000005999686,239.272648846786,281.844680144179,0.177505762935465,13.7403764031854,11.4225196889711,11.7964273877883,12.8892145048914,13.7238880181895,1.49853627347841,14.2206295957944,15.0660017122316,18.6000621213876,0.109060787674711,26,"1_ECA2666_0.125",NA,NA,NA,NA,NA,"1",777.986030494324,-564.58147201607
"20250619-CbDRC4-p004-m2x_F10_roi_0.png",20250619,"CbDRC4","p004","m2x","F10",0,235.265926344978,14.8331166039667,"","48h",10,"15hHB101","DMSO",1,"MOXIDECTIN",0.25,NA,NA,"ECA2666",1,NA,NA,NA,218.88359450728,190.993898252809,194.307339845648,203.288931895484,225.093391767177,17.7462751711106,233.774267144489,235.583153627522,235.64395695438,0.0810763146094091,13.7921997228939,12.59653748021,12.8357823061028,13.3171759076298,13.8770339565312,0.762629249939831,14.3329788790936,14.6509847324436,14.8331166039667,0.0552942435044593,10,"1_ECA2666_0.25",NA,NA,NA,NA,NA,"1",777.986030494324,-552.892638727147
"20250619-CbDRC4-p004-m2x_F11_roi_0.png",20250619,"CbDRC4","p004","m2x","F11",0,218.311359798321,13.2212412218334,"","48h",10,"15hHB101","DMSO",1,"MOXIDECTIN",0.5,NA,NA,"ECA2666",1,NA,NA,NA,198.58554754529,116.560190518571,165.894613812311,185.075585619923,208.049979853225,32.7481665289813,219.235650880301,226.523267379095,245.615485031622,0.164907098899091,13.5298574890493,9.50029781120096,12.6403256667767,13.0468045633138,13.6492785528628,1.25275680694512,14.154641353844,14.4714549498084,15.7898621519445,0.0925920179099492,20,"1_ECA2666_0.5",NA,NA,NA,NA,NA,"1",777.986030494324,-569.936050641099
"20250619-CbDRC4-p004-m2x_F12_roi_0.png",20250619,"CbDRC4","p004","m2x","F12",0,222.388161394645,15.1150382842666,"","48h",10,"15hHB101","DMSO",1,"MOXIDECTIN",1,NA,NA,"ECA2666",1,NA,NA,NA,202.267618138189,166.53320135949,177.654069188252,186.020793434415,199.186128151979,25.4728980492271,222.388161394645,229.902104007519,246.445681834113,0.125936609545795,14.1327143326972,12.8814913206893,13.2147133037204,13.3680049110514,14.0707104182147,0.978711021514515,14.8739373302892,15.2531800516778,15.8057471213223,0.0692514543543971,9,"1_ECA2666_1",NA,NA,NA,NA,NA,"1",777.986030494324,-578.799902342345
"20250619-CbDRC4-p005-m2x_A06_roi_0.png",20250619,"CbDRC4","p005","m2x","A06",0,325.871397708607,17.6958719685523,"","48h",10,"15hHB101","DMSO",1,"MOXIDECTIN",0.0156,NA,NA,"PB420",1,NA,NA,NA,310.969454190497,246.964807992882,262.603170007442,287.700284441498,315.278509552107,35.6314198269829,341.040821262494,353.763262468419,365.733299168192,0.114581735751948,16.9461125555319,14.9494593267579,15.4712669097394,16.3810354090057,16.9469941358702,1.08567424072489,17.652897002876,18.2625336616558,19.7934452619719,0.0640662710794094,34,"1_PB420_0.0156",NA,NA,NA,NA,NA,"1",758.846883086449,-443.568373534342
"20250619-CbDRC4-p005-m2x_A07_roi_0.png",20250619,"CbDRC4","p005","m2x","A07",0,280.839320014953,13.4633588054073,"","48h",10,"15hHB101","DMSO",1,"MOXIDECTIN",0.03125,NA,NA,"PB420",1,NA,NA,NA,248.949809047402,168.294574637096,230.17062497321,240.40262702835,249.174850851253,25.1735933597365,265.229003706325,279.398685501365,293.868866112268,0.101119151109464,15.1812740460804,9.62163763862321,14.173819756591,14.7871913305843,15.3231787860401,1.25134499373174,15.731255296017,16.3644578655481,17.2015770814951,0.0824268760272348,34,"1_PB420_0.03125",NA,NA,NA,NA,NA,"1",758.846883086449,-509.672032235196
"20250619-CbDRC4-p005-m2x_A08_roi_0.png",20250619,"CbDRC4","p005","m2x","A08",0,240.273868384966,15.0534692686623,"","48h",10,"15hHB101","DMSO",1,"MOXIDECTIN",0.0625,NA,NA,"PB420",1,NA,NA,NA,242.011378329508,192.872134048604,221.42509719397,227.709182205345,241.27137551635,19.7812048775699,255.535448340695,261.268735527987,286.580758516794,0.0817366729370756,14.5460558347282,11.7309850571214,13.3570466407148,14.3476511849868,14.6983704901975,0.954212247223903,15.0435441393014,15.5802559625702,16.1124414906876,0.0655993802076407,34,"1_PB420_0.0625",NA,NA,NA,NA,NA,"1",758.846883086449,-517.575507570099
"20250619-CbDRC4-p005-m2x_A09_roi_0.png",20250619,"CbDRC4","p005","m2x","A09",0,219.989202494427,14.3131422190904,"","48h",10,"15hHB101","DMSO",1,"MOXIDECTIN",0.125,NA,NA,"PB420",1,NA,NA,NA,222.400252671433,190.296532593062,202.537075240173,216.255257915667,223.390697387435,14.0065184429823,232.082278322441,239.195447490759,244.494447921719,0.062978878282459,14.394484819444,12.6829330668208,13.471573261213,13.8900571910416,14.4641869526977,0.768006664713218,14.7979527870293,15.2715180638183,15.8520085141244,0.0533542307589777,28,"1_PB420_0.125",NA,NA,NA,NA,NA,"1",758.846883086449,-535.456185699014
"20250619-CbDRC4-p005-m2x_A10_roi_0.png",20250619,"CbDRC4","p005","m2x","A10",0,221.068054998178,14.7217911194396,"","48h",10,"15hHB101","DMSO",1,"MOXIDECTIN",0.25,NA,NA,"PB420",1,NA,NA,NA,214.590660251013,166.685176006043,197.778825780621,205.674689843578,215.978199764616,18.6625834563653,225.742593608645,237.438052606757,241.356184879978,0.0869682931891591,14.6590427169961,12.3607673717791,12.8737999807294,13.935616610395,14.7439983318781,1.61096788253195,15.1115710525364,15.3061674192826,21.438379185035,0.109895844744633,28,"1_PB420_0.25",NA,NA,NA,NA,NA,"1",758.846883086449,-542.868683321833
"20250619-CbDRC4-p005-m2x_A11_roi_0.png",20250619,"CbDRC4","p005","m2x","A11",0,233.727945070611,14.3931910843361,"","48h",10,"15hHB101","DMSO",1,"MOXIDECTIN",0.5,NA,NA,"PB420",1,NA,NA,NA,215.417813023373,185.642817142459,195.600956286031,205.325008549956,215.221441851622,14.8756612470521,224.826080053895,233.390747382068,243.812697834083,0.0690549265089699,15.2862618017683,13.3652444035865,13.6680082226041,14.1650296898046,14.5046607079171,3.73690931510607,14.9783680973758,15.7898805057516,31.7474789415525,0.244461946522059,22,"1_PB420_0.5",NA,NA,NA,NA,NA,"1",758.846883086449,-543.625441234827
"20250619-CbDRC4-p005-m2x_A12_roi_0.png",20250619,"CbDRC4","p005","m2x","A12",0,327.04997743159,17.627981879765,"","48h",10,"15hHB101","DMSO",1,"MOXIDECTIN",1,NA,NA,"PB420",1,NA,NA,NA,211.788242006676,173.362569266773,192.074805606857,199.957531671745,208.660037317862,26.4745996526963,217.00359051297,226.242764931237,327.04997743159,0.125005049392032,14.3036514709472,12.8071338526618,13.0727582408453,13.5198905794494,14.0321479252663,1.11196844443821,14.8193486394487,15.5891669948854,17.627981879765,0.0777401803096767,27,"1_PB420_1",NA,NA,NA,NA,NA,"1",758.846883086449,-550.186845768587
"20250619-CbDRC4-p005-m2x_B01_roi_0.png",20250619,"CbDRC4","p005","m2x","B01",0,881.541207809646,41.4951823038674,"","48h",10,"15hHB101","DMSO",1,"MOXIDECTIN",0,NA,NA,"ED3102",1,NA,NA,NA,842.356017074809,720.290263170004,785.107424705716,819.345298508525,844.627472374742,53.2042150997809,869.021088803812,895.888521835286,1004.47010378996,0.0631611979036364,41.5936056954073,34.5870833270768,39.1347936813937,40.2523360326144,41.6308496952365,2.38288036679751,43.3989505982255,44.2819759135933,46.3709661357813,0.057289583986719,50,"1_ED3102_0",NA,NA,NA,NA,NA,"1",850.390521362296,-5.76304898755427
"20250619-CbDRC4-p005-m2x_B02_roi_0.png",20250619,"CbDRC4","p005","m2x","B02",0,879.23953060372,40.7650942426219,"","48h",10,"15hHB101","DMSO",1,"MOXIDECTIN",0.00097,NA,NA,"ED3102",1,NA,NA,NA,828.66355257983,491.401258759749,715.446893301226,793.075233868807,848.391757416669,84.9637796039234,884.781002059174,902.248295698651,961.007910731355,0.102531092793222,40.529189481675,24.8030387477577,37.5155336455676,39.2026317341541,41.0222082538704,3.81363126548592,42.853770363379,44.1906770608378,47.1577203589379,0.0940959173933202,40,"1_ED3102_0.00097",NA,NA,NA,NA,NA,"1",850.390521362296,-1.99876394562739
"20250619-CbDRC4-p005-m2x_B04_roi_0.png",20250619,"CbDRC4","p005","m2x","B04",0,867.177770804471,44.0053151335299,"","48h",10,"15hHB101","DMSO",1,"MOXIDECTIN",0.0039,NA,NA,"ED3102",1,NA,NA,NA,816.222154080005,213.602986246758,733.450068834851,795.428804395986,845.366016012197,107.93375448587,868.490130026231,887.063495328021,946.622928594911,0.132235757074648,40.649297218682,11.7513179341625,37.0582184624491,39.9351399764523,41.1770442094932,5.60269968727742,42.6305084393896,44.1097198329683,57.9684197779324,0.137830173474745,47,"1_ED3102_0.0039",NA,NA,NA,NA,NA,"1",850.390521362296,-5.02450535009905
"20250619-CbDRC4-p005-m2x_B05_roi_0.png",20250619,"CbDRC4","p005","m2x","B05",0,781.846540230647,38.1136057202398,"","48h",10,"15hHB101","DMSO",1,"MOXIDECTIN",0.0078,NA,NA,"ED3102",1,NA,NA,NA,721.863332908253,462.579404537551,565.690850819021,661.605841647717,747.614133422772,108.98570211758,803.05873758202,823.369183877664,940.395122357981,0.150978304547617,34.5116046498604,21.1375486044542,27.0488165558685,29.8246967496724,37.0059745592148,5.10823601844356,38.204197976642,39.332727003364,41.9274426325771,0.148015024808886,48,"1_ED3102_0.0078",NA,NA,NA,NA,NA,"1",850.390521362296,-102.776387939525
"20250619-CbDRC4-p005-m2x_B06_roi_0.png",20250619,"CbDRC4","p005","m2x","B06",0,420.705584637085,17.5759992895213,"","48h",10,"15hHB101","DMSO",1,"MOXIDECTIN",0.0156,NA,NA,"ED3102",1,NA,NA,NA,336.463889802153,206.755433304926,273.539079911914,302.568753046023,341.585908427344,51.6317714881504,377.514462571948,391.313616240308,421.02393158568,0.153454124062201,17.9859305163803,12.8464050976567,15.7016023247029,17.1293939461551,18.1882231327594,1.95558591383976,19.5713521448089,20.1990550022114,21.3602676819939,0.108728648320906,45,"1_ED3102_0.0156",NA,NA,NA,NA,NA,"1",850.390521362296,-508.804612934952
"20250619-CbDRC4-p005-m2x_B07_roi_0.png",20250619,"CbDRC4","p005","m2x","B07",0,243.245494543159,16.5391900915543,"","48h",10,"15hHB101","DMSO",1,"MOXIDECTIN",0.03125,NA,NA,"ED3102",1,NA,NA,NA,248.863279068343,195.079799436039,225.28483153327,230.733781570897,248.124864806084,23.4992291696866,268.681867841499,276.462214836571,295.423669641986,0.0944262619124019,15.0892975054844,11.2730863287903,13.7766228232438,14.5383015214824,15.2806936189783,1.37239896854602,15.9830618789265,16.5760650082243,17.0277328648923,0.0909518132336645,28,"1_ED3102_0.03125",NA,NA,NA,NA,NA,"1",850.390521362296,-602.265656556212
"20250619-CbDRC4-p005-m2x_B08_roi_0.png",20250619,"CbDRC4","p005","m2x","B08",0,261.479987235795,13.8983151001004,"","48h",10,"15hHB101","DMSO",1,"MOXIDECTIN",0.0625,NA,NA,"ED3102",1,NA,NA,NA,247.257707678185,185.748745802181,223.042118241795,233.216325697964,249.300771182572,21.5506688205365,259.448106549097,271.611734698325,283.499490562938,0.0871587341923652,15.2812760569036,12.8939859910754,14.3026172523155,14.6154568784019,15.214698559345,1.02017337793428,15.7128074103731,16.375155521095,18.4309296748836,0.0667596982173091,31,"1_ED3102_0.0625",NA,NA,NA,NA,NA,"1",850.390521362296,-601.089750179724
"20250619-CbDRC4-p005-m2x_B09_roi_0.png",20250619,"CbDRC4","p005","m2x","B09",0,251.891973538384,16.7853935466759,"","48h",10,"15hHB101","DMSO",1,"MOXIDECTIN",0.125,NA,NA,"ED3102",1,NA,NA,NA,234.377039658814,185.897181292802,216.810157867832,227.008920113166,236.334692818356,16.5810576750262,243.156874150121,253.553364084932,263.43058896742,0.0707452304166123,14.6972747330224,11.5310349000106,12.9539745090044,13.8021101402638,14.6270030960634,2.12984832423572,15.1181495877471,16.0720859483401,23.7179672337437,0.144914507139905,28,"1_ED3102_0.125",NA,NA,NA,"outlier","outlier","1",850.390521362296,-614.05582854394
"20250619-CbDRC4-p005-m2x_B10_roi_0.png",20250619,"CbDRC4","p005","m2x","B10",0,242.309232943779,15.8388539614095,"","48h",10,"15hHB101","DMSO",1,"MOXIDECTIN",0.25,NA,NA,"ED3102",1,NA,NA,NA,230.492275575058,130.456438093674,215.046514748709,224.569947821624,236.349922352753,24.4703468550611,242.309232943779,249.137548487277,271.439831954788,0.10616558318065,14.6369324201169,12.4422963002018,13.1694188798487,13.8529064189907,14.4755707383878,1.81727924848256,15.0774206378977,15.4180444378091,23.0111746536492,0.124157111362003,29,"1_ED3102_0.25",NA,NA,NA,NA,NA,"1",850.390521362296,-614.040599009543
"20250619-CbDRC4-p005-m2x_B11_roi_0.png",20250619,"CbDRC4","p005","m2x","B11",0,250.63437858507,15.3567120416274,"","48h",10,"15hHB101","DMSO",1,"MOXIDECTIN",0.5,NA,NA,"ED3102",1,NA,NA,NA,230.967465622067,165.893923166068,211.787703016333,224.730055951881,229.862414668414,22.5652504801926,239.21721600847,258.088804770324,281.170796039434,0.097698827059549,14.3844882129839,10.3198281978778,13.4621175869051,14.1676694222985,14.5741751673685,1.3984977790927,15.1093237048822,15.8959836207486,16.0349099403727,0.0972226302657312,23,"1_ED3102_0.5",NA,NA,NA,NA,NA,"1",850.390521362296,-620.528106693883
"20250619-CbDRC4-p005-m2x_B12_roi_0.png",20250619,"CbDRC4","p005","m2x","B12",0,236.840847976972,15.8617364250553,"","48h",10,"15hHB101","DMSO",1,"MOXIDECTIN",1,NA,NA,"ED3102",1,NA,NA,NA,225.769296600112,169.83874541724,207.224882863766,213.411738806936,219.966355472733,20.4878750956449,237.989933114529,248.077752492924,268.838906155851,0.0907469501131215,14.7898453214032,12.1248898565532,13.6142343442277,14.264982516142,14.8119273246273,0.997746728666207,15.1977878381677,15.9565489851796,16.9518166020306,0.0674616067297413,28,"1_ED3102_1",NA,NA,NA,NA,NA,"1",850.390521362296,-630.424165889564
"20250619-CbDRC4-p005-m2x_C01_roi_0.png",20250619,"CbDRC4","p005","m2x","C01",0,717.132099183302,36.5819928058017,"","48h",10,"15hHB101","DMSO",1,"MOXIDECTIN",0,NA,NA,"JU3237",1,NA,NA,NA,711.808705703777,449.017741124723,690.897603298217,702.484124948866,712.25392368242,55.5033836630613,730.164406903354,762.032605495277,809.800131740105,0.0779751402565162,37.5226123368749,19.3586652380385,34.9888195151928,35.7760707218002,37.8633673381694,4.07493157246052,39.8732134200347,41.4547242396885,42.7417019558815,0.108599356992421,32,"1_JU3237_0",NA,NA,NA,NA,NA,"1",756.836909183482,-44.5829855010618
"20250619-CbDRC4-p005-m2x_C02_roi_0.png",20250619,"CbDRC4","p005","m2x","C02",0,783.998763647229,39.655486937723,"","48h",10,"15hHB101","DMSO",1,"MOXIDECTIN",0.00097,NA,NA,"JU3237",1,NA,NA,NA,717.171019021398,628.153541847766,692.678884634814,700.264524232055,718.581492033414,29.4183458732158,729.400949660557,740.719398190627,802.389376794398,0.0410199869946754,36.878172671586,26.3142043783759,34.2534849057678,35.1279549635821,37.2701013524725,2.74171435046445,38.4197379954161,39.6851481542586,41.4797814712579,0.0743451790542997,39,"1_JU3237_0.00097",NA,NA,NA,"outlier","outlier","1",756.836909183482,-38.2554171500678
"20250619-CbDRC4-p005-m2x_C07_roi_0.png",20250619,"CbDRC4","p005","m2x","C07",0,242.550725527496,16.5021761468797,"","48h",10,"15hHB101","DMSO",1,"MOXIDECTIN",0.03125,NA,NA,"JU3237",1,NA,NA,NA,263.946542922956,233.413181240175,243.505475707627,252.197537697764,268.468824414352,14.8623001913484,274.763972640022,277.863508892331,289.652593806484,0.0563079933791238,15.3037811487027,13.1672584593531,14.4400625262503,14.7985884792096,15.1873169949999,0.972783568465993,16.0273177301636,16.4935077526034,17.0742169620009,0.063564916344119,24,"1_JU3237_0.03125",NA,NA,NA,NA,NA,"1",756.836909183482,-488.36808476913
"20250619-CbDRC4-p005-m2x_C08_roi_0.png",20250619,"CbDRC4","p005","m2x","C08",0,238.383170787281,15.3853947212851,"","48h",10,"15hHB101","DMSO",1,"MOXIDECTIN",0.0625,NA,NA,"JU3237",1,NA,NA,NA,245.121458154079,202.016582426386,223.023047496986,236.188515870343,242.458438606816,19.514594827529,258.676881860783,263.760778924206,283.077804430865,0.0796119400336728,14.5796092499942,12.0575808829824,13.6605050355729,14.1215159161635,14.6614593532036,0.863293414495657,15.1161062767906,15.4941545198666,16.1211599684625,0.0592123835209094,33,"1_JU3237_0.0625",NA,NA,NA,"outlier","outlier","1",756.836909183482,-514.378470576665
"20250619-CbDRC4-p005-m2x_C09_roi_0.png",20250619,"CbDRC4","p005","m2x","C09",0,228.950913347375,15.5188589450314,"","48h",10,"15hHB101","DMSO",1,"MOXIDECTIN",0.125,NA,NA,"JU3237",1,NA,NA,NA,228.929483233015,188.273929610936,204.317871467046,210.660969355694,233.575710551284,20.6373060857938,240.075423012062,247.280936964153,274.767018416724,0.0901469998287123,14.3042072554685,12.0050907124523,12.8407186624233,13.600020700583,14.4400665325118,1.16104913797596,15.2453999071172,15.6174741351033,16.167426458054,0.0811683665679613,26,"1_JU3237_0.125",NA,NA,NA,NA,NA,"1",756.836909183482,-523.261198632198
"20250619-CbDRC4-p005-m2x_C10_roi_0.png",20250619,"CbDRC4","p005","m2x","C10",0,237.140832625915,13.5374123400146,"","48h",10,"15hHB101","DMSO",1,"MOXIDECTIN",0.25,NA,NA,"JU3237",1,NA,NA,NA,238.807598293463,201.670465143001,208.847982957406,229.557663300191,240.225069045269,22.0843968951359,249.362722258292,253.379589115037,308.604993373702,0.0924777814983805,14.1108770095436,9.2256783392789,12.8913338381454,13.5845828546134,14.403644786336,1.36830113516074,14.787118472403,15.6372872165132,15.7745041770433,0.0969678308609251,26,"1_JU3237_0.25",NA,NA,NA,NA,NA,"1",756.836909183482,-516.611840138213
"20250619-CbDRC4-p005-m2x_C11_roi_0.png",20250619,"CbDRC4","p005","m2x","C11",0,240.982522987878,15.564816486441,"","48h",10,"15hHB101","DMSO",1,"MOXIDECTIN",0.5,NA,NA,"JU3237",1,NA,NA,NA,224.640103352343,157.136621369522,204.120952385443,211.307966729347,222.281699925827,26.2614669173414,234.812126912857,246.854616267594,309.723949466272,0.116904624443441,14.1240935762179,9.14883704668405,12.6037278446655,13.3891160693511,14.213866870024,1.54056683650173,14.9589317098206,15.6826378350674,17.2952343317299,0.109073678122306,37,"1_JU3237_0.5",NA,NA,NA,NA,NA,"1",756.836909183482,-534.555209257655
"20250619-CbDRC4-p005-m2x_D01_roi_0.png",20250619,"CbDRC4","p005","m2x","D01",0,813.895505688899,38.7990889799551,"","48h",10,"15hHB101","DMSO",1,"MOXIDECTIN",0,NA,NA,"NIC1667",1,NA,NA,NA,749.014224330237,667.001625248064,701.984668521427,732.278188422544,751.316504651015,35.9271160142733,765.657775429207,801.285027259714,813.895505688899,0.0479658661307788,37.5358616766479,29.8951980023557,31.680941671984,36.249844658042,38.5320179104778,2.98380999122612,39.4608878756749,40.1632186555067,40.7463135871653,0.0794922470923967,32,"1_NIC1667_0",NA,NA,NA,NA,NA,"1",774.728395535816,-23.4118908848005
"20250619-CbDRC4-p005-m2x_D02_roi_0.png",20250619,"CbDRC4","p005","m2x","D02",0,779.458628198641,39.7154458606548,"","48h",10,"15hHB101","DMSO",1,"MOXIDECTIN",0.00097,NA,NA,"NIC1667",1,NA,NA,NA,758.887712477611,706.863196915775,719.678513719248,741.640615964521,758.099642746612,28.984079761498,781.412200852168,792.689830196717,825.884574334684,0.0381928436644085,37.6936336025206,34.946125624283,35.9216639900394,36.4798371569212,37.3720220673964,1.68336240437385,38.8725717984346,40.355914499756,41.1155595661876,0.0446590642368127,34,"1_NIC1667_0.00097",NA,NA,NA,"outlier","outlier","1",774.728395535816,-16.6287527892035
"20250619-CbDRC4-p005-m2x_D03_roi_0.png",20250619,"CbDRC4","p005","m2x","D03",0,737.400350117154,36.418101795721,"","48h",10,"15hHB101","DMSO",1,"MOXIDECTIN",0.0019,NA,NA,"NIC1667",1,NA,NA,NA,741.702225376426,224.819250368088,725.177206308476,735.633528084772,753.835457875584,97.990428394761,773.074804076809,798.331617029692,813.770509260187,0.132115591732288,36.4861240213347,15.5999293312285,34.715269475755,36.0110212413911,36.837111615194,4.32954455902635,38.3866258535185,39.2357961184762,43.1440292561694,0.118662770441024,32,"1_NIC1667_0.0019",NA,NA,NA,"outlier","outlier","1",774.728395535816,-20.8929376602317
"20250619-CbDRC4-p005-m2x_D04_roi_0.png",20250619,"CbDRC4","p005","m2x","D04",0,781.517944202685,37.8799064160068,"","48h",10,"15hHB101","DMSO",1,"MOXIDECTIN",0.0039,NA,NA,"NIC1667",1,NA,NA,NA,748.793787524452,681.130642627474,706.799245248016,730.362095397411,757.409442828003,29.0676793270321,770.479076825525,781.640200115686,788.571085147082,0.0388193382628497,36.8655726278248,32.5560749241189,33.4862752610415,35.1448558644641,37.4187701455404,2.17562438702489,38.5016548520787,39.271559148474,40.4661821133518,0.0590150710254478,30,"1_NIC1667_0.0039",NA,NA,NA,NA,NA,"1",774.728395535816,-17.3189527078122
"20250619-CbDRC4-p005-m2x_D06_roi_0.png",20250619,"CbDRC4","p005","m2x","D06",0,454.076166331092,21.8009536255952,"","48h",10,"15hHB101","DMSO",1,"MOXIDECTIN",0.0156,NA,NA,"NIC1667",1,NA,NA,NA,398.185161235699,301.192467121349,340.775077647181,358.191618911328,377.07157057422,77.6032179271239,416.745283424948,475.577404771554,661.667287572308,0.194892290024811,19.1609692775781,15.4821195445765,17.1379606104188,17.923965256729,18.6528706994308,2.42420424818837,19.4632029576108,21.7176446568498,28.8383908519677,0.126517829712568,34,"1_NIC1667_0.0156",NA,NA,NA,NA,NA,"1",774.728395535816,-397.656824961595
"20250619-CbDRC4-p005-m2x_D07_roi_0.png",20250619,"CbDRC4","p005","m2x","D07",0,276.38156979321,16.0103112664616,"","48h",10,"15hHB101","DMSO",1,"MOXIDECTIN",0.03125,NA,NA,"NIC1667",1,NA,NA,NA,285.035692398632,252.152545401698,264.575203200711,270.726663099613,284.092071728878,20.3506082792073,295.417541469423,318.044046374425,325.857572244479,0.0713967016128851,16.0621014280077,14.3295458560539,14.7392701371595,15.4356816753146,16.2497490873689,0.91334357708177,16.7082856123126,16.874862383815,17.7109577675881,0.0568632679338684,23,"1_NIC1667_0.03125",NA,NA,NA,NA,NA,"1",774.728395535816,-490.636323806937
"20250619-CbDRC4-p005-m2x_D09_roi_0.png",20250619,"CbDRC4","p005","m2x","D09",0,250.008559616886,13.5988494072502,"","48h",10,"15hHB101","DMSO",1,"MOXIDECTIN",0.125,NA,NA,"NIC1667",1,NA,NA,NA,249.089604694208,190.220765062937,224.568821820201,232.6594064101,242.047909562109,41.2282395088995,255.519130231844,264.313709768575,472.617538578627,0.16551569688953,14.5601952921807,13.315137908,13.7712108804035,14.1775095261351,14.4058233966177,0.691619881818026,14.817984456386,15.5821265824169,16.7345824815049,0.0475007283857963,38,"1_NIC1667_0.125",NA,NA,NA,NA,NA,"1",774.728395535816,-532.680485973706
"20250619-CbDRC4-p005-m2x_D10_roi_0.png",20250619,"CbDRC4","p005","m2x","D10",0,268.452112735529,14.3030325511973,"","48h",10,"15hHB101","DMSO",1,"MOXIDECTIN",0.25,NA,NA,"NIC1667",1,NA,NA,NA,236.512038592768,193.373523197586,219.355286864454,226.995207751476,233.987172844114,17.9127144887211,250.009736505881,260.460226391826,268.452112735529,0.0757370093941121,14.1012312354065,10.2407941396809,13.1549785086399,13.5410172097056,14.3030325511973,1.31234097426102,14.9621723802178,15.1434545904453,15.7119727604946,0.0930657013102437,21,"1_NIC1667_0.25",NA,NA,NA,NA,NA,"1",774.728395535816,-540.741222691702
"20250619-CbDRC4-p005-m2x_D11_roi_0.png",20250619,"CbDRC4","p005","m2x","D11",0,223.301059031426,14.8760947749937,"","48h",10,"15hHB101","DMSO",1,"MOXIDECTIN",0.5,NA,NA,"NIC1667",1,NA,NA,NA,222.963634559313,155.188536483566,185.287044419407,209.643189786347,229.514973176772,31.8018154098484,241.092607422649,248.011091881312,279.619243236538,0.142632297292357,14.5685707795035,13.1170266833816,13.422174054322,13.8003379043799,14.3304569348037,1.31266872959157,14.8310159363203,15.8936463678323,18.165440903888,0.0901027801188545,14,"1_NIC1667_0.5",NA,NA,NA,NA,NA,"1",774.728395535816,-545.213422359043
"20250619-CbDRC4-p005-m2x_D12_roi_0.png",20250619,"CbDRC4","p005","m2x","D12",0,236.499873867219,14.4724722956607,"","48h",10,"15hHB101","DMSO",1,"MOXIDECTIN",1,NA,NA,"NIC1667",1,NA,NA,NA,222.52141277251,97.8533048973715,187.222530684356,214.125879287619,222.417569480408,52.5709907208253,232.94749047201,247.850979350245,360.037379117451,0.23625137943273,15.0089595230688,12.7581084554889,13.5437595150363,14.2023114509992,14.8319198446932,1.59638030018412,15.5450680524613,16.1750906996856,19.5927916858585,0.106361823264996,15,"1_NIC1667_1",NA,NA,NA,NA,NA,"1",774.728395535816,-552.310826055408
"20250619-CbDRC4-p005-m2x_E01_roi_0.png",20250619,"CbDRC4","p005","m2x","E01",0,831.875185413523,38.153368299555,"","48h",10,"15hHB101","DMSO",1,"MOXIDECTIN",0,NA,NA,"VX34",1,NA,NA,NA,824.875257237172,735.513860548029,797.760987727037,806.141049799857,815.281359141311,38.98911820613,828.41087846436,882.816416491417,922.970660028422,0.0472666841004781,38.6200981473657,36.273710133758,36.9770601407611,37.85468908374,38.5994490811324,1.26741815929177,39.3419419165658,40.2660521731596,41.4748568387975,0.0328175799671865,28,"1_VX34_0",NA,NA,NA,NA,NA,"1",841.848651392647,-26.567292251336
"20250619-CbDRC4-p005-m2x_E02_roi_0.png",20250619,"CbDRC4","p005","m2x","E02",0,827.027656326456,37.9959180009566,"","48h",10,"15hHB101","DMSO",1,"MOXIDECTIN",0.00097,NA,NA,"VX34",1,NA,NA,NA,794.809314057448,140.725035690638,778.848730667302,787.705370732836,801.182708557394,128.037527794277,837.215981203057,852.88457480184,975.560784888723,0.161092133081146,37.4695335112036,13.7526933177142,36.6047637714236,37.0421577646606,37.9324890882726,4.52074516736959,39.3821081069615,40.0003445902408,40.5990780705003,0.120651226309446,32,"1_VX34_0.00097",NA,NA,NA,NA,NA,"1",841.848651392647,-40.6659428352526
"20250619-CbDRC4-p005-m2x_E03_roi_0.png",20250619,"CbDRC4","p005","m2x","E03",0,798.921572126911,37.0579947973049,"","48h",10,"15hHB101","DMSO",1,"MOXIDECTIN",0.0019,NA,NA,"VX34",1,NA,NA,NA,787.754454444691,510.863129918375,713.470747113928,773.080836415794,800.462066847626,76.8815016641876,828.618826465221,865.083718305105,883.772062578556,0.0975957688723999,38.1888316959062,33.0513060790391,35.7203285963619,36.8835424920407,38.0500812490641,2.36849518060753,39.120956315029,40.0615813741091,45.3848889538802,0.0620206242355782,32,"1_VX34_0.0019",NA,NA,NA,NA,NA,"1",841.848651392647,-41.3865845450206
"20250619-CbDRC4-p005-m2x_E04_roi_0.png",20250619,"CbDRC4","p005","m2x","E04",0,845.384131414279,38.4933416247539,"","48h",10,"15hHB101","DMSO",1,"MOXIDECTIN",0.0039,NA,NA,"VX34",1,NA,NA,NA,782.659481094378,471.803435579982,696.308020518224,773.062564089317,807.977862879316,91.3613755833963,827.982274560343,850.505534077953,894.489461438352,0.116731960437823,36.2787273573358,26.6864988563371,30.9588013895382,35.4720530793811,36.9580495152643,3.2663686251741,38.6213191208072,39.4655753135214,41.4541965647894,0.0900353695707471,39,"1_VX34_0.0039",NA,NA,NA,"outlier","outlier","1",841.848651392647,-33.8707885133308
"20250619-CbDRC4-p005-m2x_E06_roi_0.png",20250619,"CbDRC4","p005","m2x","E06",0,464.399136353867,22.4939354924777,"","48h",10,"15hHB101","DMSO",1,"MOXIDECTIN",0.0156,NA,NA,"VX34",1,NA,NA,NA,391.642470628922,342.19290465388,355.385667494334,365.554272806445,384.449704890463,41.7972167689487,392.798432199222,457.091241825915,525.838988198721,0.106722891166089,19.7464752935076,15.4895929982299,17.1221831689359,18.9316846202497,19.8271915789682,2.19468057121239,20.1510757825964,22.4191709084386,25.2266780248312,0.111142902142843,26,"1_VX34_0.0156",NA,NA,NA,NA,NA,"1",841.848651392647,-457.398946502184
"20250619-CbDRC4-p005-m2x_E07_roi_0.png",20250619,"CbDRC4","p005","m2x","E07",0,298.418983784395,15.3290856378145,"","48h",10,"15hHB101","DMSO",1,"MOXIDECTIN",0.03125,NA,NA,"VX34",1,NA,NA,NA,275.280918681077,35.7726923836502,224.050254311792,256.258267595835,284.608482920363,73.1910961834557,306.202774984143,317.971345271377,473.897438766629,0.265877840477023,18.349868602952,14.3010327942827,15.1425690329634,15.3469031974741,16.0049106010541,10.0791013272614,16.6497509175173,18.0065855240278,64.0092828968847,0.549273760229541,23,"1_VX34_0.03125",NA,NA,NA,NA,NA,"1",841.848651392647,-557.240168472284
"20250619-CbDRC4-p005-m2x_E08_roi_1.png",20250619,"CbDRC4","p005","m2x","E08",1,256.222230286236,13.0251564517424,"","48h",10,"15hHB101","DMSO",1,"MOXIDECTIN",0.0625,NA,NA,"VX34",1,NA,NA,NA,251.226811156948,226.280301733654,228.829902806611,237.602695660489,250.27589205928,17.2443585229679,262.247280835178,274.941680490822,282.176651637448,0.068640597886644,14.9369877269764,13.0251564517424,13.5800532649912,14.5022242678922,15.1064940872216,0.952821584122036,15.6989675740834,16.0119844078785,16.4731662828009,0.0637894066419582,23,"1_VX34_0.0625",NA,NA,NA,NA,NA,"1",841.848651392647,-591.572759333367
"20250619-CbDRC4-p005-m2x_E09_roi_0.png",20250619,"CbDRC4","p005","m2x","E09",0,212.847970292794,15.1363839375239,"","48h",10,"15hHB101","DMSO",1,"MOXIDECTIN",0.125,NA,NA,"VX34",1,NA,NA,NA,233.083257731134,190.137932804579,204.887050519085,214.062371841241,234.900646535144,22.7054709967691,251.767124494119,260.729061426967,269.4622573406,0.097413564654053,14.2882991378127,12.2597057988881,12.7885238794487,13.4920054176857,14.1935543228712,1.12413130257162,15.1211195398749,15.5489891513796,16.3443231904743,0.0786749557612991,28,"1_VX34_0.125",NA,NA,NA,NA,NA,"1",841.848651392647,-606.948004857503
"20250619-CbDRC4-p005-m2x_E10_roi_0.png",20250619,"CbDRC4","p005","m2x","E10",0,227.285130198236,14.1386069035711,"","48h",10,"15hHB101","DMSO",1,"MOXIDECTIN",0.25,NA,NA,"VX34",1,NA,NA,NA,210.312291205727,120.450605124784,160.256939941059,205.752116311537,221.364484248417,35.5392880134427,230.898233442913,242.425777432186,249.141147996964,0.168983409432206,14.5402719453606,9.32377885111151,13.0110419546151,13.9957901931549,14.5446771140791,1.8650106311261,15.1564382926126,16.259566390809,18.4983094250442,0.12826518225618,18,"1_VX34_0.25",NA,NA,NA,NA,NA,"1",841.848651392647,-620.48416714423
"20250619-CbDRC4-p005-m2x_E11_roi_0.png",20250619,"CbDRC4","p005","m2x","E11",0,219.015424242502,14.000157383506,"","48h",10,"15hHB101","DMSO",1,"MOXIDECTIN",0.5,NA,NA,"VX34",1,NA,NA,NA,218.054067146032,176.921028413601,206.991350699564,210.534561901397,219.015424242502,14.8716133657364,227.413081168702,229.476348788307,250.945070802638,0.0682014949795766,13.5940098630356,11.2147123953804,11.7863192022141,13.0977060645453,13.9119670109517,1.18455304673889,14.358303321463,15.021865540623,15.1273822499212,0.0871378687137697,19,"1_VX34_0.5",NA,NA,NA,NA,NA,"1",841.848651392647,-622.833227150145
"20250619-CbDRC4-p005-m2x_E12_roi_0.png",20250619,"CbDRC4","p005","m2x","E12",0,210.593544422722,13.74825154077,"","48h",10,"15hHB101","DMSO",1,"MOXIDECTIN",1,NA,NA,"VX34",1,NA,NA,NA,213.287174378856,178.90272828905,187.410754829342,202.96602970961,210.593544422722,20.207618943643,223.658107624957,236.249755673973,249.905632578304,0.0947437135050083,14.4202737772201,13.3189513960424,13.5006269370218,13.74825154077,14.4182584647794,0.829102279880513,14.5468940331598,15.5690913954442,16.0974721109493,0.0574955990912084,13,"1_VX34_1",NA,NA,NA,NA,NA,"1",841.848651392647,-631.255106969925
"20250619-CbDRC4-p005-m2x_F01_roi_0.png",20250619,"CbDRC4","p005","m2x","F01",0,765.873677930792,35.6859296696882,"","48h",10,"15hHB101","DMSO",1,"MOXIDECTIN",0,NA,NA,"ECA2666",1,NA,NA,NA,735.281877175544,326.667874635754,704.248575214097,719.512214952855,746.942379343872,81.9817606370792,775.270929767894,788.992474449644,827.251935998879,0.111497050562429,34.6080363765051,16.1854074105331,32.8884042330842,33.4878997572802,34.7975444892214,3.94262988182786,35.7549000851055,37.9257246116404,41.1308322015049,0.113922380308883,32,"1_ECA2666_0",NA,NA,NA,"outlier","outlier","1",777.986030494324,-31.043651150452
"20250619-CbDRC4-p005-m2x_F02_roi_0.png",20250619,"CbDRC4","p005","m2x","F02",0,734.741465389914,33.8970410124222,"","48h",10,"15hHB101","DMSO",1,"MOXIDECTIN",0.00097,NA,NA,"ECA2666",1,NA,NA,NA,749.364887489725,344.848056398415,716.739427319425,746.398673618832,763.159551316318,77.7323105472209,778.973885059252,799.533057951783,809.734251135697,0.103730921804482,34.7895654835521,19.0901924734542,32.8801550434528,33.6058312732806,35.3314463889722,3.44115738774839,36.346290902463,38.0495811473115,39.3656185009749,0.0989134914425794,34,"1_ECA2666_0.00097",NA,NA,NA,NA,NA,"1",777.986030494324,-14.8264791780057
"20250619-CbDRC4-p005-m2x_F03_roi_0.png",20250619,"CbDRC4","p005","m2x","F03",0,731.603691108706,34.065026117635,"","48h",10,"15hHB101","DMSO",1,"MOXIDECTIN",0.0019,NA,NA,"ECA2666",1,NA,NA,NA,738.94384010522,640.047989794737,691.173432084855,714.293127833959,740.641911225424,37.1260484032315,769.16382077752,783.146015830573,800.847929190436,0.0502420432897107,34.5985815835247,29.2074080128393,30.8754160791189,33.4468317089514,34.8523408257593,2.49546389222787,36.7808630547964,37.4637930835953,38.8806227166925,0.0721261906706652,41,"1_ECA2666_0.0019",NA,NA,NA,"outlier","outlier","1",777.986030494324,-37.3441192688998
"20250619-CbDRC4-p005-m2x_F06_roi_0.png",20250619,"CbDRC4","p005","m2x","F06",0,378.839980059385,20.6718666114054,"","48h",10,"15hHB101","DMSO",1,"MOXIDECTIN",0.0156,NA,NA,"ECA2666",1,NA,NA,NA,349.46099399054,264.801033397733,316.491731524865,331.989464049123,348.649915426347,31.0573683905217,375.180515590838,384.737332677671,401.800493089821,0.0888722029771438,18.1445730722203,15.4256684464911,16.4011393741822,17.5527271442954,18.1313170051041,1.36366250377776,18.6566744936101,20.0417940015959,21.0422992875944,0.0751553921026422,30,"1_ECA2666_0.0156",NA,NA,NA,NA,NA,"1",777.986030494324,-429.336115067977
"20250619-CbDRC4-p005-m2x_F07_roi_0.png",20250619,"CbDRC4","p005","m2x","F07",0,269.215199074508,17.0682099850972,"","48h",10,"15hHB101","DMSO",1,"MOXIDECTIN",0.03125,NA,NA,"ECA2666",1,NA,NA,NA,276.609357010418,189.076180483991,230.005921747521,269.2127978711,288.007774223937,33.0107371655602,300.673883835866,302.094728219382,310.613532731628,0.119340638083754,15.3915708954175,13.6860628995848,14.0393399601924,14.2518185855093,15.3284457199767,1.21007011247672,16.7501474129702,17.0515859163546,17.2297722284497,0.0786190130103607,21,"1_ECA2666_0.03125",NA,NA,NA,NA,NA,"1",777.986030494324,-489.978256270387
"20250619-CbDRC4-p005-m2x_F08_roi_0.png",20250619,"CbDRC4","p005","m2x","F08",0,272.962423263423,14.5656143747645,"","48h",10,"15hHB101","DMSO",1,"MOXIDECTIN",0.0625,NA,NA,"ECA2666",1,NA,NA,NA,241.622421219627,181.247319007578,215.578723444738,229.828775231889,244.52222907948,24.1019505819374,254.952121700426,268.673028385286,290.539111235413,0.0997504720806912,14.2568329087107,12.5100651635716,12.6936617008048,13.5539640423547,14.4938425829448,1.02390434752734,15.1769757600781,15.4775567150183,15.6738096305197,0.0718184995281637,20,"1_ECA2666_0.0625",NA,NA,NA,NA,NA,"1",777.986030494324,-533.463801414844
"20250619-CbDRC4-p005-m2x_F09_roi_0.png",20250619,"CbDRC4","p005","m2x","F09",0,204.697427502451,13.6720316620514,"","48h",10,"15hHB101","DMSO",1,"MOXIDECTIN",0.125,NA,NA,"ECA2666",1,NA,NA,NA,242.041133403062,128.04668951211,200.057337017002,207.685154014982,224.450954833828,103.524734926141,235.660292938337,252.773062181297,640.85778489302,0.427715460883029,14.8500745524544,11.9158038699218,13.1719628303614,13.60810046828,13.8723691628727,4.15341790154354,14.4689823094141,14.9275114350136,31.202200842589,0.279690037034667,18,"1_ECA2666_0.125",NA,NA,NA,NA,NA,"1",777.986030494324,-553.535075660496
"20250619-CbDRC4-p005-m2x_F10_roi_0.png",20250619,"CbDRC4","p005","m2x","F10",0,218.260222527219,14.0283501148226,"","48h",10,"15hHB101","DMSO",1,"MOXIDECTIN",0.25,NA,NA,"ECA2666",1,NA,NA,NA,202.522624307979,131.731932724909,171.065229293064,178.153762921922,208.524142452049,31.9289424538166,222.538782542721,230.235833636196,260.616378939817,0.157656175762674,13.7773119470176,11.6177615345748,12.3132931280774,13.5057170099358,13.8751243487238,1.04633986970555,14.2911007833888,15.0625691930343,15.328958672476,0.0759465905780013,15,"1_ECA2666_0.25",NA,NA,NA,NA,NA,"1",777.986030494324,-569.461888042275
"20250619-CbDRC4-p005-m2x_F11_roi_0.png",20250619,"CbDRC4","p005","m2x","F11",0,226.633346454564,12.8882277079796,"","48h",10,"15hHB101","DMSO",1,"MOXIDECTIN",0.5,NA,NA,"ECA2666",1,NA,NA,NA,209.086256274814,179.951127796994,188.862333274343,196.417359071429,210.189086101941,16.3053229435592,225.687986628562,228.154735251565,232.756789126675,0.0779837146355915,13.8946427733719,12.6498326339653,12.8335982229904,13.3872759949163,14.0436303412217,0.711438535691367,14.4403653730863,14.586878295173,14.8721231719602,0.0512023624712965,18,"1_ECA2666_0.5",NA,NA,NA,NA,NA,"1",777.986030494324,-567.796944392383
"20250619-CbDRC4-p005-m2x_F12_roi_0.png",20250619,"CbDRC4","p005","m2x","F12",0,235.022992372477,13.6456720649287,"","48h",10,"15hHB101","DMSO",1,"MOXIDECTIN",1,NA,NA,"ECA2666",1,NA,NA,NA,204.095087155108,154.763371087446,184.901703031743,195.545422018965,206.914031751357,18.3486463288905,215.842058746668,225.567426057549,235.022992372477,0.0899024400080046,14.1734554032437,11.4599679784093,12.6782205856767,13.6851603497412,14.3007397580395,1.19562301627479,14.8267830340188,15.4666900767759,16.3369892892511,0.0843564947472985,22,"1_ECA2666_1",NA,NA,NA,NA,NA,"1",777.986030494324,-571.071998742967
"20250619-CbDRC4-p006-m2x_A01_roi_0.png",20250619,"CbDRC4","p006","m2x","A01",0,799.123899368754,39.3260209569659,"","48h",10,"15hHB101","DMSO",1,"MOXIDECTIN",0,NA,NA,"PB420",1,NA,NA,NA,766.518212164063,512.042750963938,731.261585945672,749.081566120697,767.529231068307,47.4582399255494,792.007645210648,811.486103577526,879.51354377483,0.0619140408830776,39.0244209641694,23.0539954901133,36.5141405517024,37.3641738791994,38.9537063599472,3.36157193962282,40.5206374189269,41.5022532684065,46.3689902136481,0.0861402131426697,56,"1_PB420_0",NA,NA,NA,NA,NA,"1",758.846883086449,8.68234798185836
"20250619-CbDRC4-p006-m2x_A02_roi_0.png",20250619,"CbDRC4","p006","m2x","A02",0,782.451608666372,37.9045768047983,"","48h",10,"15hHB101","DMSO",1,"MOXIDECTIN",0.00097,NA,NA,"PB420",1,NA,NA,NA,770.819716436984,699.131817512014,714.042210358097,747.235938593821,766.974608551879,41.1123296037395,797.437091175588,824.54004631155,887.287276440057,0.0533358562671126,38.6846065180812,35.1595542645712,36.4308270066154,37.6508900811158,38.3304010370585,1.95898453001447,39.6847370096846,41.684412000864,44.1544147833554,0.0506398980457212,52,"1_PB420_0.00097",NA,NA,NA,NA,NA,"1",758.846883086449,8.1277254654301
"20250619-CbDRC4-p006-m2x_A03_roi_0.png",20250619,"CbDRC4","p006","m2x","A03",0,765.991760551541,36.3129245360199,"","48h",10,"15hHB101","DMSO",1,"MOXIDECTIN",0.0019,NA,NA,"PB420",1,NA,NA,NA,771.425183209058,480.034768098288,725.59675727585,751.621250798813,774.306884767195,60.3914622214392,796.836349071073,820.788579712771,940.611674314109,0.0782855726464831,38.2524801850375,29.5705604258023,36.1792514435821,37.330443820536,38.7317232827807,2.24177089757697,39.6691791822772,40.4127322383132,41.9935910957215,0.0586045894732295,49,"1_PB420_0.0019",NA,NA,NA,NA,NA,"1",758.846883086449,15.4600016807461
"20250619-CbDRC4-p006-m2x_A04_roi_0.png",20250619,"CbDRC4","p006","m2x","A04",0,773.866735264878,36.9010515787486,"","48h",10,"15hHB101","DMSO",1,"MOXIDECTIN",0.0039,NA,NA,"PB420",1,NA,NA,NA,765.717404234328,709.668156068113,733.544138270363,746.969811123524,767.642589479213,26.3087111143425,778.681320294148,792.600048167548,844.766859448129,0.0343582514500237,37.7932700074615,33.5700706260019,35.4722702622679,36.9130324864908,37.605987148823,1.79929182988671,38.885435754751,40.0356390658042,42.6514807051981,0.047608789330256,55,"1_PB420_0.0039",NA,NA,NA,NA,NA,"1",758.846883086449,8.79570639276449
"20250619-CbDRC4-p006-m2x_A05_roi_0.png",20250619,"CbDRC4","p006","m2x","A05",0,693.385282124036,28.485160826431,"","48h",10,"15hHB101","DMSO",1,"MOXIDECTIN",0.0078,NA,NA,"PB420",1,NA,NA,NA,771.866187273763,601.041998741992,728.118849155577,749.190839381973,775.28702393298,42.5571072582045,797.562700853699,810.335827719185,875.170770893693,0.0551353433533817,37.2243954381526,28.485160826431,34.5018873483345,36.290597311156,37.488862007881,2.54552646781667,38.5520341415742,40.0088603253508,42.2655000851769,0.0683832856881719,57,"1_PB420_0.0078",NA,NA,NA,NA,NA,"1",758.846883086449,16.4401408465312
"20250619-CbDRC4-p006-m2x_A06_roi_0.png",20250619,"CbDRC4","p006","m2x","A06",0,487.51069563613,22.0210461783306,"","48h",10,"15hHB101","DMSO",1,"MOXIDECTIN",0.0156,NA,NA,"PB420",1,NA,NA,NA,340.903844704628,128.550939440252,262.591033840988,322.783816402309,349.582324867359,71.0064813349855,369.018807401143,409.760879572947,487.51069563613,0.208288883912436,18.3128185558286,10.9889263440188,15.8521277933438,17.2288962901407,18.1714754659325,2.33525969626364,19.3923298012726,20.8589794193648,24.3285667294036,0.127520495501244,35,"1_PB420_0.0156",NA,NA,NA,NA,NA,"1",758.846883086449,-409.26455821909
"20250619-CbDRC4-p006-m2x_A08_roi_0.png",20250619,"CbDRC4","p006","m2x","A08",0,237.050858476522,14.0143913273252,"","48h",10,"15hHB101","DMSO",1,"MOXIDECTIN",0.0625,NA,NA,"PB420",1,NA,NA,NA,257.092527569361,101.738875832359,218.781642155335,225.269674426307,241.148252302211,109.084942756932,254.84598530519,272.668624021858,976.471466064285,0.424302268868948,15.7044380885931,12.5611930138228,13.9143099808944,14.2914242364341,14.6972109569811,4.96706097575857,15.2756024216672,16.0496180190471,42.1377507508751,0.316283903170428,50,"1_PB420_0.0625",NA,NA,NA,NA,NA,"1",758.846883086449,-517.698630784238
"20250619-CbDRC4-p006-m2x_A09_roi_0.png",20250619,"CbDRC4","p006","m2x","A09",0,246.559497149668,15.5028308410453,"","48h",10,"15hHB101","DMSO",1,"MOXIDECTIN",0.125,NA,NA,"PB420",1,NA,NA,NA,233.25240167967,173.505970197503,201.960141414692,214.694989425962,231.765133274988,30.3045511971144,246.54020144361,261.567721633452,338.266518121137,0.129921711325966,14.8015129488964,12.8516172824121,13.4390557994538,13.900966750088,14.5501138315566,1.43083955980239,15.2294190841602,15.936375235077,20.5887965516275,0.096668466577876,45,"1_PB420_0.125",NA,NA,NA,NA,NA,"1",758.846883086449,-527.081749811461
"20250619-CbDRC4-p006-m2x_A10_roi_0.png",20250619,"CbDRC4","p006","m2x","A10",0,250.518623598027,13.8381358718273,"","48h",10,"15hHB101","DMSO",1,"MOXIDECTIN",0.25,NA,NA,"PB420",1,NA,NA,NA,231.949138160351,179.654796181689,211.657385409661,216.856377856929,227.987141333819,29.8400945065239,241.485564551557,252.024351964646,348.826825237908,0.128649301063127,14.6698283624269,12.6370524926497,13.5005835084092,13.7573074311098,14.3775442643006,1.9778716309862,14.9320577789352,15.3894839885243,23.6650303460699,0.134825819506656,28,"1_PB420_0.25",NA,NA,NA,NA,NA,"1",758.846883086449,-530.85974175263
"20250619-CbDRC4-p006-m2x_A12_roi_0.png",20250619,"CbDRC4","p006","m2x","A12",0,202.397146900599,14.7314569552231,"","48h",10,"15hHB101","DMSO",1,"MOXIDECTIN",1,NA,NA,"PB420",1,NA,NA,NA,208.48898916763,121.170249452019,175.681286381047,187.824303700856,208.123220508868,49.7529712801688,222.224691111249,249.48599500996,365.380992647067,0.238635965759162,14.7439180665086,10.993504558089,13.5045299090699,13.9603645824874,14.2529294364932,2.156881808672,14.7314569552231,16.84721802159,22.3548694916441,0.146289595407577,21,"1_PB420_1",NA,NA,NA,NA,NA,"1",758.846883086449,-550.723662577581
"20250619-CbDRC4-p006-m2x_B01_roi_0.png",20250619,"CbDRC4","p006","m2x","B01",0,846.934427239966,43.1715367039695,"","48h",10,"15hHB101","DMSO",1,"MOXIDECTIN",0,NA,NA,"ED3102",1,NA,NA,NA,871.28017974055,700.884518065357,799.539890693234,830.893693208644,885.775065589686,61.4345703722189,903.953310787674,933.321955855898,1025.92116422718,0.0705106942642869,43.3200586168464,28.7232316807317,39.4453078627117,41.1890629082433,43.7455425368018,3.81906230087055,45.2344572406961,47.4939161322758,54.0287348792042,0.0881592136023884,44,"1_ED3102_0",NA,NA,NA,NA,NA,"1",850.390521362296,35.3845442273897
"20250619-CbDRC4-p006-m2x_B02_roi_0.png",20250619,"CbDRC4","p006","m2x","B02",0,929.522266513375,44.6160893222467,"","48h",10,"15hHB101","DMSO",1,"MOXIDECTIN",0.00097,NA,NA,"ED3102",1,NA,NA,NA,881.009312072341,780.073680283063,815.071698911926,857.992713545875,892.444553816908,45.0117369364149,909.4868699954,932.410181799316,953.943316925572,0.0510911023522972,44.5852209498285,38.2749291931407,40.1538635212525,42.4432594230982,45.1940405948247,3.00770007622553,46.3851816769691,48.0287052151006,49.7569684073103,0.0674595754411554,43,"1_ED3102_0.00097",NA,NA,NA,NA,NA,"1",850.390521362296,42.0540324546114
"20250619-CbDRC4-p006-m2x_B03_roi_0.png",20250619,"CbDRC4","p006","m2x","B03",0,800.155539868416,40.1968456096045,"","48h",10,"15hHB101","DMSO",1,"MOXIDECTIN",0.0019,NA,NA,"ED3102",1,NA,NA,NA,872.146724088588,761.363101609067,797.344159328929,838.159723292285,880.923910028355,50.9620650870305,908.329490026015,933.68985900451,965.824803257621,0.0584329031795503,42.5907103421496,36.3514156410085,39.3765183533658,40.9745720682578,42.4838608205133,2.66676376026275,44.1551384138593,45.6621120321267,50.8867695169132,0.0626137422653785,50,"1_ED3102_0.0019",NA,NA,NA,NA,NA,"1",850.390521362296,30.5333886660586
"20250619-CbDRC4-p006-m2x_B04_roi_0.png",20250619,"CbDRC4","p006","m2x","B04",0,785.39624661129,36.1925075475736,"","48h",10,"15hHB101","DMSO",1,"MOXIDECTIN",0.0039,NA,NA,"ED3102",1,NA,NA,NA,865.983968209658,696.42452364164,793.343074341969,827.727789458014,873.461472977331,58.1431128032149,908.576615646835,927.282485717856,974.32805046233,0.0671410960683492,42.455723197886,36.1925075475736,39.1493822968977,40.0538851262152,42.3433157363758,2.91732413552676,44.4280468655029,46.7721566020877,48.5702632043947,0.0687145080989226,63,"1_ED3102_0.0039",NA,NA,NA,NA,NA,"1",850.390521362296,23.0709516150346
"20250619-CbDRC4-p006-m2x_B05_roi_0.png",20250619,"CbDRC4","p006","m2x","B05",0,857.603863608563,41.5775165642965,"","48h",10,"15hHB101","DMSO",1,"MOXIDECTIN",0.0078,NA,NA,"ED3102",1,NA,NA,NA,847.878202792007,579.452279473148,705.841354171553,819.477003686039,869.745723214499,91.5740709710827,906.316028243028,927.675643194197,1007.95500917548,0.10800380369437,40.0120689705042,27.9610479792549,33.784997263163,39.0303934550451,40.4786449985893,4.25520140392135,42.2491781332591,44.4023778994909,47.8856447468362,0.106347947342043,46,"1_ED3102_0.0078",NA,NA,NA,NA,NA,"1",850.390521362296,19.3552018522023
"20250619-CbDRC4-p006-m2x_B06_roi_0.png",20250619,"CbDRC4","p006","m2x","B06",0,428.328400695677,21.9120674671893,"","48h",10,"15hHB101","DMSO",1,"MOXIDECTIN",0.0156,NA,NA,"ED3102",1,NA,NA,NA,449.415801441742,284.253579301679,331.783565785373,363.982126581234,428.328400695677,117.565971447081,494.54929457078,599.808384804375,754.709819685856,0.261597324949247,22.1740061858022,16.4240724755487,17.6883031117707,18.6748012953099,21.2165883093247,4.96394476843267,23.7222705999242,27.4575103713017,38.3483811489806,0.223863235485658,45,"1_ED3102_0.0156",NA,NA,NA,NA,NA,"1",850.390521362296,-422.062120666619
"20250619-CbDRC4-p006-m2x_B07_roi_0.png",20250619,"CbDRC4","p006","m2x","B07",0,213.005887908804,14.636998336529,"","48h",10,"15hHB101","DMSO",1,"MOXIDECTIN",0.03125,NA,NA,"ED3102",1,NA,NA,NA,219.927124034587,129.653614548867,135.394279742742,213.005887908804,239.910704539092,46.5966667249184,249.92427492137,257.150775307694,280.530577622994,0.211873214499864,14.5987238302016,10.7383369164816,11.9303052900155,14.2500102340541,15.0630192278371,1.58780213373459,15.4700191378827,16.1020317252724,16.7541471022755,0.108763077663663,29,"1_ED3102_0.03125",NA,NA,NA,NA,NA,"1",850.390521362296,-610.479816823204
"20250619-CbDRC4-p006-m2x_B08_roi_0.png",20250619,"CbDRC4","p006","m2x","B08",0,239.821590459596,15.1850835052498,"","48h",10,"15hHB101","DMSO",1,"MOXIDECTIN",0.0625,NA,NA,"ED3102",1,NA,NA,NA,235.251735771111,139.358179477308,213.287209075659,225.361212256623,237.092314337967,24.6406370867074,248.980164355156,257.471874796075,291.448915835162,0.104741573982186,15.209440217346,12.8657024969398,13.8267002909612,14.4616282302822,15.1311814762585,1.25679363293375,15.6587782340657,16.4281113293303,19.589698295225,0.0826324713450272,46,"1_ED3102_0.0625",NA,NA,NA,NA,NA,"1",850.390521362296,-613.298207024329
"20250619-CbDRC4-p006-m2x_B09_roi_0.png",20250619,"CbDRC4","p006","m2x","B09",0,235.714313392039,14.2085126593355,"","48h",10,"15hHB101","DMSO",1,"MOXIDECTIN",0.125,NA,NA,"ED3102",1,NA,NA,NA,210.627667329411,128.396977595641,187.109775473054,201.42973969049,213.021988468148,26.6025789904917,227.115482322864,237.224781525735,252.991050854809,0.126301446186016,14.6559869295172,12.0315342185635,13.0496331780657,14.0333569464112,14.8400498546939,1.19318392167125,15.2216042842749,15.6512491714918,18.3760025655465,0.0814127310163039,34,"1_ED3102_0.125",NA,NA,NA,NA,NA,"1",850.390521362296,-637.368532894149
"20250619-CbDRC4-p006-m2x_B10_roi_0.png",20250619,"CbDRC4","p006","m2x","B10",0,207.840013315865,14.0151707568136,"","48h",10,"15hHB101","DMSO",1,"MOXIDECTIN",0.25,NA,NA,"ED3102",1,NA,NA,NA,215.77500305062,89.2625023364477,181.722106008676,205.657915400129,216.186844698065,36.3266072471337,233.893807417093,251.8613527725,285.516003098918,0.168354103735601,14.6684288045763,8.86927260948756,13.4378018704428,14.0291313845802,14.8086255317205,1.43709486445823,15.2997377745211,16.2189052362606,17.3448480651891,0.097971969841097,34,"1_ED3102_0.25",NA,NA,NA,NA,NA,"1",850.390521362296,-634.203676664231
"20250619-CbDRC4-p006-m2x_B11_roi_0.png",20250619,"CbDRC4","p006","m2x","B11",0,186.079035656753,15.390690646344,"","48h",10,"15hHB101","DMSO",1,"MOXIDECTIN",0.5,NA,NA,"ED3102",1,NA,NA,NA,235.363319829488,151.246716012441,193.727714828589,211.866026960077,228.637381578072,71.6370157552818,245.567468875475,251.532458352204,623.992801817491,0.304367799566985,15.0607791100773,12.5956464408288,13.7427110951768,14.3316211025964,14.5848288122887,2.63932950600776,15.1252504161564,15.6338341545349,29.5433544687277,0.175245217177494,35,"1_ED3102_0.5",NA,NA,NA,NA,NA,"1",850.390521362296,-621.753139784225
"20250619-CbDRC4-p006-m2x_B12_roi_0.png",20250619,"CbDRC4","p006","m2x","B12",0,225.816210363173,15.0892277453161,"","48h",10,"15hHB101","DMSO",1,"MOXIDECTIN",1,NA,NA,"ED3102",1,NA,NA,NA,226.419003174337,149.591932455355,185.553504046312,214.069478157349,232.483918936367,31.9534507059713,244.199577912332,257.712081392029,306.840817473342,0.141125304227967,14.540065407021,12.3941987527353,13.5270439495988,14.0315571194484,14.3837088447104,0.962596536766817,14.9389316780788,15.9009929493053,17.0130470739383,0.0662030403454725,34,"1_ED3102_1",NA,NA,NA,"outlier","outlier","1",850.390521362296,-617.906602425929
"20250619-CbDRC4-p006-m2x_C01_roi_0.png",20250619,"CbDRC4","p006","m2x","C01",0,757.948625205359,38.8742772179469,"","48h",10,"15hHB101","DMSO",1,"MOXIDECTIN",0,NA,NA,"JU3237",1,NA,NA,NA,774.983556790685,697.04109953075,750.255151935088,766.714455621884,779.291967528071,22.3167119308804,787.022635262171,794.900781383709,826.011385870911,0.0287963683039895,40.8959432152191,36.4911847293765,38.2925345680909,39.5290906676958,40.5640927050736,2.32695633441682,42.1035824450081,44.4275159866239,45.7488482273926,0.0568994416431715,36,"1_JU3237_0",NA,NA,NA,NA,NA,"1",756.836909183482,22.4550583445894
"20250619-CbDRC4-p006-m2x_C02_roi_0.png",20250619,"CbDRC4","p006","m2x","C02",0,774.902220540289,39.1526284993553,"","48h",10,"15hHB101","DMSO",1,"MOXIDECTIN",0.00097,NA,NA,"JU3237",1,NA,NA,NA,777.636352093068,682.283662749195,723.16972864514,752.99602579117,785.182630483987,39.0227871867997,804.582007037668,810.904350461008,892.328406703904,0.0501812795682286,39.4522891330535,31.4252890658401,38.2710749458573,38.9220211384525,39.3423594469981,1.82010771211291,40.4084769265466,41.2126583065512,42.9882747820608,0.0461344006167695,36,"1_JU3237_0.00097",NA,NA,NA,NA,NA,"1",756.836909183482,28.345721300505
"20250619-CbDRC4-p006-m2x_C03_roi_0.png",20250619,"CbDRC4","p006","m2x","C03",0,770.757426798536,39.6128999203379,"","48h",10,"15hHB101","DMSO",1,"MOXIDECTIN",0.0019,NA,NA,"JU3237",1,NA,NA,NA,777.853839701789,688.105969621266,723.354200374378,756.688996145405,779.325892051367,38.8949052957249,803.666891652322,817.623738843999,861.265317723156,0.0500028454068393,39.7605360220556,34.5213592672728,37.4958049348235,38.7673560289387,39.6364069036872,1.82661004409036,40.8491792669016,42.3313183033726,43.0503526271961,0.0459402771400546,45,"1_JU3237_0.0019",NA,NA,NA,NA,NA,"1",756.836909183482,22.4889828678853
"20250619-CbDRC4-p006-m2x_C04_roi_0.png",20250619,"CbDRC4","p006","m2x","C04",0,761.198853517091,40.4574039864776,"","48h",10,"15hHB101","DMSO",1,"MOXIDECTIN",0.0039,NA,NA,"JU3237",1,NA,NA,NA,776.678776590621,652.247636087402,737.533751492082,755.953133518639,779.468323217854,38.0387365950592,798.483852380342,815.883041318726,859.119760588607,0.0489761504260969,39.9381750558191,36.66335201212,37.1813920762302,38.3857693715712,40.1086155614077,1.99349674753148,41.674141651829,42.0970346587953,45.3984113252609,0.0499145678225231,38,"1_JU3237_0.0039",NA,NA,NA,"outlier","outlier","1",756.836909183482,22.6314140343721
"20250619-CbDRC4-p006-m2x_C05_roi_0.png",20250619,"CbDRC4","p006","m2x","C05",0,790.937112981433,41.010165123756,"","48h",10,"15hHB101","DMSO",1,"MOXIDECTIN",0.0078,NA,NA,"JU3237",1,NA,NA,NA,778.287562672053,648.523640532437,729.835500511286,748.610533960644,780.94178421928,45.3595387874976,806.602314885542,840.373205082839,860.809369987559,0.0582812073107878,39.4318244107437,29.4863182610444,36.4722867787818,38.7031256160122,39.4365964798223,2.51883485591328,41.1373519549366,42.1128392630595,43.3648389975068,0.0638782225665163,44,"1_JU3237_0.0078",NA,NA,NA,NA,NA,"1",756.836909183482,24.1048750357984
"20250619-CbDRC4-p006-m2x_C06_roi_0.png",20250619,"CbDRC4","p006","m2x","C06",0,793.226675285597,32.6553529484861,"","48h",10,"15hHB101","DMSO",1,"MOXIDECTIN",0.0156,NA,NA,"JU3237",1,NA,NA,NA,447.07377797167,205.323554332691,356.370962277404,379.220410126344,418.294365601429,119.302936166824,475.701411180507,599.180210269402,793.226675285597,0.266852904476057,20.2249585914262,12.2338939976216,17.6192783317667,18.5689936530195,19.431202025567,3.93901705665454,21.0137486723361,24.2968297105364,32.6553529484861,0.194760203777345,30,"1_JU3237_0.0156",NA,NA,NA,NA,NA,"1",756.836909183482,-338.542543582052
"20250619-CbDRC4-p006-m2x_C08_roi_0.png",20250619,"CbDRC4","p006","m2x","C08",0,264.952949985002,15.6685485354623,"","48h",10,"15hHB101","DMSO",1,"MOXIDECTIN",0.0625,NA,NA,"JU3237",1,NA,NA,NA,248.024408647551,133.144198521045,218.374960732083,233.830493775774,254.000442090328,29.958524404632,264.36509634524,275.005880026445,305.842730956676,0.12078861337879,14.8831837845439,12.3273006085045,13.1509363201892,14.4347130780569,15.1503249761625,1.11691809589243,15.5037611207624,16.0800965329197,17.5276073876361,0.0750456429256988,40,"1_JU3237_0.0625",NA,NA,NA,NA,NA,"1",756.836909183482,-502.836467093153
"20250619-CbDRC4-p006-m2x_C09_roi_0.png",20250619,"CbDRC4","p006","m2x","C09",0,237.786839207481,15.8112690367643,"","48h",10,"15hHB101","DMSO",1,"MOXIDECTIN",0.125,NA,NA,"JU3237",1,NA,NA,NA,232.341405859203,136.673834383012,177.70148377381,218.048712808131,244.505697872671,37.3999877912965,254.069174743548,268.976914977225,288.143208619949,0.160969964234273,14.6412362152904,12.4744110705029,13.3216847857607,13.9172030979041,14.5621039745535,1.10847782627874,15.3793023740841,16.1177173931603,17.2106630969195,0.0757093055517485,40,"1_JU3237_0.125",NA,NA,NA,NA,NA,"1",756.836909183482,-512.33121131081
"20250619-CbDRC4-p006-m2x_C10_roi_0.png",20250619,"CbDRC4","p006","m2x","C10",0,227.16066659827,14.3828216969156,"","48h",10,"15hHB101","DMSO",1,"MOXIDECTIN",0.25,NA,NA,"JU3237",1,NA,NA,NA,222.554272059797,46.7205280422433,158.339871185911,210.549642164579,233.487014707665,46.0852645018117,247.57083379835,262.138824661663,324.904832874961,0.207074274851167,15.1808665806486,9.13449089778449,12.6785619803089,13.6691378689831,14.2674695554613,7.06726158341006,15.0242462566142,15.6224116304618,59.0669658006521,0.465537428042406,42,"1_JU3237_0.25",NA,NA,NA,NA,NA,"1",756.836909183482,-523.349894475817
"20250619-CbDRC4-p006-m2x_C11_roi_0.png",20250619,"CbDRC4","p006","m2x","C11",0,218.537634111917,13.6296397940151,"","48h",10,"15hHB101","DMSO",1,"MOXIDECTIN",0.5,NA,NA,"JU3237",1,NA,NA,NA,215.209799916216,178.810809827686,181.146084646814,194.85874365011,218.537634111917,25.4225649990233,231.346217154659,250.261779332014,251.178290296325,0.118129216276028,13.9190847239009,9.58629224118605,12.0093046609137,13.6758077191055,14.0861866533066,1.78866640741377,14.6093917370941,15.1956127994933,17.6886368593982,0.128504599468555,15,"1_JU3237_0.5",NA,NA,NA,NA,NA,"1",756.836909183482,-538.299275071564
"20250619-CbDRC4-p006-m2x_C12_roi_0.png",20250619,"CbDRC4","p006","m2x","C12",0,248.503476562133,14.6264303607301,"","48h",10,"15hHB101","DMSO",1,"MOXIDECTIN",1,NA,NA,"JU3237",1,NA,NA,NA,205.610507429561,143.930203755714,161.132263188128,188.733794081106,203.861721286798,33.6121374149728,233.694725511807,245.55011493575,254.491395872786,0.163474804061206,13.928906273205,10.6955647571676,12.8964701648518,13.9105109915685,14.1559012931279,1.07548091968059,14.6070177052398,14.7890537935143,14.8622019867623,0.0772121585561594,15,"1_JU3237_1",NA,NA,NA,NA,NA,"1",756.836909183482,-552.975187896684
"20250619-CbDRC4-p006-m2x_D01_roi_0.png",20250619,"CbDRC4","p006","m2x","D01",0,840.093663287165,39.1831197574069,"","48h",10,"15hHB101","DMSO",1,"MOXIDECTIN",0,NA,NA,"NIC1667",1,NA,NA,NA,798.340798558006,606.319259449148,723.979709819196,783.949088287867,808.233834225119,66.2456863996267,829.688682335859,844.931978292278,979.563904819622,0.0829792070244716,38.7042118010959,28.9416207003052,37.0039915199563,38.0413984466236,39.0206815033926,2.49356036898934,40.2561405082222,40.6764194833158,42.1254347038114,0.0644260728471607,35,"1_NIC1667_0",NA,NA,NA,NA,NA,"1",774.728395535816,33.505438689303
"20250619-CbDRC4-p006-m2x_D02_roi_0.png",20250619,"CbDRC4","p006","m2x","D02",0,811.738788382743,40.1428093347535,"","48h",10,"15hHB101","DMSO",1,"MOXIDECTIN",0.00097,NA,NA,"NIC1667",1,NA,NA,NA,803.107448159831,571.588849966193,737.915860307003,773.666470363934,814.122419718414,65.785035036353,836.699653470915,861.734564435436,905.150155841843,0.0819131178363331,38.5401503919943,33.3409584500328,37.1335153891477,37.8498001576108,38.8603213430305,1.90942158217895,39.9417780045084,40.2774499412159,41.0620100805,0.0495436982668231,25,"1_NIC1667_0.00097",NA,NA,NA,NA,NA,"1",774.728395535816,39.3940241825982
"20250619-CbDRC4-p006-m2x_D03_roi_0.png",20250619,"CbDRC4","p006","m2x","D03",0,806.251758935605,36.8575764218423,"","48h",10,"15hHB101","DMSO",1,"MOXIDECTIN",0.0019,NA,NA,"NIC1667",1,NA,NA,NA,808.216357702063,748.545812078425,767.24906610232,788.408253291816,808.592899472404,32.2747597854256,824.036289760905,855.417946462072,878.010961773653,0.0399333167138436,38.9623192109568,34.2501537274371,36.6246723408599,37.7086153272755,38.9556464998423,1.99137369887661,40.3175443561643,41.0826487142351,43.503241286285,0.0511102454680522,36,"1_NIC1667_0.0019",NA,NA,NA,NA,NA,"1",774.728395535816,33.8645039365886
"20250619-CbDRC4-p006-m2x_D04_roi_0.png",20250619,"CbDRC4","p006","m2x","D04",0,807.861990074758,36.6707089400063,"","48h",10,"15hHB101","DMSO",1,"MOXIDECTIN",0.0039,NA,NA,"NIC1667",1,NA,NA,NA,792.707425133568,431.982420968762,738.651989223507,776.927809038391,807.008936074882,72.8619962538985,827.535206838399,845.932159076303,868.574350870115,0.0919153699634156,37.480620444063,21.7375736470427,34.9659830647261,36.5584553236673,37.9715462393569,3.31962108183833,39.0859075655403,39.7746272358692,41.7991367729686,0.0885690002595506,36,"1_NIC1667_0.0039",NA,NA,NA,NA,NA,"1",774.728395535816,32.2805405390667
"20250619-CbDRC4-p006-m2x_D05_roi_0.png",20250619,"CbDRC4","p006","m2x","D05",0,811.963210683284,36.8512178637091,"","48h",10,"15hHB101","DMSO",1,"MOXIDECTIN",0.0078,NA,NA,"NIC1667",1,NA,NA,NA,810.694521290838,750.474736141501,773.346454037167,788.013835208757,807.985670643132,39.7010140686209,817.949923055556,846.939430347706,980.881901785713,0.0489716077091608,38.0894017173366,32.8243056293584,35.8502442694848,37.6069392484352,38.7403824698105,1.84848153412324,39.326971535454,39.8038062822798,40.6657475637388,0.0485300753170373,37,"1_NIC1667_0.0078",NA,NA,NA,NA,NA,"1",774.728395535816,33.2572751073168
"20250619-CbDRC4-p006-m2x_D06_roi_0.png",20250619,"CbDRC4","p006","m2x","D06",0,778.71739269625,34.7025282618682,"","48h",10,"15hHB101","DMSO",1,"MOXIDECTIN",0.0156,NA,NA,"NIC1667",1,NA,NA,NA,474.507538290294,306.053652824128,343.323193367054,384.799473488918,432.381850962916,129.148052822706,524.448177462865,673.276400359107,778.71739269625,0.272172815816671,21.8837291881859,16.8713197218784,17.618737596504,18.51286197373,19.4051251997159,5.21986410907329,23.6999002788756,29.4465134444899,35.3808884321041,0.238527175335878,30,"1_NIC1667_0.0156",NA,NA,NA,NA,NA,"1",774.728395535816,-342.3465445729
"20250619-CbDRC4-p006-m2x_D07_roi_0.png",20250619,"CbDRC4","p006","m2x","D07",0,306.02661797677,14.7544275980222,"","48h",10,"15hHB101","DMSO",1,"MOXIDECTIN",0.03125,NA,NA,"NIC1667",1,NA,NA,NA,263.255175294239,146.665888952007,204.307263692231,248.451677844911,267.965085346527,44.4314703105574,300.915308668926,305.412555715116,316.196302178839,0.168777195969259,15.1159578152142,11.1989982885654,13.3239279573526,14.1425910120924,15.2096374389561,1.62466741726332,16.0732870209517,16.8110094976019,18.7417076542528,0.107480282567876,23,"1_NIC1667_0.03125",NA,NA,NA,NA,NA,"1",774.728395535816,-506.763310189289
"20250619-CbDRC4-p006-m2x_D08_roi_0.png",20250619,"CbDRC4","p006","m2x","D08",0,234.532227534453,15.1639296513668,"","48h",10,"15hHB101","DMSO",1,"MOXIDECTIN",0.0625,NA,NA,"NIC1667",1,NA,NA,NA,263.998683276542,184.251648540342,238.447795146864,251.015532305593,261.052723436424,29.1865439441028,277.173711754914,286.786929906164,378.176423059641,0.110555642103448,15.1963018772524,12.7999258095987,13.8471014707194,14.6999329290304,15.1442319866758,1.12767185772655,15.7416116326031,16.3771741760824,18.1193051437557,0.0742069923877058,36,"1_NIC1667_0.0625",NA,NA,NA,NA,NA,"1",774.728395535816,-513.675672099392
"20250619-CbDRC4-p006-m2x_D09_roi_0.png",20250619,"CbDRC4","p006","m2x","D09",0,267.353450530917,14.6053722998482,"","48h",10,"15hHB101","DMSO",1,"MOXIDECTIN",0.125,NA,NA,"NIC1667",1,NA,NA,NA,250.442709948417,210.325334819359,228.480615962257,234.485755787499,251.733100066005,21.0508746758315,266.506848328707,270.605296964086,293.496258364525,0.0840546513818159,14.3768153360587,11.2549512605057,13.6897266577088,14.0238944716878,14.3321524291938,1.10476075212389,14.7464289719336,15.5550836196262,16.608371829739,0.0768432177989388,17,"1_NIC1667_0.125",NA,NA,NA,NA,NA,"1",774.728395535816,-522.995295469811
"20250619-CbDRC4-p006-m2x_D10_roi_0.png",20250619,"CbDRC4","p006","m2x","D10",0,262.188608727268,13.688920992702,"","48h",10,"15hHB101","DMSO",1,"MOXIDECTIN",0.25,NA,NA,"NIC1667",1,NA,NA,NA,227.534081792464,115.168441294333,185.753818609405,222.40951976311,237.643939999276,49.3041568505319,255.360152582669,265.730396419055,273.994567699891,0.216689106362108,14.3987523053227,12.5069352259318,13.334325262671,13.9395456632309,14.182349808383,1.08803834201918,15.3952893664898,15.5737266953434,15.7460831307118,0.0755647655399263,8,"1_NIC1667_0.25",NA,NA,NA,NA,NA,"1",774.728395535816,-537.084455536539
"20250619-CbDRC4-p006-m2x_D11_roi_0.png",20250619,"CbDRC4","p006","m2x","D11",0,259.689498771497,15.1130544523902,"","48h",10,"15hHB101","DMSO",1,"MOXIDECTIN",0.5,NA,NA,"NIC1667",1,NA,NA,NA,222.563697292673,25.7497070893762,181.923299521064,213.322593119074,235.137414948446,52.6922632407512,250.894315132925,258.837173227964,298.094883036508,0.236751383454331,18.4318333467316,11.8613129954592,14.0753544571469,14.5513874050925,14.9563112347149,17.9119139022,15.3488345221484,16.2594947855557,104.275948747801,0.971792309817962,25,"1_NIC1667_0.5",NA,NA,NA,"outlier","outlier","1",774.728395535816,-539.590980587369
"20250619-CbDRC4-p006-m2x_D12_roi_0.png",20250619,"CbDRC4","p006","m2x","D12",0,247.054294234787,15.256671923634,"","48h",10,"15hHB101","DMSO",1,"MOXIDECTIN",1,NA,NA,"NIC1667",1,NA,NA,NA,207.846660328627,83.7258216206134,140.74409426188,188.918485551303,221.390952735722,47.4618591699323,240.792046817685,250.540162417165,256.618860458018,0.228350357397565,14.2667415281313,10.9167855325902,12.4992218093787,13.0813133105417,14.2169847354909,2.40784894844636,14.7684236899871,15.2844510628782,23.1609225870302,0.16877357339786,20,"1_NIC1667_1",NA,NA,NA,NA,NA,"1",774.728395535816,-553.337442800093
"20250619-CbDRC4-p006-m2x_E01_roi_0.png",20250619,"CbDRC4","p006","m2x","E01",0,885.20409224894,41.7553344553186,"","48h",10,"15hHB101","DMSO",1,"MOXIDECTIN",0,NA,NA,"VX34",1,NA,NA,NA,851.485266954043,773.925105945803,794.092855391052,823.140302448886,855.801935151858,42.8784866074094,878.557835592598,897.589108579827,974.696723236217,0.0503572854064704,38.976238079823,34.9563145957103,36.9544739164563,37.5827007419424,38.7269704089034,1.95663573638994,40.2774123558021,41.1636383461077,44.3569986601639,0.0502007333899891,50,"1_VX34_0",NA,NA,NA,NA,NA,"1",841.848651392647,13.9532837592109
"20250619-CbDRC4-p006-m2x_E02_roi_0.png",20250619,"CbDRC4","p006","m2x","E02",0,854.393721692053,40.1718593609389,"","48h",10,"15hHB101","DMSO",1,"MOXIDECTIN",0.00097,NA,NA,"VX34",1,NA,NA,NA,833.102111513416,177.292103191028,785.242879065629,809.216659815934,852.214712467627,112.568326762378,883.707913381728,904.324298437881,1017.44196875482,0.135119483202228,38.6299811480642,14.8873862310856,36.9437659641636,37.6814115356996,38.6637582012409,4.1949689638182,39.8541003415736,42.1732773316313,46.701447096849,0.108593606290911,50,"1_VX34_0.00097",NA,NA,NA,NA,NA,"1",841.848651392647,10.3660610749799
"20250619-CbDRC4-p006-m2x_E03_roi_0.png",20250619,"CbDRC4","p006","m2x","E03",0,825.409307828255,39.9272398304974,"","48h",10,"15hHB101","DMSO",1,"MOXIDECTIN",0.0019,NA,NA,"VX34",1,NA,NA,NA,897.346947356062,792.90656239396,812.096987233678,834.732565856612,872.406941678064,142.76871947254,908.842277457818,964.713162210054,1670.53653443441,0.159100913970001,39.5508018368139,18.7914464540423,36.8834667120173,38.3028213967329,39.8796501463339,4.29117752334106,41.5072768144509,43.227149728184,47.9577118397046,0.108497864115282,39,"1_VX34_0.0019",NA,NA,NA,NA,NA,"1",841.848651392647,30.558290285417
"20250619-CbDRC4-p006-m2x_E04_roi_0.png",20250619,"CbDRC4","p006","m2x","E04",0,832.031861043797,40.5178846865687,"","48h",10,"15hHB101","DMSO",1,"MOXIDECTIN",0.0039,NA,NA,"VX34",1,NA,NA,NA,841.725636340411,477.389490958915,774.119451449422,819.764918834152,854.648393962488,93.6568057714813,879.054286215987,926.048281436747,1013.86806980784,0.111267617057115,38.6159349912119,25.444756710048,36.3254401624491,37.7648584049787,38.8408713531593,2.94206421638592,40.3594030107016,41.7972130600561,43.289999923193,0.076187828083289,39,"1_VX34_0.0039",NA,NA,NA,NA,NA,"1",841.848651392647,12.7997425698406
"20250619-CbDRC4-p006-m2x_E05_roi_0.png",20250619,"CbDRC4","p006","m2x","E05",0,927.705171411255,41.3347385860874,"","48h",10,"15hHB101","DMSO",1,"MOXIDECTIN",0.0078,NA,NA,"VX34",1,NA,NA,NA,839.062809707001,547.168281029045,738.615098794309,806.759700988506,855.398437226531,78.814204058761,886.81716244098,914.714489991185,972.175505148073,0.0939312327360603,38.7595826441136,26.9609779843162,35.4383639138585,36.9621641657253,38.5656991390229,3.42230623047025,41.2567867023373,42.2621131424393,45.7163560857306,0.088295745129495,40,"1_VX34_0.0078",NA,NA,NA,NA,NA,"1",841.848651392647,13.5497858338844
"20250619-CbDRC4-p006-m2x_E06_roi_0.png",20250619,"CbDRC4","p006","m2x","E06",0,643.599363567943,29.1934007675038,"","48h",10,"15hHB101","DMSO",1,"MOXIDECTIN",0.0156,NA,NA,"VX34",1,NA,NA,NA,575.779737264535,354.704967466515,395.391006585655,494.805356657201,557.641320389384,124.796826573203,678.360777925919,714.050233790154,823.093418748201,0.216744040292385,26.5573474629319,18.2669751335232,21.2796721039612,22.6393265000199,26.0388053646938,4.66457588336218,29.1934007675038,32.8820888387949,37.0985594855408,0.175641633256969,37,"1_VX34_0.0156",NA,NA,NA,NA,NA,"1",841.848651392647,-284.207331003263
"20250619-CbDRC4-p006-m2x_E07_roi_0.png",20250619,"CbDRC4","p006","m2x","E07",0,306.886766142323,16.8148247312197,"","48h",10,"15hHB101","DMSO",1,"MOXIDECTIN",0.03125,NA,NA,"VX34",1,NA,NA,NA,276.750933594166,140.019958727373,242.254007332644,260.416959210406,273.622821475597,37.7216244196432,301.629060386938,315.914156835708,351.210722908512,0.136301706121646,16.0331731245261,12.961093601413,13.9834839730333,15.53609223106,16.119016760511,1.50322645665573,16.5010659525498,17.4734488329998,20.3971005007761,0.0937572647024084,29,"1_VX34_0.03125",NA,NA,NA,NA,NA,"1",841.848651392647,-568.22582991705
"20250619-CbDRC4-p006-m2x_E08_roi_1.png",20250619,"CbDRC4","p006","m2x","E08",1,243.367682140029,14.7089888516353,"","48h",10,"15hHB101","DMSO",1,"MOXIDECTIN",0.0625,NA,NA,"VX34",1,NA,NA,NA,245.535338472145,195.837801364637,219.619052659708,238.061078815793,249.682267488018,20.4047718589387,255.529029594905,265.189662739931,286.489698212821,0.0831031980402832,15.3701375565673,12.0784896998195,14.5401532136392,14.8431151347098,15.3151701112644,1.10902886049915,15.8183941707412,16.820858582766,17.3338182294603,0.0721547778227456,30,"1_VX34_0.0625",NA,NA,NA,NA,NA,"1",841.848651392647,-592.166383904629
"20250619-CbDRC4-p006-m2x_E09_roi_0.png",20250619,"CbDRC4","p006","m2x","E09",0,253.501527376061,13.6062661067919,"","48h",10,"15hHB101","DMSO",1,"MOXIDECTIN",0.125,NA,NA,"VX34",1,NA,NA,NA,220.697449852542,8.703743045678,201.41920887142,219.289349039136,229.595840329042,54.9495511548358,247.366281034768,253.257412595919,281.379902897118,0.248981359737279,31.6678232662095,12.2401710242711,12.487644434664,13.6106683317322,14.4298184577817,78.2699376688435,15.3320935909714,16.1291075619304,381.75292558179,2.47159196926427,22,"1_VX34_0.125",NA,NA,NA,NA,NA,"1",841.848651392647,-612.252811063605
"20250619-CbDRC4-p006-m2x_E10_roi_0.png",20250619,"CbDRC4","p006","m2x","E10",0,228.893229336972,14.3787257357761,"","48h",10,"15hHB101","DMSO",1,"MOXIDECTIN",0.25,NA,NA,"VX34",1,NA,NA,NA,220.793795985437,135.080162420522,198.499790945639,208.247361937368,221.457153095793,26.6996398171399,236.327540726144,249.332640489326,274.003518688606,0.120925679537213,14.652074899355,12.6883140283761,12.9817392535909,13.6801208274833,14.672158504413,1.2623982846231,15.5931487689048,16.0413492520443,18.1343033906874,0.0861583286527337,30,"1_VX34_0.25",NA,NA,NA,NA,NA,"1",841.848651392647,-620.391498296854
"20250619-CbDRC4-p006-m2x_E11_roi_0.png",20250619,"CbDRC4","p006","m2x","E11",0,254.704697153909,14.7780781248783,"","48h",10,"15hHB101","DMSO",1,"MOXIDECTIN",0.5,NA,NA,"VX34",1,NA,NA,NA,212.778344603416,125.038332310231,162.932807651311,208.722556101866,216.772034138667,32.9532757190825,235.422760569375,240.515495460086,254.704697153909,0.154871379324348,13.7271468714621,10.9626144498136,12.0076571005697,12.8205031440584,14.1694332531412,1.27257670600585,14.4870647710635,14.8985259927255,16.1689216925806,0.0927051133000881,24,"1_VX34_0.5",NA,NA,NA,NA,NA,"1",841.848651392647,-625.07661725398
"20250619-CbDRC4-p006-m2x_E12_roi_0.png",20250619,"CbDRC4","p006","m2x","E12",0,236.028182063296,14.9471268217673,"","48h",10,"15hHB101","DMSO",1,"MOXIDECTIN",1,NA,NA,"VX34",1,NA,NA,NA,210.716500866204,72.512057242058,151.424043064482,194.982493679692,220.427145010255,44.2457748986537,241.600811707486,252.521648564365,262.030301596508,0.209977741262645,14.3601246834924,11.1670933805996,12.4819890879655,13.4864548593384,14.1221524380497,1.71171518581439,15.0237436744746,16.3409573794379,19.111870411743,0.119199186883251,32,"1_VX34_1",NA,NA,NA,NA,NA,"1",841.848651392647,-621.421506382392
"20250619-CbDRC4-p006-m2x_F01_roi_0.png",20250619,"CbDRC4","p006","m2x","F01",0,829.749870938627,37.6445711182594,"","48h",10,"15hHB101","DMSO",1,"MOXIDECTIN",0,NA,NA,"ECA2666",1,NA,NA,NA,794.867066681927,701.787546389921,744.807565817848,784.743021501307,803.948956479186,35.4465048126492,817.788068039509,832.605207412042,860.964885566946,0.044594255188627,36.9267480447025,33.0934844386483,34.6297383065613,35.6561542888687,37.1673646337101,1.96964467452159,37.9298424903437,39.121103276499,41.3305785372046,0.0533392399497835,37,"1_ECA2666_0",NA,NA,NA,NA,NA,"1",777.986030494324,25.962925984862
"20250619-CbDRC4-p006-m2x_F02_roi_0.png",20250619,"CbDRC4","p006","m2x","F02",0,771.36252577053,36.5937898195595,"","48h",10,"15hHB101","DMSO",1,"MOXIDECTIN",0.00097,NA,NA,"ECA2666",1,NA,NA,NA,799.117613968879,722.012008043457,752.617072121022,771.36252577053,816.715615969688,36.4420302755016,827.276992081664,837.244920783973,861.038406952653,0.0456028369772873,36.4071217258468,30.0838382056857,35.235442725119,35.6054593431042,36.552606873766,1.69870344600956,37.3152178052368,38.0105993997164,40.1366124328796,0.0466585482588037,33,"1_ECA2666_0.00097",NA,NA,NA,NA,NA,"1",777.986030494324,38.7295854753637
"20250619-CbDRC4-p006-m2x_F03_roi_0.png",20250619,"CbDRC4","p006","m2x","F03",0,783.28046512107,35.5291719690896,"","48h",10,"15hHB101","DMSO",1,"MOXIDECTIN",0.0019,NA,NA,"ECA2666",1,NA,NA,NA,810.246919832212,703.751265014997,771.677114670515,784.091358614373,817.620011898157,35.867832680535,832.081262587418,850.639915584479,873.436863508047,0.0442677803551077,36.4579212038686,30.2100765378983,34.0464041877393,35.007299207576,36.5389082148275,2.19764463618145,37.4020593540747,39.0827636440621,41.2765370945238,0.0602789342785749,37,"1_ECA2666_0.0019",NA,NA,NA,NA,NA,"1",777.986030494324,39.6339814038333
"20250619-CbDRC4-p006-m2x_F04_roi_0.png",20250619,"CbDRC4","p006","m2x","F04",0,836.109198462893,38.2495853339344,"","48h",10,"15hHB101","DMSO",1,"MOXIDECTIN",0.0039,NA,NA,"ECA2666",1,NA,NA,NA,790.435486484433,717.636581132432,732.247841800397,765.576750357314,803.710394817482,38.1882256849057,817.190932186323,834.911744501632,859.767559716574,0.0483128937628457,36.6641125846923,32.1633740712238,33.5514778127046,35.3056876168932,36.5224625927804,2.13219318385287,38.2495853339344,39.1973239490365,40.6924048518976,0.058154774070356,45,"1_ECA2666_0.0039",NA,NA,NA,NA,NA,"1",777.986030494324,25.7243643231575
"20250619-CbDRC4-p006-m2x_F05_roi_0.png",20250619,"CbDRC4","p006","m2x","F05",0,821.249396482369,35.0566665961826,"","48h",10,"15hHB101","DMSO",1,"MOXIDECTIN",0.0078,NA,NA,"ECA2666",1,NA,NA,NA,787.753752654111,690.716649896914,737.200503212949,756.237851217681,790.860965246261,45.2230453618192,820.420016050484,832.227349641792,930.123609297768,0.0574075911532672,35.9208336112752,27.0917277257999,33.7135361111499,33.9976997621223,35.6763775187712,2.63505636229806,38.2201335354272,38.7255666909657,40.0327973446408,0.0733573276949493,40,"1_ECA2666_0.0078",NA,NA,NA,NA,NA,"1",777.986030494324,12.8749347519367
"20250619-CbDRC4-p006-m2x_F06_roi_0.png",20250619,"CbDRC4","p006","m2x","F06",0,911.209037148531,40.6366595878505,"","48h",10,"15hHB101","DMSO",1,"MOXIDECTIN",0.0156,NA,NA,"ECA2666",1,NA,NA,NA,419.069594504561,332.958035386961,352.066179073644,367.077501725925,396.114037489546,91.8232398175155,432.187120806269,495.053564575571,911.209037148531,0.219112149918851,19.5707153205459,15.6697192378882,17.0427170813334,17.8015232488596,18.7492059644433,3.75499576298098,20.1782395300576,21.6293690126234,40.6366595878505,0.191868089718667,49,"1_ECA2666_0.0156",NA,NA,NA,NA,NA,"1",777.986030494324,-381.871993004778
"20250619-CbDRC4-p006-m2x_F07_roi_0.png",20250619,"CbDRC4","p006","m2x","F07",0,260.684356056022,14.6052941078501,"","48h",10,"15hHB101","DMSO",1,"MOXIDECTIN",0.03125,NA,NA,"ECA2666",1,NA,NA,NA,268.594073983871,120.624535807642,231.890402429705,242.267242182467,267.858260078383,41.5312657074425,298.867556126028,313.775809122346,340.838483830589,0.154624653818448,15.2526081831263,11.2447150232283,13.5853860931194,14.6056223106572,15.2279869482379,1.47614080351643,16.1457569211926,16.5511230076953,18.4318060257213,0.0967795662088445,34,"1_ECA2666_0.03125",NA,NA,NA,NA,NA,"1",777.986030494324,-510.127770415941
"20250619-CbDRC4-p006-m2x_F08_roi_0.png",20250619,"CbDRC4","p006","m2x","F08",0,277.894315416328,14.6113418060386,"","48h",10,"15hHB101","DMSO",1,"MOXIDECTIN",0.0625,NA,NA,"ECA2666",1,NA,NA,NA,241.549205530661,144.077672290038,193.696582915858,230.491864864788,249.532993455981,37.1656973147713,262.656631733444,277.545780102613,310.381337574925,0.15386387727139,14.6055705658253,11.1195747114601,13.0118799626169,13.5084390304673,14.5845742232634,1.93060905392064,15.3818518677961,16.0694128282673,22.0354652668502,0.132183062977215,29,"1_ECA2666_0.0625",NA,NA,NA,NA,NA,"1",777.986030494324,-528.453037038343
"20250619-CbDRC4-p006-m2x_F09_roi_0.png",20250619,"CbDRC4","p006","m2x","F09",0,242.968893942784,11.3773942007247,"","48h",10,"15hHB101","DMSO",1,"MOXIDECTIN",0.125,NA,NA,"ECA2666",1,NA,NA,NA,214.13335210932,111.648453650377,189.215471335531,198.513324128148,218.353460717173,34.6101790168014,233.278306139151,249.500454669752,273.972008284505,0.161629090825292,13.632559835328,10.3225099852522,11.5431180383055,13.1405162125874,13.8073599637155,1.34222223948186,14.4898459560856,15.0465704145584,16.5290279560643,0.0984570950500117,32,"1_ECA2666_0.125",NA,NA,NA,NA,NA,"1",777.986030494324,-559.632569777151
"20250619-CbDRC4-p006-m2x_F10_roi_0.png",20250619,"CbDRC4","p006","m2x","F10",0,368.499143314683,26.7394327909793,"","48h",10,"15hHB101","DMSO",1,"MOXIDECTIN",0.25,NA,NA,"ECA2666",1,NA,NA,NA,240.244993237188,182.924955448815,194.42475171949,201.717450968436,231.535857894655,55.0930772824603,246.036603414116,290.635815241819,368.499143314683,0.229320397233287,14.5812979806724,11.1508206852651,11.9803923436582,12.401032458698,13.3178618697217,4.69764219408942,14.5307119040803,17.065620817372,26.7394327909793,0.322169000339763,9,"1_ECA2666_0.25",NA,NA,NA,NA,NA,"1",777.986030494324,-546.450172599669
"20250619-CbDRC4-p006-m2x_F11_roi_0.png",20250619,"CbDRC4","p006","m2x","F11",0,231.630313204991,13.9834308428235,"","48h",10,"15hHB101","DMSO",1,"MOXIDECTIN",0.5,NA,NA,"ECA2666",1,NA,NA,NA,231.611070379766,186.17420423641,204.296429522089,216.999416426526,231.630313204991,33.5315449166932,236.021412774616,242.770398506746,338.133074132109,0.144775225388461,13.9727259955179,11.5216978338407,12.2054801515336,13.1592574880225,13.6588827129222,2.33752298153951,14.229095905736,14.4119387080771,21.8211063357569,0.16729183570116,15,"1_ECA2666_0.5",NA,NA,NA,NA,NA,"1",777.986030494324,-546.355717289333
"20250619-CbDRC4-p006-m2x_F12_roi_0.png",20250619,"CbDRC4","p006","m2x","F12",0,234.075338256323,13.446351185031,"","48h",10,"15hHB101","DMSO",1,"MOXIDECTIN",1,NA,NA,"ECA2666",1,NA,NA,NA,218.195085037664,160.32717691025,187.178795011613,198.281161541333,211.724147515818,30.2972467702384,240.576812730581,252.837171419812,275.644640973044,0.138853937819033,13.7764005054154,10.4646220434532,12.757214765335,13.2685354386064,13.7843189861074,1.35169530221801,14.2353507756912,15.0574333807655,16.7868723689019,0.0981167251697324,16,"1_ECA2666_1",NA,NA,NA,NA,NA,"1",777.986030494324,-566.261882978506
"20250619-CbDRC4-p007-m2x_A01_roi_0.png",20250619,"CbDRC4","p007","m2x","A01",0,820.223919259908,35.5317450790003,"","48h",10,"15hHB101","DMSO",1,"MOXIDECTIN",0,NA,NA,"ECA2666",2,NA,NA,NA,776.13769891421,562.316408624082,725.669093295146,745.777893808952,776.14893988181,49.8816955199158,809.785172032139,835.77523268393,859.176616469681,0.0642691310958075,36.6137344808758,29.1155841762229,33.0794750825556,35.1105243587938,36.8020950464157,2.6771852198502,38.8400555842024,39.3503220416033,42.6372049227589,0.0731196983265544,55,"2_ECA2666_0",NA,NA,NA,NA,NA,"2",777.986030494324,-1.83709061251443
"20250619-CbDRC4-p007-m2x_A02_roi_0.png",20250619,"CbDRC4","p007","m2x","A02",0,821.032099006266,36.6014819005129,"","48h",10,"15hHB101","DMSO",1,"MOXIDECTIN",0.00097,NA,NA,"ECA2666",2,NA,NA,NA,784.145060875983,531.145637366504,729.078644285923,764.599027864022,797.020153076723,61.6331084143481,823.198213555302,840.582535157579,847.080558910571,0.0785991157624542,35.2389852380221,28.787000638061,31.9937640797004,33.3421123815222,36.1455462361355,2.51745853228176,37.140824256808,37.5587871012157,38.6217799214307,0.0714395864488595,30,"2_ECA2666_0.00097",NA,NA,NA,NA,NA,"2",777.986030494324,19.0341225823986
"20250619-CbDRC4-p007-m2x_A03_roi_0.png",20250619,"CbDRC4","p007","m2x","A03",0,807.42308116362,37.3290765008066,"","48h",10,"15hHB101","DMSO",1,"MOXIDECTIN",0.0019,NA,NA,"ECA2666",2,NA,NA,NA,797.417184618524,731.460127811975,743.793765317742,767.70837753233,807.765870107761,35.3726818418825,821.551195056336,837.364903416226,858.570323727796,0.044359066401114,37.2322753967828,30.032451518466,33.954884628524,35.0205774590664,37.3776646312329,2.87835210317841,39.1823502714156,40.8898727093373,42.6798359840293,0.0773079827247711,35,"2_ECA2666_0.0019",NA,NA,NA,NA,NA,"2",777.986030494324,29.7798396134369
"20250619-CbDRC4-p007-m2x_A04_roi_0.png",20250619,"CbDRC4","p007","m2x","A04",0,819.39399365985,35.1316318285983,"","48h",10,"15hHB101","DMSO",1,"MOXIDECTIN",0.0039,NA,NA,"ECA2666",2,NA,NA,NA,792.997253431091,542.789725193011,753.777094428317,783.739828421198,805.153895008552,60.5129819765845,827.271399947221,840.599515306465,864.844137521994,0.0763091949117865,36.2476023140951,26.572028610778,32.3906752817268,35.4307802711868,37.2149750298883,3.32717110111343,38.3739656486495,39.0895847158576,39.7043127033549,0.0917901016536932,29,"2_ECA2666_0.0039",NA,NA,NA,NA,NA,"2",777.986030494324,27.1678645142277
"20250619-CbDRC4-p007-m2x_A05_roi_0.png",20250619,"CbDRC4","p007","m2x","A05",0,821.393726361173,35.6225167718238,"","48h",10,"15hHB101","DMSO",1,"MOXIDECTIN",0.0078,NA,NA,"ECA2666",2,NA,NA,NA,777.620742817923,637.742863920076,715.682576231287,759.699509780609,783.496442366701,55.2193836057204,820.198361053669,830.33175717933,871.237525193881,0.0710106875565302,34.0885151009049,27.8863173688938,30.0187490950613,33.427945678217,34.3461517727727,2.66523734877178,35.4207564762944,36.7473885751484,39.7648339382315,0.0781857860596876,26,"2_ECA2666_0.0078",NA,NA,NA,NA,NA,"2",777.986030494324,5.5104118723774
"20250619-CbDRC4-p007-m2x_A06_roi_0.png",20250619,"CbDRC4","p007","m2x","A06",0,823.113498052259,34.385487142399,"","48h",10,"15hHB101","DMSO",1,"MOXIDECTIN",0.0156,NA,NA,"ECA2666",2,NA,NA,NA,577.347359672572,301.662940704573,461.465809403111,506.466189580258,564.081177010269,116.79394446186,665.01902416315,724.88128107434,823.113498052259,0.202294065271377,25.5136726662418,14.5770619353156,19.5342024044393,21.6458358622285,24.7980207080974,5.10102509680086,29.1763073896516,33.228899394219,34.385487142399,0.199932999201257,31,"2_ECA2666_0.0156",NA,NA,NA,NA,NA,"2",777.986030494324,-213.904853484055
"20250619-CbDRC4-p007-m2x_A07_roi_0.png",20250619,"CbDRC4","p007","m2x","A07",0,283.355270557562,14.8133420335853,"","48h",10,"15hHB101","DMSO",1,"MOXIDECTIN",0.03125,NA,NA,"ECA2666",2,NA,NA,NA,286.695291058448,240.34610879858,259.806844186073,271.938028619092,285.889972192918,22.5257235663058,297.351100584295,318.724906039047,328.228090542409,0.0785702600246529,16.3338046305679,14.34529908359,14.7104672870482,15.0461975322937,15.8914857018795,2.80357414637877,16.4952408862535,17.0611071301156,28.5910439027643,0.171642443985893,23,"2_ECA2666_0.03125",NA,NA,NA,NA,NA,"2",777.986030494324,-492.096058301406
"20250619-CbDRC4-p007-m2x_A08_roi_0.png",20250619,"CbDRC4","p007","m2x","A08",0,256.146576850634,12.2110971070898,"","48h",10,"15hHB101","DMSO",1,"MOXIDECTIN",0.0625,NA,NA,"ECA2666",2,NA,NA,NA,227.039941817913,14.3971892755661,138.991600657657,223.75121401723,244.453717061908,57.8276473229226,259.254954699441,268.96885590142,311.46817265252,0.254702528814514,17.7802575998743,11.1052924988418,12.5584537329719,14.0483495371569,14.5162333080378,22.5883197466349,15.2498300108914,15.6468862782297,163.992540529376,1.27041577546067,44,"2_ECA2666_0.0625",NA,NA,NA,NA,NA,"2",777.986030494324,-533.532313432416
"20250619-CbDRC4-p007-m2x_A09_roi_0.png",20250619,"CbDRC4","p007","m2x","A09",0,244.946838569905,12.950123708027,"","48h",10,"15hHB101","DMSO",1,"MOXIDECTIN",0.125,NA,NA,"ECA2666",2,NA,NA,NA,209.237423320637,133.162682718037,147.695207735365,200.5468794351,225.944084499216,35.5007941142611,231.571294536164,237.448308030667,250.275747522102,0.169667517171913,13.8736236703478,11.0961000241259,12.2213352404943,13.1991005197401,14.1514225206997,1.20250146536496,14.504301248997,14.5929002749966,17.7110110614845,0.0866753700358095,32,"2_ECA2666_0.125",NA,NA,NA,NA,NA,"2",777.986030494324,-552.041945995108
"20250619-CbDRC4-p007-m2x_A10_roi_0.png",20250619,"CbDRC4","p007","m2x","A10",0,231.927898620544,13.7313440154881,"","48h",10,"15hHB101","DMSO",1,"MOXIDECTIN",0.25,NA,NA,"ECA2666",2,NA,NA,NA,198.248957553263,144.298461854084,157.041495107598,182.218193549242,204.567427259952,28.773128164972,215.37098405333,231.774599822386,246.907748159094,0.145136340286892,14.3706083071851,10.3451742661913,12.8753853773905,13.4735458698394,14.1175997263914,2.86272039563208,14.5527453184014,14.9673494765877,26.290023396754,0.199206626082819,22,"2_ECA2666_0.25",NA,NA,NA,NA,NA,"2",777.986030494324,-573.418603234372
"20250619-CbDRC4-p007-m2x_A11_roi_0.png",20250619,"CbDRC4","p007","m2x","A11",0,226.564625650801,13.9655575654039,"","48h",10,"15hHB101","DMSO",1,"MOXIDECTIN",0.5,NA,NA,"ECA2666",2,NA,NA,NA,196.464488634447,97.9885440978513,138.788142112053,180.65663168691,202.275202648067,39.6406360909359,228.614361687139,234.850237460848,251.492091843455,0.201769980755624,15.3104149897382,11.6840904911055,12.1563425498003,13.5652113873449,14.3404794846683,4.33620210728166,14.9767912191224,18.1426322171008,31.7133739751877,0.283219110010277,28,"2_ECA2666_0.5",NA,NA,NA,NA,NA,"2",777.986030494324,-575.710827846257
"20250619-CbDRC4-p007-m2x_A12_roi_0.png",20250619,"CbDRC4","p007","m2x","A12",0,195.524158090727,14.2829114112535,"","48h",10,"15hHB101","DMSO",1,"MOXIDECTIN",1,NA,NA,"ECA2666",2,NA,NA,NA,187.558404927143,132.798445094307,153.360800057629,165.65077673193,194.412646003878,30.6684719650762,201.141801952185,220.501472281975,252.888741769217,0.16351425027841,14.2830915298391,11.7512666828352,12.8157342900988,13.3331916038728,14.221020735057,1.36756775646031,15.0959236808288,16.0562956939123,17.2486857817679,0.0957473214817185,18,"2_ECA2666_1",NA,NA,NA,NA,NA,"2",777.986030494324,-583.573384490446
"20250619-CbDRC4-p007-m2x_B01_roi_0.png",20250619,"CbDRC4","p007","m2x","B01",0,803.868081998422,38.9911047535669,"","48h",10,"15hHB101","DMSO",1,"MOXIDECTIN",0,NA,NA,"JU3237",2,NA,NA,NA,771.445383983527,718.967931748433,730.043842152408,746.5410726411,768.140262748887,37.0811178065076,795.746383682011,804.768936047674,845.509426749113,0.0480670680988861,39.0984772124218,37.553047019115,37.7204960788515,37.7241549386718,38.9911047535669,1.44419902479889,40.1003879946612,40.7110243179332,41.8594372081284,0.0369374750058057,11,"2_JU3237_0",NA,NA,NA,NA,NA,"2",756.836909183482,11.3033535654051
"20250619-CbDRC4-p007-m2x_B02_roi_0.png",20250619,"CbDRC4","p007","m2x","B02",0,729.271495535624,36.748436712065,"","48h",10,"15hHB101","DMSO",1,"MOXIDECTIN",0.00097,NA,NA,"JU3237",2,NA,NA,NA,777.28290685955,729.271495535624,761.001750466694,772.553049206973,777.334492034125,19.7338197616906,791.338541603163,794.993913699138,800.018233805744,0.0253882075464917,39.7139832714567,36.748436712065,38.7613877729309,38.8722450529,39.1020197546886,1.78510997685841,40.7060111862221,42.145474698652,42.796148908962,0.0449491546757389,11,"2_JU3237_0.00097",NA,NA,NA,NA,NA,"2",756.836909183482,20.4975828506438
"20250619-CbDRC4-p007-m2x_B03_roi_0.png",20250619,"CbDRC4","p007","m2x","B03",0,789.276026560436,38.9224881317144,"","48h",10,"15hHB101","DMSO",1,"MOXIDECTIN",0.0019,NA,NA,"JU3237",2,NA,NA,NA,766.377930530184,667.431069368754,718.280834158642,739.090179941618,779.182429372393,47.4312565036791,806.269626639379,808.604486017401,810.921156366572,0.0618901649097148,38.3599325835826,33.1465480640793,35.5561228132706,37.1753400943543,38.9581853090542,2.43815908706864,40.1570566320401,40.5705627853245,40.7453200259826,0.0635600461954965,10,"2_JU3237_0.0019",NA,NA,NA,NA,NA,"2",756.836909183482,22.3455201889116
"20250619-CbDRC4-p007-m2x_B04_roi_0.png",20250619,"CbDRC4","p007","m2x","B04",0,798.052420038311,39.0306751844169,"","48h",10,"15hHB101","DMSO",1,"MOXIDECTIN",0.0039,NA,NA,"JU3237",2,NA,NA,NA,773.744198445594,640.964794391137,731.117655677991,756.353472987506,791.631267189906,47.4829513646254,805.037797965837,813.289747885457,820.758811682829,0.0613677639974759,37.6794560806342,29.719666682473,35.6308431221562,36.9211423286636,38.0001636867731,2.81700484418171,39.4639208934571,39.9331559504255,41.3333828088237,0.0747623542694807,14,"2_JU3237_0.0039",NA,NA,NA,NA,NA,"2",756.836909183482,34.7943580064243
"20250619-CbDRC4-p007-m2x_B05_roi_0.png",20250619,"CbDRC4","p007","m2x","B05",0,755.114812321789,39.0440000315145,"","48h",10,"15hHB101","DMSO",1,"MOXIDECTIN",0.0078,NA,NA,"JU3237",2,NA,NA,NA,719.530515918635,197.742193600924,637.074554788207,739.562470516785,755.114812321789,155.695468492069,797.717606944932,808.661743877749,814.857482575821,0.216384802378104,35.5315772208579,11.6725364021441,28.0235749017059,35.7103891954556,37.7529665392025,7.88033864267921,39.1130030022681,40.7495945776728,42.7443541473524,0.221784093447258,15,"2_JU3237_0.0078",NA,NA,NA,NA,NA,"2",756.836909183482,-1.72209686169265
"20250619-CbDRC4-p007-m2x_B06_roi_1.png",20250619,"CbDRC4","p007","m2x","B06",1,479.549181006538,23.2206187184444,"","48h",10,"15hHB101","DMSO",1,"MOXIDECTIN",0.0156,NA,NA,"JU3237",2,NA,NA,NA,396.460894114232,287.504869814693,335.798965145224,355.101949487382,376.829344440334,62.9664695274518,456.346342376429,464.192181777544,479.549181006538,0.158821388092086,19.0022157182879,14.6716309727458,15.3473489153044,17.3814696861506,18.6893047124244,2.76143149101142,20.5378779216795,22.48886617474,23.2206187184444,0.145321552599458,12,"2_JU3237_0.0156",NA,NA,NA,NA,NA,"2",756.836909183482,-380.007564743147
"20250619-CbDRC4-p007-m2x_B08_roi_0.png",20250619,"CbDRC4","p007","m2x","B08",0,285.200216116871,14.6571982968856,"","48h",10,"15hHB101","DMSO",1,"MOXIDECTIN",0.0625,NA,NA,"JU3237",2,NA,NA,NA,215.165401296962,157.557217898896,170.258552935442,187.185326053152,216.218424753184,37.0996637734984,238.315879792182,252.23193341809,285.200216116871,0.172423928521366,15.8137910923124,13.2488011862889,13.7732402328109,14.6296584676958,15.3546750590948,1.9814445056383,16.4403721104691,19.1415540281989,19.3823027598772,0.125298512802635,12,"2_JU3237_0.0625",NA,NA,NA,NA,NA,"2",756.836909183482,-540.618484430297
"20250619-CbDRC4-p007-m2x_B10_roi_0.png",20250619,"CbDRC4","p007","m2x","B10",0,235.871172232113,16.0540089383286,"","48h",10,"15hHB101","DMSO",1,"MOXIDECTIN",0.25,NA,NA,"JU3237",2,NA,NA,NA,204.338471507932,128.352590580482,147.567923007064,196.032678007713,212.142257464273,36.1366732801193,235.696952446021,237.452188666847,239.352544271666,0.1768471351158,14.5346903146712,10.5970635886958,13.0099923442554,14.271582518746,14.7502083508702,1.45207773542162,15.3082204094416,15.8084260189063,16.5614134610166,0.0999042775583535,15,"2_JU3237_0.25",NA,NA,NA,NA,NA,"2",756.836909183482,-544.694651719208
"20250619-CbDRC4-p007-m2x_B11_roi_0.png",20250619,"CbDRC4","p007","m2x","B11",0,241.791594883339,13.8425256099961,"","48h",10,"15hHB101","DMSO",1,"MOXIDECTIN",0.5,NA,NA,"JU3237",2,NA,NA,NA,213.039589717932,141.305082969975,186.39616329591,199.604553151632,219.422839567773,27.1655414987249,230.262713200705,240.722814960328,242.376524350154,0.127514052832586,14.6260435568455,11.3637561686349,11.9946998817706,13.5614932907921,13.9719756535765,3.28278279130099,14.7878142324588,15.7605973678314,25.5654312074886,0.224447765285406,15,"2_JU3237_0.5",NA,NA,NA,NA,NA,"2",756.836909183482,-537.414069615708
"20250619-CbDRC4-p007-m2x_B12_roi_0.png",20250619,"CbDRC4","p007","m2x","B12",0,234.872764645924,13.3805510907025,"","48h",10,"15hHB101","DMSO",1,"MOXIDECTIN",1,NA,NA,"JU3237",2,NA,NA,NA,176.053138408027,121.702989455333,126.254047408447,146.401696226415,173.828803266173,39.6628232611315,213.148754865736,220.385018971744,234.872764645924,0.225288930488746,13.7886181295234,11.4289399660755,12.0167910714874,12.5387920291797,13.9971788112659,1.37057999893046,14.9486749964826,15.2453192529699,15.2928852355027,0.0993993731682114,14,"2_JU3237_1",NA,NA,NA,NA,NA,"2",756.836909183482,-583.008105917308
"20250619-CbDRC4-p007-m2x_C01_roi_0.png",20250619,"CbDRC4","p007","m2x","C01",0,872.340742618388,41.4747988971396,"","48h",10,"15hHB101","DMSO",1,"MOXIDECTIN",0,NA,NA,"VX34",2,NA,NA,NA,871.321221767186,818.277700523876,828.232772839881,843.165381313889,861.901008764474,52.8405586958301,890.056849217771,921.945841096661,943.205169015921,0.0606441773433,40.0653361874299,39.4461350780211,39.4573444710112,39.4741585604965,39.6702053872794,0.95776995390542,40.2613830142128,40.9894325439689,41.4747988971396,0.0239052019787097,4,"2_VX34_0",NA,"n<5",NA,NA,NA,"2",841.848651392647,20.0523573718269
"20250619-CbDRC4-p007-m2x_C02_roi_0.png",20250619,"CbDRC4","p007","m2x","C02",0,941.782404830999,39.34433417768,"","48h",10,"15hHB101","DMSO",1,"MOXIDECTIN",0.00097,NA,NA,"VX34",2,NA,NA,NA,893.507131968933,845.231859106868,854.886913679281,869.369495537901,893.507131968933,68.2715456087947,917.644768399966,932.127350258586,941.782404830999,0.0764085066208161,40.4606226670568,39.34433417768,39.5675918755554,39.9024784223684,40.4606226670568,1.57867032119761,41.0187669117452,41.3536534585582,41.5769111564336,0.0390174499831159,2,"2_VX34_0.00097",NA,"n<5",NA,NA,NA,"2",841.848651392647,51.6584805762865
"20250619-CbDRC4-p007-m2x_C03_roi_0.png",20250619,"CbDRC4","p007","m2x","C03",0,837.050519743116,38.5173869464861,"","48h",10,"15hHB101","DMSO",1,"MOXIDECTIN",0.0019,NA,NA,"VX34",2,NA,NA,NA,751.95431614737,310.599628362232,521.179984914585,837.050519743116,849.541991114527,247.494571650384,880.915814376453,881.364502034894,881.663627140521,0.329135116769354,35.1074399299994,16.968462542426,25.58803230405,38.5173869464861,38.8849178619371,10.1886317336369,40.1678625938197,40.6662868607246,40.9985697053279,0.290212893732837,5,"2_VX34_0.0019",NA,NA,NA,NA,NA,"2",841.848651392647,7.69333972188053
"20250619-CbDRC4-p007-m2x_C04_roi_0.png",20250619,"CbDRC4","p007","m2x","C04",0,801.957614021049,37.9747174368148,"","48h",10,"15hHB101","DMSO",1,"MOXIDECTIN",0.0039,NA,NA,"VX34",2,NA,NA,NA,801.957614021049,801.957614021049,801.957614021049,801.957614021049,801.957614021049,NA,801.957614021049,801.957614021049,801.957614021049,NA,37.9747174368148,37.9747174368148,37.9747174368148,37.9747174368148,37.9747174368148,NA,37.9747174368148,37.9747174368148,37.9747174368148,NA,1,"2_VX34_0.0039",NA,"n<5",NA,NA,NA,"2",841.848651392647,-39.891037371598
"20250619-CbDRC4-p007-m2x_C05_roi_0.png",20250619,"CbDRC4","p007","m2x","C05",0,883.184623388503,37.4727561748982,"","48h",10,"15hHB101","DMSO",1,"MOXIDECTIN",0.0078,NA,NA,"VX34",2,NA,NA,NA,660.555293028291,437.925962668079,482.451828740121,549.240627848185,660.555293028291,314.845418377452,771.869958208397,838.65875731646,883.184623388503,0.476637492274197,27.5127733804397,17.5527905859811,19.5447871448728,22.5327819832104,27.5127733804397,14.0855427489259,32.4927647776689,35.4807596160065,37.4727561748982,0.511963754222615,2,"2_VX34_0.0078",NA,"n<5",NA,NA,NA,"2",841.848651392647,-181.293358364356
"20250619-CbDRC4-p007-m2x_C06_roi_0.png",20250619,"CbDRC4","p007","m2x","C06",0,246.624889599464,13.1421449144465,"","48h",10,"15hHB101","DMSO",1,"MOXIDECTIN",0.0156,NA,NA,"VX34",2,NA,NA,NA,226.798117505301,114.491005234492,115.053727025413,116.52926711078,146.281370885938,185.900795313584,228.292422144037,419.059254604551,591.493619609639,0.819675213173842,16.8615732278355,12.0867222465681,12.4874396534345,12.9016960856724,13.0422290381168,6.35843589378223,21.9087885191597,25.0550509919552,25.2790989298463,0.377096241724679,6,"2_VX34_0.0156",NA,NA,NA,NA,NA,"2",841.848651392647,-695.567280506709
"20250619-CbDRC4-p007-m2x_C07_roi_0.png",20250619,"CbDRC4","p007","m2x","C07",0,302.833275765632,16.4935796094331,"","48h",10,"15hHB101","DMSO",1,"MOXIDECTIN",0.03125,NA,NA,"VX34",2,NA,NA,NA,219.597027578311,129.588041151499,137.94269378925,153.20137921273,196.448819887013,79.4168852478523,299.82052143528,303.739377744837,305.098530713644,0.361648270578395,16.7393873380744,13.9128903620676,14.4416594887763,15.4146899929565,16.2242190906944,2.62263124266702,17.1018479024482,19.4282801664577,22.0055261229494,0.156674267086331,7,"2_VX34_0.03125",NA,NA,NA,NA,NA,"2",841.848651392647,-645.399831505634
"20250619-CbDRC4-p007-m2x_C08_roi_0.png",20250619,"CbDRC4","p007","m2x","C08",0,176.800391385242,11.3486482538494,"","48h",10,"15hHB101","DMSO",1,"MOXIDECTIN",0.0625,NA,NA,"VX34",2,NA,NA,NA,182.672887733921,134.072534009382,142.618105484554,155.436462697312,176.800391385242,51.7869288074453,206.973064596191,225.076668522759,237.145737807139,0.283495429726153,12.9826789303535,11.3486482538494,11.6706593473983,12.1536759877216,12.9587037215939,1.64614923047095,13.7996942686055,14.3042885968124,14.6406848156171,0.126795805342013,3,"2_VX34_0.0625",NA,"n<5",NA,NA,NA,"2",841.848651392647,-665.048260007404
"20250619-CbDRC4-p007-m2x_C09_roi_0.png",20250619,"CbDRC4","p007","m2x","C09",0,199.05008637928,12.6074797727417,"","48h",10,"15hHB101","DMSO",1,"MOXIDECTIN",0.125,NA,NA,"VX34",2,NA,NA,NA,231.032862324036,157.174773628502,169.737367453735,188.581258191585,212.632940356693,79.0491353967135,255.084544489143,307.048294768211,341.690794954256,0.34215537392184,11.937328135344,7.37902453353739,8.94756110529867,11.3003659629406,12.9006153251898,3.1481122252993,13.5375774975932,14.1564654135126,14.5690573574589,0.263720004142165,4,"2_VX34_0.125",NA,"n<5",NA,NA,NA,"2",841.848651392647,-629.215711035954
"20250619-CbDRC4-p007-m2x_C10_roi_0.png",20250619,"CbDRC4","p007","m2x","C10",0,163.058127326293,11.9606682292718,"","48h",10,"15hHB101","DMSO",1,"MOXIDECTIN",0.25,NA,NA,"VX34",2,NA,NA,NA,135.785691173337,108.513255020382,113.967742250973,122.14947309686,135.785691173337,38.5690490864644,149.421909249815,157.603640095702,163.058127326293,0.284043545039139,12.7997826369858,11.9606682292718,12.1284911108146,12.3802254331288,12.7997826369858,1.18668697577189,13.2193398408429,13.4710741631571,13.6388970446999,0.0927114943610743,2,"2_VX34_0.25",NA,"n<5",NA,NA,NA,"2",841.848651392647,-706.06296021931
"20250619-CbDRC4-p007-m2x_C11_roi_0.png",20250619,"CbDRC4","p007","m2x","C11",0,257.862324446117,14.2535176390439,"","48h",10,"15hHB101","DMSO",1,"MOXIDECTIN",0.5,NA,NA,"VX34",2,NA,NA,NA,178.953269108674,109.027091985839,127.251305942245,137.570191036514,164.81206463775,51.0521938308301,210.092047755957,255.124913267491,257.862324446117,0.285282264387287,13.5468586880224,10.9746179386159,12.6532539572257,13.2381416423341,13.4466320455548,1.07482640010196,14.1723551535742,14.6151828560198,15.3861351244927,0.0793413753590178,13,"2_VX34_0.5",NA,NA,NA,NA,NA,"2",841.848651392647,-677.036586754897
"20250619-CbDRC4-p007-m2x_C12_roi_0.png",20250619,"CbDRC4","p007","m2x","C12",0,193.170414141204,12.7219356261219,"","48h",10,"15hHB101","DMSO",1,"MOXIDECTIN",1,NA,NA,"VX34",2,NA,NA,NA,140.87830442083,116.607121385138,118.901578193808,122.343263406813,126.867841078489,35.2599482914909,145.402882092506,174.063401321725,193.170414141204,0.250286574902,12.3408249546804,10.1305028510433,10.8747387063931,11.9910924894177,12.6666123308322,1.58467801882478,13.0163447960949,13.5462813020464,13.899572306014,0.128409407364924,4,"2_VX34_1",NA,"n<5",NA,NA,NA,"2",841.848651392647,-714.980810314158
"20250619-CbDRC4-p007-m2x_D01_roi_0.png",20250619,"CbDRC4","p007","m2x","D01",0,940.58739615681,40.5404912986321,"","48h",10,"15hHB101","DMSO",1,"MOXIDECTIN",0,NA,NA,"PB420",2,NA,NA,NA,778.91088459564,734.730889190391,748.540965967627,762.108286557686,773.44881967437,32.6482939483072,789.162758529368,804.3314121668,940.58739615681,0.0419153135409786,38.9889630419185,34.9965966333001,36.711379645815,37.6973301137189,38.8500352566578,1.82645815674837,40.2457149283886,41.0822924127553,44.1213774039808,0.0468455176605922,46,"2_PB420_0",NA,NA,NA,NA,NA,"2",758.846883086449,14.6019365879215
"20250619-CbDRC4-p007-m2x_D02_roi_0.png",20250619,"CbDRC4","p007","m2x","D02",0,774.253391602771,39.2202957966568,"","48h",10,"15hHB101","DMSO",1,"MOXIDECTIN",0.00097,NA,NA,"PB420",2,NA,NA,NA,765.817513548528,714.588506157941,741.692495503498,758.382048132176,767.682374740679,19.4464071450826,775.9712680725,786.784347808122,810.124715144479,0.025393003948127,38.5548194905712,34.1245105478192,36.3495555956487,37.446597584939,38.8196848266261,1.68082726922686,39.7810201401767,40.6074174912482,41.2205315179035,0.0435957758701975,36,"2_PB420_0.00097",NA,NA,NA,NA,NA,"2",758.846883086449,8.83549165423028
"20250619-CbDRC4-p007-m2x_D03_roi_0.png",20250619,"CbDRC4","p007","m2x","D03",0,774.180690470041,36.8312570406663,"","48h",10,"15hHB101","DMSO",1,"MOXIDECTIN",0.0019,NA,NA,"PB420",2,NA,NA,NA,775.711012437759,722.024074544446,752.418869923639,762.232547306359,774.180690470041,25.5260610632897,782.233683541586,818.915526321528,832.679039790789,0.0329066632470141,37.7789051750471,34.4072279063049,36.2049331799733,36.8312570406663,37.7536760539289,1.56469364289479,38.6937320063253,39.4532357183504,41.8234879261232,0.0414171251296151,33,"2_PB420_0.0019",NA,NA,NA,"outlier","outlier","2",758.846883086449,15.3338073835923
"20250619-CbDRC4-p007-m2x_D04_roi_0.png",20250619,"CbDRC4","p007","m2x","D04",0,778.297104236825,36.1738270019392,"","48h",10,"15hHB101","DMSO",1,"MOXIDECTIN",0.0039,NA,NA,"PB420",2,NA,NA,NA,787.084130957534,683.810975037705,749.071811025459,766.803647578363,780.414408571825,41.619386224342,797.199745625783,842.355528629225,914.569776534209,0.0528779384405954,37.9525882314956,33.808299433323,36.1762576257063,36.766124020234,37.3287462786545,1.89181843952457,39.0787157623604,40.5932900753992,41.9245598714026,0.0498468886492071,42,"2_PB420_0.0039",NA,NA,NA,"outlier","outlier","2",758.846883086449,21.5675254853758
"20250619-CbDRC4-p007-m2x_D05_roi_0.png",20250619,"CbDRC4","p007","m2x","D05",0,800.672122946203,38.2470904572533,"","48h",10,"15hHB101","DMSO",1,"MOXIDECTIN",0.0078,NA,NA,"PB420",2,NA,NA,NA,762.056813270721,677.29189114081,722.474002442281,747.909717623006,762.802173813461,32.8694881963414,778.847486308909,796.77724716902,848.364484873798,0.0431325953970108,37.2278778183733,30.5370833172531,34.1315161022533,35.8921098367628,37.9741809555239,2.41988704713934,38.9185486969267,39.7681579253456,40.7061198881425,0.0650020143223162,54,"2_PB420_0.0078",NA,NA,NA,NA,NA,"2",758.846883086449,3.95529072701231
"20250619-CbDRC4-p007-m2x_D06_roi_0.png",20250619,"CbDRC4","p007","m2x","D06",0,432.833675930013,20.8906040746492,"","48h",10,"15hHB101","DMSO",1,"MOXIDECTIN",0.0156,NA,NA,"PB420",2,NA,NA,NA,365.376059243643,198.406785889812,305.836180078431,329.192501011778,363.947754842038,61.3686214520988,395.561929082301,440.721778038831,519.136122656563,0.167960160222694,18.5455580837585,14.8404916890808,16.3928226131179,17.0921476354934,18.401708369366,1.83534082301427,20.014665129039,21.1150778643951,22.0841651823691,0.0989639036326219,34,"2_PB420_0.0156",NA,NA,NA,NA,NA,"2",758.846883086449,-394.899128244411
"20250619-CbDRC4-p007-m2x_D07_roi_0.png",20250619,"CbDRC4","p007","m2x","D07",0,253.190056061826,15.5180392245368,"","48h",10,"15hHB101","DMSO",1,"MOXIDECTIN",0.03125,NA,NA,"PB420",2,NA,NA,NA,256.113163040906,215.98197894261,231.378362375884,248.007357897906,255.999118348396,17.7751282006027,267.685581575052,278.339712292692,286.16513232767,0.0694034152308045,14.9198025690951,10.4491104642911,13.8669485488982,14.504357060478,15.28907285731,1.22907262922694,15.7201204532538,15.8794456709837,16.0994923972536,0.082378612152204,25,"2_PB420_0.03125",NA,NA,NA,NA,NA,"2",758.846883086449,-502.847764738053
"20250619-CbDRC4-p007-m2x_D08_roi_0.png",20250619,"CbDRC4","p007","m2x","D08",0,260.085945164232,14.583574825628,"","48h",10,"15hHB101","DMSO",1,"MOXIDECTIN",0.0625,NA,NA,"PB420",2,NA,NA,NA,241.068259324409,129.635538931601,213.244684544921,226.389113662719,241.348177971759,34.1195142856988,258.678580515294,265.704986417485,334.954744949144,0.141534660686223,14.433565646253,12.1065692560702,13.5559940178902,13.9006059727696,14.5297440304024,0.849091984906147,15.0752286884951,15.495105524874,15.8785456725804,0.0588275971243857,25,"2_PB420_0.0625",NA,NA,NA,NA,NA,"2",758.846883086449,-517.49870511469
"20250619-CbDRC4-p007-m2x_D09_roi_0.png",20250619,"CbDRC4","p007","m2x","D09",0,209.745243146203,14.9688599774225,"","48h",10,"15hHB101","DMSO",1,"MOXIDECTIN",0.125,NA,NA,"PB420",2,NA,NA,NA,201.584823551784,99.7991129399497,148.765726046897,175.913272493483,219.174994978059,40.1883923218277,224.69353429486,243.624905269696,268.337279443811,0.199362192122086,13.9366055498256,10.0418292267426,12.2357823574637,13.4047044544492,14.1658132482544,1.20941731397154,14.5699141396991,15.1265350522909,15.886970328333,0.0867799055980798,34,"2_PB420_0.125",NA,NA,NA,NA,NA,"2",758.846883086449,-539.67188810839
"20250619-CbDRC4-p007-m2x_D10_roi_0.png",20250619,"CbDRC4","p007","m2x","D10",0,207.87118467254,13.4454896534645,"","48h",10,"15hHB101","DMSO",1,"MOXIDECTIN",0.25,NA,NA,"PB420",2,NA,NA,NA,220.104529097966,68.3277651025355,193.631501984213,211.158742259572,224.67872024189,34.9391946468022,236.376984066071,250.762155863638,268.166625882407,0.158739099054391,14.3717472788,12.5351935484766,13.5936632210163,13.9488233826182,14.234877527942,0.846945590403164,14.7683542689508,15.1617168454157,17.1280039082426,0.0589312888664907,33,"2_PB420_0.25",NA,NA,NA,NA,NA,"2",758.846883086449,-534.168162844559
"20250619-CbDRC4-p007-m2x_D11_roi_0.png",20250619,"CbDRC4","p007","m2x","D11",0,252.293030434474,12.8141869157535,"","48h",10,"15hHB101","DMSO",1,"MOXIDECTIN",0.5,NA,NA,"PB420",2,NA,NA,NA,223.564909725149,170.484426779975,197.568122322598,213.060617611636,223.609511452071,22.009853301491,239.219684838202,252.554974472832,254.093199171423,0.098449498754299,13.8644871209024,12.5543432942182,12.7382470677669,13.4572163997471,13.8869412692304,0.773266441129021,14.3802524679449,14.7953906324785,15.0060397503358,0.055773173171565,18,"2_PB420_0.5",NA,NA,NA,NA,NA,"2",758.846883086449,-535.237371634378
"20250619-CbDRC4-p007-m2x_D12_roi_0.png",20250619,"CbDRC4","p007","m2x","D12",0,194.461418805323,13.880940560253,"","48h",10,"15hHB101","DMSO",1,"MOXIDECTIN",1,NA,NA,"PB420",2,NA,NA,NA,211.460002229529,167.264212467157,178.459962020917,194.909240647967,215.087801580272,24.5560286221409,227.465703467718,240.875211552437,255.658107080867,0.116126115403549,13.6066686947032,8.83464769902082,12.1128524749133,12.8737523453744,13.880940560253,1.6632830825943,15.009403274385,15.2241642767139,15.6075868575822,0.122240286723655,23,"2_PB420_1",NA,NA,NA,NA,NA,"2",758.846883086449,-543.759081506177
"20250619-CbDRC4-p007-m2x_E01_roi_0.png",20250619,"CbDRC4","p007","m2x","E01",0,805.253228247673,38.464654257164,"","48h",10,"15hHB101","DMSO",1,"MOXIDECTIN",0,NA,NA,"NIC1667",2,NA,NA,NA,780.392764683921,648.769409960077,721.572835958753,752.696885132642,778.817122532641,54.1409826701545,803.823104507446,828.410768768053,1010.81991756891,0.0693765820497874,37.8961429774464,30.5918026726585,34.9810375918524,36.3481910601077,38.5322817640394,2.62746433317622,39.392175374032,40.5940433255014,43.1283203336118,0.0693332916423694,44,"2_NIC1667_0",NA,NA,NA,NA,NA,"2",774.728395535816,4.08872699682536
"20250619-CbDRC4-p007-m2x_E02_roi_0.png",20250619,"CbDRC4","p007","m2x","E02",0,800.428860096247,37.3327207769801,"","48h",10,"15hHB101","DMSO",1,"MOXIDECTIN",0.00097,NA,NA,"NIC1667",2,NA,NA,NA,782.853091151512,703.799455681143,732.749885708978,760.269307016737,784.844351117216,38.1722224242127,811.550552733949,822.724657822334,871.590681710843,0.0487603904942938,37.9731482624433,33.5043408062893,35.4717506598458,36.5110132411483,38.3337082320463,1.9725837046925,39.2353286731872,40.7166745462797,41.255254802721,0.0519468043855464,45,"2_NIC1667_0.00097",NA,NA,NA,NA,NA,"2",774.728395535816,10.1159555814004
"20250619-CbDRC4-p007-m2x_E03_roi_0.png",20250619,"CbDRC4","p007","m2x","E03",0,782.21636843742,38.0304143017939,"","48h",10,"15hHB101","DMSO",1,"MOXIDECTIN",0.0019,NA,NA,"NIC1667",2,NA,NA,NA,776.152946623059,692.381196309489,733.395742273708,754.724824469139,779.942363906092,35.8457925049152,800.139986576476,816.046154746918,844.356493839822,0.0461839289032858,38.3137339175598,31.2529409972777,35.8053283270682,36.9838403369724,38.488078792299,2.35711021379544,40.0167081891397,40.8572211286082,42.4705023931033,0.061521286828041,42,"2_NIC1667_0.0019",NA,NA,NA,NA,NA,"2",774.728395535816,5.21396837027658
"20250619-CbDRC4-p007-m2x_E04_roi_0.png",20250619,"CbDRC4","p007","m2x","E04",0,818.994830586652,39.0202456072561,"","48h",10,"15hHB101","DMSO",1,"MOXIDECTIN",0.0039,NA,NA,"NIC1667",2,NA,NA,NA,778.57007872223,448.320624384988,739.122345387992,765.817511164627,788.885967301652,61.6423179000932,815.396375695344,828.603088869404,845.380482148193,0.0791737565888213,37.9101677224468,21.9070080801736,35.6500917140117,37.2332152674313,38.3656144715308,3.41555173963964,39.5478641849263,40.7981967799148,43.3953428274327,0.0900959279485665,54,"2_NIC1667_0.0039",NA,NA,NA,NA,NA,"2",774.728395535816,14.1575717658369
"20250619-CbDRC4-p007-m2x_E05_roi_0.png",20250619,"CbDRC4","p007","m2x","E05",0,784.890124869938,35.8757493511005,"","48h",10,"15hHB101","DMSO",1,"MOXIDECTIN",0.0078,NA,NA,"NIC1667",2,NA,NA,NA,782.038486795339,478.290947895576,735.309741903333,752.647263937523,794.9179935714,58.1922765484004,816.659369074342,832.977311880827,850.327947653247,0.0744110136917461,37.6541192208231,24.469956668413,35.2438518147621,36.4445021285632,37.6033308528486,2.81125685123598,39.116492013237,40.2060013286802,44.20218517222,0.0746600082383903,48,"2_NIC1667_0.0078",NA,NA,NA,NA,NA,"2",774.728395535816,20.1895980355839
"20250619-CbDRC4-p007-m2x_E06_roi_0.png",20250619,"CbDRC4","p007","m2x","E06",0,748.035701896718,31.2864645754009,"","48h",10,"15hHB101","DMSO",1,"MOXIDECTIN",0.0156,NA,NA,"NIC1667",2,NA,NA,NA,497.160495925939,315.049886818897,361.63605411578,385.1058645868,502.357276022723,127.169691149648,625.594631385995,679.965795547432,748.035701896718,0.255792027306596,23.4593078504367,16.985848472193,17.6038947180863,18.4861875097552,22.2292403703033,5.82076451865691,27.2541279119943,31.862495792115,37.4891010817392,0.248121750043387,52,"2_NIC1667_0.0156",NA,NA,NA,NA,NA,"2",774.728395535816,-272.371119513092
"20250619-CbDRC4-p007-m2x_E07_roi_0.png",20250619,"CbDRC4","p007","m2x","E07",0,299.390830857307,14.8573001162957,"","48h",10,"15hHB101","DMSO",1,"MOXIDECTIN",0.03125,NA,NA,"NIC1667",2,NA,NA,NA,271.8768783138,155.284691835794,247.092282544426,261.931133293556,276.423224443564,33.4465642584609,292.812135406957,298.806565671707,330.196057485296,0.123020995628238,15.3784512677066,11.2673023858228,14.2607000036243,14.858001476729,15.596560182177,1.09537639911528,15.8143999104334,16.2674727535392,18.3824271013159,0.0712280046961211,34,"2_NIC1667_0.03125",NA,NA,NA,NA,NA,"2",774.728395535816,-498.305171092252
"20250619-CbDRC4-p007-m2x_E08_roi_0.png",20250619,"CbDRC4","p007","m2x","E08",0,294.904076691903,14.6460528859849,"","48h",10,"15hHB101","DMSO",1,"MOXIDECTIN",0.0625,NA,NA,"NIC1667",2,NA,NA,NA,240.435200281395,106.977850724318,214.918339409429,235.155147799833,249.632708683631,41.1561903970154,258.79255745879,270.556494551827,294.904076691903,0.171173731420557,15.4351707318659,14.5596858768551,14.7111645626334,14.9054865681851,15.2486007863036,1.08124923295833,15.587444140906,15.6646257190766,19.2611412774499,0.0700510057025861,16,"2_NIC1667_0.0625",NA,NA,NA,NA,NA,"2",774.728395535816,-525.095686852185
"20250619-CbDRC4-p007-m2x_E09_roi_0.png",20250619,"CbDRC4","p007","m2x","E09",0,217.217239254164,16.0040412075379,"","48h",10,"15hHB101","DMSO",1,"MOXIDECTIN",0.125,NA,NA,"NIC1667",2,NA,NA,NA,245.257044120329,150.096548684389,218.320489250964,229.262816825017,247.76921536503,26.1323482490634,265.183140051811,273.088410189914,288.879673447907,0.106550857052009,15.1049611890878,12.8335553350355,13.5519383474047,14.3231536366611,15.0299539580885,1.96394155742223,15.4329801613912,15.9399453310964,26.6670185978321,0.130019636120682,44,"2_NIC1667_0.125",NA,NA,NA,"outlier","outlier","2",774.728395535816,-526.959180170786
"20250619-CbDRC4-p007-m2x_E10_roi_0.png",20250619,"CbDRC4","p007","m2x","E10",0,229.816778694244,16.2051537050425,"","48h",10,"15hHB101","DMSO",1,"MOXIDECTIN",0.25,NA,NA,"NIC1667",2,NA,NA,NA,248.699436074585,189.01118931301,217.495836363547,231.458810258965,247.551612853289,30.881202861534,257.060394005471,279.756576025218,340.899741158555,0.124170779592249,14.8381091391811,11.8975748107282,13.3518247859995,14.0876122445199,14.7539677975375,1.73073068234263,15.3209557967923,16.1399414283559,20.7378688020307,0.116640918738932,23,"2_NIC1667_0.25",NA,NA,NA,NA,NA,"2",774.728395535816,-527.176782682526
"20250619-CbDRC4-p007-m2x_E11_roi_0.png",20250619,"CbDRC4","p007","m2x","E11",0,239.32589378404,15.0160845399556,"","48h",10,"15hHB101","DMSO",1,"MOXIDECTIN",0.5,NA,NA,"NIC1667",2,NA,NA,NA,223.141160285561,120.550555264841,182.058618630077,219.423687422183,229.714910398408,33.9390205233831,244.281495308068,249.004998990263,276.108683430369,0.152096639095854,13.7876512689206,11.5382018297253,12.9123805676295,13.2436892559122,13.8411800326217,0.974819122760547,14.6318506502608,14.9598300439682,15.3307350958024,0.0707023338309934,34,"2_NIC1667_0.5",NA,NA,NA,"outlier","outlier","2",774.728395535816,-545.013485137407
"20250619-CbDRC4-p007-m2x_E12_roi_0.png",20250619,"CbDRC4","p007","m2x","E12",0,248.654229004348,13.7426126489514,"","48h",10,"15hHB101","DMSO",1,"MOXIDECTIN",1,NA,NA,"NIC1667",2,NA,NA,NA,217.710038706394,141.680080933529,166.346212677575,195.685754721891,225.526166293383,36.8474260973934,234.16255990776,253.119113121254,293.199739904989,0.169250009399365,13.8093570294709,11.3023530152455,11.9801731455908,13.6505649883272,13.9184081030362,1.11668517787531,14.4625531499539,14.6104240029342,15.8719136629424,0.0808643860457924,21,"2_NIC1667_1",NA,NA,NA,NA,NA,"2",774.728395535816,-549.202229242433
"20250619-CbDRC4-p007-m2x_F01_roi_0.png",20250619,"CbDRC4","p007","m2x","F01",0,879.725420091111,42.9395006725279,"","48h",10,"15hHB101","DMSO",1,"MOXIDECTIN",0,NA,NA,"ED3102",2,NA,NA,NA,880.323307544543,746.885359371565,822.165231893494,859.285131006665,883.042345612573,47.5545540771748,902.922156140641,924.297147968896,1033.71178701197,0.0540194195355536,41.6689677653914,37.3581229336613,38.517130751717,39.4239702184476,41.6751188245639,2.64133521748198,43.6419708486451,45.6065202704616,46.9019748693135,0.0633885445003936,50,"2_ED3102_0",NA,NA,NA,NA,NA,"2",850.390521362296,32.6518242502765
"20250619-CbDRC4-p007-m2x_F02_roi_0.png",20250619,"CbDRC4","p007","m2x","F02",0,896.86848405216,40.6123603819771,"","48h",10,"15hHB101","DMSO",1,"MOXIDECTIN",0.00097,NA,NA,"ED3102",2,NA,NA,NA,880.875116928144,771.089545631205,813.421164845192,861.52914032531,878.955382654528,48.008751748467,901.060619493492,937.278442155976,996.573513707403,0.0545012009374119,41.6344128412986,36.6384845881737,39.2970275589048,40.1762744412868,41.0791660713882,2.27323283572926,42.5251235471411,45.0912716169844,46.6233084628541,0.0545998533567491,42,"2_ED3102_0.00097",NA,NA,NA,NA,NA,"2",850.390521362296,28.564861292232
"20250619-CbDRC4-p007-m2x_F03_roi_0.png",20250619,"CbDRC4","p007","m2x","F03",0,859.601314967969,43.8688693365206,"","48h",10,"15hHB101","DMSO",1,"MOXIDECTIN",0.0019,NA,NA,"ED3102",2,NA,NA,NA,876.458743819472,780.90403345537,816.062796363388,859.916880261663,879.881360866509,42.8047254219277,903.898608307256,923.167499165663,945.336224859156,0.0488382661748473,41.9096442299032,33.8054502191577,39.1318215424625,40.8781446114711,41.7767687198277,2.54935383734189,43.5363774883182,44.6520250405172,46.6592263423086,0.0608297656586378,31,"2_ED3102_0.0019",NA,NA,NA,NA,NA,"2",850.390521362296,29.4908395042132
"20250619-CbDRC4-p007-m2x_F04_roi_0.png",20250619,"CbDRC4","p007","m2x","F04",0,914.1089832479,40.1272547495108,"","48h",10,"15hHB101","DMSO",1,"MOXIDECTIN",0.0039,NA,NA,"ED3102",2,NA,NA,NA,879.136668292425,815.103565574199,844.011898927668,864.926532495318,881.47654238698,29.6840424798586,892.540660026178,905.89675298361,980.415625878445,0.0337649918954181,41.6427889485114,37.807603080003,39.4876618154564,40.5917623045193,41.5504711735494,1.82377626324873,42.9255437488445,43.7969390035201,45.5016641598474,0.0437957281272325,35,"2_ED3102_0.0039",NA,NA,NA,NA,NA,"2",850.390521362296,31.0860210246833
"20250619-CbDRC4-p007-m2x_F05_roi_0.png",20250619,"CbDRC4","p007","m2x","F05",0,929.121101643472,40.7516554587739,"","48h",10,"15hHB101","DMSO",1,"MOXIDECTIN",0.0078,NA,NA,"ED3102",2,NA,NA,NA,860.576548791825,505.788603614542,802.787836392865,831.385694357232,874.013018023657,76.6519173684673,902.21923925513,916.818405722599,986.377377456713,0.0890704231669803,40.8247493468029,27.7772832896559,37.398589828468,39.4220684670122,41.1208643492455,3.12900010532042,42.5744640234288,44.1894550857294,46.0728236108498,0.0766446862597935,46,"2_ED3102_0.0078",NA,NA,NA,NA,NA,"2",850.390521362296,23.6224966613605
"20250619-CbDRC4-p007-m2x_F06_roi_0.png",20250619,"CbDRC4","p007","m2x","F06",0,632.941676190662,29.7382209590712,"","48h",10,"15hHB101","DMSO",1,"MOXIDECTIN",0.0156,NA,NA,"ED3102",2,NA,NA,NA,374.819401844884,250.603108084561,284.31925359699,311.301865103898,361.665520645567,82.8374888375599,405.092908693348,478.837800743405,632.941676190662,0.221006405831259,19.2453612509453,14.5921699569073,16.2156626726925,17.3718542428046,18.2816603221401,2.98004206035948,20.1949104457221,22.7001919263131,29.7382209590712,0.154844693300476,49,"2_ED3102_0.0156",NA,NA,NA,NA,NA,"2",850.390521362296,-488.725000716729
"20250619-CbDRC4-p007-m2x_F07_roi_0.png",20250619,"CbDRC4","p007","m2x","F07",0,252.07330732154,16.1885963990893,"","48h",10,"15hHB101","DMSO",1,"MOXIDECTIN",0.03125,NA,NA,"ED3102",2,NA,NA,NA,225.372991667043,131.792131209122,188.737300255051,216.192663464227,227.824848684196,30.4137636577303,250.599435897569,255.530683788842,269.828630132716,0.134948573175362,15.6801684429538,12.3077330803209,13.4703134049198,15.1122511517946,15.9164023464704,1.78307507206419,16.1885963990893,16.4170570277505,22.2138502028572,0.113715300862437,25,"2_ED3102_0.03125",NA,NA,NA,"outlier","outlier","2",850.390521362296,-622.5656726781
"20250619-CbDRC4-p007-m2x_F08_roi_0.png",20250619,"CbDRC4","p007","m2x","F08",0,212.172084797042,15.4442403788137,"","48h",10,"15hHB101","DMSO",1,"MOXIDECTIN",0.0625,NA,NA,"ED3102",2,NA,NA,NA,225.087823763179,184.823640270445,202.93116786833,213.906126422082,226.173822986591,18.0009796344736,238.542447599292,246.472173459841,262.819531080084,0.0799731381889983,15.142078616283,12.6464289857294,13.5005694311672,14.3872337171416,15.0653246489947,1.30628037961514,15.6664926030342,16.8935004265214,18.8885962012053,0.0862682338876805,43,"2_ED3102_0.0625",NA,NA,NA,NA,NA,"2",850.390521362296,-624.216698375705
"20250619-CbDRC4-p007-m2x_F09_roi_0.png",20250619,"CbDRC4","p007","m2x","F09",0,215.646227762945,13.332776164307,"","48h",10,"15hHB101","DMSO",1,"MOXIDECTIN",0.125,NA,NA,"ED3102",2,NA,NA,NA,209.673154971655,133.396693933692,184.301493542825,192.055058452796,203.341004819806,27.8503295169657,225.899378215885,244.746846568432,276.449086074666,0.132827349885257,15.1908597612635,13.2063536398962,13.7994848413708,14.5128158365333,15.1514986043205,1.15318077193453,15.791677418421,16.8052914942314,18.3228242927379,0.0759128048087923,38,"2_ED3102_0.125",NA,NA,NA,NA,NA,"2",850.390521362296,-647.04951654249
"20250619-CbDRC4-p007-m2x_F10_roi_0.png",20250619,"CbDRC4","p007","m2x","F10",0,216.330136072235,12.6239369777202,"","48h",10,"15hHB101","DMSO",1,"MOXIDECTIN",0.25,NA,NA,"ED3102",2,NA,NA,NA,202.188323989497,160.889793071909,177.264527422307,187.121133149182,200.26445062779,23.3653751650361,213.532582616525,230.0822325408,255.039312017998,0.115562435574914,14.2599813371051,12.1775846626299,12.6123217141547,13.2205883625168,14.3161794188066,1.30078907323613,15.2729188971854,15.7940673569162,16.3594473405048,0.0912195494850625,23,"2_ED3102_0.25",NA,NA,NA,NA,NA,"2",850.390521362296,-650.126070734506
"20250619-CbDRC4-p007-m2x_F11_roi_0.png",20250619,"CbDRC4","p007","m2x","F11",0,201.148660907166,15.5895478063592,"","48h",10,"15hHB101","DMSO",1,"MOXIDECTIN",0.5,NA,NA,"ED3102",2,NA,NA,NA,192.967018411616,118.711892586909,152.269839908041,180.726870383326,201.148660907166,30.5835560033767,214.133685304465,221.745809171859,243.271698618573,0.158491105138699,14.1239395710453,9.77649558259793,11.6265572786476,12.6787463124352,14.5171198235001,2.03936825346342,15.303914346402,16.0056009675549,18.1797894423638,0.144390893433459,29,"2_ED3102_0.5",NA,NA,NA,NA,NA,"2",850.390521362296,-649.24186045513
"20250619-CbDRC4-p007-m2x_F12_roi_0.png",20250619,"CbDRC4","p007","m2x","F12",0,235.850890103748,14.4216247373103,"","48h",10,"15hHB101","DMSO",1,"MOXIDECTIN",1,NA,NA,"ED3102",2,NA,NA,NA,198.115472901878,78.8772038448012,165.190805499255,172.48704302822,204.275981914185,36.1356121970293,225.852436564638,238.058684599102,255.099935929692,0.182396718780902,14.594927190531,9.9039715430834,12.6408789018468,13.711744880061,14.5955466004421,1.58320600063724,15.4433549338701,16.469189316263,17.698735590966,0.10847645760538,35,"2_ED3102_1",NA,NA,NA,NA,NA,"2",850.390521362296,-646.114539448111
"20250619-CbDRC4-p008-m2x_A01_roi_0.png",20250619,"CbDRC4","p008","m2x","A01",0,848.028512918189,37.3103656082544,"","48h",10,"15hHB101","DMSO",1,"MOXIDECTIN",0,NA,NA,"ECA2666",2,NA,NA,NA,765.874587442644,505.894098926623,688.353315270806,738.814970008396,772.827888984366,69.9533192112431,816.509229474039,845.41325147748,858.681514208078,0.0913378252238743,35.0429445008828,23.421963964529,30.7802764268223,33.9835478661478,35.8744068947316,3.61600645596734,37.3103656082544,38.8247766682314,39.6794397878119,0.103187860137616,33,"2_ECA2666_0",NA,NA,NA,NA,NA,"2",777.986030494324,-5.158141509958
"20250619-CbDRC4-p008-m2x_A02_roi_0.png",20250619,"CbDRC4","p008","m2x","A02",0,831.057514862877,37.5855138073414,"","48h",10,"15hHB101","DMSO",1,"MOXIDECTIN",0.00097,NA,NA,"ECA2666",2,NA,NA,NA,788.250033814757,701.508752766048,723.878918144739,766.216596854596,798.676483648718,42.1978621116668,812.449746145118,839.550518809881,867.494667244579,0.0535336001286916,36.2820545298553,28.0814378771161,34.0135029893146,35.0375736331079,36.7593574619124,2.35226655249214,37.521291208776,38.3862157356362,40.1911142695501,0.0648327825690394,31,"2_ECA2666_0.00097",NA,NA,NA,NA,NA,"2",777.986030494324,20.6904531543942
"20250619-CbDRC4-p008-m2x_A03_roi_0.png",20250619,"CbDRC4","p008","m2x","A03",0,800.428798609707,35.8734758930942,"","48h",10,"15hHB101","DMSO",1,"MOXIDECTIN",0.0019,NA,NA,"ECA2666",2,NA,NA,NA,760.610159079341,145.159237308382,727.63567504036,753.395393374172,780.688065689716,118.914713688253,805.442687211923,829.086010444352,848.473499176552,0.156341211419251,34.8774602818688,11.2476917414092,33.0475371699294,33.7756095297191,35.9836304695132,4.79008610906419,37.0073053761106,37.9252607528355,39.7139156719345,0.137340450547494,32,"2_ECA2666_0.0019",NA,NA,NA,NA,NA,"2",777.986030494324,2.70203519539155
"20250619-CbDRC4-p008-m2x_A04_roi_0.png",20250619,"CbDRC4","p008","m2x","A04",0,801.069907622356,35.5480806295134,"","48h",10,"15hHB101","DMSO",1,"MOXIDECTIN",0.0039,NA,NA,"ECA2666",2,NA,NA,NA,733.379116012544,322.986049480285,532.163573824823,733.128088373058,769.742568825358,129.85516287735,806.806966724605,839.830558600366,879.814509314894,0.177064167825484,36.1072373666914,25.5362670793427,32.8217199255053,34.5365990786213,35.8623425300978,3.63163373483973,38.2056121287538,40.2545778723497,43.4254196571415,0.100579108225817,27,"2_ECA2666_0.0039",NA,NA,NA,NA,NA,"2",777.986030494324,-8.24346166896623
"20250619-CbDRC4-p008-m2x_A05_roi_0.png",20250619,"CbDRC4","p008","m2x","A05",0,738.970081213637,35.5645985703733,"","48h",10,"15hHB101","DMSO",1,"MOXIDECTIN",0.0078,NA,NA,"ECA2666",2,NA,NA,NA,740.581676982107,448.273607892161,666.854169347801,719.809266206136,750.437157461871,73.817072833813,780.798750096266,820.142234602227,852.830503170673,0.0996744520261692,35.3442147659364,27.2692296541973,31.136963208635,33.9497386831492,35.505788274687,3.00759838419903,37.4810058685552,38.3335349617342,41.5496547830253,0.0850945028519251,46,"2_ECA2666_0.0078",NA,NA,NA,NA,NA,"2",777.986030494324,-27.5488730324525
"20250619-CbDRC4-p008-m2x_A07_roi_0.png",20250619,"CbDRC4","p008","m2x","A07",0,301.781592177135,14.3167017777921,"","48h",10,"15hHB101","DMSO",1,"MOXIDECTIN",0.03125,NA,NA,"ECA2666",2,NA,NA,NA,277.034545729402,151.333071522493,244.882478118558,255.266764280361,279.815478773835,39.6932579126385,302.113744713402,315.48614287926,332.765413792335,0.143279091089995,16.2777007600529,13.6369808049233,14.3393572597327,14.590313423611,15.4982989667995,4.28208474994944,16.2255953785706,16.8027860729982,34.9203146097854,0.263064471639514,22,"2_ECA2666_0.03125",NA,NA,NA,NA,NA,"2",777.986030494324,-498.170551720489
"20250619-CbDRC4-p008-m2x_A08_roi_0.png",20250619,"CbDRC4","p008","m2x","A08",0,254.975360068626,13.0513407495975,"","48h",10,"15hHB101","DMSO",1,"MOXIDECTIN",0.0625,NA,NA,"ECA2666",2,NA,NA,NA,219.358722369976,117.190522846814,185.300987783006,205.15779315932,229.105686020967,35.2526641535821,244.162340209462,253.858017959878,264.574633338353,0.160707829498223,14.0614675575161,11.7869059298967,12.4202872086792,13.0280441585964,14.2230748572172,1.29540176894783,14.8791044309093,15.3093514551469,17.2630568668086,0.0921242227135405,33,"2_ECA2666_0.0625",NA,NA,NA,NA,NA,"2",777.986030494324,-548.880344473357
"20250619-CbDRC4-p008-m2x_A09_roi_0.png",20250619,"CbDRC4","p008","m2x","A09",0,247.718920723457,14.8212179197065,"","48h",10,"15hHB101","DMSO",1,"MOXIDECTIN",0.125,NA,NA,"ECA2666",2,NA,NA,NA,201.178346188973,123.307758263252,134.889795282638,188.156835334193,210.992451754687,37.488982733316,222.843553256059,239.271588928016,251.495454211749,0.186347007237556,14.0032337261209,10.1242003783283,12.5501318871274,13.6152374790514,14.1494351653974,1.4496749198936,14.7428391168196,15.3315017846022,16.8719972802648,0.103524296476567,18,"2_ECA2666_0.125",NA,NA,NA,NA,NA,"2",777.986030494324,-566.993578739637
"20250619-CbDRC4-p008-m2x_A10_roi_0.png",20250619,"CbDRC4","p008","m2x","A10",0,218.508222070033,14.2032304552988,"","48h",10,"15hHB101","DMSO",1,"MOXIDECTIN",0.25,NA,NA,"ECA2666",2,NA,NA,NA,198.169231878239,129.958311719871,143.81585624158,195.912061244388,199.328752030195,31.0212005677769,220.292962444898,226.625151135966,256.327957127533,0.156538935301708,13.5102244591682,9.75957195380722,11.9812511381024,13.5188529274834,13.9347187022777,1.38864515262511,14.2931292416533,14.5506425467392,15.4207726826478,0.102784758078742,23,"2_ECA2666_0.25",NA,NA,NA,NA,NA,"2",777.986030494324,-578.657278464129
"20250619-CbDRC4-p008-m2x_A11_roi_0.png",20250619,"CbDRC4","p008","m2x","A11",0,209.343115810168,13.9654320868285,"","48h",10,"15hHB101","DMSO",1,"MOXIDECTIN",0.5,NA,NA,"ECA2666",2,NA,NA,NA,195.524957034831,106.510942787603,141.887936674169,177.307469731681,206.673573883543,39.3103072378048,220.588207793275,231.147260773838,282.873173147459,0.201050074803504,16.2907684403746,10.8104113856618,11.9625483544787,13.5306231459225,14.5377533154778,5.62726985739901,16.0924318596863,22.9685024249721,37.3993176938321,0.345426913284983,25,"2_ECA2666_0.5",NA,NA,NA,NA,NA,"2",777.986030494324,-571.312456610781
"20250619-CbDRC4-p008-m2x_A12_roi_0.png",20250619,"CbDRC4","p008","m2x","A12",0,204.113084035881,14.4105284434231,"","48h",10,"15hHB101","DMSO",1,"MOXIDECTIN",1,NA,NA,"ECA2666",2,NA,NA,NA,190.331532751137,5.56667319516534,136.606292493132,183.846159714336,207.296370172413,49.8777544709537,215.008439542085,227.119080986727,235.882613927684,0.262057231137681,33.1485399610707,9.00292146464543,11.4993312510383,13.2857140054433,13.9467972013302,97.5578010533427,14.4105284434231,15.216667914511,501.350238124508,2.94304971404212,25,"2_ECA2666_1",NA,NA,NA,NA,NA,"2",777.986030494324,-570.689660321911
"20250619-CbDRC4-p008-m2x_B01_roi_0.png",20250619,"CbDRC4","p008","m2x","B01",0,792.064185461304,40.4157259272942,"","48h",10,"15hHB101","DMSO",1,"MOXIDECTIN",0,NA,NA,"JU3237",2,NA,NA,NA,759.367108866505,718.595123343657,727.497139838717,739.233502795523,763.381889325463,24.2228445822623,777.704181064699,786.831171127296,792.064185461304,0.0318987276370442,39.6918603881574,36.3174164485054,36.914873550075,38.6969259981459,39.8061269978965,1.92141700045304,40.5259751132112,41.3086191581331,43.3424501807686,0.0484083381747035,13,"2_JU3237_0",NA,NA,NA,NA,NA,"2",756.836909183482,6.544980141981
"20250619-CbDRC4-p008-m2x_B02_roi_0.png",20250619,"CbDRC4","p008","m2x","B02",0,712.641890850965,35.6345958275754,"","48h",10,"15hHB101","DMSO",1,"MOXIDECTIN",0.00097,NA,NA,"JU3237",2,NA,NA,NA,755.843918883756,702.523368616465,706.120555328803,727.409030763755,749.030461334493,37.3981018044978,791.170336102569,806.094046126431,815.386181695467,0.0494786038098023,39.3216963968652,34.5670835631819,35.6345958275754,37.5767799003086,40.1274500041923,2.45173247403087,40.7441506050137,41.546217297005,43.1742759908805,0.0623506282456911,21,"2_JU3237_0.00097",NA,NA,NA,NA,NA,"2",756.836909183482,-7.80644784898891
"20250619-CbDRC4-p008-m2x_B03_roi_0.png",20250619,"CbDRC4","p008","m2x","B03",0,760.510001036263,39.2861746276793,"","48h",10,"15hHB101","DMSO",1,"MOXIDECTIN",0.0019,NA,NA,"JU3237",2,NA,NA,NA,767.831238024522,699.160184320013,708.358787844713,742.345479503978,780.017690715562,34.7099334585629,791.149217755641,804.053653675671,814.641053647968,0.0452051593366593,39.3716606319324,34.6229818022742,36.7782111717756,38.6290290772691,39.5192934365739,1.82531642068325,40.0809832998451,41.170506063257,43.3360049982867,0.0463611742910032,22,"2_JU3237_0.0019",NA,NA,NA,NA,NA,"2",756.836909183482,23.1807815320801
"20250619-CbDRC4-p008-m2x_B04_roi_0.png",20250619,"CbDRC4","p008","m2x","B04",0,788.899823913891,39.7545695480851,"","48h",10,"15hHB101","DMSO",1,"MOXIDECTIN",0.0039,NA,NA,"JU3237",2,NA,NA,NA,747.543843208587,161.931837559993,702.93960679294,725.001754820234,778.577128164435,128.14403708452,801.53778577664,824.566407083022,851.868763630829,0.171420095622089,37.9456534268571,11.905332219003,34.9370131309528,36.1725302502517,39.9101601995614,5.96937134467067,41.164446254992,41.7472356627179,43.9013540313546,0.157313705407052,26,"2_JU3237_0.0039",NA,NA,NA,NA,NA,"2",756.836909183482,21.7402189809533
"20250619-CbDRC4-p008-m2x_B05_roi_0.png",20250619,"CbDRC4","p008","m2x","B05",0,767.48083041007,40.3420306972491,"","48h",10,"15hHB101","DMSO",1,"MOXIDECTIN",0.0078,NA,NA,"JU3237",2,NA,NA,NA,756.685953245644,639.569793769069,701.595812473514,732.929724283711,757.755375083507,48.1553641569132,782.808497984859,810.293967495491,831.959507740268,0.0636398283202707,37.822632083057,29.8596331404501,33.3018395721744,34.8033035446948,38.7831245171941,3.50049627578264,40.5894811123271,41.1521165750415,41.8310971880902,0.092550308717164,17,"2_JU3237_0.0078",NA,NA,NA,NA,NA,"2",756.836909183482,0.918465900025126
"20250619-CbDRC4-p008-m2x_B06_roi_0.png",20250619,"CbDRC4","p008","m2x","B06",0,473.825868277703,21.5845956661241,"","48h",10,"15hHB101","DMSO",1,"MOXIDECTIN",0.0156,NA,NA,"JU3237",2,NA,NA,NA,448.355336792057,344.310714714242,364.725920134873,391.566469226061,414.218453888945,92.4246328624324,469.675553736713,603.987755422242,686.339104624623,0.206141480379653,21.152425648427,17.0070814010811,17.8399803586208,18.8635592137164,20.4000559258236,3.60548914853047,21.5869872012394,26.6466881804054,31.243459155899,0.170452751304132,20,"2_JU3237_0.0156",NA,NA,NA,NA,NA,"2",756.836909183482,-342.618455294537
"20250619-CbDRC4-p008-m2x_B07_roi_0.png",20250619,"CbDRC4","p008","m2x","B07",0,241.718620620656,14.9154507993274,"","48h",10,"15hHB101","DMSO",1,"MOXIDECTIN",0.03125,NA,NA,"JU3237",2,NA,NA,NA,246.635274412213,157.918585813751,203.934943974009,238.165568350752,246.448770105979,45.7553780958214,270.45932208636,284.372083092682,304.82978409154,0.185518386227869,15.675605021174,14.3324181686477,14.6822377470555,15.0578016121517,15.6932450658147,0.943181819040145,16.3174729839563,16.7935367486453,16.9530227215396,0.0601687665494334,7,"2_JU3237_0.03125",NA,NA,NA,NA,NA,"2",756.836909183482,-510.388139077503
"20250619-CbDRC4-p008-m2x_B08_roi_0.png",20250619,"CbDRC4","p008","m2x","B08",0,188.317755384128,15.4398665812587,"","48h",10,"15hHB101","DMSO",1,"MOXIDECTIN",0.0625,NA,NA,"JU3237",2,NA,NA,NA,227.397551666674,148.582702644555,176.25198228527,191.103844963459,206.67592144633,81.5548427615275,242.969645262545,260.026261234808,518.981992222367,0.358644330881244,14.6325025612416,11.5080939746763,12.8134538201174,14.1026130362733,14.7267529240704,1.50214192333019,15.4016297774985,16.1885233393273,17.7894480620654,0.102657895807177,17,"2_JU3237_0.0625",NA,NA,NA,NA,NA,"2",756.836909183482,-550.160987737152
"20250619-CbDRC4-p008-m2x_B09_roi_0.png",20250619,"CbDRC4","p008","m2x","B09",0,236.03098092177,13.7100274829843,"","48h",10,"15hHB101","DMSO",1,"MOXIDECTIN",0.125,NA,NA,"JU3237",2,NA,NA,NA,231.78978005569,134.943720300526,219.926888624473,223.546324767623,233.324759623742,31.5056748468239,247.458941566479,258.578664407071,277.986030354033,0.135923485665564,14.100324505448,10.1806007908932,12.0807246703003,13.6392605491187,13.9297503943864,1.69794350648862,15.3852537296321,15.6363369484884,16.8004875519721,0.120418753896946,15,"2_JU3237_0.125",NA,NA,NA,NA,NA,"2",756.836909183482,-523.51214955974
"20250619-CbDRC4-p008-m2x_B10_roi_0.png",20250619,"CbDRC4","p008","m2x","B10",0,229.011632001325,15.2494845469422,"","48h",10,"15hHB101","DMSO",1,"MOXIDECTIN",0.25,NA,NA,"JU3237",2,NA,NA,NA,196.627549249772,125.809875571613,131.544969452933,159.062387507339,216.36321381619,42.3498154476004,229.916458417236,242.054088489148,247.016153028462,0.215380884363281,14.0723039737762,11.4941936387809,12.3193695801714,13.4223442215928,14.0877632395589,1.37549655846188,14.9558233785074,15.2582241371899,17.780959046095,0.0977449436158517,22,"2_JU3237_0.25",NA,NA,NA,NA,NA,"2",756.836909183482,-540.473695367292
"20250619-CbDRC4-p008-m2x_B11_roi_0.png",20250619,"CbDRC4","p008","m2x","B11",0,234.310455832305,14.3022903828414,"","48h",10,"15hHB101","DMSO",1,"MOXIDECTIN",0.5,NA,NA,"JU3237",2,NA,NA,NA,216.226870940993,157.570680219065,196.831780134921,210.596831837859,222.633966804683,23.6822553207586,232.712458888104,235.066409011843,237.095574643422,0.109525033672717,14.5548786003044,13.2307331343505,13.6279372490266,14.3293887427085,14.5268052512466,0.746293174635987,14.9987870389541,15.3234782233869,15.8033912435815,0.0512744348565285,10,"2_JU3237_0.5",NA,NA,NA,"outlier","outlier","2",756.836909183482,-534.202942378798
"20250619-CbDRC4-p008-m2x_B12_roi_0.png",20250619,"CbDRC4","p008","m2x","B12",0,226.127382227225,15.8694513511544,"","48h",10,"15hHB101","DMSO",1,"MOXIDECTIN",1,NA,NA,"JU3237",2,NA,NA,NA,202.654601004358,135.230537007345,146.538926048374,185.693883283235,217.71994886658,37.1728175682548,232.714379589106,236.893294748441,242.157031488084,0.183429428120684,14.1188907547274,8.94021118806791,12.619730854743,13.0303094420544,14.0839862339486,2.53962734483883,14.8346058041991,15.8694513511544,19.4590401469123,0.179874424199259,11,"2_JU3237_1",NA,NA,NA,NA,NA,"2",756.836909183482,-539.116960316902
"20250619-CbDRC4-p008-m2x_C01_roi_0.png",20250619,"CbDRC4","p008","m2x","C01",0,854.007752656883,38.5885354328134,"","48h",10,"15hHB101","DMSO",1,"MOXIDECTIN",0,NA,NA,"VX34",2,NA,NA,NA,858.597785575654,854.007752656883,854.608494943391,855.509608373153,857.011464089422,5.55572550569598,860.89280203504,863.22160480241,864.774139980657,0.00647069628996433,39.3907742651755,38.5885354328134,38.7084332818025,38.8882800552861,39.1880246777587,0.920515144698089,39.7918936813566,40.1542150835153,40.3957626849544,0.0233688004836172,3,"2_VX34_0",NA,"n<5",NA,NA,NA,"2",841.848651392647,15.1628126967755
"20250619-CbDRC4-p008-m2x_C02_roi_0.png",20250619,"CbDRC4","p008","m2x","C02",0,887.474883241547,40.9004753409114,"","48h",10,"15hHB101","DMSO",1,"MOXIDECTIN",0.00097,NA,NA,"VX34",2,NA,NA,NA,739.382846462016,254.84743041353,516.416231637764,782.346555480104,826.000886768016,241.079561242299,862.133631589644,875.731420980268,887.474883241547,0.326055117989113,36.9325753225003,19.345503353463,28.0760030149215,37.4570071179613,40.1544978918083,8.89445723979431,41.6579403211054,42.5672250607711,43.2240214737055,0.240829597235684,6,"2_VX34_0.00097",NA,NA,NA,NA,NA,"2",841.848651392647,-15.8477646246309
"20250619-CbDRC4-p008-m2x_C03_roi_0.png",20250619,"CbDRC4","p008","m2x","C03",0,871.721930752899,35.90772806085,"","48h",10,"15hHB101","DMSO",1,"MOXIDECTIN",0.0019,NA,NA,"VX34",2,NA,NA,NA,370.38160788723,62.6671313023843,85.4848573631887,119.711446454395,176.755761606406,437.904833713276,524.238846179653,732.7286969236,871.721930752899,1.18230717829435,26.5754620937463,14.3065038584867,17.3476339591698,21.9093291101944,29.5121543619022,11.0960057168594,32.7099412113761,34.6286133210604,35.90772806085,0.41752823253713,3,"2_VX34_0.0019",NA,"n<5",NA,NA,NA,"2",841.848651392647,-665.09288978624
"20250619-CbDRC4-p008-m2x_C04_roi_0.png",20250619,"CbDRC4","p008","m2x","C04",0,851.83145176327,37.7627001373572,"","48h",10,"15hHB101","DMSO",1,"MOXIDECTIN",0.0039,NA,NA,"VX34",2,NA,NA,NA,354.542871211831,76.4649553297749,88.2384055723097,105.898580936112,135.332206542449,431.669187661666,493.581829152859,708.531602719105,851.83145176327,1.21753734939365,21.2193018066934,11.5217328419807,12.0920807617331,12.9476026413615,14.3734724407423,14.3977819795288,26.0680862890498,33.0848545980342,37.7627001373572,0.678522889711061,3,"2_VX34_0.0039",NA,"n<5",NA,NA,NA,"2",841.848651392647,-706.516444850198
"20250619-CbDRC4-p008-m2x_C05_roi_0.png",20250619,"CbDRC4","p008","m2x","C05",0,832.587269642211,36.4658361867862,"","48h",10,"15hHB101","DMSO",1,"MOXIDECTIN",0.0078,NA,NA,"VX34",2,NA,NA,NA,865.959808361365,832.587269642211,839.261777386042,849.273539001788,865.959808361365,47.1958968674493,882.646077720942,892.657839336689,899.33234708052,0.0545012556145729,38.8601690712621,36.4658361867862,36.9447027636814,37.6630026290241,38.8601690712621,3.38609803806173,40.0573355135,40.7756353788428,41.254501955738,0.0871354427679478,2,"2_VX34_0.0078",NA,"n<5",NA,NA,NA,"2",841.848651392647,24.1111569687182
"20250619-CbDRC4-p008-m2x_C06_roi_0.png",20250619,"CbDRC4","p008","m2x","C06",0,434.057421530584,20.6953002522993,"","48h",10,"15hHB101","DMSO",1,"MOXIDECTIN",0.0156,NA,NA,"VX34",2,NA,NA,NA,253.424920483857,112.985990444653,133.035062250989,163.108669960494,213.231349476335,164.266120449849,323.644385503459,389.892207119734,434.057421530584,0.648184559498807,15.6827372206221,12.8375754905007,12.9731275762138,13.1764557047835,13.5153359190663,4.35421415522191,17.1053180856828,19.2593073856527,20.6953002522993,0.2776437616704,3,"2_VX34_0.0156",NA,"n<5",NA,NA,NA,"2",841.848651392647,-628.617301916311
"20250619-CbDRC4-p008-m2x_C07_roi_0.png",20250619,"CbDRC4","p008","m2x","C07",0,124.394984877321,11.4655422059988,"","48h",10,"15hHB101","DMSO",1,"MOXIDECTIN",0.03125,NA,NA,"VX34",2,NA,NA,NA,124.394984877321,124.394984877321,124.394984877321,124.394984877321,124.394984877321,NA,124.394984877321,124.394984877321,124.394984877321,NA,11.4655422059988,11.4655422059988,11.4655422059988,11.4655422059988,11.4655422059988,NA,11.4655422059988,11.4655422059988,11.4655422059988,NA,1,"2_VX34_0.03125",NA,"n<5",NA,NA,NA,"2",841.848651392647,-717.453666515326
"20250619-CbDRC4-p008-m2x_C08_roi_0.png",20250619,"CbDRC4","p008","m2x","C08",0,240.996798962245,13.8193489335836,"","48h",10,"15hHB101","DMSO",1,"MOXIDECTIN",0.0625,NA,NA,"VX34",2,NA,NA,NA,180.241178568107,85.1111924307905,112.007649646953,152.352335471197,197.428361439697,69.1831359946517,225.317204536607,234.72496119199,240.996798962245,0.383836460370845,14.0675683702364,12.3341378241859,12.5954917037758,12.9875225231606,13.5123331782012,1.99145202832653,14.592379025277,15.9838331903251,16.9114693003572,0.141563344560668,4,"2_VX34_0.0625",NA,"n<5",NA,NA,NA,"2",841.848651392647,-644.42028995295
"20250619-CbDRC4-p008-m2x_C09_roi_0.png",20250619,"CbDRC4","p008","m2x","C09",0,170.697182616028,13.1212116551665,"","48h",10,"15hHB101","DMSO",1,"MOXIDECTIN",0.125,NA,NA,"VX34",2,NA,NA,NA,167.737269440204,163.204717145056,163.808242484486,164.713530493632,167.956825446259,4.17994450419473,170.980564392831,171.490651591078,171.830709723242,0.0249195931121606,14.3911320669001,13.1212116551665,13.1269475600114,13.1355514172787,13.6485886797304,1.89931170532839,14.9041693293519,16.2493512835247,17.1461392529733,0.131977921993839,4,"2_VX34_0.125",NA,"n<5",NA,NA,NA,"2",841.848651392647,-673.891825946388
"20250619-CbDRC4-p008-m2x_C10_roi_0.png",20250619,"CbDRC4","p008","m2x","C10",0,220.156429341158,12.6034730189497,"","48h",10,"15hHB101","DMSO",1,"MOXIDECTIN",0.25,NA,NA,"VX34",2,NA,NA,NA,185.084529707834,126.581252671393,140.381115263901,157.651411354939,198.250622608591,34.0749744857933,205.972582588487,218.939873086903,220.156429341158,0.184104930539481,15.4729665893401,12.6034730189497,13.219565419588,13.781279398649,14.4262383676563,3.88498923622962,15.3088058444489,17.6588657669182,25.5262950554131,0.251082377370746,9,"2_VX34_0.25",NA,NA,NA,NA,NA,"2",841.848651392647,-643.598028784056
"20250619-CbDRC4-p008-m2x_C12_roi_0.png",20250619,"CbDRC4","p008","m2x","C12",0,220.848500755102,13.6932355400584,"","48h",10,"15hHB101","DMSO",1,"MOXIDECTIN",1,NA,NA,"VX34",2,NA,NA,NA,149.716498982738,49.8096703434221,86.5085971186729,103.54044738115,137.42295401376,66.1238081323569,221.356934547667,222.957747519688,223.13394123978,0.441660128186544,15.5472789401265,11.1408617841078,11.4964797029946,12.5312178171631,13.6074127348068,6.78520737968077,14.7330631633055,19.9817309172223,32.0236346973527,0.436424110341817,8,"2_VX34_1",NA,NA,NA,NA,NA,"2",841.848651392647,-704.425697378887
"20250619-CbDRC4-p008-m2x_D01_roi_0.png",20250619,"CbDRC4","p008","m2x","D01",0,765.143757517631,37.5530402265273,"","48h",10,"15hHB101","DMSO",1,"MOXIDECTIN",0,NA,NA,"PB420",2,NA,NA,NA,745.186593534522,302.040130765152,729.630166214179,744.219533571605,764.48082859649,82.7914002688682,771.763474823005,787.973298415703,808.690070539907,0.11110156971045,38.4910387321717,30.6925484543148,35.4251356247534,37.1953194949643,38.5451439741112,2.44268883170606,39.905885798558,41.4132434676616,43.4453281816145,0.0634612344110216,40,"2_PB420_0",NA,NA,NA,NA,NA,"2",758.846883086449,5.6339455100408
"20250619-CbDRC4-p008-m2x_D02_roi_0.png",20250619,"CbDRC4","p008","m2x","D02",0,753.72272293385,38.6911475625331,"","48h",10,"15hHB101","DMSO",1,"MOXIDECTIN",0.00097,NA,NA,"PB420",2,NA,NA,NA,758.364304766627,666.045683580659,718.675851220419,741.63611143158,761.765605261049,44.2670771826673,772.449762351862,778.716798768285,1015.86766189744,0.0583717837250919,38.6139987296461,32.2586846674196,36.4902164136248,37.4836473372446,38.6143129798343,2.20394200010192,39.8116045297285,40.6522786055231,45.3664606300676,0.0570762436579725,54,"2_PB420_0.00097",NA,NA,NA,NA,NA,"2",758.846883086449,2.91872217460025
"20250619-CbDRC4-p008-m2x_D03_roi_0.png",20250619,"CbDRC4","p008","m2x","D03",0,752.523077054428,37.0125411976667,"","48h",10,"15hHB101","DMSO",1,"MOXIDECTIN",0.0019,NA,NA,"PB420",2,NA,NA,NA,771.094870509042,716.313653666976,748.29873023357,757.71084483659,771.535784485975,24.494038735614,781.35145170873,785.674888681222,859.069707515632,0.0317652725655459,38.1703639704842,35.4684718114617,36.2221535314306,36.9641062432043,38.041167378569,1.57945586746862,39.2207210812348,40.4694607819031,41.387357796981,0.0413791146631445,40,"2_PB420_0.0019",NA,NA,NA,NA,NA,"2",758.846883086449,12.6889013995258
"20250619-CbDRC4-p008-m2x_D04_roi_0.png",20250619,"CbDRC4","p008","m2x","D04",0,786.349972446707,36.1555078076906,"","48h",10,"15hHB101","DMSO",1,"MOXIDECTIN",0.0039,NA,NA,"PB420",2,NA,NA,NA,759.654739556399,522.442959426971,721.264214754639,749.358246278534,766.823614437036,45.3012370274892,775.442603238954,790.261056935134,931.007627497063,0.0596339819507252,37.6264800061816,25.6931336786064,35.9148582938454,36.5181101068027,37.9052984284564,2.25710967276076,38.9639923445866,39.8615172942579,41.166609064896,0.0599872662122512,59,"2_PB420_0.0039",NA,NA,NA,NA,NA,"2",758.846883086449,7.97673135058653
"20250619-CbDRC4-p008-m2x_D05_roi_0.png",20250619,"CbDRC4","p008","m2x","D05",0,793.12117311267,38.7649854646957,"","48h",10,"15hHB101","DMSO",1,"MOXIDECTIN",0.0078,NA,NA,"PB420",2,NA,NA,NA,765.026232513097,668.19711564763,725.217646758872,753.826841832821,771.682876072897,31.9795177074696,786.131686762465,796.245697223235,804.942928611277,0.0418018576989412,36.8999964006554,32.4852260757977,34.0425609090934,36.2842834760252,37.1309331754804,1.93371391726411,37.826282871307,39.2186347447519,40.4530984846799,0.0524041763112411,44,"2_PB420_0.0078",NA,NA,NA,NA,NA,"2",758.846883086449,12.8359929864478
"20250619-CbDRC4-p008-m2x_D06_roi_0.png",20250619,"CbDRC4","p008","m2x","D06",0,472.9980820278,22.5506349370648,"","48h",10,"15hHB101","DMSO",1,"MOXIDECTIN",0.0156,NA,NA,"PB420",2,NA,NA,NA,378.331208115898,227.076603812183,304.940458871248,342.977752855354,368.411788979736,65.8822623774714,410.280900991704,472.894704757503,553.58708541479,0.174139116636894,19.3349478729414,14.6166000935375,17.1284448229195,17.9261364726672,18.8604234134888,2.26733186012911,20.3091192669591,22.5990943193701,25.9121153358949,0.117265992907183,49,"2_PB420_0.0156",NA,NA,NA,NA,NA,"2",758.846883086449,-390.435094106713
"20250619-CbDRC4-p008-m2x_D07_roi_0.png",20250619,"CbDRC4","p008","m2x","D07",0,228.533927118556,14.2575273624323,"","48h",10,"15hHB101","DMSO",1,"MOXIDECTIN",0.03125,NA,NA,"PB420",2,NA,NA,NA,265.255237689567,150.898644350789,230.716722259135,242.350942516234,259.799733369643,61.5110289730982,275.550416043367,282.304579748645,514.337413306487,0.231893739437054,15.5424243529272,13.1775815493704,14.066206684482,14.3116932388069,15.306815523971,1.60533767272042,16.2576318635893,17.0911071242037,20.8394948684773,0.103287468947409,23,"2_PB420_0.03125",NA,NA,NA,NA,NA,"2",758.846883086449,-499.047149716806
"20250619-CbDRC4-p008-m2x_D08_roi_0.png",20250619,"CbDRC4","p008","m2x","D08",0,267.325304881618,14.1961571855654,"","48h",10,"15hHB101","DMSO",1,"MOXIDECTIN",0.0625,NA,NA,"PB420",2,NA,NA,NA,247.56960686896,215.668361700001,227.369592288003,234.958725798436,245.07453286138,17.3976302098096,259.704644000672,270.247357747995,294.243045658682,0.0702736916289497,14.9416902099513,12.5399423849992,13.972081809495,14.3212646516513,14.7111411345551,1.14816400799614,15.2295466675982,16.1363998761144,19.2975272332403,0.0768429804033451,46,"2_PB420_0.0625",NA,NA,NA,NA,NA,"2",758.846883086449,-513.772350225069
"20250619-CbDRC4-p008-m2x_D09_roi_0.png",20250619,"CbDRC4","p008","m2x","D09",0,210.937541812239,13.0191656113346,"","48h",10,"15hHB101","DMSO",1,"MOXIDECTIN",0.125,NA,NA,"PB420",2,NA,NA,NA,225.288871500153,157.736391904983,204.432298685054,212.793209718122,225.724520741643,23.334557357337,235.244857112639,250.137357686597,282.796570243368,0.103576165133932,14.5709414335606,11.9344744562122,13.1103023513975,13.7753627266415,14.2815688893915,2.11875442480629,14.6683065908464,15.4277678864905,25.6469191791541,0.145409576619824,36,"2_PB420_0.125",NA,NA,NA,NA,NA,"2",758.846883086449,-533.122362344806
"20250619-CbDRC4-p008-m2x_D10_roi_0.png",20250619,"CbDRC4","p008","m2x","D10",0,203.886397717924,13.9148008795417,"","48h",10,"15hHB101","DMSO",1,"MOXIDECTIN",0.25,NA,NA,"PB420",2,NA,NA,NA,231.937905756851,192.367275531473,202.919325877749,212.065067704958,225.681372727565,25.6827113824465,248.882934018302,272.603168140803,274.670859418843,0.11073097904648,14.1324854533156,11.5651430332607,12.2958365365548,13.3471390548361,14.2045455611362,1.49198107607943,15.0312161397787,15.6746378968276,17.135111351827,0.105571032144908,19,"2_PB420_0.25",NA,NA,NA,NA,NA,"2",758.846883086449,-533.165510358884
"20250619-CbDRC4-p008-m2x_D11_roi_0.png",20250619,"CbDRC4","p008","m2x","D11",0,217.864823080015,13.8231275048769,"","48h",10,"15hHB101","DMSO",1,"MOXIDECTIN",0.5,NA,NA,"PB420",2,NA,NA,NA,205.009122545756,127.182357337081,154.322620214236,194.586637882988,210.234046310813,31.5756203160251,225.411398059539,233.975109336852,248.509969734103,0.154020562226336,14.3726443060058,11.5474996213458,13.027122400228,13.5801997861599,14.2706210071863,1.18191492061936,15.0601445012492,15.7406595961501,17.3364350897602,0.082233644377151,40,"2_PB420_0.5",NA,NA,NA,NA,NA,"2",758.846883086449,-548.612836775636
"20250619-CbDRC4-p008-m2x_D12_roi_0.png",20250619,"CbDRC4","p008","m2x","D12",0,190.04188004075,14.9269010047378,"","48h",10,"15hHB101","DMSO",1,"MOXIDECTIN",1,NA,NA,"PB420",2,NA,NA,NA,212.02176102301,142.825626332963,179.032309696404,192.465770973686,209.934786638172,32.2771905136642,232.67119062359,241.044284721843,271.527350189029,0.152235272256612,14.0580617366582,11.9835972511741,13.0002327713369,13.4738707180405,14.1369345269051,0.96140202199329,14.6505081054415,14.8470331952848,15.9477311368893,0.0683879499181819,15,"2_PB420_1",NA,NA,NA,NA,NA,"2",758.846883086449,-548.912096448277
"20250619-CbDRC4-p008-m2x_E01_roi_0.png",20250619,"CbDRC4","p008","m2x","E01",0,784.545112767911,37.8841997362694,"","48h",10,"15hHB101","DMSO",1,"MOXIDECTIN",0,NA,NA,"NIC1667",2,NA,NA,NA,745.511269186162,671.938417797512,720.365163640853,729.668638636407,744.770724439191,26.5045606975736,754.696210062788,783.550002669592,809.557376848725,0.0355521932304354,37.3748628951425,31.6943792859735,33.6970363679253,36.6051673237866,37.1244983467241,2.59353384013314,38.9697131918081,40.3810533470252,42.1832547003363,0.069392464325808,36,"2_NIC1667_0",NA,NA,NA,NA,NA,"2",774.728395535816,-29.9576710966249
"20250619-CbDRC4-p008-m2x_E02_roi_0.png",20250619,"CbDRC4","p008","m2x","E02",0,766.019774777727,40.2534570235355,"","48h",10,"15hHB101","DMSO",1,"MOXIDECTIN",0.00097,NA,NA,"NIC1667",2,NA,NA,NA,772.58539922509,658.953079977349,720.338600544981,740.440816575721,770.861244932347,45.961470365744,798.738371020463,829.352375626731,864.528291811315,0.0594904723954708,38.1567189634506,28.0407181102692,34.1193933382319,37.1369118938247,38.7468460903506,3.35984377883207,40.260877536444,41.7481281902975,43.2691112648477,0.0880537915760102,36,"2_NIC1667_0.00097",NA,NA,NA,NA,NA,"2",774.728395535816,-3.86715060346853
"20250619-CbDRC4-p008-m2x_E03_roi_0.png",20250619,"CbDRC4","p008","m2x","E03",0,779.482070011035,36.8060845732346,"","48h",10,"15hHB101","DMSO",1,"MOXIDECTIN",0.0019,NA,NA,"NIC1667",2,NA,NA,NA,763.25144518096,537.37881912017,685.755563825606,741.120354780624,780.351445493994,61.2089235547804,802.269009575152,811.89075370728,894.642926260609,0.0801949658153197,37.1648363033313,27.3034928924678,33.9304165978662,36.4859134178063,37.8486888210064,2.788871158329,39.1475402221111,39.5561585631244,40.7660629854582,0.0750405877094909,38,"2_NIC1667_0.0019",NA,NA,NA,NA,NA,"2",774.728395535816,5.62304995817851
"20250619-CbDRC4-p008-m2x_E04_roi_0.png",20250619,"CbDRC4","p008","m2x","E04",0,816.935819213696,38.3519038641275,"","48h",10,"15hHB101","DMSO",1,"MOXIDECTIN",0.0039,NA,NA,"NIC1667",2,NA,NA,NA,780.553549009391,677.228386240897,745.528248187107,757.046387876519,780.211742531938,38.9206441690363,802.678691105231,831.261429382949,851.915846881234,0.0498628751588291,37.8314083107198,30.739167379274,35.1422369632801,37.4883978885106,38.067211534175,2.11266434034192,38.8940579418921,40.0548764080603,41.3081637966472,0.0558441896476606,36,"2_NIC1667_0.0039",NA,NA,NA,NA,NA,"2",774.728395535816,5.48334699612235
"20250619-CbDRC4-p008-m2x_E05_roi_0.png",20250619,"CbDRC4","p008","m2x","E05",0,811.30539259879,38.4048652054296,"","48h",10,"15hHB101","DMSO",1,"MOXIDECTIN",0.0078,NA,NA,"NIC1667",2,NA,NA,NA,769.098903091983,125.023768667689,722.126336314364,748.19181194552,786.482422776409,96.8840735631728,810.316528056436,823.697377423132,865.183667790547,0.125970890315502,37.8106462514608,12.7813738684142,35.6619677521119,37.380732972237,38.2955175896915,3.86248168460487,39.4208470417192,40.2072712491877,42.0857114333908,0.102153283996188,55,"2_NIC1667_0.0078",NA,NA,NA,NA,NA,"2",774.728395535816,11.7540272405934
"20250619-CbDRC4-p008-m2x_E06_roi_0.png",20250619,"CbDRC4","p008","m2x","E06",0,684.603834240016,28.0804171315144,"","48h",10,"15hHB101","DMSO",1,"MOXIDECTIN",0.0156,NA,NA,"NIC1667",2,NA,NA,NA,527.50796123047,233.683275145151,356.457068014353,398.62964471207,532.598737716615,144.520181060472,665.133884264196,697.881324292267,765.141505784004,0.273967772397905,24.6925846209408,12.6860199983917,18.5593895985083,19.5415621815808,24.1001004065727,6.23632452618492,28.5438991809714,32.6604879064893,40.4702599956347,0.252558596919665,46,"2_NIC1667_0.0156",NA,NA,NA,NA,NA,"2",774.728395535816,-242.129657819201
"20250619-CbDRC4-p008-m2x_E07_roi_0.png",20250619,"CbDRC4","p008","m2x","E07",0,253.228859155482,14.2603887804996,"","48h",10,"15hHB101","DMSO",1,"MOXIDECTIN",0.03125,NA,NA,"NIC1667",2,NA,NA,NA,271.723470898558,246.372957100389,252.076217178556,260.960842345577,273.334667065291,14.9007079884449,282.252264205269,292.260260955251,295.90473079056,0.0548377655385087,15.5908873971275,14.2603887804996,14.3393618545361,14.8905421951201,15.8380191272935,0.900712419363916,16.083768166017,16.7295658092646,17.3886460149244,0.0577717224440902,23,"2_NIC1667_0.03125",NA,NA,NA,NA,NA,"2",774.728395535816,-501.393728470524
"20250619-CbDRC4-p008-m2x_E08_roi_0.png",20250619,"CbDRC4","p008","m2x","E08",0,241.652735588824,14.9083190115219,"","48h",10,"15hHB101","DMSO",1,"MOXIDECTIN",0.0625,NA,NA,"NIC1667",2,NA,NA,NA,259.218294696343,223.170642051169,239.220482330479,248.347230253633,257.926572840255,17.6549450556799,271.795880931161,277.14689527113,301.691901613541,0.0681084067633477,15.1914136936434,13.5070716048724,14.0394775136975,14.4525029733211,15.0774341633338,1.11030080591382,15.5826110279007,16.5341811380323,19.4503112377791,0.073087391884957,36,"2_NIC1667_0.0625",NA,NA,NA,NA,NA,"2",774.728395535816,-516.801822695561
"20250619-CbDRC4-p008-m2x_E09_roi_0.png",20250619,"CbDRC4","p008","m2x","E09",0,284.089214327826,15.4270100389807,"","48h",10,"15hHB101","DMSO",1,"MOXIDECTIN",0.125,NA,NA,"NIC1667",2,NA,NA,NA,250.241752486838,208.558138477528,221.349267811755,233.43038160641,248.13400852094,22.6627190027755,268.219709318991,282.195347055139,294.185941464701,0.0905633003987515,14.7354221063973,13.0501378368597,13.4915785143043,13.774003957291,14.721801251312,1.06905245759213,15.3455311328224,15.9344392198869,17.9300334180048,0.0725498360259396,45,"2_NIC1667_0.125",NA,NA,NA,NA,NA,"2",774.728395535816,-526.594387014876
"20250619-CbDRC4-p008-m2x_E11_roi_0.png",20250619,"CbDRC4","p008","m2x","E11",0,294.184623550146,17.2188951672381,"","48h",10,"15hHB101","DMSO",1,"MOXIDECTIN",0.5,NA,NA,"NIC1667",2,NA,NA,NA,229.210751464539,45.4980875624057,194.50070114367,218.252170038594,236.223324734838,53.9125161389819,246.617564792632,269.599616583757,377.845640069598,0.235209368646578,15.1937146465305,11.7741333184435,12.8130323204793,13.8763345534978,14.3259155976666,3.99216557828368,15.298825194244,15.9481742225267,35.8911313103545,0.262751122497572,33,"2_NIC1667_0.5",NA,NA,NA,NA,NA,"2",774.728395535816,-538.505070800978
"20250619-CbDRC4-p008-m2x_F01_roi_0.png",20250619,"CbDRC4","p008","m2x","F01",0,850.570158075458,39.6753690330642,"","48h",10,"15hHB101","DMSO",1,"MOXIDECTIN",0,NA,NA,"ED3102",2,NA,NA,NA,852.040954571868,631.5256788656,795.531270825069,826.320773322504,850.570158075458,63.8613353766753,898.383082934641,909.398075290806,945.748893371239,0.0749510161853243,40.545057478187,28.3879113255898,38.0954337997892,39.6753690330642,41.3442040248118,3.1570441882189,42.1065947106225,43.1021868280181,44.3475645387909,0.0778650810870689,25,"2_ED3102_0",NA,NA,NA,NA,NA,"2",850.390521362296,0.179636713161813
"20250619-CbDRC4-p008-m2x_F02_roi_0.png",20250619,"CbDRC4","p008","m2x","F02",0,1023.55774891888,39.9415889393469,"","48h",10,"15hHB101","DMSO",1,"MOXIDECTIN",0.00097,NA,NA,"ED3102",2,NA,NA,NA,870.839570706761,738.464629437807,808.653604511916,821.385606676032,850.900374168531,74.5674180868229,905.845460586583,936.70140556622,1122.32115670508,0.0856270438265743,41.106696292762,34.6491094201481,38.0610590325129,39.2330465597871,41.13723793028,2.56809655922383,42.7978222393561,43.9169167413931,46.3129603997922,0.0624739225194318,35,"2_ED3102_0.00097",NA,NA,NA,NA,NA,"2",850.390521362296,0.509852806234562
"20250619-CbDRC4-p008-m2x_F03_roi_0.png",20250619,"CbDRC4","p008","m2x","F03",0,913.323415425618,42.3893172089185,"","48h",10,"15hHB101","DMSO",1,"MOXIDECTIN",0.0019,NA,NA,"ED3102",2,NA,NA,NA,856.999493106104,773.60469153407,797.024940952455,832.793448132762,863.460581191972,44.3602847089841,879.880544002877,912.579899115621,948.454523547905,0.0517623231586812,39.9080721451409,36.183069040159,37.3082331918423,38.3845878346224,39.5016566197204,2.19534592714104,41.5024122327281,43.2707080711926,43.8099143191735,0.0550100721266823,37,"2_ED3102_0.0019",NA,NA,NA,NA,NA,"2",850.390521362296,13.0700598296754
"20250619-CbDRC4-p008-m2x_F04_roi_0.png",20250619,"CbDRC4","p008","m2x","F04",0,878.900880203862,40.354440245747,"","48h",10,"15hHB101","DMSO",1,"MOXIDECTIN",0.0039,NA,NA,"ED3102",2,NA,NA,NA,856.640052207257,777.151026333651,806.740138966289,824.627984152997,855.873407496705,38.8965636086042,887.744850718203,907.954736697003,921.525431408763,0.0454059596074006,40.8556546850189,36.5382584869802,38.2750617358343,39.5720686113575,40.6149833598589,2.50221747082121,41.2608827874003,43.2606494309997,50.4135621388119,0.061245315736887,38,"2_ED3102_0.0039",NA,NA,NA,NA,NA,"2",850.390521362296,5.48288613440832
"20250619-CbDRC4-p008-m2x_F05_roi_0.png",20250619,"CbDRC4","p008","m2x","F05",0,895.015233757933,39.7617139656586,"","48h",10,"15hHB101","DMSO",1,"MOXIDECTIN",0.0078,NA,NA,"ED3102",2,NA,NA,NA,821.666297959526,456.465922140446,744.46256198053,808.584689120983,849.137069880793,98.8436275206834,874.688803798902,900.202371088143,960.522416370756,0.120296558062738,38.9898665157118,26.9391793762887,35.9496965000121,37.9034642658812,39.6093461619635,3.39194722487767,40.6720308077153,42.1473663699728,44.6622748007084,0.0869956100904016,44,"2_ED3102_0.0078",NA,NA,NA,NA,NA,"2",850.390521362296,-1.25345148150313
"20250619-CbDRC4-p008-m2x_F06_roi_0.png",20250619,"CbDRC4","p008","m2x","F06",0,495.827181854527,25.1193051627473,"","48h",10,"15hHB101","DMSO",1,"MOXIDECTIN",0.0156,NA,NA,"ED3102",2,NA,NA,NA,359.060624615479,213.286211907759,264.629544546756,307.278336650395,348.352396273029,94.5906098758743,388.367463358989,463.222433181875,771.518513640399,0.263439105797725,19.5148621145375,15.6185171448385,16.1899241096633,17.1041673369649,19.3335947022235,2.93762787470609,21.0848783902119,23.0482437713929,29.594506491113,0.150532853241004,42,"2_ED3102_0.0156",NA,NA,NA,NA,NA,"2",850.390521362296,-502.038125089267
"20250619-CbDRC4-p008-m2x_F07_roi_0.png",20250619,"CbDRC4","p008","m2x","F07",0,254.546766650143,13.948373523263,"","48h",10,"15hHB101","DMSO",1,"MOXIDECTIN",0.03125,NA,NA,"ED3102",2,NA,NA,NA,233.032064322166,124.424242295298,215.863893294761,223.151919241897,232.489011307079,27.3237299110151,240.959746999896,254.539354889148,292.990947583685,0.117253091288073,15.2745822042831,12.1962783727609,14.4507454479557,14.788900477471,15.3532526171017,1.0773268500254,15.7336571798424,16.2474431767539,17.9144722753279,0.070530691813182,32,"2_ED3102_0.03125",NA,NA,NA,NA,NA,"2",850.390521362296,-617.901510055217
"20250619-CbDRC4-p008-m2x_F08_roi_0.png",20250619,"CbDRC4","p008","m2x","F08",0,225.557111165487,14.0835549365374,"","48h",10,"15hHB101","DMSO",1,"MOXIDECTIN",0.0625,NA,NA,"ED3102",2,NA,NA,NA,224.269342394193,180.866908590113,202.60999876481,212.343478576989,225.557111165487,19.5011540869953,231.407101100375,245.817648267581,277.4466570252,0.0869541680499446,14.8739068849497,13.0956616025842,13.9530136011086,14.1357803266927,14.8163093044599,0.9383035269393,15.4048632994747,16.144960405622,16.9949870531096,0.0630838645284739,31,"2_ED3102_0.0625",NA,NA,NA,NA,NA,"2",850.390521362296,-624.833410196809
"20250619-CbDRC4-p008-m2x_F09_roi_0.png",20250619,"CbDRC4","p008","m2x","F09",0,222.649073716744,14.7345932745374,"","48h",10,"15hHB101","DMSO",1,"MOXIDECTIN",0.125,NA,NA,"ED3102",2,NA,NA,NA,208.829238229014,94.6982786251237,174.779436345765,191.496519517208,205.154821816875,33.3350920526473,223.293842589364,250.064602446513,323.0017123306,0.159628471258849,14.8187439100769,11.5986623535278,14.0033827249785,14.4573234034786,14.7499000463599,1.03032156792483,15.2906490121078,16.1157544103482,16.915468609688,0.0695282659702489,54,"2_ED3102_0.125",NA,NA,NA,NA,NA,"2",850.390521362296,-645.235699545421
"20250619-CbDRC4-p008-m2x_F10_roi_0.png",20250619,"CbDRC4","p008","m2x","F10",0,229.819977302258,12.8312136041567,"","48h",10,"15hHB101","DMSO",1,"MOXIDECTIN",0.25,NA,NA,"ED3102",2,NA,NA,NA,206.864935605573,106.826896192558,186.201769535013,199.761595725116,210.323981316558,26.2847711743226,221.544957882,229.539480084151,245.415277212849,0.127062477250565,14.7404165422562,12.8078696224833,13.3330957885814,13.8272506163792,14.3866130703313,1.71814572750661,15.127087008376,15.6483542345796,21.4921269998871,0.116560188281059,32,"2_ED3102_0.25",NA,NA,NA,NA,NA,"2",850.390521362296,-640.066540045738
"20250619-CbDRC4-p008-m2x_F11_roi_0.png",20250619,"CbDRC4","p008","m2x","F11",0,228.472872155188,15.1648378939651,"","48h",10,"15hHB101","DMSO",1,"MOXIDECTIN",0.5,NA,NA,"ED3102",2,NA,NA,NA,210.825055024683,74.9479569673415,180.588230195007,196.21060670603,212.189040801864,41.5552193026114,238.465212289963,254.388075845044,261.215811169553,0.197107593771273,14.6826621168871,12.1066634637645,13.393478723657,13.9765722719097,14.6386511421986,1.27946113810627,15.1699085716596,16.0393559282125,18.4433866118462,0.0871409508657639,26,"2_ED3102_0.5",NA,NA,NA,NA,NA,"2",850.390521362296,-638.201480560433
"20250619-CbDRC4-p008-m2x_F12_roi_0.png",20250619,"CbDRC4","p008","m2x","F12",0,205.508852898806,14.589713636218,"","48h",10,"15hHB101","DMSO",1,"MOXIDECTIN",1,NA,NA,"ED3102",2,NA,NA,NA,191.998048895325,126.407315377114,147.607748495722,162.917424585052,189.592845768113,42.5173986584168,216.540275581645,230.673907765919,335.995265685126,0.221447035024802,14.3692222541143,9.77945815464309,11.7888759450334,13.3617436236021,14.589713636218,2.25980864681973,15.257944746481,16.1460178484224,21.4357054144519,0.157267290244097,29,"2_ED3102_1",NA,NA,NA,NA,NA,"2",850.390521362296,-660.797675594183
"20250619-CbDRC4-p009-m2x_A01_roi_0.png",20250619,"CbDRC4","p009","m2x","A01",0,761.709356080874,35.0993188776017,"","48h",10,"15hHB101","DMSO",1,"MOXIDECTIN",0,NA,NA,"ECA2666",2,NA,NA,NA,763.493405709084,585.899971761812,712.770288532046,727.00720693264,761.709356080874,65.4546119772674,788.376632568404,847.432459711722,957.686470977449,0.0857304221461839,35.8948821670621,28.5212999413721,32.2360038375935,33.8317187163057,36.1301138809364,3.24648659335446,37.4462339846436,39.4892084994844,42.5886196145902,0.0904442749872991,33,"2_ECA2666_0",NA,NA,NA,NA,NA,"2",777.986030494324,-16.2766744134499
"20250619-CbDRC4-p009-m2x_A02_roi_0.png",20250619,"CbDRC4","p009","m2x","A02",0,786.025289463041,34.4858320353594,"","48h",10,"15hHB101","DMSO",1,"MOXIDECTIN",0.00097,NA,NA,"ECA2666",2,NA,NA,NA,776.979307656487,694.437969762693,736.819534538489,748.527588527718,770.920593680223,37.8773206162086,802.050082337815,825.103766133202,851.617033936143,0.0487494586315994,36.4421367894533,32.5825402605697,34.0278226368167,34.8936903270585,36.65188198737,1.94717274719418,37.8687076177331,38.9127075718979,39.9409094948155,0.0534319037998262,29,"2_ECA2666_0.00097",NA,NA,NA,NA,NA,"2",777.986030494324,-7.06543681410108
"20250619-CbDRC4-p009-m2x_A03_roi_0.png",20250619,"CbDRC4","p009","m2x","A03",0,819.763278478499,36.6927843894816,"","48h",10,"15hHB101","DMSO",1,"MOXIDECTIN",0.0019,NA,NA,"ECA2666",2,NA,NA,NA,777.497581516431,595.08732623473,725.730882437088,754.404003762204,785.088578417547,46.2914058157231,809.728943781762,826.064637062239,838.5749770541,0.0595389708163932,36.1708824955042,25.1917200468796,33.7055226453516,35.4861128328987,36.4789089582336,2.64528627764674,37.5410755877239,38.7077655252189,40.2944941283443,0.0731330311881535,39,"2_ECA2666_0.0019",NA,NA,NA,NA,NA,"2",777.986030494324,7.10254792322257
"20250619-CbDRC4-p009-m2x_A04_roi_0.png",20250619,"CbDRC4","p009","m2x","A04",0,792.118665999958,35.6385738084921,"","48h",10,"15hHB101","DMSO",1,"MOXIDECTIN",0.0039,NA,NA,"ECA2666",2,NA,NA,NA,785.267291087185,700.711475296417,742.828527438991,764.333698850546,777.9647363071,36.1728523966469,814.885463483203,832.396126108338,853.623923617272,0.0460643819081862,36.0556568250556,32.2284169206382,33.7259191071631,34.9369757665347,35.8520702290612,1.9163606079895,36.9022272105948,38.5504185782947,41.0737201362343,0.0531500678877604,33,"2_ECA2666_0.0039",NA,NA,NA,NA,NA,"2",777.986030494324,-0.0212941872239298
"20250619-CbDRC4-p009-m2x_A05_roi_0.png",20250619,"CbDRC4","p009","m2x","A05",0,767.391655272916,34.0126210961506,"","48h",10,"15hHB101","DMSO",1,"MOXIDECTIN",0.0078,NA,NA,"ECA2666",2,NA,NA,NA,769.489379125747,666.434188245712,708.482779347526,741.737012405103,770.317785412723,46.1979406620648,789.985788094672,831.335751148443,852.003067951015,0.0600371388030755,35.4577709281549,26.8483976931571,32.5297916308589,33.8382007442223,35.8381045774844,2.74125383705956,37.2300457334479,38.9234280087291,40.8927062967788,0.0773103826129943,40,"2_ECA2666_0.0078",NA,NA,NA,NA,NA,"2",777.986030494324,-7.6682450816013
"20250619-CbDRC4-p009-m2x_A06_roi_0.png",20250619,"CbDRC4","p009","m2x","A06",0,645.293018384175,26.0901928220556,"","48h",10,"15hHB101","DMSO",1,"MOXIDECTIN",0.0156,NA,NA,"ECA2666",2,NA,NA,NA,540.765788433634,352.22029544626,397.554856419668,411.116871222817,529.614795655132,119.108997930293,638.41911807518,697.220705793389,731.791039000793,0.220259861991826,24.2130406299372,16.6442503875612,18.2361481655472,19.982391211976,24.6058810450465,4.87668006090792,26.7926850038444,29.882217081336,37.0636997136962,0.201407172913193,27,"2_ECA2666_0.0156",NA,NA,NA,NA,NA,"2",777.986030494324,-248.371234839192
"20250619-CbDRC4-p009-m2x_A07_roi_0.png",20250619,"CbDRC4","p009","m2x","A07",0,278.015255970276,14.6170087021426,"","48h",10,"15hHB101","DMSO",1,"MOXIDECTIN",0.03125,NA,NA,"ECA2666",2,NA,NA,NA,329.439538507453,101.984957423896,267.391473456793,275.264458790838,291.970681007046,202.208962481135,304.189983800868,314.761652668414,946.220566239543,0.613796884846475,15.6933972935734,12.7544048733941,14.4089204572893,14.7311345611146,14.9197057218465,2.96430290454496,15.3836203641987,16.2765012757218,24.7185956896771,0.188888540135211,12,"2_ECA2666_0.03125",NA,NA,NA,NA,NA,"2",777.986030494324,-486.015349487278
"20250619-CbDRC4-p009-m2x_A08_roi_0.png",20250619,"CbDRC4","p009","m2x","A08",0,248.751888084384,13.406361026381,"","48h",10,"15hHB101","DMSO",1,"MOXIDECTIN",0.0625,NA,NA,"ECA2666",2,NA,NA,NA,235.177259582796,171.218376331105,184.536634510633,217.756628850052,236.441774508495,32.8854628062499,256.335944725556,277.020584766263,279.423834878173,0.139832664368097,13.7726347850461,11.355550885381,12.4489190077208,13.5935294550446,13.956574980152,0.920396426143867,14.2766289017559,14.5384488595497,15.3153171036235,0.0668279120523262,18,"2_ECA2666_0.0625",NA,NA,NA,NA,NA,"2",777.986030494324,-541.544255985829
"20250619-CbDRC4-p009-m2x_A09_roi_0.png",20250619,"CbDRC4","p009","m2x","A09",0,248.394377893314,13.7018179454704,"","48h",10,"15hHB101","DMSO",1,"MOXIDECTIN",0.125,NA,NA,"ECA2666",2,NA,NA,NA,192.6419967327,37.511690488581,114.362955017245,145.689334542024,212.373281776804,57.0225327557866,240.212952229683,245.653836445484,254.53589043928,0.296002604431618,15.2887059923968,10.7497098842937,12.2842313356662,13.3344262583596,13.7596595589315,5.41127225826153,15.8635110673847,16.8485781441061,40.544688507241,0.35393919282329,28,"2_ECA2666_0.125",NA,NA,NA,NA,NA,"2",777.986030494324,-565.61274871752
"20250619-CbDRC4-p009-m2x_A10_roi_0.png",20250619,"CbDRC4","p009","m2x","A10",0,218.472444799606,13.9640546440246,"","48h",10,"15hHB101","DMSO",1,"MOXIDECTIN",0.25,NA,NA,"ECA2666",2,NA,NA,NA,214.279680550396,136.323854974133,152.177557406722,209.427546881417,219.62874652672,34.9393976306848,229.594436961689,247.800546578631,269.654105456148,0.163055113489716,14.429413447512,12.475739334183,13.1486751703618,13.6028820634183,13.9981923156212,1.29578191134001,15.0788652382146,16.0302902792516,17.4717980413536,0.0898014265135243,22,"2_ECA2666_0.25",NA,NA,NA,NA,NA,"2",777.986030494324,-558.357283967605
"20250619-CbDRC4-p009-m2x_A11_roi_0.png",20250619,"CbDRC4","p009","m2x","A11",0,214.152822582069,14.3531350489578,"","48h",10,"15hHB101","DMSO",1,"MOXIDECTIN",0.5,NA,NA,"ECA2666",2,NA,NA,NA,202.442055358444,155.870417008409,162.665639120785,196.626862304862,209.459990104029,23.2091351914483,217.628089912995,222.891234292089,224.405544845061,0.114645818776905,14.0789743969647,11.7792168078048,12.3955076194555,12.8068080373878,13.9731985088283,1.67469852938954,15.0803461213428,15.4999182664879,17.7177670000228,0.11895032139206,12,"2_ECA2666_0.5",NA,NA,NA,NA,NA,"2",777.986030494324,-568.526040390295
"20250619-CbDRC4-p009-m2x_A12_roi_0.png",20250619,"CbDRC4","p009","m2x","A12",0,214.863286411567,14.3460894035905,"","48h",10,"15hHB101","DMSO",1,"MOXIDECTIN",1,NA,NA,"ECA2666",2,NA,NA,NA,210.36606566988,149.095092254775,181.370195061433,188.499227445158,211.065427161613,33.0026849677528,220.227519080101,248.321065993007,285.318256240709,0.156882170433053,14.3683545435717,12.454064676358,12.7189791263271,13.6458744213693,14.3460894035905,1.24002221973591,15.4104687466457,15.9941335442277,16.3245198028226,0.0863023122080943,15,"2_ECA2666_1",NA,NA,NA,NA,NA,"2",777.986030494324,-566.920603332711
"20250619-CbDRC4-p009-m2x_B01_roi_0.png",20250619,"CbDRC4","p009","m2x","B01",0,714.196182673011,33.7684630619612,"","48h",10,"15hHB101","DMSO",1,"MOXIDECTIN",0,NA,NA,"JU3237",2,NA,NA,NA,667.320241913661,223.345505688517,549.227125023992,688.651919995109,714.196182673011,133.815385093134,725.014742030831,741.971491156591,759.142000421442,0.200526488915418,34.980571705918,17.5912463044187,27.9870821990685,33.0233919983244,35.9750798857075,6.32829086801032,39.9264367302971,40.9612462249894,42.6101784656131,0.180908731887298,19,"2_JU3237_0",NA,NA,NA,"outlier","outlier","2",756.836909183482,-42.6407265104708
"20250619-CbDRC4-p009-m2x_B02_roi_0.png",20250619,"CbDRC4","p009","m2x","B02",0,713.079622834564,39.3025807895863,"","48h",10,"15hHB101","DMSO",1,"MOXIDECTIN",0.00097,NA,NA,"JU3237",2,NA,NA,NA,752.51199151524,709.296115920027,713.66991121926,719.664018161823,764.420482811572,30.0975911397743,778.060596175765,784.708862905075,795.28738706927,0.0399961614952747,39.6622377645947,33.3237605426007,37.3674206322296,38.605261976899,39.7489437177214,2.2714629223567,41.4103460982967,42.2459743358015,42.7467558940665,0.0572701655372649,19,"2_JU3237_0.00097",NA,NA,NA,NA,NA,"2",756.836909183482,7.58357362809056
"20250619-CbDRC4-p009-m2x_B04_roi_0.png",20250619,"CbDRC4","p009","m2x","B04",0,710.892820618425,36.5425941156954,"","48h",10,"15hHB101","DMSO",1,"MOXIDECTIN",0.0039,NA,NA,"JU3237",2,NA,NA,NA,738.938360639076,665.47078126472,706.825134768661,716.682860252137,741.089155086678,31.3527642915152,758.21440498628,774.689902274745,793.266033384195,0.0424294717415936,39.219399963989,33.3537474541325,36.3990317632419,37.7988385564005,40.0087961921055,2.47800213657666,40.700931988672,41.25600493443,43.3813188246692,0.0631830711038909,20,"2_JU3237_0.0039",NA,NA,NA,NA,NA,"2",756.836909183482,-15.7477540968031
"20250619-CbDRC4-p009-m2x_B05_roi_0.png",20250619,"CbDRC4","p009","m2x","B05",0,806.068321458234,37.7033838762192,"","48h",10,"15hHB101","DMSO",1,"MOXIDECTIN",0.0078,NA,NA,"JU3237",2,NA,NA,NA,735.873755345239,356.736404634267,690.123286453729,716.447324060484,758.337736114611,94.0405034276337,777.309657401603,804.831406057221,827.458352722315,0.127794343451635,37.3911286322873,21.4867546909694,32.8220589990014,37.7888672567626,38.856333940119,4.61704201240636,39.9936196617541,40.5276732292709,41.0197300485503,0.123479610840619,22,"2_JU3237_0.0078",NA,NA,NA,NA,NA,"2",756.836909183482,1.50082693112984
"20250619-CbDRC4-p009-m2x_B06_roi_0.png",20250619,"CbDRC4","p009","m2x","B06",0,510.88578118118,21.3657768934376,"","48h",10,"15hHB101","DMSO",1,"MOXIDECTIN",0.0156,NA,NA,"JU3237",2,NA,NA,NA,451.085372093516,352.750570767214,365.696525793737,380.550208486731,439.490317767154,75.5562078144798,504.911104911602,527.462810486959,648.324619376224,0.167498687585054,21.1249644037236,17.6489578131707,18.3443613550469,19.2551613825248,21.0879693130607,2.29276015586245,22.3850629626066,24.4618337054323,25.544518651029,0.108533208011386,25,"2_JU3237_0.0156",NA,NA,NA,NA,NA,"2",756.836909183482,-317.346591416327
"20250619-CbDRC4-p009-m2x_B07_roi_0.png",20250619,"CbDRC4","p009","m2x","B07",0,239.395174993791,15.3716323754339,"","48h",10,"15hHB101","DMSO",1,"MOXIDECTIN",0.03125,NA,NA,"JU3237",2,NA,NA,NA,272.248081556663,131.536500018059,200.810718200741,239.395174993791,255.304271399572,103.243065568013,267.312972169348,314.344554141323,579.660428727975,0.379224217036495,16.4020460658762,13.7271207830842,14.0981188938362,15.0596942086005,15.7318545825881,3.44064127217707,16.3819765361204,16.7190233690432,27.3875474700447,0.209769028714971,13,"2_JU3237_0.03125",NA,NA,NA,NA,NA,"2",756.836909183482,-501.532637783909
"20250619-CbDRC4-p009-m2x_B08_roi_0.png",20250619,"CbDRC4","p009","m2x","B08",0,248.165369613553,14.4555424534919,"","48h",10,"15hHB101","DMSO",1,"MOXIDECTIN",0.0625,NA,NA,"JU3237",2,NA,NA,NA,202.490943919092,111.630921344126,112.599842360767,159.981204620657,231.798396272379,60.7384011664968,249.686104497349,254.924328639442,271.198091606253,0.299956136264373,13.4805174707174,10.8909302283736,12.0585474438471,12.2418087355898,13.4124484242968,1.52574045095145,14.5501790749299,15.5546495884849,15.8336502365406,0.113181148592084,12,"2_JU3237_0.0625",NA,NA,NA,"outlier","outlier","2",756.836909183482,-525.038512911103
"20250619-CbDRC4-p009-m2x_B09_roi_0.png",20250619,"CbDRC4","p009","m2x","B09",0,221.320356104684,13.6205977660982,"","48h",10,"15hHB101","DMSO",1,"MOXIDECTIN",0.125,NA,NA,"JU3237",2,NA,NA,NA,207.131480946751,6.97449768012062,175.848634082322,191.508290028502,227.020197829834,70.3750066555672,251.091836126788,255.219378753704,270.371509203501,0.339760070916787,40.8952032436373,10.3280032894422,12.9554482944201,13.5303253309705,14.2874992898583,93.3902458963802,14.8568191797656,16.1811862788118,337.412873631527,2.28364792173787,12,"2_JU3237_0.125",NA,NA,NA,NA,NA,"2",756.836909183482,-529.816711353647
"20250619-CbDRC4-p009-m2x_B11_roi_0.png",20250619,"CbDRC4","p009","m2x","B11",0,245.295999558222,14.0681838105345,"","48h",10,"15hHB101","DMSO",1,"MOXIDECTIN",0.5,NA,NA,"JU3237",2,NA,NA,NA,222.791408811976,184.182526050915,187.149758189666,204.989459474485,229.232639847788,23.0715007484598,242.003544766751,245.234243739108,251.459111343218,0.103556509972657,13.7379387038095,12.6627774258815,12.7550325431816,13.3521275362869,13.7393396612194,0.71575982840762,14.1196936450618,14.706211645607,14.8427366763911,0.0521009624398123,12,"2_JU3237_0.5",NA,NA,NA,NA,NA,"2",756.836909183482,-527.604269335694
"20250619-CbDRC4-p009-m2x_B12_roi_0.png",20250619,"CbDRC4","p009","m2x","B12",0,234.990620676507,15.286968498643,"","48h",10,"15hHB101","DMSO",1,"MOXIDECTIN",1,NA,NA,"JU3237",2,NA,NA,NA,190.052667607898,63.9477596033467,132.923483170609,180.879405594199,210.028470355759,50.2472411861498,220.296279954337,231.078822374012,234.990620676507,0.26438587691816,14.4071274888496,11.6956651024087,12.4039382217051,12.9509169159727,13.4972508149485,3.37347661492134,14.5550136436924,15.2145905076003,24.6312770503674,0.234153311791836,12,"2_JU3237_1",NA,NA,NA,NA,NA,"2",756.836909183482,-546.808438827723
"20250619-CbDRC4-p009-m2x_C01_roi_0.png",20250619,"CbDRC4","p009","m2x","C01",0,822.501705970012,38.1500952904639,"","48h",10,"15hHB101","DMSO",1,"MOXIDECTIN",0,NA,NA,"VX34",2,NA,NA,NA,830.974677650887,822.501705970012,824.196300306187,826.738191810449,830.974677650887,11.9825914646969,835.211163491324,837.753054995587,839.447649331762,0.0144199237196625,37.9979070488032,37.8457188071426,37.8761564554747,37.9218129279729,37.9979070488032,0.215226675390215,38.0740011696336,38.1196576421318,38.1500952904639,0.00566417184803849,2,"2_VX34_0",NA,"n<5",NA,NA,NA,"2",841.848651392647,-10.8739737417601
"20250619-CbDRC4-p009-m2x_C02_roi_0.png",20250619,"CbDRC4","p009","m2x","C02",0,652.661848698339,32.0365563510425,"","48h",10,"15hHB101","DMSO",1,"MOXIDECTIN",0.00097,NA,NA,"VX34",2,NA,NA,NA,729.620464907956,652.661848698339,673.090637708459,703.733821223639,754.80579374894,67.9610281068594,768.099773012764,776.076160571059,781.393752276589,0.0931457262721283,34.8012047541358,32.0365563510425,32.4453258715508,33.0584801523132,34.0804039535839,3.18678448737856,36.1835289556824,37.4454039569416,38.286653957781,0.0915710967448575,3,"2_VX34_0.00097",NA,"n<5",NA,NA,NA,"2",841.848651392647,-87.0428576437071
"20250619-CbDRC4-p009-m2x_C03_roi_0.png",20250619,"CbDRC4","p009","m2x","C03",0,822.032661488473,35.6416815184065,"","48h",10,"15hHB101","DMSO",1,"MOXIDECTIN",0.0019,NA,NA,"VX34",2,NA,NA,NA,822.032661488473,822.032661488473,822.032661488473,822.032661488473,822.032661488473,NA,822.032661488473,822.032661488473,822.032661488473,NA,35.6416815184065,35.6416815184065,35.6416815184065,35.6416815184065,35.6416815184065,NA,35.6416815184065,35.6416815184065,35.6416815184065,NA,1,"2_VX34_0.0019",NA,"n<5",NA,NA,NA,"2",841.848651392647,-19.8159899041741
"20250619-CbDRC4-p009-m2x_C04_roi_0.png",20250619,"CbDRC4","p009","m2x","C04",0,847.027334310729,37.3642368381233,"","48h",10,"15hHB101","DMSO",1,"MOXIDECTIN",0.0039,NA,NA,"VX34",2,NA,NA,NA,847.027334310729,847.027334310729,847.027334310729,847.027334310729,847.027334310729,NA,847.027334310729,847.027334310729,847.027334310729,NA,37.3642368381233,37.3642368381233,37.3642368381233,37.3642368381233,37.3642368381233,NA,37.3642368381233,37.3642368381233,37.3642368381233,NA,1,"2_VX34_0.0039",NA,"n<5",NA,NA,NA,"2",841.848651392647,5.17868291808213
"20250619-CbDRC4-p009-m2x_C05_roi_0.png",20250619,"CbDRC4","p009","m2x","C05",0,841.687223124112,40.5862649527751,"","48h",10,"15hHB101","DMSO",1,"MOXIDECTIN",0.0078,NA,NA,"VX34",2,NA,NA,NA,394.632634440766,146.911403784953,156.588978310609,171.105340099093,195.299276413233,387.915842034711,518.493249768672,712.409633781936,841.687223124112,0.982979632651078,22.4611420719156,10.7916811043923,11.8344409152297,13.3985806314858,16.0054801585794,15.9118190264047,28.2958725556772,35.670107993936,40.5862649527751,0.708415403609423,3,"2_VX34_0.0078",NA,"n<5",NA,NA,NA,"2",841.848651392647,-646.549374979414
"20250619-CbDRC4-p009-m2x_C06_roi_0.png",20250619,"CbDRC4","p009","m2x","C06",0,688.361793154435,32.023273045278,"","48h",10,"15hHB101","DMSO",1,"MOXIDECTIN",0.0156,NA,NA,"VX34",2,NA,NA,NA,243.691330709328,107.337361180253,126.325032955795,132.540936561734,139.321675285486,225.909413880989,157.895330029421,657.453447169137,688.361793154435,0.927030983102351,15.5208020750598,10.808517162342,11.2442166347226,11.400527874023,11.8232966624496,8.1016855485708,12.6056360197339,29.8617152006541,32.023273045278,0.521988844995923,10,"2_VX34_0.0156",NA,NA,NA,NA,NA,"2",841.848651392647,-702.526976107161
"20250619-CbDRC4-p009-m2x_C07_roi_0.png",20250619,"CbDRC4","p009","m2x","C07",0,237.524352745382,16.3833542758877,"","48h",10,"15hHB101","DMSO",1,"MOXIDECTIN",0.03125,NA,NA,"VX34",2,NA,NA,NA,219.973285459389,98.8838365770084,147.968707930311,207.171272649055,247.421248980105,64.5992387100051,261.655952642036,264.529899467751,265.957910484397,0.293668563321664,15.4861228226679,13.1194625933496,13.8189709748003,14.8105910284016,15.825141238215,1.46319637984301,16.2783548148099,16.8142562549883,17.2451582340889,0.0944843584542186,6,"2_VX34_0.03125",NA,NA,NA,NA,NA,"2",841.848651392647,-594.427402412542
"20250619-CbDRC4-p009-m2x_C08_roi_0.png",20250619,"CbDRC4","p009","m2x","C08",0,249.189856140152,14.1418343445998,"","48h",10,"15hHB101","DMSO",1,"MOXIDECTIN",0.0625,NA,NA,"VX34",2,NA,NA,NA,173.747215335189,92.7607752808865,99.3538949834543,109.243574537306,176.51911495986,81.4444882817052,241.022755757743,245.923015987189,249.189856140152,0.468752768926882,13.9676426306219,12.3215160218357,12.8676115186649,13.6867547639088,14.2576985085538,1.16063693898778,14.5385863752669,14.8356290402335,15.0336574835445,0.0830946903268602,4,"2_VX34_0.0625",NA,"n<5",NA,NA,NA,"2",841.848651392647,-665.329536432787
"20250619-CbDRC4-p009-m2x_C09_roi_0.png",20250619,"CbDRC4","p009","m2x","C09",0,130.20936954472,17.3323332902308,"","48h",10,"15hHB101","DMSO",1,"MOXIDECTIN",0.125,NA,NA,"VX34",2,NA,NA,NA,156.458910026966,111.041346867585,122.695732797054,127.242499138269,137.011188910791,46.7190199598337,163.853554174898,243.40893215731,245.375697227924,0.298602488997154,14.0170583614472,10.9365000795242,12.2376202799816,12.3052031871202,14.072320269653,2.04457950305166,15.7855404902373,16.1133177141233,17.3323332902308,0.145863664852471,11,"2_VX34_0.125",NA,NA,NA,NA,NA,"2",841.848651392647,-704.837462481856
"20250619-CbDRC4-p009-m2x_C10_roi_0.png",20250619,"CbDRC4","p009","m2x","C10",0,218.935274512498,14.1548662215717,"","48h",10,"15hHB101","DMSO",1,"MOXIDECTIN",0.25,NA,NA,"VX34",2,NA,NA,NA,175.467668111761,118.244361501137,126.805028143333,145.681823832881,184.030280917867,40.9329680508475,207.007674741952,215.567695274084,218.935274512498,0.233279261594654,13.1470400384951,11.8218647434819,12.3055579842491,12.845502876355,13.0712897054419,0.848661165520806,13.762339367641,14.0642724257944,14.1548662215717,0.0645515007968247,6,"2_VX34_0.25",NA,NA,NA,NA,NA,"2",841.848651392647,-657.81837047478
"20250619-CbDRC4-p009-m2x_C11_roi_0.png",20250619,"CbDRC4","p009","m2x","C11",0,155.308432058083,12.5702844860351,"","48h",10,"15hHB101","DMSO",1,"MOXIDECTIN",0.5,NA,NA,"VX34",2,NA,NA,NA,124.022251514629,92.7360709711755,98.9933070798662,108.379161242902,124.022251514629,44.2453408394052,139.665341786356,149.051195949392,155.308432058083,0.356753246284892,13.2015622711639,12.5702844860351,12.6965400430608,12.8859233785995,13.2015622711639,0.892761605353988,13.5172011637283,13.7065844992669,13.8328400562927,0.0676254512167885,2,"2_VX34_0.5",NA,"n<5",NA,NA,NA,"2",841.848651392647,-717.826399878018
"20250619-CbDRC4-p009-m2x_C12_roi_0.png",20250619,"CbDRC4","p009","m2x","C12",0,228.513765481282,13.8689741382615,"","48h",10,"15hHB101","DMSO",1,"MOXIDECTIN",1,NA,NA,"VX34",2,NA,NA,NA,200.944734057526,109.511932738101,119.474673446162,158.159959444577,215.509211512439,66.9370676564442,229.933454995921,260.973952814793,305.405165271143,0.333111827838602,15.2327398434664,12.970837747195,13.4671117768516,13.8334676341087,14.2757181006761,2.92706826628189,15.030548171004,17.8354092033623,21.654591446168,0.192156387909256,7,"2_VX34_1",NA,NA,NA,NA,NA,"2",841.848651392647,-626.339439880208
"20250619-CbDRC4-p009-m2x_D01_roi_0.png",20250619,"CbDRC4","p009","m2x","D01",0,705.391037905193,36.9695853302751,"","48h",10,"15hHB101","DMSO",1,"MOXIDECTIN",0,NA,NA,"PB420",2,NA,NA,NA,736.254203818735,658.952974565676,701.797094388184,722.146396088256,741.200796272782,27.2480433458895,756.539216734879,760.283842109712,788.108724897677,0.0370090156423717,38.3370206177068,32.4942775490685,36.0518418077688,37.1548158778766,38.3646975038988,1.97468969667331,39.3034695664449,40.3654086436653,43.6826373125855,0.0515086896387888,37,"2_PB420_0",NA,NA,NA,NA,NA,"2",758.846883086449,-17.646086813667
"20250619-CbDRC4-p009-m2x_D02_roi_0.png",20250619,"CbDRC4","p009","m2x","D02",0,667.526692990043,35.8433117405989,"","48h",10,"15hHB101","DMSO",1,"MOXIDECTIN",0.00097,NA,NA,"PB420",2,NA,NA,NA,740.232904727461,667.526692990043,709.525573252595,721.672064341795,742.555080769847,27.5079170565568,760.882270649257,771.10673033672,801.375453439855,0.0371611649264425,37.9972888176467,34.7126670076965,35.8717487652217,36.9215110548372,38.1990492391661,1.57965115940718,38.8679041319331,39.9941556796105,41.2328127725963,0.0415727334386436,42,"2_PB420_0.00097",NA,NA,NA,NA,NA,"2",758.846883086449,-16.2918023166019
"20250619-CbDRC4-p009-m2x_D04_roi_0.png",20250619,"CbDRC4","p009","m2x","D04",0,814.238291321738,37.2061260327886,"","48h",10,"15hHB101","DMSO",1,"MOXIDECTIN",0.0039,NA,NA,"PB420",2,NA,NA,NA,751.277344012341,677.989861442085,711.200961611087,723.899516972926,749.887330373994,32.6882736147497,771.103106858095,791.924474847994,817.387817419462,0.0435102613905162,37.7734228927391,33.6317461839815,35.9203064047658,36.6485466053291,38.0791138962807,1.57863680287727,38.9438967471268,39.5526748518344,40.2977362990934,0.0417922624422983,45,"2_PB420_0.0039",NA,NA,NA,NA,NA,"2",758.846883086449,-8.95955271245509
"20250619-CbDRC4-p009-m2x_D05_roi_0.png",20250619,"CbDRC4","p009","m2x","D05",0,704.470667431521,34.0222067477549,"","48h",10,"15hHB101","DMSO",1,"MOXIDECTIN",0.0078,NA,NA,"PB420",2,NA,NA,NA,739.791957749952,690.215327606428,701.964220834013,723.153462231121,737.323202863269,27.6933252510471,758.414719401477,776.433917463463,801.197128148716,0.0374339366100644,37.4535433680934,33.3593737369944,34.9063039140045,36.2746253385769,37.3713430831882,1.88763246017891,39.0685523045142,39.6827674711829,40.8604161288397,0.0503993024539028,55,"2_PB420_0.0078",NA,NA,NA,NA,NA,"2",758.846883086449,-21.5236802231796
"20250619-CbDRC4-p009-m2x_D06_roi_0.png",20250619,"CbDRC4","p009","m2x","D06",0,462.692220099034,21.6460307047638,"","48h",10,"15hHB101","DMSO",1,"MOXIDECTIN",0.0156,NA,NA,"PB420",2,NA,NA,NA,358.891506433776,218.345294738542,308.633239017105,327.183294805408,351.737156155226,72.3708374947479,387.759600075263,407.51080409877,713.757679945209,0.201651017640068,18.5074443206443,12.9469868601429,16.2615584073209,17.3279486783137,18.3622401388695,2.06095717383419,19.2227580559137,21.3029042296666,25.0632292969243,0.111358280383168,54,"2_PB420_0.0156",NA,NA,NA,NA,NA,"2",758.846883086449,-407.109726931223
"20250619-CbDRC4-p009-m2x_D07_roi_0.png",20250619,"CbDRC4","p009","m2x","D07",0,253.11046599332,14.9429848808396,"","48h",10,"15hHB101","DMSO",1,"MOXIDECTIN",0.03125,NA,NA,"PB420",2,NA,NA,NA,258.528741409276,217.505784436324,230.602757591758,245.36915944751,258.120887501514,21.2307506332527,267.726532216475,281.078925789542,316.957563861343,0.0821214326790936,15.0397524185002,12.1922192627513,14.1233168530077,14.439393105972,14.9786268060772,0.96022410611579,15.8099744672355,16.1644012944084,17.0418110135637,0.0638457389055574,38,"2_PB420_0.03125",NA,NA,NA,NA,NA,"2",758.846883086449,-500.725995584935
"20250619-CbDRC4-p009-m2x_D08_roi_0.png",20250619,"CbDRC4","p009","m2x","D08",0,204.342340482194,14.3116242509683,"","48h",10,"15hHB101","DMSO",1,"MOXIDECTIN",0.0625,NA,NA,"PB420",2,NA,NA,NA,216.992006100991,145.02682984226,161.759176613857,198.773141811006,231.690314219997,36.9604621824163,245.054362784581,253.410359512482,262.418822761724,0.170330985212489,14.7611960440704,11.8669861753474,13.535797660227,13.9360033699353,14.7569059755244,1.27242851466842,15.5216889976086,15.8627802257491,17.6000505453732,0.0862009088470554,24,"2_PB420_0.0625",NA,NA,NA,NA,NA,"2",758.846883086449,-527.156568866452
"20250619-CbDRC4-p009-m2x_D09_roi_0.png",20250619,"CbDRC4","p009","m2x","D09",0,255.028660150306,12.9267595947075,"","48h",10,"15hHB101","DMSO",1,"MOXIDECTIN",0.125,NA,NA,"PB420",2,NA,NA,NA,210.070084073108,108.574328523421,174.216034286803,198.077544739129,216.111206464542,36.2023486779827,229.025066761254,241.530350983948,264.213761985993,0.172334622693746,14.0624873780932,11.6221369006153,12.9267595947075,13.7746389076076,14.0880244789001,0.929833635819625,14.751649187388,14.9902862635197,15.6106850375102,0.0661215623395428,21,"2_PB420_0.125",NA,NA,NA,NA,NA,"2",758.846883086449,-542.735676621907
"20250619-CbDRC4-p009-m2x_D10_roi_0.png",20250619,"CbDRC4","p009","m2x","D10",0,227.001017629256,13.9119755588365,"","48h",10,"15hHB101","DMSO",1,"MOXIDECTIN",0.25,NA,NA,"PB420",2,NA,NA,NA,225.867042293822,166.444241369171,190.582368356049,215.248073597323,227.001017629256,26.5894709341672,246.260084082049,256.766699624791,266.903106506992,0.117721782975216,14.3210779594696,11.1835206469897,12.9894494595232,13.7335681789949,14.2315750555573,1.39188191836637,14.7898411554015,15.7714214084025,17.8723068315043,0.0971911417775647,19,"2_PB420_0.25",NA,NA,NA,NA,NA,"2",758.846883086449,-531.845865457193
"20250619-CbDRC4-p009-m2x_D11_roi_0.png",20250619,"CbDRC4","p009","m2x","D11",0,266.025221572889,14.5049684654561,"","48h",10,"15hHB101","DMSO",1,"MOXIDECTIN",0.5,NA,NA,"PB420",2,NA,NA,NA,194.777548598064,92.6248219806635,162.357696399439,167.273603300874,199.801757018543,43.0411340039539,223.654291378344,232.046162356102,266.025221572889,0.220975848159852,13.75396682017,9.40963298195432,11.8459091021528,12.5407092038828,13.4335596325396,3.17609426729612,14.3118387905329,14.4840084335268,23.2591910558247,0.230922053893457,13,"2_PB420_0.5",NA,NA,NA,NA,NA,"2",758.846883086449,-559.045126067906
"20250619-CbDRC4-p009-m2x_D12_roi_0.png",20250619,"CbDRC4","p009","m2x","D12",0,197.910172059189,13.8088099852343,"","48h",10,"15hHB101","DMSO",1,"MOXIDECTIN",1,NA,NA,"PB420",2,NA,NA,NA,210.761407365203,137.520765155014,195.048178983855,201.209401590947,212.737123497847,23.6793083837704,225.474951086989,231.191574748502,243.276711692541,0.112351253864704,13.7315189580471,11.5285936524476,12.6801704902539,13.1727848452776,13.8460875830483,1.0040815688691,14.392089947977,14.5860574107239,15.7388717185176,0.0731223961410819,17,"2_PB420_1",NA,NA,NA,NA,NA,"2",758.846883086449,-546.109759588602
"20250619-CbDRC4-p009-m2x_E01_roi_0.png",20250619,"CbDRC4","p009","m2x","E01",0,709.716080555076,33.8101150895362,"","48h",10,"15hHB101","DMSO",1,"MOXIDECTIN",0,NA,NA,"NIC1667",2,NA,NA,NA,729.283810289506,557.589234272664,689.517230160998,709.091899363052,729.013100224514,45.1982617588677,761.127519413148,782.084533566413,830.621763622857,0.0619762308187333,36.0821752356474,19.7409095314685,33.3185098220753,34.5980431996945,36.7207586961971,3.59954587832905,38.429227498481,39.913191831083,41.4621329234785,0.0997596695548687,48,"2_NIC1667_0",NA,NA,NA,NA,NA,"2",774.728395535816,-45.715295311302
"20250619-CbDRC4-p009-m2x_E02_roi_0.png",20250619,"CbDRC4","p009","m2x","E02",0,735.912492339334,38.261254640897,"","48h",10,"15hHB101","DMSO",1,"MOXIDECTIN",0.00097,NA,NA,"NIC1667",2,NA,NA,NA,753.145861280432,582.237196665312,696.449466814783,737.656962330308,756.826196268479,53.6144924671233,791.171491734193,810.859758270661,842.819655252259,0.0711873957270012,36.6346712363298,29.3023126332904,33.7545068738088,35.262689518397,37.718033886898,2.7042309005558,38.3932478319181,39.3753705185213,39.7852455138405,0.0738161640133425,34,"2_NIC1667_0.00097",NA,NA,NA,NA,NA,"2",774.728395535816,-17.9021992673364
"20250619-CbDRC4-p009-m2x_E03_roi_0.png",20250619,"CbDRC4","p009","m2x","E03",0,763.456453095918,38.52386970742,"","48h",10,"15hHB101","DMSO",1,"MOXIDECTIN",0.0019,NA,NA,"NIC1667",2,NA,NA,NA,739.916957466816,567.180001897212,693.589518718436,714.722614217381,735.364282604685,47.1899850103142,772.337468976942,795.257883089684,821.969789794327,0.0637774070915662,36.6770847271159,27.3082724660001,32.8974693308287,35.721903895201,37.0849228583723,3.0656476556317,38.8113621085293,40.0237754144393,41.3514776950388,0.0835848235605602,41,"2_NIC1667_0.0019",NA,NA,NA,NA,NA,"2",774.728395535816,-39.3641129311304
"20250619-CbDRC4-p009-m2x_E04_roi_0.png",20250619,"CbDRC4","p009","m2x","E04",0,797.761551070301,34.8883184428298,"","48h",10,"15hHB101","DMSO",1,"MOXIDECTIN",0.0039,NA,NA,"NIC1667",2,NA,NA,NA,744.093070544342,460.886083555049,687.318219948736,718.910916907135,749.530714052429,66.1890387437048,781.67059403824,802.830168871943,834.080970533079,0.0889526342387306,36.5027897930422,21.1068444433779,32.8372494519733,34.9424896226806,37.7580203836715,3.70898355489434,39.0660204148723,39.5339009154813,40.6600492206169,0.101608221616018,35,"2_NIC1667_0.0039",NA,NA,NA,NA,NA,"2",774.728395535816,-25.1976814833868
"20250619-CbDRC4-p009-m2x_E05_roi_0.png",20250619,"CbDRC4","p009","m2x","E05",0,775.936350504537,36.3180910854459,"","48h",10,"15hHB101","DMSO",1,"MOXIDECTIN",0.0078,NA,NA,"NIC1667",2,NA,NA,NA,733.905685059287,189.21236797399,682.469856338402,721.719558368561,759.039025116193,103.236704281926,783.329045512502,800.243600217332,818.360189862304,0.140667535874976,36.0474060913822,18.23133048417,31.8247944655671,35.4324761249006,37.2421239435845,4.02677989668219,38.1305700996056,39.5940277919922,40.152567214043,0.111707896165235,37,"2_NIC1667_0.0078",NA,NA,NA,NA,NA,"2",774.728395535816,-15.6893704196229
"20250619-CbDRC4-p009-m2x_E06_roi_0.png",20250619,"CbDRC4","p009","m2x","E06",0,556.120533916578,27.3904576023793,"","48h",10,"15hHB101","DMSO",1,"MOXIDECTIN",0.0156,NA,NA,"NIC1667",2,NA,NA,NA,462.923597788892,346.701081606731,366.521530371377,400.826227317035,428.788563587432,93.5732583595021,525.93136940207,565.471397421841,715.56935916083,0.20213542538433,22.0640052017723,18.1739926043363,18.6504405930229,20.0427252683468,20.857238451703,3.45881144441994,23.1674584869054,27.2875205171654,33.2408870846818,0.156762628216844,34,"2_NIC1667_0.0156",NA,NA,NA,NA,NA,"2",774.728395535816,-345.939831948384
"20250619-CbDRC4-p009-m2x_E07_roi_0.png",20250619,"CbDRC4","p009","m2x","E07",0,274.063989693314,15.3647976834659,"","48h",10,"15hHB101","DMSO",1,"MOXIDECTIN",0.03125,NA,NA,"NIC1667",2,NA,NA,NA,271.569463314355,230.215540355229,252.216619195338,259.051775282695,266.779901424648,24.4337324291598,279.420911329922,292.15486654784,367.496803816723,0.0899723118017748,15.639496063043,12.3610942565002,14.6727590205409,15.0719254449552,15.5512110370815,1.05461790614727,16.2961198977967,16.6906587810993,18.6419122342715,0.0674329851739523,32,"2_NIC1667_0.03125",NA,NA,NA,NA,NA,"2",774.728395535816,-507.948494111167
"20250619-CbDRC4-p009-m2x_E08_roi_0.png",20250619,"CbDRC4","p009","m2x","E08",0,257.17651341426,15.2672707875724,"","48h",10,"15hHB101","DMSO",1,"MOXIDECTIN",0.0625,NA,NA,"NIC1667",2,NA,NA,NA,251.783401078102,146.700635417837,228.952816611663,238.211912674702,253.019381323949,25.7042464015825,269.258822391429,276.394656772402,293.871492396934,0.102088725037157,15.5906655605003,13.0930611769694,14.2695169694967,14.620597319749,15.3561767132088,1.37068541710675,15.8937214873028,17.2457749179659,19.4395810882537,0.0879170559965986,37,"2_NIC1667_0.0625",NA,NA,NA,NA,NA,"2",774.728395535816,-521.709014211867
"20250619-CbDRC4-p009-m2x_E09_roi_0.png",20250619,"CbDRC4","p009","m2x","E09",0,239.885846255075,13.7797296749037,"","48h",10,"15hHB101","DMSO",1,"MOXIDECTIN",0.125,NA,NA,"NIC1667",2,NA,NA,NA,232.11869934636,11.0629380401584,205.995608220235,233.837873809818,242.01235746168,42.3218639960473,248.779031738016,258.21262959528,264.050399894348,0.182328541884926,19.9113348547102,11.3821951000849,13.3074388841377,14.0188244568441,14.6383329625198,33.6653052473254,15.3698325540127,15.9323049317906,227.404759732517,1.69076084014335,40,"2_NIC1667_0.125",NA,NA,NA,NA,NA,"2",774.728395535816,-532.716038074135
"20250619-CbDRC4-p009-m2x_E10_roi_0.png",20250619,"CbDRC4","p009","m2x","E10",0,274.916760686356,14.4475976792359,"","48h",10,"15hHB101","DMSO",1,"MOXIDECTIN",0.25,NA,NA,"NIC1667",2,NA,NA,NA,236.774958473631,150.137426558148,179.607777635614,224.319430875985,243.779563456478,35.6684510263647,261.784512319634,269.121117376838,293.367455962322,0.150642835105119,15.1403196345183,13.2161517282185,13.46795786317,14.1787131075874,14.7048151777659,1.72178671304032,15.4148348125062,17.555564672355,20.2660145098733,0.113721952680235,23,"2_NIC1667_0.25",NA,NA,NA,NA,NA,"2",774.728395535816,-530.948832079338
"20250619-CbDRC4-p009-m2x_E11_roi_0.png",20250619,"CbDRC4","p009","m2x","E11",0,253.701539928397,13.4323832851216,"","48h",10,"15hHB101","DMSO",1,"MOXIDECTIN",0.5,NA,NA,"NIC1667",2,NA,NA,NA,233.065320943311,191.888812409111,202.201870052095,226.085208936266,232.050080637185,19.5003448660343,246.513337921438,254.573942776029,267.594322907872,0.0836690108468663,14.4832239216263,12.9403081515342,13.4743759667667,14.0031610658732,14.376986821093,0.930846749161055,14.8734371909746,15.4537100846719,17.3386623055606,0.064270686844185,23,"2_NIC1667_0.5",NA,NA,NA,NA,NA,"2",774.728395535816,-542.678314898631
"20250619-CbDRC4-p009-m2x_E12_roi_0.png",20250619,"CbDRC4","p009","m2x","E12",0,238.467318656377,14.6700178854719,"","48h",10,"15hHB101","DMSO",1,"MOXIDECTIN",1,NA,NA,"NIC1667",2,NA,NA,NA,222.422258179937,143.007751180851,175.542340887257,219.827848091094,237.034451521902,37.6734619063075,241.386941328131,249.358185301548,256.956767672161,0.169378110871575,14.1902804155681,12.2298411385786,12.9093340405378,14.0404080591695,14.5627205224625,0.976375886885072,14.7243156774044,14.9234734010671,15.1211211558113,0.0688059614251101,8,"2_NIC1667_1",NA,NA,NA,NA,NA,"2",774.728395535816,-537.693944013913
"20250619-CbDRC4-p009-m2x_F01_roi_0.png",20250619,"CbDRC4","p009","m2x","F01",0,814.451317155257,40.0744415577094,"","48h",10,"15hHB101","DMSO",1,"MOXIDECTIN",0,NA,NA,"ED3102",2,NA,NA,NA,824.110348638654,711.455580805161,761.232408107513,792.161685520846,817.157464594673,57.6728607380323,857.625325023582,883.513532093777,988.906442152834,0.0699819639849226,39.5970014891984,33.786152561573,37.4376491496188,38.5822237281679,39.6379803191569,2.20050891194418,41.1327736322227,42.1564711911948,43.0018997953597,0.05557261482399,29,"2_ED3102_0",NA,NA,NA,NA,NA,"2",850.390521362296,-33.2330567676228
"20250619-CbDRC4-p009-m2x_F02_roi_0.png",20250619,"CbDRC4","p009","m2x","F02",0,795.353991775495,37.9955729511648,"","48h",10,"15hHB101","DMSO",1,"MOXIDECTIN",0.00097,NA,NA,"ED3102",2,NA,NA,NA,829.097276343524,673.280314726404,787.0383947826,802.295956204021,819.489165995811,49.494902318167,859.181062494088,883.862465521437,994.696613481514,0.0596973403850136,39.9152367355,36.2906652876219,37.8904552389718,39.1122784622236,39.8379957716259,1.66694991979838,40.8402766870892,42.1203406736858,43.5789105585892,0.0417622456017108,48,"2_ED3102_0.00097",NA,NA,NA,"outlier","outlier","2",850.390521362296,-30.9013553664856
"20250619-CbDRC4-p009-m2x_F03_roi_0.png",20250619,"CbDRC4","p009","m2x","F03",0,778.016022633744,41.2802927603657,"","48h",10,"15hHB101","DMSO",1,"MOXIDECTIN",0.0019,NA,NA,"ED3102",2,NA,NA,NA,829.25102062493,645.572123817029,779.498468320518,804.838838802816,832.82206109756,46.3076550517339,857.75731791423,878.993097897187,941.454995386401,0.055842747129616,39.7985501375502,33.6256830660942,37.607763858771,38.6360352550637,39.7424515063987,1.98624115013763,40.9786707865245,42.0827742362466,44.415462169796,0.0499073745971364,53,"2_ED3102_0.0019",NA,NA,NA,NA,NA,"2",850.390521362296,-17.5684602647365
"20250619-CbDRC4-p009-m2x_F04_roi_0.png",20250619,"CbDRC4","p009","m2x","F04",0,808.832899977042,40.5796206339299,"","48h",10,"15hHB101","DMSO",1,"MOXIDECTIN",0.0039,NA,NA,"ED3102",2,NA,NA,NA,788.484819299619,212.069836560564,733.339899610619,790.626757207122,808.832899977042,139.701983920381,861.419303161758,877.227022673288,902.833798485963,0.177177772483271,39.1456126738309,16.2810151499422,37.3760857413948,38.4313371653245,40.0569811860842,5.92714827593903,41.070001092395,42.5758738772357,51.9547471068845,0.151412837124947,37,"2_ED3102_0.0039",NA,NA,NA,NA,NA,"2",850.390521362296,-41.5576213852544
"20250619-CbDRC4-p009-m2x_F05_roi_0.png",20250619,"CbDRC4","p009","m2x","F05",0,838.610214471793,36.3530815850444,"","48h",10,"15hHB101","DMSO",1,"MOXIDECTIN",0.0078,NA,NA,"ED3102",2,NA,NA,NA,819.897659210661,673.462624488925,753.86995999286,794.19953806279,827.585056593256,51.7543275718717,848.912461789234,879.118940330629,918.608072880195,0.0631229117322973,38.7341414803659,33.016462771655,35.974088359983,37.5223572354055,38.8923229476669,2.41997039043671,39.9686792509261,41.3043782504582,45.3927526897477,0.0624764173917053,46,"2_ED3102_0.0078",NA,NA,NA,NA,NA,"2",850.390521362296,-22.8054647690402
"20250619-CbDRC4-p009-m2x_F06_roi_0.png",20250619,"CbDRC4","p009","m2x","F06",0,375.149136451509,20.097702384148,"","48h",10,"15hHB101","DMSO",1,"MOXIDECTIN",0.0156,NA,NA,"ED3102",2,NA,NA,NA,317.882152824427,169.147547061469,246.257641185202,270.299471983666,317.962684729097,70.4020527605134,355.010743597956,395.16711566017,534.320170830187,0.221472178085436,18.5093588016825,13.2429769125129,15.6593929272044,16.7679759113834,18.640269694711,2.64720959253382,19.9319719894046,22.4515255153219,23.7781402938635,0.143020059252035,35,"2_ED3102_0.0156",NA,NA,NA,NA,NA,"2",850.390521362296,-532.4278366332
"20250619-CbDRC4-p009-m2x_F07_roi_0.png",20250619,"CbDRC4","p009","m2x","F07",0,222.297753463805,15.0493579666148,"","48h",10,"15hHB101","DMSO",1,"MOXIDECTIN",0.03125,NA,NA,"ED3102",2,NA,NA,NA,228.253443466866,175.613571814435,195.029511906589,208.972255087352,227.719798717219,28.1973824813577,253.659694458478,262.866688780693,266.680097819242,0.123535408943133,14.6707329242435,12.7769011104613,13.2130712345746,14.0795688777972,14.9910414558534,1.02575108927022,15.298152623833,15.6923832912434,16.0762011695785,0.0699181898114415,14,"2_ED3102_0.03125",NA,NA,NA,NA,NA,"2",850.390521362296,-622.670722645078
"20250619-CbDRC4-p009-m2x_F09_roi_0.png",20250619,"CbDRC4","p009","m2x","F09",0,222.310606824274,12.0593807364312,"","48h",10,"15hHB101","DMSO",1,"MOXIDECTIN",0.125,NA,NA,"ED3102",2,NA,NA,NA,209.283939454112,160.809854365109,189.649058245331,198.744353190535,207.890763211176,18.4055767031185,223.644378788505,229.363411425189,252.334554669201,0.0879454809151955,14.8463280177973,12.0593807364312,13.7942676926215,14.6151050264057,14.9730033548855,0.879788443045632,15.1994910935559,15.7069439910337,16.6207559511886,0.0592596662279704,30,"2_ED3102_0.125",NA,NA,NA,NA,NA,"2",850.390521362296,-642.49975815112
"20250619-CbDRC4-p009-m2x_F10_roi_0.png",20250619,"CbDRC4","p009","m2x","F10",0,230.400110662828,13.8158613564644,"","48h",10,"15hHB101","DMSO",1,"MOXIDECTIN",0.25,NA,NA,"ED3102",2,NA,NA,NA,201.438593887023,123.510530119133,146.572166372398,195.41952705178,202.138560514781,35.0244884710592,219.329536725345,233.341291637989,285.360552515633,0.173871787899307,15.2382990044893,10.604690204143,13.4247964642121,13.6937841902039,14.6326159898656,3.57716113515994,15.5611582595411,16.9932660439317,30.2971024417574,0.234748060403992,24,"2_ED3102_0.25",NA,NA,NA,NA,NA,"2",850.390521362296,-648.251960847515
"20250619-CbDRC4-p009-m2x_F11_roi_0.png",20250619,"CbDRC4","p009","m2x","F11",0,194.776227660796,15.9417033186417,"","48h",10,"15hHB101","DMSO",1,"MOXIDECTIN",0.5,NA,NA,"ED3102",2,NA,NA,NA,214.803758145919,137.171307857827,185.863828008867,194.658655459503,211.887959665135,37.3975886248739,228.019834287303,247.344801307101,300.29630621577,0.174101184018714,14.8621735057401,13.372807194418,13.73419434612,13.9497997517976,14.5588232223201,1.30579577405643,15.3947632078994,15.9569949691958,18.3901948248014,0.0878603505437554,14,"2_ED3102_0.5",NA,NA,NA,NA,NA,"2",850.390521362296,-638.502561697161
"20250619-CbDRC4-p009-m2x_F12_roi_0.png",20250619,"CbDRC4","p009","m2x","F12",0,216.250921257065,15.284935101024,"","48h",10,"15hHB101","DMSO",1,"MOXIDECTIN",1,NA,NA,"ED3102",2,NA,NA,NA,212.135181735253,92.7795332133422,182.772351489026,195.725400781311,218.485787860437,37.2915403589658,237.606397650178,250.061317506903,256.793574323506,0.175791398927435,14.6548373945064,10.0542856305266,13.3979835387952,14.0696086444825,14.4406825126221,1.57371004177746,15.6854225752011,16.3181395836869,16.8389269122188,0.107385022393179,19,"2_ED3102_1",NA,NA,NA,NA,NA,"2",850.390521362296,-631.90473350186
"20250619-CbDRC4-p010-m2x_A01_roi_0.png",20250619,"CbDRC4","p010","m2x","A01",0,758.392622360382,35.6993744182882,"","48h",10,"15hHB101","DMSO",1,"MOXIDECTIN",0,NA,NA,"ECA2666",2,NA,NA,NA,743.317953894231,232.869873946393,727.656742147789,743.743514408075,765.721735143994,103.828362571669,776.582593282756,800.673390419622,818.268995622524,0.13968230153424,34.6507031713994,14.490725556041,32.5995464979194,34.176148032438,35.4914781497075,4.58316397595351,36.6061195349881,37.9607313111014,40.6268209676164,0.132267560438324,29,"2_ECA2666_0",NA,NA,NA,NA,NA,"2",777.986030494324,-12.2642953503298
"20250619-CbDRC4-p010-m2x_A02_roi_0.png",20250619,"CbDRC4","p010","m2x","A02",0,760.33933105433,35.4724537971989,"","48h",10,"15hHB101","DMSO",1,"MOXIDECTIN",0.00097,NA,NA,"ECA2666",2,NA,NA,NA,769.736068530237,701.260680191123,712.383129128816,733.526676748315,764.695296253904,43.9822233233377,801.050073396601,827.838777046215,850.817619428807,0.0571393561007463,34.8527284816162,30.2434389310646,32.239750923773,33.7256902996566,34.6650108206878,2.27607099545839,36.2180955125414,37.7513409542109,39.7450989500291,0.0653053891220871,25,"2_ECA2666_0.00097",NA,NA,NA,"outlier","outlier","2",777.986030494324,-13.2907342404202
"20250619-CbDRC4-p010-m2x_A03_roi_0.png",20250619,"CbDRC4","p010","m2x","A03",0,836.357729415273,37.1429464111245,"","48h",10,"15hHB101","DMSO",1,"MOXIDECTIN",0.0019,NA,NA,"ECA2666",2,NA,NA,NA,771.776858197093,631.276046580245,734.578129513639,748.063972749028,775.774966132347,40.9591497678188,795.485077685466,821.70311697538,850.563612198331,0.0530712333918657,35.6364119404101,27.0032302810732,33.1081339793097,34.1136650668512,35.3814742086843,2.78429598899906,37.326735213666,39.2365176207098,41.197055268097,0.0781306488895362,39,"2_ECA2666_0.0019",NA,NA,NA,NA,NA,"2",777.986030494324,-2.21106436197749
"20250619-CbDRC4-p010-m2x_A04_roi_0.png",20250619,"CbDRC4","p010","m2x","A04",0,774.738125276794,35.7458341015973,"","48h",10,"15hHB101","DMSO",1,"MOXIDECTIN",0.0039,NA,NA,"ECA2666",2,NA,NA,NA,760.246104951184,633.180780784385,703.66082789251,730.221507075371,764.08237979234,48.4323680671656,796.080479824354,813.876150182391,837.922631682663,0.063706170609418,34.0247654475792,29.0773976642056,31.1620108823606,32.9461133618741,33.9910903127116,2.19442144774515,35.5870686273458,36.4267188284894,38.9719697729027,0.0644948295419118,33,"2_ECA2666_0.0039",NA,NA,NA,NA,NA,"2",777.986030494324,-13.903650701984
"20250619-CbDRC4-p010-m2x_A05_roi_0.png",20250619,"CbDRC4","p010","m2x","A05",0,778.346187789667,35.8007651825838,"","48h",10,"15hHB101","DMSO",1,"MOXIDECTIN",0.0078,NA,NA,"ECA2666",2,NA,NA,NA,726.819088218253,563.789728930468,661.72016646953,702.587389303507,738.015623333455,61.9744107632241,770.950110964126,785.049692494926,842.209157045777,0.0852680010305592,32.9711468935862,24.7744111817057,28.0551132515128,29.8594698962502,33.4505930025516,3.7468233779334,36.3992200446149,37.242885173995,37.7185235697265,0.113639461497236,28,"2_ECA2666_0.0078",NA,NA,NA,NA,NA,"2",777.986030494324,-39.9704071608686
"20250619-CbDRC4-p010-m2x_A06_roi_0.png",20250619,"CbDRC4","p010","m2x","A06",0,718.530095218146,30.035678891303,"","48h",10,"15hHB101","DMSO",1,"MOXIDECTIN",0.0156,NA,NA,"ECA2666",2,NA,NA,NA,558.109375388706,329.943052043043,371.405078167873,485.18203855558,552.658356263244,122.289994556274,647.321547852465,689.839778009483,806.401507549296,0.219114746945619,24.5635209960587,17.4448730556638,17.9766801830146,20.8778643625042,24.2516881519981,4.55195073030602,28.300030124386,29.8782974484847,35.8071833456374,0.185313446351457,37,"2_ECA2666_0.0156",NA,NA,NA,NA,NA,"2",777.986030494324,-225.32767423108
"20250619-CbDRC4-p010-m2x_A07_roi_0.png",20250619,"CbDRC4","p010","m2x","A07",0,234.154817317279,15.1136929653679,"","48h",10,"15hHB101","DMSO",1,"MOXIDECTIN",0.03125,NA,NA,"ECA2666",2,NA,NA,NA,279.965037894494,214.238933911464,234.805572651106,258.621568185952,280.63107737894,33.6912694608963,300.045998782468,320.554567019448,339.785699753187,0.120340988697285,16.9233360058062,11.633336891854,14.1847070954566,15.0471593827368,15.5348632338865,5.62144351970977,16.2442237427631,17.4739739734375,36.09495229538,0.332171122630971,22,"2_ECA2666_0.03125",NA,NA,NA,NA,NA,"2",777.986030494324,-497.354953115384
"20250619-CbDRC4-p010-m2x_A08_roi_0.png",20250619,"CbDRC4","p010","m2x","A08",0,234.223716753973,15.4699301829296,"","48h",10,"15hHB101","DMSO",1,"MOXIDECTIN",0.0625,NA,NA,"ECA2666",2,NA,NA,NA,209.742233534294,109.083637183493,158.865542851181,186.912530234775,223.178217596641,40.7612106858425,240.258259501362,251.361860542454,255.618248671059,0.194339547162197,15.1163676086987,12.7892030257716,13.0339956908738,13.5742702319525,14.3859129816,3.13273764981089,15.0637590569413,16.8384180379327,28.0315279936699,0.207241430673342,23,"2_ECA2666_0.0625",NA,NA,NA,NA,NA,"2",777.986030494324,-554.807812897683
"20250619-CbDRC4-p010-m2x_A09_roi_0.png",20250619,"CbDRC4","p010","m2x","A09",0,235.392732462442,13.2179692660679,"","48h",10,"15hHB101","DMSO",1,"MOXIDECTIN",0.125,NA,NA,"ECA2666",2,NA,NA,NA,219.129748147466,80.2893357964041,199.720823035692,213.179070373356,219.677785011194,32.1353611225168,238.262300189977,243.828190527102,253.255992291299,0.146649924960854,14.4973101089202,11.708923135113,12.3360458402917,13.2520799273027,14.1808409089478,2.70013525451539,14.8270814853432,15.1633957949211,24.5533283903034,0.186250775780398,27,"2_ECA2666_0.125",NA,NA,NA,NA,NA,"2",777.986030494324,-558.30824548313
"20250619-CbDRC4-p010-m2x_A10_roi_0.png",20250619,"CbDRC4","p010","m2x","A10",0,230.570998671397,13.4801191660043,"","48h",10,"15hHB101","DMSO",1,"MOXIDECTIN",0.25,NA,NA,"ECA2666",2,NA,NA,NA,207.077346772438,93.1707295877885,163.807035857018,200.728397767739,211.805182626404,35.2533413382577,227.185631520448,234.00161174797,257.359948709935,0.170242384730757,13.7332442627568,11.1685428268673,12.4981143970088,12.7809119426672,13.4872688847719,1.72383099463411,14.4258196731415,14.6788370117181,20.8259296276515,0.125522488470475,26,"2_ECA2666_0.25",NA,NA,NA,"outlier","outlier","2",777.986030494324,-566.180847867921
"20250619-CbDRC4-p010-m2x_A11_roi_1.png",20250619,"CbDRC4","p010","m2x","A11",1,234.099660649184,12.2447843401902,"","48h",10,"15hHB101","DMSO",1,"MOXIDECTIN",0.5,NA,NA,"ECA2666",2,NA,NA,NA,209.66708807182,165.330226728179,179.14391507923,191.13699705769,216.115286360226,23.4694053787112,230.924866068685,236.346979268746,242.491743828691,0.111936525634734,14.4028016236653,11.2008910672648,12.5559886681448,13.2240689624141,13.5951698075882,2.87139664564617,14.1114224105555,18.0410177860916,24.0382800921198,0.199363757182364,25,"2_ECA2666_0.5",NA,NA,NA,NA,NA,"2",777.986030494324,-561.870744134098
"20250619-CbDRC4-p010-m2x_A12_roi_0.png",20250619,"CbDRC4","p010","m2x","A12",0,223.804849076671,14.2156647891056,"","48h",10,"15hHB101","DMSO",1,"MOXIDECTIN",1,NA,NA,"ECA2666",2,NA,NA,NA,204.300414445844,94.0458358810043,181.498015116618,194.515570149528,208.735924078374,28.0753069597488,220.643319557168,228.072412995017,246.314984866622,0.13742168382723,14.1428185442966,12.6255371031702,13.0377802899044,13.3208742284267,14.096706566265,1.29543227957661,14.3665677929981,14.7813654369902,19.6711047938656,0.0915964717725249,27,"2_ECA2666_1",NA,NA,NA,NA,NA,"2",777.986030494324,-569.25010641595
"20250619-CbDRC4-p010-m2x_B01_roi_0.png",20250619,"CbDRC4","p010","m2x","B01",0,762.313373401045,40.3576966403997,"","48h",10,"15hHB101","DMSO",1,"MOXIDECTIN",0,NA,NA,"JU3237",2,NA,NA,NA,728.894950872053,674.632423912044,679.899234257224,706.277800523133,738.118357309758,33.7731806937536,758.31283511717,762.313373401045,771.172349568988,0.0463347710851161,37.8622874730972,32.2997209822432,35.5468370344581,37.2342923265297,38.0669669470187,2.38034111689068,39.702373610961,40.3104165626796,40.3576966403997,0.0628683916306434,11,"2_JU3237_0",NA,NA,NA,NA,NA,"2",756.836909183482,-18.7185518737238
"20250619-CbDRC4-p010-m2x_B02_roi_0.png",20250619,"CbDRC4","p010","m2x","B02",0,743.840284869955,41.4708169104297,"","48h",10,"15hHB101","DMSO",1,"MOXIDECTIN",0.00097,NA,NA,"JU3237",2,NA,NA,NA,729.128822228416,669.041286060198,700.126552601859,707.925134801861,738.184167754798,26.2713790561808,744.942034187751,755.23660084827,768.195877758331,0.0360311899012417,38.0398293295636,31.4699154756154,34.3899700275922,36.6540462955469,39.0938233577132,2.76835451793232,39.9566229851862,40.5718904332009,41.4708169104297,0.0727751561119865,16,"2_JU3237_0.00097",NA,NA,NA,NA,NA,"2",756.836909183482,-18.6527414286832
"20250619-CbDRC4-p010-m2x_B03_roi_0.png",20250619,"CbDRC4","p010","m2x","B03",0,741.930576668525,36.5482153948105,"","48h",10,"15hHB101","DMSO",1,"MOXIDECTIN",0.0019,NA,NA,"JU3237",2,NA,NA,NA,751.442057020017,708.555539616509,723.159264064908,741.558643848861,746.360586234391,24.9118751428347,768.356159932116,784.511730102856,796.23990793798,0.03315209058384,38.6619422565459,33.6503767089933,36.3770369384191,37.5641320052561,39.3992358765213,2.06822401137708,40.0145891911698,40.64985326195,41.0161620621424,0.0534950882098248,14,"2_JU3237_0.0019",NA,NA,NA,NA,NA,"2",756.836909183482,-10.4763229490906
"20250619-CbDRC4-p010-m2x_B04_roi_0.png",20250619,"CbDRC4","p010","m2x","B04",0,721.85211831666,34.9479437239486,"","48h",10,"15hHB101","DMSO",1,"MOXIDECTIN",0.0039,NA,NA,"JU3237",2,NA,NA,NA,747.17073956805,704.161519894087,712.987691257885,721.071092723484,745.444046188207,30.1212751288553,771.914681938294,784.970818476271,804.493267949404,0.0403137777401038,38.3478426260587,32.3265107596306,34.6921918144617,37.1442692447013,37.939829118342,3.00551447283901,41.1010535652456,42.1810944457678,42.6772594001761,0.0783750601604027,16,"2_JU3237_0.0039",NA,NA,NA,NA,NA,"2",756.836909183482,-11.3928629952742
"20250619-CbDRC4-p010-m2x_B06_roi_0.png",20250619,"CbDRC4","p010","m2x","B06",0,536.675932691866,24.631117481835,"","48h",10,"15hHB101","DMSO",1,"MOXIDECTIN",0.0156,NA,NA,"JU3237",2,NA,NA,NA,423.583052546057,318.976695728384,354.538025254035,366.235746207483,414.557767520921,69.5668727589093,468.96734276303,530.843044526334,562.949672182734,0.164234315657247,20.2287283938057,15.0738740828822,17.2299434539903,18.3518799279738,19.9028363514076,2.74418588566438,21.6908177699449,22.8401760175051,26.2072681888422,0.135657854129115,19,"2_JU3237_0.0156",NA,NA,NA,NA,NA,"2",756.836909183482,-342.279141662561
"20250619-CbDRC4-p010-m2x_B07_roi_0.png",20250619,"CbDRC4","p010","m2x","B07",0,275.860035376383,14.4003786697995,"","48h",10,"15hHB101","DMSO",1,"MOXIDECTIN",0.03125,NA,NA,"JU3237",2,NA,NA,NA,243.33028931378,117.47697477888,224.759542731232,241.094372140416,250.387501191652,46.805786313056,272.135627265618,274.976924246946,275.860035376383,0.192354952788877,14.8939543643653,11.8930510926181,14.1496459120814,14.6404741822852,14.9715900162455,1.20492124338604,15.7933597472203,15.9229122068385,16.0466891021192,0.0809000225130864,10,"2_JU3237_0.03125",NA,NA,NA,NA,NA,"2",756.836909183482,-506.44940799183
"20250619-CbDRC4-p010-m2x_B08_roi_0.png",20250619,"CbDRC4","p010","m2x","B08",0,199.515999999739,14.5298484759025,"","48h",10,"15hHB101","DMSO",1,"MOXIDECTIN",0.0625,NA,NA,"JU3237",2,NA,NA,NA,213.642212267073,106.888941082886,135.918661118894,195.432481551402,224.766782315113,51.8995569547444,252.485898411367,276.540758772157,278.989179311983,0.242927445863859,14.5619113271669,10.3927058335841,12.5891752990577,13.6345130679147,14.4642238092553,1.84031483889807,15.415764196303,16.2574873568567,18.4002362136853,0.126378659885448,20,"2_JU3237_0.0625",NA,NA,NA,NA,NA,"2",756.836909183482,-532.070126868368
"20250619-CbDRC4-p010-m2x_B09_roi_0.png",20250619,"CbDRC4","p010","m2x","B09",0,268.391887628615,12.7529183379635,"","48h",10,"15hHB101","DMSO",1,"MOXIDECTIN",0.125,NA,NA,"JU3237",2,NA,NA,NA,219.75183445781,97.0573998504114,158.434717529529,210.883139641348,226.255037508674,48.5960649483662,241.481433015641,270.438879227368,275.916892426222,0.221140656542261,15.5033732081764,12.7529183379635,13.3358678502045,13.8896738792546,15.1539116016181,2.64304322533293,15.939700231039,18.419824769922,22.0744097777372,0.170481816430698,17,"2_JU3237_0.125",NA,NA,NA,NA,NA,"2",756.836909183482,-530.581871674808
"20250619-CbDRC4-p010-m2x_B10_roi_0.png",20250619,"CbDRC4","p010","m2x","B10",0,204.179267178504,15.25273081425,"","48h",10,"15hHB101","DMSO",1,"MOXIDECTIN",0.25,NA,NA,"JU3237",2,NA,NA,NA,206.975646809255,134.281917222715,169.230592200609,204.490568194747,213.882003675769,38.5629011928683,233.060946794048,237.814344551386,238.99393874673,0.186316128430352,13.9349592855903,11.7589567257925,12.4646375190902,13.3376409600907,14.2496171604212,1.30977643050033,14.8612930096128,15.0906231772596,15.25273081425,0.0939921246741442,6,"2_JU3237_0.25",NA,NA,NA,NA,NA,"2",756.836909183482,-542.954905507712
"20250619-CbDRC4-p010-m2x_B11_roi_0.png",20250619,"CbDRC4","p010","m2x","B11",0,209.334472109952,13.8868948647508,"","48h",10,"15hHB101","DMSO",1,"MOXIDECTIN",0.5,NA,NA,"JU3237",2,NA,NA,NA,185.520790416118,102.115190164555,114.179602800275,166.262194332082,185.582146084133,51.1234131572021,215.190203418323,253.032580649529,253.849959239866,0.275567029671089,13.8815797367115,11.069843114453,12.1965499622174,13.0764937408935,13.7426371838236,1.65069267691116,14.9665605796987,16.0715380414514,16.3916452001118,0.118912451480266,10,"2_JU3237_0.5",NA,NA,NA,NA,NA,"2",756.836909183482,-571.254763099349
"20250619-CbDRC4-p010-m2x_B12_roi_0.png",20250619,"CbDRC4","p010","m2x","B12",0,223.588198660479,14.3617717678522,"","48h",10,"15hHB101","DMSO",1,"MOXIDECTIN",1,NA,NA,"JU3237",2,NA,NA,NA,210.669624973239,144.263380774359,156.879702650668,172.980377410435,204.846816777442,48.1125196287058,251.260260896679,269.255795326143,284.339540843857,0.228379006393625,14.3041597131211,10.1193111046621,11.2773821711834,14.4147743193598,14.6178202781296,2.20609407607526,14.9656479711909,15.4593829299784,18.3157974252434,0.154227449939028,10,"2_JU3237_1",NA,NA,NA,NA,NA,"2",756.836909183482,-551.99009240604
"20250619-CbDRC4-p010-m2x_C01_roi_0.png",20250619,"CbDRC4","p010","m2x","C01",0,802.009382157326,38.2238380679152,"","48h",10,"15hHB101","DMSO",1,"MOXIDECTIN",0,NA,NA,"VX34",2,NA,NA,NA,825.042238888205,802.009382157326,806.615953503502,813.525810522766,825.042238888205,32.5733783690058,836.558667253645,843.468524272909,848.075095619085,0.0394808615046187,38.1570381543821,38.090238240849,38.1035982235556,38.1236381976155,38.1570381543821,0.0944693436838342,38.1904381111486,38.2104780852085,38.2238380679152,0.00247580389498824,2,"2_VX34_0",NA,"n<5",NA,NA,NA,"2",841.848651392647,-16.8064125044416
"20250619-CbDRC4-p010-m2x_C02_roi_0.png",20250619,"CbDRC4","p010","m2x","C02",0,808.815318112912,34.576551822583,"","48h",10,"15hHB101","DMSO",1,"MOXIDECTIN",0.00097,NA,NA,"VX34",2,NA,NA,NA,639.838338268933,133.559394984367,268.610579610076,471.187356548639,808.815318112912,446.45503842571,892.977809911216,943.475304990199,977.140301709521,0.697762249810763,29.2118821354734,15.6579253102183,19.4416506126913,25.1172385664007,34.576551822583,11.8227291752722,35.9888605481009,36.8362457834116,37.4011692736188,0.404723294460896,3,"2_VX34_0.00097",NA,"n<5",NA,NA,NA,"2",841.848651392647,-33.0333332797353
"20250619-CbDRC4-p010-m2x_C03_roi_0.png",20250619,"CbDRC4","p010","m2x","C03",0,807.782164095255,38.3152716528687,"","48h",10,"15hHB101","DMSO",1,"MOXIDECTIN",0.0019,NA,NA,"VX34",2,NA,NA,NA,847.902008548586,807.782164095255,817.054803268252,830.963762027747,844.814421531182,35.8091728119002,861.752668052021,881.219283442844,894.197027036726,0.0422326783647999,39.0272622566774,36.6999546091295,37.1845497222513,37.9114423919339,39.3097351919127,1.88500904497343,40.4255550566563,40.6439964429154,40.7896240337548,0.0482998021376943,4,"2_VX34_0.0019",NA,"n<5",NA,NA,NA,"2",841.848651392647,2.9657701385355
"20250619-CbDRC4-p010-m2x_C04_roi_0.png",20250619,"CbDRC4","p010","m2x","C04",0,814.679351074307,34.5154664369848,"","48h",10,"15hHB101","DMSO",1,"MOXIDECTIN",0.0039,NA,NA,"VX34",2,NA,NA,NA,814.679351074307,814.679351074307,814.679351074307,814.679351074307,814.679351074307,NA,814.679351074307,814.679351074307,814.679351074307,NA,34.5154664369848,34.5154664369848,34.5154664369848,34.5154664369848,34.5154664369848,NA,34.5154664369848,34.5154664369848,34.5154664369848,NA,1,"2_VX34_0.0039",NA,"n<5",NA,NA,NA,"2",841.848651392647,-27.1693003183399
"20250619-CbDRC4-p010-m2x_C05_roi_0.png",20250619,"CbDRC4","p010","m2x","C05",0,810.52758751699,36.366848022484,"","48h",10,"15hHB101","DMSO",1,"MOXIDECTIN",0.0078,NA,NA,"VX34",2,NA,NA,NA,489.796174310472,169.064761103953,233.211043745256,329.430467707212,489.796174310472,453.582714435748,650.161880913731,746.381304875687,810.52758751699,0.926064224724287,25.8069576614173,15.2470673003506,17.3590453725639,20.5270124808839,25.8069576614173,14.9339401657934,31.0869028419506,34.2548699502706,36.366848022484,0.578678833891391,2,"2_VX34_0.0078",NA,"n<5",NA,NA,NA,"2",841.848651392647,-352.052477082175
"20250619-CbDRC4-p010-m2x_C06_roi_0.png",20250619,"CbDRC4","p010","m2x","C06",0,678.569915019058,28.8754627934567,"","48h",10,"15hHB101","DMSO",1,"MOXIDECTIN",0.0156,NA,NA,"VX34",2,NA,NA,NA,418.444123432619,178.228066190821,222.289330770252,288.3812276394,398.534389087978,250.764410480176,538.552152053518,622.562809832842,678.569915019058,0.599278126845426,21.7411796382435,17.318498228534,17.6607141613752,18.174038060637,19.0295778927399,6.23742298616849,23.9525203430983,26.9062858133133,28.8754627934567,0.286894413732576,3,"2_VX34_0.0156",NA,"n<5",NA,NA,NA,"2",841.848651392647,-443.314262304669
"20250619-CbDRC4-p010-m2x_C07_roi_0.png",20250619,"CbDRC4","p010","m2x","C07",0,277.867706641195,13.0922437930245,"","48h",10,"15hHB101","DMSO",1,"MOXIDECTIN",0.03125,NA,NA,"VX34",2,NA,NA,NA,215.80744768561,123.973833192664,146.079368173653,173.813279660687,217.109286475944,62.5292088013447,258.785604389503,283.403692289049,305.547634880465,0.289745370106216,15.6980566147459,11.5247610479737,12.7787472440144,13.8101927545211,14.7654668181349,3.59273351632201,15.5449365821592,21.5564321744036,21.9210839558,0.228864859166529,9,"2_VX34_0.03125",NA,NA,NA,NA,NA,"2",841.848651392647,-624.739364916703
"20250619-CbDRC4-p010-m2x_C08_roi_1.png",20250619,"CbDRC4","p010","m2x","C08",1,227.113704285903,13.0970212615817,"","48h",10,"15hHB101","DMSO",1,"MOXIDECTIN",0.0625,NA,NA,"VX34",2,NA,NA,NA,176.091427766984,142.613775337164,143.885704913381,145.793599277706,180.137653678275,34.4026443136342,184.798406255869,210.18758507389,227.113704285903,0.195368080944623,13.6139497383996,11.3317588590029,11.3319350326435,11.3321992931043,13.0970212615817,2.51556130389442,15.2263274291984,16.3399960811459,17.0824418491109,0.184778212953071,5,"2_VX34_0.0625",NA,NA,NA,NA,NA,"2",841.848651392647,-661.710997714372
"20250619-CbDRC4-p010-m2x_C09_roi_0.png",20250619,"CbDRC4","p010","m2x","C09",0,316.187457750206,14.6135039101399,"","48h",10,"15hHB101","DMSO",1,"MOXIDECTIN",0.125,NA,NA,"VX34",2,NA,NA,NA,218.697566363449,121.207674976692,140.705653254043,169.95262067007,218.697566363449,137.871526593432,267.442512056828,296.689479472855,316.187457750206,0.630420945628201,12.4621018566983,10.3106998032567,10.740980213945,11.3864008299775,12.4621018566983,3.04254196209443,13.5378028834191,14.1832234994516,14.6135039101399,0.244143563989496,2,"2_VX34_0.125",NA,"n<5",NA,NA,NA,"2",841.848651392647,-623.151085029198
"20250619-CbDRC4-p010-m2x_C10_roi_0.png",20250619,"CbDRC4","p010","m2x","C10",0,139.587158327974,15.2761641219365,"","48h",10,"15hHB101","DMSO",1,"MOXIDECTIN",0.25,NA,NA,"VX34",2,NA,NA,NA,159.823834541541,97.4459348612808,114.302424247958,139.587158327974,141.209848814003,49.427327377742,209.536443155026,210.618449791663,211.33978754942,0.309261303356447,13.4812788223622,9.17847469716718,10.3786861657603,12.1790033686499,15.2761641219365,2.77001453782939,15.3592282158193,15.3918055112706,15.4135237082382,0.205471200049257,5,"2_VX34_0.25",NA,NA,NA,NA,NA,"2",841.848651392647,-700.638802578644
"20250619-CbDRC4-p010-m2x_C11_roi_0.png",20250619,"CbDRC4","p010","m2x","C11",0,209.208708208956,14.3382216283102,"","48h",10,"15hHB101","DMSO",1,"MOXIDECTIN",0.5,NA,NA,"VX34",2,NA,NA,NA,172.083237623633,145.524905742555,148.371404252494,149.378935349719,166.063766274286,26.6358410870665,185.679618427549,210.068794364834,217.809569767736,0.154784634778446,14.7811195510867,13.5999343389501,14.0441743290469,14.2959043039091,14.6114129570095,0.900622941063761,14.9877457923627,15.6251544162926,16.8402180304837,0.0609306309952379,10,"2_VX34_0.5",NA,NA,NA,NA,NA,"2",841.848651392647,-675.784885118361
"20250619-CbDRC4-p010-m2x_C12_roi_0.png",20250619,"CbDRC4","p010","m2x","C12",0,116.713638854124,13.4931988925625,"","48h",10,"15hHB101","DMSO",1,"MOXIDECTIN",1,NA,NA,"VX34",2,NA,NA,NA,135.323364897001,109.561443441871,111.707102065547,114.925590001061,136.175283039599,25.8291229490503,156.573057935539,158.258093214376,159.381450066934,0.190869647445655,14.0781274106623,11.7019787248496,12.2393447751635,13.0453938506343,14.1758601768636,1.94530356140122,15.2085937368916,15.8387238331999,16.2588105640721,0.138179141632709,4,"2_VX34_1",NA,"n<5",NA,NA,NA,"2",841.848651392647,-705.673368353048
"20250619-CbDRC4-p010-m2x_D01_roi_0.png",20250619,"CbDRC4","p010","m2x","D01",0,777.168789827764,39.7231613103773,"","48h",10,"15hHB101","DMSO",1,"MOXIDECTIN",0,NA,NA,"PB420",2,NA,NA,NA,742.137329475674,668.351605256267,712.754859241271,722.007651160043,739.475895518148,29.9261635543475,759.865527542587,782.465315066332,802.354467193519,0.0403242935852459,38.1386238976907,32.612086761101,36.72653487985,37.3015920699246,38.333689866823,1.94863828547537,39.5464772976545,40.1794155681724,41.5341932909329,0.0510935656908523,32,"2_PB420_0",NA,NA,NA,NA,NA,"2",758.846883086449,-19.3709875683014
"20250619-CbDRC4-p010-m2x_D02_roi_0.png",20250619,"CbDRC4","p010","m2x","D02",0,783.716376592151,37.490541684807,"","48h",10,"15hHB101","DMSO",1,"MOXIDECTIN",0.00097,NA,NA,"PB420",2,NA,NA,NA,743.053427403585,669.256086549217,704.635512923526,717.830725164688,742.355182492761,33.1103945467376,770.418623167566,783.782358758558,806.826425271693,0.0445599109372708,37.5815406980888,30.3381458713654,34.2441766620566,36.74624009534,37.9102678881945,2.73970371536023,39.1899649024345,40.8868128448279,41.7008207412465,0.0729002500820718,31,"2_PB420_0.00097",NA,NA,NA,NA,NA,"2",758.846883086449,-16.4917005936878
"20250619-CbDRC4-p010-m2x_D03_roi_0.png",20250619,"CbDRC4","p010","m2x","D03",0,786.149536654521,37.5177724602512,"","48h",10,"15hHB101","DMSO",1,"MOXIDECTIN",0.0019,NA,NA,"PB420",2,NA,NA,NA,752.077421254227,502.273889666588,724.435274167712,740.083491240648,765.878451072819,58.566061942809,780.8899968678,789.674117460958,807.662015125909,0.0778723842621673,37.8421946739126,31.7634886432749,34.7780523732054,36.9252982209386,38.1866253801253,2.12485356957678,39.2311847812721,40.4111961357432,41.1639432058458,0.0561503789060521,45,"2_PB420_0.0019",NA,NA,NA,NA,NA,"2",758.846883086449,7.03156798637042
"20250619-CbDRC4-p010-m2x_D04_roi_0.png",20250619,"CbDRC4","p010","m2x","D04",0,769.536826288158,38.2854968950685,"","48h",10,"15hHB101","DMSO",1,"MOXIDECTIN",0.0039,NA,NA,"PB420",2,NA,NA,NA,749.653491139154,470.395845851227,717.398084353557,735.728524717862,762.191623608196,48.5035084858471,770.876424368467,784.121210756928,802.983702290811,0.0647012373838778,38.0090400267145,26.2090345895676,36.1317116512894,36.9607574878397,38.2844141872849,2.39654921066232,39.2608103882223,40.1977608455546,42.2262249565167,0.0630520846876931,48,"2_PB420_0.0039",NA,NA,NA,NA,NA,"2",758.846883086449,3.34474052174676
"20250619-CbDRC4-p010-m2x_D05_roi_0.png",20250619,"CbDRC4","p010","m2x","D05",0,760.050190147211,34.8296397786122,"","48h",10,"15hHB101","DMSO",1,"MOXIDECTIN",0.0078,NA,NA,"PB420",2,NA,NA,NA,742.663039983633,606.891144199327,713.88400998385,730.303655918299,745.045055166431,33.1524766736726,761.842556872978,774.543559023755,790.983854058835,0.0446399980728853,36.09658694332,30.3689164668454,32.9529474990264,34.5888232849481,36.5590958714331,2.42915289793377,37.5716352550087,38.5434975909636,41.2796206933947,0.067295916418583,37,"2_PB420_0.0078",NA,NA,NA,NA,NA,"2",758.846883086449,-13.8018279200178
"20250619-CbDRC4-p010-m2x_D06_roi_0.png",20250619,"CbDRC4","p010","m2x","D06",0,392.451841616304,18.2988168677644,"","48h",10,"15hHB101","DMSO",1,"MOXIDECTIN",0.0156,NA,NA,"PB420",2,NA,NA,NA,356.909549123019,258.612342770188,302.693537107932,330.298700048979,356.096026664709,43.7365999010647,392.004900941912,404.520342377408,453.690329899961,0.122542532158448,18.5458520838626,14.9102006851108,17.1127827459303,17.7098132995969,18.3174427709547,1.46122787462366,19.9308607424479,20.228587043844,21.7379028019431,0.078790010187514,37,"2_PB420_0.0156",NA,NA,NA,NA,NA,"2",758.846883086449,-402.75085642174
"20250619-CbDRC4-p010-m2x_D07_roi_0.png",20250619,"CbDRC4","p010","m2x","D07",0,278.380060432162,13.766766037744,"","48h",10,"15hHB101","DMSO",1,"MOXIDECTIN",0.03125,NA,NA,"PB420",2,NA,NA,NA,255.130605308602,142.750320844154,232.330426951064,238.762571146962,257.162875815827,27.3613978944231,272.716249626075,284.313776242503,289.368692340124,0.10724467125897,15.3946149093683,13.3995236207343,14.0284115333762,14.3986683873501,15.2953175948677,1.385161543402,15.979845087436,17.0266023618821,20.2903100834499,0.0899770180388902,34,"2_PB420_0.03125",NA,NA,NA,NA,NA,"2",758.846883086449,-501.684007270622
"20250619-CbDRC4-p010-m2x_D08_roi_0.png",20250619,"CbDRC4","p010","m2x","D08",0,248.619239116643,13.6467705263454,"","48h",10,"15hHB101","DMSO",1,"MOXIDECTIN",0.0625,NA,NA,"PB420",2,NA,NA,NA,236.025135774641,98.1986289166849,217.500644960959,224.653367875193,244.83571208237,34.3022398679836,253.638332165538,261.835576758072,281.812872807576,0.145332994960061,14.9009627992702,13.0354569635346,13.8560207918702,14.10764457542,14.5066365980821,1.35083856221822,15.4109363488925,15.7955749045073,20.7083782906226,0.0906544483343304,31,"2_PB420_0.0625",NA,NA,NA,NA,NA,"2",758.846883086449,-514.011171004079
"20250619-CbDRC4-p010-m2x_D09_roi_0.png",20250619,"CbDRC4","p010","m2x","D09",0,217.869253188528,14.0052460981955,"","48h",10,"15hHB101","DMSO",1,"MOXIDECTIN",0.125,NA,NA,"PB420",2,NA,NA,NA,228.2600886622,154.104986121569,203.686861223567,215.454715848894,223.351114927237,36.8734721675993,238.235130437976,259.977226907575,390.915882526958,0.161541478336005,14.5257503088982,11.1216402729444,13.6593609135133,14.0082917557811,14.34769576106,1.26701557625895,14.8577499416536,15.1723171265805,19.3607960062527,0.0872254822859511,35,"2_PB420_0.125",NA,NA,NA,NA,NA,"2",758.846883086449,-535.495768159212
"20250619-CbDRC4-p010-m2x_D10_roi_0.png",20250619,"CbDRC4","p010","m2x","D10",0,222.479950876959,14.8059916200232,"","48h",10,"15hHB101","DMSO",1,"MOXIDECTIN",0.25,NA,NA,"PB420",2,NA,NA,NA,228.498310659189,145.610428526109,203.063260715487,220.95089061997,231.014285072162,29.8414472432929,246.068536062237,252.268960384638,291.66722146674,0.130598108831545,14.4474903840465,12.7522286638612,13.4364959316388,14.0006817674318,14.4999017002335,0.933480428281522,14.8078913704397,15.1398733238501,17.8777053772199,0.0646119432141865,28,"2_PB420_0.25",NA,NA,NA,"outlier","outlier","2",758.846883086449,-527.832598014287
"20250619-CbDRC4-p010-m2x_D11_roi_0.png",20250619,"CbDRC4","p010","m2x","D11",0,213.527992908637,15.3188056670468,"","48h",10,"15hHB101","DMSO",1,"MOXIDECTIN",0.5,NA,NA,"PB420",2,NA,NA,NA,218.544547065553,135.043234528422,186.926952192317,208.489204086507,220.146560755544,24.9508998655175,235.374850187158,243.401167562563,260.318919284476,0.114168485100813,13.9397588154896,11.0181046386947,12.7002289967069,13.1445497744073,13.8143234751548,1.25361882661954,14.5321856208018,15.4256342023438,17.3654469896833,0.0899311704895886,35,"2_PB420_0.5",NA,NA,NA,NA,NA,"2",758.846883086449,-538.700322330905
"20250619-CbDRC4-p010-m2x_D12_roi_0.png",20250619,"CbDRC4","p010","m2x","D12",0,202.632576038216,13.6497156946385,"","48h",10,"15hHB101","DMSO",1,"MOXIDECTIN",1,NA,NA,"PB420",2,NA,NA,NA,227.383098284879,191.017323612966,196.498288770827,205.297550048388,228.672810281472,25.4960713386636,235.027315262475,256.032091722595,297.04284513166,0.11212826076774,13.9795619639271,12.1691719837039,13.0018261423433,13.2182266396954,13.843190292958,0.992338569703674,14.6843528995057,15.1615321587702,16.1586970273065,0.0709849544831453,23,"2_PB420_1",NA,NA,NA,NA,NA,"2",758.846883086449,-530.174072804977
"20250619-CbDRC4-p010-m2x_E01_roi_0.png",20250619,"CbDRC4","p010","m2x","E01",0,770.317749646992,36.5172380897595,"","48h",10,"15hHB101","DMSO",1,"MOXIDECTIN",0,NA,NA,"NIC1667",2,NA,NA,NA,742.284612088492,615.27469528364,701.350869037266,711.702462609742,750.185013953152,42.6326936754224,770.478328450903,788.261610017169,798.191457716374,0.0574344301109396,37.0164819720554,28.5806881789221,34.1325788192076,35.3921256831361,37.3869089538904,2.96234117813623,39.0534695966969,39.979321041322,42.258119036291,0.0800276260821483,35,"2_NIC1667_0",NA,NA,NA,NA,NA,"2",774.728395535816,-24.5433815826635
"20250619-CbDRC4-p010-m2x_E02_roi_0.png",20250619,"CbDRC4","p010","m2x","E02",0,789.787004052812,36.6322424596469,"","48h",10,"15hHB101","DMSO",1,"MOXIDECTIN",0.00097,NA,NA,"NIC1667",2,NA,NA,NA,734.872574334311,508.637598513956,684.323216577646,713.761192725654,747.7244041739,59.6470073443188,774.770507615312,789.673492676219,801.80723203263,0.0811664626324508,35.8057921238589,25.4276348562551,31.0925130222607,33.7052618585156,36.3850554170921,3.6249279550533,38.5446684627817,40.0664461444776,40.8140002409015,0.101238591301485,52,"2_NIC1667_0.00097",NA,NA,NA,NA,NA,"2",774.728395535816,-27.0039913619154
"20250619-CbDRC4-p010-m2x_E03_roi_0.png",20250619,"CbDRC4","p010","m2x","E03",0,755.02979502502,38.9667041925214,"","48h",10,"15hHB101","DMSO",1,"MOXIDECTIN",0.0019,NA,NA,"NIC1667",2,NA,NA,NA,751.850083217484,645.844112709545,714.316452704851,733.814012518528,755.015463314255,37.6233042834903,772.670575076353,798.069521142715,838.270595956214,0.0500409657766936,36.7360451012616,28.3794375912495,32.9686849046827,35.5851145231353,37.5222718275691,2.60574061582459,38.4491080395358,39.1343363657727,40.8703265540439,0.0709314410041136,43,"2_NIC1667_0.0019",NA,NA,NA,NA,NA,"2",774.728395535816,-19.7129322215605
"20250619-CbDRC4-p010-m2x_E04_roi_0.png",20250619,"CbDRC4","p010","m2x","E04",0,719.477104665201,36.5452657290491,"","48h",10,"15hHB101","DMSO",1,"MOXIDECTIN",0.0039,NA,NA,"NIC1667",2,NA,NA,NA,735.095904029991,558.928983255404,691.367876733326,715.003928089186,738.924848788196,53.5836505005353,766.26236130637,791.060114623423,826.799956634693,0.0728934145963479,36.2988260970836,27.9592639139553,31.758919528979,34.3818856413304,36.5151758279994,3.19718424321781,38.915840018169,40.3696086230914,41.5201271875593,0.0880795493128821,50,"2_NIC1667_0.0039",NA,NA,NA,"outlier","outlier","2",774.728395535816,-35.8035467476193
"20250619-CbDRC4-p010-m2x_E05_roi_0.png",20250619,"CbDRC4","p010","m2x","E05",0,806.079816188493,38.6039665917342,"","48h",10,"15hHB101","DMSO",1,"MOXIDECTIN",0.0078,NA,NA,"NIC1667",2,NA,NA,NA,749.530306799134,659.863266613982,693.491264578326,716.765148886784,750.62819133501,43.8035224691675,785.082923468381,803.227763190391,833.856683377228,0.0584412959313551,36.3962141345694,29.5581414755049,32.8004597406362,34.3799094669148,36.9063230441603,2.69666738675832,38.6039665917342,39.2551867420017,40.3675674800009,0.0740919749726664,53,"2_NIC1667_0.0078",NA,NA,NA,NA,NA,"2",774.728395535816,-24.1002042008054
"20250619-CbDRC4-p010-m2x_E06_roi_0.png",20250619,"CbDRC4","p010","m2x","E06",0,681.695693391375,29.5711912694546,"","48h",10,"15hHB101","DMSO",1,"MOXIDECTIN",0.0156,NA,NA,"NIC1667",2,NA,NA,NA,527.373255866239,344.439141907702,369.480914145196,395.730111175625,564.102595522699,125.680791535999,640.196565379098,682.902164565115,719.578028093645,0.23831468535423,24.738015923218,17.8603071523703,18.8329595434251,20.0230666866252,25.267529238455,5.14122889274571,29.0075704561199,32.1345673950933,34.6784320015294,0.207827050831526,47,"2_NIC1667_0.0156",NA,NA,NA,NA,NA,"2",774.728395535816,-210.625800013117
"20250619-CbDRC4-p010-m2x_E07_roi_0.png",20250619,"CbDRC4","p010","m2x","E07",0,276.43985627594,16.4205118872582,"","48h",10,"15hHB101","DMSO",1,"MOXIDECTIN",0.03125,NA,NA,"NIC1667",2,NA,NA,NA,273.317589868568,227.788789967611,252.124409343825,261.230067318888,272.939398808874,18.9524563083953,285.063872962372,298.34041152492,326.572515172932,0.0693422487645567,15.7012710455658,14.071544346962,14.8117743694681,15.2234916015026,15.7970916911505,0.711680559209001,16.2604611105989,16.6193956384837,16.9768945810209,0.0453263023830155,50,"2_NIC1667_0.03125",NA,NA,NA,NA,NA,"2",774.728395535816,-501.788996726941
"20250619-CbDRC4-p010-m2x_E08_roi_0.png",20250619,"CbDRC4","p010","m2x","E08",0,270.58565675065,14.2153962074035,"","48h",10,"15hHB101","DMSO",1,"MOXIDECTIN",0.0625,NA,NA,"NIC1667",2,NA,NA,NA,249.06749573313,144.179088025565,232.283895349482,237.958335089325,252.736356279385,33.715133174317,268.645582298732,276.414310357072,311.838700858167,0.135365448129137,15.0896656268003,13.0006275637259,14.161309875239,14.4104598094491,14.9513758985584,1.06489611814307,15.710594948867,15.8628938663746,19.0028783721,0.0705712203623477,28,"2_NIC1667_0.0625",NA,NA,NA,NA,NA,"2",774.728395535816,-521.99203925643
"20250619-CbDRC4-p010-m2x_E09_roi_0.png",20250619,"CbDRC4","p010","m2x","E09",0,254.367864259821,14.8869903560144,"","48h",10,"15hHB101","DMSO",1,"MOXIDECTIN",0.125,NA,NA,"NIC1667",2,NA,NA,NA,246.673617267974,185.191873677248,226.708811868052,234.539732044242,250.872750738926,21.0581693711213,257.93974753867,271.667937941431,285.339279364862,0.0853685513852287,14.4454723377747,12.2969683414961,12.8238558597274,13.8158579021639,14.6614939093004,0.997128142046021,15.0826193919119,15.5284031229806,16.9774729260719,0.0690270362041778,45,"2_NIC1667_0.125",NA,NA,NA,NA,NA,"2",774.728395535816,-523.855644796889
"20250619-CbDRC4-p010-m2x_E10_roi_0.png",20250619,"CbDRC4","p010","m2x","E10",0,231.198956149042,14.5461702311363,"","48h",10,"15hHB101","DMSO",1,"MOXIDECTIN",0.25,NA,NA,"NIC1667",2,NA,NA,NA,240.818579484455,172.644717182607,215.591051979827,231.577331957233,242.873119851191,25.2362699108956,253.373022418937,269.496761545608,298.71882333371,0.104793699742443,14.5656861836088,10.6998595851292,13.7837365504559,14.2346189460015,14.7862663992912,0.994615310391551,15.0341389379721,15.3354822437155,16.0728290021831,0.0682848235128684,49,"2_NIC1667_0.25",NA,NA,NA,NA,NA,"2",774.728395535816,-531.855275684625
"20250619-CbDRC4-p010-m2x_E11_roi_0.png",20250619,"CbDRC4","p010","m2x","E11",0,240.696552687955,14.3654363868308,"","48h",10,"15hHB101","DMSO",1,"MOXIDECTIN",0.5,NA,NA,"NIC1667",2,NA,NA,NA,234.253808524361,124.190598496164,200.595117989657,220.579937815064,241.054269068156,27.6852102430856,250.145933229866,264.615020087626,273.238678500132,0.118184675064553,14.4788680086325,13.2022929968111,13.6782282782227,14.1325467414126,14.4088068202042,0.666099942655443,14.7689300178566,15.3593071768249,16.7121412638011,0.046004973749212,56,"2_NIC1667_0.5",NA,NA,NA,NA,NA,"2",774.728395535816,-533.67412646766
"20250619-CbDRC4-p010-m2x_E12_roi_0.png",20250619,"CbDRC4","p010","m2x","E12",0,248.234542712521,14.3937483552671,"","48h",10,"15hHB101","DMSO",1,"MOXIDECTIN",1,NA,NA,"NIC1667",2,NA,NA,NA,225.200116774221,128.662872369888,165.89211642705,218.889595161314,241.027119173757,38.424040082373,249.667079410934,256.079199596585,271.564457175644,0.170621759139209,15.1150254725976,11.221741544766,13.7302611212615,14.2608487251352,14.8917943593341,2.31872415396702,15.651119636932,16.3579767101859,25.298201908665,0.153405242893616,28,"2_NIC1667_1",NA,NA,NA,NA,NA,"2",774.728395535816,-533.701276362058
"20250619-CbDRC4-p010-m2x_F01_roi_0.png",20250619,"CbDRC4","p010","m2x","F01",0,799.866831204022,39.7905502921776,"","48h",10,"15hHB101","DMSO",1,"MOXIDECTIN",0,NA,NA,"ED3102",2,NA,NA,NA,830.693625920715,740.698774513792,799.092646171837,811.493155705587,825.111988844484,32.860132074193,847.389123501434,881.15539312931,891.09282193701,0.0395574626418637,40.2262713475672,37.4799410752174,38.705669186876,39.2957768378624,40.0690977465861,1.4954050222017,40.7757428708982,42.1395706664438,43.9380668368711,0.037174835551646,39,"2_ED3102_0",NA,NA,NA,NA,NA,"2",850.390521362296,-25.2785325178122
"20250619-CbDRC4-p010-m2x_F02_roi_0.png",20250619,"CbDRC4","p010","m2x","F02",0,816.55380810031,40.5037202091056,"","48h",10,"15hHB101","DMSO",1,"MOXIDECTIN",0.00097,NA,NA,"ED3102",2,NA,NA,NA,818.186613538388,399.380358018036,795.544843600776,807.813688015966,814.592689766539,78.3185447491347,851.18836396221,885.062158388606,910.951732939975,0.0957221047780686,40.1811267833345,26.1387172302894,38.4079534447737,39.465221965734,40.6019114505006,2.89744295100174,41.4078078730723,42.7261886073719,43.9047610315639,0.0721095495062991,37,"2_ED3102_0.00097",NA,NA,NA,NA,NA,"2",850.390521362296,-35.7978315957574
"20250619-CbDRC4-p010-m2x_F03_roi_0.png",20250619,"CbDRC4","p010","m2x","F03",0,848.039997458263,39.4114205147237,"","48h",10,"15hHB101","DMSO",1,"MOXIDECTIN",0.0019,NA,NA,"ED3102",2,NA,NA,NA,826.881074929056,251.961552703268,785.617631956398,808.122568385069,837.786808768183,92.6405572472047,866.397049124656,887.923454958001,923.383615022257,0.11203613198567,39.1766505060871,11.9314714015145,37.2342324739507,38.1492783231931,40.0962036612528,4.38905164461104,41.1581060323069,41.6384419803849,42.9514014932886,0.112032335279125,49,"2_ED3102_0.0019",NA,NA,NA,NA,NA,"2",850.390521362296,-12.6037125941135
"20250619-CbDRC4-p010-m2x_F04_roi_0.png",20250619,"CbDRC4","p010","m2x","F04",0,864.872849893054,42.0736043231986,"","48h",10,"15hHB101","DMSO",1,"MOXIDECTIN",0.0039,NA,NA,"ED3102",2,NA,NA,NA,822.568321663038,534.032760611983,785.823578999479,807.246338782517,827.246313421737,54.1518535855021,853.087200710237,872.220279312307,896.808669283997,0.0658326514155321,39.8362966179848,29.3049269746097,38.0605312905359,38.9728308346387,39.9704364334143,2.14677464043732,40.8974317466195,42.0742364876086,43.1600831038903,0.053889915044666,46,"2_ED3102_0.0039",NA,NA,NA,NA,NA,"2",850.390521362296,-23.1442079405591
"20250619-CbDRC4-p010-m2x_F05_roi_0.png",20250619,"CbDRC4","p010","m2x","F05",0,905.985404727695,39.8601164969593,"","48h",10,"15hHB101","DMSO",1,"MOXIDECTIN",0.0078,NA,NA,"ED3102",2,NA,NA,NA,835.479081092972,722.531350849272,770.872512857702,813.89830828406,831.979945748455,47.0263099915524,881.11325036903,889.80061830618,927.551587336428,0.0562866396726926,39.0692189225272,33.0634996632205,37.1130571224414,37.9244552707268,39.1615064827929,1.99766973421648,40.529274344161,41.187708365566,43.3163062036964,0.0511315503434503,36,"2_ED3102_0.0078",NA,NA,NA,NA,NA,"2",850.390521362296,-18.4105756138414
"20250619-CbDRC4-p010-m2x_F06_roi_0.png",20250619,"CbDRC4","p010","m2x","F06",0,492.297867653923,22.6618274292051,"","48h",10,"15hHB101","DMSO",1,"MOXIDECTIN",0.0156,NA,NA,"ED3102",2,NA,NA,NA,403.910473756165,268.161556300038,291.499959395834,333.1195057731,379.913062958755,100.107311558441,467.51150141958,535.345821791856,695.810474950629,0.247845297566793,20.9722171680347,15.5334661515139,17.1222373316772,18.6775239009096,19.8622582354905,3.90204841978757,22.7284788842298,26.6183008683195,32.0946524417214,0.186057982736082,51,"2_ED3102_0.0156",NA,NA,NA,NA,NA,"2",850.390521362296,-470.477458403542
"20250619-CbDRC4-p010-m2x_F07_roi_0.png",20250619,"CbDRC4","p010","m2x","F07",0,238.164982758295,16.9649454515231,"","48h",10,"15hHB101","DMSO",1,"MOXIDECTIN",0.03125,NA,NA,"ED3102",2,NA,NA,NA,237.935181609311,203.371531864776,215.590806363515,226.921876796941,237.755043006647,17.8459345951559,251.222714152651,253.673512089544,279.145143506739,0.0750033453415848,15.3702145849155,11.7779292007034,13.3119389554917,14.2496801112494,15.5357288686615,1.59038052762599,16.3977298164668,17.3085158162617,17.9055182300734,0.103471589081574,24,"2_ED3102_0.03125",NA,NA,NA,NA,NA,"2",850.390521362296,-612.635478355649
"20250619-CbDRC4-p010-m2x_F08_roi_0.png",20250619,"CbDRC4","p010","m2x","F08",0,248.025457137509,15.2856145695299,"","48h",10,"15hHB101","DMSO",1,"MOXIDECTIN",0.0625,NA,NA,"ED3102",2,NA,NA,NA,220.203525446417,175.854902469427,194.267905785403,205.346775096493,220.066611784955,23.1005700321647,229.998754234134,248.361057159654,280.210532665945,0.10490554129564,15.0599368147368,12.7972766973044,13.631955702458,14.0758130377187,15.079783101268,1.29622884051979,15.8072203516253,16.6237013662989,19.0473907235963,0.0860713332642522,37,"2_ED3102_0.0625",NA,NA,NA,NA,NA,"2",850.390521362296,-630.323909577341
"20250619-CbDRC4-p010-m2x_F09_roi_0.png",20250619,"CbDRC4","p010","m2x","F09",0,243.61263588484,15.2978679733752,"","48h",10,"15hHB101","DMSO",1,"MOXIDECTIN",0.125,NA,NA,"ED3102",2,NA,NA,NA,207.920310407635,129.055722633893,173.93506471175,192.539481382209,211.286514112981,33.1807766905319,220.416850250975,240.787344128174,315.895180846559,0.159584105205883,14.7781336694911,9.59070536589872,12.7925655888751,14.1999166255983,15.0812593879101,1.76568875028017,15.5074236285545,15.9420376190804,20.993672554911,0.119479819967075,37,"2_ED3102_0.125",NA,NA,NA,NA,NA,"2",850.390521362296,-639.104007249315
"20250619-CbDRC4-p010-m2x_F10_roi_0.png",20250619,"CbDRC4","p010","m2x","F10",0,209.290792122618,15.3467769029616,"","48h",10,"15hHB101","DMSO",1,"MOXIDECTIN",0.25,NA,NA,"ED3102",2,NA,NA,NA,206.917127254416,135.083728162454,192.119654060837,197.03725872033,209.290792122618,21.6059976000306,216.234720629135,231.114753615318,244.590412361936,0.104418604137418,14.6658740561816,12.1440456819829,12.9899867812478,13.7889641866183,14.5298117374614,1.55391441527882,15.4556992395741,15.7173503027605,20.4008006594834,0.10595443608244,27,"2_ED3102_0.25",NA,NA,NA,NA,NA,"2",850.390521362296,-641.099729239678
"20250619-CbDRC4-p010-m2x_F11_roi_0.png",20250619,"CbDRC4","p010","m2x","F11",0,233.801961963328,14.0695862847662,"","48h",10,"15hHB101","DMSO",1,"MOXIDECTIN",0.5,NA,NA,"ED3102",2,NA,NA,NA,219.449678700019,104.751358711665,191.213405481733,200.153016492121,215.214723235634,48.7475198446934,233.801961963328,259.631794462761,377.74823658193,0.222135298321989,14.3033918892022,11.6616548082102,12.1728501306862,13.3491114115509,14.6733230924747,1.36223158909673,15.0769303626126,15.9484474325273,16.2273878713296,0.0952383602189558,21,"2_ED3102_0.5",NA,NA,NA,NA,NA,"2",850.390521362296,-635.175798126662
"20250619-CbDRC4-p010-m2x_F12_roi_0.png",20250619,"CbDRC4","p010","m2x","F12",0,217.781386577574,14.2435739575288,"","48h",10,"15hHB101","DMSO",1,"MOXIDECTIN",1,NA,NA,"ED3102",2,NA,NA,NA,201.032098689215,144.044890626105,165.013737942966,185.045364223169,201.397949479018,27.5962078097055,221.437518123826,229.034705421143,262.024742451862,0.137272644466433,14.8662845115676,13.140072744715,13.5987131095871,14.208368956573,14.8115829112403,1.00262980614522,15.4375324588567,16.0207544434365,17.6112284656997,0.0674432004422537,33,"2_ED3102_1",NA,NA,NA,NA,NA,"2",850.390521362296,-648.992571883279
"20250619-CbDRC4-p011-m2x_A01_roi_0.png",20250619,"CbDRC4","p011","m2x","A01",0,824.353140974315,37.5897915336189,"","48h",10,"15hHB101","DMSO",1,"MOXIDECTIN",0,NA,NA,"ECA2666",2,NA,NA,NA,810.921438049709,721.227019773001,761.873398191502,786.25027319939,817.264862113948,39.5027520597208,837.192921141065,855.509333643579,884.572246826089,0.0487134144026654,37.0545366217385,30.9637765123168,34.1645169333495,35.7811355748993,37.0611849479724,2.55006776113161,38.0856263221527,40.0518726271271,42.4387258664685,0.0688193131967429,30,"2_ECA2666_0",NA,NA,NA,NA,NA,"2",777.986030494324,39.2788316196239
"20250619-CbDRC4-p011-m2x_A02_roi_0.png",20250619,"CbDRC4","p011","m2x","A02",0,829.26857359134,38.432905078652,"","48h",10,"15hHB101","DMSO",1,"MOXIDECTIN",0.00097,NA,NA,"ECA2666",2,NA,NA,NA,808.848986309781,720.219184783296,754.473666953813,773.670753351389,811.603717943147,53.7135569791352,825.087322847909,866.396877607712,1003.81872532449,0.0664073985234166,36.9014351999441,31.706168000268,34.5619817250019,35.6147915180297,37.172548096689,2.01140105911685,37.9311638995473,38.9246411046808,42.2705154482645,0.0545073937698742,34,"2_ECA2666_0.00097",NA,NA,NA,NA,NA,"2",777.986030494324,33.6176874488232
"20250619-CbDRC4-p011-m2x_A03_roi_0.png",20250619,"CbDRC4","p011","m2x","A03",0,852.152114419407,36.4088333845225,"","48h",10,"15hHB101","DMSO",1,"MOXIDECTIN",0.0019,NA,NA,"ECA2666",2,NA,NA,NA,807.383106560921,730.665641226312,756.217700286824,773.993583029526,806.332305013914,40.8009046840667,840.611010494446,859.702189265904,869.608877826827,0.0505347515355625,37.0641660922446,33.827351374826,34.3857170195346,35.7759554710604,37.1271532751099,1.9643216372487,38.0943598763271,39.9328062366696,40.6132175415032,0.052997864092232,25,"2_ECA2666_0.0019",NA,NA,NA,NA,NA,"2",777.986030494324,28.3462745195905
"20250619-CbDRC4-p011-m2x_A04_roi_0.png",20250619,"CbDRC4","p011","m2x","A04",0,867.103891891173,38.0734216966205,"","48h",10,"15hHB101","DMSO",1,"MOXIDECTIN",0.0039,NA,NA,"ECA2666",2,NA,NA,NA,812.310891924743,701.496907069724,758.318858208004,780.515717218687,818.90964993755,42.1767448341147,842.902882098035,860.636692079627,881.315471997126,0.0519219245407117,36.8972392559671,30.3908267781447,34.2686713403246,35.9283595884808,36.8726557751926,2.21444836997796,38.0288079219097,39.0198504935267,42.4297772427486,0.0600166412076436,47,"2_ECA2666_0.0039",NA,NA,NA,NA,NA,"2",777.986030494324,40.9236194432259
"20250619-CbDRC4-p011-m2x_A05_roi_0.png",20250619,"CbDRC4","p011","m2x","A05",0,823.324614577202,34.8167306131812,"","48h",10,"15hHB101","DMSO",1,"MOXIDECTIN",0.0078,NA,NA,"ECA2666",2,NA,NA,NA,805.172422190004,701.635064218658,722.133047889525,759.561407115218,818.27199569847,53.5990409342461,841.972945227972,866.295305391169,894.660706980026,0.0665684013226149,35.1348740234839,28.627708855389,32.3755875085836,33.5972811225443,34.8869777442029,2.54823364092569,36.8463920783135,38.2477172774841,39.6773894420034,0.0725271887760996,29,"2_ECA2666_0.0078",NA,NA,NA,NA,NA,"2",777.986030494324,40.2859652041459
"20250619-CbDRC4-p011-m2x_A07_roi_0.png",20250619,"CbDRC4","p011","m2x","A07",0,304.383427554089,14.8679844207475,"","48h",10,"15hHB101","DMSO",1,"MOXIDECTIN",0.03125,NA,NA,"ECA2666",2,NA,NA,NA,287.285212181028,254.524052539956,259.881289899832,280.697410309664,288.782452546547,19.8927290454426,298.448986834332,303.79074660847,321.000358632779,0.0692438322683574,15.5457686230299,13.6846059555513,14.0654461310915,14.8136538990253,15.1762498021293,1.39849161730934,16.2163803065728,16.6033281798881,18.9016768582162,0.0899596315384227,12,"2_ECA2666_0.03125",NA,NA,NA,NA,NA,"2",777.986030494324,-489.203577947777
"20250619-CbDRC4-p011-m2x_A08_roi_0.png",20250619,"CbDRC4","p011","m2x","A08",0,266.351460775539,14.6969447372089,"","48h",10,"15hHB101","DMSO",1,"MOXIDECTIN",0.0625,NA,NA,"ECA2666",2,NA,NA,NA,244.485961380581,144.788922483795,197.168516264394,220.637356449074,250.017995845758,42.9958615744101,263.460267970464,273.098459412173,378.641164559199,0.175862292180778,14.1631161717482,9.32847799608701,11.3005649411089,13.3957728558008,14.4296356328001,2.06347958702279,14.9972504998685,15.2935806306814,19.3848916663366,0.145693896879764,29,"2_ECA2666_0.0625",NA,NA,NA,NA,NA,"2",777.986030494324,-527.968034648566
"20250619-CbDRC4-p011-m2x_A09_roi_0.png",20250619,"CbDRC4","p011","m2x","A09",0,245.395663630003,14.0818969070508,"","48h",10,"15hHB101","DMSO",1,"MOXIDECTIN",0.125,NA,NA,"ECA2666",2,NA,NA,NA,228.527361342943,176.238580113625,200.062374590149,216.882031699909,224.48498428649,29.254948232511,243.901162221809,247.453801519394,321.659434721089,0.128015079072344,13.9734375551597,12.3803585307541,13.0762205311211,13.2499569609927,13.8990119833565,0.889419106213286,14.419472925549,15.3244602738753,15.5029062923101,0.063650701747679,20,"2_ECA2666_0.125",NA,NA,NA,NA,NA,"2",777.986030494324,-553.501046207834
"20250619-CbDRC4-p011-m2x_A10_roi_0.png",20250619,"CbDRC4","p011","m2x","A10",0,257.161938056765,14.0287315723336,"","48h",10,"15hHB101","DMSO",1,"MOXIDECTIN",0.25,NA,NA,"ECA2666",2,NA,NA,NA,233.280070668347,200.206923828158,210.747300063021,218.366576594388,229.031642961342,22.1714495984104,247.210211503571,255.046633841275,286.763470371097,0.0950421934239353,14.7402256294203,12.7411614710673,13.0251793641121,13.3406183087543,14.2895112970292,1.93659706808043,15.499861367133,17.0524241857664,19.6667296542218,0.131381779137433,15,"2_ECA2666_0.25",NA,NA,NA,NA,NA,"2",777.986030494324,-548.954387532982
"20250619-CbDRC4-p011-m2x_A11_roi_0.png",20250619,"CbDRC4","p011","m2x","A11",0,200.191579994402,13.7390302840979,"","48h",10,"15hHB101","DMSO",1,"MOXIDECTIN",0.5,NA,NA,"ECA2666",2,NA,NA,NA,208.666808403535,105.063739302369,160.055343474322,199.174976357257,213.613854451732,38.0629317410456,233.324325775923,242.674795036378,279.206980529085,0.182410092109315,13.7262795331027,10.3163509014775,12.1746087454846,12.9929695324401,13.7390302840979,1.39843665360522,14.2397437540781,15.7512333924797,16.6261807754516,0.101880240033922,31,"2_ECA2666_0.5",NA,NA,NA,NA,NA,"2",777.986030494324,-564.372176042592
"20250619-CbDRC4-p011-m2x_A12_roi_0.png",20250619,"CbDRC4","p011","m2x","A12",0,208.532059270172,14.2523331586321,"","48h",10,"15hHB101","DMSO",1,"MOXIDECTIN",1,NA,NA,"ECA2666",2,NA,NA,NA,197.488106928839,126.88373843879,164.200800720803,173.21765721886,191.367835690206,52.0126924940192,202.697710127005,221.435337332493,364.521701826223,0.26337126474538,14.1956403911221,11.5889597482452,12.4259039330443,12.8945051068066,13.9149906845997,2.34925609380589,14.2835362313779,17.0320887617217,20.3656732091954,0.165491378273791,15,"2_ECA2666_1",NA,NA,NA,NA,NA,"2",777.986030494324,-586.618194804118
"20250619-CbDRC4-p011-m2x_B01_roi_0.png",20250619,"CbDRC4","p011","m2x","B01",0,770.29444622974,39.7800743756795,"","48h",10,"15hHB101","DMSO",1,"MOXIDECTIN",0,NA,NA,"JU3237",2,NA,NA,NA,781.068755734498,717.669044535099,759.557787876211,769.650152140377,781.439605566084,25.8815145748606,798.67336501774,810.73372715721,819.097960092078,0.0331360259706231,40.6097358504954,36.3262681444249,38.5618394475834,39.6130018749737,40.5184541335619,1.96812087052851,42.0240143226187,42.8556145960789,45.019465614604,0.0484642618157906,24,"2_JU3237_0",NA,NA,NA,NA,NA,"2",756.836909183482,24.6026963826027
"20250619-CbDRC4-p011-m2x_B02_roi_0.png",20250619,"CbDRC4","p011","m2x","B02",0,831.373873395492,41.3674469844154,"","48h",10,"15hHB101","DMSO",1,"MOXIDECTIN",0.00097,NA,NA,"JU3237",2,NA,NA,NA,774.326695665922,657.646568182223,714.504142187736,758.049222683259,782.406967701178,46.9439588480877,810.68208907038,822.182505016541,831.373873395492,0.0606255203531578,38.5216513249936,31.7372532085757,34.4065004278038,37.4279652775222,38.882543309878,2.89749960501984,40.3203223885427,41.5079880568171,42.2412961480516,0.0752174298182251,17,"2_JU3237_0.00097",NA,NA,NA,NA,NA,"2",756.836909183482,25.5700585176962
"20250619-CbDRC4-p011-m2x_B03_roi_0.png",20250619,"CbDRC4","p011","m2x","B03",0,814.865277773408,39.750485621215,"","48h",10,"15hHB101","DMSO",1,"MOXIDECTIN",0.0019,NA,NA,"JU3237",2,NA,NA,NA,780.655152969367,725.408636544381,742.684573431161,768.164166779451,783.991176849653,28.7991944659573,799.455182740222,814.737361022477,819.015417066832,0.0368910579228411,40.0592972324792,37.4723962225152,37.9697907413105,39.3451011355119,40.3450025002554,1.55113343798722,40.5716828896846,41.945586672059,42.7221666529606,0.0387209348428007,13,"2_JU3237_0.0019",NA,NA,NA,NA,NA,"2",756.836909183482,27.1542676661719
"20250619-CbDRC4-p011-m2x_B04_roi_0.png",20250619,"CbDRC4","p011","m2x","B04",0,820.345460157084,40.197508351479,"","48h",10,"15hHB101","DMSO",1,"MOXIDECTIN",0.0039,NA,NA,"JU3237",2,NA,NA,NA,802.813668227279,779.422090206518,781.877551239926,793.298846758184,803.197215921783,16.0924197203691,812.125151739137,820.345460157084,832.222269353715,0.0200450245894584,38.8139680527056,36.6007981056268,37.858633128033,38.1206966839176,38.474760631502,1.17475311749403,39.7798897048347,40.197508351479,40.4158042045852,0.0302662463136681,11,"2_JU3237_0.0039",NA,NA,NA,NA,NA,"2",756.836909183482,46.3603067383011
"20250619-CbDRC4-p011-m2x_B05_roi_0.png",20250619,"CbDRC4","p011","m2x","B05",0,895.408725726092,39.4229041098286,"","48h",10,"15hHB101","DMSO",1,"MOXIDECTIN",0.0078,NA,NA,"JU3237",2,NA,NA,NA,768.514618883072,725.646114786821,727.602559902055,733.429342913755,757.850760978452,52.0844272436674,768.244885268295,823.954345208333,895.408725726092,0.0677728516334077,36.9423368739426,32.6957606264481,33.6587634887272,35.3048059705156,37.5899168693644,2.55537610996874,39.0679491947479,39.6528832221576,40.0901312794379,0.0691720212148026,10,"2_JU3237_0.0078",NA,NA,NA,NA,NA,"2",756.836909183482,1.01385179497061
"20250619-CbDRC4-p011-m2x_B06_roi_0.png",20250619,"CbDRC4","p011","m2x","B06",0,442.490958851724,18.1429587698331,"","48h",10,"15hHB101","DMSO",1,"MOXIDECTIN",0.0156,NA,NA,"JU3237",2,NA,NA,NA,395.154742722582,265.867108795785,350.651575232437,369.509115666539,390.992442036024,54.8036018772032,411.92725870216,451.958193123715,521.953472339132,0.138688963972977,19.1158556019379,15.2002887124948,17.6050875849591,18.1429587698331,19.0348575243049,1.64537858863578,19.7184691450429,21.8628952116692,22.3515580841565,0.0860740226803645,21,"2_JU3237_0.0156",NA,NA,NA,NA,NA,"2",756.836909183482,-365.844467147457
"20250619-CbDRC4-p011-m2x_B07_roi_0.png",20250619,"CbDRC4","p011","m2x","B07",0,261.067897650345,14.6232040862222,"","48h",10,"15hHB101","DMSO",1,"MOXIDECTIN",0.03125,NA,NA,"JU3237",2,NA,NA,NA,217.178991800921,106.186098321316,134.819559897668,171.812839090974,251.702193620514,61.4464588284039,269.228173544653,280.236145281316,299.499367833,0.28293003074961,14.5653376012366,11.8877682134354,13.0067213422881,13.6692308703535,14.5841849962781,1.32283868400804,15.4089872671554,16.0874872347184,17.4396136547139,0.0908210108288688,25,"2_JU3237_0.03125",NA,NA,NA,NA,NA,"2",756.836909183482,-505.134715562967
"20250619-CbDRC4-p011-m2x_B08_roi_0.png",20250619,"CbDRC4","p011","m2x","B08",0,224.922602800275,14.6295704179727,"","48h",10,"15hHB101","DMSO",1,"MOXIDECTIN",0.0625,NA,NA,"JU3237",2,NA,NA,NA,241.099256665648,103.713361173207,217.661602810243,236.823475975969,249.202104461022,44.5649482601348,261.305678085774,276.556829219624,292.594684272106,0.184840670504168,15.0450684110126,12.6004264120237,13.8507847165032,14.4751417173726,15.1616916908675,1.12341321984886,15.7686685792701,16.1066521023997,17.0540746690896,0.0746698645136466,14,"2_JU3237_0.0625",NA,NA,NA,NA,NA,"2",756.836909183482,-507.63480472246
"20250619-CbDRC4-p011-m2x_B10_roi_0.png",20250619,"CbDRC4","p011","m2x","B10",0,236.247192931128,14.4620941651191,"","48h",10,"15hHB101","DMSO",1,"MOXIDECTIN",0.25,NA,NA,"JU3237",2,NA,NA,NA,218.157438696874,141.894366535976,165.645015837935,199.374366972613,227.850401164511,38.6544845844724,235.571482250086,265.921884813046,284.236935991739,0.177186186340325,15.641409827057,12.188086464599,13.0541266558707,13.9512828103222,14.5987341602047,3.76325380788213,15.7073940068154,18.3810327477983,28.7827959240765,0.24059556328307,19,"2_JU3237_0.25",NA,NA,NA,NA,NA,"2",756.836909183482,-528.98650801897
"20250619-CbDRC4-p011-m2x_B11_roi_0.png",20250619,"CbDRC4","p011","m2x","B11",0,232.867402915742,14.0462428875687,"","48h",10,"15hHB101","DMSO",1,"MOXIDECTIN",0.5,NA,NA,"JU3237",2,NA,NA,NA,218.095074766773,95.4106166399919,159.440145874964,205.817718707319,232.3124968481,48.6836346122397,237.985130792738,260.425352894149,284.485210376225,0.22322207259518,14.4302144403613,12.2987808489611,13.188814772418,13.5404028553342,14.0411896990804,2.02289751472082,14.5876889226215,15.4379293280715,21.5854401114987,0.140184854707549,17,"2_JU3237_0.5",NA,NA,NA,NA,NA,"2",756.836909183482,-524.524412335381
"20250619-CbDRC4-p011-m2x_B12_roi_0.png",20250619,"CbDRC4","p011","m2x","B12",0,218.650537483186,13.7701594401511,"","48h",10,"15hHB101","DMSO",1,"MOXIDECTIN",1,NA,NA,"JU3237",2,NA,NA,NA,187.972400166813,147.183020256724,150.623909776972,155.472984369993,192.785357826485,33.5178360868853,211.31412415645,223.498349615615,234.809911257947,0.178312539804463,12.7240854464676,10.7449131555306,10.9174758526033,11.6702353603931,12.7593181294474,1.49680582902193,13.7707810243733,14.1703703229667,15.0983942634627,0.117635631678147,8,"2_JU3237_1",NA,NA,NA,NA,NA,"2",756.836909183482,-564.051551356997
"20250619-CbDRC4-p011-m2x_C01_roi_0.png",20250619,"CbDRC4","p011","m2x","C01",0,909.730421499454,40.9992852642978,"","48h",10,"15hHB101","DMSO",1,"MOXIDECTIN",0,NA,NA,"VX34",2,NA,NA,NA,698.81929927257,176.208926224922,373.729840762245,670.011212568231,854.668924682952,349.756047107002,883.477011387291,899.229057454589,909.730421499454,0.500495689616869,33.8436457533019,11.1683046531242,19.8183175347599,32.7933368572135,40.5004830947705,15.1760388563385,41.5507919908589,42.5435040986689,43.2053121705423,0.44841619508022,4,"2_VX34_0",NA,"n<5",NA,NA,NA,"2",841.848651392647,12.820273290305
"20250619-CbDRC4-p011-m2x_C02_roi_0.png",20250619,"CbDRC4","p011","m2x","C02",0,203.990382968185,17.3590510611448,"","48h",10,"15hHB101","DMSO",1,"MOXIDECTIN",0.00097,NA,NA,"VX34",2,NA,NA,NA,156.043401287968,131.957872504077,133.693093313169,136.295924526808,144.112674839806,32.8881067328181,163.860151600966,187.938290421297,203.990382968185,0.210762560040108,13.5650989744054,10.8032662147289,11.0485775339689,11.4165445128288,13.049039310874,2.97955187893727,15.1975937724506,16.4944681456671,17.3590510611448,0.219648370023623,4,"2_VX34_0.00097",NA,"n<5",NA,NA,NA,"2",841.848651392647,-697.735976552841
"20250619-CbDRC4-p011-m2x_C03_roi_0.png",20250619,"CbDRC4","p011","m2x","C03",0,844.489484563318,39.2359506512097,"","48h",10,"15hHB101","DMSO",1,"MOXIDECTIN",0.0019,NA,NA,"VX34",2,NA,NA,NA,432.551813333755,123.104225209458,127.227008525115,135.507591785468,196.55355234313,383.940069385976,851.419901405379,898.79674858966,960.829807458553,0.887616367682938,23.1174175541938,9.3548637208241,11.3553787354522,12.366896588084,14.2311984548034,14.8150607893293,39.2707172615906,40.7265384848026,43.8800883996311,0.640861409134416,8,"2_VX34_0.0019",NA,NA,NA,NA,NA,"2",841.848651392647,-645.295099049517
"20250619-CbDRC4-p011-m2x_C04_roi_2.png",20250619,"CbDRC4","p011","m2x","C04",2,136.591272879094,14.3677684718228,"","48h",10,"15hHB101","DMSO",1,"MOXIDECTIN",0.0039,NA,NA,"VX34",2,NA,NA,NA,126.662774392021,89.9901636355087,101.488174605091,118.735191059464,132.454069873271,26.3039957489834,140.381653205829,147.204337793951,151.752794186032,0.207669505703172,13.734844879868,11.6324553024862,12.1733021649342,12.9845724586062,13.9015233245678,1.6370553919325,14.6517957458297,15.163044839042,15.5038775678502,0.11918994398925,4,"2_VX34_0.0039",NA,"n<5",NA,NA,NA,"2",841.848651392647,-709.394581519375
"20250619-CbDRC4-p011-m2x_C05_roi_0.png",20250619,"CbDRC4","p011","m2x","C05",0,817.14705070023,38.7944403165137,"","48h",10,"15hHB101","DMSO",1,"MOXIDECTIN",0.0078,NA,NA,"VX34",2,NA,NA,NA,817.950177254274,758.889014713382,770.540621910751,788.018032706806,817.14705070023,59.4667934303915,847.480758524721,865.680983219415,877.814466349211,0.0727022196266426,36.2188129774518,33.3051096010083,33.9554654837733,34.9309993079209,36.5568890148335,2.76023721468581,37.6756646656736,38.3469300561777,38.7944403165137,0.0762100407985267,3,"2_VX34_0.0078",NA,"n<5",NA,NA,NA,"2",841.848651392647,-24.7016006924167
"20250619-CbDRC4-p011-m2x_C07_roi_0.png",20250619,"CbDRC4","p011","m2x","C07",0,273.2392839898,15.3707083045346,"","48h",10,"15hHB101","DMSO",1,"MOXIDECTIN",0.03125,NA,NA,"VX34",2,NA,NA,NA,177.331857656505,122.618250212559,145.192884193168,158.180189059509,171.261851528009,37.3965657479215,191.411526424798,208.260645931653,273.2392839898,0.210884644429538,14.247112746558,10.5593699576066,10.9659226293784,12.4673470042742,14.2318392466724,2.79756421782068,16.0469145620257,17.2186896616585,19.7995612237813,0.196360081343257,13,"2_VX34_0.03125",NA,NA,NA,NA,NA,"2",841.848651392647,-670.586799864638
"20250619-CbDRC4-p011-m2x_C08_roi_0.png",20250619,"CbDRC4","p011","m2x","C08",0,186.550706777294,14.3168862839944,"","48h",10,"15hHB101","DMSO",1,"MOXIDECTIN",0.0625,NA,NA,"VX34",2,NA,NA,NA,149.068763842868,109.775862303324,128.125097999357,132.772435982618,152.452641236803,22.2760464977966,162.588403450332,170.342892920595,186.550706777294,0.149434703311001,15.3005457107892,11.680461476209,12.0850452069247,13.1877018301639,15.3201880219617,2.69822504903108,17.4948699314297,18.0230990474703,19.5944691101342,0.176348288488065,10,"2_VX34_0.0625",NA,NA,NA,NA,NA,"2",841.848651392647,-689.396010155844
"20250619-CbDRC4-p011-m2x_C09_roi_1.png",20250619,"CbDRC4","p011","m2x","C09",1,237.011622663581,13.9326569067725,"","48h",10,"15hHB101","DMSO",1,"MOXIDECTIN",0.125,NA,NA,"VX34",2,NA,NA,NA,159.884276771745,97.6144252971172,119.465818018931,137.854021731682,154.654735367622,42.7115013447693,176.330920971514,207.958706836725,237.011622663581,0.26714009787057,13.1753673942015,10.7654362922437,11.7679871785117,12.3083369275091,13.2533335527977,1.43778845509058,14.1325632735991,14.6611185343965,15.0941899156998,0.109127010433376,8,"2_VX34_0.125",NA,NA,NA,NA,NA,"2",841.848651392647,-687.193916025025
"20250619-CbDRC4-p011-m2x_C10_roi_0.png",20250619,"CbDRC4","p011","m2x","C10",0,142.29530887753,12.2713439073383,"","48h",10,"15hHB101","DMSO",1,"MOXIDECTIN",0.25,NA,NA,"VX34",2,NA,NA,NA,167.291931714984,142.29530887753,143.253761097291,157.174886535879,162.642691795734,21.4149762343045,179.34011970532,194.37245690103,206.599217140389,0.128009617766799,12.9195850937832,10.3818227213706,10.5170079308642,10.636595318833,12.8524999787628,2.15027556461938,14.2633004126989,15.7074718230057,16.0136599593081,0.166435342080303,9,"2_VX34_0.25",NA,NA,NA,NA,NA,"2",841.848651392647,-679.205959596913
"20250619-CbDRC4-p011-m2x_C12_roi_0.png",20250619,"CbDRC4","p011","m2x","C12",0,163.209309876221,13.6224434389804,"","48h",10,"15hHB101","DMSO",1,"MOXIDECTIN",1,NA,NA,"VX34",2,NA,NA,NA,155.244600541435,147.279891206648,148.872833073605,151.262245874041,155.244600541435,11.2637999616152,159.226955208828,161.616368009264,163.209309876221,0.0725551801629897,12.6830648064345,11.7436861738887,11.9315619003978,12.2133754901616,12.6830648064345,1.32848200234982,13.1527541227074,13.4345677124712,13.6224434389804,0.104744556826347,2,"2_VX34_1",NA,"n<5",NA,NA,NA,"2",841.848651392647,-686.604050851212
"20250619-CbDRC4-p011-m2x_D01_roi_0.png",20250619,"CbDRC4","p011","m2x","D01",0,781.124892702468,37.7887497153806,"","48h",10,"15hHB101","DMSO",1,"MOXIDECTIN",0,NA,NA,"PB420",2,NA,NA,NA,758.896546153748,277.595224438114,740.099036612999,752.137386097087,764.025288682119,83.1744064762311,782.27976998344,805.701962655253,888.654258039762,0.109599136928185,38.0402779401506,16.4571210504649,36.8361565633453,37.345050819765,38.3027441457855,3.80084936361462,39.7357031760627,40.5836856373504,42.6272159440726,0.0999164456577988,41,"2_PB420_0",NA,NA,NA,NA,NA,"2",758.846883086449,5.17840559567048
"20250619-CbDRC4-p011-m2x_D02_roi_0.png",20250619,"CbDRC4","p011","m2x","D02",0,799.032500708869,38.6139157279619,"","48h",10,"15hHB101","DMSO",1,"MOXIDECTIN",0.00097,NA,NA,"PB420",2,NA,NA,NA,773.642535019847,722.401227401233,739.960779345108,748.996248357366,772.088219737328,35.181801587675,786.096861524215,802.779791257596,898.407941620294,0.0454755264804209,38.6004872751843,34.9525298431451,36.2792574275975,37.5222865049594,38.6139157279619,1.71947249814534,39.8046045544999,40.85901573203,41.7940561648277,0.0445453573134235,43,"2_PB420_0.00097",NA,NA,NA,NA,NA,"2",758.846883086449,13.241336650879
"20250619-CbDRC4-p011-m2x_D03_roi_0.png",20250619,"CbDRC4","p011","m2x","D03",0,813.479968008324,39.1238521747814,"","48h",10,"15hHB101","DMSO",1,"MOXIDECTIN",0.0019,NA,NA,"PB420",2,NA,NA,NA,776.053133090516,709.900088403335,738.887269244855,751.046695509124,766.621997803508,42.3315255725213,790.478202435324,814.777474434641,950.814197463786,0.0545472001432973,38.2290683900758,32.9128172439513,36.5344100437049,37.1001163470698,38.1716839262735,2.00361682585061,39.8593990417562,40.9923615953878,41.7568610191309,0.0524108200965408,41,"2_PB420_0.0019",NA,NA,NA,NA,NA,"2",758.846883086449,7.77511471705895
"20250619-CbDRC4-p011-m2x_D04_roi_0.png",20250619,"CbDRC4","p011","m2x","D04",0,756.982146820697,34.7493218475674,"","48h",10,"15hHB101","DMSO",1,"MOXIDECTIN",0.0039,NA,NA,"PB420",2,NA,NA,NA,782.454209934852,735.256446381599,752.161097705152,761.458337252305,778.544669867924,36.8568846691842,790.942710032599,807.535315464289,974.526796096491,0.0471042064841762,38.090313642713,34.7493218475674,36.074552555273,37.0672055057041,37.8037337373639,1.72418607689005,38.9036426292931,40.3421962813786,42.0353899659649,0.0452657358787569,51,"2_PB420_0.0039",NA,NA,NA,NA,NA,"2",758.846883086449,19.6977867814754
"20250619-CbDRC4-p011-m2x_D05_roi_0.png",20250619,"CbDRC4","p011","m2x","D05",0,752.921046913138,36.1102249846394,"","48h",10,"15hHB101","DMSO",1,"MOXIDECTIN",0.0078,NA,NA,"PB420",2,NA,NA,NA,773.270215659485,719.70101194491,744.056877477729,752.811208132821,772.899573509189,28.7075750948441,786.405935556088,798.025405595431,888.431843113986,0.037124894394595,37.515379935696,32.3502648758499,35.2245254427666,36.3035876126004,37.9291702537785,1.78964766063365,38.7484707583306,39.4039134078808,40.6356231704486,0.0477043725453729,43,"2_PB420_0.0078",NA,NA,NA,NA,NA,"2",758.846883086449,14.0526904227397
"20250619-CbDRC4-p011-m2x_D06_roi_0.png",20250619,"CbDRC4","p011","m2x","D06",0,362.15044937931,19.1326006790932,"","48h",10,"15hHB101","DMSO",1,"MOXIDECTIN",0.0156,NA,NA,"PB420",2,NA,NA,NA,346.045725768745,239.621511815989,304.283927463914,317.516543906138,345.910796418351,41.8411634271514,366.429752486796,395.759332813439,449.341656463006,0.120912238792144,18.1420257074174,15.1459644734715,15.9526155242653,17.1678870355666,18.1696009295881,1.52382829902056,18.9384836518061,20.343013609787,21.7882252555157,0.0839943853898046,46,"2_PB420_0.0156",NA,NA,NA,NA,NA,"2",758.846883086449,-412.936086668098
"20250619-CbDRC4-p011-m2x_D08_roi_0.png",20250619,"CbDRC4","p011","m2x","D08",0,254.582356338392,14.356580231375,"","48h",10,"15hHB101","DMSO",1,"MOXIDECTIN",0.0625,NA,NA,"PB420",2,NA,NA,NA,245.227491406666,210.389958090617,219.476520334638,223.722877635636,242.752379651985,23.5251865399947,261.181981223374,275.908125924952,298.973581413602,0.095932093115051,14.7654395810027,12.9019312133283,13.6898696295227,13.9894953221498,14.5143579589607,1.16337565260663,15.3577117554142,15.9298349914954,18.9532528475752,0.0787904515964047,32,"2_PB420_0.0625",NA,NA,NA,NA,NA,"2",758.846883086449,-516.094503434464
"20250619-CbDRC4-p011-m2x_D09_roi_0.png",20250619,"CbDRC4","p011","m2x","D09",0,229.397058499871,13.5542899544197,"","48h",10,"15hHB101","DMSO",1,"MOXIDECTIN",0.125,NA,NA,"PB420",2,NA,NA,NA,239.077266136417,131.26206248662,210.923165441489,222.545129352985,234.378552539254,38.0278809732733,250.24936541081,272.855867637988,357.475268062599,0.159061049960202,14.8097510995859,10.9796861294358,13.7462629278048,14.2284603079398,14.590695483735,1.54072067099182,15.2287613656669,15.7630056469675,22.6462464325341,0.104034204263899,42,"2_PB420_0.125",NA,NA,NA,NA,NA,"2",758.846883086449,-524.468330547195
"20250619-CbDRC4-p011-m2x_D10_roi_0.png",20250619,"CbDRC4","p011","m2x","D10",0,219.575712728942,14.1203763771367,"","48h",10,"15hHB101","DMSO",1,"MOXIDECTIN",0.25,NA,NA,"PB420",2,NA,NA,NA,209.06604509648,107.689754249466,150.106065843308,197.898257920755,219.575712728942,39.3278325607722,231.820377369848,250.58096191008,255.149090563133,0.188112003279266,13.8916621099249,11.4076769394939,12.2806022185826,13.3755173538043,13.889848691271,1.27185138706957,14.3007106446644,15.1531456755937,16.6349414050947,0.0915550189030946,23,"2_PB420_0.25",NA,NA,NA,"outlier","outlier","2",758.846883086449,-539.271170357507
"20250619-CbDRC4-p011-m2x_D11_roi_0.png",20250619,"CbDRC4","p011","m2x","D11",0,248.358666536108,13.9379260199358,"","48h",10,"15hHB101","DMSO",1,"MOXIDECTIN",0.5,NA,NA,"PB420",2,NA,NA,NA,227.241015879933,117.142687076847,198.861670105043,211.801005663675,230.505829037369,41.5910413972293,238.672550152372,250.18122215108,346.467848688321,0.183026119805787,14.6177727323762,12.7261702226605,13.3488287598136,13.941839248324,14.251945352256,1.43204575325678,14.8874006575027,15.8747337526285,19.3935374815626,0.0979660704455345,19,"2_PB420_0.5",NA,NA,NA,NA,NA,"2",758.846883086449,-528.34105404908
"20250619-CbDRC4-p011-m2x_D12_roi_0.png",20250619,"CbDRC4","p011","m2x","D12",0,198.724316043113,13.9652653335064,"","48h",10,"15hHB101","DMSO",1,"MOXIDECTIN",1,NA,NA,"PB420",2,NA,NA,NA,204.020840204784,155.088794343727,175.684532077564,187.48676871618,206.994209518209,23.0934978797322,221.257939261505,231.343659402482,246.034609595046,0.113191857540398,14.5023175198638,11.9467515751355,12.8004316023657,13.3664714300505,14.0401673844359,2.18895028027563,14.8187256448063,16.7632307462966,23.855766597534,0.15093796403764,33,"2_PB420_1",NA,NA,NA,NA,NA,"2",758.846883086449,-551.85267356824
"20250619-CbDRC4-p011-m2x_E01_roi_0.png",20250619,"CbDRC4","p011","m2x","E01",0,667.137590937594,37.2761263039871,"","48h",10,"15hHB101","DMSO",1,"MOXIDECTIN",0,NA,NA,"NIC1667",2,NA,NA,NA,773.615862146803,348.17141062847,717.783562847803,760.747297793495,794.207230686286,81.171187297397,811.208846409404,830.115531277403,879.40862737127,0.104924409217961,37.8764461766814,15.5553486358824,34.6996749996517,37.2761263039871,38.4543292577028,4.30266941367434,40.0677585350525,41.5388215766635,42.6992738386096,0.113597495224441,49,"2_NIC1667_0",NA,NA,NA,NA,NA,"2",774.728395535816,19.4788351504709
"20250619-CbDRC4-p011-m2x_E02_roi_0.png",20250619,"CbDRC4","p011","m2x","E02",0,817.101528452196,38.6142205983011,"","48h",10,"15hHB101","DMSO",1,"MOXIDECTIN",0.00097,NA,NA,"NIC1667",2,NA,NA,NA,791.311424592212,684.187652780035,744.755798886681,773.324194437296,799.147158840658,34.4752740602072,817.72710750105,829.160872595854,832.612041284278,0.043567264402853,38.4040204950623,34.0155973078287,35.2297517729765,37.1728941521539,38.5952189648347,2.10316519158747,40.1172462188815,40.9293618848218,42.3320608327703,0.0547641930317656,42,"2_NIC1667_0.00097",NA,NA,NA,NA,NA,"2",774.728395535816,24.4187633048429
"20250619-CbDRC4-p011-m2x_E03_roi_0.png",20250619,"CbDRC4","p011","m2x","E03",0,807.647870226077,37.9219560438538,"","48h",10,"15hHB101","DMSO",1,"MOXIDECTIN",0.0019,NA,NA,"NIC1667",2,NA,NA,NA,804.883361205287,738.266158817092,764.689011262802,792.308613846068,807.647870226077,26.0604197860647,824.519294094961,834.184005006552,846.654295917436,0.0323778836066881,38.8475927314901,34.570550719299,36.8224153057202,37.7681827490355,39.2555458012749,1.72772686602026,39.9525104786311,40.976775228099,42.1990473931478,0.0444744897827287,45,"2_NIC1667_0.0019",NA,NA,NA,NA,NA,"2",774.728395535816,32.919474690261
"20250619-CbDRC4-p011-m2x_E04_roi_0.png",20250619,"CbDRC4","p011","m2x","E04",0,783.555156401885,36.5016541722616,"","48h",10,"15hHB101","DMSO",1,"MOXIDECTIN",0.0039,NA,NA,"NIC1667",2,NA,NA,NA,807.361610938427,735.463656299564,767.709796291894,791.151673797122,811.863027815172,28.6775840988483,828.837454603669,836.027029852649,851.712852981922,0.0355201234617971,38.4815467833293,34.2905663354825,36.4049745378778,37.3428145450054,38.4276000642799,1.87297896078572,39.6463643406489,40.9541428013693,41.8312234838444,0.0486721329402777,39,"2_NIC1667_0.0039",NA,NA,NA,NA,NA,"2",774.728395535816,37.1346322793568
"20250619-CbDRC4-p011-m2x_E05_roi_0.png",20250619,"CbDRC4","p011","m2x","E05",0,781.485653561653,39.4527711266046,"","48h",10,"15hHB101","DMSO",1,"MOXIDECTIN",0.0078,NA,NA,"NIC1667",2,NA,NA,NA,801.742175454158,709.567479043139,755.293663646262,772.910822195716,808.81573539791,35.3618677457904,824.364853690645,842.900166907026,856.836204094516,0.0441062835764617,37.8348672691108,32.7195966630223,35.4765947094329,36.4772855227999,38.1752125733172,1.96350625343115,39.4527711266046,40.2262202620633,40.826049108808,0.0518967395726588,45,"2_NIC1667_0.0078",NA,NA,NA,NA,NA,"2",774.728395535816,34.0873398620943
"20250619-CbDRC4-p011-m2x_E06_roi_0.png",20250619,"CbDRC4","p011","m2x","E06",0,673.253785873143,30.767318613155,"","48h",10,"15hHB101","DMSO",1,"MOXIDECTIN",0.0156,NA,NA,"NIC1667",2,NA,NA,NA,466.566211747409,320.403471230034,353.334462095426,379.354665983253,437.256885043865,109.034831526556,498.195633520737,657.920312212674,711.30890523536,0.233696373164685,22.1543320731442,17.2111628445163,18.2861530119112,19.2016972271792,19.9161806891005,4.20170147126476,24.2250315109263,29.0187316677706,31.2952940788667,0.189655975968607,37,"2_NIC1667_0.0156",NA,NA,NA,NA,NA,"2",774.728395535816,-337.47151049195
"20250619-CbDRC4-p011-m2x_E07_roi_0.png",20250619,"CbDRC4","p011","m2x","E07",0,290.401049273463,16.3575727180521,"","48h",10,"15hHB101","DMSO",1,"MOXIDECTIN",0.03125,NA,NA,"NIC1667",2,NA,NA,NA,280.752419943347,194.645664233853,254.493501834391,266.043204879976,278.50522013801,28.4621091837476,299.352767961986,315.462467953544,335.365177733381,0.10137796564493,16.3551711492324,13.7898562250629,14.6595252052775,15.0248418967451,15.8480589671209,2.0594934817316,17.0271680184704,18.5773063635128,23.8980676676367,0.125923077352098,35,"2_NIC1667_0.03125",NA,NA,NA,NA,NA,"2",774.728395535816,-496.223175397806
"20250619-CbDRC4-p011-m2x_E08_roi_0.png",20250619,"CbDRC4","p011","m2x","E08",0,257.026502623934,14.3027417745771,"","48h",10,"15hHB101","DMSO",1,"MOXIDECTIN",0.0625,NA,NA,"NIC1667",2,NA,NA,NA,251.431494186159,160.843400554538,235.764712396609,241.810996630766,253.302607797763,25.2460690739191,258.899279255773,266.99557955868,323.171916979654,0.100409334779783,14.9648381241167,11.4183770642912,14.2537269895378,14.4125652729219,15.0191258450291,1.15260378845839,15.6066171055057,16.3386395483266,16.7676607202479,0.0770207989487642,28,"2_NIC1667_0.0625",NA,NA,NA,NA,NA,"2",774.728395535816,-521.425787738053
"20250619-CbDRC4-p011-m2x_E09_roi_0.png",20250619,"CbDRC4","p011","m2x","E09",0,250.045224482069,15.3619266401384,"","48h",10,"15hHB101","DMSO",1,"MOXIDECTIN",0.125,NA,NA,"NIC1667",2,NA,NA,NA,247.161808328541,141.50250757115,217.110744648997,239.806791030698,252.808250317611,31.6098412196385,264.19727117424,277.569436276165,287.260462730478,0.127891284795995,14.5996496773224,11.2304927099702,13.3932542906146,14.0255732170569,14.7106716718609,1.06351631605418,15.3209629798192,15.7154589182553,16.3601833806475,0.0728453311935381,38,"2_NIC1667_0.125",NA,NA,NA,NA,NA,"2",774.728395535816,-521.920145218205
"20250619-CbDRC4-p011-m2x_E10_roi_0.png",20250619,"CbDRC4","p011","m2x","E10",0,237.984048001862,13.8521569313456,"","48h",10,"15hHB101","DMSO",1,"MOXIDECTIN",0.25,NA,NA,"NIC1667",2,NA,NA,NA,243.904227234813,198.995006589273,218.065586327974,232.201600229569,241.475003612507,22.4401667621206,261.988174121189,269.453552258177,289.015937586344,0.092004009182329,14.5348303692768,12.6930906885401,13.6781143172337,14.0774335277206,14.6125793975332,0.791143972818647,15.0068113040103,15.5303281608014,16.0503341746963,0.0544309051236635,24,"2_NIC1667_0.25",NA,NA,NA,NA,NA,"2",774.728395535816,-533.253391923309
"20250619-CbDRC4-p011-m2x_E11_roi_0.png",20250619,"CbDRC4","p011","m2x","E11",0,240.539046244796,13.14140822151,"","48h",10,"15hHB101","DMSO",1,"MOXIDECTIN",0.5,NA,NA,"NIC1667",2,NA,NA,NA,233.846182731496,148.93098437417,211.254931951903,226.717239578252,234.685808173595,26.372162985764,253.499539290246,261.753036963581,270.159671080974,0.112775683048223,14.1869969266236,12.2172475601674,13.14140822151,13.7405183038048,14.2266779708894,0.846392298447964,14.7479067578227,15.0533912873964,15.5562209710096,0.059659722408173,21,"2_NIC1667_0.5",NA,NA,NA,NA,NA,"2",774.728395535816,-540.04258736222
"20250619-CbDRC4-p011-m2x_E12_roi_0.png",20250619,"CbDRC4","p011","m2x","E12",0,278.31241956102,14.511325270978,"","48h",10,"15hHB101","DMSO",1,"MOXIDECTIN",1,NA,NA,"NIC1667",2,NA,NA,NA,224.703586867545,158.950362271137,184.505455205264,208.00135340325,222.053566097636,32.190037420444,241.008700293376,262.262901704603,286.160677967856,0.143255556661046,14.2881724319509,10.8511177466019,13.2146534901654,13.6955947846783,14.3402788865174,1.24262319816446,14.7771592660778,15.3520380805518,18.2728480619661,0.0869686591537576,30,"2_NIC1667_1",NA,NA,NA,NA,NA,"2",774.728395535816,-552.67482943818
"20250619-CbDRC4-p011-m2x_F01_roi_0.png",20250619,"CbDRC4","p011","m2x","F01",0,843.56459132056,39.9990025482159,"","48h",10,"15hHB101","DMSO",1,"MOXIDECTIN",0,NA,NA,"ED3102",2,NA,NA,NA,883.12190941748,791.043990563595,848.016482206058,866.772193356771,879.998442768418,35.0558886374483,904.785324522308,917.839931986615,984.959342957017,0.0396954126758917,42.7320271562995,39.8114958445068,40.4352053452025,41.3466824834879,42.3474507899776,1.99609662081364,44.3622466139099,45.2791384389105,48.2066221171666,0.0467119571349279,35,"2_ED3102_0",NA,NA,NA,NA,NA,"2",850.390521362296,29.607921406122
"20250619-CbDRC4-p011-m2x_F02_roi_0.png",20250619,"CbDRC4","p011","m2x","F02",0,916.830990885595,43.4143034172351,"","48h",10,"15hHB101","DMSO",1,"MOXIDECTIN",0.00097,NA,NA,"ED3102",2,NA,NA,NA,893.964402559876,782.382766681828,862.685193126036,878.044367179548,898.14838877549,31.7952296508924,912.057130605675,935.935087412913,946.860808178563,0.0355665500324694,43.541812297641,35.5773456172696,40.5209080978178,41.5562986306261,43.6958954269023,2.88403105204616,45.4547683003401,47.0544421001161,48.6910803613258,0.0662358983207138,36,"2_ED3102_0.00097",NA,NA,NA,"outlier","outlier","2",850.390521362296,47.7578674131938
"20250619-CbDRC4-p011-m2x_F03_roi_0.png",20250619,"CbDRC4","p011","m2x","F03",0,970.500828511644,40.4611445760303,"","48h",10,"15hHB101","DMSO",1,"MOXIDECTIN",0.0019,NA,NA,"ED3102",2,NA,NA,NA,890.689916314029,674.119683355778,844.723300663962,868.426591533232,896.429862030589,53.7323272384247,915.204684797537,938.276055299752,1005.42492138374,0.0603266369746128,41.660551120887,32.200162159596,39.4167219768366,40.3920089464756,41.5781241890194,2.46148158874373,43.2498027688529,44.2280400730878,46.3073311003673,0.0590842301053872,38,"2_ED3102_0.0019",NA,NA,NA,NA,NA,"2",850.390521362296,46.0393406682924
"20250619-CbDRC4-p011-m2x_F04_roi_0.png",20250619,"CbDRC4","p011","m2x","F04",0,917.667178613828,42.774131067268,"","48h",10,"15hHB101","DMSO",1,"MOXIDECTIN",0.0039,NA,NA,"ED3102",2,NA,NA,NA,879.691140002222,754.576713664242,832.403306750933,851.623651044843,879.467449448824,45.7479787709347,914.222766888001,931.057604049615,998.32606878154,0.0520045919421436,41.3891966312209,37.8457791254201,38.9015137950015,40.35156384766,41.352404087963,1.96346970497395,42.0576100173624,43.8465658366227,46.1405256713091,0.04743918376741,34,"2_ED3102_0.0039",NA,NA,NA,NA,NA,"2",850.390521362296,29.0769280865278
"20250619-CbDRC4-p011-m2x_F05_roi_0.png",20250619,"CbDRC4","p011","m2x","F05",0,845.083575653888,37.077605014698,"","48h",10,"15hHB101","DMSO",1,"MOXIDECTIN",0.0078,NA,NA,"ED3102",2,NA,NA,NA,868.494532742742,733.607630798159,805.864676072043,845.304704848448,874.999597108468,53.6822234361094,897.940010112589,901.28685029647,1067.82658942029,0.0618106636395036,41.2601261943538,26.1588857814318,38.5084629593343,39.7481146465772,42.0352631267193,3.54087367132064,43.5283783462894,44.2287975048915,46.565492565717,0.085818294753669,38,"2_ED3102_0.0078",NA,NA,NA,NA,NA,"2",850.390521362296,24.6090757461714
"20250619-CbDRC4-p011-m2x_F06_roi_0.png",20250619,"CbDRC4","p011","m2x","F06",0,838.373820438748,41.2544370744082,"","48h",10,"15hHB101","DMSO",1,"MOXIDECTIN",0.0156,NA,NA,"ED3102",2,NA,NA,NA,349.573746119114,31.3900620792854,262.063377983066,290.732182858738,331.697975383368,110.116480235985,380.370549990376,478.591765848854,838.373820438748,0.315002146066381,22.2363658997292,12.8318558265037,16.289098439147,17.3655531025807,18.4511547237285,20.7632969318805,20.130538797552,23.1316076755174,166.216512799513,0.933754059701516,52,"2_ED3102_0.0156",NA,NA,NA,NA,NA,"2",850.390521362296,-518.692545978928
"20250619-CbDRC4-p011-m2x_F07_roi_0.png",20250619,"CbDRC4","p011","m2x","F07",0,266.373558332908,15.4277196595058,"","48h",10,"15hHB101","DMSO",1,"MOXIDECTIN",0.03125,NA,NA,"ED3102",2,NA,NA,NA,236.835492002952,191.86515866977,220.020975158512,229.156206308645,238.513389952713,15.2529134220977,244.160256251814,255.316684158333,266.373558332908,0.0644029883067846,15.327631427401,14.3718394617895,14.4930087570723,15.0971085291524,15.4160507436087,0.510416511742131,15.6649430494924,15.821446882936,16.1588720218807,0.0333004165816295,28,"2_ED3102_0.03125",NA,NA,NA,NA,NA,"2",850.390521362296,-611.877131409584
"20250619-CbDRC4-p011-m2x_F08_roi_0.png",20250619,"CbDRC4","p011","m2x","F08",0,246.861043615365,13.8807942198636,"","48h",10,"15hHB101","DMSO",1,"MOXIDECTIN",0.0625,NA,NA,"ED3102",2,NA,NA,NA,216.940656714826,131.049329723721,178.477471145273,203.105619834564,221.539358612821,34.0714711599762,239.97427010889,247.271273250309,286.376986243748,0.157054337697355,14.3458417087852,9.64852568995686,11.4018790630356,13.7104847788296,14.6515376198566,1.87563772731884,15.6510915119626,16.0792506769418,17.9153524208008,0.130744348459541,41,"2_ED3102_0.0625",NA,NA,NA,NA,NA,"2",850.390521362296,-628.851162749475
"20250619-CbDRC4-p011-m2x_F10_roi_0.png",20250619,"CbDRC4","p011","m2x","F10",0,204.825974265643,14.7700785603758,"","48h",10,"15hHB101","DMSO",1,"MOXIDECTIN",0.25,NA,NA,"ED3102",2,NA,NA,NA,214.411531689387,135.157106344064,185.433445133872,203.843459987037,215.290360401254,25.1946361279625,225.60393743509,235.587367896579,296.869639262975,0.117505975212478,14.5990560804133,11.7221328022803,13.4535914153331,14.0047773939186,14.4627755863163,1.05407930229885,14.9597788163084,16.0574836040355,17.3837691448431,0.0722018804841124,45,"2_ED3102_0.25",NA,NA,NA,NA,NA,"2",850.390521362296,-635.100160961042
"20250619-CbDRC4-p011-m2x_F11_roi_0.png",20250619,"CbDRC4","p011","m2x","F11",0,209.482383254354,15.0915171185168,"","48h",10,"15hHB101","DMSO",1,"MOXIDECTIN",0.5,NA,NA,"ED3102",2,NA,NA,NA,203.559150594534,120.270917896259,158.971791781231,181.314074352532,206.081820190297,40.7322676080732,218.908000515141,244.334340152275,337.81928347154,0.200100400739081,14.4851353350865,12.3775944756384,13.174344427065,13.3719606055905,14.4387929265482,1.91146911403728,14.888755228225,15.4300018653045,22.9355678216625,0.131960735596804,27,"2_ED3102_0.5",NA,NA,NA,NA,NA,"2",850.390521362296,-644.308701171999
"20250619-CbDRC4-p011-m2x_F12_roi_0.png",20250619,"CbDRC4","p011","m2x","F12",0,224.957162363478,14.0222560659069,"","48h",10,"15hHB101","DMSO",1,"MOXIDECTIN",1,NA,NA,"ED3102",2,NA,NA,NA,194.884502436463,102.698164570896,137.09363592823,166.556475708193,194.175023811795,53.3139409796559,214.151724272789,256.651584701991,338.362362149996,0.273566857872844,13.6220967182311,9.98742794112851,11.1573363493326,12.5608102505709,14.0670964954525,1.7290322994823,14.8336145854196,15.6711001943161,16.4084464248889,0.126928499719742,24,"2_ED3102_1",NA,NA,NA,NA,NA,"2",850.390521362296,-656.215497550501
"20250619-CbDRC4-p012-m2x_A01_roi_0.png",20250619,"CbDRC4","p012","m2x","A01",0,724.004815542313,31.8300462546554,"","48h",10,"15hHB101","DMSO",1,"MOXIDECTIN",0,NA,NA,"ECA2666",2,NA,NA,NA,802.515779295569,724.004815542313,747.966495864599,772.207326721239,809.527494976628,41.890925433472,832.108170651724,844.126708276199,920.642894761493,0.0521995037533629,35.8708448373154,30.6406609061758,32.550887338518,34.3898033898243,36.1714050135944,2.28381785889872,37.3697398278599,38.4811353218872,40.1366290491993,0.0636678023407725,33,"2_ECA2666_0",NA,NA,NA,NA,NA,"2",777.986030494324,31.5414644823041
"20250619-CbDRC4-p012-m2x_A02_roi_0.png",20250619,"CbDRC4","p012","m2x","A02",0,835.010364698797,36.7003680910792,"","48h",10,"15hHB101","DMSO",1,"MOXIDECTIN",0.00097,NA,NA,"ECA2666",2,NA,NA,NA,804.833249349343,727.244471204538,766.440555950878,779.698187869932,811.557435463126,30.3102518618305,828.349764307732,836.00527721957,868.802916343447,0.0376602878749534,36.6918187665998,32.774867989381,34.3011681766792,35.1123132507568,36.7003680910792,2.04615438589182,38.4017129409013,38.9061633723182,40.7399264489192,0.0557659569537178,31,"2_ECA2666_0.00097",NA,NA,NA,NA,NA,"2",777.986030494324,33.5714049688023
"20250619-CbDRC4-p012-m2x_A03_roi_0.png",20250619,"CbDRC4","p012","m2x","A03",0,831.093083446861,36.9465978101142,"","48h",10,"15hHB101","DMSO",1,"MOXIDECTIN",0.0019,NA,NA,"ECA2666",2,NA,NA,NA,775.898341594271,174.714917867546,732.499346702244,757.771247177698,793.609164873676,107.130198467514,833.171028931259,844.219215835148,861.470245231159,0.138072467389721,35.3358178078471,11.0089970361953,31.8614132334238,34.4159012797159,36.2951206395835,4.78983230219146,37.7915360253782,38.6749896953213,42.0318918491306,0.135551760206545,39,"2_ECA2666_0.0019",NA,NA,NA,NA,NA,"2",777.986030494324,15.6231343793515
"20250619-CbDRC4-p012-m2x_A04_roi_0.png",20250619,"CbDRC4","p012","m2x","A04",0,841.135896826422,34.8508673950151,"","48h",10,"15hHB101","DMSO",1,"MOXIDECTIN",0.0039,NA,NA,"ECA2666",2,NA,NA,NA,785.618564797424,634.601583550286,738.012306129209,757.970897634121,796.041064523994,44.6291636133374,816.398290240157,836.682811279003,846.462916144131,0.0568076743767444,36.6705981080002,28.5997672595587,33.0963798275811,34.8526236038588,37.2876645982727,2.881049508221,38.5263018569135,39.6088470140928,41.5019046052578,0.0785656535989922,30,"2_ECA2666_0.0039",NA,NA,NA,NA,NA,"2",777.986030494324,18.0550340296697
"20250619-CbDRC4-p012-m2x_A05_roi_0.png",20250619,"CbDRC4","p012","m2x","A05",0,824.372646202788,37.9298173559454,"","48h",10,"15hHB101","DMSO",1,"MOXIDECTIN",0.0078,NA,NA,"ECA2666",2,NA,NA,NA,773.405444298131,563.030748086422,699.996765386967,755.330930063848,787.296910898723,61.0554688454242,820.007177999618,828.000954166919,848.899332889252,0.078943676044112,35.7543598758862,26.1211552019212,32.1140924647877,34.2569954500677,36.0746676909055,3.08087740206027,38.6234516031367,39.0112607413282,39.6174781848135,0.0861678803020077,28,"2_ECA2666_0.0078",NA,NA,NA,NA,NA,"2",777.986030494324,9.31088040439897
"20250619-CbDRC4-p012-m2x_A06_roi_0.png",20250619,"CbDRC4","p012","m2x","A06",0,689.690180077753,30.2692240085161,"","48h",10,"15hHB101","DMSO",1,"MOXIDECTIN",0.0156,NA,NA,"ECA2666",2,NA,NA,NA,569.647450997422,396.367399524463,409.004102263563,492.669158886293,537.874077864508,126.340095850319,652.818001372859,730.349896786802,841.46410902631,0.22178646745299,25.1594442672954,18.4622375686514,19.6468351180154,21.3762619050453,24.6931624913848,5.09609138331337,27.0644696601412,32.8693220270347,35.4656123269443,0.202551826231621,23,"2_ECA2666_0.0156",NA,NA,NA,NA,NA,"2",777.986030494324,-240.111952629816
"20250619-CbDRC4-p012-m2x_A07_roi_0.png",20250619,"CbDRC4","p012","m2x","A07",0,252.489078246884,14.6293080209099,"","48h",10,"15hHB101","DMSO",1,"MOXIDECTIN",0.03125,NA,NA,"ECA2666",2,NA,NA,NA,284.741303971507,151.272624328087,251.268517844833,267.542239076838,293.781873524552,42.541520233857,302.346768248349,325.142637977836,352.783927446028,0.149404106957781,15.8416476890787,12.593945347367,14.1767019243679,14.8396596953577,15.7036787553267,1.85382136035638,16.3398940689937,17.397052636517,21.5670513517153,0.1170220040706,20,"2_ECA2666_0.03125",NA,NA,NA,NA,NA,"2",777.986030494324,-484.204156969772
"20250619-CbDRC4-p012-m2x_A08_roi_0.png",20250619,"CbDRC4","p012","m2x","A08",0,316.693462556406,13.8282732357497,"","48h",10,"15hHB101","DMSO",1,"MOXIDECTIN",0.0625,NA,NA,"ECA2666",2,NA,NA,NA,255.422900332812,187.839319474754,237.684561689942,244.799987677353,257.086648146865,23.9088301271986,268.004915997007,271.984671006757,316.693462556406,0.0936048807528448,14.6633548530192,13.2612628197878,13.7077262202638,13.9864570516204,14.5451745710233,0.86264565428072,15.2913589973432,15.7936929995091,16.6854169122127,0.0588300332991738,23,"2_ECA2666_0.0625",NA,NA,NA,NA,NA,"2",777.986030494324,-520.89938234746
"20250619-CbDRC4-p012-m2x_A09_roi_0.png",20250619,"CbDRC4","p012","m2x","A09",0,215.826340513705,13.3409996545588,"","48h",10,"15hHB101","DMSO",1,"MOXIDECTIN",0.125,NA,NA,"ECA2666",2,NA,NA,NA,227.740361654676,124.434965700502,193.27570838213,216.607182826465,226.665837130376,41.4516160096828,242.710241845471,254.32889149717,379.956168059858,0.182012602897927,14.7225005359474,12.3722256380325,13.3630219322588,13.8137739228721,14.2715808467724,1.94916757148459,15.075429589499,16.262379132732,23.003805492436,0.13239378505882,27,"2_ECA2666_0.125",NA,NA,NA,NA,NA,"2",777.986030494324,-551.320193363948
"20250619-CbDRC4-p012-m2x_A10_roi_0.png",20250619,"CbDRC4","p012","m2x","A10",0,232.607143788405,14.5845382795199,"","48h",10,"15hHB101","DMSO",1,"MOXIDECTIN",0.25,NA,NA,"ECA2666",2,NA,NA,NA,186.165862085471,6.82756488785418,137.28310318584,150.37931350644,204.968480943476,53.8750148025031,221.507034425682,236.761033351225,257.40455026479,0.289392556717882,17.0061091909937,11.3217044077442,12.6328631060518,13.2134493473395,14.3561469239292,16.295574048274,14.7683866675854,16.5689474804021,104.456090145413,0.958218829789944,31,"2_ECA2666_0.25",NA,NA,NA,NA,NA,"2",777.986030494324,-573.017549550848
"20250619-CbDRC4-p012-m2x_A11_roi_0.png",20250619,"CbDRC4","p012","m2x","A11",0,209.709131530913,14.3567555344266,"","48h",10,"15hHB101","DMSO",1,"MOXIDECTIN",0.5,NA,NA,"ECA2666",2,NA,NA,NA,206.307181122791,132.156009328856,161.218105847781,186.898133056313,209.833752261614,34.6304034163208,229.106466235634,246.07788952764,279.821867158053,0.167858448881182,13.2609985996104,8.13047632787157,11.1491650784456,12.530801064273,13.561059300294,1.70009584858133,14.3567555344266,14.9128783621263,16.2831101441533,0.128202701765708,29,"2_ECA2666_0.5",NA,NA,NA,NA,NA,"2",777.986030494324,-568.15227823271
"20250619-CbDRC4-p012-m2x_A12_roi_0.png",20250619,"CbDRC4","p012","m2x","A12",0,218.354697367273,14.6034934400168,"","48h",10,"15hHB101","DMSO",1,"MOXIDECTIN",1,NA,NA,"ECA2666",2,NA,NA,NA,243.335588528938,175.289113567203,187.291437532314,205.17172863318,218.115665220263,87.3515232071049,247.02428221371,303.560077967007,465.122106299775,0.358975535535843,15.7192666737364,12.7275465746483,13.1341859744476,14.6034934400168,14.8111469460884,2.48215101778672,17.7167069360461,19.1116342341798,19.7313596611468,0.157905013592897,9,"2_ECA2666_1",NA,NA,NA,"outlier","outlier","2",777.986030494324,-559.870365274061
"20250619-CbDRC4-p012-m2x_B01_roi_0.png",20250619,"CbDRC4","p012","m2x","B01",0,740.23734181993,38.143935397441,"","48h",10,"15hHB101","DMSO",1,"MOXIDECTIN",0,NA,NA,"JU3237",2,NA,NA,NA,768.164792659716,722.130096715737,738.426617309511,746.057541190176,769.48281313122,29.8092154074912,790.593651610441,794.718847062008,813.420734885546,0.0388057558642839,39.286244397039,37.2492851199594,37.4515838841804,38.1406929756793,38.5374718221573,2.27322882063354,39.7508425569073,40.8231658164406,45.1042287986944,0.0578632255519154,10,"2_JU3237_0",NA,NA,NA,NA,NA,"2",756.836909183482,12.6459039477387
"20250619-CbDRC4-p012-m2x_B02_roi_0.png",20250619,"CbDRC4","p012","m2x","B02",0,771.210751455928,40.5080054657243,"","48h",10,"15hHB101","DMSO",1,"MOXIDECTIN",0.00097,NA,NA,"JU3237",2,NA,NA,NA,748.990560581813,516.714180778795,720.624886029402,727.208906057839,771.210751455928,79.4125216149131,793.762601893858,813.784962089912,839.119137885349,0.106026064671931,37.77870039629,21.3572532555998,33.6945411031918,37.0697466587001,40.1068569970566,5.54161443045206,40.6981301760103,41.6202620533344,41.741988516377,0.146686211339241,13,"2_JU3237_0.00097",NA,NA,NA,NA,NA,"2",756.836909183482,14.3738422724466
"20250619-CbDRC4-p012-m2x_B03_roi_0.png",20250619,"CbDRC4","p012","m2x","B03",0,788.679875229265,38.3929516356078,"","48h",10,"15hHB101","DMSO",1,"MOXIDECTIN",0.0019,NA,NA,"JU3237",2,NA,NA,NA,725.148771884549,170.066995905674,658.151839379249,745.310443470324,778.133681564314,174.062977733424,804.511678867724,819.182738014,830.835346382353,0.240037609497788,36.6797543955719,14.1060940190598,35.7873352157759,38.2760817622122,38.5473319571806,6.89704921697781,38.8987845046723,39.7030219147503,40.6559688905328,0.188034225709277,13,"2_JU3237_0.0019",NA,NA,NA,NA,NA,"2",756.836909183482,21.296772380832
"20250619-CbDRC4-p012-m2x_B04_roi_0.png",20250619,"CbDRC4","p012","m2x","B04",0,831.985020504725,40.2430022497837,"","48h",10,"15hHB101","DMSO",1,"MOXIDECTIN",0.0039,NA,NA,"JU3237",2,NA,NA,NA,777.83265351196,596.687551739794,719.682140409586,776.37757565193,799.456589080364,53.7227100199661,806.914709617907,810.938917060096,831.985020504725,0.0690671827383498,38.5395141738002,29.2778616021923,33.8647543447276,37.2353644474014,39.4644835703851,3.25646739478288,40.1869457669159,41.4561351636195,43.4451129282049,0.0844968460187981,22,"2_JU3237_0.0039",NA,NA,NA,NA,NA,"2",756.836909183482,42.619679896882
"20250619-CbDRC4-p012-m2x_B06_roi_0.png",20250619,"CbDRC4","p012","m2x","B06",0,515.363953381429,24.2281212685065,"","48h",10,"15hHB101","DMSO",1,"MOXIDECTIN",0.0156,NA,NA,"JU3237",2,NA,NA,NA,433.631439126626,369.505279347955,377.6260239519,392.775205838072,422.621462281203,61.5909994952046,457.619224811564,493.927376712707,611.388550615542,0.142035364454327,20.1721138358627,17.7621925488838,17.9043777738087,18.1116795195043,19.4421539713792,2.79766975370581,20.8100782932573,23.9060040814783,27.5286026483812,0.138689964595183,16,"2_JU3237_0.0156",NA,NA,NA,NA,NA,"2",756.836909183482,-334.215446902278
"20250619-CbDRC4-p012-m2x_B07_roi_0.png",20250619,"CbDRC4","p012","m2x","B07",0,286.358323810434,14.1793353213248,"","48h",10,"15hHB101","DMSO",1,"MOXIDECTIN",0.03125,NA,NA,"JU3237",2,NA,NA,NA,257.732347152951,155.651715845734,216.373496909064,247.443654899615,254.756992135651,38.4385108270813,282.899739286526,304.421653435953,306.682705726421,0.149141197260233,15.4321211820978,14.1793353213248,14.496046222024,14.5776995128212,15.4748202846999,0.824605903471386,16.0801571082794,16.4977287387874,16.8577923049889,0.0534343849261616,19,"2_JU3237_0.03125",NA,NA,NA,NA,NA,"2",756.836909183482,-502.07991704783
"20250619-CbDRC4-p012-m2x_B08_roi_0.png",20250619,"CbDRC4","p012","m2x","B08",0,238.352955076743,15.0644915366228,"","48h",10,"15hHB101","DMSO",1,"MOXIDECTIN",0.0625,NA,NA,"JU3237",2,NA,NA,NA,226.497744929873,117.959338146398,153.059637995396,219.451081875349,234.84288486636,47.6228867007535,265.406035894985,272.38004036782,279.961760039923,0.21025766378159,15.2976570800769,11.2026144037617,13.6140963810901,14.1660611193767,14.9646365226809,2.86001254686765,15.5849840608103,15.7836055450931,26.2223508379582,0.186957553819952,22,"2_JU3237_0.0625",NA,NA,NA,NA,NA,"2",756.836909183482,-521.994024317121
"20250619-CbDRC4-p012-m2x_B09_roi_0.png",20250619,"CbDRC4","p012","m2x","B09",0,246.834068990928,14.8261744857647,"","48h",10,"15hHB101","DMSO",1,"MOXIDECTIN",0.125,NA,NA,"JU3237",2,NA,NA,NA,223.157283384545,130.577467825025,177.860808684181,194.607104473029,232.773027118422,42.8408764666094,253.640168895268,265.118333902882,282.087611871598,0.191976151604184,14.1964513049514,11.4372730924605,11.7583823785629,13.720640048442,14.8000870888761,1.47871785760304,15.3251301444846,15.5119061464718,15.954796328306,0.10416109109516,13,"2_JU3237_0.125",NA,NA,NA,NA,NA,"2",756.836909183482,-524.06388206506
"20250619-CbDRC4-p012-m2x_B10_roi_0.png",20250619,"CbDRC4","p012","m2x","B10",0,209.243503385342,13.4928180206098,"","48h",10,"15hHB101","DMSO",1,"MOXIDECTIN",0.25,NA,NA,"JU3237",2,NA,NA,NA,214.08751030687,146.270705306334,181.081628993929,205.93277661116,220.74970855081,31.9773986569887,234.316909476746,241.420521181564,248.274611923597,0.149366016780487,14.2891701960315,12.4057869292064,12.9183720673556,13.4041263685265,13.7682936431295,1.5818354458996,14.9345985827678,16.6482390633494,16.7605956488945,0.11070170095244,8,"2_JU3237_0.25",NA,NA,NA,NA,NA,"2",756.836909183482,-536.087200632672
"20250619-CbDRC4-p012-m2x_B11_roi_0.png",20250619,"CbDRC4","p012","m2x","B11",0,228.507684329195,13.2169444733755,"","48h",10,"15hHB101","DMSO",1,"MOXIDECTIN",0.5,NA,NA,"JU3237",2,NA,NA,NA,197.670463233827,136.613022774432,148.364178508801,177.275674781131,204.813574739724,32.4940694800408,222.685923031855,228.805604600952,234.403872301295,0.164385052518459,13.6156698389815,9.73992788820765,11.1107491503292,12.9796831979688,14.0251207991237,1.76583128204097,14.7413981642948,15.1855237107015,16.047762337989,0.129691106124314,14,"2_JU3237_0.5",NA,NA,NA,NA,NA,"2",756.836909183482,-552.023334443758
"20250619-CbDRC4-p012-m2x_B12_roi_0.png",20250619,"CbDRC4","p012","m2x","B12",0,227.216605977862,15.3221629655765,"","48h",10,"15hHB101","DMSO",1,"MOXIDECTIN",1,NA,NA,"JU3237",2,NA,NA,NA,197.277777891794,133.616487498402,136.841801839337,171.862087078142,213.357532949804,43.5963872805442,219.620303810818,235.013992496121,266.203538569157,0.22098985373029,13.987120666621,10.5672149914854,11.3245850915751,13.5796542193768,14.3212565886294,1.83754070373314,15.2766659147071,15.4703234825965,16.0629655506763,0.131373765017862,9,"2_JU3237_1",NA,NA,NA,NA,NA,"2",756.836909183482,-543.479376233678
"20250619-CbDRC4-p012-m2x_C01_roi_0.png",20250619,"CbDRC4","p012","m2x","C01",0,815.137729637441,41.496542378482,"","48h",10,"15hHB101","DMSO",1,"MOXIDECTIN",0,NA,NA,"VX34",2,NA,NA,NA,815.137729637441,815.137729637441,815.137729637441,815.137729637441,815.137729637441,NA,815.137729637441,815.137729637441,815.137729637441,NA,41.496542378482,41.496542378482,41.496542378482,41.496542378482,41.496542378482,NA,41.496542378482,41.496542378482,41.496542378482,NA,1,"2_VX34_0",NA,"n<5",NA,NA,NA,"2",841.848651392647,-26.7109217552057
"20250619-CbDRC4-p012-m2x_C02_roi_0.png",20250619,"CbDRC4","p012","m2x","C02",0,841.368270199165,37.0614086342949,"","48h",10,"15hHB101","DMSO",1,"MOXIDECTIN",0.00097,NA,NA,"VX34",2,NA,NA,NA,874.425938810256,841.368270199165,849.567764826822,861.867006768306,876.339215342198,26.2761395109754,888.898147384148,897.753491568135,903.65705435746,0.0300495883581939,38.554559814598,37.0614086342949,37.4164941510074,37.9491224260761,38.7795470360725,1.15331116649435,39.3849844245944,39.5126357010091,39.5977365519523,0.0299137422924918,4,"2_VX34_0.00097",NA,"n<5",NA,NA,NA,"2",841.848651392647,34.4905639495515
"20250619-CbDRC4-p012-m2x_C03_roi_0.png",20250619,"CbDRC4","p012","m2x","C03",0,898.145463801834,38.6580433728466,"","48h",10,"15hHB101","DMSO",1,"MOXIDECTIN",0.0019,NA,NA,"VX34",2,NA,NA,NA,737.211436231207,237.241741838829,430.445400331082,720.250888069463,889.699700307421,333.98604431675,906.660248469165,921.986860870362,932.204602471159,0.453039695130291,34.3644627554801,19.6375249947922,25.1648847421743,33.4559243632476,38.3600504294563,9.90555790785284,39.2685888216888,40.3675706296049,41.1002251682156,0.288250044190585,4,"2_VX34_0.0019",NA,"n<5",NA,NA,NA,"2",841.848651392647,47.8510489147739
"20250619-CbDRC4-p012-m2x_C04_roi_0.png",20250619,"CbDRC4","p012","m2x","C04",0,856.691009661655,40.6176480037869,"","48h",10,"15hHB101","DMSO",1,"MOXIDECTIN",0.0039,NA,NA,"VX34",2,NA,NA,NA,273.177543446647,138.824959742507,147.477534517464,178.716487312032,207.056449633922,237.724260136688,217.3963489309,411.200338409911,856.691009661655,0.870218895511506,17.5817575966469,12.86703595614,13.1862006495051,13.5919474951293,14.0435748354463,9.39236540652925,15.6350777171306,23.9777077407821,40.6176480037869,0.534210835003238,8,"2_VX34_0.0039",NA,NA,NA,NA,NA,"2",841.848651392647,-634.792201758725
"20250619-CbDRC4-p012-m2x_C05_roi_0.png",20250619,"CbDRC4","p012","m2x","C05",0,882.667361667989,40.1412995022252,"","48h",10,"15hHB101","DMSO",1,"MOXIDECTIN",0.0078,NA,NA,"VX34",2,NA,NA,NA,856.981140975258,831.294920282528,836.432164421074,844.138030628893,856.981140975258,36.3258016697679,869.824251321624,877.530117529443,882.667361667989,0.0423880992625212,39.1756735902375,38.2100476782497,38.4031728606473,38.6928606342436,39.1756735902375,1.36560126091198,39.6584865462314,39.9481743198277,40.1412995022252,0.0348583989951429,2,"2_VX34_0.0078",NA,"n<5",NA,NA,NA,"2",841.848651392647,15.1324895826114
"20250619-CbDRC4-p012-m2x_C06_roi_0.png",20250619,"CbDRC4","p012","m2x","C06",0,475.505181123578,21.0808641414455,"","48h",10,"15hHB101","DMSO",1,"MOXIDECTIN",0.0156,NA,NA,"VX34",2,NA,NA,NA,317.999324412044,117.408332886941,150.811452915685,200.916132958801,218.844636929549,197.378691865479,475.505181123578,536.595475346243,577.322338161352,0.620689028916701,16.0773277371738,10.3563559187516,10.7586891449231,11.3621889841805,13.8827269112552,5.97886903427301,21.0808641414455,22.65504729472,23.7045027302364,0.371882014972471,5,"2_VX34_0.0156",NA,NA,NA,NA,NA,"2",841.848651392647,-623.004014463098
"20250619-CbDRC4-p012-m2x_C07_roi_0.png",20250619,"CbDRC4","p012","m2x","C07",0,264.261271683977,15.3783483684856,"","48h",10,"15hHB101","DMSO",1,"MOXIDECTIN",0.03125,NA,NA,"VX34",2,NA,NA,NA,206.035639975768,137.328968854804,151.621577276195,169.269046770036,178.150741870796,54.7756230228293,261.635589255103,264.540961832185,264.960497054499,0.265855087155171,13.6435449390505,10.5494138243875,10.7013541907327,11.564221827852,13.6460325492743,2.50930013867563,15.7402886375184,16.3414762515111,16.7003472689509,0.183918486719205,7,"2_VX34_0.03125",NA,NA,NA,NA,NA,"2",841.848651392647,-663.697909521851
"20250619-CbDRC4-p012-m2x_C08_roi_0.png",20250619,"CbDRC4","p012","m2x","C08",0,262.482542894236,14.1644156256623,"","48h",10,"15hHB101","DMSO",1,"MOXIDECTIN",0.0625,NA,NA,"VX34",2,NA,NA,NA,222.494095668442,154.365569349083,176.221080800063,209.004347976534,236.564135215224,47.6488253016615,250.053882907132,257.511078899394,262.482542894236,0.214157706785475,13.8195265790108,11.6307863542139,12.3908751356484,13.5310083078002,14.1866788704874,1.54666951030514,14.475197141698,14.9544561891919,15.2739622208545,0.111919138579916,4,"2_VX34_0.0625",NA,"n<5",NA,NA,NA,"2",841.848651392647,-605.284516177423
"20250619-CbDRC4-p012-m2x_C09_roi_0.png",20250619,"CbDRC4","p012","m2x","C09",0,235.852916411942,14.8369191310346,"","48h",10,"15hHB101","DMSO",1,"MOXIDECTIN",0.125,NA,NA,"VX34",2,NA,NA,NA,227.082008365727,218.249832647644,220.028521325634,222.69655434262,227.143276037596,8.80170181265719,231.498096224769,234.110988337072,235.852916411942,0.0387600139526756,15.1806144591832,14.8369191310346,14.9103401931259,15.0204717862628,15.204024441491,0.332608785680131,15.3524621232575,15.4415247323174,15.500899805024,0.0219101003173772,3,"2_VX34_0.125",NA,"n<5",NA,NA,NA,"2",841.848651392647,-614.705375355051
"20250619-CbDRC4-p012-m2x_C10_roi_0.png",20250619,"CbDRC4","p012","m2x","C10",0,221.122825370641,11.3575560004254,"","48h",10,"15hHB101","DMSO",1,"MOXIDECTIN",0.25,NA,NA,"VX34",2,NA,NA,NA,198.706721673943,164.542030853056,168.956203035377,175.577461308859,198.720017164309,29.2412707133178,221.122825370641,228.591894351965,233.571273672848,0.147157934401936,13.5283399922032,10.5166836802475,10.8530326083187,11.3575560004254,13.1534367227757,2.73547078970013,15.7749222053067,16.413429693479,16.8391013522606,0.202202989522489,5,"2_VX34_0.25",NA,NA,NA,NA,NA,"2",841.848651392647,-643.128634228338
"20250619-CbDRC4-p012-m2x_C11_roi_1.png",20250619,"CbDRC4","p012","m2x","C11",1,154.799565083451,13.1277086285472,"","48h",10,"15hHB101","DMSO",1,"MOXIDECTIN",0.5,NA,NA,"VX34",2,NA,NA,NA,154.396786784384,99.6382740791535,127.218919581302,156.253333540167,161.231895477142,28.8701299195511,163.183674349569,174.739545294707,185.850575471312,0.186986598107566,13.6854109111637,11.0134117136116,11.2893758200851,11.81242856049,12.8407015454157,3.15060655934946,13.8953332414793,16.9261553679904,19.7011026235242,0.230216438497976,6,"2_VX34_0.5",NA,NA,NA,NA,NA,"2",841.848651392647,-680.616755915505
"20250619-CbDRC4-p012-m2x_C12_roi_0.png",20250619,"CbDRC4","p012","m2x","C12",0,220.452383270527,14.4064654569547,"","48h",10,"15hHB101","DMSO",1,"MOXIDECTIN",1,NA,NA,"VX34",2,NA,NA,NA,205.704656250738,166.389404386094,169.572510798168,180.009471391027,209.225731802281,33.2638872880172,219.509394870689,238.315726151765,256.179069033003,0.161707021582784,12.8893389179626,10.5973602387797,10.6314441175583,11.2342587031448,13.24361388846,1.90681040062797,14.1915433310539,14.7929587478695,15.1794520387842,0.147937020879375,6,"2_VX34_1",NA,NA,NA,NA,NA,"2",841.848651392647,-632.622919590366
"20250619-CbDRC4-p012-m2x_D01_roi_0.png",20250619,"CbDRC4","p012","m2x","D01",0,766.088129898856,38.1843201500416,"","48h",10,"15hHB101","DMSO",1,"MOXIDECTIN",0,NA,NA,"PB420",2,NA,NA,NA,765.162350942227,718.200790213484,730.512136357127,751.694128900399,763.774910868659,30.2858428446487,775.094020331474,786.681132250894,894.132662712219,0.0395809370486596,38.6698648823197,34.5966766317824,36.6066811125071,37.9052588360163,38.582154411625,1.62990136933343,39.5927289335409,40.685354573356,42.0036752246529,0.0421491353614384,31,"2_PB420_0",NA,NA,NA,NA,NA,"2",758.846883086449,4.92802778220982
"20250619-CbDRC4-p012-m2x_D02_roi_0.png",20250619,"CbDRC4","p012","m2x","D02",0,771.057888959697,38.0650534868327,"","48h",10,"15hHB101","DMSO",1,"MOXIDECTIN",0.00097,NA,NA,"PB420",2,NA,NA,NA,768.364531612734,476.36439778654,725.031506983677,762.966425904386,772.026532503582,59.3133076413066,787.169375246799,810.911543349609,904.914583048831,0.0771942290423178,37.8089533864159,27.3948036618461,36.1973346502451,37.0296350606138,38.0624674687533,2.18828283901579,39.05730534231,39.7105106774656,41.4005363968225,0.0578773714429769,40,"2_PB420_0.00097",NA,NA,NA,NA,NA,"2",758.846883086449,13.1796494171329
"20250619-CbDRC4-p012-m2x_D03_roi_0.png",20250619,"CbDRC4","p012","m2x","D03",0,804.217169370831,36.3595295487714,"","48h",10,"15hHB101","DMSO",1,"MOXIDECTIN",0.0019,NA,NA,"PB420",2,NA,NA,NA,774.624634909054,693.476445217378,738.224355649979,755.516360660681,774.287339179618,32.3145131238121,789.019014705884,805.189338817338,912.147104437074,0.0417163509492647,38.0820096510649,34.3768542018147,35.7969122832338,36.7893626095978,38.0849155056905,1.75148824868115,39.5871659157584,40.0908861337102,41.2612312139069,0.0459925372828156,49,"2_PB420_0.0019",NA,NA,NA,NA,NA,"2",758.846883086449,15.4404560931687
"20250619-CbDRC4-p012-m2x_D04_roi_0.png",20250619,"CbDRC4","p012","m2x","D04",0,777.878921385527,38.4228770118997,"","48h",10,"15hHB101","DMSO",1,"MOXIDECTIN",0.0039,NA,NA,"PB420",2,NA,NA,NA,775.948006738846,728.30055500791,749.008275518174,765.009435831779,775.412170990654,19.9534848327837,786.1661464008,799.554511120941,820.214015730315,0.0257149765957183,37.7910796732207,31.1399385092348,35.591866127428,36.704169546109,37.9191728044643,2.04028724354664,39.1791611871576,39.8664202997377,41.7310858028439,0.0539885936360907,36,"2_PB420_0.0039",NA,NA,NA,NA,NA,"2",758.846883086449,16.5652879042052
"20250619-CbDRC4-p012-m2x_D05_roi_0.png",20250619,"CbDRC4","p012","m2x","D05",0,802.831041974507,35.5119699196875,"","48h",10,"15hHB101","DMSO",1,"MOXIDECTIN",0.0078,NA,NA,"PB420",2,NA,NA,NA,777.234812174086,691.654199346338,741.386026907762,763.918361227619,783.960164498172,27.9546065884928,795.481763661009,806.445160272316,817.853853438338,0.0359667453781412,37.2316891065627,32.4165756536983,34.4804174460821,36.15680048542,37.9796567858631,1.99187246712802,38.7674202507106,39.0697672103187,40.0735191110683,0.0534993849305893,41,"2_PB420_0.0078",NA,NA,NA,NA,NA,"2",758.846883086449,25.1132814117229
"20250619-CbDRC4-p012-m2x_D06_roi_0.png",20250619,"CbDRC4","p012","m2x","D06",0,499.139931282449,22.6963008227419,"","48h",10,"15hHB101","DMSO",1,"MOXIDECTIN",0.0156,NA,NA,"PB420",2,NA,NA,NA,375.291114661357,216.239956475407,300.575143042762,334.02749936753,360.332796248344,76.3869474753729,397.766794713408,481.116688616074,632.187031386057,0.203540516924576,19.2672990294195,15.6826416532448,16.6032471851151,17.6975651025598,18.9960295959991,2.41449868016044,20.0302291927081,22.4888827931094,27.3801678551542,0.125315887632912,60,"2_PB420_0.0156",NA,NA,NA,NA,NA,"2",758.846883086449,-398.514086838105
"20250619-CbDRC4-p012-m2x_D07_roi_0.png",20250619,"CbDRC4","p012","m2x","D07",0,269.681981756818,13.6501054381351,"","48h",10,"15hHB101","DMSO",1,"MOXIDECTIN",0.03125,NA,NA,"PB420",2,NA,NA,NA,256.370481616083,224.140997160694,231.218344700697,241.875561125086,255.252697956875,19.9476085485782,269.331402926905,281.118496105251,299.255504042091,0.0778077430086117,15.565178655523,13.6501054381351,13.9419491647939,14.7656107430436,15.3384409192434,2.20152012545293,15.7322544159141,16.5066080962835,25.301454641884,0.14143879580025,25,"2_PB420_0.03125",NA,NA,NA,NA,NA,"2",758.846883086449,-503.594185129574
"20250619-CbDRC4-p012-m2x_D08_roi_0.png",20250619,"CbDRC4","p012","m2x","D08",0,195.934819222804,14.3912174771085,"","48h",10,"15hHB101","DMSO",1,"MOXIDECTIN",0.0625,NA,NA,"PB420",2,NA,NA,NA,234.18187109559,142.101529290962,212.021909651212,226.813463305387,237.945253668213,26.1192118341389,249.064776956582,258.623325639626,295.540231751018,0.11153387626439,14.687812455963,12.6315453437173,13.3624557548471,14.0788443095299,14.6628838658874,1.10823904408524,15.1483362964229,15.884939875667,18.4360723942295,0.075452968058243,33,"2_PB420_0.0625",NA,NA,NA,NA,NA,"2",758.846883086449,-520.901629418236
"20250619-CbDRC4-p012-m2x_D09_roi_0.png",20250619,"CbDRC4","p012","m2x","D09",0,221.992960507984,12.8221514339529,"","48h",10,"15hHB101","DMSO",1,"MOXIDECTIN",0.125,NA,NA,"PB420",2,NA,NA,NA,229.789882855068,141.69346874728,185.220052432323,217.120737584206,232.406463802949,32.93202194851,254.133420007627,263.544767169368,288.998893385102,0.143313628691307,14.691410948018,11.6727740321206,13.1241511763513,14.1937759165428,14.7415899202627,1.21146153425299,15.2592899269735,16.0660600754269,18.3897189099601,0.08246053007022,37,"2_PB420_0.125",NA,NA,NA,NA,NA,"2",758.846883086449,-526.4404192835
"20250619-CbDRC4-p012-m2x_D10_roi_0.png",20250619,"CbDRC4","p012","m2x","D10",0,229.596291479767,13.8612017270293,"fallback_a","48h",10,"15hHB101","DMSO",1,"MOXIDECTIN",0.25,NA,NA,"PB420",2,NA,NA,NA,217.772550796444,106.411817702966,166.44775266468,207.142293209176,223.148401493714,37.0188304707117,241.214688487336,254.710129176957,269.344204229103,0.16998850560057,14.1752018161274,10.7277360693045,13.0124076010736,13.6672963225047,14.1347425009051,1.19441706087441,14.7130396543091,15.2975866756597,17.9354635196045,0.0842610268529301,31,"2_PB420_0.25",NA,NA,NA,NA,NA,"2",758.846883086449,-535.698481592735
"20250619-CbDRC4-p012-m2x_D11_roi_0.png",20250619,"CbDRC4","p012","m2x","D11",0,210.859495150874,14.8953984483209,"","48h",10,"15hHB101","DMSO",1,"MOXIDECTIN",0.5,NA,NA,"PB420",2,NA,NA,NA,208.272010757166,120.134670756826,161.600449337439,184.409149393115,213.731672256121,33.6298868411443,238.248718689958,247.572205897292,253.910913089955,0.161470985558184,14.0049067826153,10.5127333700834,12.2688430547011,13.630226105676,14.1370548936407,1.22184750955423,14.7552928017571,15.3965694094486,15.7523684979417,0.0872442443580522,31,"2_PB420_0.5",NA,NA,NA,NA,NA,"2",758.846883086449,-545.115210830328
"20250619-CbDRC4-p012-m2x_D12_roi_0.png",20250619,"CbDRC4","p012","m2x","D12",0,224.290919023587,14.069771235695,"","48h",10,"15hHB101","DMSO",1,"MOXIDECTIN",1,NA,NA,"PB420",2,NA,NA,NA,210.12702594716,124.378909966042,174.050733701624,194.184621866533,219.276654251233,37.5815110587927,226.403077555151,250.731625197097,270.800792942551,0.178851391863525,14.0506234716064,11.2004742868765,12.7624279275955,13.7549581669665,14.069771235695,1.09141062266466,14.4030884595274,15.2715723441101,15.9243779870592,0.0776770244302818,19,"2_PB420_1",NA,NA,NA,NA,NA,"2",758.846883086449,-539.570228835216
"20250619-CbDRC4-p012-m2x_E01_roi_0.png",20250619,"CbDRC4","p012","m2x","E01",0,846.107703903334,37.8769831568011,"","48h",10,"15hHB101","DMSO",1,"MOXIDECTIN",0,NA,NA,"NIC1667",2,NA,NA,NA,762.83861704593,572.409610547256,715.176784597684,741.362759385236,768.429205287504,45.5032344443634,788.30730974205,810.87798041059,846.107703903334,0.0596498832486658,37.3642393157278,28.9003306679581,35.0408486585216,36.5372111211594,37.6561601632125,2.68420071922926,38.6414025442049,39.5462376028733,43.5600581687359,0.0718387626347152,47,"2_NIC1667_0",NA,NA,NA,NA,NA,"2",774.728395535816,-6.29919024831167
"20250619-CbDRC4-p012-m2x_E02_roi_0.png",20250619,"CbDRC4","p012","m2x","E02",0,757.130488158281,37.9243337156113,"","48h",10,"15hHB101","DMSO",1,"MOXIDECTIN",0.00097,NA,NA,"NIC1667",2,NA,NA,NA,754.089879572617,399.43918686099,712.095709910218,756.353911573104,771.951052475579,84.599557462824,796.223310130133,808.183025491778,836.546734379155,0.112187631414403,36.9074954362025,27.3260134977444,32.0410002873176,35.6685261526393,37.5721300886056,3.33889327332582,39.2869828846535,40.1144198045545,43.5292275267354,0.0904665362378045,38,"2_NIC1667_0.00097",NA,NA,NA,NA,NA,"2",774.728395535816,-2.77734306023683
"20250619-CbDRC4-p012-m2x_E03_roi_0.png",20250619,"CbDRC4","p012","m2x","E03",0,756.511327852113,37.1593513972653,"","48h",10,"15hHB101","DMSO",1,"MOXIDECTIN",0.0019,NA,NA,"NIC1667",2,NA,NA,NA,770.053662791744,679.495960634871,721.326346403042,741.615113022436,767.361112544855,40.1728170380293,797.143226233319,828.027740346449,855.293434074396,0.0521688539112809,37.3078217842766,32.9974679424771,34.1528744339906,35.3576339370764,37.3372881397497,2.5916180455964,38.6506027501639,40.8011098050959,44.5041192094092,0.069465809625172,48,"2_NIC1667_0.0019",NA,NA,NA,NA,NA,"2",774.728395535816,-7.3672829909608
"20250619-CbDRC4-p012-m2x_E04_roi_0.png",20250619,"CbDRC4","p012","m2x","E04",0,764.803922852844,38.9133285843494,"","48h",10,"15hHB101","DMSO",1,"MOXIDECTIN",0.0039,NA,NA,"NIC1667",2,NA,NA,NA,782.165513763449,658.728214236298,717.149838198398,755.487217105397,785.459097303656,44.2045623629188,819.391453262683,833.17709974631,847.533687897692,0.0565156115746207,37.4574583397469,29.7968501684828,34.2366253312706,36.6439132914656,37.7692013934985,2.50458065760082,39.4456594987863,40.1865287178593,40.6067494079468,0.0668646717800166,51,"2_NIC1667_0.0039",NA,NA,NA,NA,NA,"2",774.728395535816,10.7307017678401
"20250619-CbDRC4-p012-m2x_E05_roi_0.png",20250619,"CbDRC4","p012","m2x","E05",0,759.653426954605,34.9194698980059,"","48h",10,"15hHB101","DMSO",1,"MOXIDECTIN",0.0078,NA,NA,"NIC1667",2,NA,NA,NA,779.537342208555,521.305418971866,726.729509473982,755.144293118592,795.632324648487,60.0862599952551,813.794759295073,836.999609035665,853.746867350053,0.0770793863768232,36.8670627661414,23.8271813316136,33.8420856383645,35.9605935812386,37.1885400860881,3.43561531752096,38.8658319934283,40.0860854228928,41.7579185763807,0.0931892876661772,63,"2_NIC1667_0.0078",NA,NA,NA,NA,NA,"2",774.728395535816,20.9039291126717
"20250619-CbDRC4-p012-m2x_E06_roi_0.png",20250619,"CbDRC4","p012","m2x","E06",0,700.984427980954,28.814585240582,"","48h",10,"15hHB101","DMSO",1,"MOXIDECTIN",0.0156,NA,NA,"NIC1667",2,NA,NA,NA,422.474056736039,242.392849932192,351.266994551918,366.788876254506,394.275515946141,91.5134238997035,462.258583911111,561.605247250946,700.984427980954,0.216613120830946,20.2734877962482,14.6648104053832,17.9113675433401,18.7745265908464,19.3211228252685,2.91858243652667,21.3536970317637,24.3372545529925,29.1711952420082,0.143960549159518,46,"2_NIC1667_0.0156",NA,NA,NA,NA,NA,"2",774.728395535816,-380.452879589674
"20250619-CbDRC4-p012-m2x_E07_roi_0.png",20250619,"CbDRC4","p012","m2x","E07",0,279.80407648891,15.3412205925456,"","48h",10,"15hHB101","DMSO",1,"MOXIDECTIN",0.03125,NA,NA,"NIC1667",2,NA,NA,NA,270.936783001603,196.000440848318,253.252423292693,261.896281660563,271.568406665553,19.4964701357773,282.53861580017,292.974081253744,321.412483387329,0.0719594804359287,15.9571140703241,13.8764806187879,14.6932578108332,15.4721528127231,16.0956666768036,0.980088131754714,16.4113230274193,17.1532050785762,18.3779711876828,0.061420136964328,40,"2_NIC1667_0.03125",NA,NA,NA,NA,NA,"2",774.728395535816,-503.159988870262
"20250619-CbDRC4-p012-m2x_E08_roi_0.png",20250619,"CbDRC4","p012","m2x","E08",0,256.989988207908,15.3398764419867,"","48h",10,"15hHB101","DMSO",1,"MOXIDECTIN",0.0625,NA,NA,"NIC1667",2,NA,NA,NA,258.715421447947,206.187636957712,238.499682875198,246.26805480667,256.065582226559,21.2022967409617,267.058037493067,289.784232005484,325.72402295082,0.0819521952819792,15.1650010086177,12.5401757700041,13.7602362134187,14.8275248102471,15.2834164586175,0.89572332628021,15.7218324851835,16.0752144282774,17.040868151224,0.0590651676034313,50,"2_NIC1667_0.0625",NA,NA,NA,NA,NA,"2",774.728395535816,-518.662813309257
"20250619-CbDRC4-p012-m2x_E09_roi_0.png",20250619,"CbDRC4","p012","m2x","E09",0,268.440970167706,13.8677520403584,"","48h",10,"15hHB101","DMSO",1,"MOXIDECTIN",0.125,NA,NA,"NIC1667",2,NA,NA,NA,247.846014704965,169.624438791342,220.021389474015,235.215145396706,245.219858977579,25.888762623632,260.752287042376,279.717432680294,332.848829425203,0.104455028879322,14.7487893993566,12.6488458099347,13.523138480315,13.9613011576187,14.8054772712477,1.04939946420576,15.2834779556647,15.8926012802266,18.6395472571874,0.0711515661245755,55,"2_NIC1667_0.125",NA,NA,NA,NA,NA,"2",774.728395535816,-529.508536558237
"20250619-CbDRC4-p012-m2x_E10_roi_0.png",20250619,"CbDRC4","p012","m2x","E10",0,226.153654507014,12.5672382643546,"","48h",10,"15hHB101","DMSO",1,"MOXIDECTIN",0.25,NA,NA,"NIC1667",2,NA,NA,NA,240.372207734073,84.9321133810162,215.42182025017,229.799472626894,245.539924436519,35.5635727752224,259.041999362317,277.432915408667,287.255118227823,0.147952099414783,14.9874248864258,11.7088924569392,13.5413404403046,14.0774242632665,14.3632613822662,2.76875222530363,14.8127467451852,15.6190745060844,26.6540549259131,0.184738355406959,45,"2_NIC1667_0.25",NA,NA,NA,NA,NA,"2",774.728395535816,-529.188471099297
"20250619-CbDRC4-p012-m2x_E11_roi_0.png",20250619,"CbDRC4","p012","m2x","E11",0,214.363283550077,13.9483221615419,"","48h",10,"15hHB101","DMSO",1,"MOXIDECTIN",0.5,NA,NA,"NIC1667",2,NA,NA,NA,216.179322504845,80.5707995042114,189.52404198933,211.03051519457,222.562095888681,35.043664130157,230.869258018914,246.430972777548,272.01253334627,0.162104607064682,15.5903492741986,13.0390296271347,13.7185517895345,13.9837819381449,14.5471443703648,5.77993364880831,14.8674593220138,15.2742702547661,43.7048018908825,0.370737919154504,26,"2_NIC1667_0.5",NA,NA,NA,NA,NA,"2",774.728395535816,-552.166299647135
"20250619-CbDRC4-p012-m2x_E12_roi_0.png",20250619,"CbDRC4","p012","m2x","E12",0,222.734493763495,14.0276896433578,"","48h",10,"15hHB101","DMSO",1,"MOXIDECTIN",1,NA,NA,"NIC1667",2,NA,NA,NA,213.291122343938,106.298385791014,154.432430234136,203.217203771641,223.024850911914,39.598663116796,235.868186494541,253.182196329433,266.349338645734,0.185655467895856,13.7311308873974,11.2510133294407,12.5635509804351,13.3239710161468,13.6197000524318,1.0602199677793,14.4582105800757,14.7554234988927,16.0829596686151,0.0772128658938344,27,"2_NIC1667_1",NA,NA,NA,NA,NA,"2",774.728395535816,-551.703544623901
"20250619-CbDRC4-p012-m2x_F01_roi_0.png",20250619,"CbDRC4","p012","m2x","F01",0,958.928205712283,39.9256400500595,"","48h",10,"15hHB101","DMSO",1,"MOXIDECTIN",0,NA,NA,"ED3102",2,NA,NA,NA,853.421806237685,769.722373823186,790.605422212229,815.778710399843,841.457078385709,50.8611000206894,887.89448899406,916.235623802699,972.053428052164,0.0595966726523088,41.7359445555634,36.806469994212,39.6530787063074,40.532964111383,41.1108968594721,2.36479625782084,42.1400936609038,44.9669959970944,50.4391235527357,0.0566609018437949,41,"2_ED3102_0",NA,NA,NA,NA,NA,"2",850.390521362296,-8.93344297658678
"20250619-CbDRC4-p012-m2x_F02_roi_0.png",20250619,"CbDRC4","p012","m2x","F02",0,817.48990986713,40.0063278741227,"","48h",10,"15hHB101","DMSO",1,"MOXIDECTIN",0.00097,NA,NA,"ED3102",2,NA,NA,NA,869.019232868652,779.323212859755,817.370202266636,827.747098347719,875.369278476953,47.9611194095575,903.481486874517,921.424969232704,996.052197134497,0.0551899401020583,40.9472908466246,36.6565521192956,38.6836921173033,39.8627439881287,40.8271982316848,1.86133337869653,42.3455285556962,43.2186343278246,44.9983233839276,0.045456813874903,39,"2_ED3102_0.00097",NA,NA,NA,NA,NA,"2",850.390521362296,24.9787571146564
"20250619-CbDRC4-p012-m2x_F03_roi_0.png",20250619,"CbDRC4","p012","m2x","F03",0,934.10638953757,39.6382580664987,"","48h",10,"15hHB101","DMSO",1,"MOXIDECTIN",0.0019,NA,NA,"ED3102",2,NA,NA,NA,875.639836408217,740.456638629547,812.012917751412,841.935390818899,887.320514679632,48.0443196255031,904.41625672996,928.772748389628,957.761766196417,0.0548676723326978,40.8038426235034,36.4195233812305,38.11011008181,39.4372837323942,40.5032883604877,2.10361106373587,42.548238250436,43.3129354431072,46.1426748169783,0.0515542392206993,41,"2_ED3102_0.0019",NA,NA,NA,NA,NA,"2",850.390521362296,36.9299933173361
"20250619-CbDRC4-p012-m2x_F04_roi_0.png",20250619,"CbDRC4","p012","m2x","F04",0,913.884485042859,40.967345843288,"","48h",10,"15hHB101","DMSO",1,"MOXIDECTIN",0.0039,NA,NA,"ED3102",2,NA,NA,NA,874.807301199288,324.202190872013,820.875293504758,859.957593992247,884.424486508495,100.380291086529,901.962658564406,917.732505358369,1252.40870759755,0.114745602773224,41.0787188607804,18.7524356825369,38.4551554237878,40.2919199942108,41.1507354235384,3.80345974020751,42.5453445507161,44.3896688389498,47.5241856294251,0.0925895413899784,53,"2_ED3102_0.0039",NA,NA,NA,NA,NA,"2",850.390521362296,34.0339651461987
"20250619-CbDRC4-p012-m2x_F05_roi_0.png",20250619,"CbDRC4","p012","m2x","F05",0,863.348009726409,41.5850078424829,"","48h",10,"15hHB101","DMSO",1,"MOXIDECTIN",0.0078,NA,NA,"ED3102",2,NA,NA,NA,860.797404287223,619.214804959139,813.242290413481,830.249319558972,867.327625327395,56.4194687764666,891.56016704489,915.23853721418,950.75508958691,0.0655432608131344,40.5969298773913,28.9385413812968,38.2554251341793,39.3027017674789,40.9103429990023,2.8485465334913,41.8970796798284,43.194163380361,45.8228995204043,0.070166550576468,41,"2_ED3102_0.0078",NA,NA,NA,NA,NA,"2",850.390521362296,16.9371039650985
"20250619-CbDRC4-p012-m2x_F07_roi_0.png",20250619,"CbDRC4","p012","m2x","F07",0,282.105325570463,14.7946020058356,"","48h",10,"15hHB101","DMSO",1,"MOXIDECTIN",0.03125,NA,NA,"ED3102",2,NA,NA,NA,226.557763884905,113.29410894524,167.669701597561,222.587343681353,239.917547892266,39.0064467573077,247.614231038347,259.386246280594,282.105325570463,0.172169984768757,14.6937352697212,10.4712986452918,11.9135301087749,14.4840886814331,15.2546687190885,1.61080054193896,15.5905749862297,16.2743366265407,17.021882980337,0.1096249872732,29,"2_ED3102_0.03125",NA,NA,NA,NA,NA,"2",850.390521362296,-610.47297347003
"20250619-CbDRC4-p012-m2x_F08_roi_1.png",20250619,"CbDRC4","p012","m2x","F08",1,248.310170098933,14.0194475001081,"","48h",10,"15hHB101","DMSO",1,"MOXIDECTIN",0.0625,NA,NA,"ED3102",2,NA,NA,NA,226.269804880659,119.665573572615,204.002458268478,215.349395022546,222.647702687393,29.8070677936923,243.161825730871,257.72788956679,286.348073032449,0.131732414801937,15.0107187531739,12.2410444487314,13.6283180583265,14.2531047542712,14.9049390341997,1.8484091050165,15.259105581056,16.0410321263074,24.0638347070313,0.123139280364284,35,"2_ED3102_0.0625",NA,NA,NA,NA,NA,"2",850.390521362296,-627.742818674903
"20250619-CbDRC4-p012-m2x_F09_roi_0.png",20250619,"CbDRC4","p012","m2x","F09",0,205.612231974866,16.2226665857095,"","48h",10,"15hHB101","DMSO",1,"MOXIDECTIN",0.125,NA,NA,"ED3102",2,NA,NA,NA,199.784333512794,122.872121007589,162.255249720706,183.670263823993,202.053124483492,28.5725440674947,215.347096611964,236.749807634867,249.788614278177,0.143016940142931,14.8246309946078,11.7703785744589,13.2140420808179,13.9635103006398,14.7939454183888,1.36356701710054,15.6113136048707,16.4195797781927,17.5849029543834,0.0919798285432211,38,"2_ED3102_0.125",NA,NA,NA,NA,NA,"2",850.390521362296,-648.337396878805
"20250619-CbDRC4-p012-m2x_F10_roi_0.png",20250619,"CbDRC4","p012","m2x","F10",0,183.457138772156,15.4258122871706,"","48h",10,"15hHB101","DMSO",1,"MOXIDECTIN",0.25,NA,NA,"ED3102",2,NA,NA,NA,199.056054790786,106.299256603696,132.846800592497,192.603924407489,210.316675467325,37.7816895968381,222.871039466917,228.929615155551,259.727960439721,0.189804272151118,14.3278271140598,10.5301290538618,13.1587564593097,13.7793490793034,14.7476819743846,1.28588763491175,14.9487739512327,15.4702393664466,16.1336036892134,0.0897475677697089,23,"2_ED3102_0.25",NA,NA,NA,NA,NA,"2",850.390521362296,-640.073845894972
"20250619-CbDRC4-p012-m2x_F11_roi_0.png",20250619,"CbDRC4","p012","m2x","F11",0,242.761041750612,15.4108980594624,"","48h",10,"15hHB101","DMSO",1,"MOXIDECTIN",0.5,NA,NA,"ED3102",2,NA,NA,NA,205.614307908239,149.409227849994,151.799844273538,171.211716971591,207.844540338462,39.2153919708165,238.230547604722,251.057828484679,282.26817406459,0.19072306966263,14.49278327877,11.2036050390043,12.5276329474365,13.8490802174706,14.6995686853638,1.37165228135675,15.0891228571489,15.7837574401537,18.313358204019,0.0946438137501192,33,"2_ED3102_0.5",NA,NA,NA,NA,NA,"2",850.390521362296,-642.545981023834
"20250619-CbDRC4-p012-m2x_F12_roi_0.png",20250619,"CbDRC4","p012","m2x","F12",0,206.02152290308,16.5324319948602,"","48h",10,"15hHB101","DMSO",1,"MOXIDECTIN",1,NA,NA,"ED3102",2,NA,NA,NA,207.687770428026,130.370739267429,172.881165906773,194.149458542381,206.803797455449,30.4046363393752,227.573524511007,241.505443937823,270.406102436943,0.146395891663308,14.5377142984481,9.10848866119648,12.4867263271735,13.2287690248763,15.1541481490207,1.99411944277012,15.9412765542374,16.595480817198,17.4024294651061,0.137168704916907,29,"2_ED3102_1",NA,NA,NA,NA,NA,"2",850.390521362296,-643.586723906847
"20250619-CbDRC4-p013-m2x_A01_roi_0.png",20250619,"CbDRC4","p013","m2x","A01",0,908.019389964544,47.8635916166102,"","48h",10,"15hHB101","DMSO",1,"MOXIDECTIN",0,NA,NA,"ED3102",3,NA,NA,NA,828.028259171146,340.191309000998,777.57752330466,812.591675334056,836.576364883428,73.9412814799065,853.205327066482,894.865615348481,954.759403025464,0.0892980168985072,40.3580391149023,27.1254562348312,37.910507443321,39.4829161814781,40.5168837506417,2.36799797565355,41.7530289578528,42.3794475698201,47.8635916166102,0.0586747529757749,79,"3_ED3102_0",NA,"n>75",NA,NA,NA,"3",850.390521362296,-13.8141564788682
"20250619-CbDRC4-p013-m2x_A03_roi_0.png",20250619,"CbDRC4","p013","m2x","A03",0,899.73685307495,39.9653519431234,"","48h",10,"15hHB101","DMSO",1,"MOXIDECTIN",0.0019,NA,NA,"ED3102",3,NA,NA,NA,857.977360808182,178.406471174063,807.654309408206,833.330648857878,870.354383976515,105.432906116049,908.342870452602,926.505341518499,1026.54884190465,0.122885417415601,40.1252905313677,15.1687097923261,37.1524056819529,38.5152484590783,40.01031137502,5.83468431274121,41.2490921810754,42.5555394366324,79.8606195649274,0.145411640276598,75,"3_ED3102_0.0019",NA,NA,NA,NA,NA,"3",850.390521362296,19.9638626142187
"20250619-CbDRC4-p013-m2x_A04_roi_0.png",20250619,"CbDRC4","p013","m2x","A04",0,812.76625326427,38.5616943372673,"","48h",10,"15hHB101","DMSO",1,"MOXIDECTIN",0.0039,NA,NA,"ED3102",3,NA,NA,NA,862.795844670793,724.519127831342,810.974771302356,828.42127370274,860.147585226885,47.1221431416014,897.939214931433,912.14347787429,982.006739107985,0.0546156352428671,40.6342251938254,34.0109719558571,38.2066780792163,39.2478468361523,40.6046652710974,2.03804986923551,41.9228660610264,43.3527741618625,44.8044543303581,0.0501559918889559,86,"3_ED3102_0.0039",NA,"n>75",NA,NA,NA,"3",850.390521362296,9.75706386458921
"20250619-CbDRC4-p013-m2x_A05_roi_0.png",20250619,"CbDRC4","p013","m2x","A05",0,819.129525912328,38.9533550851516,"","48h",10,"15hHB101","DMSO",1,"MOXIDECTIN",0.0078,NA,NA,"ED3102",3,NA,NA,NA,847.238542642671,731.453279420496,788.438514756751,819.235499729959,842.712988514467,49.5234274796066,877.549835856094,907.769717362568,1012.94533697913,0.0584527556137085,39.737043871665,33.8919811213497,36.8221506746753,38.4681931496303,39.617357555172,2.21355982467515,41.0307103446771,42.6296696647528,45.1448441563185,0.0557051961848011,71,"3_ED3102_0.0078",NA,NA,NA,NA,NA,"3",850.390521362296,-7.67753284782884
"20250619-CbDRC4-p013-m2x_A06_roi_0.png",20250619,"CbDRC4","p013","m2x","A06",0,793.634837382195,38.5835057927998,"","48h",10,"15hHB101","DMSO",1,"MOXIDECTIN",0.0156,NA,NA,"ED3102",3,NA,NA,NA,453.910604064819,237.645018315362,276.55771373824,334.322184703861,442.160611810447,147.434347186483,539.517207698996,682.29094949053,793.634837382195,0.324809215440646,21.9427894525677,14.5650629120678,16.5790422276465,18.115477450511,20.9688717878201,5.30739254281782,24.6993928505585,29.847404531597,38.5835057927998,0.241874104214984,48,"3_ED3102_0.0156",NA,NA,NA,NA,NA,"3",850.390521362296,-408.229909551849
"20250619-CbDRC4-p013-m2x_A07_roi_0.png",20250619,"CbDRC4","p013","m2x","A07",0,257.970862236973,15.4505507266076,"","48h",10,"15hHB101","DMSO",1,"MOXIDECTIN",0.03125,NA,NA,"ED3102",3,NA,NA,NA,243.743249312307,142.343722968771,215.273923018757,229.71100780238,242.280074717211,24.7509365154034,258.457339602727,271.968773609804,306.430506871133,0.101545115958023,15.0237634496629,10.7317604052921,13.4252473607949,14.3425778101835,15.1486736535538,1.24774662711625,15.816181994729,16.5339507981749,17.6443954655931,0.0830515357418152,64,"3_ED3102_0.03125",NA,NA,NA,"outlier","outlier","3",850.390521362296,-608.110446645085
"20250619-CbDRC4-p013-m2x_A09_roi_0.png",20250619,"CbDRC4","p013","m2x","A09",0,180.281006186959,12.9780322256346,"","48h",10,"15hHB101","DMSO",1,"MOXIDECTIN",0.125,NA,NA,"ED3102",3,NA,NA,NA,215.389477364816,141.147969419198,183.547182615073,196.670903127254,215.728817572233,26.6684543422206,232.99955534703,246.055429421286,286.688197379787,0.123815028795724,14.4710181760852,10.8711290415367,12.8136923196339,13.4650939601838,14.7694578892743,1.19285215365908,15.2635088563746,15.6581545952885,17.2677991224812,0.0824304232877259,64,"3_ED3102_0.125",NA,NA,NA,NA,NA,"3",850.390521362296,-634.661703790064
"20250619-CbDRC4-p013-m2x_A10_roi_0.png",20250619,"CbDRC4","p013","m2x","A10",0,226.029987861373,14.4002982144258,"","48h",10,"15hHB101","DMSO",1,"MOXIDECTIN",0.25,NA,NA,"ED3102",3,NA,NA,NA,217.938254063414,177.716148115448,193.006258078572,206.218501290715,219.500502969389,17.7089652761989,232.197758109254,237.344311265704,256.892692758529,0.0812568007039558,14.5223372726876,12.4319789412014,13.6411181442158,14.077102554046,14.6571663308818,0.820988893970359,14.9396759840197,15.1363158402043,16.7319003573273,0.0565328348016272,43,"3_ED3102_0.25",NA,NA,NA,NA,NA,"3",850.390521362296,-630.890018392907
"20250619-CbDRC4-p013-m2x_A11_roi_0.png",20250619,"CbDRC4","p013","m2x","A11",0,303.802038992149,20.8692746476397,"","48h",10,"15hHB101","DMSO",1,"MOXIDECTIN",0.5,NA,NA,"ED3102",3,NA,NA,NA,224.98483943496,143.556250058655,162.498243604033,205.908619278229,226.500375189921,50.0245460831517,236.565443496123,273.405633573781,375.533786635606,0.22234629768293,14.8173860954061,12.4270047083004,13.2616525730511,13.7897238004188,14.4893946819476,1.80101748652557,15.3225073061943,16.7647318373193,20.8692746476397,0.121547584366715,23,"3_ED3102_0.5",NA,NA,NA,NA,NA,"3",850.390521362296,-623.890146172375
"20250619-CbDRC4-p013-m2x_A12_roi_0.png",20250619,"CbDRC4","p013","m2x","A12",0,213.420216207849,14.8485415992964,"","48h",10,"15hHB101","DMSO",1,"MOXIDECTIN",1,NA,NA,"ED3102",3,NA,NA,NA,189.987708694385,28.7421331596326,162.4231306661,172.060269622588,200.204160443634,42.5197951342484,212.69225664369,222.680217441844,234.546298642503,0.223802873493495,15.336999030354,12.3364845773608,12.6919768799196,13.3445741959401,14.3897462621005,4.84524932626091,15.4908613347355,16.7237827216572,36.1386467608513,0.315918995409175,22,"3_ED3102_1",NA,NA,NA,NA,NA,"3",850.390521362296,-650.186360918663
"20250619-CbDRC4-p013-m2x_B01_roi_0.png",20250619,"CbDRC4","p013","m2x","B01",0,811.381813694449,38.8779667704835,"","48h",10,"15hHB101","DMSO",1,"MOXIDECTIN",0,NA,NA,"NIC1667",3,NA,NA,NA,787.138340561231,672.243101676648,721.766533411234,766.81392563651,801.778640902545,45.4164945656608,815.428654409827,830.012740483386,869.924890137509,0.0576982370510357,37.5021163804243,29.9484381305786,34.3801941588741,36.7378076657572,38.2387353495187,2.58106038893366,39.0249366726066,40.2963415544127,41.2058229431644,0.06882439280896,45,"3_NIC1667_0",NA,NA,NA,NA,NA,"3",774.728395535816,27.0502453667291
"20250619-CbDRC4-p013-m2x_B02_roi_0.png",20250619,"CbDRC4","p013","m2x","B02",0,802.67964939093,38.7671132380967,"","48h",10,"15hHB101","DMSO",1,"MOXIDECTIN",0.00097,NA,NA,"NIC1667",3,NA,NA,NA,799.098337117897,712.490252885681,752.149393331758,779.644711470461,799.897758710649,37.066767040729,823.391885793425,833.062136403596,884.036680645363,0.0463857391750026,37.8720951973609,30.5644629906863,34.7905623980214,35.8206222689832,38.5432921972379,2.64917022702075,39.7458688763618,40.7499369808075,42.8121993913677,0.0699504533143801,33,"3_NIC1667_0.00097",NA,NA,NA,NA,NA,"3",774.728395535816,25.1693631748336
"20250619-CbDRC4-p013-m2x_B03_roi_0.png",20250619,"CbDRC4","p013","m2x","B03",0,796.36665039317,39.2759877615797,"","48h",10,"15hHB101","DMSO",1,"MOXIDECTIN",0.0019,NA,NA,"NIC1667",3,NA,NA,NA,789.416456417501,690.758088697539,751.969075456344,771.61563011979,784.32658690702,37.0030951643847,811.26407058283,829.574199425539,881.812356379984,0.0468739850348581,38.5170874845339,30.0018577285559,36.643061902611,37.864688356999,38.8353648034568,2.37084886462212,40.0809641242454,40.9604422604568,42.6932011090078,0.0615531707991707,29,"3_NIC1667_0.0019",NA,NA,NA,NA,NA,"3",774.728395535816,9.59819137120473
"20250619-CbDRC4-p013-m2x_B04_roi_0.png",20250619,"CbDRC4","p013","m2x","B04",0,798.488184479568,37.7986492962703,"","48h",10,"15hHB101","DMSO",1,"MOXIDECTIN",0.0039,NA,NA,"NIC1667",3,NA,NA,NA,807.727041374112,743.172294509824,773.576552385093,784.438727051371,799.553546561448,31.9572038714498,827.669683615176,846.234648180068,893.431424930836,0.0395643605259072,38.6445944587518,33.6417600574998,36.5211256856173,37.8490851644747,38.6420597980081,1.77405627050469,39.6285361495993,40.562518235899,42.1406497836269,0.0459069708286956,44,"3_NIC1667_0.0039",NA,NA,NA,NA,NA,"3",774.728395535816,24.8251510256327
"20250619-CbDRC4-p013-m2x_B05_roi_0.png",20250619,"CbDRC4","p013","m2x","B05",0,799.827144066914,38.045621075818,"","48h",10,"15hHB101","DMSO",1,"MOXIDECTIN",0.0078,NA,NA,"NIC1667",3,NA,NA,NA,788.020014817913,716.116026622547,736.089004689015,763.359025397754,794.650029645257,35.1416190226226,809.743783915337,830.789598863202,865.657554417039,0.0445948305396059,37.8095422911688,31.7215927521856,35.574553794018,36.5374389207482,38.1275459253784,2.10937017489478,39.1130433720068,40.2554768156537,42.1498698935839,0.0557893602268618,52,"3_NIC1667_0.0078",NA,NA,NA,NA,NA,"3",774.728395535816,19.9216341094417
"20250619-CbDRC4-p013-m2x_B06_roi_0.png",20250619,"CbDRC4","p013","m2x","B06",0,689.098389393266,30.2927125610004,"","48h",10,"15hHB101","DMSO",1,"MOXIDECTIN",0.0156,NA,NA,"NIC1667",3,NA,NA,NA,610.978123573244,223.141786061373,366.135549788854,527.564842730761,650.655713895349,155.983908003299,735.548085315021,766.468998660669,817.774292641931,0.255301952696837,27.9750608743466,14.4713126072372,19.7337259586454,22.7657209733678,27.2076460796899,6.76984002143968,33.4074679385653,36.948871669343,39.6579453392078,0.241995542095413,30,"3_NIC1667_0.0156",NA,NA,NA,NA,NA,"3",774.728395535816,-124.072681640466
"20250619-CbDRC4-p013-m2x_B08_roi_0.png",20250619,"CbDRC4","p013","m2x","B08",0,264.2170642073,16.3323723262083,"","48h",10,"15hHB101","DMSO",1,"MOXIDECTIN",0.0625,NA,NA,"NIC1667",3,NA,NA,NA,267.827980294618,233.506574182207,240.945424473244,254.410880509117,270.818445989602,20.9329813683631,277.004319420841,291.152999737513,318.238955687618,0.078158306482154,15.3791413266704,13.765337158442,14.6154191835567,14.7239303164162,15.2218456341502,0.949674065754487,15.7604478900693,16.3943512175406,18.4464929151563,0.0617507860538071,26,"3_NIC1667_0.0625",NA,NA,NA,NA,NA,"3",774.728395535816,-503.909949546214
"20250619-CbDRC4-p013-m2x_B09_roi_0.png",20250619,"CbDRC4","p013","m2x","B09",0,223.681308208694,12.9811366390062,"","48h",10,"15hHB101","DMSO",1,"MOXIDECTIN",0.125,NA,NA,"NIC1667",3,NA,NA,NA,246.670556476029,119.720345509547,221.72067759726,240.074102246446,251.005656702024,38.7037646316226,263.354347521429,279.625714246802,302.302073749192,0.156904679604044,15.8637467267655,12.9093562020206,13.6308481672888,14.3372041388742,14.9805479966462,4.50783283349364,15.6517577681846,16.8692527823701,36.9790313761269,0.284159405160445,26,"3_NIC1667_0.125",NA,NA,NA,NA,NA,"3",774.728395535816,-523.722738833791
"20250619-CbDRC4-p013-m2x_B10_roi_0.png",20250619,"CbDRC4","p013","m2x","B10",0,199.140093127665,15.4482741666098,"","48h",10,"15hHB101","DMSO",1,"MOXIDECTIN",0.25,NA,NA,"NIC1667",3,NA,NA,NA,230.8991651827,173.237378715698,204.073343332433,222.376477382737,233.572354556931,26.298522568227,241.187632014676,247.061862668533,290.671913627623,0.113896135342967,14.7016789617966,12.1949385462297,12.9738890650897,14.0331258124114,15.0820652633159,1.1776695417903,15.5614337894623,15.7462557667281,15.8388468517616,0.080104425137466,14,"3_NIC1667_0.25",NA,NA,NA,NA,NA,"3",774.728395535816,-541.156040978884
"20250619-CbDRC4-p013-m2x_B12_roi_0.png",20250619,"CbDRC4","p013","m2x","B12",0,225.443941652276,14.6045098250432,"","48h",10,"15hHB101","DMSO",1,"MOXIDECTIN",1,NA,NA,"NIC1667",3,NA,NA,NA,211.522673175934,144.149048152474,171.675909956402,181.446725607421,212.844277148925,36.2458228365211,232.485209999643,264.283458037602,274.256212137461,0.171356679131857,14.5665180780432,12.2347016123733,13.1191895108059,13.5006805936842,14.019893764492,1.77440806941718,14.6494720620486,17.7621581877038,18.7871997271752,0.121814153520451,23,"3_NIC1667_1",NA,NA,NA,NA,NA,"3",774.728395535816,-561.88411838689
"20250619-CbDRC4-p013-m2x_C01_roi_0.png",20250619,"CbDRC4","p013","m2x","C01",0,820.880119030222,38.4897633784873,"","48h",10,"15hHB101","DMSO",1,"MOXIDECTIN",0,NA,NA,"ECA2666",3,NA,NA,NA,764.494337614725,653.220158005245,702.733015590115,735.45831022526,764.22788809923,46.4469895898235,795.367129709587,824.996060121209,848.373324914537,0.0607551780366893,35.0456057950706,29.996652925163,31.3031573954319,32.9418442228226,35.3862126747586,2.76146927318466,37.0958956560616,38.8218819169731,40.7708261384645,0.0787964485285937,53,"3_ECA2666_0",NA,NA,NA,NA,NA,"3",777.986030494324,-13.7581423950938
"20250619-CbDRC4-p013-m2x_C02_roi_0.png",20250619,"CbDRC4","p013","m2x","C02",0,762.494005573756,34.3606031513453,"","48h",10,"15hHB101","DMSO",1,"MOXIDECTIN",0.00097,NA,NA,"ECA2666",3,NA,NA,NA,778.590507470147,432.849401250088,739.975915055811,766.384821867464,784.123765935018,65.16196210142,809.671178062461,839.992406056459,859.381699012786,0.0836922123712361,35.1829008583697,22.2590343791997,32.3755588085369,33.5043487275024,35.6475678797803,3.07401804417715,37.3981092862832,38.5046419761608,39.9564364227763,0.087372501106482,51,"3_ECA2666_0.00097",NA,NA,NA,NA,NA,"3",777.986030494324,6.13773544069397
"20250619-CbDRC4-p013-m2x_C03_roi_0.png",20250619,"CbDRC4","p013","m2x","C03",0,831.718894631584,40.9660964213411,"","48h",10,"15hHB101","DMSO",1,"MOXIDECTIN",0.0019,NA,NA,"ECA2666",3,NA,NA,NA,777.090337770076,562.339028327436,706.766812899898,734.265803517952,784.128233172103,55.9043808544769,817.798882135828,840.791412355341,858.805463244475,0.0719406459420137,36.0889415930786,24.9419391673252,32.4994141957305,34.6277932215243,36.3390521697075,2.89508585996357,37.7213996141185,39.5478024511087,40.9660964213411,0.0802208580292311,59,"3_ECA2666_0.0019",NA,NA,NA,NA,NA,"3",777.986030494324,6.14220267777853
"20250619-CbDRC4-p013-m2x_C04_roi_0.png",20250619,"CbDRC4","p013","m2x","C04",0,741.822323365569,32.86578635729,"","48h",10,"15hHB101","DMSO",1,"MOXIDECTIN",0.0039,NA,NA,"ECA2666",3,NA,NA,NA,776.64359038801,135.652271166394,742.060922688495,757.014111946168,783.429159142521,98.005281306975,819.794693859849,844.383821709817,861.160619066747,0.126190806851328,35.7190637981089,10.0861511870412,32.6649148049298,34.5931524492955,36.3991834739988,4.45950054122976,38.2399824020535,39.0798454515082,42.5048174945411,0.124849312021046,55,"3_ECA2666_0.0039",NA,NA,NA,NA,NA,"3",777.986030494324,5.44312864819653
"20250619-CbDRC4-p013-m2x_C06_roi_0.png",20250619,"CbDRC4","p013","m2x","C06",0,777.535264067942,34.8424621657304,"","48h",10,"15hHB101","DMSO",1,"MOXIDECTIN",0.0156,NA,NA,"ECA2666",3,NA,NA,NA,569.069065357642,311.381546441515,390.985854049737,487.153703634625,580.403491659705,130.203561775366,673.124402326621,748.463344343206,777.706660952365,0.228800983398276,25.5202171750117,17.2411017499866,19.2474786721332,21.2999390526189,25.2903963359523,4.94967250280205,28.7564573044977,31.8951195153881,35.2671749576918,0.193951033757211,35,"3_ECA2666_0.0156",NA,NA,NA,NA,NA,"3",777.986030494324,-197.582538834619
"20250619-CbDRC4-p013-m2x_C07_roi_0.png",20250619,"CbDRC4","p013","m2x","C07",0,260.998476463718,15.2364554854897,"","48h",10,"15hHB101","DMSO",1,"MOXIDECTIN",0.03125,NA,NA,"ECA2666",3,NA,NA,NA,285.318524180654,230.447118478716,249.831754604262,264.279852147888,290.990606255391,26.6513449004288,302.291942818478,315.07005039278,344.338019965083,0.0934090941938071,15.9655928493657,13.7062647343278,15.0995791448446,15.3522296691762,15.7460320622704,0.964032085958776,16.4653754713655,17.2091897379074,18.4189364666651,0.0603818533426447,33,"3_ECA2666_0.03125",NA,NA,NA,NA,NA,"3",777.986030494324,-486.995424238933
"20250619-CbDRC4-p013-m2x_C08_roi_0.png",20250619,"CbDRC4","p013","m2x","C08",0,247.835718019021,14.9553850936491,"","48h",10,"15hHB101","DMSO",1,"MOXIDECTIN",0.0625,NA,NA,"ECA2666",3,NA,NA,NA,242.255054807708,141.07246284762,191.97708771929,235.644578847056,251.729742917967,38.0017430084794,267.368941369154,275.25023744885,278.369307782459,0.15686666698717,14.5625591685508,11.5709961629353,13.2846175104931,13.9970582693076,14.4957073781822,1.35771476269244,14.7325748034066,15.7446532643988,18.3801969419692,0.0932332529590372,27,"3_ECA2666_0.0625",NA,NA,NA,NA,NA,"3",777.986030494324,-526.256287576357
"20250619-CbDRC4-p013-m2x_C09_roi_0.png",20250619,"CbDRC4","p013","m2x","C09",0,232.609194627385,13.2641494143528,"","48h",10,"15hHB101","DMSO",1,"MOXIDECTIN",0.125,NA,NA,"ECA2666",3,NA,NA,NA,222.064909639289,166.754032645909,184.491034503164,216.183145230724,228.644870422746,23.362814029082,234.343046183906,241.63414153951,261.886106151814,0.105207139962056,14.1585010936017,13.2641494143528,13.5508352376341,13.6183217984145,14.2711410105671,0.584745201302199,14.5069829316806,14.9810428296126,15.1536830941981,0.0412999368673601,19,"3_ECA2666_0.125",NA,NA,NA,NA,NA,"3",777.986030494324,-549.341160071578
"20250619-CbDRC4-p013-m2x_C10_roi_0.png",20250619,"CbDRC4","p013","m2x","C10",0,221.394197007785,12.635085358365,"","48h",10,"15hHB101","DMSO",1,"MOXIDECTIN",0.25,NA,NA,"ECA2666",3,NA,NA,NA,188.065895873131,105.976395685475,129.143634300406,161.089452742929,187.475836432605,42.6143565233762,218.273150453944,236.702184860417,255.285822758218,0.226592686172743,13.8060990264242,11.8227267802992,12.4014027333889,12.6512997551105,13.2412691556093,1.71560339152932,14.3319230185546,15.2534219016445,19.2334777638301,0.124264166745852,18,"3_ECA2666_0.25",NA,NA,NA,NA,NA,"3",777.986030494324,-590.51019406172
"20250619-CbDRC4-p013-m2x_C11_roi_0.png",20250619,"CbDRC4","p013","m2x","C11",0,221.435853316284,10.6958640694957,"","48h",10,"15hHB101","DMSO",1,"MOXIDECTIN",0.5,NA,NA,"ECA2666",3,NA,NA,NA,201.009177356059,137.305404589327,151.173299066714,184.850759516836,209.490593997628,33.1797103220876,227.438357353822,230.372546624682,241.307285012302,0.165065649034096,13.9940712314712,10.6958640694957,12.3284643385022,13.2027746890443,14.2000516282346,1.46131212047749,14.8040726366746,15.4450055586692,16.6748141371488,0.10442365886999,16,"3_ECA2666_0.5",NA,NA,NA,NA,NA,"3",777.986030494324,-568.495436496696
"20250619-CbDRC4-p013-m2x_D01_roi_0.png",20250619,"CbDRC4","p013","m2x","D01",0,924.243791595165,42.4310193909808,"","48h",10,"15hHB101","DMSO",1,"MOXIDECTIN",0,NA,NA,"VX34",3,NA,NA,NA,864.910691477133,792.67446923389,819.059105740495,836.223230422334,853.504959774389,45.6900477816339,882.547493760043,925.720536889021,1011.84406477765,0.0528263186382891,38.6896320220496,30.7678125104419,37.1259179162444,37.9462517609757,38.7384486127314,2.03534539488949,39.3067056366396,40.7819982078124,43.4343619826959,0.0526069980125303,36,"3_VX34_0",NA,NA,NA,NA,NA,"3",841.848651392647,11.656308381742
"20250619-CbDRC4-p013-m2x_D02_roi_0.png",20250619,"CbDRC4","p013","m2x","D02",0,898.408458320749,39.3948745568407,"","48h",10,"15hHB101","DMSO",1,"MOXIDECTIN",0.00097,NA,NA,"VX34",3,NA,NA,NA,882.857176332814,166.558235932028,845.606840699799,854.969482744565,890.151194010446,152.730778639291,969.678459423315,992.02504197031,1027.56264174704,0.172996021025393,38.1517561139242,15.3241547446243,36.9868581562479,38.1568828618731,39.1657154867318,4.63320818977949,39.8817787774372,40.2730851855653,41.2226488483286,0.121441544550253,28,"3_VX34_0.00097",NA,NA,NA,NA,NA,"3",841.848651392647,48.3025426177994
"20250619-CbDRC4-p013-m2x_D03_roi_0.png",20250619,"CbDRC4","p013","m2x","D03",0,983.353154716601,45.9653372079286,"","48h",10,"15hHB101","DMSO",1,"MOXIDECTIN",0.0019,NA,NA,"VX34",3,NA,NA,NA,867.80311995869,776.389083065321,819.576318504935,828.763090195909,859.14819819374,46.3962950085158,903.054398898024,920.631052527159,998.636680359906,0.0534640795146305,39.7199144932426,29.3921187959987,37.5595535173621,38.6328629899066,39.6661146027711,2.47757551912374,41.1987399973727,42.3371991085802,45.9653372079286,0.0623761543984502,51,"3_VX34_0.0019",NA,NA,NA,"outlier","outlier","3",841.848651392647,17.2995468010928
"20250619-CbDRC4-p013-m2x_D04_roi_0.png",20250619,"CbDRC4","p013","m2x","D04",0,832.892886306115,39.4091578181357,"","48h",10,"15hHB101","DMSO",1,"MOXIDECTIN",0.0039,NA,NA,"VX34",3,NA,NA,NA,859.296332886478,695.579903964765,770.419861754301,827.849776615337,851.333357025936,93.3927647419429,868.619063159615,932.119280138697,1279.75578556873,0.108685166185017,38.0535716795608,29.4729550907324,36.2827280832433,36.9645402538254,38.4481108177575,3.1233158907938,39.5543251306376,40.7321133343182,44.8992629750505,0.0820768131069121,35,"3_VX34_0.0039",NA,NA,NA,NA,NA,"3",841.848651392647,9.48470563328897
"20250619-CbDRC4-p013-m2x_D05_roi_0.png",20250619,"CbDRC4","p013","m2x","D05",0,871.129514620103,37.9693879511426,"","48h",10,"15hHB101","DMSO",1,"MOXIDECTIN",0.0078,NA,NA,"VX34",3,NA,NA,NA,862.661191159945,779.849839738496,801.22866112459,831.387513617638,859.504272921136,47.4927664524419,886.409269210524,933.566999334083,955.896198935976,0.0550537881373596,38.7729369074768,35.510929795884,36.5365132473963,37.4391388647264,38.8661248985426,1.92522804361351,39.6016217373787,41.1217210963661,45.8174222027792,0.0496539131974358,41,"3_VX34_0.0078",NA,NA,NA,NA,NA,"3",841.848651392647,17.655621528489
"20250619-CbDRC4-p013-m2x_D06_roi_0.png",20250619,"CbDRC4","p013","m2x","D06",0,698.2291913987,32.0007268750743,"","48h",10,"15hHB101","DMSO",1,"MOXIDECTIN",0.0156,NA,NA,"VX34",3,NA,NA,NA,622.751550151522,412.859203657645,475.747966208241,514.496928940569,606.665578106331,120.422796153226,731.016501386755,752.926643741267,844.080509812795,0.193372133917492,27.4932399187579,19.6491302723688,21.9276966145903,24.3421635373493,26.2187920180673,4.67736628460449,31.6833401654489,34.057207890188,35.2827225566413,0.170127867738616,31,"3_VX34_0.0156",NA,NA,NA,NA,NA,"3",841.848651392647,-235.183073286316
"20250619-CbDRC4-p013-m2x_D07_roi_0.png",20250619,"CbDRC4","p013","m2x","D07",0,260.067807385446,16.1080869197415,"","48h",10,"15hHB101","DMSO",1,"MOXIDECTIN",0.03125,NA,NA,"VX34",3,NA,NA,NA,264.695553748117,175.614815649022,248.352904781592,256.952267878655,268.484414701856,23.7260951531566,275.379917556406,287.09966209947,313.008090572454,0.0896354125227741,15.783459479752,11.257023085687,14.5023789628273,15.0727515531727,15.9181371437593,1.25563933224181,16.7388960562445,17.317486899063,17.6478856761811,0.079554126511531,36,"3_VX34_0.03125",NA,NA,NA,NA,NA,"3",841.848651392647,-573.364236690791
"20250619-CbDRC4-p013-m2x_D08_roi_0.png",20250619,"CbDRC4","p013","m2x","D08",0,270.224222906801,15.3587562432103,"","48h",10,"15hHB101","DMSO",1,"MOXIDECTIN",0.0625,NA,NA,"VX34",3,NA,NA,NA,249.553650877157,140.367772962192,210.769056084966,230.295304224793,259.599098362306,35.6644154354449,270.445319595627,284.966832760763,304.0092650765,0.142912817785226,14.7202978952553,12.0166766840396,13.2729490037218,13.8498808194671,14.8638666795227,1.18818976789268,15.3546694706114,16.343408382352,16.699427454147,0.0807177800576754,43,"3_VX34_0.0625",NA,NA,NA,NA,NA,"3",841.848651392647,-582.249553030341
"20250619-CbDRC4-p013-m2x_D09_roi_0.png",20250619,"CbDRC4","p013","m2x","D09",0,203.427994077757,12.7601655114448,"","48h",10,"15hHB101","DMSO",1,"MOXIDECTIN",0.125,NA,NA,"VX34",3,NA,NA,NA,225.832001608831,135.920724715706,189.38366279122,216.614618610932,233.929727527382,27.613263547977,242.21224855105,251.94497995146,255.932075497373,0.12227347475672,14.2005223858265,11.6191350354468,12.6785771863975,13.5030709211482,14.3969491366283,1.18036491484335,15.3044608095125,15.5053642862627,15.9291948721663,0.0831212319359085,28,"3_VX34_0.125",NA,NA,NA,NA,NA,"3",841.848651392647,-607.918923865265
"20250619-CbDRC4-p013-m2x_D10_roi_0.png",20250619,"CbDRC4","p013","m2x","D10",0,232.208023929276,12.6365286423589,"","48h",10,"15hHB101","DMSO",1,"MOXIDECTIN",0.25,NA,NA,"VX34",3,NA,NA,NA,222.947767599955,126.978071655818,188.409572778675,207.754697531923,230.069614803445,37.2953929333599,238.727876763904,262.563577364352,296.540119034788,0.167283096551479,14.470873369226,8.68061173230475,12.258082226183,12.8759755635815,14.7237343736414,2.86328806151374,15.5750019686647,15.8479829865353,22.7100017324076,0.197865601367424,21,"3_VX34_0.25",NA,NA,NA,NA,NA,"3",841.848651392647,-611.779036589202
"20250619-CbDRC4-p013-m2x_D11_roi_0.png",20250619,"CbDRC4","p013","m2x","D11",0,235.970218505451,14.1334344941744,"","48h",10,"15hHB101","DMSO",1,"MOXIDECTIN",0.5,NA,NA,"VX34",3,NA,NA,NA,207.769114018833,104.399853159609,170.605684528128,198.075661757381,208.457146869599,32.2183421777088,228.420689249319,236.433277072258,250.168621375308,0.155068005799882,14.2501474652378,11.0299064092541,11.8041668009081,13.3065652795548,14.1697560569786,1.84971506396698,14.8966974978895,15.8255319745451,19.9307345756642,0.129803222631852,23,"3_VX34_0.5",NA,NA,NA,NA,NA,"3",841.848651392647,-633.391504523048
"20250619-CbDRC4-p013-m2x_D12_roi_0.png",20250619,"CbDRC4","p013","m2x","D12",0,204.598461417613,15.3631011004834,"","48h",10,"15hHB101","DMSO",1,"MOXIDECTIN",1,NA,NA,"VX34",3,NA,NA,NA,223.169447148282,177.418913090995,189.072360807617,208.854624037428,216.923221718897,34.1264471513633,232.946953958658,242.187209763596,361.364514053922,0.152917200752343,14.0978385596814,8.21274393676481,13.2534218924849,13.4059252875324,14.2188942672282,1.50722339384946,14.8631297915717,15.3053843024461,16.7150088029278,0.106911665037787,26,"3_VX34_1",NA,NA,NA,NA,NA,"3",841.848651392647,-624.92542967375
"20250619-CbDRC4-p013-m2x_E01_roi_0.png",20250619,"CbDRC4","p013","m2x","E01",0,778.616038721323,37.2724436801008,"","48h",10,"15hHB101","DMSO",1,"MOXIDECTIN",0,NA,NA,"JU3237",3,NA,NA,NA,762.730656215098,532.483188399422,722.702639636963,739.838030857396,771.660547799638,48.2571766095854,793.726307323865,808.787253102495,825.684655197972,0.0632689616135953,38.9103786660163,26.3649723099174,35.8016838664303,37.2874437446706,39.0631104349057,3.09392926016864,41.0754401303358,42.3169089319698,43.9449211037385,0.0795142418614093,57,"3_JU3237_0",NA,NA,NA,NA,NA,"3",756.836909183482,14.8236386161567
"20250619-CbDRC4-p013-m2x_E02_roi_0.png",20250619,"CbDRC4","p013","m2x","E02",0,791.162093472384,35.6096459656151,"","48h",10,"15hHB101","DMSO",1,"MOXIDECTIN",0.00097,NA,NA,"JU3237",3,NA,NA,NA,764.743500197948,573.123967413125,718.135225810042,745.594846691087,766.112696705859,39.5023760338775,791.860088210486,807.562873243946,831.405667102497,0.051654412261958,38.5036609538442,28.2423669148743,34.5659369650785,37.6229542062843,38.8944731719066,2.67736629526241,40.1052766615581,41.2600662581173,44.3065721763922,0.0695353695969813,76,"3_JU3237_0.00097",NA,"n>75",NA,NA,NA,"3",756.836909183482,9.27578752237696
"20250619-CbDRC4-p013-m2x_E03_roi_0.png",20250619,"CbDRC4","p013","m2x","E03",0,791.597271222944,39.8440128786388,"","48h",10,"15hHB101","DMSO",1,"MOXIDECTIN",0.0019,NA,NA,"JU3237",3,NA,NA,NA,769.396228721149,613.448551913166,739.301998555161,754.826910740366,772.818749618199,31.9332763702364,789.465884226163,802.822330096826,836.246604342292,0.0415043318100406,39.2498707177932,31.5568374310613,36.5708519734231,38.0578023264317,39.2151706042649,2.31429302554154,40.9916156363432,42.0063379742564,43.8570632784748,0.0589630738450407,63,"3_JU3237_0.0019",NA,NA,NA,NA,NA,"3",756.836909183482,15.981840434717
"20250619-CbDRC4-p013-m2x_E04_roi_0.png",20250619,"CbDRC4","p013","m2x","E04",0,746.486348458015,38.4976278956848,"","48h",10,"15hHB101","DMSO",1,"MOXIDECTIN",0.0039,NA,NA,"JU3237",3,NA,NA,NA,768.935304479999,667.215099574249,733.631037672249,749.82727800588,770.385247693782,33.2635717244036,794.86543056729,806.334027184491,832.478772890144,0.043259259303874,38.9928469335942,30.0102246762604,35.4131841097211,37.3711111644387,39.5274743113861,2.66622852821602,40.6189096379687,42.1774210743215,43.4027905725992,0.0683773752851818,73,"3_JU3237_0.0039",NA,NA,NA,NA,NA,"3",756.836909183482,13.5483385103006
"20250619-CbDRC4-p013-m2x_E05_roi_0.png",20250619,"CbDRC4","p013","m2x","E05",0,802.279063491283,37.9063680842835,"","48h",10,"15hHB101","DMSO",1,"MOXIDECTIN",0.0078,NA,NA,"JU3237",3,NA,NA,NA,764.932902917147,544.153213069337,725.526085619333,743.212810563233,765.527317881001,43.731395468023,793.817282514629,812.92435203671,830.055020606281,0.0571702371557676,37.5712288833743,27.3916344032596,33.3993181920027,36.2237823645679,38.1091295075403,3.18532756596069,39.9369119536626,41.0698282454207,42.820332856989,0.0847810322054768,59,"3_JU3237_0.0078",NA,NA,NA,NA,NA,"3",756.836909183482,8.6904086975195
"20250619-CbDRC4-p013-m2x_E06_roi_0.png",20250619,"CbDRC4","p013","m2x","E06",0,590.112957423729,23.7816032937356,"","48h",10,"15hHB101","DMSO",1,"MOXIDECTIN",0.0156,NA,NA,"JU3237",3,NA,NA,NA,448.826761263751,279.969386063748,342.649290431251,375.041498549976,407.192977906009,105.659219630302,539.977679018221,587.799640217651,714.055609402848,0.235412031432351,21.1044387114122,13.0278003106716,18.015330484921,18.7279390343604,20.0419258244817,3.80760246343627,23.0674006372386,26.2600089904851,31.0822462289718,0.180417139517542,55,"3_JU3237_0.0156",NA,NA,NA,NA,NA,"3",756.836909183482,-349.643931277473
"20250619-CbDRC4-p013-m2x_E08_roi_0.png",20250619,"CbDRC4","p013","m2x","E08",0,267.290984258031,15.9172369485394,"","48h",10,"15hHB101","DMSO",1,"MOXIDECTIN",0.0625,NA,NA,"JU3237",3,NA,NA,NA,252.258486860185,111.061433705321,225.065840575397,237.90985192878,257.249887255337,32.1842480868838,271.702144776196,281.626022002428,288.256798781658,0.127584401569498,15.5052312763025,12.5826395726034,14.1144585985933,14.9539312605424,15.6764304162474,1.03730236373093,16.1799052099358,16.6120064196885,17.3794249236397,0.066900154228354,45,"3_JU3237_0.0625",NA,NA,NA,"outlier","outlier","3",756.836909183482,-499.587021928144
"20250619-CbDRC4-p013-m2x_E09_roi_0.png",20250619,"CbDRC4","p013","m2x","E09",0,247.433244186162,13.7408758716991,"","48h",10,"15hHB101","DMSO",1,"MOXIDECTIN",0.125,NA,NA,"JU3237",3,NA,NA,NA,235.874362595215,142.826621603238,209.354054694906,224.220459717431,237.412027510595,27.4710734485678,253.709766104334,262.358242664461,289.331735453608,0.116464855045357,14.7410299003929,11.1731820531726,12.9407450522527,13.8133579544778,14.7641853094175,1.51701622702193,15.4880693341963,16.2863344039245,19.8579236012526,0.102911142387785,62,"3_JU3237_0.125",NA,NA,NA,NA,NA,"3",756.836909183482,-519.424881672887
"20250619-CbDRC4-p013-m2x_E10_roi_0.png",20250619,"CbDRC4","p013","m2x","E10",0,233.641541628382,12.0663520086987,"","48h",10,"15hHB101","DMSO",1,"MOXIDECTIN",0.25,NA,NA,"JU3237",3,NA,NA,NA,222.446128426172,111.88524097567,168.950355742237,209.952672796162,228.713250515367,41.2638619065026,247.246496506205,259.295807367635,325.693448401941,0.185500472399535,14.7386976991202,11.1344976782342,13.2896146095322,13.999683997929,14.6450027711927,1.50186287735788,15.5590426266009,15.838791852319,21.744957686413,0.101899293140908,58,"3_JU3237_0.25",NA,NA,NA,NA,NA,"3",756.836909183482,-528.123658668115
"20250619-CbDRC4-p013-m2x_E11_roi_0.png",20250619,"CbDRC4","p013","m2x","E11",0,216.224832899348,14.2062724230314,"","48h",10,"15hHB101","DMSO",1,"MOXIDECTIN",0.5,NA,NA,"JU3237",3,NA,NA,NA,219.187394014518,84.6402132524821,188.422500902388,213.962483196557,226.567090352267,33.8048859794729,239.372038159239,248.918951597412,273.130948246278,0.15422823986508,14.8292010204163,11.5331470808382,12.3179395359252,13.6588373073873,14.2631747428191,4.73141798086317,15.0291807692568,15.5450329130226,44.7363204151287,0.319060883613968,45,"3_JU3237_0.5",NA,NA,NA,NA,NA,"3",756.836909183482,-530.269818831214
"20250619-CbDRC4-p013-m2x_E12_roi_0.png",20250619,"CbDRC4","p013","m2x","E12",0,237.930644239179,14.2093164961498,"","48h",10,"15hHB101","DMSO",1,"MOXIDECTIN",1,NA,NA,"JU3237",3,NA,NA,NA,217.70278872482,176.829887513102,206.306511192491,210.171508369762,215.824049830425,15.1337620033027,227.166213801988,231.825788221973,242.258783369573,0.0695157011627994,13.8132538422491,11.264079775713,12.9993678854126,13.302962040128,13.8943846006315,0.959413719978009,14.5234212933618,14.7827975984391,15.4766096350811,0.0694560261423385,17,"3_JU3237_1",NA,NA,NA,NA,NA,"3",756.836909183482,-541.012859353056
"20250619-CbDRC4-p013-m2x_F01_roi_0.png",20250619,"CbDRC4","p013","m2x","F01",0,798.914226274781,39.2243811099847,"","48h",10,"15hHB101","DMSO",1,"MOXIDECTIN",0,NA,NA,"PB420",3,NA,NA,NA,765.372923959493,648.649879300328,724.788614134578,747.971734332601,771.488634137675,32.5191245233895,787.574860127355,798.890371872837,832.237786144233,0.0424879473853854,36.8824468562715,29.9311348622486,33.8917672818618,35.6645915739171,36.9437586066241,2.31040469399045,38.4373775232517,39.2300250494599,42.6958669764253,0.062642392002731,94,"3_PB420_0",NA,"n>75",NA,NA,NA,"3",758.846883086449,12.6417510512259
"20250619-CbDRC4-p013-m2x_F02_roi_0.png",20250619,"CbDRC4","p013","m2x","F02",0,761.57239177849,36.5174049386645,"","48h",10,"15hHB101","DMSO",1,"MOXIDECTIN",0.00097,NA,NA,"PB420",3,NA,NA,NA,762.609462972727,399.062549623326,737.762588564147,752.507717404454,766.912109526809,46.4427930392906,782.235091445696,796.701046142659,818.699429041955,0.0608998383763192,38.0487720439801,20.2003543242063,36.0651470340216,37.0567811993062,38.400623628757,2.59555689249048,39.3932161227879,40.0978758771781,43.2878780015847,0.0682165744926093,88,"3_PB420_0.00097",NA,"n>75",NA,NA,NA,"3",758.846883086449,8.06522644036045
"20250619-CbDRC4-p013-m2x_F03_roi_0.png",20250619,"CbDRC4","p013","m2x","F03",0,791.352579747958,38.6473861087136,"","48h",10,"15hHB101","DMSO",1,"MOXIDECTIN",0.0019,NA,NA,"PB420",3,NA,NA,NA,760.0142848619,239.701364659059,735.934521412322,751.927463295658,767.246507140277,73.7651635639471,786.333872962276,803.793522835262,860.469961631146,0.0970576014598867,37.7457292289637,18.3294124259075,35.5995918194266,36.8581269136249,38.2933625867291,2.93963075359789,39.1467993825401,39.8626704711223,41.9727100196595,0.0778798241190741,92,"3_PB420_0.0019",NA,"n>75",NA,NA,NA,"3",758.846883086449,8.39962405382812
"20250619-CbDRC4-p013-m2x_F04_roi_0.png",20250619,"CbDRC4","p013","m2x","F04",0,812.948350440041,36.6523316268685,"","48h",10,"15hHB101","DMSO",1,"MOXIDECTIN",0.0039,NA,NA,"PB420",3,NA,NA,NA,763.190636721126,237.609186771398,737.265085700191,757.340713424376,768.968354177467,59.1372610048404,785.47314244216,798.577017497984,812.948350440041,0.0774868796332592,37.7085955792799,14.667221119229,36.0009732645434,36.5578150100387,37.658022711877,2.91205483810235,39.1410031188024,40.5771125823229,41.4536428150321,0.0772252265926994,97,"3_PB420_0.0039",NA,"n>75",NA,NA,NA,"3",758.846883086449,10.1214710910176
"20250619-CbDRC4-p013-m2x_F05_roi_0.png",20250619,"CbDRC4","p013","m2x","F05",0,820.435981243747,35.4071957021023,"","48h",10,"15hHB101","DMSO",1,"MOXIDECTIN",0.0078,NA,NA,"PB420",3,NA,NA,NA,766.472031666313,142.52675283553,740.004866167285,753.649762543046,776.473810413936,78.5864590956563,787.683979440836,806.457484227196,934.337006522776,0.102530106577808,36.5797594840617,15.9644107854548,34.1780930699851,35.3381296545903,36.6942200536725,3.15660219719677,38.3268866292958,39.590899198999,42.9814755505865,0.0862936837671704,80,"3_PB420_0.0078",NA,"n>75",NA,NA,NA,"3",758.846883086449,17.6269273274868
"20250619-CbDRC4-p013-m2x_F06_roi_0.png",20250619,"CbDRC4","p013","m2x","F06",0,499.406338684227,26.4678417294125,"","48h",10,"15hHB101","DMSO",1,"MOXIDECTIN",0.0156,NA,NA,"PB420",3,NA,NA,NA,351.715932387223,190.643868926305,302.618154259491,334.067003598666,348.768231297742,46.2567394582764,372.343936807937,397.246550657326,499.406338684227,0.131517327475941,18.5185788379803,15.2480025129897,16.4819748033723,17.4755347585662,18.4537061436856,1.67449051852319,19.4517885219307,20.304599005429,26.4678417294125,0.0904221934724778,79,"3_PB420_0.0156",NA,"n>75",NA,NA,NA,"3",758.846883086449,-410.078651788707
"20250619-CbDRC4-p013-m2x_F08_roi_0.png",20250619,"CbDRC4","p013","m2x","F08",0,268.633423714835,13.5773421088301,"","48h",10,"15hHB101","DMSO",1,"MOXIDECTIN",0.0625,NA,NA,"PB420",3,NA,NA,NA,230.977606989728,103.947313375336,206.431441769901,215.595838059327,235.63700521685,34.9935525706557,252.535463806353,266.340998807959,278.437799515479,0.151501927077337,14.5293647834333,11.0268905597446,13.1949470734176,13.7212247134968,14.7667733926927,1.23284092192903,15.33951514213,15.9442658693883,16.4710687989216,0.0848516738553319,36,"3_PB420_0.0625",NA,NA,NA,NA,NA,"3",758.846883086449,-523.209877869599
"20250619-CbDRC4-p013-m2x_F09_roi_0.png",20250619,"CbDRC4","p013","m2x","F09",0,217.301599265331,14.7399497966859,"","48h",10,"15hHB101","DMSO",1,"MOXIDECTIN",0.125,NA,NA,"PB420",3,NA,NA,NA,224.012518025276,125.548358895723,197.147141257424,211.889930890027,229.279502577525,27.393559195292,241.627003323679,247.861861282282,279.452097693915,0.122285841151971,14.4792985020796,11.3702710460468,13.5912126104831,14.1120344563236,14.7011500196403,1.07057831924619,15.095547164358,15.5716708291454,16.1095449959086,0.0739385488248917,58,"3_PB420_0.125",NA,NA,NA,NA,NA,"3",758.846883086449,-529.567380508924
"20250619-CbDRC4-p013-m2x_F10_roi_0.png",20250619,"CbDRC4","p013","m2x","F10",0,239.344894007529,12.1440578909892,"","48h",10,"15hHB101","DMSO",1,"MOXIDECTIN",0.25,NA,NA,"PB420",3,NA,NA,NA,224.569694258601,111.632625690657,202.899959073341,217.225800123681,230.824584222712,30.2979778376093,240.257661857838,249.683339159163,263.561490641111,0.134915701504763,13.9568997264714,10.1031255737085,12.4920873447615,13.480801742954,14.3467851497289,1.27744168443367,14.7045984326268,14.9878994527562,16.5519871478503,0.0915276106778073,37,"3_PB420_0.25",NA,NA,NA,NA,NA,"3",758.846883086449,-528.022298863737
"20250619-CbDRC4-p013-m2x_F11_roi_0.png",20250619,"CbDRC4","p013","m2x","F11",0,211.307134098876,12.2679430334823,"","48h",10,"15hHB101","DMSO",1,"MOXIDECTIN",0.5,NA,NA,"PB420",3,NA,NA,NA,220.875284700977,153.362793199323,198.953142040658,210.418176670279,221.369706987546,22.344846522253,233.969156804906,241.288262660532,293.735071439207,0.101164992509251,14.5679723523873,12.1617231207228,13.6393751488807,14.0773499131127,14.3752420561316,1.20506336069881,14.9329694362073,15.5225902525423,20.4337658464685,0.0827200472069356,46,"3_PB420_0.5",NA,NA,NA,NA,NA,"3",758.846883086449,-537.477176098903
"20250619-CbDRC4-p013-m2x_F12_roi_0.png",20250619,"CbDRC4","p013","m2x","F12",0,229.062801720825,13.410835126655,"","48h",10,"15hHB101","DMSO",1,"MOXIDECTIN",1,NA,NA,"PB420",3,NA,NA,NA,207.489741023362,131.412992803499,172.069332729462,200.970652458695,211.701908291427,26.5206241829556,223.093529222959,229.475352499461,255.768592497841,0.127816556385646,14.790286309012,11.3101497671312,13.1321880438818,14.0466896054295,14.5402283852865,2.35568503765989,15.0648368633001,16.1748197881817,27.8101040234624,0.159272443307912,45,"3_PB420_1",NA,NA,NA,"outlier","outlier","3",758.846883086449,-547.144974795022
"20250619-CbDRC4-p014-m2x_A01_roi_0.png",20250619,"CbDRC4","p014","m2x","A01",0,799.084944740466,39.5755735991649,"","48h",10,"15hHB101","DMSO",1,"MOXIDECTIN",0,NA,NA,"ED3102",3,NA,NA,NA,834.726540322831,636.908761767776,799.964971618371,818.77844839336,835.188200178048,41.4260080743954,851.309449230653,882.918336637965,932.367817729173,0.0496282387982703,40.0217705146504,33.7138425672423,38.3140209695252,38.8117745927517,39.9686703314773,2.01420544393987,41.1816064736778,42.3806726182944,45.2412299656096,0.0503277445759813,64,"3_ED3102_0",NA,NA,NA,NA,NA,"3",850.390521362296,-15.202321184248
"20250619-CbDRC4-p014-m2x_A02_roi_0.png",20250619,"CbDRC4","p014","m2x","A02",0,920.014397983956,40.3396415218186,"","48h",10,"15hHB101","DMSO",1,"MOXIDECTIN",0.00097,NA,NA,"ED3102",3,NA,NA,NA,845.339553073968,767.041348531876,809.593476834813,825.239655225554,838.29739509563,39.3025844080935,853.477909487431,904.449753341617,959.372218888873,0.0464932514575648,40.4229877843086,35.1988245579528,38.2454171666158,39.3100496702017,40.4081700338091,1.87339083617836,41.6711422641377,42.5346867364191,46.9035763180044,0.0463446899614276,64,"3_ED3102_0.00097",NA,NA,NA,NA,NA,"3",850.390521362296,-12.0931262666667
"20250619-CbDRC4-p014-m2x_A03_roi_0.png",20250619,"CbDRC4","p014","m2x","A03",0,834.431561324315,39.5970659909197,"","48h",10,"15hHB101","DMSO",1,"MOXIDECTIN",0.0019,NA,NA,"ED3102",3,NA,NA,NA,843.695582354493,786.403926966587,807.375025673359,830.465692618517,842.154778446702,28.1465246587697,859.223156097632,870.976833422835,927.280527813064,0.0333609956570134,40.3977901921862,35.7637114939239,38.0127898795206,39.2909576139293,40.7346651609408,1.89722279975771,41.7959031067824,42.652526310956,43.9193018375549,0.0469635292111763,56,"3_ED3102_0.0019",NA,NA,NA,NA,NA,"3",850.390521362296,-8.23574291559407
"20250619-CbDRC4-p014-m2x_A04_roi_0.png",20250619,"CbDRC4","p014","m2x","A04",0,849.01759141556,38.7721530156371,"","48h",10,"15hHB101","DMSO",1,"MOXIDECTIN",0.0039,NA,NA,"ED3102",3,NA,NA,NA,862.133627871774,762.326670152195,811.920914788336,837.140851410858,853.745021524612,42.979450715309,892.954575332986,917.782108483406,951.39279967769,0.0498524234826639,40.4463844385405,35.1993009695484,38.3869014648622,38.8744281725674,40.1764699722284,2.28705050226198,41.7097054167844,43.1393941381246,49.5324147081316,0.0565452396798836,52,"3_ED3102_0.0039",NA,NA,NA,NA,NA,"3",850.390521362296,3.35450016231619
"20250619-CbDRC4-p014-m2x_A05_roi_0.png",20250619,"CbDRC4","p014","m2x","A05",0,931.471146317074,39.8756726362702,"","48h",10,"15hHB101","DMSO",1,"MOXIDECTIN",0.0078,NA,NA,"ED3102",3,NA,NA,NA,839.278123209648,534.164585093824,760.374394281251,805.297499108162,836.12425924358,92.4590634568149,880.059194304035,919.377624772316,1111.92924727168,0.110164986909493,38.7877073903864,21.8963171575916,35.4933975018249,38.4522946830069,39.7137368700672,3.9967194993352,40.7973129270786,41.4243158604471,44.3820484778069,0.103040879913562,41,"3_ED3102_0.0078",NA,NA,NA,NA,NA,"3",850.390521362296,-14.2662621187162
"20250619-CbDRC4-p014-m2x_A06_roi_0.png",20250619,"CbDRC4","p014","m2x","A06",0,612.513638616738,29.207464402789,"","48h",10,"15hHB101","DMSO",1,"MOXIDECTIN",0.0156,NA,NA,"ED3102",3,NA,NA,NA,450.659939804212,178.853095163116,321.442660917214,333.974551964037,375.774380318468,152.714043164025,591.000917989128,683.143328109646,712.226065120016,0.338867579910411,22.1353478666141,14.3277824844049,17.0150194854599,18.8670545119237,19.9974151620206,5.24958919227896,27.7452851434441,29.2498328766774,33.3193660213057,0.237158648868434,26,"3_ED3102_0.0156",NA,NA,NA,NA,NA,"3",850.390521362296,-474.616141043829
"20250619-CbDRC4-p014-m2x_A07_roi_0.png",20250619,"CbDRC4","p014","m2x","A07",0,210.377297259647,14.8760504061381,"","48h",10,"15hHB101","DMSO",1,"MOXIDECTIN",0.03125,NA,NA,"ED3102",3,NA,NA,NA,239.169352079443,142.235922209867,207.983991143202,224.727801447133,244.457124538625,26.1568827287142,256.51627932142,268.587992326109,276.153641785806,0.109365529075088,15.4717371265203,11.5430976543056,13.802206591968,14.8760504061381,15.4512165467823,1.44562693156319,16.0757484544199,16.6360733940955,20.4623314272139,0.0934366270407487,45,"3_ED3102_0.03125",NA,NA,NA,NA,NA,"3",850.390521362296,-605.933396823672
"20250619-CbDRC4-p014-m2x_A08_roi_0.png",20250619,"CbDRC4","p014","m2x","A08",0,252.714532134113,13.9405773450751,"","48h",10,"15hHB101","DMSO",1,"MOXIDECTIN",0.0625,NA,NA,"ED3102",3,NA,NA,NA,228.573349314268,75.8202283780456,199.428965545225,223.08678586179,229.974186296325,30.8286462013502,247.72524276759,252.714532134113,277.372567673393,0.134874193749349,14.9945625204287,10.0142401800703,13.221211139552,14.0674149828989,14.8401790285787,1.68803638434681,15.8420315381017,16.6524934170449,19.8351461005101,0.112576567808966,51,"3_ED3102_0.0625",NA,NA,NA,NA,NA,"3",850.390521362296,-620.416335065971
"20250619-CbDRC4-p014-m2x_A09_roi_0.png",20250619,"CbDRC4","p014","m2x","A09",0,231.452530076125,14.9487930499929,"","48h",10,"15hHB101","DMSO",1,"MOXIDECTIN",0.125,NA,NA,"ED3102",3,NA,NA,NA,209.12253612756,129.799495935436,179.674587267456,191.125345628531,213.940703188299,24.9196671146551,230.858016142427,236.069833655923,244.363140170957,0.119162992072049,14.6542271403824,10.429560578783,13.536288208532,14.3201600978476,14.6390753342424,1.27524604157076,15.2439696501925,16.2008497687191,17.5743308847365,0.0870224017516826,48,"3_ED3102_0.125",NA,NA,NA,NA,NA,"3",850.390521362296,-636.449818173997
"20250619-CbDRC4-p014-m2x_A10_roi_0.png",20250619,"CbDRC4","p014","m2x","A10",0,217.574900031122,15.7133300943953,"","48h",10,"15hHB101","DMSO",1,"MOXIDECTIN",0.25,NA,NA,"ED3102",3,NA,NA,NA,218.478766150876,162.118554698167,186.73825319412,200.977066335164,209.95492754316,34.6218008414283,231.260332967658,254.701799204329,354.719692976972,0.158467577657041,14.7265259834015,12.9866085758949,13.3839538421417,14.214621404379,14.7247431242643,0.846584048947731,15.293521179195,15.6457108660746,16.3777836791291,0.0574870169585093,33,"3_ED3102_0.25",NA,NA,NA,NA,NA,"3",850.390521362296,-640.435593819136
"20250619-CbDRC4-p014-m2x_A11_roi_0.png",20250619,"CbDRC4","p014","m2x","A11",0,200.173881145545,15.6409350569796,"","48h",10,"15hHB101","DMSO",1,"MOXIDECTIN",0.5,NA,NA,"ED3102",3,NA,NA,NA,202.470486574664,77.871420473661,129.953465453776,191.682159110136,218.0601100338,43.6716633944007,228.021253044181,234.775556120137,274.766375281506,0.215693971665822,14.9808395247463,9.7856109605041,13.2958152824524,13.6491559059587,14.4835654925771,2.55731658282358,15.5966879131903,17.168660218242,25.9140297644455,0.170705825838348,35,"3_ED3102_0.5",NA,NA,NA,NA,NA,"3",850.390521362296,-632.330411328496
"20250619-CbDRC4-p014-m2x_B01_roi_0.png",20250619,"CbDRC4","p014","m2x","B01",0,780.326609376933,38.3332531623956,"","48h",10,"15hHB101","DMSO",1,"MOXIDECTIN",0,NA,NA,"NIC1667",3,NA,NA,NA,770.764831695396,249.417674602561,743.72076444191,752.474830265927,780.326609376933,82.9357499475435,799.988412649659,816.609074893644,939.746247465958,0.107601886512019,37.3606147232329,14.9438019167355,34.2305783389831,36.4768071647455,38.2049583848174,3.93057920032871,39.3574368206465,40.2469155510206,41.613423614267,0.105206491634209,55,"3_NIC1667_0",NA,NA,NA,NA,NA,"3",774.728395535816,5.59821384111729
"20250619-CbDRC4-p014-m2x_B02_roi_0.png",20250619,"CbDRC4","p014","m2x","B02",0,779.947444709942,39.5056253296151,"","48h",10,"15hHB101","DMSO",1,"MOXIDECTIN",0.00097,NA,NA,"NIC1667",3,NA,NA,NA,776.56200998185,618.891762486393,743.071274146624,758.586561459567,779.947444709942,38.3721754020977,798.400121989453,816.891136930437,837.031157963289,0.0494128928647881,37.5276241187433,27.4950844108339,34.6521035872426,36.5786347493215,38.1074530929554,2.807744161486,38.8491555861456,40.3593558571732,42.5071880864868,0.0748180634244753,41,"3_NIC1667_0.00097",NA,NA,NA,NA,NA,"3",774.728395535816,5.21904917412644
"20250619-CbDRC4-p014-m2x_B03_roi_0.png",20250619,"CbDRC4","p014","m2x","B03",0,812.647704903549,38.4347151923282,"","48h",10,"15hHB101","DMSO",1,"MOXIDECTIN",0.0019,NA,NA,"NIC1667",3,NA,NA,NA,785.302088675173,602.49362584344,727.475737619634,776.216871330619,794.733986494665,46.5285357463046,816.167447161772,824.47971288977,845.122051826513,0.059249219398868,38.2549992074225,28.6778928024765,35.1683395289847,36.9577773704404,38.8024831576522,2.92050731657568,40.1018795703768,41.3053257632658,42.3264568418502,0.0763431545440738,46,"3_NIC1667_0.0019",NA,NA,NA,NA,NA,"3",774.728395535816,20.005590958849
"20250619-CbDRC4-p014-m2x_B04_roi_0.png",20250619,"CbDRC4","p014","m2x","B04",0,786.288916946739,36.9680317548749,"","48h",10,"15hHB101","DMSO",1,"MOXIDECTIN",0.0039,NA,NA,"NIC1667",3,NA,NA,NA,778.783512786427,215.84255175046,735.311411118346,759.432628287481,786.227100504217,88.1929209184947,807.61635603161,836.327285120685,921.790430230419,0.113244463282161,37.9474346939998,13.6368768964547,35.6903025278661,36.9032908692702,38.130167737448,3.97448903755932,39.9920833364406,40.8599641235586,44.1988798918952,0.104736698794234,54,"3_NIC1667_0.0039",NA,NA,NA,NA,NA,"3",774.728395535816,11.4987049684013
"20250619-CbDRC4-p014-m2x_B05_roi_0.png",20250619,"CbDRC4","p014","m2x","B05",0,780.097727064441,37.399091133,"","48h",10,"15hHB101","DMSO",1,"MOXIDECTIN",0.0078,NA,NA,"NIC1667",3,NA,NA,NA,787.304050578687,657.424927589924,734.445344070237,767.298914142228,792.720634864142,41.3020908523495,819.278818005805,832.970871581114,856.066942481099,0.0524601528748538,37.6728235032844,27.5844680035215,34.6630802290209,36.0721192998831,37.9611021358234,3.14823491602682,39.9366549556578,41.0840693599457,42.8096343246027,0.0835677983029954,51,"3_NIC1667_0.0078",NA,NA,NA,NA,NA,"3",774.728395535816,17.9922393283266
"20250619-CbDRC4-p014-m2x_B06_roi_0.png",20250619,"CbDRC4","p014","m2x","B06",0,663.758178456028,27.9272740843468,"","48h",10,"15hHB101","DMSO",1,"MOXIDECTIN",0.0156,NA,NA,"NIC1667",3,NA,NA,NA,618.513814093406,364.563225565159,389.301717291477,518.989344500499,663.423513520062,137.510959576102,723.56924154566,781.055543690499,808.545088583582,0.222324799289504,27.4664972238043,18.2364094766013,19.4393244300941,22.7662518062381,27.9272740843468,5.65072058547868,32.6602229507107,34.600728458605,36.2394822870447,0.205731387567738,29,"3_NIC1667_0.0156",NA,NA,NA,NA,NA,"3",774.728395535816,-111.304882015754
"20250619-CbDRC4-p014-m2x_B07_roi_0.png",20250619,"CbDRC4","p014","m2x","B07",0,297.572691015683,16.2452236775848,"","48h",10,"15hHB101","DMSO",1,"MOXIDECTIN",0.03125,NA,NA,"NIC1667",3,NA,NA,NA,294.80916643667,101.996319583346,267.190925055128,281.068786980844,294.698508355064,44.2149765628442,315.375954324286,329.254302010501,379.413910557105,0.149978296459592,16.2768677351345,10.4621489302238,15.0143312795596,15.4347700330531,16.2452236775848,1.92565414177341,16.6748555284833,17.7453486536968,23.9800612614379,0.118306186000196,33,"3_NIC1667_0.03125",NA,NA,NA,NA,NA,"3",774.728395535816,-480.029887180752
"20250619-CbDRC4-p014-m2x_B09_roi_0.png",20250619,"CbDRC4","p014","m2x","B09",0,263.042367836725,13.9650573117576,"","48h",10,"15hHB101","DMSO",1,"MOXIDECTIN",0.125,NA,NA,"NIC1667",3,NA,NA,NA,256.486505344056,226.40399013045,235.904456063445,242.745530579724,263.042367836725,16.6410501320038,268.910512774269,270.246847481707,275.931258339596,0.0648808018561489,14.5377759374319,13.3461323151905,13.8969155970862,14.2024668409192,14.6686864084285,0.614152201165903,14.7558773834069,15.2192949251175,15.5299596347825,0.0422452652874216,11,"3_NIC1667_0.125",NA,NA,NA,NA,NA,"3",774.728395535816,-511.68602769909
"20250619-CbDRC4-p014-m2x_B10_roi_0.png",20250619,"CbDRC4","p014","m2x","B10",0,235.952898246746,14.7145494275348,"","48h",10,"15hHB101","DMSO",1,"MOXIDECTIN",0.25,NA,NA,"NIC1667",3,NA,NA,NA,228.728609248932,183.578501673377,194.464288353114,218.449395992671,231.916357783465,23.8016559525499,246.129854498495,255.752249606206,260.573750717828,0.104060685852577,14.1612807510302,12.2414316869208,12.9004961911617,13.8818546051731,14.5445933516584,0.85383887755218,14.6881474807649,14.795557813377,15.2172681540227,0.0602939022651653,14,"3_NIC1667_0.25",NA,NA,NA,NA,NA,"3",774.728395535816,-542.812037752351
"20250619-CbDRC4-p014-m2x_B11_roi_0.png",20250619,"CbDRC4","p014","m2x","B11",0,239.263598138308,13.1806041775724,"","48h",10,"15hHB101","DMSO",1,"MOXIDECTIN",0.5,NA,NA,"NIC1667",3,NA,NA,NA,246.343434042659,211.317012044273,224.127261832823,229.118013090982,234.234366858209,28.5724255818049,256.582543517201,281.581504575658,312.587284140393,0.115986146303608,14.3173279768176,13.1367411907493,13.2135728989198,13.7976841989413,14.2145484757522,0.97746116027772,14.5960734729076,15.2884960910597,16.7595395362234,0.0682711998957076,13,"3_NIC1667_0.5",NA,NA,NA,NA,NA,"3",774.728395535816,-540.494028677606
"20250619-CbDRC4-p014-m2x_B12_roi_0.png",20250619,"CbDRC4","p014","m2x","B12",0,260.639082312685,15.1970354074157,"","48h",10,"15hHB101","DMSO",1,"MOXIDECTIN",1,NA,NA,"NIC1667",3,NA,NA,NA,221.259079892102,146.996668173175,159.282319211251,193.804137999502,237.325482818407,42.4284076735355,250.469069238234,261.24094269065,266.657686092335,0.191758944736758,15.4252170561159,12.5475680693946,13.7046759639363,13.8806970964182,14.6650354471611,2.65210212437563,15.4872717679034,18.7734532671503,21.4839341120974,0.171932888511549,10,"3_NIC1667_1",NA,NA,NA,NA,NA,"3",774.728395535816,-537.402912717409
"20250619-CbDRC4-p014-m2x_C01_roi_0.png",20250619,"CbDRC4","p014","m2x","C01",0,767.336596882756,34.6471395352933,"","48h",10,"15hHB101","DMSO",1,"MOXIDECTIN",0,NA,NA,"ECA2666",3,NA,NA,NA,766.412053427176,700.078254591518,730.390205920457,738.440834171865,766.522636335885,31.3061689447441,788.65036599039,811.222523980678,825.703691707895,0.0408476990996577,34.7402598234443,28.8903190135343,31.0766269345414,33.3770114987101,34.6471395352933,2.66646378381592,36.1552588978326,37.2421547371348,41.9126133211299,0.0767542844344668,61,"3_ECA2666_0",NA,NA,NA,NA,NA,"3",777.986030494324,-11.4633941584393
"20250619-CbDRC4-p014-m2x_C02_roi_0.png",20250619,"CbDRC4","p014","m2x","C02",0,861.782741668751,39.1212821900731,"","48h",10,"15hHB101","DMSO",1,"MOXIDECTIN",0.00097,NA,NA,"ECA2666",3,NA,NA,NA,770.861607802546,612.071500034541,726.105258906522,747.818462217045,771.797088751048,42.8353635349147,791.78871296225,823.195648748512,873.912873196314,0.0555681630805602,35.4100792391028,27.7573001919646,31.8607603381786,33.7456579590568,35.994344326504,2.58763980709971,37.2771120842039,38.4768826019151,40.2141330927483,0.0730763630780645,62,"3_ECA2666_0.00097",NA,NA,NA,NA,NA,"3",777.986030494324,-6.18894174327579
"20250619-CbDRC4-p014-m2x_C03_roi_0.png",20250619,"CbDRC4","p014","m2x","C03",0,684.948464837241,30.706498079076,"","48h",10,"15hHB101","DMSO",1,"MOXIDECTIN",0.0019,NA,NA,"ECA2666",3,NA,NA,NA,779.18230559938,482.443884525322,734.287932576301,756.570654922135,783.514582111554,59.5594657220305,810.236365648615,838.180301982979,867.377120159792,0.0764384217839942,34.7369790483003,24.1800312148329,30.7695799958526,33.0211364032401,35.1258094439774,3.00327963133785,36.5320752538219,37.989528704219,40.1122150360333,0.086457709150871,49,"3_ECA2666_0.0019",NA,NA,NA,NA,NA,"3",777.986030494324,5.52855161723005
"20250619-CbDRC4-p014-m2x_C04_roi_0.png",20250619,"CbDRC4","p014","m2x","C04",0,811.39915169777,34.5601641446219,"","48h",10,"15hHB101","DMSO",1,"MOXIDECTIN",0.0039,NA,NA,"ECA2666",3,NA,NA,NA,780.811327406701,703.347499716189,738.346578103919,754.469723188677,779.363216257956,36.3471236571351,806.425302702855,823.794518731418,873.226732400909,0.046550456405204,35.0257947736853,28.0842418985818,31.4045647701816,33.6303334317991,35.4204392016175,2.56671852552681,36.8753702998738,38.0145435551611,39.9720090713345,0.0732808075337429,48,"3_ECA2666_0.0039",NA,NA,NA,NA,NA,"3",777.986030494324,1.37718576363193
"20250619-CbDRC4-p014-m2x_C05_roi_0.png",20250619,"CbDRC4","p014","m2x","C05",0,794.628500108404,34.6937592643182,"","48h",10,"15hHB101","DMSO",1,"MOXIDECTIN",0.0078,NA,NA,"ECA2666",3,NA,NA,NA,750.79697854751,592.00061417268,693.465217169276,720.933435733936,754.339529236659,55.7336170019243,784.275319817342,819.231424417196,845.581175412123,0.0742326069422208,33.063208143511,25.7359262090797,29.6049907072619,31.5706813886464,33.5181660738596,2.93610598922321,34.7676776494476,36.4982186276848,38.9419314726438,0.0888028160025801,50,"3_ECA2666_0.0078",NA,NA,NA,NA,NA,"3",777.986030494324,-23.6465012576646
"20250619-CbDRC4-p014-m2x_C06_roi_0.png",20250619,"CbDRC4","p014","m2x","C06",0,784.447361688575,35.7419275753001,"","48h",10,"15hHB101","DMSO",1,"MOXIDECTIN",0.0156,NA,NA,"ECA2666",3,NA,NA,NA,540.209925658189,305.673015944786,372.009342924657,424.234115779006,539.748180635469,144.294529520224,646.352015830886,766.189551860487,803.082118452963,0.267108253045176,24.1827310259001,16.1563770495845,18.2393433194348,19.5076554837105,23.273695134369,5.66177544282406,28.1100750498583,32.2093142970831,35.7419275753001,0.234124732924507,40,"3_ECA2666_0.0156",NA,NA,NA,NA,NA,"3",777.986030494324,-238.237849858855
"20250619-CbDRC4-p014-m2x_C07_roi_0.png",20250619,"CbDRC4","p014","m2x","C07",0,264.485817772986,14.4709366544656,"","48h",10,"15hHB101","DMSO",1,"MOXIDECTIN",0.03125,NA,NA,"ECA2666",3,NA,NA,NA,291.326912667789,250.975651690744,260.291601273055,273.89749033235,296.230748739806,25.0086146911316,308.70439166476,317.609051506103,342.658774061736,0.0858438187605752,15.5487087683536,13.8615683889281,14.4979357396657,14.6526725798205,15.4754850691084,0.922224852285958,16.2177768331561,16.7826639869215,16.9075403836243,0.0593119895693827,19,"3_ECA2666_0.03125",NA,NA,NA,NA,NA,"3",777.986030494324,-481.755281754518
"20250619-CbDRC4-p014-m2x_C08_roi_0.png",20250619,"CbDRC4","p014","m2x","C08",0,287.890574605804,14.0863754588139,"","48h",10,"15hHB101","DMSO",1,"MOXIDECTIN",0.0625,NA,NA,"ECA2666",3,NA,NA,NA,243.455379979806,148.656882035931,191.038512982335,224.898174765891,254.580860417373,40.5013244268565,273.075590361228,284.975916484036,300.521863447544,0.166360359053129,14.9656284769982,10.5224167068036,13.6580211988197,14.0863754588139,14.7270032308574,1.91855757080679,15.1017864237589,16.7047962842863,20.7959924166701,0.128197594491643,25,"3_ECA2666_0.0625",NA,NA,NA,NA,NA,"3",777.986030494324,-523.405170076951
"20250619-CbDRC4-p014-m2x_C09_roi_0.png",20250619,"CbDRC4","p014","m2x","C09",0,237.209312050234,13.8889972453789,"","48h",10,"15hHB101","DMSO",1,"MOXIDECTIN",0.125,NA,NA,"ECA2666",3,NA,NA,NA,194.108996786288,78.3258371611951,122.651232379766,174.488397405071,211.130311527559,45.4946484997975,228.104844034227,239.09615488106,244.729866301691,0.23437681536156,14.7972776725232,10.386111440951,12.5434509828754,13.7040919925357,14.8972695657182,2.82658414922594,15.5232364325445,16.1318583476747,25.4611418150801,0.191020552008332,24,"3_ECA2666_0.125",NA,NA,NA,"outlier","outlier","3",777.986030494324,-566.855718966765
"20250619-CbDRC4-p014-m2x_C10_roi_0.png",20250619,"CbDRC4","p014","m2x","C10",0,202.714847444308,14.1327066589867,"","48h",10,"15hHB101","DMSO",1,"MOXIDECTIN",0.25,NA,NA,"ECA2666",3,NA,NA,NA,219.688230543378,192.221805667782,198.73423100631,202.376810371442,217.967706209491,21.4301458229866,228.076178463182,240.486398002577,276.0318519036,0.0975479923070127,14.6340223434014,12.475597057752,13.4537391598881,13.8060356012527,14.2377074929273,2.20640403102342,14.6022685350472,14.8608959892068,22.5660754293689,0.150772219643242,16,"3_ECA2666_0.25",NA,NA,NA,NA,NA,"3",777.986030494324,-560.018324284833
"20250619-CbDRC4-p014-m2x_C12_roi_0.png",20250619,"CbDRC4","p014","m2x","C12",0,206.064319618462,12.240389677303,"","48h",10,"15hHB101","DMSO",1,"MOXIDECTIN",1,NA,NA,"ECA2666",3,NA,NA,NA,196.10356490353,123.295692055806,145.714060454205,179.322615667017,204.179066731958,36.3801676733017,220.64970835542,236.454117938272,237.392025837773,0.185515075624445,13.312369770585,9.97776982741774,10.8159848733345,12.4920766531465,13.9416498751793,1.74396455568445,14.2454913249806,14.4445848199509,16.0319579231394,0.131003313890658,11,"3_ECA2666_1",NA,NA,NA,NA,NA,"3",777.986030494324,-573.806963762366
"20250619-CbDRC4-p014-m2x_D01_roi_0.png",20250619,"CbDRC4","p014","m2x","D01",0,861.816168130862,38.1497738027326,"","48h",10,"15hHB101","DMSO",1,"MOXIDECTIN",0,NA,NA,"VX34",3,NA,NA,NA,835.886261295723,548.426194951939,797.709852678104,820.065238023784,837.918315734368,60.866875951175,860.340467031021,889.740536949608,929.576463045228,0.0728171747395681,38.7303431122504,27.5518398118953,37.4577046689598,37.936502860888,39.0455078666561,2.4584144086591,40.1049798626719,40.7042692758342,42.2983005118222,0.0634751518088542,35,"3_VX34_0",NA,NA,NA,NA,NA,"3",841.848651392647,-3.93033565827852
"20250619-CbDRC4-p014-m2x_D02_roi_0.png",20250619,"CbDRC4","p014","m2x","D02",0,894.828473365219,37.9175416682239,"","48h",10,"15hHB101","DMSO",1,"MOXIDECTIN",0.00097,NA,NA,"VX34",3,NA,NA,NA,843.719294557218,249.985939124742,808.931247498986,830.911421312267,857.909118665911,85.4106610925678,873.520968287214,884.448652905539,1002.21912066525,0.101231134150359,37.9051898608661,15.2018475774918,35.4803775767869,37.0677165286113,38.0071375392146,3.43966638997669,39.4403502861363,40.9376127343588,41.7884882678204,0.0907439430484916,64,"3_VX34_0.00097",NA,NA,NA,NA,NA,"3",841.848651392647,16.0604672732644
"20250619-CbDRC4-p014-m2x_D03_roi_0.png",20250619,"CbDRC4","p014","m2x","D03",0,857.121541810946,38.0763394822741,"","48h",10,"15hHB101","DMSO",1,"MOXIDECTIN",0.0019,NA,NA,"VX34",3,NA,NA,NA,845.615532746372,656.337346294066,784.147134163917,818.749069201043,850.224492673376,53.1338608862902,869.935941495491,906.221420403714,1038.40911033468,0.062834537480317,38.7845740210644,30.9616408514192,36.2804063513653,37.7216017020724,38.9033750547403,2.06302320012379,40.1625230215409,41.1484490748328,42.2638726626616,0.0531918488779415,68,"3_VX34_0.0019",NA,NA,NA,NA,NA,"3",841.848651392647,8.37584128072876
"20250619-CbDRC4-p014-m2x_D04_roi_0.png",20250619,"CbDRC4","p014","m2x","D04",0,871.801371948274,38.3705900453714,"","48h",10,"15hHB101","DMSO",1,"MOXIDECTIN",0.0039,NA,NA,"VX34",3,NA,NA,NA,845.610768720657,735.340326434247,778.769156711822,820.40768494226,845.172881548515,51.7892791547477,866.659527026935,905.090821748366,1007.37835210086,0.0612448198041527,38.5784397380147,29.5600189711167,35.8896539236431,38.042273622643,38.8227900265279,2.1396383407509,39.8482152228046,40.971988554085,42.4886322023664,0.0554620237438616,61,"3_VX34_0.0039",NA,NA,NA,NA,NA,"3",841.848651392647,3.32423015586846
"20250619-CbDRC4-p014-m2x_D05_roi_0.png",20250619,"CbDRC4","p014","m2x","D05",0,852.926525537887,37.3863086615009,"","48h",10,"15hHB101","DMSO",1,"MOXIDECTIN",0.0078,NA,NA,"VX34",3,NA,NA,NA,853.22329248185,746.820417249232,799.394531064575,831.313484551397,848.870667059492,45.3867380978549,881.28937477744,915.157655760096,974.283734509497,0.0531944433512056,38.7859669515115,35.1309578971295,36.6866915755252,37.3115637370989,38.6281914460655,1.89739927239833,40.1334930435164,41.2575349710044,43.1987878831573,0.0489197362223912,73,"3_VX34_0.0078",NA,NA,NA,NA,NA,"3",841.848651392647,7.02201566684494
"20250619-CbDRC4-p014-m2x_D06_roi_0.png",20250619,"CbDRC4","p014","m2x","D06",0,675.247737832603,31.510101255272,"","48h",10,"15hHB101","DMSO",1,"MOXIDECTIN",0.0156,NA,NA,"VX34",3,NA,NA,NA,636.405445475755,327.387367554352,483.25003641146,572.949081284135,661.834457629383,112.767344800771,700.401825989324,762.624800082813,817.041808814804,0.17719418588015,28.5318100831003,17.5114596497709,22.3699203831489,26.1529823847287,28.9575602095846,4.60014253428527,31.510101255272,33.5330077286663,38.8070525078125,0.161228555807961,65,"3_VX34_0.0156",NA,NA,NA,NA,NA,"3",841.848651392647,-180.014193763264
"20250619-CbDRC4-p014-m2x_D07_roi_0.png",20250619,"CbDRC4","p014","m2x","D07",0,301.278611419127,16.0022622081418,"","48h",10,"15hHB101","DMSO",1,"MOXIDECTIN",0.03125,NA,NA,"VX34",3,NA,NA,NA,273.547552498996,211.818499775761,244.679719893141,258.9966154264,269.981972679035,23.5862747221616,289.337562532775,297.89615406837,346.349402987339,0.0862236730202444,16.2217813754365,13.9503602797408,15.1081320855997,15.5029201092236,16.0490124574562,1.51933649509749,16.5534693825678,17.0245133550943,25.3037536854791,0.0936602744133953,53,"3_VX34_0.03125",NA,NA,NA,NA,NA,"3",841.848651392647,-571.866678713612
"20250619-CbDRC4-p014-m2x_D08_roi_0.png",20250619,"CbDRC4","p014","m2x","D08",0,282.115233497986,16.3850279212136,"","48h",10,"15hHB101","DMSO",1,"MOXIDECTIN",0.0625,NA,NA,"VX34",3,NA,NA,NA,251.963201374676,187.036669796302,221.395148463975,239.218087559071,253.989566896785,23.7738399503724,268.973193342987,281.52725443821,291.89400334705,0.0943544129486593,15.3160598693189,11.3507559882464,14.3412466290335,14.7388604197228,15.3350458320835,1.35078037601472,15.9374134962269,16.4792738024955,19.8821047133307,0.088193725249181,58,"3_VX34_0.0625",NA,NA,NA,NA,NA,"3",841.848651392647,-587.859084495862
"20250619-CbDRC4-p014-m2x_D09_roi_0.png",20250619,"CbDRC4","p014","m2x","D09",0,228.585680174661,13.4583009882352,"","48h",10,"15hHB101","DMSO",1,"MOXIDECTIN",0.125,NA,NA,"VX34",3,NA,NA,NA,231.277916865187,153.895813303974,202.024582138102,216.818757403557,235.380746218803,27.1149848498921,245.834405246295,260.831932535935,293.701897086133,0.11723983516203,14.4471510879891,12.3461352386502,13.3260512441699,13.917101687413,14.5095325966309,0.848399111698458,14.8776077390702,15.4408140514321,16.8414427245288,0.058724319177626,65,"3_VX34_0.125",NA,NA,NA,NA,NA,"3",841.848651392647,-606.467905173844
"20250619-CbDRC4-p014-m2x_D10_roi_0.png",20250619,"CbDRC4","p014","m2x","D10",0,203.847342021192,15.9739197342644,"","48h",10,"15hHB101","DMSO",1,"MOXIDECTIN",0.25,NA,NA,"VX34",3,NA,NA,NA,228.162797209962,137.16212221279,190.981373274582,202.496555751973,220.993159501652,53.9297577141928,240.300081657725,255.141189288689,487.90831084841,0.236365254869159,14.3471761503349,11.0462021730647,12.7983648751593,13.5868830046844,14.2949428565298,1.77988441777136,14.702388376204,15.8080363764805,24.2551847259207,0.124058169992554,60,"3_VX34_0.25",NA,NA,NA,NA,NA,"3",841.848651392647,-620.855491890995
"20250619-CbDRC4-p014-m2x_D11_roi_0.png",20250619,"CbDRC4","p014","m2x","D11",0,248.793873010102,13.8975104798139,"","48h",10,"15hHB101","DMSO",1,"MOXIDECTIN",0.5,NA,NA,"VX34",3,NA,NA,NA,216.847803300961,111.834165473282,180.859944429253,206.213308662655,220.110289288901,32.9891124377998,231.953491904097,254.907474379074,338.24951240151,0.152130258806516,14.3737258093012,11.3210750975805,13.2622374062017,13.6771314268338,14.1981908622871,1.19152353044362,15.0467305790583,15.5244746685692,20.0022480002628,0.0828959412647617,82,"3_VX34_0.5",NA,"n>75",NA,NA,NA,"3",841.848651392647,-621.738362103746
"20250619-CbDRC4-p014-m2x_D12_roi_0.png",20250619,"CbDRC4","p014","m2x","D12",0,206.607316781256,13.3351248152474,"","48h",10,"15hHB101","DMSO",1,"MOXIDECTIN",1,NA,NA,"VX34",3,NA,NA,NA,219.094281322057,169.04883213304,193.267196554311,205.578685159613,220.109950190418,23.3012073404658,232.265394592061,244.492886611009,282.103018083818,0.106352421431823,14.3594965412068,8.80025459669669,13.3814017021484,13.9555286643266,14.4089814193048,1.17504248641449,14.9358199556105,15.2800784586264,16.6831791088144,0.081830340154512,48,"3_VX34_1",NA,NA,NA,NA,NA,"3",841.848651392647,-621.738701202229
"20250619-CbDRC4-p014-m2x_E01_roi_0.png",20250619,"CbDRC4","p014","m2x","E01",0,760.123195663872,37.2160956117411,"","48h",10,"15hHB101","DMSO",1,"MOXIDECTIN",0,NA,NA,"JU3237",3,NA,NA,NA,760.536617803198,615.96769500815,721.474862853471,735.460176772217,766.668462953857,36.4688164874785,786.523958891957,801.241335346082,815.284902956462,0.0479514274970984,38.2338414500801,27.7100323218229,34.6473573278818,37.2001561095364,38.7391304418314,2.82340596878922,39.9626525235142,41.0865704998396,42.8788737717368,0.0738457309469046,52,"3_JU3237_0",NA,NA,NA,NA,NA,"3",756.836909183482,9.83155377037542
"20250619-CbDRC4-p014-m2x_E03_roi_0.png",20250619,"CbDRC4","p014","m2x","E03",0,744.07920392823,37.9089673891366,"","48h",10,"15hHB101","DMSO",1,"MOXIDECTIN",0.0019,NA,NA,"JU3237",3,NA,NA,NA,752.938515447101,568.373456284999,695.747993643245,730.805559025579,760.161549957031,51.5405161939543,789.452272911804,805.687153448176,834.003065224529,0.0684524899929566,38.1145924343618,28.8446964389962,33.6105493448684,36.6499129029074,38.452800754393,3.43456757048074,39.7832681175374,41.5590263251765,47.0104245677037,0.0901116173915675,54,"3_JU3237_0.0019",NA,NA,NA,NA,NA,"3",756.836909183482,3.32464077354985
"20250619-CbDRC4-p014-m2x_E04_roi_0.png",20250619,"CbDRC4","p014","m2x","E04",0,750.313065664602,35.6696509306599,"","48h",10,"15hHB101","DMSO",1,"MOXIDECTIN",0.0039,NA,NA,"JU3237",3,NA,NA,NA,762.610965175565,612.494643483422,714.576633810145,736.92024611524,770.22307320886,37.1189844673504,785.146454274235,806.051655788061,821.955625571933,0.0486735519975182,37.7088524693151,27.9114216395908,34.3354595258843,36.7537336014164,38.1311011221329,2.82850405223699,39.3756042349912,40.2251190857512,43.5432462050955,0.0750090195541917,60,"3_JU3237_0.0039",NA,NA,NA,"outlier","outlier","3",756.836909183482,13.3861640253785
"20250619-CbDRC4-p014-m2x_E05_roi_0.png",20250619,"CbDRC4","p014","m2x","E05",0,771.146947870355,38.293007258932,"","48h",10,"15hHB101","DMSO",1,"MOXIDECTIN",0.0078,NA,NA,"JU3237",3,NA,NA,NA,754.071698301312,477.936901993036,700.232493032985,732.37858001735,765.488745392097,64.3203451182801,795.916227823355,808.456324522678,840.479021827203,0.0852973865259414,36.9221943346797,24.1533698062087,32.802457826221,34.5281575887997,37.718588828145,3.70788596537869,39.301324820343,40.456327568857,45.184026946883,0.100424312048431,85,"3_JU3237_0.0078",NA,"n>75",NA,NA,NA,"3",756.836909183482,8.65183620861535
"20250619-CbDRC4-p014-m2x_E06_roi_0.png",20250619,"CbDRC4","p014","m2x","E06",0,505.038125374466,22.8615734121197,"","48h",10,"15hHB101","DMSO",1,"MOXIDECTIN",0.0156,NA,NA,"JU3237",3,NA,NA,NA,458.581932609057,205.456970356137,363.706543528283,386.823202564675,449.744063429725,97.4114738304509,525.192962041445,594.312427932192,715.252146551175,0.212418909040393,21.5125155960322,10.1576494879341,17.7302273969443,18.9250119194128,20.3093527152874,4.39521625428905,23.9513698955086,27.7586380486093,34.7396714720976,0.204309730057777,66,"3_JU3237_0.0156",NA,NA,NA,NA,NA,"3",756.836909183482,-307.092845753757
"20250619-CbDRC4-p014-m2x_E07_roi_0.png",20250619,"CbDRC4","p014","m2x","E07",0,610.5162686137,24.1036644195398,"","48h",10,"15hHB101","DMSO",1,"MOXIDECTIN",0.03125,NA,NA,"JU3237",3,NA,NA,NA,275.780091850584,196.474231825979,240.7525172577,255.857524639269,271.688954572261,49.9595601657061,287.110903300539,301.462501580815,610.5162686137,0.181157239561636,15.9330017532613,12.7871721769606,14.8940943149845,15.308288690259,15.7277380207252,1.49769657989458,16.2457389633591,16.8610135856553,24.1036644195398,0.0939996494752167,60,"3_JU3237_0.03125",NA,NA,NA,NA,NA,"3",756.836909183482,-485.147954611221
"20250619-CbDRC4-p014-m2x_E08_roi_0.png",20250619,"CbDRC4","p014","m2x","E08",0,276.835600809332,13.9015186788454,"","48h",10,"15hHB101","DMSO",1,"MOXIDECTIN",0.0625,NA,NA,"JU3237",3,NA,NA,NA,250.018063859487,170.47838062898,207.462931920209,232.444200562694,254.369597138077,28.4239892294003,272.018504017961,281.098927445865,303.801218730483,0.113687742359988,15.4461406442076,12.224378738193,13.6938012680824,14.0244037394099,15.4048250599144,1.76602793073462,16.3313461574039,17.2007337767129,21.6201389801727,0.11433457531004,58,"3_JU3237_0.0625",NA,NA,NA,NA,NA,"3",756.836909183482,-502.467312045404
"20250619-CbDRC4-p014-m2x_E09_roi_0.png",20250619,"CbDRC4","p014","m2x","E09",0,242.40420351257,14.0412560062745,"","48h",10,"15hHB101","DMSO",1,"MOXIDECTIN",0.125,NA,NA,"JU3237",3,NA,NA,NA,244.918377570935,201.560453435999,216.473873632132,233.994126318428,247.003803481321,19.8750780078284,257.296727188854,264.608881654919,304.112838680066,0.0811498026605702,14.9331447737837,13.0786159230149,13.9611194440123,14.2464813252724,14.9179396517615,1.02868956465721,15.2908253594642,16.0911444594211,19.5027262430354,0.0688863317298814,63,"3_JU3237_0.125",NA,NA,NA,NA,NA,"3",756.836909183482,-509.833105702161
"20250619-CbDRC4-p014-m2x_E11_roi_0.png",20250619,"CbDRC4","p014","m2x","E11",0,237.803608381392,14.5978530514023,"","48h",10,"15hHB101","DMSO",1,"MOXIDECTIN",0.5,NA,NA,"JU3237",3,NA,NA,NA,213.348231542833,111.139010050378,182.724230541909,204.344883130664,218.882335863786,33.5126419863403,230.832231138859,243.357750026926,269.298467875562,0.157079539605239,14.8302524175952,11.5837944275232,13.5008902511813,14.2125351199895,14.6268503207136,1.60655628180588,15.0751010238205,15.9591359640824,20.1116712671211,0.108329665373719,29,"3_JU3237_0.5",NA,NA,NA,NA,NA,"3",756.836909183482,-537.954573319695
"20250619-CbDRC4-p014-m2x_F01_roi_0.png",20250619,"CbDRC4","p014","m2x","F01",0,794.789797134376,38.1982141574912,"","48h",10,"15hHB101","DMSO",1,"MOXIDECTIN",0,NA,NA,"PB420",3,NA,NA,NA,754.644638556262,646.684926338353,719.786397694754,737.622438111146,758.854132522667,30.0400886144099,775.886369775854,786.093781391176,816.896954734627,0.03980693306439,37.4711884653251,33.3539664138176,34.5157892018316,36.3199968059383,37.555338480829,2.06601278257837,38.7761899841789,39.648568159298,47.1090838961183,0.0551360356368255,104,"3_PB420_0",NA,"n>75",NA,NA,NA,"3",758.846883086449,0.0072494362177622
"20250619-CbDRC4-p014-m2x_F02_roi_0.png",20250619,"CbDRC4","p014","m2x","F02",0,800.874375109748,35.7477477361089,"","48h",10,"15hHB101","DMSO",1,"MOXIDECTIN",0.00097,NA,NA,"PB420",3,NA,NA,NA,755.33008044794,362.131142146724,721.939911450585,741.286520489284,763.095673365071,72.7943011383315,779.357993632659,801.162818773369,1084.21153728764,0.0963741588249228,36.8517099842349,23.5256964297521,33.8064130906489,35.8402716362697,37.2070346317103,2.95679996678447,38.6165754225975,39.9393226554383,40.7623662644838,0.0802350818469316,112,"3_PB420_0.00097",NA,"n>75",NA,NA,NA,"3",758.846883086449,4.24879027862153
"20250619-CbDRC4-p014-m2x_F03_roi_0.png",20250619,"CbDRC4","p014","m2x","F03",0,761.528627011617,37.4935142620088,"","48h",10,"15hHB101","DMSO",1,"MOXIDECTIN",0.0019,NA,NA,"PB420",3,NA,NA,NA,764.744781699909,672.446381981743,737.052934076517,751.640598538299,766.679593926687,25.3892412409159,782.270594387482,793.473230798545,824.066014206668,0.0331996266577714,37.2410366279274,30.545199633063,35.1001564715345,35.7630111102755,37.1743389633214,1.99949120049459,38.7809775183525,39.8373528848675,41.3130055145104,0.0536905355366813,112,"3_PB420_0.0019",NA,"n>75",NA,NA,NA,"3",758.846883086449,7.83271084023841
"20250619-CbDRC4-p014-m2x_F04_roi_0.png",20250619,"CbDRC4","p014","m2x","F04",0,773.450798164179,37.9747085253705,"","48h",10,"15hHB101","DMSO",1,"MOXIDECTIN",0.0039,NA,NA,"PB420",3,NA,NA,NA,756.84996715687,154.378826663643,726.2432256287,750.970824454325,770.334031609455,84.4102648772397,787.648427311534,795.782151333605,820.759799798183,0.111528398678974,37.0076972273905,13.9370143181353,34.597680851996,35.7891656641833,37.5959322332398,3.67743551226715,38.9604617477793,39.8952250006521,41.9447541964659,0.0993694768326568,115,"3_PB420_0.0039",NA,"n>75",NA,NA,NA,"3",758.846883086449,11.4871485230055
"20250619-CbDRC4-p014-m2x_F05_roi_0.png",20250619,"CbDRC4","p014","m2x","F05",0,762.31215380061,33.1148091282576,"","48h",10,"15hHB101","DMSO",1,"MOXIDECTIN",0.0078,NA,NA,"PB420",3,NA,NA,NA,761.79233396113,676.398353320321,722.994495155057,742.194994001595,765.202781784168,29.2759757470362,781.195166195563,795.796640712706,829.719682901455,0.0384303890205989,36.4175762777955,28.1675627527316,33.5181109139839,34.7172766394917,36.6062524335279,2.1847192199422,37.7681541376121,38.8162105226187,41.3349180546507,0.0599907913496777,127,"3_PB420_0.0078",NA,"n>75",NA,NA,NA,"3",758.846883086449,6.35589869771934
"20250619-CbDRC4-p014-m2x_F06_roi_0.png",20250619,"CbDRC4","p014","m2x","F06",0,544.332243788357,19.750597927757,"","48h",10,"15hHB101","DMSO",1,"MOXIDECTIN",0.0156,NA,NA,"PB420",3,NA,NA,NA,381.198420017669,255.886365904457,323.271064605839,342.029859805829,372.359548641704,57.2555770450295,414.119646785646,454.66884692172,560.000684607764,0.150198883411887,19.5050849610863,14.1533662847841,16.7124066082586,17.965604336566,19.161182087139,2.20992667897407,21.0848878649599,22.6170177878752,24.639099822653,0.113300028345582,99,"3_PB420_0.0156",NA,"n>75",NA,NA,NA,"3",758.846883086449,-386.487334444745
"20250619-CbDRC4-p014-m2x_F07_roi_0.png",20250619,"CbDRC4","p014","m2x","F07",0,255.196794546373,15.3315243854764,"","48h",10,"15hHB101","DMSO",1,"MOXIDECTIN",0.03125,NA,NA,"PB420",3,NA,NA,NA,252.963329916005,160.747889466266,235.079347736933,244.057191905254,252.163589237354,19.6018760375042,264.399211591051,276.883709488889,296.531337591255,0.0774890022360668,15.1644452529923,12.1098640586664,13.955347451453,14.5339248623828,15.2334289298369,1.0724357823884,15.6710828165959,16.4082342470502,18.6826035820511,0.0707204097806865,86,"3_PB420_0.03125",NA,"n>75",NA,NA,NA,"3",758.846883086449,-506.683293849095
"20250619-CbDRC4-p014-m2x_F08_roi_0.png",20250619,"CbDRC4","p014","m2x","F08",0,244.734583233213,15.5387988686525,"","48h",10,"15hHB101","DMSO",1,"MOXIDECTIN",0.0625,NA,NA,"PB420",3,NA,NA,NA,233.457930053714,165.006597733553,214.746572930345,223.300037107676,233.321975620614,18.5974149836922,243.675541817218,254.429372340111,289.410271937015,0.079660669395181,14.8810450102706,11.7145485848486,13.9648104546232,14.2741238480569,14.9021778050099,1.03195259953661,15.36243869055,15.7961453140267,18.7070173728557,0.0693467830266203,68,"3_PB420_0.0625",NA,NA,NA,NA,NA,"3",758.846883086449,-525.524907465835
"20250619-CbDRC4-p014-m2x_F09_roi_0.png",20250619,"CbDRC4","p014","m2x","F09",0,209.956775708369,14.0973261477976,"","48h",10,"15hHB101","DMSO",1,"MOXIDECTIN",0.125,NA,NA,"PB420",3,NA,NA,NA,231.56095908954,156.877942816083,201.464156497335,210.960577848644,232.849681653894,25.5804245202147,247.831269236933,264.537210361769,290.127007983983,0.110469504966609,14.7388141837846,12.9142218382727,13.4697410743227,13.9856769882015,14.4556672453072,1.36237960885249,14.982378404536,16.2597298221593,20.8964804662507,0.0924348181518805,56,"3_PB420_0.125",NA,NA,NA,NA,NA,"3",758.846883086449,-525.997201432555
"20250619-CbDRC4-p014-m2x_F10_roi_0.png",20250619,"CbDRC4","p014","m2x","F10",0,229.265722805274,14.6430563803095,"","48h",10,"15hHB101","DMSO",1,"MOXIDECTIN",0.25,NA,NA,"PB420",3,NA,NA,NA,230.789706440871,212.252379704816,214.988338909241,221.782141902041,230.309718245437,13.0050425645018,237.912143286114,242.782873813771,260.305596460293,0.0563501846120409,15.4466637035938,13.6986227955419,13.9804081978565,14.6625752779029,15.6251721355057,1.07888288238465,16.2054915048266,16.5540925167478,17.3077314846372,0.0698456898581689,14,"3_PB420_0.25",NA,NA,NA,"outlier","outlier","3",758.846883086449,-528.537164841012
"20250619-CbDRC4-p014-m2x_F11_roi_0.png",20250619,"CbDRC4","p014","m2x","F11",0,221.37856073582,14.4405153817905,"","48h",10,"15hHB101","DMSO",1,"MOXIDECTIN",0.5,NA,NA,"PB420",3,NA,NA,NA,217.727048815512,140.807376359948,183.75239737922,209.011489485518,220.531143878914,26.4345327753869,231.64695490716,251.787507425273,266.682637283885,0.121411340112298,14.4702874882617,12.6180205890181,13.1451158047691,13.6233040352386,14.2006906862762,1.40130080900602,14.9560396742948,15.5024779030031,19.7508531945104,0.0968398734401618,59,"3_PB420_0.5",NA,NA,NA,NA,NA,"3",758.846883086449,-538.315739207535
"20250619-CbDRC4-p014-m2x_F12_roi_0.png",20250619,"CbDRC4","p014","m2x","F12",0,210.286261112934,13.602539494922,"","48h",10,"15hHB101","DMSO",1,"MOXIDECTIN",1,NA,NA,"PB420",3,NA,NA,NA,210.752003044248,95.5465596271451,181.29236431627,197.686031338779,213.953461597388,32.2372302770184,230.60693292338,246.188872317067,262.73065511752,0.152962865412245,13.9220383940489,10.8905399008353,12.7075390623454,13.1438052799386,13.7196247219535,2.11784710579626,14.3638145223289,14.6276895547833,26.574279535803,0.152121912456552,45,"3_PB420_1",NA,NA,NA,NA,NA,"3",758.846883086449,-544.893421489061
"20250619-CbDRC4-p015-m2x_A01_roi_0.png",20250619,"CbDRC4","p015","m2x","A01",0,826.585993048555,39.8384420875156,"","48h",10,"15hHB101","DMSO",1,"MOXIDECTIN",0,NA,NA,"ED3102",3,NA,NA,NA,817.847871417834,601.937912958206,789.540669822983,797.761451289802,821.047793045297,40.5741203378173,835.918563850899,850.157678456458,899.52451200561,0.0496108405435811,40.8315921582748,31.83051037484,38.003542020767,39.6806642514719,40.4977044268607,2.35525480665752,42.2388766839286,43.4689988770094,47.0413879771831,0.0576821691774324,73,"3_ED3102_0",NA,NA,NA,NA,NA,"3",850.390521362296,-29.342728316999
"20250619-CbDRC4-p015-m2x_A02_roi_0.png",20250619,"CbDRC4","p015","m2x","A02",0,813.460849040667,39.5545899157808,"","48h",10,"15hHB101","DMSO",1,"MOXIDECTIN",0.00097,NA,NA,"ED3102",3,NA,NA,NA,827.884147413766,611.279905602239,789.820415908467,809.341272312393,829.569343715662,40.6142087222815,844.278274430876,866.943970970129,939.854131040889,0.049057840821275,39.5654529263062,25.301985503341,37.9053357258362,38.7500099110524,39.6890065810158,2.09610242341929,40.6531979925242,41.5991038569147,42.7611256403118,0.0529780975166251,86,"3_ED3102_0.00097",NA,"n>75",NA,NA,NA,"3",850.390521362296,-20.8211776466343
"20250619-CbDRC4-p015-m2x_A03_roi_0.png",20250619,"CbDRC4","p015","m2x","A03",0,811.767351955069,40.0855259405871,"","48h",10,"15hHB101","DMSO",1,"MOXIDECTIN",0.0019,NA,NA,"ED3102",3,NA,NA,NA,828.574362639729,729.516523449777,791.939270142549,805.388763254569,824.382371324863,37.5706963539783,849.835764274078,877.468514515598,932.819820123764,0.045343783307853,39.8952942170463,34.7294607521179,37.9571667934398,38.795705449445,39.9508004705201,1.60651243711053,40.8820252243992,42.030006324607,43.9102220887377,0.0402682188122352,84,"3_ED3102_0.0019",NA,"n>75",NA,NA,NA,"3",850.390521362296,-26.0081500374337
"20250619-CbDRC4-p015-m2x_A04_roi_0.png",20250619,"CbDRC4","p015","m2x","A04",0,805.91976736587,38.9521632932488,"","48h",10,"15hHB101","DMSO",1,"MOXIDECTIN",0.0039,NA,NA,"ED3102",3,NA,NA,NA,820.200557451238,642.15008920908,779.603665432207,805.618678396556,825.078074948497,47.7675737247155,850.745474160169,869.379521489815,912.141394424284,0.0582388944883829,39.6438835800559,33.7231907012722,37.5182737410525,38.5246377414105,39.7982734187433,1.69119765705688,40.8195585276858,41.4856954416734,43.4597804122067,0.0426597372490442,96,"3_ED3102_0.0039",NA,"n>75",NA,NA,NA,"3",850.390521362296,-25.3124464137989
"20250619-CbDRC4-p015-m2x_A05_roi_0.png",20250619,"CbDRC4","p015","m2x","A05",0,844.818238710878,38.0785494658068,"","48h",10,"15hHB101","DMSO",1,"MOXIDECTIN",0.0078,NA,NA,"ED3102",3,NA,NA,NA,825.840643576929,643.007484826404,772.483991379125,798.211258824209,820.577183566876,52.625784310569,848.106247072299,895.569616459049,977.886302630897,0.0637238972432177,39.696346614087,28.6712666784894,37.7670809886277,38.7903319987889,39.9682166097091,2.34881962344678,40.9026962567494,42.0187923818799,45.9736879745073,0.0591696673318864,90,"3_ED3102_0.0078",NA,"n>75",NA,NA,NA,"3",850.390521362296,-29.81333779542
"20250619-CbDRC4-p015-m2x_A07_roi_0.png",20250619,"CbDRC4","p015","m2x","A07",0,255.770570871982,15.6396854484671,"","48h",10,"15hHB101","DMSO",1,"MOXIDECTIN",0.03125,NA,NA,"ED3102",3,NA,NA,NA,241.148993526777,181.748638549342,204.374839444835,230.880033914265,244.009475982139,23.0837501753379,255.724834191439,272.083350153849,281.186414377498,0.0957240162512837,15.5762334091267,14.2327118384481,14.6760846549492,15.0074598358081,15.4119337554032,1.13418121809918,15.8026784063337,16.0796429100451,21.267265371854,0.0728148576301262,40,"3_ED3102_0.03125",NA,NA,NA,NA,NA,"3",850.390521362296,-606.381045380158
"20250619-CbDRC4-p015-m2x_A08_roi_0.png",20250619,"CbDRC4","p015","m2x","A08",0,230.529199136724,14.625862409226,"","48h",10,"15hHB101","DMSO",1,"MOXIDECTIN",0.0625,NA,NA,"ED3102",3,NA,NA,NA,224.79844002555,151.511731570754,196.406131045804,207.663633619961,224.957130788923,25.1129643251218,239.210063510106,251.686686401803,293.004232351774,0.11171324997748,15.367943263851,12.988187457766,13.8330495220606,14.5478419151304,15.1544402709751,1.91208361049059,15.9481125601448,16.5838441474167,28.3257343595203,0.12442026741394,68,"3_ED3102_0.0625",NA,NA,NA,NA,NA,"3",850.390521362296,-625.433390573373
"20250619-CbDRC4-p015-m2x_A09_roi_0.png",20250619,"CbDRC4","p015","m2x","A09",0,261.267790780957,14.9588576288042,"","48h",10,"15hHB101","DMSO",1,"MOXIDECTIN",0.125,NA,NA,"ED3102",3,NA,NA,NA,211.086816123939,95.4089459423138,175.396582948024,202.557626878813,215.460616904703,31.9769549490884,225.791216947396,241.867034264839,270.767195829727,0.151487219980206,14.7275144094572,12.4888831735871,13.4400179802921,13.8550169033247,14.6775187678603,1.32181791916426,15.0371529169296,15.9121397082009,20.9592189763133,0.0897515957149873,54,"3_ED3102_0.125",NA,NA,NA,NA,NA,"3",850.390521362296,-634.929904457593
"20250619-CbDRC4-p015-m2x_A10_roi_0.png",20250619,"CbDRC4","p015","m2x","A10",0,235.679586764579,15.3732920825929,"","48h",10,"15hHB101","DMSO",1,"MOXIDECTIN",0.25,NA,NA,"ED3102",3,NA,NA,NA,211.202147603718,176.91087160218,190.508807783745,197.095916501732,209.252226932901,19.7203437155999,224.300670097702,231.698184926741,265.630918314304,0.0933718901031321,14.4434681742091,12.7952657401864,13.0920760091947,13.476310121581,14.2013320824036,1.2206138186525,15.1372337283637,16.0425695142901,17.3689811268695,0.0845097454385699,26,"3_ED3102_0.25",NA,NA,NA,NA,NA,"3",850.390521362296,-641.138294429395
"20250619-CbDRC4-p015-m2x_A11_roi_0.png",20250619,"CbDRC4","p015","m2x","A11",0,217.842178203192,14.8208680454973,"","48h",10,"15hHB101","DMSO",1,"MOXIDECTIN",0.5,NA,NA,"ED3102",3,NA,NA,NA,196.178849861094,89.3081561844634,163.168767877978,189.627224559271,202.056109392927,32.1137453423607,217.842178203192,228.453486425706,233.574235196815,0.163696266774421,14.9269538455851,12.5218798356092,12.8609215155204,13.1473511667716,13.8210296726634,4.54247309410371,14.896106759286,15.5577948551857,36.1595348893622,0.304313468179391,25,"3_ED3102_0.5",NA,NA,NA,NA,NA,"3",850.390521362296,-648.334411969369
"20250619-CbDRC4-p015-m2x_A12_roi_0.png",20250619,"CbDRC4","p015","m2x","A12",0,191.743152403193,13.9948002592424,"","48h",10,"15hHB101","DMSO",1,"MOXIDECTIN",1,NA,NA,"ED3102",3,NA,NA,NA,190.820546112661,112.558154990136,140.000710812923,156.467241085236,191.743152403193,55.9735709747044,208.753019010853,229.392661987759,391.602112383949,0.293330944256168,14.2359502524771,9.48687088108059,11.2999375613207,13.44237798942,13.931957825759,2.42289146983892,14.9066784765215,16.8219405335464,20.8638204112309,0.170195275121682,23,"3_ED3102_1",NA,NA,NA,NA,NA,"3",850.390521362296,-658.647368959104
"20250619-CbDRC4-p015-m2x_B01_roi_0.png",20250619,"CbDRC4","p015","m2x","B01",0,849.342819855279,38.516932058396,"","48h",10,"15hHB101","DMSO",1,"MOXIDECTIN",0,NA,NA,"NIC1667",3,NA,NA,NA,777.379562867613,631.256804661507,732.828132500416,753.006820330286,775.661026903562,39.4751587827374,803.698021501276,821.728536633474,859.135750534383,0.0507797743448782,38.3635155027374,31.1071443847712,34.7070180771317,36.8901257670133,38.5066221717197,2.80513676736304,40.6424483931259,41.567672995052,43.0101214921148,0.0731199091272771,58,"3_NIC1667_0",NA,NA,NA,NA,NA,"3",774.728395535816,0.932631367746694
"20250619-CbDRC4-p015-m2x_B02_roi_0.png",20250619,"CbDRC4","p015","m2x","B02",0,812.237151901858,37.7720297716103,"","48h",10,"15hHB101","DMSO",1,"MOXIDECTIN",0.00097,NA,NA,"NIC1667",3,NA,NA,NA,769.329614971242,611.660026046289,720.891384056332,744.688513852065,773.551475989174,42.2698027862237,799.969999225147,812.237151901858,838.11049562603,0.0549436833883014,37.4683177110336,28.6507378669156,34.3351832049355,36.2953209122495,37.8590525213253,2.69512923727893,38.7791557474982,40.0635855263188,44.1014485029057,0.0719308845960082,61,"3_NIC1667_0.00097",NA,NA,NA,NA,NA,"3",774.728395535816,-1.17691954664122
"20250619-CbDRC4-p015-m2x_B03_roi_0.png",20250619,"CbDRC4","p015","m2x","B03",0,808.041062661106,38.5589468438708,"","48h",10,"15hHB101","DMSO",1,"MOXIDECTIN",0.0019,NA,NA,"NIC1667",3,NA,NA,NA,781.839797229549,676.439443279506,739.97778402931,760.918253812096,783.230945395796,34.1619712409862,806.622136012506,824.056843468097,860.453695857748,0.0436943365661855,37.428958414522,28.2535145166369,34.2862733569057,36.0375033488452,37.6485375881287,2.71735332780115,39.4448826608485,40.4692620391274,42.7175713119557,0.0726002924715866,54,"3_NIC1667_0.0019",NA,NA,NA,"outlier","outlier","3",774.728395535816,8.50254985998026
"20250619-CbDRC4-p015-m2x_B04_roi_0.png",20250619,"CbDRC4","p015","m2x","B04",0,813.904904594506,40.3630686210569,"","48h",10,"15hHB101","DMSO",1,"MOXIDECTIN",0.0039,NA,NA,"NIC1667",3,NA,NA,NA,767.95561936337,242.647492983693,731.538262378234,751.060189189432,774.660187253319,75.0457394992483,802.650841767034,819.519487751039,877.82052710288,0.0977214536973643,37.6708946403794,13.2037162218124,35.3843436584894,36.599476305379,37.7386797437897,3.68800368060153,39.38478342798,40.755549890485,41.5722743951768,0.0979006130809637,65,"3_NIC1667_0.0039",NA,NA,NA,NA,NA,"3",774.728395535816,-0.0682082824963572
"20250619-CbDRC4-p015-m2x_B05_roi_0.png",20250619,"CbDRC4","p015","m2x","B05",0,784.594952318506,35.7112623444556,"","48h",10,"15hHB101","DMSO",1,"MOXIDECTIN",0.0078,NA,NA,"NIC1667",3,NA,NA,NA,787.137826951761,693.380320726716,743.31338405357,768.014150028817,792.134952682914,33.617675038166,808.395719334935,823.166364850578,857.873032745591,0.0427087530126108,37.7832102756687,29.4623130313942,34.8525644382938,36.2394335480041,38.0321653521302,2.4894291948197,39.3102633886227,40.8734940080612,42.2737006435303,0.0658871804872236,65,"3_NIC1667_0.0078",NA,NA,NA,NA,NA,"3",774.728395535816,17.4065571470989
"20250619-CbDRC4-p015-m2x_B06_roi_0.png",20250619,"CbDRC4","p015","m2x","B06",0,816.300545109076,36.0185510757883,"","48h",10,"15hHB101","DMSO",1,"MOXIDECTIN",0.0156,NA,NA,"NIC1667",3,NA,NA,NA,695.381500332002,342.881586553725,566.055808240657,674.96242122702,712.188602633707,106.100189107514,749.061067282747,801.745229797971,956.104109510356,0.152578389066804,33.0209738029789,17.4502506595686,26.9560333718844,29.3521270598984,33.9231082228043,5.27557368657783,36.7023244713735,38.8080051526507,42.7811020337614,0.159764327910339,81,"3_NIC1667_0.0156",NA,"n>75",NA,NA,NA,"3",774.728395535816,-62.5397929021083
"20250619-CbDRC4-p015-m2x_B07_roi_0.png",20250619,"CbDRC4","p015","m2x","B07",0,276.090284191589,14.785391901613,"","48h",10,"15hHB101","DMSO",1,"MOXIDECTIN",0.03125,NA,NA,"NIC1667",3,NA,NA,NA,294.955454188893,237.074719758157,261.618685720608,271.763389795381,292.958044964046,28.287311314402,318.404169229486,330.85252612463,361.73252141214,0.0959036726145312,16.465816225565,14.2695736538868,14.9359149981906,15.3229461424732,15.9896987039789,1.77703131373781,17.1672670175203,18.4476940711633,25.6450145098052,0.107922455188026,72,"3_NIC1667_0.03125",NA,NA,NA,NA,NA,"3",774.728395535816,-481.770350571769
"20250619-CbDRC4-p015-m2x_B08_roi_0.png",20250619,"CbDRC4","p015","m2x","B08",0,270.575399946731,16.0659969825709,"","48h",10,"15hHB101","DMSO",1,"MOXIDECTIN",0.0625,NA,NA,"NIC1667",3,NA,NA,NA,269.346457418707,137.016884794166,240.063080609658,255.773997699712,268.267624506557,31.9321655968717,279.8022003705,303.074228418099,375.610888166478,0.118554243864556,15.8789867849044,13.3367819227261,14.0050631508067,14.8144411360068,15.5042299436158,1.9048874179948,16.3708290323325,17.4994838349474,22.6801012578753,0.119962781240281,51,"3_NIC1667_0.0625",NA,NA,NA,NA,NA,"3",774.728395535816,-506.460771029258
"20250619-CbDRC4-p015-m2x_B09_roi_0.png",20250619,"CbDRC4","p015","m2x","B09",0,243.557010120908,14.9857476805801,"","48h",10,"15hHB101","DMSO",1,"MOXIDECTIN",0.125,NA,NA,"NIC1667",3,NA,NA,NA,246.829596124857,79.9974087130035,210.875613069437,236.163834293903,252.478381487191,38.3373078294017,271.402152380923,284.662520261624,298.662506013959,0.155318926219889,14.8570358159723,10.6605104219356,13.7330654965778,14.1715194850087,14.5873581214845,1.60094061866862,15.3938513187969,16.7392250199058,19.8965105057662,0.107756394916105,46,"3_NIC1667_0.125",NA,NA,NA,NA,NA,"3",774.728395535816,-522.250014048624
"20250619-CbDRC4-p015-m2x_B10_roi_0.png",20250619,"CbDRC4","p015","m2x","B10",0,229.062635433796,13.502566122632,"","48h",10,"15hHB101","DMSO",1,"MOXIDECTIN",0.25,NA,NA,"NIC1667",3,NA,NA,NA,229.357319632781,101.477297041374,176.591210842574,222.50885178258,237.978052791707,49.1855450821061,246.794413042888,258.64893302666,422.938592461313,0.214449423985492,14.2981020993759,7.40117514373234,12.6167475632151,13.8465803572417,14.3584191050908,1.94320861336341,15.1156269777212,16.1735910162514,18.6527087777245,0.135906751809265,46,"3_NIC1667_0.25",NA,NA,NA,NA,NA,"3",774.728395535816,-536.750342744109
"20250619-CbDRC4-p015-m2x_B11_roi_0.png",20250619,"CbDRC4","p015","m2x","B11",0,245.107305936059,14.4497126224139,"","48h",10,"15hHB101","DMSO",1,"MOXIDECTIN",0.5,NA,NA,"NIC1667",3,NA,NA,NA,227.710652083364,69.3259587654688,198.509574632372,214.420406529404,230.892187222606,37.2575808828011,250.595203537357,261.358705279344,281.985357446702,0.163618085240743,14.9821420085414,12.4778716403152,12.8974049351967,13.7406491884833,14.4473764258814,2.35110464625167,15.1801242503008,17.0329484245642,24.3754754753703,0.156927136647837,32,"3_NIC1667_0.5",NA,NA,NA,NA,NA,"3",774.728395535816,-543.83620831321
"20250619-CbDRC4-p015-m2x_B12_roi_0.png",20250619,"CbDRC4","p015","m2x","B12",0,240.474374392781,13.8399525077735,"","48h",10,"15hHB101","DMSO",1,"MOXIDECTIN",1,NA,NA,"NIC1667",3,NA,NA,NA,222.984813962763,160.237400027322,196.865073951091,209.522787290719,220.503612167839,23.9928847229482,235.325626959607,246.611152792333,273.708311281129,0.107598738660987,14.2016455795189,12.765289465394,13.1978849114189,13.8223578716092,13.9494421905189,0.806348743040345,14.6364529231618,15.0934611366794,16.2290614829844,0.0567785429178173,21,"3_NIC1667_1",NA,NA,NA,NA,NA,"3",774.728395535816,-554.224783367977
"20250619-CbDRC4-p015-m2x_C01_roi_0.png",20250619,"CbDRC4","p015","m2x","C01",0,751.322417229508,34.8984480658338,"","48h",10,"15hHB101","DMSO",1,"MOXIDECTIN",0,NA,NA,"ECA2666",3,NA,NA,NA,732.880705516317,546.211024838106,704.606119552478,720.918558257677,737.938044980647,47.2695032819139,752.565813367479,780.562282442817,822.696494494011,0.064498223143441,34.3118962753867,25.9238842946967,31.568397007331,32.9532504073491,34.3075892065229,2.59853067522003,35.9882099345044,37.6762829203055,40.2114907334146,0.0757326454464733,89,"3_ECA2666_0",NA,"n>75",NA,NA,NA,"3",777.986030494324,-40.0479855136768
"20250619-CbDRC4-p015-m2x_C02_roi_0.png",20250619,"CbDRC4","p015","m2x","C02",0,792.604491013203,36.25008671932,"","48h",10,"15hHB101","DMSO",1,"MOXIDECTIN",0.00097,NA,NA,"ECA2666",3,NA,NA,NA,760.992435824422,615.60690601432,708.141147207033,734.289018886353,764.438770629929,53.4423119742882,785.482088486885,802.031620163043,1037.15952855253,0.0702271263923819,35.1039004110111,26.5153116509632,30.8329435130128,33.0846913027681,35.5971872835269,3.30115979455147,36.7465742308074,38.4049366363188,49.3067745911868,0.0940396866416583,77,"3_ECA2666_0.00097",NA,"n>75",NA,NA,NA,"3",777.986030494324,-13.5472598643948
"20250619-CbDRC4-p015-m2x_C03_roi_0.png",20250619,"CbDRC4","p015","m2x","C03",0,768.450412104099,34.0074298025608,"","48h",10,"15hHB101","DMSO",1,"MOXIDECTIN",0.0019,NA,NA,"ECA2666",3,NA,NA,NA,752.633671389094,623.776242953542,714.595707326355,732.016153594401,752.603017101159,38.8237935882044,778.651024564674,792.441872366605,851.773478993085,0.0515839179989776,34.6567673986849,27.5136418306353,31.3032859045203,33.2230723348869,34.85419067574,2.56575276798308,36.1860285514229,37.4053585865192,41.9073537742066,0.074033239697954,82,"3_ECA2666_0.0019",NA,"n>75",NA,NA,NA,"3",777.986030494324,-25.3830133931647
"20250619-CbDRC4-p015-m2x_C05_roi_0.png",20250619,"CbDRC4","p015","m2x","C05",0,798.89889685809,35.255951399805,"","48h",10,"15hHB101","DMSO",1,"MOXIDECTIN",0.0078,NA,NA,"ECA2666",3,NA,NA,NA,739.890636014484,610.536729025805,692.239397058786,722.166654098546,743.270663569293,45.5690691883776,770.493502723914,786.833189067585,830.397448703229,0.0615889254036803,33.8334201037857,26.5003959759009,31.0776454051454,32.1856833985672,33.7954670883576,2.54798355071055,35.2078487736427,37.0947414836356,40.0093037234888,0.075309665499216,55,"3_ECA2666_0.0078",NA,NA,NA,NA,NA,"3",777.986030494324,-34.7153669250315
"20250619-CbDRC4-p015-m2x_C06_roi_0.png",20250619,"CbDRC4","p015","m2x","C06",0,533.634605045476,25.8348456745826,"","48h",10,"15hHB101","DMSO",1,"MOXIDECTIN",0.0156,NA,NA,"ECA2666",3,NA,NA,NA,607.653213083835,311.435982213351,459.907364533209,542.674708836044,608.909530625281,117.172908787704,699.531218469323,731.795239407516,850.773669286123,0.192828584239771,26.7216906249327,17.6628790419104,19.9877654623102,24.2483670544846,26.8855043639936,4.70627633420167,29.8564913298771,31.7578804735376,37.5424950768129,0.17612195277085,46,"3_ECA2666_0.0156",NA,NA,NA,NA,NA,"3",777.986030494324,-169.076499869043
"20250619-CbDRC4-p015-m2x_C08_roi_0.png",20250619,"CbDRC4","p015","m2x","C08",0,254.366087334651,11.7014992413321,"","48h",10,"15hHB101","DMSO",1,"MOXIDECTIN",0.0625,NA,NA,"ECA2666",3,NA,NA,NA,231.113718094141,158.052743275571,193.429210885546,206.376573495612,234.256829225942,35.292099484998,261.207318321051,273.379419879092,273.942727873162,0.152704477155364,13.5006743541532,11.7014992413321,12.413954407566,12.716522826668,13.374751267463,1.08037163277848,14.1943200414186,14.933124202051,15.5043780839701,0.080023531005777,16,"3_ECA2666_0.0625",NA,NA,NA,"outlier","outlier","3",777.986030494324,-543.729201268382
"20250619-CbDRC4-p015-m2x_C09_roi_0.png",20250619,"CbDRC4","p015","m2x","C09",0,235.546915495854,14.5376104974721,"","48h",10,"15hHB101","DMSO",1,"MOXIDECTIN",0.125,NA,NA,"ECA2666",3,NA,NA,NA,218.319187650346,133.197095370956,186.713461213674,205.723260543973,226.755509948071,32.8167515864107,238.981132689156,245.654152467229,264.404502032878,0.150315471304195,13.9045137655148,11.8537241645836,12.1707785749468,13.3867334758867,14.0204721832653,1.14253305979743,14.6665917142155,15.0771294563848,15.5984866928407,0.0821699398529903,14,"3_ECA2666_0.125",NA,NA,NA,NA,NA,"3",777.986030494324,-551.230520546253
"20250619-CbDRC4-p015-m2x_C10_roi_0.png",20250619,"CbDRC4","p015","m2x","C10",0,212.700496059312,13.4122839869063,"","48h",10,"15hHB101","DMSO",1,"MOXIDECTIN",0.25,NA,NA,"ECA2666",3,NA,NA,NA,199.70844915002,162.597028940871,177.442191065916,189.198269844398,198.527185841477,19.8997512010939,212.325681883909,224.45625162149,240.020992901235,0.0996440124881515,13.9414076133697,11.2062066247836,12.6294879150432,13.3200745597752,13.8923743624219,1.2748786052843,14.8508900936309,15.4767810910086,16.1380690527994,0.0914454724113871,17,"3_ECA2666_0.25",NA,NA,NA,NA,NA,"3",777.986030494324,-579.458844652847
"20250619-CbDRC4-p015-m2x_C11_roi_0.png",20250619,"CbDRC4","p015","m2x","C11",0,230.468658607733,13.3016878323027,"","48h",10,"15hHB101","DMSO",1,"MOXIDECTIN",0.5,NA,NA,"ECA2666",3,NA,NA,NA,211.228045625696,143.335444501928,188.366554254939,201.360179527244,208.940034248309,21.6307245633475,227.012388903284,234.658363385121,240.100217778414,0.102404604934318,14.1299315216418,12.5985712341927,12.8369420717484,13.422074883046,13.9801306930162,1.10237675403183,14.31673223026,15.6303395263496,17.0528999863395,0.0780171335114681,22,"3_ECA2666_0.5",NA,NA,NA,NA,NA,"3",777.986030494324,-569.045996246015
"20250619-CbDRC4-p015-m2x_C12_roi_0.png",20250619,"CbDRC4","p015","m2x","C12",0,209.686502612373,16.345668099952,"","48h",10,"15hHB101","DMSO",1,"MOXIDECTIN",1,NA,NA,"ECA2666",3,NA,NA,NA,200.959555351339,139.265609192485,170.634747458424,186.60941774404,207.85530384653,23.7584191512139,219.49773014467,225.603075483561,230.647339372477,0.118224879178683,15.5004132917285,11.4570031671356,13.1266353743811,14.0624328813746,14.975604230022,2.65799591777807,16.9658860470367,18.0978290438722,23.1378407766603,0.171479035284592,21,"3_ECA2666_1",NA,NA,NA,"outlier","outlier","3",777.986030494324,-570.130726647794
"20250619-CbDRC4-p015-m2x_D01_roi_0.png",20250619,"CbDRC4","p015","m2x","D01",0,878.639511680523,37.9828432254012,"","48h",10,"15hHB101","DMSO",1,"MOXIDECTIN",0,NA,NA,"VX34",3,NA,NA,NA,837.846880998561,740.194358724469,784.630432948537,823.251424464777,833.196116584989,47.0224746307796,858.885337607908,882.998935995138,941.723688718057,0.0561229929921532,38.6194211395041,36.469742287533,36.7139728331497,37.6009240608822,38.3336042562401,1.55511693251761,39.7373545285842,40.5454005317205,41.7616441171444,0.0402677431880736,16,"3_VX34_0",NA,NA,NA,NA,NA,"3",841.848651392647,-8.65253480765807
"20250619-CbDRC4-p015-m2x_D02_roi_0.png",20250619,"CbDRC4","p015","m2x","D02",0,835.930289257515,37.9612764011015,"","48h",10,"15hHB101","DMSO",1,"MOXIDECTIN",0.00097,NA,NA,"VX34",3,NA,NA,NA,839.37591551141,776.150231872194,797.514183699223,827.491248981441,841.558558907669,28.9496440265008,860.004890028545,870.815000052491,885.499751640145,0.0344894861664723,38.5007827041025,35.4414520671082,36.3470846020838,37.2095706571887,38.2403869540001,1.75515867022553,39.4667588603713,41.241220823263,41.9117639687387,0.0455876100939244,28,"3_VX34_0.00097",NA,NA,NA,NA,NA,"3",841.848651392647,-0.290092484978231
"20250619-CbDRC4-p015-m2x_D03_roi_0.png",20250619,"CbDRC4","p015","m2x","D03",0,891.211580143864,36.6434317317986,"","48h",10,"15hHB101","DMSO",1,"MOXIDECTIN",0.0019,NA,NA,"VX34",3,NA,NA,NA,850.7513797252,672.843218250602,800.629656070604,829.411760157534,849.809148635863,47.7734063822968,874.98220602249,916.145010721864,927.693798937446,0.0561543683863645,38.8708134078364,34.0303563933758,36.6234572426558,37.7703007255629,38.9530345241084,1.84545666513744,40.0581240398804,41.2011460242236,42.5123310635858,0.0474766670245546,39,"3_VX34_0.0019",NA,NA,NA,NA,NA,"3",841.848651392647,7.96049724321608
"20250619-CbDRC4-p015-m2x_D04_roi_0.png",20250619,"CbDRC4","p015","m2x","D04",0,830.649138783745,37.744122816232,"","48h",10,"15hHB101","DMSO",1,"MOXIDECTIN",0.0039,NA,NA,"VX34",3,NA,NA,NA,841.038791669405,497.774021927399,810.228297677989,824.957613552739,834.028634530273,70.4265261773308,855.476668295837,894.981214591708,1030.93119401132,0.0837375479881719,38.1766573522692,28.0288525322756,36.7345083897167,37.2743890967382,38.4448921849938,2.05351667153123,39.2401084786208,40.0465526998287,42.0885391439814,0.053789849975149,48,"3_VX34_0.0039",NA,NA,NA,NA,NA,"3",841.848651392647,-7.82001686237402
"20250619-CbDRC4-p015-m2x_D05_roi_0.png",20250619,"CbDRC4","p015","m2x","D05",0,917.795496789276,40.2827681752614,"","48h",10,"15hHB101","DMSO",1,"MOXIDECTIN",0.0078,NA,NA,"VX34",3,NA,NA,NA,842.848532075409,766.763471187889,789.382391976217,819.555712845308,838.941113286897,39.4424326632432,870.45731687342,888.7430003829,930.991514417314,0.046796584632023,38.0024114793312,33.66573622792,36.3486682371728,37.0220301892791,38.0268914327373,1.60845061613827,38.9134003752089,40.0954322060099,41.6746447670232,0.0423249618517781,56,"3_VX34_0.0078",NA,NA,NA,NA,NA,"3",841.848651392647,-2.9075381057495
"20250619-CbDRC4-p015-m2x_D07_roi_0.png",20250619,"CbDRC4","p015","m2x","D07",0,361.721706756781,15.3097840206347,"","48h",10,"15hHB101","DMSO",1,"MOXIDECTIN",0.03125,NA,NA,"VX34",3,NA,NA,NA,294.755922086016,248.295419924736,258.544243042463,272.118737051496,289.36755953342,30.6649736579832,308.938143385913,337.391257830126,371.137847610414,0.104035140128701,16.3406056004903,14.5616803331133,15.1879750539452,15.5783839511336,16.1189340324821,1.2165457275402,16.8129937631475,17.9539576384478,21.4213086372351,0.0744492436378061,47,"3_VX34_0.03125",NA,NA,NA,NA,NA,"3",841.848651392647,-552.481091859227
"20250619-CbDRC4-p015-m2x_D10_roi_0.png",20250619,"CbDRC4","p015","m2x","D10",0,226.77664679175,13.2883223965972,"","48h",10,"15hHB101","DMSO",1,"MOXIDECTIN",0.25,NA,NA,"VX34",3,NA,NA,NA,209.157125667027,112.334349044143,138.63959423483,201.984124912189,225.429847432104,42.6865424311413,235.176151801544,248.896188015231,258.966536972055,0.204088396677899,13.7301345117465,9.74916921864641,11.8725269998162,12.9010511994665,14.3038772166956,1.62221798802694,14.6928996503121,15.1280761903465,16.2397201447418,0.118150189034134,17,"3_VX34_0.25",NA,NA,NA,NA,NA,"3",841.848651392647,-616.418803960543
"20250619-CbDRC4-p015-m2x_D11_roi_0.png",20250619,"CbDRC4","p015","m2x","D11",0,223.44153777732,14.4078300174001,"","48h",10,"15hHB101","DMSO",1,"MOXIDECTIN",0.5,NA,NA,"VX34",3,NA,NA,NA,210.173839305856,129.216350388679,152.578676483241,178.610911936077,210.749649914853,47.4639618460979,237.593734818929,244.748568392397,314.609240257068,0.225831920865402,15.0258638385386,12.9982711733251,13.5131324861924,14.0598102033547,14.4895353719344,2.26006681067581,14.6326119021466,17.3825259286634,21.4419012600702,0.150411772325471,13,"3_VX34_0.5",NA,NA,NA,NA,NA,"3",841.848651392647,-631.099001477794
"20250619-CbDRC4-p015-m2x_D12_roi_0.png",20250619,"CbDRC4","p015","m2x","D12",0,226.491376208506,15.2502078039659,"","48h",10,"15hHB101","DMSO",1,"MOXIDECTIN",1,NA,NA,"VX34",3,NA,NA,NA,206.182074962127,169.687770047903,174.412521157365,180.398650695221,212.315308541334,29.7179036930379,226.491376208506,235.954814472099,269.416541013955,0.144134274031808,14.8853542572132,13.5659747738469,13.6389061858579,13.893099581436,14.5483848542829,1.41081631051901,15.2502078039659,16.9567478356038,18.0112239892953,0.0947788199152431,13,"3_VX34_1",NA,NA,NA,NA,NA,"3",841.848651392647,-629.533342851313
"20250619-CbDRC4-p015-m2x_E01_roi_0.png",20250619,"CbDRC4","p015","m2x","E01",0,743.510673758273,38.4121996864466,"","48h",10,"15hHB101","DMSO",1,"MOXIDECTIN",0,NA,NA,"JU3237",3,NA,NA,NA,738.837336964307,587.059875808559,702.028216515738,717.68727489495,735.944643927752,40.2687591433866,762.111281962458,773.779415843382,920.888548605007,0.0545028751644314,38.4794037926673,29.1587266160576,34.5745765418225,36.7182956440232,39.1668467026927,2.85277590652959,40.2249737527361,41.7246862122469,43.1748821097826,0.0741377366941747,69,"3_JU3237_0",NA,NA,NA,NA,NA,"3",756.836909183482,-20.8922652557294
"20250619-CbDRC4-p015-m2x_E02_roi_0.png",20250619,"CbDRC4","p015","m2x","E02",0,703.400726960124,38.082650239672,"","48h",10,"15hHB101","DMSO",1,"MOXIDECTIN",0.00097,NA,NA,"JU3237",3,NA,NA,NA,745.387488712693,603.522886616508,707.581684500009,724.605632726574,746.751183557755,39.9531576355684,769.625549127195,790.384044870337,824.833949382998,0.0536005208573714,38.3694260239998,27.1917225389916,33.6953401200555,36.5381558103034,38.9215380298792,3.39902138944739,40.6334380629791,42.133995873609,45.0180370882779,0.0885867145190374,69,"3_JU3237_0.00097",NA,NA,NA,NA,NA,"3",756.836909183482,-10.0857256257268
"20250619-CbDRC4-p015-m2x_E03_roi_0.png",20250619,"CbDRC4","p015","m2x","E03",0,772.393814360154,42.011838758305,"","48h",10,"15hHB101","DMSO",1,"MOXIDECTIN",0.0019,NA,NA,"JU3237",3,NA,NA,NA,757.853304724319,419.817278993524,722.694970416536,742.104039574207,758.836380697207,53.8445783953591,780.523264225964,804.288057349085,830.039146229315,0.0710488138795488,38.8637557673865,25.5949143860671,34.342111951386,37.5734833338619,39.2178344875452,3.42145766027142,41.1138017315702,42.5310497351106,45.042495720854,0.0880372365643214,62,"3_JU3237_0.0019",NA,NA,NA,NA,NA,"3",756.836909183482,1.99947151372544
"20250619-CbDRC4-p015-m2x_E04_roi_0.png",20250619,"CbDRC4","p015","m2x","E04",0,768.464271905656,40.5756295997833,"","48h",10,"15hHB101","DMSO",1,"MOXIDECTIN",0.0039,NA,NA,"JU3237",3,NA,NA,NA,758.410988624486,665.964032905351,711.241065063459,735.035595045647,756.634000069365,38.2955832415636,788.97250540292,806.58727084681,821.74704220068,0.0504944994415489,38.7977358744886,28.5203775524159,35.4356468759127,37.5142007630809,39.2874898427835,2.93610499277431,41.0097593994251,41.6240095085099,43.3176937921961,0.0756772251420202,51,"3_JU3237_0.0039",NA,NA,NA,NA,NA,"3",756.836909183482,-0.202909114117006
"20250619-CbDRC4-p015-m2x_E05_roi_0.png",20250619,"CbDRC4","p015","m2x","E05",0,725.665699035465,34.1274774976031,"","48h",10,"15hHB101","DMSO",1,"MOXIDECTIN",0.0078,NA,NA,"JU3237",3,NA,NA,NA,745.75460763251,605.457915724229,698.445518381794,723.382785474833,750.261141758849,44.0586658953388,778.311539662129,795.888624781979,817.107799099616,0.0590793076494807,37.5511282484575,28.9468467960221,33.0729112293248,36.1386296134581,37.7941133428063,3.18523128027236,39.5295845591687,41.2604862249712,44.1961095435758,0.0848238502768075,67,"3_JU3237_0.0078",NA,NA,NA,NA,NA,"3",756.836909183482,-6.57576742463209
"20250619-CbDRC4-p015-m2x_E06_roi_0.png",20250619,"CbDRC4","p015","m2x","E06",0,598.717172377914,25.9056759009559,"","48h",10,"15hHB101","DMSO",1,"MOXIDECTIN",0.0156,NA,NA,"JU3237",3,NA,NA,NA,528.823066400443,217.27547104921,378.143234471942,428.374372305288,549.227842586823,120.709713063229,607.726092004958,684.869689919969,737.161991582448,0.228261058816643,24.7042540933817,15.4049782044679,18.2139824242853,20.1850561020485,24.9486760788981,5.2506612947752,28.1968713378072,32.2557321868188,35.6422123746429,0.212540774351162,59,"3_JU3237_0.0156",NA,NA,NA,NA,NA,"3",756.836909183482,-207.609066596659
"20250619-CbDRC4-p015-m2x_E07_roi_0.png",20250619,"CbDRC4","p015","m2x","E07",0,294.493268346097,15.6556327680313,"","48h",10,"15hHB101","DMSO",1,"MOXIDECTIN",0.03125,NA,NA,"JU3237",3,NA,NA,NA,266.014084327152,106.617600594621,228.12385620428,250.970900137059,272.071178182145,49.3860925501331,289.750306163139,319.863210803611,344.165885746756,0.185652172045885,16.4290653494125,11.3637990691671,14.4477545748547,15.3577707531169,15.9857139515301,2.04660141565615,17.4490352204089,18.5801648895744,22.8981403211264,0.12457199311885,47,"3_JU3237_0.03125",NA,NA,NA,"outlier","outlier","3",756.836909183482,-484.765731001336
"20250619-CbDRC4-p015-m2x_E09_roi_0.png",20250619,"CbDRC4","p015","m2x","E09",0,210.144358009444,15.1928500593205,"","48h",10,"15hHB101","DMSO",1,"MOXIDECTIN",0.125,NA,NA,"JU3237",3,NA,NA,NA,237.198077885973,139.126642690763,214.165093724258,222.950603989033,239.787566789645,26.448451494922,249.830339096862,269.381302969299,282.842312515035,0.111503650158735,14.7955304253499,11.7597088241391,12.9639859680168,14.2662906550774,15.1928500593205,1.27687312299205,15.3583503275461,15.8278828490001,17.7197750272414,0.0863012738498599,35,"3_JU3237_0.125",NA,NA,NA,NA,NA,"3",756.836909183482,-517.049342393836
"20250619-CbDRC4-p015-m2x_E10_roi_0.png",20250619,"CbDRC4","p015","m2x","E10",0,243.401566259278,13.7532842038315,"","48h",10,"15hHB101","DMSO",1,"MOXIDECTIN",0.25,NA,NA,"JU3237",3,NA,NA,NA,237.817714318902,149.14859793941,192.236041412425,216.640510524169,231.635044768498,46.4105628151859,258.315085730693,276.134495661301,436.894240273916,0.195151832772859,15.0410978770021,13.1773789091779,13.7791475432666,14.1073233786936,14.7287292333183,1.40605374353703,15.3864838714417,17.2368026146838,19.2451156726715,0.0934807920960937,35,"3_JU3237_0.25",NA,NA,NA,NA,NA,"3",756.836909183482,-525.201864414983
"20250619-CbDRC4-p015-m2x_E11_roi_0.png",20250619,"CbDRC4","p015","m2x","E11",0,210.729848183261,14.4700473336408,"","48h",10,"15hHB101","DMSO",1,"MOXIDECTIN",0.5,NA,NA,"JU3237",3,NA,NA,NA,221.054306994064,153.340037512927,192.775952844392,210.331032540158,221.323322490035,26.1225653270752,231.378281042369,251.1579325955,286.592450686103,0.118172614152126,14.8438120683498,13.3091696840794,13.4364549254892,14.2292447432302,14.8275090566674,1.2425454761477,15.2458264525017,15.527735852516,19.9013337072756,0.0837079767937158,27,"3_JU3237_0.5",NA,NA,NA,NA,NA,"3",756.836909183482,-535.513586693447
"20250619-CbDRC4-p015-m2x_E12_roi_0.png",20250619,"CbDRC4","p015","m2x","E12",0,254.549515839644,15.1723958993433,"","48h",10,"15hHB101","DMSO",1,"MOXIDECTIN",1,NA,NA,"JU3237",3,NA,NA,NA,208.789838261228,69.0740548660198,161.780984258711,196.908643661103,216.922805712301,37.3446673284851,227.851846948404,243.55353264037,268.862153735122,0.178862475489642,15.0592070862778,12.0725338372833,12.9945694071321,14.0539758276489,14.5131618911973,4.44119304653759,14.9943490649176,15.246691278142,41.1795771560538,0.29491546408074,38,"3_JU3237_1",NA,NA,NA,"outlier","outlier","3",756.836909183482,-539.91410347118
"20250619-CbDRC4-p015-m2x_F01_roi_0.png",20250619,"CbDRC4","p015","m2x","F01",0,746.632216500363,37.4750862679754,"","48h",10,"15hHB101","DMSO",1,"MOXIDECTIN",0,NA,NA,"PB420",3,NA,NA,NA,749.792013238814,624.616039456981,717.546355361952,734.221453195896,752.672557100153,28.4178655389777,765.117132882846,784.384950195431,813.640169108546,0.0379009979263762,37.4705097018666,32.5521179674893,34.8254687486898,36.0080075800705,37.762928401713,2.10425804004604,38.6674337590138,39.3023441347937,44.9952982411485,0.056157710604647,79,"3_PB420_0",NA,"n>75",NA,NA,NA,"3",758.846883086449,-6.17432598629648
"20250619-CbDRC4-p015-m2x_F02_roi_0.png",20250619,"CbDRC4","p015","m2x","F02",0,727.958327163978,39.1382268608536,"","48h",10,"15hHB101","DMSO",1,"MOXIDECTIN",0.00097,NA,NA,"PB420",3,NA,NA,NA,756.280878261341,631.149485957406,726.227032593749,736.432590084505,759.746566438391,28.331842595235,774.811829129918,791.562416425071,805.505891917271,0.0374620639098647,37.7726485998357,29.4307087824603,35.3092869172856,36.9339349278955,37.9339546589806,2.16143277449366,39.0897872834755,40.2280808991231,41.560133945164,0.0572221661602797,71,"3_PB420_0.00097",NA,NA,NA,NA,NA,"3",758.846883086449,0.899683351941917
"20250619-CbDRC4-p015-m2x_F03_roi_0.png",20250619,"CbDRC4","p015","m2x","F03",0,740.566124895023,36.4891434559874,"","48h",10,"15hHB101","DMSO",1,"MOXIDECTIN",0.0019,NA,NA,"PB420",3,NA,NA,NA,753.228253432113,648.189593282441,716.646371960381,736.040403279288,755.825498778087,29.0254615356146,773.84577289676,786.047838997878,806.970591829889,0.0385347488007241,38.0701667326968,32.2471108787936,35.8679888750303,36.9494502121713,38.3919836103105,1.63242949089802,39.176163957517,39.8108396236622,41.4917644506648,0.0428794941288239,93,"3_PB420_0.0019",NA,"n>75",NA,NA,NA,"3",758.846883086449,-3.02138430836237
"20250619-CbDRC4-p015-m2x_F04_roi_0.png",20250619,"CbDRC4","p015","m2x","F04",0,772.040771986851,36.1981354370536,"","48h",10,"15hHB101","DMSO",1,"MOXIDECTIN",0.0039,NA,NA,"PB420",3,NA,NA,NA,751.27545776595,214.450442556332,720.017332853356,742.337214329849,760.039316473215,63.6740384252187,772.61272938694,789.886083963424,822.211049382186,0.0847545833781989,37.4987082592163,12.6611654063834,35.3578976715242,36.5768332276087,37.9660287335946,3.23486032116764,39.0543671180179,39.8928383485787,42.2569296068072,0.0862659134497676,87,"3_PB420_0.0039",NA,"n>75",NA,NA,NA,"3",758.846883086449,1.19243338676586
"20250619-CbDRC4-p015-m2x_F05_roi_0.png",20250619,"CbDRC4","p015","m2x","F05",0,742.188196928122,38.846258921738,"","48h",10,"15hHB101","DMSO",1,"MOXIDECTIN",0.0078,NA,NA,"PB420",3,NA,NA,NA,752.485529703456,500.060668900682,717.407326576317,742.112972098881,759.698304925322,42.0847755660298,773.042221660618,788.090981752252,816.467943723116,0.0559276875166155,36.8758261042293,29.8245697822398,33.6247278976989,35.4264349100675,37.056910390219,2.41197875930869,38.6446532043217,39.6114198042993,41.85273740171,0.0654081281458276,88,"3_PB420_0.0078",NA,"n>75",NA,NA,NA,"3",758.846883086449,0.851421838873193
"20250619-CbDRC4-p015-m2x_F06_roi_0.png",20250619,"CbDRC4","p015","m2x","F06",0,777.439325756804,36.1463439946137,"","48h",10,"15hHB101","DMSO",1,"MOXIDECTIN",0.0156,NA,NA,"PB420",3,NA,NA,NA,613.560277154942,372.834144531346,470.330034516831,559.543694385769,612.67510910428,98.7325699617003,692.713025121657,734.707433348154,785.018881841332,0.160917474024752,29.2172988055672,19.9256209435355,23.8591763060614,26.944741604681,28.7016237156064,4.26887217604251,32.1099302036081,35.7033762605414,38.436883972864,0.146107694775299,77,"3_PB420_0.0156",NA,"n>75",NA,NA,NA,"3",758.846883086449,-146.171773982169
"20250619-CbDRC4-p015-m2x_F07_roi_0.png",20250619,"CbDRC4","p015","m2x","F07",0,289.576718086776,16.4927343234023,"","48h",10,"15hHB101","DMSO",1,"MOXIDECTIN",0.03125,NA,NA,"PB420",3,NA,NA,NA,263.880037629458,182.129090811976,234.560416860106,249.147864645639,265.563505695661,24.0343232800778,275.109216800104,294.735330392985,309.221062167099,0.0910804905743837,15.4470290489922,13.2901148922367,14.3104066081831,14.829792647399,15.5200469132583,1.07054080525507,16.0611734589234,16.8735297522359,18.3476056538092,0.0693039937880425,53,"3_PB420_0.03125",NA,NA,NA,NA,NA,"3",758.846883086449,-493.283377390788
"20250619-CbDRC4-p015-m2x_F08_roi_0.png",20250619,"CbDRC4","p015","m2x","F08",0,286.794904337745,18.0611320947648,"","48h",10,"15hHB101","DMSO",1,"MOXIDECTIN",0.0625,NA,NA,"PB420",3,NA,NA,NA,239.979525364318,165.794748787171,214.713839407943,229.839136191193,240.731855954587,18.8246099940289,250.75421065172,262.354191871359,286.794904337745,0.0784425669875412,14.8955859838949,12.5545522633067,13.4429913634596,14.2237964341766,14.7562296987966,1.22474136607021,15.4673097586348,16.1978419986341,19.9689352262458,0.0822217647156951,87,"3_PB420_0.0625",NA,"n>75",NA,NA,NA,"3",758.846883086449,-518.115027131862
"20250619-CbDRC4-p015-m2x_F09_roi_0.png",20250619,"CbDRC4","p015","m2x","F09",0,205.757287880057,14.8458994519874,"","48h",10,"15hHB101","DMSO",1,"MOXIDECTIN",0.125,NA,NA,"PB420",3,NA,NA,NA,223.33611932101,75.2327954959324,174.354232623509,214.151868195257,227.728599773933,41.7363387298981,253.287702677033,259.431712828881,277.17372755242,0.186876797433329,15.7831376354796,11.742972924744,13.4713380382062,14.3038049148989,14.6813169812533,4.66633174374534,15.508174286295,17.2474280548906,41.7767815195142,0.295652984312555,42,"3_PB420_0.125",NA,NA,NA,NA,NA,"3",758.846883086449,-531.118283312516
"20250619-CbDRC4-p015-m2x_F10_roi_0.png",20250619,"CbDRC4","p015","m2x","F10",0,231.974354674149,12.999258874873,"","48h",10,"15hHB101","DMSO",1,"MOXIDECTIN",0.25,NA,NA,"PB420",3,NA,NA,NA,225.465127332174,155.831805701982,196.588913555917,210.447171854991,231.756693050488,24.3193731242518,240.731680004084,246.820670122177,278.960394788685,0.107863124608279,14.9904769684563,11.522661754463,13.1828977885483,13.8212345887129,14.2023615264112,2.45966927731813,14.9989794921628,18.5737649130845,22.3555878227685,0.16408212243639,42,"3_PB420_0.25",NA,NA,NA,NA,NA,"3",758.846883086449,-527.090190035961
"20250619-CbDRC4-p015-m2x_F11_roi_0.png",20250619,"CbDRC4","p015","m2x","F11",0,213.641377030597,12.6968125990913,"","48h",10,"15hHB101","DMSO",1,"MOXIDECTIN",0.5,NA,NA,"PB420",3,NA,NA,NA,217.134542489991,117.482629759007,162.997944730622,198.749396873677,226.355929010611,34.8632865261629,239.998806391371,255.514428729074,274.733351281047,0.160560757060429,14.4715864686016,11.9104260644096,12.8370946842966,13.2038869625263,13.9445789582818,2.37607282906067,14.7885331975791,15.4634798256468,26.539428077386,0.164188828516897,41,"3_PB420_0.5",NA,NA,NA,"outlier","outlier","3",758.846883086449,-532.490954075838
"20250619-CbDRC4-p015-m2x_F12_roi_0.png",20250619,"CbDRC4","p015","m2x","F12",0,222.646245811423,13.6755175892594,"","48h",10,"15hHB101","DMSO",1,"MOXIDECTIN",1,NA,NA,"PB420",3,NA,NA,NA,217.839110736719,143.601968056254,192.484466669543,205.530041865107,222.189894670046,24.8643995434545,230.270843130409,243.336552689208,273.392256784784,0.114141117540209,13.8581168902308,10.186606257618,12.9682603028425,13.3198036904407,13.7755916423477,1.10389142335048,14.4919152754531,15.1108000314322,16.209057488162,0.079656668513791,42,"3_PB420_1",NA,NA,NA,NA,NA,"3",758.846883086449,-536.656988416403
"20250619-CbDRC4-p016-m2x_A01_roi_0.png",20250619,"CbDRC4","p016","m2x","A01",0,860.470272738616,41.5184055743849,"","48h",10,"15hHB101","DMSO",1,"MOXIDECTIN",0,NA,NA,"ED3102",3,NA,NA,NA,842.170222194981,463.182304924475,778.890838401614,817.354127126065,847.828713650594,84.7343143648512,879.553179925694,914.580324764796,1027.48347275763,0.100614237041064,41.1840058686241,30.2660989324205,38.3268149528932,39.6818294312848,41.2450211932209,2.56150150319972,42.619770718963,43.6933921580561,49.1041683818324,0.0621965117082308,89,"3_ED3102_0",NA,"n>75",NA,NA,NA,"3",850.390521362296,-2.56180771170227
"20250619-CbDRC4-p016-m2x_A02_roi_0.png",20250619,"CbDRC4","p016","m2x","A02",0,944.939175975495,39.2111358385779,"","48h",10,"15hHB101","DMSO",1,"MOXIDECTIN",0.00097,NA,NA,"ED3102",3,NA,NA,NA,880.336304774706,792.934527477918,823.133694395533,847.519625527015,878.253421904087,43.5710526590978,910.835644024224,929.428111450545,1026.30586650193,0.0494936451249145,41.227971043582,36.0976661099948,39.1929016576607,39.8689107523501,41.234681902085,1.90510017144004,42.5590969623573,43.2117187251646,49.505572257507,0.0462089237771647,81,"3_ED3102_0.00097",NA,"n>75",NA,NA,NA,"3",850.390521362296,27.8629005417907
"20250619-CbDRC4-p016-m2x_A03_roi_0.png",20250619,"CbDRC4","p016","m2x","A03",0,939.113600321792,39.90591041111,"","48h",10,"15hHB101","DMSO",1,"MOXIDECTIN",0.0019,NA,NA,"ED3102",3,NA,NA,NA,857.534903938203,754.119232609979,794.995295354269,821.728064408134,865.604197714677,43.6199364433299,888.140523453917,905.062955262112,939.113600321792,0.0508666600543099,41.1760740585997,37.6181974531941,38.6297062059005,39.6304518353112,40.7010306773907,2.13723453396847,42.5520487131337,44.3352751968739,46.6938244384228,0.0519047670967094,74,"3_ED3102_0.0019",NA,NA,NA,NA,NA,"3",850.390521362296,15.2136763523812
"20250619-CbDRC4-p016-m2x_A04_roi_0.png",20250619,"CbDRC4","p016","m2x","A04",0,896.941860947675,37.8932470763741,"","48h",10,"15hHB101","DMSO",1,"MOXIDECTIN",0.0039,NA,NA,"ED3102",3,NA,NA,NA,872.434510854165,706.974399305344,811.459253266141,838.723345739092,877.651187027458,76.9119791014145,892.763901386871,910.614482570229,1268.32856640195,0.088157882505259,40.9841602949959,36.4465900193872,38.3642518123225,39.3623630259588,40.8883952107182,2.37268196304026,42.2683875619515,43.7750584169821,52.9685285907434,0.0578926576990272,82,"3_ED3102_0.0039",NA,"n>75",NA,NA,NA,"3",850.390521362296,27.260665665162
"20250619-CbDRC4-p016-m2x_A05_roi_0.png",20250619,"CbDRC4","p016","m2x","A05",0,872.705193821182,40.9183114927966,"","48h",10,"15hHB101","DMSO",1,"MOXIDECTIN",0.0078,NA,NA,"ED3102",3,NA,NA,NA,830.228771167506,190.37685836303,793.371626628913,818.530174984187,846.633052486156,91.2340826109301,872.250227429319,888.766210834401,941.696860551987,0.109890292626974,39.3192865782954,14.248668057042,36.9702475237344,38.4070039640752,39.6707303329473,4.05721893429401,41.1975501363996,42.9887228158891,46.884582473892,0.103186483971803,99,"3_ED3102_0.0078",NA,"n>75",NA,NA,NA,"3",850.390521362296,-3.75746887614048
"20250619-CbDRC4-p016-m2x_A06_roi_0.png",20250619,"CbDRC4","p016","m2x","A06",0,599.199152750899,28.9074922497811,"","48h",10,"15hHB101","DMSO",1,"MOXIDECTIN",0.0156,NA,NA,"ED3102",3,NA,NA,NA,444.677686210318,246.389412314325,304.299276865446,340.741149573328,381.373810592948,139.483644041994,572.874984662691,654.830568833132,773.740355515285,0.313673585087475,22.0852432592631,14.36390298866,17.1115885806809,17.9315176565241,20.2607493777123,5.20870959098948,25.9863649258131,30.5879636662706,34.3812558304687,0.235845697049537,57,"3_ED3102_0.0156",NA,NA,NA,NA,NA,"3",850.390521362296,-469.016710769348
"20250619-CbDRC4-p016-m2x_A07_roi_0.png",20250619,"CbDRC4","p016","m2x","A07",0,233.30618156732,15.2343948832938,"","48h",10,"15hHB101","DMSO",1,"MOXIDECTIN",0.03125,NA,NA,"ED3102",3,NA,NA,NA,247.025894716279,180.904447674119,219.179728836203,232.558835742041,248.896821100473,26.0276092322318,258.860851834338,273.321617427338,322.823390739204,0.105363890138424,15.2092547886005,11.819492455257,14.274785512088,14.7361231886716,15.3515317251025,1.0895499066654,15.7571909706919,15.988133608836,18.3556278941536,0.0716372972778406,43,"3_ED3102_0.03125",NA,NA,NA,NA,NA,"3",850.390521362296,-601.493700261823
"20250619-CbDRC4-p016-m2x_A08_roi_0.png",20250619,"CbDRC4","p016","m2x","A08",0,252.344432239515,15.5944886637459,"","48h",10,"15hHB101","DMSO",1,"MOXIDECTIN",0.0625,NA,NA,"ED3102",3,NA,NA,NA,232.06940002422,193.384050422509,214.108998236774,223.420568581067,229.155650095049,17.8750511105386,238.045247157289,251.560694036944,293.26679813999,0.0770245931116859,15.2331701388992,12.656950916505,13.772626599005,14.5342045675998,15.3903570926246,1.09814250898378,16.0812854134363,16.6262925132799,17.1072731520082,0.0720889019797383,63,"3_ED3102_0.0625",NA,NA,NA,NA,NA,"3",850.390521362296,-621.234871267247
"20250619-CbDRC4-p016-m2x_A10_roi_0.png",20250619,"CbDRC4","p016","m2x","A10",0,240.120580236914,14.6378140543923,"","48h",10,"15hHB101","DMSO",1,"MOXIDECTIN",0.25,NA,NA,"ED3102",3,NA,NA,NA,212.95154257195,138.478395439522,173.925815734114,193.877189805277,206.597672113882,46.686395287355,227.591793705063,233.810188152223,375.598857391615,0.219234830250553,13.9910796255562,11.8694282935345,12.3491533427645,12.8469018891042,13.7768373891466,1.41892165052273,15.4347640879433,15.5887808898257,16.238053535057,0.101416165764,19,"3_ED3102_0.25",NA,NA,NA,NA,NA,"3",850.390521362296,-643.792849248414
"20250619-CbDRC4-p016-m2x_A11_roi_0.png",20250619,"CbDRC4","p016","m2x","A11",0,207.145498074957,13.9236572366812,"","48h",10,"15hHB101","DMSO",1,"MOXIDECTIN",0.5,NA,NA,"ED3102",3,NA,NA,NA,209.720914993369,137.17044872133,160.410763892832,190.655913654922,210.282241523998,34.8804384963845,235.117996099781,251.227390337241,268.196774682212,0.166318359318084,13.7104897237694,10.4941643465598,11.9946905873793,13.1922265589976,13.8196608682475,1.35878094283578,14.5319092987251,15.2638012198042,16.1471885820986,0.0991052085090806,26,"3_ED3102_0.5",NA,NA,NA,NA,NA,"3",850.390521362296,-640.108279838298
"20250619-CbDRC4-p016-m2x_A12_roi_0.png",20250619,"CbDRC4","p016","m2x","A12",0,215.956480068906,13.765904838269,"","48h",10,"15hHB101","DMSO",1,"MOXIDECTIN",1,NA,NA,"ED3102",3,NA,NA,NA,190.410242450054,127.750576996535,153.098702846908,166.808308539407,193.689181807471,31.2442776517266,216.469656712581,227.782756010747,237.642425634571,0.164089269829706,14.1766481610158,10.3343966997275,11.6588697174529,12.428959051182,13.8222091887099,2.52252241100523,14.9215334706585,16.7432337310888,20.9292629297471,0.177935036713536,24,"3_ED3102_1",NA,NA,NA,NA,NA,"3",850.390521362296,-656.701339554826
"20250619-CbDRC4-p016-m2x_B01_roi_0.png",20250619,"CbDRC4","p016","m2x","B01",0,814.211548270441,37.5946246333764,"","48h",10,"15hHB101","DMSO",1,"MOXIDECTIN",0,NA,NA,"NIC1667",3,NA,NA,NA,802.844336292773,721.727568132351,745.611390290671,782.288171088227,805.500800339933,38.1093536121435,825.52794460353,838.217230975149,934.903764162858,0.0474679235929071,40.0767723185139,36.4206432361683,37.0780438189531,38.2287531822636,40.2436285855751,2.30287436782818,41.4296010100039,42.4422806858569,47.61576152658,0.0574615727415838,47,"3_NIC1667_0",NA,NA,NA,"outlier","outlier","3",774.728395535816,30.7724048041172
"20250619-CbDRC4-p016-m2x_B02_roi_0.png",20250619,"CbDRC4","p016","m2x","B02",0,800.313868466499,38.7684845906138,"","48h",10,"15hHB101","DMSO",1,"MOXIDECTIN",0.00097,NA,NA,"NIC1667",3,NA,NA,NA,804.098434792035,717.36021861077,751.489540294337,781.115206639605,805.143097152625,39.8398064650032,829.247825213679,853.700976154961,918.896642960376,0.0495459321162676,38.8442107609083,32.9074150236504,36.0587335109997,37.5974146726782,38.935160414814,2.41683680652808,40.0947249038642,42.2634087007481,43.4132898384343,0.0622187131411695,49,"3_NIC1667_0.00097",NA,NA,NA,NA,NA,"3",774.728395535816,30.4147016168091
"20250619-CbDRC4-p016-m2x_B03_roi_0.png",20250619,"CbDRC4","p016","m2x","B03",0,822.996751717449,38.5925602146143,"","48h",10,"15hHB101","DMSO",1,"MOXIDECTIN",0.0019,NA,NA,"NIC1667",3,NA,NA,NA,813.694308193466,747.714768553871,772.681149582539,791.12617710603,804.989243885903,39.2096786663778,826.338829835023,877.257235998543,936.101858468575,0.0481872347779225,38.9413503701847,33.4036380463898,36.605166575028,37.9345224545165,39.03428653824,1.77246082667491,39.9209403359047,41.2580401609986,42.7183964505601,0.0455161623781796,69,"3_NIC1667_0.0019",NA,NA,NA,NA,NA,"3",774.728395535816,30.2608483500874
"20250619-CbDRC4-p016-m2x_B04_roi_0.png",20250619,"CbDRC4","p016","m2x","B04",0,820.771199174119,38.5540081501884,"","48h",10,"15hHB101","DMSO",1,"MOXIDECTIN",0.0039,NA,NA,"NIC1667",3,NA,NA,NA,801.091319037413,158.460327580762,760.742934633522,792.850412947646,809.972060533838,91.601135366842,829.99890853261,852.602620094366,928.95338268031,0.114345435020953,38.9561035212288,16.0519708838779,36.94756662657,38.2501454626076,39.2430464112946,3.53413185716489,40.8171141258534,41.587101120137,43.4515854816655,0.0907208765178221,61,"3_NIC1667_0.0039",NA,NA,NA,NA,NA,"3",774.728395535816,35.2436649980228
"20250619-CbDRC4-p016-m2x_B06_roi_0.png",20250619,"CbDRC4","p016","m2x","B06",0,785.06183846611,38.3693747527877,"","48h",10,"15hHB101","DMSO",1,"MOXIDECTIN",0.0156,NA,NA,"NIC1667",3,NA,NA,NA,668.899767131156,361.125101233492,458.19857209455,598.337818028401,705.06752230775,130.48670186281,767.447404471049,791.882702205914,973.505387691637,0.195076614277285,31.4163951287445,18.3579758740398,21.9622730807424,27.2482163390268,33.6339241909081,6.21192454445565,36.0463661762699,38.2768171346687,40.9034249038708,0.197728750195532,82,"3_NIC1667_0.0156",NA,"n>75",NA,NA,NA,"3",774.728395535816,-69.660873228066
"20250619-CbDRC4-p016-m2x_B07_roi_0.png",20250619,"CbDRC4","p016","m2x","B07",0,318.042879024687,17.1932535488753,"","48h",10,"15hHB101","DMSO",1,"MOXIDECTIN",0.03125,NA,NA,"NIC1667",3,NA,NA,NA,295.168817955408,238.062470407274,260.44820531572,273.902007814171,291.586737907903,33.5826310404741,309.549881343733,324.760702091981,449.951894264659,0.113774318280285,16.4161077263554,14.4574179896927,15.0884773787266,15.8579471568503,16.3381689106951,1.06516577022254,17.0544507468399,17.3582439384548,20.3715415054991,0.0648854032867031,59,"3_NIC1667_0.03125",NA,NA,NA,NA,NA,"3",774.728395535816,-483.141657627913
"20250619-CbDRC4-p016-m2x_B08_roi_0.png",20250619,"CbDRC4","p016","m2x","B08",0,270.728702938867,14.9580586615004,"","48h",10,"15hHB101","DMSO",1,"MOXIDECTIN",0.0625,NA,NA,"NIC1667",3,NA,NA,NA,264.735075771885,153.237556145622,241.173905674999,254.532886440752,265.453965694222,29.1424459221157,278.519201537944,297.866852241446,316.085479228001,0.110081544114037,15.4158672349026,12.3771550258025,14.3105496081594,14.898064621647,15.2226799523244,1.27598257754767,15.8366209992996,16.3446698149816,21.8563057962494,0.0827707295414917,54,"3_NIC1667_0.0625",NA,NA,NA,NA,NA,"3",774.728395535816,-509.274429841593
"20250619-CbDRC4-p016-m2x_B09_roi_0.png",20250619,"CbDRC4","p016","m2x","B09",0,260.169552425539,15.7125806387071,"","48h",10,"15hHB101","DMSO",1,"MOXIDECTIN",0.125,NA,NA,"NIC1667",3,NA,NA,NA,249.676362051746,160.595525241617,212.976134394951,233.879223998669,251.877653599953,32.1676689705105,269.569868853283,281.176021175302,313.36732322633,0.128837462650324,15.3516553168486,12.1084644675439,13.9144219941791,14.5245965623213,15.050159567093,2.03371552468498,15.7472229052444,16.7712839685034,26.1946114474142,0.132475324823959,44,"3_NIC1667_0.125",NA,NA,NA,NA,NA,"3",774.728395535816,-522.850741935863
"20250619-CbDRC4-p016-m2x_B10_roi_0.png",20250619,"CbDRC4","p016","m2x","B10",0,258.166544147149,14.30034877832,"","48h",10,"15hHB101","DMSO",1,"MOXIDECTIN",0.25,NA,NA,"NIC1667",3,NA,NA,NA,249.685077207568,106.634817395644,224.070013281169,240.923718179032,253.620945366318,32.2848786242395,263.021069894076,276.788718325319,306.610456438899,0.129302395582898,14.7733331618095,13.1222351884455,13.7307507595316,14.0868353188558,14.7176006873561,0.92892290524681,15.3259954436931,16.1372213324088,16.7217089155129,0.0628783562295993,35,"3_NIC1667_0.25",NA,NA,NA,NA,NA,"3",774.728395535816,-521.107450169497
"20250619-CbDRC4-p016-m2x_B11_roi_0.png",20250619,"CbDRC4","p016","m2x","B11",0,239.916640375308,14.6693972957197,"","48h",10,"15hHB101","DMSO",1,"MOXIDECTIN",0.5,NA,NA,"NIC1667",3,NA,NA,NA,230.454855436325,147.281265557432,210.895423360224,223.508117190297,233.199428157065,24.9165515181284,241.869460136599,253.348944225658,280.027684400914,0.108119013031656,14.4610831148077,11.2610478406652,13.3751910050506,14.1621813321182,14.5933663487154,0.911857234827469,15.1041066761534,15.3878779835598,16.1146966826125,0.0630559431536462,40,"3_NIC1667_0.5",NA,NA,NA,NA,NA,"3",774.728395535816,-541.528967378751
"20250619-CbDRC4-p016-m2x_B12_roi_0.png",20250619,"CbDRC4","p016","m2x","B12",0,213.710044032046,13.8664012349262,"","48h",10,"15hHB101","DMSO",1,"MOXIDECTIN",1,NA,NA,"NIC1667",3,NA,NA,NA,229.981667928449,142.871437309131,185.675964175491,207.313161573332,227.501933880802,36.8936764503659,261.725399441749,275.246981958369,278.975171253154,0.160420075142007,14.6791172776661,12.4980765015701,12.8777845874776,13.8427025468785,14.9561006957235,1.57872865972562,15.2927659795332,15.6511726266523,21.0120727291343,0.107549291272957,30,"3_NIC1667_1",NA,NA,NA,NA,NA,"3",774.728395535816,-547.226461655014
"20250619-CbDRC4-p016-m2x_C01_roi_0.png",20250619,"CbDRC4","p016","m2x","C01",0,783.542961028609,36.4636165733164,"","48h",10,"15hHB101","DMSO",1,"MOXIDECTIN",0,NA,NA,"ECA2666",3,NA,NA,NA,785.960287888812,719.252234898906,738.946490182813,762.469237418065,785.144203532568,33.5135633597708,813.52594914007,822.084096865092,856.605229942,0.0426402756935626,36.7137874380385,30.8307964945229,34.1346967930674,35.7975010253489,36.8031281012251,1.93396204277092,38.0762552085518,38.9170616327873,40.5550548835927,0.0526767238611611,49,"3_ECA2666_0",NA,NA,NA,NA,NA,"3",777.986030494324,7.15817303824349
"20250619-CbDRC4-p016-m2x_C02_roi_0.png",20250619,"CbDRC4","p016","m2x","C02",0,827.404315330484,37.5937358816098,"","48h",10,"15hHB101","DMSO",1,"MOXIDECTIN",0.00097,NA,NA,"ECA2666",3,NA,NA,NA,784.510877324919,194.351620171156,728.815888064997,760.972281436864,792.408842800344,92.1678097015198,823.867442042209,835.977311537679,952.984761134857,0.117484425475145,36.4530072986135,13.6679089525996,33.5464955077176,35.3261356946553,36.8147305535184,3.99852244545929,38.0736430148584,39.8031941306698,43.699075894009,0.109689782593366,58,"3_ECA2666_0.00097",NA,NA,NA,NA,NA,"3",777.986030494324,14.4228123060204
"20250619-CbDRC4-p016-m2x_C05_roi_0.png",20250619,"CbDRC4","p016","m2x","C05",0,818.176125377322,38.0436890188619,"","48h",10,"15hHB101","DMSO",1,"MOXIDECTIN",0.0078,NA,NA,"ECA2666",3,NA,NA,NA,761.656223640596,191.626669812362,706.872025757811,734.304768722495,780.067992476118,98.8511265062455,813.722256116631,837.576559448954,859.27141232475,0.129784440063724,34.2594279258637,13.3431624014176,31.5752539684678,32.7134398929539,34.3594429508046,3.99624620516438,36.7000327911742,38.255548229281,40.0682746542852,0.116646612249689,46,"3_ECA2666_0.0078",NA,NA,NA,NA,NA,"3",777.986030494324,2.08196198179394
"20250619-CbDRC4-p016-m2x_C06_roi_0.png",20250619,"CbDRC4","p016","m2x","C06",0,535.716505443688,23.9017115536781,"","48h",10,"15hHB101","DMSO",1,"MOXIDECTIN",0.0156,NA,NA,"ECA2666",3,NA,NA,NA,566.463951055378,372.398291583528,396.747775422349,488.70652905322,541.105952103775,126.998404260291,697.251118292694,723.442463567857,795.458979990487,0.224195033106132,24.5703511752279,17.2749072746216,19.6123964293224,21.1832022412303,23.7212490655781,4.59407641055749,27.8111044110133,30.8750690131286,34.2856166682665,0.186976424463533,25,"3_ECA2666_0.0156",NA,NA,NA,NA,NA,"3",777.986030494324,-236.880078390549
"20250619-CbDRC4-p016-m2x_C07_roi_0.png",20250619,"CbDRC4","p016","m2x","C07",0,295.123283988671,15.4900478243422,"","48h",10,"15hHB101","DMSO",1,"MOXIDECTIN",0.03125,NA,NA,"ECA2666",3,NA,NA,NA,292.369870468208,216.091351012144,260.649167449214,275.845598379485,290.503476451855,32.7193712117491,301.073073685911,323.268782023733,396.839717670334,0.111910885890367,15.5762845042547,8.60125212086085,14.0950206632568,14.6612991719448,15.4561393392865,1.90195793714228,16.7861250886499,17.4324687079559,18.8303068924627,0.122106009082125,30,"3_ECA2666_0.03125",NA,NA,NA,NA,NA,"3",777.986030494324,-487.482554042469
"20250619-CbDRC4-p016-m2x_C08_roi_0.png",20250619,"CbDRC4","p016","m2x","C08",0,255.014394154324,13.880828640737,"","48h",10,"15hHB101","DMSO",1,"MOXIDECTIN",0.0625,NA,NA,"ECA2666",3,NA,NA,NA,225.011376766685,88.7900587214129,180.149004315323,194.040504811699,232.992084792402,55.1711650959785,245.07374729706,269.067464516784,348.05275903068,0.24519278042188,15.6300101081498,9.76525609725353,12.4840176533558,13.7263594205115,14.2725274330472,6.1535586772756,15.7529865657375,16.4530887885866,37.8144498081167,0.393701516166454,16,"3_ECA2666_0.0625",NA,NA,NA,NA,NA,"3",777.986030494324,-544.993945701922
"20250619-CbDRC4-p016-m2x_C09_roi_0.png",20250619,"CbDRC4","p016","m2x","C09",0,240.443715319366,12.0291748849759,"","48h",10,"15hHB101","DMSO",1,"MOXIDECTIN",0.125,NA,NA,"ECA2666",3,NA,NA,NA,197.622955906634,34.1574730084852,132.486156354304,173.740305492779,220.822789646222,60.0772952545419,233.75298565694,249.924321125739,264.891930806731,0.30399957828242,15.7847827462925,10.6524902826963,12.0016224754368,12.9137453067358,13.8675989992416,9.54878254038559,14.7323663496993,15.6295368343321,54.8338577479103,0.604935949633414,19,"3_ECA2666_0.125",NA,NA,NA,NA,NA,"3",777.986030494324,-557.163240848102
"20250619-CbDRC4-p016-m2x_C10_roi_0.png",20250619,"CbDRC4","p016","m2x","C10",0,217.911537141401,11.6951375386949,"","48h",10,"15hHB101","DMSO",1,"MOXIDECTIN",0.25,NA,NA,"ECA2666",3,NA,NA,NA,195.949129709996,120.507797971695,138.661111817741,159.015953036435,211.812959800938,39.6172029832836,225.697103869009,235.632091851222,243.453284653948,0.202181061186222,13.560467861286,10.1360006162527,11.6096760592665,12.7720957417668,13.9552711562326,1.39543084187632,14.6116232555326,14.8215814512352,15.415947164649,0.102904328681768,19,"3_ECA2666_0.25",NA,NA,NA,NA,NA,"3",777.986030494324,-566.173070693386
"20250619-CbDRC4-p016-m2x_C12_roi_0.png",20250619,"CbDRC4","p016","m2x","C12",0,223.902184134932,12.6969820594104,"","48h",10,"15hHB101","DMSO",1,"MOXIDECTIN",1,NA,NA,"ECA2666",3,NA,NA,NA,195.138646871337,97.1446377263849,107.303367869173,186.417049660764,211.967630841761,46.6180852299465,224.034378305075,237.551784418315,242.863540438257,0.238897245509157,13.826808229925,11.3530551983223,12.5898365586547,13.0536191802388,13.7708176968237,1.29141227623807,14.5134224741963,15.1020731348495,17.0547579213891,0.0933991601505759,18,"3_ECA2666_1",NA,NA,NA,NA,NA,"3",777.986030494324,-566.018399652563
"20250619-CbDRC4-p016-m2x_D01_roi_0.png",20250619,"CbDRC4","p016","m2x","D01",0,889.911397412427,38.8799400973051,"","48h",10,"15hHB101","DMSO",1,"MOXIDECTIN",0,NA,NA,"VX34",3,NA,NA,NA,854.41685969074,783.408123504478,799.750805678646,826.927923203254,856.787070480635,39.0884008472212,871.03130744727,893.985333549031,945.5498230088,0.0457486300789634,39.6234577948137,37.6045821329236,38.7254630844161,38.9544352076701,39.1559658599096,1.39031168199857,39.9407920545617,40.7358659605948,44.9232686981371,0.0350880957739269,27,"3_VX34_0",NA,NA,NA,NA,NA,"3",841.848651392647,14.9384190879883
"20250619-CbDRC4-p016-m2x_D02_roi_0.png",20250619,"CbDRC4","p016","m2x","D02",0,888.371085879054,40.6793303337571,"","48h",10,"15hHB101","DMSO",1,"MOXIDECTIN",0.00097,NA,NA,"VX34",3,NA,NA,NA,855.404773189526,607.384350116802,757.693170845651,828.928796891757,865.130105911091,93.8112830124151,908.588818333647,933.03078499737,1018.0092472568,0.109668879520772,39.2701550697473,30.8581962776673,36.135747877778,37.7746435529781,39.2532213890306,3.8088045770865,40.3221688132869,41.3615078561689,53.9700924455383,0.0969898023148042,28,"3_VX34_0.00097",NA,NA,NA,NA,NA,"3",841.848651392647,23.2814545184438
"20250619-CbDRC4-p016-m2x_D03_roi_0.png",20250619,"CbDRC4","p016","m2x","D03",0,846.830931045697,39.4315468322889,"","48h",10,"15hHB101","DMSO",1,"MOXIDECTIN",0.0019,NA,NA,"VX34",3,NA,NA,NA,873.887615609823,752.55773345008,810.069876358567,828.521761612706,870.776809637457,64.2049504147289,902.509057919369,948.019863384481,1073.00845015647,0.0734704889597559,39.7041517902795,34.0340557905102,36.8011609373339,38.1656313236641,39.1563349054241,2.54418415684909,41.33919124489,43.0428242496482,45.0121487355976,0.0640785419693051,29,"3_VX34_0.0019",NA,NA,NA,NA,NA,"3",841.848651392647,28.9281582448097
"20250619-CbDRC4-p016-m2x_D04_roi_0.png",20250619,"CbDRC4","p016","m2x","D04",0,895.410346713565,36.6301349343336,"","48h",10,"15hHB101","DMSO",1,"MOXIDECTIN",0.0039,NA,NA,"VX34",3,NA,NA,NA,848.278292498222,627.307889273566,801.3874497004,813.133629906253,848.337515607876,73.4134890210777,906.498155577896,927.255403154774,957.794454468208,0.086544109015063,39.1444445244934,34.0560036618552,35.7982578139951,37.5301247822879,39.2080806741365,2.63381039503266,41.0338704320764,42.7996452326611,44.2648406213411,0.0672843982594935,30,"3_VX34_0.0039",NA,NA,NA,NA,NA,"3",841.848651392647,6.48886421522911
"20250619-CbDRC4-p016-m2x_D05_roi_0.png",20250619,"CbDRC4","p016","m2x","D05",0,849.354142043262,35.6042505720298,"","48h",10,"15hHB101","DMSO",1,"MOXIDECTIN",0.0078,NA,NA,"VX34",3,NA,NA,NA,868.40713841458,646.105886684952,819.730999124256,849.608811470078,874.038236524581,54.4010542841042,893.726211028175,914.713871287646,1020.68638157207,0.0626446419860416,38.8515290474482,32.4518869988756,36.1979163600036,37.362225362465,38.6525903392041,2.39347404301421,40.5521261810407,42.4099899237346,44.1437058726639,0.0616056588169576,44,"3_VX34_0.0078",NA,NA,NA,NA,NA,"3",841.848651392647,32.1895851319342
"20250619-CbDRC4-p016-m2x_D06_roi_0.png",20250619,"CbDRC4","p016","m2x","D06",0,837.953715342293,34.7477612416211,"","48h",10,"15hHB101","DMSO",1,"MOXIDECTIN",0.0156,NA,NA,"VX34",3,NA,NA,NA,620.152326480064,393.78493894848,469.043197131527,526.25085016922,620.774500038462,116.214031870012,713.944255615197,757.116010411706,837.953715342293,0.187395945976103,28.3781662794232,19.1233983628548,22.5593388948892,24.9661429421463,27.6312468773126,5.00983519934144,32.2639062066491,35.9641925979181,36.9578490143545,0.176538369322828,32,"3_VX34_0.0156",NA,NA,NA,NA,NA,"3",841.848651392647,-221.074151354185
"20250619-CbDRC4-p016-m2x_D07_roi_0.png",20250619,"CbDRC4","p016","m2x","D07",0,336.405719884055,14.6056284628698,"","48h",10,"15hHB101","DMSO",1,"MOXIDECTIN",0.03125,NA,NA,"VX34",3,NA,NA,NA,283.977585866839,207.141403004327,255.295669349099,264.903097096736,283.735316512324,25.7230816759019,302.841300527864,315.999292361563,336.405719884055,0.0905813802078165,16.3180537905228,14.2744552184889,14.7504612378383,15.1337911465265,15.878550834957,1.59794674625609,17.0646909282063,18.6784988580062,21.3282201396341,0.0979250814324525,49,"3_VX34_0.03125",NA,NA,NA,NA,NA,"3",841.848651392647,-558.113334880323
"20250619-CbDRC4-p016-m2x_D09_roi_0.png",20250619,"CbDRC4","p016","m2x","D09",0,292.005460901387,15.7893852854255,"","48h",10,"15hHB101","DMSO",1,"MOXIDECTIN",0.125,NA,NA,"VX34",3,NA,NA,NA,220.464672995647,114.599301025262,160.302949580715,219.03566992567,232.144404568343,40.8868420489248,243.188962858063,249.052217604526,292.005460901387,0.185457567842319,14.503476216505,7.97702977973751,12.7938766989539,13.9964038745487,15.0027747286824,1.59041520767655,15.3216080562037,15.7893852854255,16.8993897547129,0.109657518234604,41,"3_VX34_0.125",NA,NA,NA,NA,NA,"3",841.848651392647,-609.704246824304
"20250619-CbDRC4-p016-m2x_D10_roi_0.png",20250619,"CbDRC4","p016","m2x","D10",0,270.098996129874,13.5682044974716,"","48h",10,"15hHB101","DMSO",1,"MOXIDECTIN",0.25,NA,NA,"VX34",3,NA,NA,NA,199.562413491603,70.5728518222067,137.570754838497,189.323353570554,208.451258909568,47.3653037952709,225.768256842853,250.048961705165,270.098996129874,0.237345815610032,14.5595789849098,10.6678997492824,13.1048549769203,13.624696066694,14.1993736115851,3.59408628421399,14.4657247933425,14.6443804630832,29.9590219053564,0.246853723444824,22,"3_VX34_0.25",NA,NA,NA,NA,NA,"3",841.848651392647,-633.397392483079
"20250619-CbDRC4-p016-m2x_D11_roi_0.png",20250619,"CbDRC4","p016","m2x","D11",0,227.184386066599,12.8143631992079,"","48h",10,"15hHB101","DMSO",1,"MOXIDECTIN",0.5,NA,NA,"VX34",3,NA,NA,NA,218.865428785546,191.517153315403,203.947148925091,210.640471786267,218.672248117317,16.1661760669034,223.574190133393,230.381304587871,257.008392291763,0.0738635432585556,14.2605117405632,12.17817667299,12.602402470336,13.8156627686079,14.3601429537375,1.21340571275872,15.0006653132568,15.3629385918548,16.3218245343745,0.0850885111862606,12,"3_VX34_0.5",NA,NA,NA,NA,NA,"3",841.848651392647,-623.17640327533
"20250619-CbDRC4-p016-m2x_D12_roi_0.png",20250619,"CbDRC4","p016","m2x","D12",0,248.855880213981,14.4281979298113,"","48h",10,"15hHB101","DMSO",1,"MOXIDECTIN",1,NA,NA,"VX34",3,NA,NA,NA,199.205253901189,91.9667656697018,131.624571681125,156.983159626665,202.003567869835,56.0232132070206,229.373155996733,252.042021455458,341.332237218128,0.281233612617515,15.5461595750801,10.2297372017335,12.746723459076,13.5002143502083,14.4281979298113,3.61570974694985,16.4197827868207,19.448127409149,25.7634832810355,0.232578967782223,27,"3_VX34_1",NA,NA,NA,NA,NA,"3",841.848651392647,-639.845083522812
"20250619-CbDRC4-p016-m2x_E01_roi_0.png",20250619,"CbDRC4","p016","m2x","E01",0,771.203897385041,39.5201926630265,"","48h",10,"15hHB101","DMSO",1,"MOXIDECTIN",0,NA,NA,"JU3237",3,NA,NA,NA,735.848111812555,143.602197827404,704.372895419008,732.584917599446,761.948953839906,122.013625241743,781.178083601027,800.602403746764,818.129824980337,0.165813601044918,38.2630234843098,12.9672820143917,34.8589146049888,37.5542130647891,39.7485152235972,5.56978700668823,41.0205659992169,41.7201148923892,45.2820185996097,0.145565783868914,53,"3_JU3237_0",NA,NA,NA,NA,NA,"3",756.836909183482,5.1120446564247
"20250619-CbDRC4-p016-m2x_E02_roi_0.png",20250619,"CbDRC4","p016","m2x","E02",0,773.426364025554,38.5902029860431,"","48h",10,"15hHB101","DMSO",1,"MOXIDECTIN",0.00097,NA,NA,"JU3237",3,NA,NA,NA,780.503167073564,663.014903997406,744.885951627225,764.869819068321,785.100120469443,33.3470969574592,799.607188098216,812.426182087009,868.968417744745,0.0427251270260588,39.4087701391235,30.3192339962483,36.9280918242386,38.3880000851956,39.9185098510347,1.98397500126626,40.6513821028572,41.296052073862,43.5195064373605,0.0503434893873189,76,"3_JU3237_0.00097",NA,"n>75",NA,NA,NA,"3",756.836909183482,28.2632112859617
"20250619-CbDRC4-p016-m2x_E03_roi_0.png",20250619,"CbDRC4","p016","m2x","E03",0,743.840590738036,40.9241189203683,"","48h",10,"15hHB101","DMSO",1,"MOXIDECTIN",0.0019,NA,NA,"JU3237",3,NA,NA,NA,768.090676927308,568.874308173892,720.025023296762,743.233988659393,775.416536266931,46.7668244379557,793.184089357846,817.059514334975,836.742534744919,0.0608871137780802,39.2095093228838,29.2065045768223,36.2585904034824,38.5106387260454,39.8488913695591,2.48277643911739,40.6643948136406,41.5719650731099,42.5981426870616,0.0633207729959623,47,"3_JU3237_0.0019",NA,NA,NA,NA,NA,"3",756.836909183482,18.5796270834499
"20250619-CbDRC4-p016-m2x_E04_roi_0.png",20250619,"CbDRC4","p016","m2x","E04",0,810.620304852465,38.930228309166,"","48h",10,"15hHB101","DMSO",1,"MOXIDECTIN",0.0039,NA,NA,"JU3237",3,NA,NA,NA,775.293770066475,699.572186188572,734.881232934665,761.049790265178,778.807839567221,29.8234637713777,795.780725090809,811.694606947462,839.106050782263,0.0384673073908754,39.0017939394991,32.6583069613371,36.7085157367015,37.8344039363981,38.930228309166,1.97827316046274,40.3468916600972,41.4202533109598,43.2569700499836,0.0507226196705594,77,"3_JU3237_0.0039",NA,"n>75",NA,NA,NA,"3",756.836909183482,21.9709303837394
"20250619-CbDRC4-p016-m2x_E05_roi_0.png",20250619,"CbDRC4","p016","m2x","E05",0,737.071131091623,36.8354758145723,"","48h",10,"15hHB101","DMSO",1,"MOXIDECTIN",0.0078,NA,NA,"JU3237",3,NA,NA,NA,769.662019207682,556.902121144169,742.574137804995,758.293352411342,774.630656893865,46.0319572140565,795.763753462633,812.105753346861,819.983356587438,0.0598080145119327,38.0909902806911,25.7318110158819,34.7444665876613,36.910827476465,38.4890041931345,3.15648314063053,39.896997654599,41.3765517669917,43.7882415256872,0.0828669225286748,60,"3_JU3237_0.0078",NA,NA,NA,NA,NA,"3",756.836909183482,17.7937477103832
"20250619-CbDRC4-p016-m2x_E06_roi_0.png",20250619,"CbDRC4","p016","m2x","E06",0,501.035512511518,22.2593657763259,"","48h",10,"15hHB101","DMSO",1,"MOXIDECTIN",0.0156,NA,NA,"JU3237",3,NA,NA,NA,462.224896670813,276.563149475006,356.877006796729,386.883960637248,436.973984627444,108.160874356189,507.586745762209,625.00848426622,742.270770672528,0.234000537693276,21.6659913870948,16.522499891415,18.5898336165977,19.1663542103041,21.0383452960139,3.52783489545464,22.7020316662799,27.121648787876,32.963165555617,0.162828223847443,43,"3_JU3237_0.0156",NA,NA,NA,NA,NA,"3",756.836909183482,-319.862924556038
"20250619-CbDRC4-p016-m2x_E08_roi_0.png",20250619,"CbDRC4","p016","m2x","E08",0,253.36555006326,15.260762867669,"","48h",10,"15hHB101","DMSO",1,"MOXIDECTIN",0.0625,NA,NA,"JU3237",3,NA,NA,NA,252.109648723427,185.167134929596,217.25716948502,231.933537953685,253.36555006326,29.695785061858,277.370285644924,284.056715947141,313.544974823432,0.117789165199446,15.1371231020078,11.7534129666413,13.4617103755151,14.6880414659256,15.2286753166739,1.3027077739846,16.0640475882958,16.3692390879874,18.2321514499799,0.0860604597852424,39,"3_JU3237_0.0625",NA,NA,NA,NA,NA,"3",756.836909183482,-503.471359120222
"20250619-CbDRC4-p016-m2x_E09_roi_0.png",20250619,"CbDRC4","p016","m2x","E09",0,222.780481694857,14.9779423553167,"","48h",10,"15hHB101","DMSO",1,"MOXIDECTIN",0.125,NA,NA,"JU3237",3,NA,NA,NA,247.788052420178,152.381977730741,195.178902763844,230.05445681261,247.506956641587,41.8370725593922,269.944127166151,290.335693369867,394.58511476234,0.168842170357949,15.2256384466636,11.2984406512389,13.2151255838757,14.4914312826608,15.2061006726229,1.8593784982053,15.9416432977041,17.0260562437837,23.0795473507683,0.122121545491759,44,"3_JU3237_0.125",NA,NA,NA,NA,NA,"3",756.836909183482,-509.329952541895
"20250619-CbDRC4-p016-m2x_E10_roi_0.png",20250619,"CbDRC4","p016","m2x","E10",0,232.034719202557,15.2177891154828,"","48h",10,"15hHB101","DMSO",1,"MOXIDECTIN",0.25,NA,NA,"JU3237",3,NA,NA,NA,220.971660492197,94.6971965798339,166.201702215905,196.182943105085,232.034719202557,42.4673387921879,247.239667118635,262.671740767975,316.103636193645,0.192184548451124,15.4222698496261,10.1876756009897,13.7535216468328,14.3264312734996,15.2177891154828,2.04834440756381,15.9990719858904,18.1606583710818,21.0229012430321,0.132817310780843,45,"3_JU3237_0.25",NA,NA,NA,"outlier","outlier","3",756.836909183482,-524.802189980925
"20250619-CbDRC4-p016-m2x_E11_roi_0.png",20250619,"CbDRC4","p016","m2x","E11",0,222.011335381476,14.5299450489632,"","48h",10,"15hHB101","DMSO",1,"MOXIDECTIN",0.5,NA,NA,"JU3237",3,NA,NA,NA,200.521553325536,109.788385579859,144.898305003374,174.830050788879,212.736896419749,38.4967846228354,227.304897459974,240.260515609611,253.426674457461,0.191983275535164,14.7709791269189,11.5275823897481,12.2648278567659,13.8505125636251,14.3858588133365,2.43350825241371,15.3426572582418,17.0210332620488,23.178732476675,0.164749285169515,29,"3_JU3237_0.5",NA,NA,NA,NA,NA,"3",756.836909183482,-544.100012763733
"20250619-CbDRC4-p016-m2x_F01_roi_0.png",20250619,"CbDRC4","p016","m2x","F01",0,745.36573738505,34.8771749216547,"","48h",10,"15hHB101","DMSO",1,"MOXIDECTIN",0,NA,NA,"PB420",3,NA,NA,NA,756.323628335539,255.624215285032,725.316372558674,740.929047394012,755.801650025865,58.1459280342312,772.856716729301,791.282953355775,887.666242546213,0.0768796925757754,37.9257659069143,26.3629878314185,35.7082584178767,36.7219396026139,37.959735914005,2.15409834473539,39.131298691347,40.2400001593846,43.8396621637481,0.0567977545930767,113,"3_PB420_0",NA,"n>75",NA,NA,NA,"3",758.846883086449,-3.045233060584
"20250619-CbDRC4-p016-m2x_F02_roi_0.png",20250619,"CbDRC4","p016","m2x","F02",0,736.190821003544,37.2514353591715,"","48h",10,"15hHB101","DMSO",1,"MOXIDECTIN",0.00097,NA,NA,"PB420",3,NA,NA,NA,774.904275404488,712.526491908346,736.83189463804,754.549669808039,770.30246035914,46.9872862546685,781.187705694196,803.482745253401,1090.42411381153,0.060636245980372,38.2833944466816,30.4825200916199,36.3828497129902,37.6754849164808,38.3094054866579,1.616324730986,39.1142869105118,39.9382408471866,42.601678157663,0.0422199952315384,95,"3_PB420_0.00097",NA,"n>75",NA,NA,NA,"3",758.846883086449,11.4555772726906
"20250619-CbDRC4-p016-m2x_F03_roi_0.png",20250619,"CbDRC4","p016","m2x","F03",0,823.160155720107,39.3899334725813,"","48h",10,"15hHB101","DMSO",1,"MOXIDECTIN",0.0019,NA,NA,"PB420",3,NA,NA,NA,772.040026015541,701.59835413698,738.977822624633,751.310396485696,766.231130054509,34.8914117671869,781.363539356023,805.916744757201,909.466442975644,0.0451937860621809,38.3182491311449,32.3922655562104,35.9827324015428,37.338325733565,38.5088305424848,1.92879470805033,39.3876483919461,40.7156819775772,42.6375351956692,0.0503361910260826,96,"3_PB420_0.0019",NA,"n>75",NA,NA,NA,"3",758.846883086449,7.38424696805987
"20250619-CbDRC4-p016-m2x_F04_roi_0.png",20250619,"CbDRC4","p016","m2x","F04",0,764.081101453008,39.1289390512495,"","48h",10,"15hHB101","DMSO",1,"MOXIDECTIN",0.0039,NA,NA,"PB420",3,NA,NA,NA,765.481092218997,433.273421541982,735.403176008647,752.077793877908,768.575886701982,42.6631071831341,781.028702426879,795.955924308073,867.979269696366,0.0557337178106661,38.6570133578483,34.3085429919889,36.5941610899853,37.2781542282072,38.3672615855082,3.07030640784378,39.3858721592992,40.3221985428766,66.4212517457768,0.0794243047030543,115,"3_PB420_0.0039",NA,"n>75",NA,NA,NA,"3",758.846883086449,9.72900361553297
"20250619-CbDRC4-p016-m2x_F05_roi_0.png",20250619,"CbDRC4","p016","m2x","F05",0,780.759793337339,37.1240690830141,"","48h",10,"15hHB101","DMSO",1,"MOXIDECTIN",0.0078,NA,NA,"PB420",3,NA,NA,NA,772.381381223457,690.296229227333,747.40969557209,758.776171821967,772.700644110638,23.3017308371786,789.798969689289,796.240349578405,824.777389973568,0.0301686853200274,37.5993458778292,32.3665716995753,35.6721785857067,36.6370509974571,37.584389998796,1.67988116927603,38.7364822956224,39.757902896472,41.4774299613777,0.0446784679375654,76,"3_PB420_0.0078",NA,"n>75",NA,NA,NA,"3",758.846883086449,13.8537610241895
"20250619-CbDRC4-p016-m2x_F06_roi_0.png",20250619,"CbDRC4","p016","m2x","F06",0,522.885355894866,24.1263646073194,"","48h",10,"15hHB101","DMSO",1,"MOXIDECTIN",0.0156,NA,NA,"PB420",3,NA,NA,NA,365.47031442548,247.138321339659,307.459089892662,336.597929065643,361.236055767033,55.7136641866436,381.174447440614,424.95552253773,591.749776312521,0.152443747104948,19.0466201311338,16.0164197663113,16.911124109628,17.9373540000989,18.9368294420045,1.87357006557338,19.8025829404528,20.7078841459611,28.5912911490409,0.0983675871453344,76,"3_PB420_0.0156",NA,"n>75",NA,NA,NA,"3",758.846883086449,-397.610827319416
"20250619-CbDRC4-p016-m2x_F07_roi_0.png",20250619,"CbDRC4","p016","m2x","F07",0,422.720913620223,17.9838904757721,"","48h",10,"15hHB101","DMSO",1,"MOXIDECTIN",0.03125,NA,NA,"PB420",3,NA,NA,NA,266.425390163407,107.693143688221,236.465268078173,254.298360372646,267.349203147826,34.4721113522509,277.855114565443,290.79855040746,422.720913620223,0.129387485671347,15.4421640435097,11.5276049273639,14.0682817566024,14.6865883085552,15.5299444592348,1.26597651273728,16.0469996663436,16.7583522054287,20.8913877740401,0.0819818070297835,84,"3_PB420_0.03125",NA,"n>75",NA,NA,NA,"3",758.846883086449,-491.497679938623
"20250619-CbDRC4-p016-m2x_F08_roi_0.png",20250619,"CbDRC4","p016","m2x","F08",0,265.008469969359,15.6447601141826,"","48h",10,"15hHB101","DMSO",1,"MOXIDECTIN",0.0625,NA,NA,"PB420",3,NA,NA,NA,242.519623463053,142.278784379215,222.623438968923,230.195145564567,244.756881063926,22.6582780065431,253.754077679678,264.915570050006,298.113770179562,0.0934286375798991,14.9673232068451,13.6705560710405,13.9033478817448,14.182204381405,14.8333576510325,0.949343310025939,15.5647655408251,16.1307518984563,17.9006824739308,0.063427728318967,44,"3_PB420_0.0625",NA,NA,NA,NA,NA,"3",758.846883086449,-514.090002022523
"20250619-CbDRC4-p016-m2x_F09_roi_0.png",20250619,"CbDRC4","p016","m2x","F09",0,202.950525323846,13.8347110887768,"","48h",10,"15hHB101","DMSO",1,"MOXIDECTIN",0.125,NA,NA,"PB420",3,NA,NA,NA,228.175280738268,178.974872633332,205.293707407633,214.04147824728,226.62924917286,19.4248820315022,242.226435040719,253.970512145204,272.790831457455,0.0851314041058802,14.3327726799391,11.0719118074513,13.2861594661885,13.8478270800105,14.2148344091059,0.938477138213012,14.9082861932991,15.4354142510611,16.6934942539098,0.0654777103614122,66,"3_PB420_0.125",NA,NA,NA,NA,NA,"3",758.846883086449,-532.217633913589
"20250619-CbDRC4-p016-m2x_F10_roi_0.png",20250619,"CbDRC4","p016","m2x","F10",0,202.873565954832,15.2255243786793,"","48h",10,"15hHB101","DMSO",1,"MOXIDECTIN",0.25,NA,NA,"PB420",3,NA,NA,NA,238.130168879928,177.153671442449,213.705462588946,219.872797499615,234.560342325229,25.5805805780707,251.602519896898,272.483321575099,296.500272491773,0.107422678522389,14.8388179440404,11.8194168850492,13.290992468901,14.1269043157336,14.5456784983152,1.74443133291307,15.1959565867028,16.2415241378954,20.2131747439455,0.117558645135455,33,"3_PB420_0.25",NA,NA,NA,NA,NA,"3",758.846883086449,-524.28654076122
"20250619-CbDRC4-p016-m2x_F11_roi_0.png",20250619,"CbDRC4","p016","m2x","F11",0,245.328465516649,13.0240163027941,"","48h",10,"15hHB101","DMSO",1,"MOXIDECTIN",0.5,NA,NA,"PB420",3,NA,NA,NA,223.853802464531,159.467665166021,198.412280039484,212.404276933768,226.078215624288,24.3762083395577,237.833060761876,250.504765263847,266.552910828692,0.108893429868899,14.3520165285916,11.5834030402198,13.2449865555705,13.5121122900686,14.2872422910494,1.01130850418938,14.9696713237028,15.6363527964613,16.7716146928623,0.0704645582155427,41,"3_PB420_0.5",NA,NA,NA,NA,NA,"3",758.846883086449,-532.768667462161
"20250619-CbDRC4-p016-m2x_F12_roi_0.png",20250619,"CbDRC4","p016","m2x","F12",0,252.03856274688,13.8398563822398,"","48h",10,"15hHB101","DMSO",1,"MOXIDECTIN",1,NA,NA,"PB420",3,NA,NA,NA,224.246625893757,169.765283329586,187.911226857071,203.591452814005,229.03579017816,26.0545328417594,244.654969924622,252.921631136692,270.078042687141,0.116186955937092,14.1681239107428,11.8788629168718,12.918990490308,13.4129630542181,13.9176436662648,1.22961373666128,14.6651998619453,15.7451879055461,17.3073292259843,0.0867873364467784,29,"3_PB420_1",NA,NA,NA,NA,NA,"3",758.846883086449,-529.811092908289
"20250619-CbDRC4-p017-m2x_A01_roi_0.png",20250619,"CbDRC4","p017","m2x","A01",0,875.633447371558,39.7250489314199,"","48h",10,"15hHB101","DMSO",1,"MOXIDECTIN",0,NA,NA,"ED3102",3,NA,NA,NA,836.097589622084,430.925234780738,788.66075313874,816.67565621214,830.161968269283,71.5880609056485,869.989488552343,897.036006497633,1116.11573006328,0.0856216568427214,40.143726963277,25.7333168093506,38.2154892239947,39.3311983571469,40.2394812464288,2.68810829219986,41.56105540015,42.7481804772276,44.3690129564762,0.0669621008198594,79,"3_ED3102_0",NA,"n>75",NA,NA,NA,"3",850.390521362296,-20.2285530930128
"20250619-CbDRC4-p017-m2x_A02_roi_0.png",20250619,"CbDRC4","p017","m2x","A02",0,810.357444432923,39.0408560688226,"","48h",10,"15hHB101","DMSO",1,"MOXIDECTIN",0.00097,NA,NA,"ED3102",3,NA,NA,NA,842.91231020985,724.64926633349,795.662360717895,816.979836152809,837.063664203934,43.0624546679181,880.059170131656,898.197592342291,935.430974015884,0.0510877040782538,40.3477883894387,36.4248821065594,37.9707493197311,38.73081948693,40.3550598319393,2.46722218169201,41.7171710747043,42.2662534308516,53.5887276760399,0.0611488827560577,68,"3_ED3102_0.00097",NA,NA,NA,NA,NA,"3",850.390521362296,-13.3268571583627
"20250619-CbDRC4-p017-m2x_A03_roi_0.png",20250619,"CbDRC4","p017","m2x","A03",0,881.829609541438,40.8170609624875,"","48h",10,"15hHB101","DMSO",1,"MOXIDECTIN",0.0019,NA,NA,"ED3102",3,NA,NA,NA,839.29274884825,605.103562566185,795.378617150735,815.73520039805,839.347826233483,71.8555876805038,861.565021716622,886.332857347397,1190.65670516162,0.0856144507135444,40.6118725805381,35.3078230427351,37.8781699563142,39.0558880066017,40.5707203660615,2.04556797701902,41.8493417320249,43.1861502607455,45.9553177958239,0.0503687184815823,73,"3_ED3102_0.0019",NA,NA,NA,NA,NA,"3",850.390521362296,-11.0426951288134
"20250619-CbDRC4-p017-m2x_A04_roi_0.png",20250619,"CbDRC4","p017","m2x","A04",0,816.166745244146,36.977025721593,"","48h",10,"15hHB101","DMSO",1,"MOXIDECTIN",0.0039,NA,NA,"ED3102",3,NA,NA,NA,821.189935119307,476.506999267618,739.273193138318,786.887148503482,825.032610706946,66.0808576535169,865.516200285666,892.197162055382,952.027625815334,0.0804696390292659,38.8774396271031,32.3360477387044,35.6815592473936,37.5475792569081,38.6455653439713,2.70603091425124,40.3771164226586,41.4646572888841,55.5984853665424,0.0696041442082198,106,"3_ED3102_0.0039",NA,"n>75",NA,NA,NA,"3",850.390521362296,-25.3579106553501
"20250619-CbDRC4-p017-m2x_A05_roi_0.png",20250619,"CbDRC4","p017","m2x","A05",0,860.549471006029,43.195204807128,"","48h",10,"15hHB101","DMSO",1,"MOXIDECTIN",0.0078,NA,NA,"ED3102",3,NA,NA,NA,819.231633250888,604.6940883644,738.568134942158,780.195891099367,825.933456149178,66.9020748803431,853.856602439062,880.144619603052,1073.47337035318,0.0816644184195638,39.187800943488,32.6214788111107,36.3740684871639,37.7456972481103,39.4558389368125,2.23800251357178,40.6337522851142,42.1266619837787,44.6910107915855,0.0571096734108444,88,"3_ED3102_0.0078",NA,"n>75",NA,NA,NA,"3",850.390521362296,-24.4570652131177
"20250619-CbDRC4-p017-m2x_A06_roi_0.png",20250619,"CbDRC4","p017","m2x","A06",0,547.229922040414,24.7641760936982,"","48h",10,"15hHB101","DMSO",1,"MOXIDECTIN",0.0156,NA,NA,"ED3102",3,NA,NA,NA,385.612693606058,151.923358428584,282.063573366983,316.886133441768,362.320735805961,102.262311885871,453.255143106695,518.680215967655,741.957107729669,0.265194361029885,20.3387429963899,14.9027144338626,16.6752890817201,17.7053988581607,19.3147517070192,3.6951860460052,21.6336799213378,25.7504197167692,34.6600992451909,0.181682124930783,78,"3_ED3102_0.0156",NA,"n>75",NA,NA,NA,"3",850.390521362296,-488.069785556335
"20250619-CbDRC4-p017-m2x_A07_roi_0.png",20250619,"CbDRC4","p017","m2x","A07",0,245.130306698543,15.9228389073743,"","48h",10,"15hHB101","DMSO",1,"MOXIDECTIN",0.03125,NA,NA,"ED3102",3,NA,NA,NA,245.978636253213,192.357409352548,221.986718188659,234.084864936356,246.446853556773,20.7196939556051,258.379340366664,273.752445126142,286.986442618206,0.0842337134281696,15.7461979833337,13.4703750286688,14.7143491692928,15.0660382532566,15.6219719562999,1.09520488196899,16.1845981460809,16.7405696252156,19.4262051184441,0.0695536079965579,60,"3_ED3102_0.03125",NA,NA,NA,"outlier","outlier","3",850.390521362296,-603.943667805523
"20250619-CbDRC4-p017-m2x_A08_roi_0.png",20250619,"CbDRC4","p017","m2x","A08",0,237.23168886153,13.6866706968928,"","48h",10,"15hHB101","DMSO",1,"MOXIDECTIN",0.0625,NA,NA,"ED3102",3,NA,NA,NA,225.726527307842,167.006450768943,193.023675982804,209.030524263874,227.262770461064,23.7433867642692,242.910740045008,253.583968028893,268.108658790866,0.105186515060715,15.1445311136952,12.6650971827404,13.7529911018877,14.4503596257384,15.0191611967798,1.37142077396367,15.5750705143491,16.3539974249617,21.2643363599731,0.0905555123277133,38,"3_ED3102_0.0625",NA,NA,NA,NA,NA,"3",850.390521362296,-623.127750901232
"20250619-CbDRC4-p017-m2x_A10_roi_0.png",20250619,"CbDRC4","p017","m2x","A10",0,229.312727926342,14.9782240063952,"","48h",10,"15hHB101","DMSO",1,"MOXIDECTIN",0.25,NA,NA,"ED3102",3,NA,NA,NA,218.399909387492,167.263367503324,205.132735883824,210.228504188074,219.747537147189,20.5512008028374,229.36414544081,237.549176103326,255.817263080931,0.0940989438158368,14.9382965451421,12.1189019763293,13.1548617360643,14.4122076873519,14.8357550441789,1.45863465437873,15.3886307781114,16.5020901956486,18.8272494985772,0.0976439749988139,24,"3_ED3102_0.25",NA,NA,NA,NA,NA,"3",850.390521362296,-630.642984215107
"20250619-CbDRC4-p017-m2x_A11_roi_0.png",20250619,"CbDRC4","p017","m2x","A11",0,233.961646451828,14.4292640619288,"","48h",10,"15hHB101","DMSO",1,"MOXIDECTIN",0.5,NA,NA,"ED3102",3,NA,NA,NA,210.070601554263,168.650425958941,171.023949578941,195.865434191002,206.860867134841,27.3379172991365,231.227560041164,238.060657430261,255.244875042481,0.130136806849077,14.8771548420716,13.2644902172677,13.3478329539816,13.536489741136,14.4214554003229,2.3293741681887,14.997603489579,15.9128638429647,21.3996537769061,0.156573900918298,11,"3_ED3102_0.5",NA,NA,NA,NA,NA,"3",850.390521362296,-643.529654227455
"20250619-CbDRC4-p017-m2x_A12_roi_0.png",20250619,"CbDRC4","p017","m2x","A12",0,214.482277800891,15.2906279592528,"","48h",10,"15hHB101","DMSO",1,"MOXIDECTIN",1,NA,NA,"ED3102",3,NA,NA,NA,227.015447147879,167.271474602683,173.650494000957,194.718032771831,213.779321372365,65.3089815985287,243.734352979564,253.969969910552,423.157872644524,0.287685188030337,15.6912655809705,12.123124704796,12.9690065491008,14.3360702239866,14.5827446756487,3.54486694739239,15.8234264202958,17.1288247706914,26.4901420191977,0.225913386597153,13,"3_ED3102_1",NA,NA,NA,NA,NA,"3",850.390521362296,-636.611199989931
"20250619-CbDRC4-p017-m2x_B01_roi_0.png",20250619,"CbDRC4","p017","m2x","B01",0,806.35718043503,38.9840838486776,"","48h",10,"15hHB101","DMSO",1,"MOXIDECTIN",0,NA,NA,"NIC1667",3,NA,NA,NA,770.897920651201,315.777448403515,722.307074651751,760.276763198835,787.248742878729,88.1991074973481,812.654503787844,824.63566167311,851.816541496017,0.114410877412724,38.7508459524967,34.7560557620875,36.0441950666889,37.1819220358626,39.0188450813295,1.9791054092611,40.009847325891,40.8123933468403,43.2141917549099,0.0510725730139471,34,"3_NIC1667_0",NA,NA,NA,NA,NA,"3",774.728395535816,12.5203473429139
"20250619-CbDRC4-p017-m2x_B02_roi_0.png",20250619,"CbDRC4","p017","m2x","B02",0,780.640866391225,38.1513564918789,"","48h",10,"15hHB101","DMSO",1,"MOXIDECTIN",0.00097,NA,NA,"NIC1667",3,NA,NA,NA,784.063124312755,616.30402183616,747.681362657495,770.953082912797,782.638596476015,56.8821517153105,801.940376148963,835.147887807592,916.284646204588,0.0725479236957723,38.5460943871013,29.0287685240243,36.9097965183826,37.8723065193008,38.9640122811481,2.72512583682335,40.09204850589,40.8407314643069,41.6606678291653,0.0706978457909671,19,"3_NIC1667_0.00097",NA,NA,NA,NA,NA,"3",774.728395535816,7.91020094019905
"20250619-CbDRC4-p017-m2x_B03_roi_0.png",20250619,"CbDRC4","p017","m2x","B03",0,800.32140200772,37.7337465398396,"","48h",10,"15hHB101","DMSO",1,"MOXIDECTIN",0.0019,NA,NA,"NIC1667",3,NA,NA,NA,775.881454897893,688.981035035968,733.885166972977,751.881215514707,780.918193410564,34.028389993776,801.498437307846,814.316097348427,834.016462451919,0.0438577179270952,38.3086911104324,30.4041391880633,35.4610915312854,37.3182586289718,38.5521405369965,3.1268087811335,39.9640724851493,40.5623596364027,50.260943550916,0.0816213942710768,47,"3_NIC1667_0.0019",NA,NA,NA,NA,NA,"3",774.728395535816,6.18979787474859
"20250619-CbDRC4-p017-m2x_B04_roi_0.png",20250619,"CbDRC4","p017","m2x","B04",0,831.621464643521,38.1837360563609,"","48h",10,"15hHB101","DMSO",1,"MOXIDECTIN",0.0039,NA,NA,"NIC1667",3,NA,NA,NA,786.67243390173,622.070485190307,744.879408073856,758.613359951883,785.841612604954,48.6386179482714,812.807027742425,829.967820480728,934.887327963326,0.0618282983516202,38.0749214854047,30.0455324279063,35.7691688623501,37.1551484446838,38.3562304937487,2.32103898236114,39.3744531339424,40.0764015230848,43.4736519749427,0.0609597838107392,46,"3_NIC1667_0.0039",NA,NA,NA,NA,NA,"3",774.728395535816,11.1132170691388
"20250619-CbDRC4-p017-m2x_B05_roi_0.png",20250619,"CbDRC4","p017","m2x","B05",0,810.880460087925,38.3459023857169,"","48h",10,"15hHB101","DMSO",1,"MOXIDECTIN",0.0078,NA,NA,"NIC1667",3,NA,NA,NA,772.444446644195,565.68218576625,705.280288742782,745.255484602446,784.958371310999,60.5891809628855,812.714720208564,835.78490227138,866.466844343065,0.0784382375018798,37.8158178776463,26.2810287033145,35.4739674201855,36.6357336647553,38.5623439572349,2.66092662385469,39.1989112814214,40.1653824105627,43.2700322053732,0.0703654389405028,57,"3_NIC1667_0.0078",NA,NA,NA,NA,NA,"3",774.728395535816,10.229975775183
"20250619-CbDRC4-p017-m2x_B06_roi_0.png",20250619,"CbDRC4","p017","m2x","B06",0,776.802978222616,40.1308567326892,"","48h",10,"15hHB101","DMSO",1,"MOXIDECTIN",0.0156,NA,NA,"NIC1667",3,NA,NA,NA,682.688241836875,343.257726128914,569.865718776869,653.522711254487,709.745126366603,104.333092775813,742.129043964927,780.659998685412,821.900514240553,0.152826848892387,32.339623073064,19.0133579280325,26.3792121643411,29.0281146844551,32.7294316490173,5.20071489940442,36.4903555406896,38.5081586955252,40.1308567326892,0.160815569422519,60,"3_NIC1667_0.0156",NA,NA,NA,NA,NA,"3",774.728395535816,-64.9832691692123
"20250619-CbDRC4-p017-m2x_B07_roi_0.png",20250619,"CbDRC4","p017","m2x","B07",0,294.055184994682,15.9702981864382,"","48h",10,"15hHB101","DMSO",1,"MOXIDECTIN",0.03125,NA,NA,"NIC1667",3,NA,NA,NA,289.72341375409,159.206837403507,266.968902962388,273.911530778922,290.555478000615,32.8914664088515,306.179613680049,321.285625527298,368.729064121309,0.113527125690881,16.0168880999551,13.166724833316,15.1820836163264,15.662606769383,15.9740597215109,0.948676832643587,16.6105976965356,17.0045439758671,18.9384716611614,0.0592297846325246,38,"3_NIC1667_0.03125",NA,NA,NA,NA,NA,"3",774.728395535816,-484.172917535201
"20250619-CbDRC4-p017-m2x_B08_roi_0.png",20250619,"CbDRC4","p017","m2x","B08",0,276.036632626777,13.6005320951247,"","48h",10,"15hHB101","DMSO",1,"MOXIDECTIN",0.0625,NA,NA,"NIC1667",3,NA,NA,NA,265.655087909716,239.87835273063,248.849555223131,253.83605450886,262.379165463805,16.2543367282965,277.449469720193,287.499423163084,299.06731369572,0.061185866441303,15.4147996724376,13.5549753865748,14.4453181099444,14.8739457781573,15.3651428595216,0.99900418766362,15.8357948179108,16.4982728395648,18.1854927384367,0.06480812004647,28,"3_NIC1667_0.0625",NA,NA,NA,NA,NA,"3",774.728395535816,-512.34923007201
"20250619-CbDRC4-p017-m2x_B09_roi_0.png",20250619,"CbDRC4","p017","m2x","B09",0,286.512558424217,15.4663465822104,"","48h",10,"15hHB101","DMSO",1,"MOXIDECTIN",0.125,NA,NA,"NIC1667",3,NA,NA,NA,243.010715714302,153.585847822472,210.967248955628,234.623850944635,243.394792170664,27.5954326675219,255.642605792995,268.64198492011,311.62384182582,0.113556443741208,14.7360742705165,12.6962498742678,13.3281631010701,14.0562730654007,14.9254555647925,0.993184895787013,15.4243869421722,16.0978707254866,16.2829394355723,0.0673982010103023,41,"3_NIC1667_0.125",NA,NA,NA,NA,NA,"3",774.728395535816,-531.333603365151
"20250619-CbDRC4-p017-m2x_B10_roi_0.png",20250619,"CbDRC4","p017","m2x","B10",0,288.006171059051,15.9786851941316,"","48h",10,"15hHB101","DMSO",1,"MOXIDECTIN",0.25,NA,NA,"NIC1667",3,NA,NA,NA,242.936632240699,160.730850998987,208.776484547425,224.106410949128,245.537559616195,32.6123839597668,267.381744576349,277.216477963899,288.006171059051,0.134242348134038,14.8771025417273,11.993010483114,13.7459240607576,14.2709197189395,14.7690661107078,1.41207382731129,15.3457190967744,15.6489429010697,19.5149808466916,0.0949159168158382,20,"3_NIC1667_0.25",NA,NA,NA,NA,NA,"3",774.728395535816,-529.190835919621
"20250619-CbDRC4-p017-m2x_B11_roi_0.png",20250619,"CbDRC4","p017","m2x","B11",0,224.470062246545,13.8690328203816,"","48h",10,"15hHB101","DMSO",1,"MOXIDECTIN",0.5,NA,NA,"NIC1667",3,NA,NA,NA,228.640063588719,136.374045615719,187.989338146848,225.882447243513,236.692957230959,33.2697401714448,244.459096640349,254.882230347705,274.676545862259,0.145511419342897,14.3777841162505,12.9070877512534,13.1068993269427,13.8760645565872,14.1790738642177,1.29774083083695,14.6120988757343,14.9847688699383,19.0727722848081,0.090260141642423,19,"3_NIC1667_0.5",NA,NA,NA,NA,NA,"3",774.728395535816,-538.035438304857
"20250619-CbDRC4-p017-m2x_B12_roi_0.png",20250619,"CbDRC4","p017","m2x","B12",0,209.046879802456,14.3743587676251,"","48h",10,"15hHB101","DMSO",1,"MOXIDECTIN",1,NA,NA,"NIC1667",3,NA,NA,NA,228.695143723662,177.648877598819,206.942891046524,223.250178690525,227.311633278861,19.8199626493127,244.175828925792,251.077812380628,255.346994405797,0.0866654285989631,14.4823257188388,11.7897337758129,13.8777465314916,14.1033448944339,14.6402902587255,0.831445214630201,15.077710921239,15.1763313937796,15.4400594929883,0.0574110285027388,19,"3_NIC1667_1",NA,NA,NA,NA,NA,"3",774.728395535816,-547.416762256955
"20250619-CbDRC4-p017-m2x_C01_roi_0.png",20250619,"CbDRC4","p017","m2x","C01",0,740.477913291831,37.3511598188269,"","48h",10,"15hHB101","DMSO",1,"MOXIDECTIN",0,NA,NA,"ECA2666",3,NA,NA,NA,780.279389085967,662.122684038214,729.731086590788,747.652063840575,784.195940024119,47.1641417631549,821.340219659022,834.536248407971,854.334607782459,0.0604451974803586,36.1290958735068,30.3705744473826,32.3896898356713,34.5450702254517,35.9983935259388,2.62029258807258,38.3645633970704,39.2743258121095,40.4786010628059,0.072525827860365,46,"3_ECA2666_0",NA,NA,NA,NA,NA,"3",777.986030494324,6.20990952979469
"20250619-CbDRC4-p017-m2x_C02_roi_0.png",20250619,"CbDRC4","p017","m2x","C02",0,718.982019912581,31.0161781019265,"","48h",10,"15hHB101","DMSO",1,"MOXIDECTIN",0.00097,NA,NA,"ECA2666",3,NA,NA,NA,780.601785514731,653.024084291447,735.468944107595,761.901447325092,784.508590560763,38.7888162551987,800.420428908471,824.948805907037,849.970143165444,0.0496909140806298,36.1546067732145,31.0161781019265,32.4733521503443,34.8946007526946,36.807702899817,2.25051146589657,37.6986944123345,38.5894619929293,39.5877630013814,0.0622468799069857,44,"3_ECA2666_0.00097",NA,NA,NA,NA,NA,"3",777.986030494324,6.52256006643904
"20250619-CbDRC4-p017-m2x_C03_roi_0.png",20250619,"CbDRC4","p017","m2x","C03",0,705.40404160776,35.5746361013747,"","48h",10,"15hHB101","DMSO",1,"MOXIDECTIN",0.0019,NA,NA,"ECA2666",3,NA,NA,NA,776.830292245029,703.544982267739,725.200969489813,754.889109246754,779.32492133587,36.2206945818584,799.422221514053,818.282067384273,843.028095133689,0.0466262643764587,36.5297091672611,30.0289631764118,33.5538803506877,35.1043131752889,36.8321119969206,2.49026848755521,38.3056046388459,39.9359979106999,40.4715030368272,0.0681710460971054,50,"3_ECA2666_0.0019",NA,NA,NA,NA,NA,"3",777.986030494324,1.33889084154646
"20250619-CbDRC4-p017-m2x_C04_roi_0.png",20250619,"CbDRC4","p017","m2x","C04",0,823.499775450591,35.4862936332371,"","48h",10,"15hHB101","DMSO",1,"MOXIDECTIN",0.0039,NA,NA,"ECA2666",3,NA,NA,NA,769.370252652068,439.58982958732,711.14733709926,750.069918974048,778.898760567407,70.3439329989949,805.195746330754,830.635306183867,874.245036108061,0.0914305339419023,35.2226953175042,22.9786772986857,32.2495464649838,34.4143595140536,35.9381907047838,3.03823774179722,37.1654301615669,37.7544509550654,41.3999800019956,0.0862579571043601,58,"3_ECA2666_0.0039",NA,NA,NA,NA,NA,"3",777.986030494324,0.912730073082912
"20250619-CbDRC4-p017-m2x_C05_roi_0.png",20250619,"CbDRC4","p017","m2x","C05",0,848.65971105053,36.3065368699071,"","48h",10,"15hHB101","DMSO",1,"MOXIDECTIN",0.0078,NA,NA,"ECA2666",3,NA,NA,NA,758.298415084525,597.852438040342,686.163347146769,734.594397931155,760.240328693958,50.3976005271613,797.126218800704,820.078515071208,848.65971105053,0.0664614346075663,35.918607066689,27.7694682737564,32.643093983464,34.5510878042903,35.9386475027061,2.96196613159177,38.0901845604021,39.1664684891149,42.1954078929606,0.0824632794387706,56,"3_ECA2666_0.0078",NA,NA,NA,NA,NA,"3",777.986030494324,-17.7457018003656
"20250619-CbDRC4-p017-m2x_C06_roi_0.png",20250619,"CbDRC4","p017","m2x","C06",0,547.608413561202,23.0460109437646,"","48h",10,"15hHB101","DMSO",1,"MOXIDECTIN",0.0156,NA,NA,"ECA2666",3,NA,NA,NA,578.380807506794,356.893068213414,419.668010022491,497.646744634216,566.316726757155,120.184005563346,671.383079274394,747.999332812471,794.981254909639,0.207793903261449,25.2261160567971,17.9914803418552,19.1032779622743,20.7567896254905,25.5172992096243,4.96168981619081,28.8160971569846,31.4375364557215,36.0660188683449,0.196688614490612,33,"3_ECA2666_0.0156",NA,NA,NA,NA,NA,"3",777.986030494324,-211.669303737169
"20250619-CbDRC4-p017-m2x_C07_roi_0.png",20250619,"CbDRC4","p017","m2x","C07",0,258.880777249611,15.4026750588006,"","48h",10,"15hHB101","DMSO",1,"MOXIDECTIN",0.03125,NA,NA,"ECA2666",3,NA,NA,NA,285.814026558779,166.862597038472,222.064729397399,278.623919806896,291.552373035641,44.0766731328382,315.29774804083,326.256014528044,342.238196900216,0.154214520762065,15.480754056085,13.9293271571547,14.5878793508975,14.7907422297666,15.4102019342795,0.874935594952353,15.8626257444329,16.6439554526596,17.4163625116069,0.0565176342045459,25,"3_ECA2666_0.03125",NA,NA,NA,NA,NA,"3",777.986030494324,-486.433657458683
"20250619-CbDRC4-p017-m2x_C08_roi_0.png",20250619,"CbDRC4","p017","m2x","C08",0,234.465407279753,13.8303573514154,"","48h",10,"15hHB101","DMSO",1,"MOXIDECTIN",0.0625,NA,NA,"ECA2666",3,NA,NA,NA,248.358546120458,162.86371672295,216.241977304186,234.465407279753,245.597807040381,42.2720862377642,256.911438536774,265.956965483562,399.601614007603,0.170205885394665,14.158265777358,8.49532843291948,12.768146226664,13.3570086267663,14.3916202153636,1.89392004957983,14.8008657057284,15.8098171051123,18.8108409029729,0.133767798921291,21,"3_ECA2666_0.0625",NA,NA,NA,NA,NA,"3",777.986030494324,-532.388223453943
"20250619-CbDRC4-p017-m2x_C09_roi_0.png",20250619,"CbDRC4","p017","m2x","C09",0,221.963102371288,14.3577075464402,"","48h",10,"15hHB101","DMSO",1,"MOXIDECTIN",0.125,NA,NA,"ECA2666",3,NA,NA,NA,221.63331109406,163.584374003691,179.380646558768,210.407701328498,221.963102371288,29.5662158444524,246.864625934474,255.516132948734,258.949913047564,0.13340149862177,13.7932661348154,11.2016177049095,12.5253708276961,13.2506325397748,14.1592969817325,1.25476375415451,14.2465599399671,14.4949257301804,16.9060284438552,0.0909692992138661,15,"3_ECA2666_0.125",NA,NA,NA,NA,NA,"3",777.986030494324,-556.022928123037
"20250619-CbDRC4-p017-m2x_C10_roi_0.png",20250619,"CbDRC4","p017","m2x","C10",0,184.559581123401,13.8483347497232,"","48h",10,"15hHB101","DMSO",1,"MOXIDECTIN",0.25,NA,NA,"ECA2666",3,NA,NA,NA,188.709617418866,97.2175458889697,139.12396234754,156.67812043093,201.419106449113,43.0975482277439,223.242136867282,233.4996756364,244.985333824454,0.228380242709533,15.670010066331,12.4012582323291,13.4316622008435,14.2715401471382,14.6839868514543,2.59613615370759,16.332014322679,19.3184057074519,21.9618308243385,0.165675461771765,20,"3_ECA2666_0.25",NA,NA,NA,NA,NA,"3",777.986030494324,-576.566924045211
"20250619-CbDRC4-p017-m2x_C11_roi_0.png",20250619,"CbDRC4","p017","m2x","C11",0,232.623958919093,14.5821066639927,"","48h",10,"15hHB101","DMSO",1,"MOXIDECTIN",0.5,NA,NA,"ECA2666",3,NA,NA,NA,205.463402273919,171.178485253272,176.445631219151,193.780622826847,210.135018894694,22.3609999525508,218.37255359834,227.787833344018,232.623958919093,0.108832033856519,13.9799450665135,13.1433473810051,13.1463173339226,13.1555649617776,14.0602456475001,0.909031373453971,14.3954912381459,14.9708280132926,15.5539100372425,0.0650239589017694,7,"3_ECA2666_0.5",NA,NA,NA,NA,NA,"3",777.986030494324,-567.85101159963
"20250619-CbDRC4-p017-m2x_C12_roi_0.png",20250619,"CbDRC4","p017","m2x","C12",0,216.68391373575,12.723135557502,"","48h",10,"15hHB101","DMSO",1,"MOXIDECTIN",1,NA,NA,"ECA2666",3,NA,NA,NA,197.553705662621,113.090672522693,177.415190194005,185.436152671679,205.693242540135,33.8191061786065,216.665959132747,231.207688384824,235.883769503655,0.171189429553715,13.9686781107776,11.786172986184,12.723135557502,13.1298936178471,13.7626022188491,1.35422563970866,14.7394546280991,15.1251884367598,16.6976790982405,0.0969473008805176,11,"3_ECA2666_1",NA,NA,NA,NA,NA,"3",777.986030494324,-572.292787954189
"20250619-CbDRC4-p017-m2x_D01_roi_0.png",20250619,"CbDRC4","p017","m2x","D01",0,855.629486213866,41.5008743495962,"","48h",10,"15hHB101","DMSO",1,"MOXIDECTIN",0,NA,NA,"VX34",3,NA,NA,NA,843.610329175895,630.690310457303,802.927942685544,822.229415768508,847.598983337933,59.9455586191146,862.55168329115,910.488126778858,961.373255838757,0.0710583506933517,38.4092536129064,29.7869339716427,35.5087752634646,36.9270494999838,38.6110491932695,2.87537996720103,40.6315530875178,41.503672499684,43.7812568135982,0.0748616465235045,28,"3_VX34_0",NA,NA,NA,NA,NA,"3",841.848651392647,5.75033194528567
"20250619-CbDRC4-p017-m2x_D02_roi_0.png",20250619,"CbDRC4","p017","m2x","D02",0,849.469441140673,41.6039000539995,"","48h",10,"15hHB101","DMSO",1,"MOXIDECTIN",0.00097,NA,NA,"VX34",3,NA,NA,NA,820.015460585516,518.289037923546,722.637804239381,803.537882005734,839.342253510628,89.672851193916,881.281707878922,902.251631526862,928.988206889456,0.109355073781032,39.566437624054,34.6268510743141,36.0547740030661,37.8840057689,39.1010567063945,2.85182826144736,41.2013224965008,43.1811549230717,47.0251110898577,0.0720769529100499,36,"3_VX34_0.00097",NA,NA,NA,NA,NA,"3",841.848651392647,-2.50639788201943
"20250619-CbDRC4-p017-m2x_D03_roi_0.png",20250619,"CbDRC4","p017","m2x","D03",0,868.12528175561,42.2941395584667,"","48h",10,"15hHB101","DMSO",1,"MOXIDECTIN",0.0019,NA,NA,"VX34",3,NA,NA,NA,851.612249065867,494.681069065936,788.192734587261,812.153063523383,860.168019661635,80.6282051734387,899.158199127943,938.975137633422,984.52755077335,0.0946771318306891,38.9396093352523,21.8816175259458,36.7345105591746,37.433231400727,38.928645776812,3.53472433106556,41.3077749549184,42.3818958951083,43.9720201698298,0.0907745196063267,40,"3_VX34_0.0019",NA,NA,NA,NA,NA,"3",841.848651392647,18.3193682689881
"20250619-CbDRC4-p017-m2x_D04_roi_0.png",20250619,"CbDRC4","p017","m2x","D04",0,843.081177214041,37.24998675235,"","48h",10,"15hHB101","DMSO",1,"MOXIDECTIN",0.0039,NA,NA,"VX34",3,NA,NA,NA,829.188873025964,628.317531618461,770.828062615108,807.946678700234,833.040906803228,57.1693221817,861.815348376672,895.682701484238,931.822272335978,0.0689460797671725,38.1800885858565,32.1529033066583,35.881130256583,37.2014355339246,38.5532246400931,2.32650164553399,39.3999703965749,40.6797116938016,43.2619994279363,0.0609349462430483,42,"3_VX34_0.0039",NA,NA,NA,NA,NA,"3",841.848651392647,-8.80774458941858
"20250619-CbDRC4-p017-m2x_D05_roi_0.png",20250619,"CbDRC4","p017","m2x","D05",0,826.634913496952,37.7490023023239,"","48h",10,"15hHB101","DMSO",1,"MOXIDECTIN",0.0078,NA,NA,"VX34",3,NA,NA,NA,833.905078246746,719.094458240768,783.367586353965,814.561233715155,833.728744335451,43.9619681953353,853.633889251907,880.816771248251,949.66491900552,0.0527181922045176,38.3547114292165,33.4164734142333,34.8520598109203,36.3785943985484,38.0194674657922,2.8054696615891,39.7795597816857,41.6740897576144,45.8570269385799,0.0731453726817,57,"3_VX34_0.0078",NA,NA,NA,NA,NA,"3",841.848651392647,-8.11990705719586
"20250619-CbDRC4-p017-m2x_D06_roi_0.png",20250619,"CbDRC4","p017","m2x","D06",0,716.7005272204,34.477766140099,"","48h",10,"15hHB101","DMSO",1,"MOXIDECTIN",0.0156,NA,NA,"VX34",3,NA,NA,NA,646.188065992826,349.646893022447,509.479282530583,585.887207391599,658.417387330423,112.425870469271,716.482564627621,779.379547440068,862.20488053005,0.173983204559088,29.7855539102663,18.4636264356201,22.993748514864,25.8596059500191,29.9996462464443,5.12197834759566,33.4396058202389,36.2497685679221,38.7015479939603,0.171961829651597,54,"3_VX34_0.0156",NA,NA,NA,NA,NA,"3",841.848651392647,-183.431264062224
"20250619-CbDRC4-p017-m2x_D07_roi_0.png",20250619,"CbDRC4","p017","m2x","D07",0,290.065836078656,14.2372669236918,"","48h",10,"15hHB101","DMSO",1,"MOXIDECTIN",0.03125,NA,NA,"VX34",3,NA,NA,NA,282.411376756914,212.254934259696,250.666251564582,263.019407095023,279.815738065551,32.0150172863118,303.817309440177,318.562383941694,360.193560025571,0.113363058011182,15.9479792665857,13.1340002908929,14.2225434226629,14.9642381170111,15.6018529015736,1.94599589622369,16.4224752099157,17.259110028734,25.7817052710725,0.122021471416191,46,"3_VX34_0.03125",NA,NA,NA,NA,NA,"3",841.848651392647,-562.032913327096
"20250619-CbDRC4-p017-m2x_D08_roi_0.png",20250619,"CbDRC4","p017","m2x","D08",0,246.218403615527,15.5596772108245,"","48h",10,"15hHB101","DMSO",1,"MOXIDECTIN",0.0625,NA,NA,"VX34",3,NA,NA,NA,256.949165711984,185.116886300627,238.987130347331,245.959509797975,255.568109694201,23.4089037845923,272.553036213543,282.822166745891,293.716011849984,0.0911032488458497,15.0830821269091,13.4964754686654,14.1706272652461,14.6312258114092,15.103660871548,0.671864948025277,15.4908019882882,16.1483711738723,16.2996964945301,0.0445442743314798,31,"3_VX34_0.0625",NA,NA,NA,NA,NA,"3",841.848651392647,-586.280541698446
"20250619-CbDRC4-p017-m2x_D09_roi_0.png",20250619,"CbDRC4","p017","m2x","D09",0,249.076073944747,13.9584360473583,"","48h",10,"15hHB101","DMSO",1,"MOXIDECTIN",0.125,NA,NA,"VX34",3,NA,NA,NA,232.525526182821,135.461739863785,212.47326900127,221.060706194689,234.686352501094,28.2131805710366,243.190116414349,264.95406015303,283.291920393642,0.121333691978635,14.3519216799797,8.65713254188582,13.5437952288737,13.9002845801225,14.5948593334616,1.64598012277396,14.994147322157,15.639022258916,17.6789347776333,0.114687089260668,39,"3_VX34_0.125",NA,NA,NA,NA,NA,"3",841.848651392647,-607.162298891553
"20250619-CbDRC4-p017-m2x_D10_roi_0.png",20250619,"CbDRC4","p017","m2x","D10",0,213.324009054135,15.5527173908142,"","48h",10,"15hHB101","DMSO",1,"MOXIDECTIN",0.25,NA,NA,"VX34",3,NA,NA,NA,214.856377200992,62.2650646491664,178.115368623207,206.675855337935,217.472734591479,42.4297481722004,239.358211343264,252.46337455812,287.113928033566,0.197479584850808,14.7059414463819,11.5057160299763,12.6223698847809,13.7208270880772,14.6163954837066,1.88097737035517,15.4895184228503,16.1393071293406,21.243573550295,0.127905947212781,28,"3_VX34_0.25",NA,NA,NA,NA,NA,"3",841.848651392647,-624.375916801168
"20250619-CbDRC4-p017-m2x_D11_roi_0.png",20250619,"CbDRC4","p017","m2x","D11",0,222.447366349725,11.3550450589551,"","48h",10,"15hHB101","DMSO",1,"MOXIDECTIN",0.5,NA,NA,"VX34",3,NA,NA,NA,199.842112158494,116.922403445079,129.183054875409,184.688002567438,214.248872481744,42.6999945340817,222.178548999194,231.566902331734,273.778102059139,0.213668651080992,13.9037506095936,9.89743209279237,11.8412368788442,12.7453821159596,13.8336299949562,1.99095501882906,14.8695941114174,15.690023913036,19.6811800183973,0.143195535847377,22,"3_VX34_0.5",NA,NA,NA,NA,NA,"3",841.848651392647,-627.599778910903
"20250619-CbDRC4-p017-m2x_D12_roi_0.png",20250619,"CbDRC4","p017","m2x","D12",0,239.403830602951,13.031452708718,"","48h",10,"15hHB101","DMSO",1,"MOXIDECTIN",1,NA,NA,"VX34",3,NA,NA,NA,204.761914261937,115.247270112166,137.087112484279,175.37646440543,207.908802112133,61.3452826233549,225.599877680865,236.082751048211,372.781114895437,0.299593226818931,14.1709119131615,6.90885667102882,12.1962780990117,13.110851713183,14.1385951430358,2.88114470899373,15.3823102265199,17.5197833048256,18.9122999421413,0.203313994656745,14,"3_VX34_1",NA,NA,NA,NA,NA,"3",841.848651392647,-633.939849280514
"20250619-CbDRC4-p017-m2x_E01_roi_0.png",20250619,"CbDRC4","p017","m2x","E01",0,724.573299195184,38.6213634308396,"","48h",10,"15hHB101","DMSO",1,"MOXIDECTIN",0,NA,NA,"JU3237",3,NA,NA,NA,739.517760962963,414.514636167379,691.957927056692,724.573299195184,745.208025721494,53.7942605865889,774.531437461506,785.893301336529,810.116218700158,0.0727423510647544,39.7053190416841,20.9846735048508,37.4955978874068,38.6297595141788,40.263943658293,2.94084242821916,41.341125854238,42.0412410029011,43.4155636490378,0.0740667119468744,65,"3_JU3237_0",NA,NA,NA,NA,NA,"3",756.836909183482,-11.6288834619871
"20250619-CbDRC4-p017-m2x_E02_roi_0.png",20250619,"CbDRC4","p017","m2x","E02",0,757.238286652958,41.6392899076478,"","48h",10,"15hHB101","DMSO",1,"MOXIDECTIN",0.00097,NA,NA,"JU3237",3,NA,NA,NA,741.292744630409,608.103763509213,699.228045062977,718.895012399562,742.283669497336,39.6711556351584,768.094412092319,786.958356131757,827.279238644893,0.0535161795694325,39.281164594067,30.2179146324573,37.0006311419794,38.0745907989881,39.4842430616708,2.4636019518871,41.0594147473017,41.9695033364415,43.2173460255092,0.0627171311580513,65,"3_JU3237_0.00097",NA,NA,NA,NA,NA,"3",756.836909183482,-14.5532396861452
"20250619-CbDRC4-p017-m2x_E03_roi_0.png",20250619,"CbDRC4","p017","m2x","E03",0,787.13816139096,41.1782531652744,"","48h",10,"15hHB101","DMSO",1,"MOXIDECTIN",0.0019,NA,NA,"JU3237",3,NA,NA,NA,743.599014083294,483.271356054151,699.49370330204,724.438606529912,749.487289176004,55.655999143876,777.227873441268,787.13816139096,824.621745658171,0.0748467898555359,39.3920054952757,23.2521112672881,37.6342072454483,38.6553485376959,39.96279682069,3.29972364747614,41.2199084495542,42.1496875219113,43.4681887455989,0.0837663278624359,61,"3_JU3237_0.0019",NA,NA,NA,NA,NA,"3",756.836909183482,-7.34962000747726
"20250619-CbDRC4-p017-m2x_E04_roi_0.png",20250619,"CbDRC4","p017","m2x","E04",0,754.803583696161,39.4686847582538,"","48h",10,"15hHB101","DMSO",1,"MOXIDECTIN",0.0039,NA,NA,"JU3237",3,NA,NA,NA,749.798174453978,674.767240336481,697.851719981901,724.856838161511,761.915433169608,34.5707795061918,775.706482937981,788.561885816527,797.855703562968,0.046106780042999,39.5271945194964,30.8793146084874,36.5753070519733,38.725775278562,39.481850493337,2.4977829392015,41.3438485982742,42.2071932053881,43.4370230168296,0.0631915057358673,58,"3_JU3237_0.0039",NA,NA,NA,NA,NA,"3",756.836909183482,5.07852398612681
"20250619-CbDRC4-p017-m2x_E05_roi_0.png",20250619,"CbDRC4","p017","m2x","E05",0,796.490563588807,37.8688193016647,"","48h",10,"15hHB101","DMSO",1,"MOXIDECTIN",0.0078,NA,NA,"JU3237",3,NA,NA,NA,737.290939591505,581.164298868508,677.281725572789,719.495196970664,744.902425032783,46.925863651309,769.839556358125,792.590723513223,816.523283322407,0.0636463316330839,37.9147582940749,30.389856653324,34.0305109772403,35.9187291029544,38.8682642506164,2.92036936105032,39.7119751821133,40.9454233357152,42.5700092360971,0.0770246071041601,70,"3_JU3237_0.0078",NA,NA,NA,NA,NA,"3",756.836909183482,-11.9344841506989
"20250619-CbDRC4-p017-m2x_E06_roi_0.png",20250619,"CbDRC4","p017","m2x","E06",0,602.607658515403,25.6931091264927,"","48h",10,"15hHB101","DMSO",1,"MOXIDECTIN",0.0156,NA,NA,"JU3237",3,NA,NA,NA,455.370967535123,301.273203242176,359.322607241617,385.3815968098,436.028338428771,96.696831155959,495.839584090013,613.442295142112,665.842744938534,0.212347378400888,21.575195295518,15.1175660029738,18.2849636669437,19.2607447679799,20.3946881289846,3.51449207823238,22.8208979690456,27.3893492144182,31.8053455850251,0.162895029690066,60,"3_JU3237_0.0156",NA,NA,NA,NA,NA,"3",756.836909183482,-320.808570754711
"20250619-CbDRC4-p017-m2x_E07_roi_0.png",20250619,"CbDRC4","p017","m2x","E07",0,286.430477053392,15.670421657598,"","48h",10,"15hHB101","DMSO",1,"MOXIDECTIN",0.03125,NA,NA,"JU3237",3,NA,NA,NA,267.337223946693,147.718941853182,240.975865959889,259.850971757547,273.293679837913,30.884169658824,286.800856197692,294.079588778009,311.692140673098,0.115525137887204,15.8498229051168,13.1623675554348,14.917166110601,15.2292588676628,15.8174820101517,1.09541121049854,16.2346857854968,16.7710643448572,20.0250805850564,0.0691118895811073,34,"3_JU3237_0.03125",NA,NA,NA,NA,NA,"3",756.836909183482,-483.543229345568
"20250619-CbDRC4-p017-m2x_E08_roi_0.png",20250619,"CbDRC4","p017","m2x","E08",0,258.198481471562,14.3338984640436,"","48h",10,"15hHB101","DMSO",1,"MOXIDECTIN",0.0625,NA,NA,"JU3237",3,NA,NA,NA,244.673700640605,173.878589764754,207.428442982868,228.303534381264,252.499653616131,26.9632928645991,260.339285543063,271.312883549701,304.648313483409,0.110201026076786,15.0448765530179,11.8224060339175,13.7511726430963,14.3015945164095,15.2488543282288,1.06762661796508,15.7715803070743,16.0540780951531,17.5966077820842,0.0709628034635428,55,"3_JU3237_0.0625",NA,NA,NA,NA,NA,"3",756.836909183482,-504.33725556735
"20250619-CbDRC4-p017-m2x_E09_roi_0.png",20250619,"CbDRC4","p017","m2x","E09",0,262.832855285671,14.2170190377496,"","48h",10,"15hHB101","DMSO",1,"MOXIDECTIN",0.125,NA,NA,"JU3237",3,NA,NA,NA,249.773895141861,153.124784687338,218.558871056481,237.406725337078,251.408540282105,40.9691811034861,261.180750249202,269.996802820661,436.217133962626,0.164025071876376,14.5361960588891,6.7854696379779,12.603145449221,14.1047962060866,14.722250679953,1.95714033004355,15.4625490550115,15.6600880570385,21.5507328540859,0.134639098297434,42,"3_JU3237_0.125",NA,NA,NA,NA,NA,"3",756.836909183482,-505.428368901376
"20250619-CbDRC4-p017-m2x_E10_roi_0.png",20250619,"CbDRC4","p017","m2x","E10",0,237.336390616607,14.2818884060928,"","48h",10,"15hHB101","DMSO",1,"MOXIDECTIN",0.25,NA,NA,"JU3237",3,NA,NA,NA,224.984123755313,153.8295729527,181.127161354807,208.618563561471,230.382279457968,29.220602449047,241.851509347391,255.617394389236,287.122386233611,0.129878508586795,14.6097353455476,12.9387098547444,13.1161970158956,14.0546580328542,14.4723126750778,1.18868298246525,14.9290629945213,16.0818366650784,18.4734018860782,0.0813623898277874,34,"3_JU3237_0.25",NA,NA,NA,NA,NA,"3",756.836909183482,-526.454629725514
"20250619-CbDRC4-p017-m2x_E11_roi_0.png",20250619,"CbDRC4","p017","m2x","E11",0,205.734279477114,13.8171300516575,"","48h",10,"15hHB101","DMSO",1,"MOXIDECTIN",0.5,NA,NA,"JU3237",3,NA,NA,NA,203.921296396068,130.959571507155,137.978172839865,166.356365230706,215.282572677892,40.8390753168689,232.94427788436,249.163438108218,254.180078261401,0.200268809774281,14.3981318228975,12.627154660954,13.0504613199094,13.7739569928967,14.2133868297184,1.37869834098909,14.6883735193554,15.7353019034081,19.2897955075301,0.0957553631226327,22,"3_JU3237_0.5",NA,NA,NA,NA,NA,"3",756.836909183482,-541.554336505589
"20250619-CbDRC4-p017-m2x_E12_roi_0.png",20250619,"CbDRC4","p017","m2x","E12",0,244.399546684325,13.7854430616422,"","48h",10,"15hHB101","DMSO",1,"MOXIDECTIN",1,NA,NA,"JU3237",3,NA,NA,NA,218.557841776608,163.730892533147,186.080026822218,193.644087159092,215.643423976409,27.6164122287545,242.301861333804,253.885751030718,261.977945477256,0.126357453039739,14.2051195363326,12.8739218280861,12.8798887940311,13.4106980313823,14.0936506698894,1.05375407479226,14.6770740400518,15.4077152740875,16.7014851442183,0.0741812888020448,21,"3_JU3237_1",NA,NA,NA,NA,NA,"3",756.836909183482,-541.193485207073
"20250619-CbDRC4-p017-m2x_F01_roi_0.png",20250619,"CbDRC4","p017","m2x","F01",0,765.884604331655,37.130476517651,"","48h",10,"15hHB101","DMSO",1,"MOXIDECTIN",0,NA,NA,"PB420",3,NA,NA,NA,741.642317347426,209.49347800471,725.74387700383,739.665133075683,752.929754395826,74.1527566093056,762.201453612773,774.706535727124,840.495814505181,0.0999845274127857,37.7349568370383,20.237262711461,36.1524726086356,37.1293218290465,37.943185833809,2.90529452729685,39.1409499094325,39.7318759708998,41.5445378653654,0.0769921253612032,96,"3_PB420_0",NA,"n>75",NA,NA,NA,"3",758.846883086449,-5.91712869062303
"20250619-CbDRC4-p017-m2x_F02_roi_0.png",20250619,"CbDRC4","p017","m2x","F02",0,747.787471381067,37.434915289837,"","48h",10,"15hHB101","DMSO",1,"MOXIDECTIN",0.00097,NA,NA,"PB420",3,NA,NA,NA,745.276935361222,627.56443206898,711.329689204285,725.187782093274,744.548027490417,33.8350395588964,759.416880127759,785.720768703605,864.029895794254,0.0453992844183447,38.1540401587527,33.9883275799641,36.0072430860727,37.0580414117158,38.2612040099625,1.62669817836793,39.3369091161836,40.0885033044573,42.3850369364624,0.0426350177228807,89,"3_PB420_0.00097",NA,"n>75",NA,NA,NA,"3",758.846883086449,-14.2988555960322
"20250619-CbDRC4-p017-m2x_F03_roi_0.png",20250619,"CbDRC4","p017","m2x","F03",0,820.848961895912,42.0958784287245,"","48h",10,"15hHB101","DMSO",1,"MOXIDECTIN",0.0019,NA,NA,"PB420",3,NA,NA,NA,756.706299080953,518.387999111393,715.419434139413,744.103859501655,761.333931005314,43.7788091966318,772.7495195946,792.597444471069,896.090150426923,0.0578544268097182,38.2766443980115,32.4562474085162,36.0941582396569,37.2617356249577,38.4374750835,1.82840920675425,39.4821679107917,40.5974814457452,42.8266711816963,0.0477682731992367,86,"3_PB420_0.0019",NA,"n>75",NA,NA,NA,"3",758.846883086449,2.48704791886507
"20250619-CbDRC4-p017-m2x_F04_roi_0.png",20250619,"CbDRC4","p017","m2x","F04",0,734.523807498271,35.5649468268786,"","48h",10,"15hHB101","DMSO",1,"MOXIDECTIN",0.0039,NA,NA,"PB420",3,NA,NA,NA,759.182202272683,360.126270280993,727.385343292062,740.311184761926,764.079962813169,57.3470388381373,775.062047113716,790.310492491444,937.922753648091,0.0755379125939248,37.2789795233064,28.6768733164411,35.1205382356472,35.9715516718005,37.1912399061352,2.14124821618605,38.7186069582903,39.746457117315,43.0029348953799,0.0574384879512961,85,"3_PB420_0.0039",NA,"n>75",NA,NA,NA,"3",758.846883086449,5.23307972672012
"20250619-CbDRC4-p017-m2x_F05_roi_0.png",20250619,"CbDRC4","p017","m2x","F05",0,805.502705401136,36.0202698495486,"","48h",10,"15hHB101","DMSO",1,"MOXIDECTIN",0.0078,NA,NA,"PB420",3,NA,NA,NA,758.188784806248,654.805453004708,711.51342496408,743.124434725044,760.566889960457,41.2755877406864,772.984360677861,796.795932418111,910.259922708806,0.0544397234143132,37.1825278281911,29.9922398600366,34.891697667214,36.0832198203032,37.3464496394003,2.01366176185288,38.729727102729,39.3696679588923,41.2855185052995,0.0541561286838104,84,"3_PB420_0.0078",NA,"n>75",NA,NA,NA,"3",758.846883086449,1.72000687400759
"20250619-CbDRC4-p017-m2x_F06_roi_0.png",20250619,"CbDRC4","p017","m2x","F06",0,654.052906098892,31.176051741011,"","48h",10,"15hHB101","DMSO",1,"MOXIDECTIN",0.0156,NA,NA,"PB420",3,NA,NA,NA,418.027576002579,211.809065007034,324.528967981475,349.981374242041,402.042002362179,100.295687518617,461.020761193759,557.817076054371,680.538687784789,0.239926007938765,20.7231935596087,16.061917866064,17.8173940800714,18.4279415293392,19.9022362633033,3.31366856348321,21.7752653120181,25.9009705435537,31.9608928115146,0.15990144346969,67,"3_PB420_0.0156",NA,NA,NA,NA,NA,"3",758.846883086449,-356.80488072427
"20250619-CbDRC4-p017-m2x_F07_roi_0.png",20250619,"CbDRC4","p017","m2x","F07",0,262.789640270164,15.2091143603269,"","48h",10,"15hHB101","DMSO",1,"MOXIDECTIN",0.03125,NA,NA,"PB420",3,NA,NA,NA,269.901814339863,219.78245195607,238.806388178443,250.784868322032,270.173523366035,29.0159049679178,285.367291616816,298.10349555943,382.884672772991,0.107505409101773,15.6970154535174,13.5438478156171,14.4561536770611,14.7646187321957,15.2091143603269,1.47902288130021,16.345946836611,17.1403082443431,20.959995239315,0.0942231907511306,47,"3_PB420_0.03125",NA,NA,NA,NA,NA,"3",758.846883086449,-488.673359720414
"20250619-CbDRC4-p017-m2x_F08_roi_0.png",20250619,"CbDRC4","p017","m2x","F08",0,228.066307890606,15.0606201090476,"","48h",10,"15hHB101","DMSO",1,"MOXIDECTIN",0.0625,NA,NA,"PB420",3,NA,NA,NA,245.269022630476,133.854207349945,217.610044962009,229.257743003718,245.040680109351,31.5687369123149,263.781447153955,284.279766129374,296.272878860744,0.128710656460994,15.1376727567413,13.2405298547271,13.8976974423131,14.4892395164378,14.8085609370565,1.61252490314617,15.3046124391942,16.3618340498479,22.6144199690854,0.106523963693696,43,"3_PB420_0.0625",NA,NA,NA,NA,NA,"3",758.846883086449,-513.806202977098
"20250619-CbDRC4-p017-m2x_F09_roi_0.png",20250619,"CbDRC4","p017","m2x","F09",0,241.104080466014,13.5337064393322,"","48h",10,"15hHB101","DMSO",1,"MOXIDECTIN",0.125,NA,NA,"PB420",3,NA,NA,NA,224.448754086093,74.4692164438003,162.309963976129,213.048667931449,236.574991236108,46.7776815012814,248.372925384218,270.230553973313,299.475626524754,0.208411410844092,15.6580534882543,10.4349049545003,13.4725817712078,13.8886815502223,14.4888005608299,3.61739701194028,15.5397050097741,19.1442161780306,30.3865285951073,0.231024693756081,35,"3_PB420_0.125",NA,NA,NA,NA,NA,"3",758.846883086449,-522.271891850341
"20250619-CbDRC4-p017-m2x_F10_roi_0.png",20250619,"CbDRC4","p017","m2x","F10",0,233.511928469855,15.3190512673495,"","48h",10,"15hHB101","DMSO",1,"MOXIDECTIN",0.25,NA,NA,"PB420",3,NA,NA,NA,225.906296955627,172.057804231736,186.826002378254,215.604901501142,226.115017543996,23.3229015171958,243.046075924134,253.866427788729,264.314343697534,0.103241484772675,14.6340729661183,12.8399919856188,13.6838418685815,14.050871567017,14.6135459227066,1.07554515097006,15.0888870359772,15.5350315281898,18.499190521738,0.0734959538236704,31,"3_PB420_0.25",NA,NA,NA,NA,NA,"3",758.846883086449,-532.731865542453
"20250619-CbDRC4-p017-m2x_F11_roi_0.png",20250619,"CbDRC4","p017","m2x","F11",0,210.636586054693,15.3695870281965,"","48h",10,"15hHB101","DMSO",1,"MOXIDECTIN",0.5,NA,NA,"PB420",3,NA,NA,NA,218.36901186704,165.517777340092,199.869461099735,210.237706399517,218.085734014435,19.4999688325799,231.838988755203,240.988185849622,252.620646342306,0.0892982418423593,14.5608268084233,10.8350052865815,13.584581690565,13.9851114000744,14.693687967419,1.00221661479872,15.2871826696825,15.5314226848421,15.5987043806393,0.0688296501280373,29,"3_PB420_0.5",NA,NA,NA,"outlier","outlier","3",758.846883086449,-540.761149072014
"20250619-CbDRC4-p017-m2x_F12_roi_0.png",20250619,"CbDRC4","p017","m2x","F12",0,229.774696363257,13.8469205001041,"","48h",10,"15hHB101","DMSO",1,"MOXIDECTIN",1,NA,NA,"PB420",3,NA,NA,NA,210.270235328671,122.817141947062,189.259403607896,197.60925258368,209.710987082569,27.5445097974548,223.797884400517,243.367302355949,256.394406621709,0.130995762450164,14.0198278831489,11.0884729866949,12.4623925609221,13.4498534905225,13.818426894622,1.53913870422518,14.3616745372075,16.0919857180067,17.9573109880753,0.109782995701049,25,"3_PB420_1",NA,NA,NA,NA,NA,"3",758.846883086449,-549.13589600388
"20250619-CbDRC4-p018-m2x_A01_roi_0.png",20250619,"CbDRC4","p018","m2x","A01",0,850.091991743356,42.0726146046593,"","48h",10,"15hHB101","DMSO",1,"MOXIDECTIN",0,NA,NA,"ED3102",3,NA,NA,NA,817.510959573151,665.073101173703,761.528786865244,799.700498500331,820.651286583389,53.6962370246469,846.064614734292,862.100856897254,1046.07140451022,0.0656825898122313,40.2802886220539,34.0765133912595,37.2032061820945,39.1620658098286,40.0827221785543,2.43126233667271,41.6321908178313,43.3957488892957,46.7985422000325,0.0603586126078939,74,"3_ED3102_0",NA,NA,NA,NA,NA,"3",850.390521362296,-29.7392347789074
"20250619-CbDRC4-p018-m2x_A02_roi_0.png",20250619,"CbDRC4","p018","m2x","A02",0,885.978291415494,39.8921303414163,"","48h",10,"15hHB101","DMSO",1,"MOXIDECTIN",0.00097,NA,NA,"ED3102",3,NA,NA,NA,843.614669735638,700.983770412781,782.786126730272,813.007045481698,837.999257124575,72.5939479300201,855.826138966711,885.82796087188,1175.53319529205,0.0860510734750129,39.9062100545885,35.0201893817177,38.0905571690579,38.9457514697827,39.8916856780997,1.79934333957264,40.5506306355519,42.2903517432438,46.6360356581515,0.0450893065793841,64,"3_ED3102_0.00097",NA,NA,NA,NA,NA,"3",850.390521362296,-12.3912642377214
"20250619-CbDRC4-p018-m2x_A03_roi_0.png",20250619,"CbDRC4","p018","m2x","A03",0,824.700697175591,38.6937245951202,"","48h",10,"15hHB101","DMSO",1,"MOXIDECTIN",0.0019,NA,NA,"ED3102",3,NA,NA,NA,828.593249175437,411.522407913983,774.408480972449,800.635053405677,830.300616864554,66.6293561200334,861.058777579982,883.595046290179,992.006628984767,0.0804126224614292,39.8283499334929,35.2966942406493,37.7629750366608,38.6018502158935,39.7690094009612,1.726199375413,41.1048722084336,41.9251905486263,44.4632550835176,0.0433409714009113,74,"3_ED3102_0.0019",NA,NA,NA,NA,NA,"3",850.390521362296,-20.0899044977419
"20250619-CbDRC4-p018-m2x_A04_roi_0.png",20250619,"CbDRC4","p018","m2x","A04",0,841.71913740391,37.5560166237373,"","48h",10,"15hHB101","DMSO",1,"MOXIDECTIN",0.0039,NA,NA,"ED3102",3,NA,NA,NA,824.161630272784,350.256109206,780.871750579379,799.84089065936,830.663314259439,70.0447896553784,853.143806647089,890.521425868311,954.990763858519,0.0849891417927266,39.3979762400059,18.6153353616804,37.4346127901069,38.3589815482117,39.2247721246895,3.02951848905771,40.9774965066428,42.156574626457,45.4215886803123,0.0768952818947448,78,"3_ED3102_0.0039",NA,"n>75",NA,NA,NA,"3",850.390521362296,-19.7272071028568
"20250619-CbDRC4-p018-m2x_A05_roi_0.png",20250619,"CbDRC4","p018","m2x","A05",0,850.298556674225,37.882719799775,"","48h",10,"15hHB101","DMSO",1,"MOXIDECTIN",0.0078,NA,NA,"ED3102",3,NA,NA,NA,802.552641575587,581.235384840358,723.394120118238,780.505950615368,817.132218064744,63.3032810682675,836.871288239221,864.366367331754,953.020743140786,0.0788774191110869,38.6768767464656,28.6689453865627,36.6097017364447,37.7063777131043,38.9608520193125,2.54990519659336,40.5000163889194,41.2744000215573,42.288620559356,0.065928415402011,72,"3_ED3102_0.0078",NA,NA,NA,NA,NA,"3",850.390521362296,-33.2583032975523
"20250619-CbDRC4-p018-m2x_A06_roi_0.png",20250619,"CbDRC4","p018","m2x","A06",0,778.621298425899,35.5644858174372,"","48h",10,"15hHB101","DMSO",1,"MOXIDECTIN",0.0156,NA,NA,"ED3102",3,NA,NA,NA,449.985145205419,260.005005084275,333.877604057571,370.745282532819,428.690258164895,105.56025046305,510.784674479207,578.459098159544,778.621298425899,0.23458607820234,22.2839093687105,16.011150589533,17.4943542059152,19.5097497068847,21.4006885563056,4.14499565379906,24.0696485887828,28.2846531011517,35.5644858174372,0.186008459521881,58,"3_ED3102_0.0156",NA,NA,NA,NA,NA,"3",850.390521362296,-421.700263197402
"20250619-CbDRC4-p018-m2x_A07_roi_0.png",20250619,"CbDRC4","p018","m2x","A07",0,255.494993159029,14.7964489700738,"","48h",10,"15hHB101","DMSO",1,"MOXIDECTIN",0.03125,NA,NA,"ED3102",3,NA,NA,NA,247.787614973807,186.351054402017,224.264893838119,232.863537698335,239.987358881237,28.8778392147268,264.87051278268,285.559162515491,298.493936034598,0.116542706211444,15.430134569915,12.7751181386267,14.1250311447836,14.7092270331449,15.4721130827488,1.31448987920847,15.7278250642877,17.1944610249486,18.6362772543192,0.0851897871176966,25,"3_ED3102_0.03125",NA,NA,NA,NA,NA,"3",850.390521362296,-610.40316248106
"20250619-CbDRC4-p018-m2x_A08_roi_0.png",20250619,"CbDRC4","p018","m2x","A08",0,257.316859872638,16.8600512065753,"","48h",10,"15hHB101","DMSO",1,"MOXIDECTIN",0.0625,NA,NA,"ED3102",3,NA,NA,NA,230.868332491437,157.037478324476,211.919719645776,218.138770784511,225.756265700306,25.3895333041528,246.170667863807,262.775669271631,279.084591441436,0.109974083626625,15.072498988793,12.0796394260024,13.8801396733753,14.3209944664271,14.93133520348,1.24685687363174,15.6742573351744,16.3267553933822,18.637734130582,0.0827239646563472,35,"3_ED3102_0.0625",NA,NA,NA,NA,NA,"3",850.390521362296,-624.63425566199
"20250619-CbDRC4-p018-m2x_A09_roi_0.png",20250619,"CbDRC4","p018","m2x","A09",0,225.583140939868,15.9016629936181,"","48h",10,"15hHB101","DMSO",1,"MOXIDECTIN",0.125,NA,NA,"ED3102",3,NA,NA,NA,212.911796043393,164.657186114693,184.67674117231,195.743315386248,214.550172194746,23.3185600357899,228.08896532276,242.840533866646,261.928924116998,0.109522161144315,15.1143906650015,11.81441946612,13.3564775607334,14.8488220843632,15.211028910781,1.28605544654478,15.6829788738939,16.1336286931069,18.3486731849302,0.0850881438126867,32,"3_ED3102_0.125",NA,NA,NA,NA,NA,"3",850.390521362296,-635.84034916755
"20250619-CbDRC4-p018-m2x_A10_roi_0.png",20250619,"CbDRC4","p018","m2x","A10",0,237.375807279655,17.5998188599,"","48h",10,"15hHB101","DMSO",1,"MOXIDECTIN",0.25,NA,NA,"ED3102",3,NA,NA,NA,240.499234668268,68.9125845398712,194.425675185011,203.345045044877,218.555086414449,100.979629722144,237.917170605981,263.969079800946,636.583410546991,0.419875056406854,15.932603108939,11.0522515149623,13.6410430989594,14.0876126750863,14.719711851187,4.10830564045415,15.5013009899877,19.634594351222,29.0946438538256,0.257855267740222,28,"3_ED3102_0.25",NA,NA,NA,NA,NA,"3",850.390521362296,-631.835434947847
"20250619-CbDRC4-p018-m2x_A11_roi_0.png",20250619,"CbDRC4","p018","m2x","A11",0,265.837469566903,14.7867144302678,"","48h",10,"15hHB101","DMSO",1,"MOXIDECTIN",0.5,NA,NA,"ED3102",3,NA,NA,NA,230.436983549281,182.419530094137,211.248662419126,215.081679294284,228.467251101004,23.3658085307066,246.250095543291,261.680601538156,271.237073303898,0.101397823260907,14.4317757818806,12.2241951543575,12.9082745138123,13.4313854874489,14.3475823472857,1.43981769558298,15.0717168663759,16.2423882772256,17.5721244460208,0.0997671885528254,15,"3_ED3102_0.5",NA,NA,NA,NA,NA,"3",850.390521362296,-621.923270261292
"20250619-CbDRC4-p018-m2x_A12_roi_0.png",20250619,"CbDRC4","p018","m2x","A12",0,175.465395349345,13.8944566986656,"","48h",10,"15hHB101","DMSO",1,"MOXIDECTIN",1,NA,NA,"ED3102",3,NA,NA,NA,196.75661875442,104.344921093846,159.76203496563,174.106363245008,203.840478441008,36.5226079249083,218.435454170774,234.055283418227,260.437059084094,0.185623274866772,14.2026940646477,12.6989585937858,13.1294444319434,13.294078544285,13.9707722582255,1.22033280153896,14.481097505009,15.6101212276988,17.4563931216956,0.0859226281988656,19,"3_ED3102_1",NA,NA,NA,NA,NA,"3",850.390521362296,-646.550042921288
"20250619-CbDRC4-p018-m2x_B01_roi_0.png",20250619,"CbDRC4","p018","m2x","B01",0,723.659884814905,38.5152206810692,"","48h",10,"15hHB101","DMSO",1,"MOXIDECTIN",0,NA,NA,"NIC1667",3,NA,NA,NA,762.468438479654,646.344825236661,710.326020013153,739.88618427555,763.591381035095,42.6974521247332,786.823441391204,821.010487997172,848.954850229932,0.0559989764427115,37.8949967582964,32.63951624664,34.0239248521708,36.9697914262792,38.3345376221819,2.30958823187072,39.1253448036893,40.1219082132648,41.9689569964535,0.0609470492002372,51,"3_NIC1667_0",NA,NA,NA,NA,NA,"3",774.728395535816,-11.1370145007202
"20250619-CbDRC4-p018-m2x_B02_roi_0.png",20250619,"CbDRC4","p018","m2x","B02",0,831.352444759375,39.8623893848998,"","48h",10,"15hHB101","DMSO",1,"MOXIDECTIN",0.00097,NA,NA,"NIC1667",3,NA,NA,NA,781.034582875382,681.884283627559,726.517088519825,744.396110657299,786.583719197902,47.5749437738206,813.662190578574,831.352444759375,911.532007407227,0.0609127237345537,38.5065267692969,31.4985991353047,37.2149415629959,37.6219172862326,38.5063061242915,1.89095423046229,39.7966222348226,40.6564495042331,41.8135352509379,0.049107369298496,41,"3_NIC1667_0.00097",NA,NA,NA,NA,NA,"3",774.728395535816,11.8553236620868
"20250619-CbDRC4-p018-m2x_B03_roi_0.png",20250619,"CbDRC4","p018","m2x","B03",0,778.774020291913,38.959016251532,"","48h",10,"15hHB101","DMSO",1,"MOXIDECTIN",0.0019,NA,NA,"NIC1667",3,NA,NA,NA,792.67887273559,725.154049743222,736.153923028725,755.635745403248,778.935263367592,68.0366295195918,808.142703718931,838.736627899828,1057.65451672849,0.0858312639074038,38.3199520374242,32.2647224104272,36.2215331253705,37.3898868323362,38.3122783941639,1.92405915412251,39.5096628161946,40.3973639875056,42.0568917142312,0.0502103748001414,35,"3_NIC1667_0.0019",NA,NA,NA,NA,NA,"3",774.728395535816,4.20686783177666
"20250619-CbDRC4-p018-m2x_B04_roi_0.png",20250619,"CbDRC4","p018","m2x","B04",0,775.40904972129,36.4399165199936,"","48h",10,"15hHB101","DMSO",1,"MOXIDECTIN",0.0039,NA,NA,"NIC1667",3,NA,NA,NA,769.888177968332,630.759095208229,719.935398357106,747.804911980741,777.772348101273,44.145731115731,805.17400551116,817.22865798975,838.386504697629,0.0573404455075902,37.5212225919506,30.5487676979012,34.5421526342662,36.4124745294372,37.8157810857344,2.46821687588288,39.2218962433418,40.3810993875433,40.827256420935,0.0657818883655563,35,"3_NIC1667_0.0039",NA,NA,NA,NA,NA,"3",774.728395535816,3.04395256545718
"20250619-CbDRC4-p018-m2x_B05_roi_0.png",20250619,"CbDRC4","p018","m2x","B05",0,800.233952928972,36.2581196950529,"","48h",10,"15hHB101","DMSO",1,"MOXIDECTIN",0.0078,NA,NA,"NIC1667",3,NA,NA,NA,786.962799240513,651.054634643543,728.134194385509,756.94434383049,800.233952928972,45.2166776566368,815.980941797086,828.672567333341,870.981880321346,0.057457198358391,37.7089355957082,30.1016547472708,35.404828397916,36.2581196950529,38.0156928530738,2.13987747907691,39.152317280033,40.0855634350289,40.9478929834594,0.0567472256978916,37,"3_NIC1667_0.0078",NA,NA,NA,NA,NA,"3",774.728395535816,25.5055573931568
"20250619-CbDRC4-p018-m2x_B06_roi_0.png",20250619,"CbDRC4","p018","m2x","B06",0,706.939199031566,31.1871292916273,"","48h",10,"15hHB101","DMSO",1,"MOXIDECTIN",0.0156,NA,NA,"NIC1667",3,NA,NA,NA,656.27290855247,346.951474554681,496.353181708434,619.18284941384,695.502116107745,113.104460601524,735.90737846016,762.532722387323,769.017166089264,0.172343638031618,29.9561597035435,17.4249987530388,22.2693656955535,27.3296215000434,30.6545753749287,5.62347851643442,34.2154153676682,35.8597658472239,37.427828005192,0.187723612508623,30,"3_NIC1667_0.0156",NA,NA,NA,NA,NA,"3",774.728395535816,-79.2262794280711
"20250619-CbDRC4-p018-m2x_B07_roi_0.png",20250619,"CbDRC4","p018","m2x","B07",0,317.401386070739,18.393851453894,"","48h",10,"15hHB101","DMSO",1,"MOXIDECTIN",0.03125,NA,NA,"NIC1667",3,NA,NA,NA,293.833423226056,236.510522210328,255.580325298585,276.741384037533,297.513021252585,28.5932336655873,307.142879752227,326.786788675384,341.125492577285,0.0973110320522984,15.6960816312544,13.9564157021148,14.5579958564831,15.0889684520441,15.788893629083,1.07450341412133,15.9409948848995,16.7598547348369,18.393851453894,0.0684567931898211,16,"3_NIC1667_0.03125",NA,NA,NA,NA,NA,"3",774.728395535816,-477.215374283231
"20250619-CbDRC4-p018-m2x_B08_roi_0.png",20250619,"CbDRC4","p018","m2x","B08",0,266.791944557239,14.8851400676996,"","48h",10,"15hHB101","DMSO",1,"MOXIDECTIN",0.0625,NA,NA,"NIC1667",3,NA,NA,NA,261.248993359819,206.018242166431,233.107866120871,252.096113108867,263.134848968151,23.6134835026477,271.775338747408,283.812425873742,316.92572197469,0.0903868879989323,15.4837230766475,13.9812229641915,14.2863904519212,14.5526007287485,15.0521818924886,1.41858100918126,15.8920050006316,16.9379326930692,19.844413402428,0.0916175652431266,23,"3_NIC1667_0.0625",NA,NA,NA,NA,NA,"3",774.728395535816,-511.593546567665
"20250619-CbDRC4-p018-m2x_B09_roi_0.png",20250619,"CbDRC4","p018","m2x","B09",0,262.327631283109,14.8496321229593,"","48h",10,"15hHB101","DMSO",1,"MOXIDECTIN",0.125,NA,NA,"NIC1667",3,NA,NA,NA,248.655076787654,177.532288848891,203.910947492761,246.74761344768,262.327631283109,33.6770455313763,271.108439229388,276.780396816641,277.064219070458,0.13543679045868,14.8125226971427,11.7697117409197,13.605624284021,14.8496321229593,15.1564410707718,1.26919441379412,15.5738104161704,15.7580126752773,15.9453323801205,0.0856838797647169,9,"3_NIC1667_0.125",NA,NA,NA,NA,NA,"3",774.728395535816,-512.400764252707
"20250619-CbDRC4-p018-m2x_B10_roi_0.png",20250619,"CbDRC4","p018","m2x","B10",0,249.625935625275,13.2303958016781,"","48h",10,"15hHB101","DMSO",1,"MOXIDECTIN",0.25,NA,NA,"NIC1667",3,NA,NA,NA,245.090559646634,219.540432181528,224.43490020877,228.054308157207,249.625935625275,15.8554542449943,256.137441517333,260.18871536424,269.245296090882,0.0646922275091066,14.6689505856988,13.0597983601402,13.3784435697367,14.05492327993,14.8142111961257,0.919207512283426,15.0691633882916,15.5389567924297,16.4448349256483,0.0626634814067468,13,"3_NIC1667_0.25",NA,NA,NA,NA,NA,"3",774.728395535816,-525.102459910541
"20250619-CbDRC4-p018-m2x_B11_roi_0.png",20250619,"CbDRC4","p018","m2x","B11",0,266.321317329267,14.7510820338547,"","48h",10,"15hHB101","DMSO",1,"MOXIDECTIN",0.5,NA,NA,"NIC1667",3,NA,NA,NA,224.464858150525,120.327144788136,175.752947991468,214.500356913344,234.626614359497,40.0241100476093,245.630058538016,265.582519203978,269.335651803109,0.178309025196138,14.630810822698,12.843116971403,13.2966653854733,13.9281290218951,14.7510820338547,1.04790817435503,15.6297858611973,15.8111328475548,16.2628059816446,0.0716233834921383,17,"3_NIC1667_0.5",NA,NA,NA,NA,NA,"3",774.728395535816,-540.101781176318
"20250619-CbDRC4-p018-m2x_B12_roi_0.png",20250619,"CbDRC4","p018","m2x","B12",0,212.814063329379,14.1392502225246,"","48h",10,"15hHB101","DMSO",1,"MOXIDECTIN",1,NA,NA,"NIC1667",3,NA,NA,NA,235.481924710346,196.973487263021,209.321888461592,214.147384082323,235.45884516926,27.6284430446668,249.417186716182,261.634264428822,288.951612773267,0.117327234685427,14.5228119650797,12.311492845568,13.185913632927,13.8681781086614,14.4131203154855,1.26333123627612,15.3753540538314,15.9572986775207,16.5563333236889,0.0869894369846431,10,"3_NIC1667_1",NA,NA,NA,NA,NA,"3",774.728395535816,-539.269550366556
"20250619-CbDRC4-p018-m2x_C01_roi_0.png",20250619,"CbDRC4","p018","m2x","C01",0,763.733955825954,36.7783197609016,"","48h",10,"15hHB101","DMSO",1,"MOXIDECTIN",0,NA,NA,"ECA2666",3,NA,NA,NA,744.294194649301,235.946858493401,688.304480585796,746.225376673066,763.733955825954,110.918250328253,795.836208957756,821.271769950234,863.956972358255,0.149024741998042,35.5005199507487,15.2037361977566,30.4409918281794,34.2744380189571,36.7782383091092,4.80472704145923,38.319167585474,39.2647053435419,42.059813681631,0.135342441410014,43,"3_ECA2666_0",NA,NA,NA,NA,NA,"3",777.986030494324,-14.2520746683701
"20250619-CbDRC4-p018-m2x_C02_roi_0.png",20250619,"CbDRC4","p018","m2x","C02",0,844.561177146401,37.4701672697881,"","48h",10,"15hHB101","DMSO",1,"MOXIDECTIN",0.00097,NA,NA,"ECA2666",3,NA,NA,NA,766.282372545781,591.309108258572,695.982582592067,742.672305139301,775.634711817169,54.3746599241357,794.99949397665,830.210665625625,850.564075484543,0.0709590379111679,36.0072117356994,26.2417137518756,32.1747107732075,34.576846158265,36.4990411702935,2.7886257666683,38.1277216808736,39.054503445229,39.5744112845692,0.0774463123425775,43,"3_ECA2666_0.00097",NA,NA,NA,NA,NA,"3",777.986030494324,-2.35131867715552
"20250619-CbDRC4-p018-m2x_C04_roi_0.png",20250619,"CbDRC4","p018","m2x","C04",0,730.920826329273,35.1096477488755,"","48h",10,"15hHB101","DMSO",1,"MOXIDECTIN",0.0039,NA,NA,"ECA2666",3,NA,NA,NA,774.491672919604,642.441233415578,730.384951384236,752.399982600535,777.888271140336,43.1795951775257,797.153312294467,825.388412746063,850.58829666362,0.0557521748616759,35.8541223613281,30.1739363646293,32.7917640469816,34.4680267416995,35.8744823364217,2.58265756492876,37.5880517748025,38.8981426625437,40.6047545416372,0.0720323743780822,45,"3_ECA2666_0.0039",NA,NA,NA,NA,NA,"3",777.986030494324,-0.097759353988522
"20250619-CbDRC4-p018-m2x_C05_roi_0.png",20250619,"CbDRC4","p018","m2x","C05",0,831.763574353633,38.0463828501354,"","48h",10,"15hHB101","DMSO",1,"MOXIDECTIN",0.0078,NA,NA,"ECA2666",3,NA,NA,NA,760.914737648477,583.872291668746,715.782503903306,743.680495549686,771.987728672397,57.8916515694379,796.383504998325,823.999732276507,837.369385278368,0.0760816537058353,35.4180901131475,26.7240790725814,31.9842952624926,34.4214280527501,35.7216732963649,3.12450995688687,37.4396518198323,38.329793315782,40.147142325614,0.0882179120021783,40,"3_ECA2666_0.0078",NA,NA,NA,NA,NA,"3",777.986030494324,-5.99830182192693
"20250619-CbDRC4-p018-m2x_C06_roi_0.png",20250619,"CbDRC4","p018","m2x","C06",0,795.441431657453,35.9412147737139,"","48h",10,"15hHB101","DMSO",1,"MOXIDECTIN",0.0156,NA,NA,"ECA2666",3,NA,NA,NA,570.06214814274,313.880410350376,418.963270500885,498.52363451978,548.30003698978,116.587879284203,658.522188737125,731.595005586392,795.441431657453,0.204517840140844,24.5913862550328,17.0906097210291,18.3909036926958,21.0359232951904,24.6422463618018,4.62907887174918,27.4744272573355,30.7096116616881,35.9412147737139,0.18823985048024,42,"3_ECA2666_0.0156",NA,NA,NA,NA,NA,"3",777.986030494324,-229.685993504544
"20250619-CbDRC4-p018-m2x_C07_roi_0.png",20250619,"CbDRC4","p018","m2x","C07",0,385.574413279448,17.583579200843,"","48h",10,"15hHB101","DMSO",1,"MOXIDECTIN",0.03125,NA,NA,"ECA2666",3,NA,NA,NA,301.350565855899,240.303310173401,249.526595725174,287.876367563722,297.39535169941,37.628839968994,323.238132459697,339.64146892138,385.574413279448,0.124867328063978,16.5827111618661,13.148833199622,14.0425693770674,15.3482231144026,16.2880033472209,2.1504666628318,17.54047383049,19.3265009004311,20.9415743280205,0.12968124704343,16,"3_ECA2666_0.03125",NA,NA,NA,"outlier","outlier","3",777.986030494324,-480.590678794914
"20250619-CbDRC4-p018-m2x_C08_roi_0.png",20250619,"CbDRC4","p018","m2x","C08",0,239.416968738966,14.7434508667385,"","48h",10,"15hHB101","DMSO",1,"MOXIDECTIN",0.0625,NA,NA,"ECA2666",3,NA,NA,NA,222.310266474232,108.438131822021,172.466972980122,223.625382869907,235.012979624393,38.4796042118263,243.885312167087,250.40065428246,261.505637169957,0.173089640987347,14.5924962072318,12.2769011274703,13.6028008274536,13.8724645666168,14.3440115033665,1.7117389420458,14.8735572628714,15.1191013954346,21.1880639129202,0.11730268199059,20,"3_ECA2666_0.0625",NA,NA,NA,NA,NA,"3",777.986030494324,-542.973050869931
"20250619-CbDRC4-p018-m2x_C09_roi_0.png",20250619,"CbDRC4","p018","m2x","C09",0,201.908066627284,14.2167440893958,"","48h",10,"15hHB101","DMSO",1,"MOXIDECTIN",0.125,NA,NA,"ECA2666",3,NA,NA,NA,209.314966232897,136.843042291602,165.230467021436,187.636660628312,217.063128542919,34.7447813069814,232.586893310577,244.837074217679,261.593431525459,0.165992819014777,14.293010045675,12.7454815983631,13.6884016724843,13.9055742117513,14.3162190179122,0.672731810682858,14.7424752973318,15.1031366023826,15.3296836995237,0.0470671893836962,15,"3_ECA2666_0.125",NA,NA,NA,NA,NA,"3",777.986030494324,-560.922901951405
"20250619-CbDRC4-p018-m2x_C10_roi_0.png",20250619,"CbDRC4","p018","m2x","C10",0,220.070072249438,13.3634073201903,"","48h",10,"15hHB101","DMSO",1,"MOXIDECTIN",0.25,NA,NA,"ECA2666",3,NA,NA,NA,210.160571382848,187.473900982162,187.557358505734,196.884596588906,206.846036400174,19.0960938451466,221.738496448549,229.867302877671,239.557876222687,0.0908643030397904,14.3368433235174,13.3634073201903,13.7681919026049,14.2114992443442,14.4095349745493,0.562459180651274,14.4591153690142,14.7886079808412,15.2437317431656,0.039231730999574,7,"3_ECA2666_0.25",NA,NA,NA,NA,NA,"3",777.986030494324,-571.13999409415
"20250619-CbDRC4-p018-m2x_C11_roi_0.png",20250619,"CbDRC4","p018","m2x","C11",0,221.948771532922,13.1470342426848,"","48h",10,"15hHB101","DMSO",1,"MOXIDECTIN",0.5,NA,NA,"ECA2666",3,NA,NA,NA,208.688130042464,138.69818581725,159.482724609793,195.220517651887,211.106274528115,36.9213151407041,231.983291947758,245.690619105112,262.060893849255,0.176921011909931,14.2441535537178,10.0913814023885,12.7161801343095,13.1916310520905,14.6712320091823,1.84987299173239,15.5820728516597,15.7086282044677,16.7287596946751,0.129868930769113,11,"3_ECA2666_0.5",NA,NA,NA,NA,NA,"3",777.986030494324,-566.879755966209
"20250619-CbDRC4-p018-m2x_C12_roi_0.png",20250619,"CbDRC4","p018","m2x","C12",0,234.99793940083,13.5952422907916,"","48h",10,"15hHB101","DMSO",1,"MOXIDECTIN",1,NA,NA,"ECA2666",3,NA,NA,NA,191.17971171123,117.700748034051,136.676829767539,152.705766830134,209.818766410171,37.8065374566973,217.831276212087,225.466264786334,234.99793940083,0.197753920216193,13.8634841965711,11.7817370351244,12.5487924146548,13.2475381418078,14.0227207152866,0.996750647140009,14.4432232158712,15.0129265663763,15.487014928538,0.0718975571369382,19,"3_ECA2666_1",NA,NA,NA,NA,NA,"3",777.986030494324,-568.167264084153
"20250619-CbDRC4-p018-m2x_D01_roi_0.png",20250619,"CbDRC4","p018","m2x","D01",0,803.010112849369,39.7489432409554,"","48h",10,"15hHB101","DMSO",1,"MOXIDECTIN",0,NA,NA,"VX34",3,NA,NA,NA,800.96867461174,280.954615418264,735.118571496403,784.826165054373,825.029241317191,138.116342718148,861.421086693416,912.37781997674,963.333545242582,0.172436634660023,37.8332857190805,19.4951448448038,34.2903914885515,37.5070823223259,39.0769459189426,4.80664760405747,39.8758070728891,42.289937058066,42.9873112525668,0.127048114185687,27,"3_VX34_0",NA,NA,NA,NA,NA,"3",841.848651392647,-16.8194100754557
"20250619-CbDRC4-p018-m2x_D02_roi_0.png",20250619,"CbDRC4","p018","m2x","D02",0,863.125988921512,37.9550745326583,"","48h",10,"15hHB101","DMSO",1,"MOXIDECTIN",0.00097,NA,NA,"VX34",3,NA,NA,NA,845.143691577753,738.824929957436,790.531200493166,805.969907290475,846.930414126148,47.3519786674255,872.228441816465,900.065659910116,968.88885880693,0.0560283170061019,38.6883417194193,33.7845695052612,36.359108006194,36.9994200621532,38.8014658803694,2.22882765135412,40.2935367696804,41.5188571412765,43.7365490281342,0.0576098005832952,36,"3_VX34_0.00097",NA,NA,NA,NA,NA,"3",841.848651392647,5.0817627335008
"20250619-CbDRC4-p018-m2x_D04_roi_0.png",20250619,"CbDRC4","p018","m2x","D04",0,893.454875124321,41.187779566164,"","48h",10,"15hHB101","DMSO",1,"MOXIDECTIN",0.0039,NA,NA,"VX34",3,NA,NA,NA,823.43806640306,698.472289134451,771.135998071054,803.014242961566,826.225081304047,42.0266849982542,852.179621905085,867.888915381468,904.144175949048,0.0510380643219897,38.3445698544397,35.7903809086891,36.2942704440834,37.1004357895157,37.4934144523545,1.94443839990321,39.4261358200966,41.180283685955,44.0609915833209,0.0507096156583452,43,"3_VX34_0.0039",NA,NA,NA,"outlier","outlier","3",841.848651392647,-15.6235700886001
"20250619-CbDRC4-p018-m2x_D05_roi_0.png",20250619,"CbDRC4","p018","m2x","D05",0,875.112431734939,43.6401402080063,"","48h",10,"15hHB101","DMSO",1,"MOXIDECTIN",0.0078,NA,NA,"VX34",3,NA,NA,NA,831.325578134168,734.40961606331,787.567340609473,816.332699102275,831.395728832818,39.1449809807776,859.471887299217,876.227364356116,931.487593698967,0.0470874252042561,38.6849366786319,30.7460489375863,36.4030240414406,37.2376397125514,38.2307362741005,2.43121610251264,40.5233996443158,41.7076237156196,43.6401402080063,0.0628465834831145,45,"3_VX34_0.0078",NA,NA,NA,NA,NA,"3",841.848651392647,-10.4529225598289
"20250619-CbDRC4-p018-m2x_D06_roi_0.png",20250619,"CbDRC4","p018","m2x","D06",0,799.984083542725,37.2279702811325,"","48h",10,"15hHB101","DMSO",1,"MOXIDECTIN",0.0156,NA,NA,"VX34",3,NA,NA,NA,638.135603418236,351.399261956747,511.674863600686,550.225497892213,647.183947296191,107.781021555036,714.710054052409,760.834465641592,822.45508201944,0.168899871716445,29.7010024937573,19.2380920403554,24.0103590244198,26.5172063707547,29.1667248054491,4.77146040040369,33.6076840073419,35.9846177068569,37.6353450583994,0.160649809763377,37,"3_VX34_0.0156",NA,NA,NA,NA,NA,"3",841.848651392647,-194.664704096456
"20250619-CbDRC4-p018-m2x_D07_roi_0.png",20250619,"CbDRC4","p018","m2x","D07",0,301.703822218536,13.9092110272082,"","48h",10,"15hHB101","DMSO",1,"MOXIDECTIN",0.03125,NA,NA,"VX34",3,NA,NA,NA,299.232469757954,246.569281027279,258.843749805625,273.316964197019,294.008007815493,36.2443262746649,318.654707824713,336.531007421271,382.832466096248,0.121124309484137,16.5774460381369,13.9092110272082,15.2067021346965,15.9726042976815,16.4500948953868,1.21227425408788,17.2985958939619,17.91793376371,19.0165234214984,0.0731279264187626,23,"3_VX34_0.03125",NA,NA,NA,"outlier","outlier","3",841.848651392647,-547.840643577154
"20250619-CbDRC4-p018-m2x_D08_roi_0.png",20250619,"CbDRC4","p018","m2x","D08",0,262.894030410987,15.50288435017,"","48h",10,"15hHB101","DMSO",1,"MOXIDECTIN",0.0625,NA,NA,"VX34",3,NA,NA,NA,255.591607502309,190.839520528855,236.677194007827,246.991383647841,257.128454973321,20.2340836553593,267.478812348973,277.507826672335,285.302002751945,0.0791656809591313,15.1211563243894,12.4555975388926,14.2716869631983,14.5208237249585,14.8900065060748,1.15006890451092,15.463033909929,16.463732099938,18.5721152898919,0.0760569416676112,23,"3_VX34_0.0625",NA,NA,NA,NA,NA,"3",841.848651392647,-584.720196419326
"20250619-CbDRC4-p018-m2x_D10_roi_0.png",20250619,"CbDRC4","p018","m2x","D10",0,223.265610756339,13.677370511048,"","48h",10,"15hHB101","DMSO",1,"MOXIDECTIN",0.25,NA,NA,"VX34",3,NA,NA,NA,219.503151493004,105.753629207842,203.136824156791,212.150978893643,224.369382078337,38.323464104584,234.978510074398,254.572836776299,260.588388591845,0.174591862776993,14.2993067408894,12.4448848845968,13.2420797090011,13.4616279667512,13.7836769956649,1.71350662547643,14.6920641298801,15.0623208497852,19.4414179128844,0.119831447532809,13,"3_VX34_0.25",NA,NA,NA,NA,NA,"3",841.848651392647,-617.47926931431
"20250619-CbDRC4-p018-m2x_D11_roi_0.png",20250619,"CbDRC4","p018","m2x","D11",0,266.930526101166,12.6672959147545,"","48h",10,"15hHB101","DMSO",1,"MOXIDECTIN",0.5,NA,NA,"VX34",3,NA,NA,NA,197.618097760742,161.435854929728,162.422370323529,163.90214341423,181.053005006037,48.9742421266143,214.768959352548,246.065899401719,266.930526101166,0.247822657345421,14.245858875672,12.6672959147545,13.2086269380541,14.0206234730033,14.6896369242102,1.07365325838207,14.914872326879,14.9280683744595,14.9368657395131,0.075365990057333,4,"3_VX34_0.5",NA,"n<5",NA,NA,NA,"3",841.848651392647,-660.79564638661
"20250619-CbDRC4-p018-m2x_D12_roi_0.png",20250619,"CbDRC4","p018","m2x","D12",0,206.443640566922,14.8609626540346,"","48h",10,"15hHB101","DMSO",1,"MOXIDECTIN",1,NA,NA,"VX34",3,NA,NA,NA,220.912471835877,187.327350661648,200.152751065152,213.249441693605,216.401262685007,19.1432059618345,234.677815246148,240.716933161314,258.773347200444,0.0866551616698968,14.2634337845571,13.1950377432143,13.9377880244124,14.0113244361629,14.0763704768297,0.533502477157528,14.6043334342809,14.8317704422256,15.329690517801,0.0374035092261688,13,"3_VX34_1",NA,NA,NA,NA,NA,"3",841.848651392647,-625.44738870764
"20250619-CbDRC4-p018-m2x_E01_roi_0.png",20250619,"CbDRC4","p018","m2x","E01",0,723.826509980451,39.7211650362636,"","48h",10,"15hHB101","DMSO",1,"MOXIDECTIN",0,NA,NA,"JU3237",3,NA,NA,NA,726.941173437889,236.624483803325,679.484416145301,711.369551912899,746.626897555597,76.812532909444,762.658452052839,774.721926558213,786.249267634047,0.10566540418419,38.7748012769824,30.8386372783387,34.3348987876817,37.1586082570894,39.5418168042382,2.87598740586913,40.9868206392413,41.7021067023944,42.8243668540518,0.0741715575877466,55,"3_JU3237_0",NA,NA,NA,NA,NA,"3",756.836909183482,-10.2100116278847
"20250619-CbDRC4-p018-m2x_E02_roi_0.png",20250619,"CbDRC4","p018","m2x","E02",0,688.515416952198,38.1649690021547,"","48h",10,"15hHB101","DMSO",1,"MOXIDECTIN",0.00097,NA,NA,"JU3237",3,NA,NA,NA,726.208998136441,205.141413605209,683.126595657225,703.199782620648,744.687683072758,76.7630485376878,765.457692583347,778.611984407086,802.165463405193,0.105703797026301,38.6237172141671,14.2748435412455,36.2093376043764,37.8119017844728,39.5801765440965,4.06825360402911,40.6666007093885,41.6319614507384,43.0418679161625,0.105330452309155,65,"3_JU3237_0.00097",NA,NA,NA,NA,NA,"3",756.836909183482,-12.1492261107235
"20250619-CbDRC4-p018-m2x_E03_roi_0.png",20250619,"CbDRC4","p018","m2x","E03",0,727.843752182932,39.5014337967237,"","48h",10,"15hHB101","DMSO",1,"MOXIDECTIN",0.0019,NA,NA,"JU3237",3,NA,NA,NA,747.789631991062,604.649202927401,704.027303674297,728.43176621732,756.939825129689,37.0475537752518,770.71797804022,784.544257239641,803.809344871668,0.0495427486425683,39.8473614052992,33.9103040784807,37.8300828138225,39.2885165616749,40.0546143390574,2.03328979719909,40.852087957692,42.1101929313244,44.6001233373988,0.0510269620243585,56,"3_JU3237_0.0019",NA,NA,NA,NA,NA,"3",756.836909183482,0.102915946207531
"20250619-CbDRC4-p018-m2x_E05_roi_0.png",20250619,"CbDRC4","p018","m2x","E05",0,788.694085914477,38.5815919350716,"","48h",10,"15hHB101","DMSO",1,"MOXIDECTIN",0.0078,NA,NA,"JU3237",3,NA,NA,NA,742.478062129972,664.152551226785,694.650388484043,705.906819127965,749.429452115401,36.8951554836111,774.888216173598,784.241643385742,797.615197738182,0.0496919132907021,37.6225102933609,24.3853516548152,35.1174797511229,36.5892976345238,38.5815919350716,3.37293494309925,39.7584627238337,41.0179355578629,41.773529851112,0.0896520438641347,45,"3_JU3237_0.0078",NA,NA,NA,NA,NA,"3",756.836909183482,-7.40745706808082
"20250619-CbDRC4-p018-m2x_E06_roi_0.png",20250619,"CbDRC4","p018","m2x","E06",0,730.207913874078,35.3737234903421,"","48h",10,"15hHB101","DMSO",1,"MOXIDECTIN",0.0156,NA,NA,"JU3237",3,NA,NA,NA,502.291643373075,277.425721875502,370.6518202892,416.330175988803,498.709992114823,113.234240292351,572.611729859184,673.1268785975,740.295552134231,0.225435246208639,23.7116262063268,17.0029382505229,18.8514873717712,20.5042922932915,22.9041513827817,4.15476674290803,26.4991850539766,29.7868333255724,35.3737234903421,0.175220657864429,56,"3_JU3237_0.0156",NA,NA,NA,NA,NA,"3",756.836909183482,-258.126917068658
"20250619-CbDRC4-p018-m2x_E07_roi_0.png",20250619,"CbDRC4","p018","m2x","E07",0,267.518764025328,14.9418443516822,"","48h",10,"15hHB101","DMSO",1,"MOXIDECTIN",0.03125,NA,NA,"JU3237",3,NA,NA,NA,273.147242669569,193.000394832227,244.090545606767,262.563647381693,271.825229835875,28.6822560577245,287.008320932389,306.417327514771,339.07779793612,0.105006573661158,15.444714102985,12.4847275496856,13.656068123051,14.7813404696025,15.7221651718091,1.39963853065509,16.3379360733875,16.5914660820347,19.4212270857384,0.0906224952642266,39,"3_JU3237_0.03125",NA,NA,NA,NA,NA,"3",756.836909183482,-485.011679347606
"20250619-CbDRC4-p018-m2x_E09_roi_0.png",20250619,"CbDRC4","p018","m2x","E09",0,211.489250689944,15.5514714944017,"","48h",10,"15hHB101","DMSO",1,"MOXIDECTIN",0.125,NA,NA,"JU3237",3,NA,NA,NA,241.496148096275,185.913419424859,209.77861279592,224.161287978578,240.276471671813,26.450234341714,259.12094421555,270.324239622919,324.120092360698,0.109526526821328,15.1048845226559,12.435813878541,13.5761288932268,14.5055786971989,15.1803047232347,1.28414521417596,15.5635692538043,16.8110114266987,18.8829700036981,0.0850152288320948,47,"3_JU3237_0.125",NA,NA,NA,NA,NA,"3",756.836909183482,-516.560437511669
"20250619-CbDRC4-p018-m2x_E10_roi_0.png",20250619,"CbDRC4","p018","m2x","E10",0,230.593756165953,12.1933019833915,"","48h",10,"15hHB101","DMSO",1,"MOXIDECTIN",0.25,NA,NA,"JU3237",3,NA,NA,NA,208.673743653311,43.9730602474411,126.246887075595,188.429317217577,228.827371920287,54.3601034415668,243.835177657008,260.271615233158,285.747920281147,0.260502842810356,14.960911929776,9.06707701483807,12.2980831790354,13.8316697565665,14.5860416976007,3.8258778669134,15.0862535519067,16.2387351313179,33.3403235718503,0.25572491067867,42,"3_JU3237_0.25",NA,NA,NA,NA,NA,"3",756.836909183482,-528.009537263195
"20250619-CbDRC4-p018-m2x_E11_roi_0.png",20250619,"CbDRC4","p018","m2x","E11",0,224.501077100571,13.9958610361521,"","48h",10,"15hHB101","DMSO",1,"MOXIDECTIN",0.5,NA,NA,"JU3237",3,NA,NA,NA,207.71683064649,82.0175354385532,129.231039473077,191.118010766835,225.977596503007,48.1843676867248,235.942003275089,250.599659941072,258.546587280272,0.231971417707258,14.3311382602712,12.3212814902226,12.9846265982875,13.7748878680017,14.4653456018682,1.0722452592966,14.8095452512925,14.9032196983461,16.8617706046653,0.0748192669572574,21,"3_JU3237_0.5",NA,NA,NA,NA,NA,"3",756.836909183482,-530.859312680474
"20250619-CbDRC4-p018-m2x_E12_roi_0.png",20250619,"CbDRC4","p018","m2x","E12",0,227.381676864732,14.5907431967861,"","48h",10,"15hHB101","DMSO",1,"MOXIDECTIN",1,NA,NA,"JU3237",3,NA,NA,NA,207.063956351129,109.889380700259,161.330105561457,181.870594525837,219.101386423725,39.8148417918253,232.074890635428,244.941146072391,260.774433048359,0.192282821662642,14.2252379888247,10.8130310594087,12.0492370910077,13.462133924003,14.2620226214052,1.87993559516352,14.9713390315858,15.355987091909,20.9074785330552,0.132154948594912,26,"3_JU3237_1",NA,NA,NA,NA,NA,"3",756.836909183482,-537.735522759756
"20250619-CbDRC4-p018-m2x_F01_roi_0.png",20250619,"CbDRC4","p018","m2x","F01",0,789.793618438305,38.0506726435328,"","48h",10,"15hHB101","DMSO",1,"MOXIDECTIN",0,NA,NA,"PB420",3,NA,NA,NA,740.659065133427,284.88982617096,708.987707947967,728.196480015506,748.792555515933,59.7040739050628,766.140572170881,776.54910367915,822.455162733373,0.0806093879297992,37.8049149568515,17.149358839196,36.0756717709939,37.0281983489706,38.0721534701233,2.80796851763072,38.9135313121756,40.2995846694697,40.7795238409685,0.074275223759545,79,"3_PB420_0",NA,"n>75",NA,NA,NA,"3",758.846883086449,-10.0543275705155
"20250619-CbDRC4-p018-m2x_F02_roi_0.png",20250619,"CbDRC4","p018","m2x","F02",0,754.01579834952,35.7963844070636,"","48h",10,"15hHB101","DMSO",1,"MOXIDECTIN",0.00097,NA,NA,"PB420",3,NA,NA,NA,736.704162060329,383.689430816083,704.935207183789,731.56987656885,749.277958928028,63.3306197177419,764.865699626596,780.175374069073,815.692260271453,0.0859647915394237,38.1791432162785,30.9587748021286,36.1430521035889,37.4760747347708,38.3158546184494,1.92146634342272,39.0357262067222,40.4180149514571,42.804726905032,0.0503276444035931,93,"3_PB420_0.00097",NA,"n>75",NA,NA,NA,"3",758.846883086449,-9.56892415842117
"20250619-CbDRC4-p018-m2x_F03_roi_0.png",20250619,"CbDRC4","p018","m2x","F03",0,758.249592359393,38.3469273103614,"","48h",10,"15hHB101","DMSO",1,"MOXIDECTIN",0.0019,NA,NA,"PB420",3,NA,NA,NA,744.370620166485,199.017220227622,713.261467810784,732.464683975578,748.009233886471,65.1454829252996,767.22644361798,784.980684763883,839.330509851023,0.0875175365071895,38.0553363797802,15.6111476682196,35.8960584559146,37.2636796322453,38.2920852072458,3.04750839148627,39.3600748585632,40.2072691712275,45.8574669116011,0.0800809736924437,89,"3_PB420_0.0019",NA,"n>75",NA,NA,NA,"3",758.846883086449,-10.8376491999784
"20250619-CbDRC4-p018-m2x_F04_roi_0.png",20250619,"CbDRC4","p018","m2x","F04",0,738.665724971471,38.2637344929784,"","48h",10,"15hHB101","DMSO",1,"MOXIDECTIN",0.0039,NA,NA,"PB420",3,NA,NA,NA,755.386986657409,643.804100101582,724.612643664812,739.458965652232,756.389852102578,29.2342995543903,770.42657738346,785.601176638427,854.612320272501,0.0387010897338226,38.1525562995444,34.5066339399246,36.0273327543861,36.9539820639255,38.0743873129357,1.71458466604133,39.4623369036311,40.3619752153836,42.0719185085352,0.0449402302844333,85,"3_PB420_0.0039",NA,"n>75",NA,NA,NA,"3",758.846883086449,-2.45703098387071
"20250619-CbDRC4-p018-m2x_F05_roi_0.png",20250619,"CbDRC4","p018","m2x","F05",0,731.145678484098,34.9042258442553,"","48h",10,"15hHB101","DMSO",1,"MOXIDECTIN",0.0078,NA,NA,"PB420",3,NA,NA,NA,751.279027974264,658.410108949179,708.299524276203,728.53498494664,747.972297810002,46.3686277619835,769.734107567143,780.882091895552,1034.35307212203,0.0617195822529628,37.8074887559588,30.9476955401376,34.7660745575045,35.9065277726967,37.7194948612871,3.36337691656837,39.1688161979091,40.3895409240655,57.7693783188086,0.088960600855519,87,"3_PB420_0.0078",NA,"n>75",NA,NA,NA,"3",758.846883086449,-10.8745852764465
"20250619-CbDRC4-p018-m2x_F06_roi_0.png",20250619,"CbDRC4","p018","m2x","F06",0,529.802650203646,22.4443884148029,"","48h",10,"15hHB101","DMSO",1,"MOXIDECTIN",0.0156,NA,NA,"PB420",3,NA,NA,NA,389.116906329958,299.375989153415,331.759507693345,353.05888986213,376.291584550714,58.2977547653128,413.209583280096,465.548154370994,593.653356307974,0.149820667817189,19.7781445160443,14.764209541443,17.4177103704966,18.1326726180493,19.3614692602152,2.33839150886352,21.3054931286598,23.0772254752032,27.3173022970785,0.118231086185389,51,"3_PB420_0.0156",NA,NA,NA,NA,NA,"3",758.846883086449,-382.555298535735
"20250619-CbDRC4-p018-m2x_F07_roi_0.png",20250619,"CbDRC4","p018","m2x","F07",0,296.251756380129,16.1341784559823,"","48h",10,"15hHB101","DMSO",1,"MOXIDECTIN",0.03125,NA,NA,"PB420",3,NA,NA,NA,265.146819650915,151.386262322674,234.030858369014,255.212817306299,267.927713263151,34.7387836331702,284.101039301317,303.213356747935,319.56224486815,0.131017161280329,15.9515323342399,14.0155062878838,14.692048546248,14.9755580332932,15.455967338877,1.53650577393261,16.5088569526084,17.8712790838089,22.21483967535,0.0963233965074632,46,"3_PB420_0.03125",NA,NA,NA,NA,NA,"3",758.846883086449,-490.919169823298
"20250619-CbDRC4-p018-m2x_F08_roi_0.png",20250619,"CbDRC4","p018","m2x","F08",0,243.055691310929,15.4166730116575,"","48h",10,"15hHB101","DMSO",1,"MOXIDECTIN",0.0625,NA,NA,"PB420",3,NA,NA,NA,246.974230811442,167.498492471864,221.740870551942,238.836580786551,247.920690924759,21.362319822284,261.609601941637,271.601307990542,282.625762067567,0.0864961488172162,14.8981157405359,13.0207527966911,13.720387265508,14.3754542238126,14.9858942569513,0.946543095591822,15.4166730116575,15.843474964304,18.3173866367356,0.0635344168401375,53,"3_PB420_0.0625",NA,NA,NA,NA,NA,"3",758.846883086449,-510.92619216169
"20250619-CbDRC4-p018-m2x_F09_roi_0.png",20250619,"CbDRC4","p018","m2x","F09",0,249.598906430702,14.6096305790101,"","48h",10,"15hHB101","DMSO",1,"MOXIDECTIN",0.125,NA,NA,"PB420",3,NA,NA,NA,226.412407552132,120.228448889254,192.071142454106,217.599226573776,233.233524624074,32.2479732579332,240.595696084605,251.851373177828,289.018829638079,0.142430238724916,14.3896184913031,10.750805298467,13.0265781721113,13.8292149100884,14.4113607951969,1.19439444668751,14.9199520893297,15.531942643424,17.318827371222,0.0830038994716489,38,"3_PB420_0.125",NA,NA,NA,NA,NA,"3",758.846883086449,-525.613358462375
"20250619-CbDRC4-p018-m2x_F10_roi_0.png",20250619,"CbDRC4","p018","m2x","F10",0,219.83938321751,14.3990062861386,"","48h",10,"15hHB101","DMSO",1,"MOXIDECTIN",0.25,NA,NA,"PB420",3,NA,NA,NA,229.512447392535,180.488176455107,203.377621034472,212.093211917502,222.660715193811,23.6121396878381,246.1251433747,258.857470905177,278.666179108476,0.102879560372838,15.2776741135563,13.1238845121783,13.8525475331796,14.1135149357513,14.8821367326837,1.83314914586944,15.934310472752,16.6283322677053,23.1154866610264,0.119988758252334,40,"3_PB420_0.25",NA,NA,NA,NA,NA,"3",758.846883086449,-536.186167892638
"20250619-CbDRC4-p018-m2x_F11_roi_0.png",20250619,"CbDRC4","p018","m2x","F11",0,224.021169563034,13.5648613122846,"","48h",10,"15hHB101","DMSO",1,"MOXIDECTIN",0.5,NA,NA,"PB420",3,NA,NA,NA,212.978533196518,106.418493255849,169.257886088857,193.08750278123,226.164585535857,39.2351698388337,236.910107787122,248.924807400628,261.443619264112,0.184221241690265,14.5348877818757,12.8417570421178,13.4578405457596,13.7624376964352,14.3226574085048,1.03820677562356,15.0702476315099,15.8391916375403,16.8446217858233,0.0714286062062444,23,"3_PB420_0.5",NA,NA,NA,NA,NA,"3",758.846883086449,-532.682297550592
"20250619-CbDRC4-p018-m2x_F12_roi_0.png",20250619,"CbDRC4","p018","m2x","F12",0,236.781879420373,13.2994101190382,"","48h",10,"15hHB101","DMSO",1,"MOXIDECTIN",1,NA,NA,"PB420",3,NA,NA,NA,214.795589949587,9.89882747229007,175.063831256642,204.777752857177,227.219991392099,44.0293347278508,236.881675222917,245.961928023616,256.727938894816,0.204982489343401,21.9362747407199,11.4917777884147,12.5357614361402,13.327887431044,14.0748753858954,47.0780394083972,14.5827796067297,15.2874971937237,288.314349414656,2.14612736049513,34,"3_PB420_1",NA,NA,NA,NA,NA,"3",758.846883086449,-531.62689169435
