"Filename","Date","Metadata_Experiment","Metadata_Plate","Magnification","Metadata_Well","Worm_ID","Length_um","Width_um","Topology_Warnings","assay_type","food_conc_OD","food_type","diluent","diluent_concentration_perc","drug","concentration_um","drug_stock_prep_date","drug_prep_method","strain","bleach","well_censor","well_censor_reason","notes","mean_wormlength_um","min_wormlength_um","q10_wormlength_um","q25_wormlength_um","median_wormlength_um","sd_wormlength_um","q75_wormlength_um","q90_wormlength_um","max_wormlength_um","cv_wormlength_um","mean_wormwidth_um","min_wormwidth_um","q10_wormwidth_um","q25_wormwidth_um","median_wormwidth_um","sd_wormwidth_um","q75_wormwidth_um","q90_wormwidth_um","max_wormwidth_um","cv_wormwidth_um","n","flag_id","titer_WellFlag","n_WellFlag","outlier_length_WellFlag","outlier_width_WellFlag","outlier_WellFlag","assay_bleach","control_median_wormlength_um","median_wormlength_um_delta"
"20250529-CbDRC3-p001-m2x_A01_roi_0.png",20250529,"CbDRC3","p001","m2x","A01",0,793.933656435966,34.8618053695536,"","48h",10,"15hHB101","DMSO",1,"Emodepside",0,NA,NA,"ECA2666",1,NA,NA,NA,755.42343610718,368.091148664088,705.58844453835,734.506396751478,758.750179620801,62.8106830790506,791.452570675605,818.716043167475,858.078747384188,0.0831463257252439,34.2923152147896,21.5350703403923,30.7931097855082,33.3284178933815,34.8618053695536,3.12315731633571,35.8856009629874,37.5898815865052,41.5884987557594,0.0910745540735249,87,"1_ECA2666_0",NA,"n>75",NA,NA,NA,"1",760.798262855471,-2.04808323467012
"20250529-CbDRC3-p001-m2x_A02_roi_0.png",20250529,"CbDRC3","p001","m2x","A02",0,827.332709485812,36.5174544430662,"","48h",10,"15hHB101","DMSO",1,"Emodepside",0.00097,NA,NA,"ECA2666",1,NA,NA,NA,759.161094072727,656.290376866967,708.895515651454,734.217514821546,762.748129506994,41.6190103952273,783.758897298539,812.663408056521,844.864341182861,0.0548223700083875,34.966344528406,29.1386152689658,31.7232602209912,32.9145133356549,34.8112541240721,2.64692646088051,37.0688804164679,38.3219992311804,40.3361501637254,0.0756992615779495,65,"1_ECA2666_0.00097",NA,NA,NA,NA,NA,"1",760.798262855471,1.94986665152294
"20250529-CbDRC3-p001-m2x_A03_roi_0.png",20250529,"CbDRC3","p001","m2x","A03",0,746.133582431369,34.5634048602674,"","48h",10,"15hHB101","DMSO",1,"Emodepside",0.00195,NA,NA,"ECA2666",1,NA,NA,NA,752.194333488171,538.381198598418,717.857259112368,734.250940195965,753.131238993432,56.9272419998827,783.908261966929,814.362633003692,849.646036630591,0.0756815618856001,35.1688146899562,24.6432351970424,31.4938185267878,34.3831715950556,35.5685012390601,2.98670605000745,37.1201951181653,38.4170830881283,39.6783596103535,0.084924842544108,78,"1_ECA2666_0.00195",NA,"n>75",NA,NA,NA,"1",760.798262855471,-7.6670238620386
"20250529-CbDRC3-p001-m2x_A04_roi_0.png",20250529,"CbDRC3","p001","m2x","A04",0,753.463982243495,33.4037122389313,"","48h",10,"15hHB101","DMSO",1,"Emodepside",0.0039,NA,NA,"ECA2666",1,NA,NA,NA,743.673950569673,231.54310686474,681.435034948811,730.445114275742,752.413732304957,74.4008526223064,780.050603334426,807.287090468102,830.890015607298,0.100044989562043,34.3801958765648,25.3352259014646,31.1792091893084,32.5897795976321,34.4976455777639,2.80016850199212,36.4715205773471,37.4457313796058,40.1035528539891,0.0814471363701813,82,"1_ECA2666_0.0039",NA,"n>75",NA,NA,NA,"1",760.798262855471,-8.384530550514
"20250529-CbDRC3-p001-m2x_A05_roi_0.png",20250529,"CbDRC3","p001","m2x","A05",0,771.380108252766,36.1455137173396,"","48h",10,"15hHB101","DMSO",1,"Emodepside",0.0078,NA,NA,"ECA2666",1,NA,NA,NA,749.645389031296,365.382127556421,690.489660175804,735.978725285376,768.179367185065,82.8600894711534,793.365138520507,807.83295218367,841.620390300781,0.110532380620958,34.5771944064237,20.062772453464,31.4451163586117,33.1637632186548,35.0268965814056,3.09515928255298,36.4572414449106,37.7922337570443,39.5846826139532,0.0895144714800216,74,"1_ECA2666_0.0078",NA,NA,NA,NA,NA,"1",760.798262855471,7.381104329594
"20250529-CbDRC3-p001-m2x_A06_roi_0.png",20250529,"CbDRC3","p001","m2x","A06",0,773.195968917749,31.2155776241695,"","48h",10,"15hHB101","DMSO",1,"Emodepside",0.0156,NA,NA,"ECA2666",1,NA,NA,NA,761.049961851162,639.832843846904,712.343916826695,740.210387546996,762.385820177458,43.8799583200313,786.027116383684,806.122097917774,903.552921880474,0.0576571322772274,34.5568663663749,28.3554581099649,31.3037742177947,33.2618457609315,34.9201439220599,2.32658718128576,36.2189852677352,36.8389183343057,39.1543893792652,0.0673263355716078,67,"1_ECA2666_0.0156",NA,NA,NA,NA,NA,"1",760.798262855471,1.58755732198688
"20250529-CbDRC3-p001-m2x_A07_roi_0.png",20250529,"CbDRC3","p001","m2x","A07",0,616.277326586602,26.6875383828307,"","48h",10,"15hHB101","DMSO",1,"Emodepside",0.0312,NA,NA,"ECA2666",1,NA,NA,NA,734.725731302894,360.046151428923,678.791175156265,721.343336140285,746.009640280866,63.1999480160774,763.084580505799,789.334745222873,837.064547846513,0.0860184220089917,33.265534893234,23.4331094458591,29.3394676661128,31.4885846572244,33.4608420465474,2.7671589556478,35.4462279073216,36.3589335275632,37.989649305385,0.0831839609532512,87,"1_ECA2666_0.0312",NA,"n>75",NA,NA,NA,"1",760.798262855471,-14.7886225746048
"20250529-CbDRC3-p001-m2x_A08_roi_0.png",20250529,"CbDRC3","p001","m2x","A08",0,737.378922093829,33.36928907842,"","48h",10,"15hHB101","DMSO",1,"Emodepside",0.0625,NA,NA,"ECA2666",1,NA,NA,NA,691.218500943241,377.601413687421,618.164711997623,679.317342650196,700.673292816474,65.1041379507864,721.950977547566,756.395736025701,816.193788423454,0.0941874933352404,30.3035561326162,18.5243491794161,26.6344864546093,28.406093368511,30.0673319867938,3.09587553369112,32.295907356202,34.5039336473422,37.0935242052153,0.102162119856256,75,"1_ECA2666_0.0625",NA,NA,NA,NA,NA,"1",760.798262855471,-60.1249700389967
"20250529-CbDRC3-p001-m2x_A09_roi_0.png",20250529,"CbDRC3","p001","m2x","A09",0,569.071273649474,23.7388261016223,"","48h",10,"15hHB101","DMSO",1,"Emodepside",0.125,NA,NA,"ECA2666",1,NA,NA,NA,534.601737074798,173.115384503084,470.120851765049,493.794118447027,536.937507209915,75.343945642144,580.900437672943,617.091504829005,719.732580943413,0.140934719094641,23.9675936881472,11.6796064370746,21.1527835706844,22.3124550375126,23.8056573761539,2.80347131827259,26.1144853055089,27.430250710365,29.552767229323,0.116969244169848,94,"1_ECA2666_0.125",NA,"n>75",NA,NA,NA,"1",760.798262855471,-223.860755645556
"20250529-CbDRC3-p001-m2x_A10_roi_0.png",20250529,"CbDRC3","p001","m2x","A10",0,500.449331167895,24.7187882732067,"","48h",10,"15hHB101","DMSO",1,"Emodepside",0.25,NA,NA,"ECA2666",1,NA,NA,NA,377.797812546685,236.361577862522,268.279583895948,309.656825661487,383.584834662838,77.7577713192922,446.021536459597,474.048619412639,584.837275477352,0.205818479453698,18.9818349942858,14.3007181226796,15.8222170202702,16.8594285218358,18.6579699233577,2.46758526029007,20.7328466506795,22.0656434816652,24.7187882732067,0.129997192633531,82,"1_ECA2666_0.25",NA,"n>75",NA,NA,NA,"1",760.798262855471,-377.213428192633
"20250529-CbDRC3-p001-m2x_B01_roi_0.png",20250529,"CbDRC3","p001","m2x","B01",0,793.975814582019,37.0023617685753,"","48h",10,"15hHB101","DMSO",1,"Emodepside",0,NA,NA,"JU3237",1,NA,NA,NA,807.42072067766,313.987133738403,748.142752565864,802.245356903875,825.133678461382,80.8466564067769,845.634741979215,860.22729300795,889.234829513691,0.100129528926287,37.3911655303255,19.0171235243948,35.6616452336662,36.7382252938253,38.0520381070416,3.22286496950152,38.8913592610804,40.2480670785532,41.9174207337972,0.0861932203447276,87,"1_JU3237_0",NA,"n>75",NA,NA,NA,"1",829.343414006611,-4.20973554522902
"20250529-CbDRC3-p001-m2x_B02_roi_0.png",20250529,"CbDRC3","p001","m2x","B02",0,849.174796407313,37.9592392973821,"","48h",10,"15hHB101","DMSO",1,"Emodepside",0.00097,NA,NA,"JU3237",1,NA,NA,NA,833.391515105184,757.549403233922,784.864841545749,817.585307724299,839.265465127966,30.6202638224663,850.859911755474,867.805023354553,891.912875090237,0.0367417513467264,37.7344396942998,29.8621023535764,35.00364662561,36.4673786636634,38.0132713106056,2.08878809514604,39.139722624575,40.1149623047742,42.3970941056008,0.0553549519237084,71,"1_JU3237_0.00097",NA,NA,NA,NA,NA,"1",829.343414006611,9.92205112135548
"20250529-CbDRC3-p001-m2x_B03_roi_0.png",20250529,"CbDRC3","p001","m2x","B03",0,850.058777042556,39.317318278509,"","48h",10,"15hHB101","DMSO",1,"Emodepside",0.00195,NA,NA,"JU3237",1,NA,NA,NA,814.899377413863,126.254937394309,799.568578928119,817.036960171849,837.541486830754,111.089797039889,852.983278485259,862.51208748958,884.168162765173,0.136323330363118,37.2081251674096,12.7677975971189,35.2134467284044,36.9923647854341,38.0181477738617,4.15618165175761,38.9001427274357,39.851598940363,41.0039994586981,0.111700915675213,67,"1_JU3237_0.00195",NA,NA,NA,NA,NA,"1",829.343414006611,8.19807282414297
"20250529-CbDRC3-p001-m2x_B04_roi_0.png",20250529,"CbDRC3","p001","m2x","B04",0,844.990856413486,35.8819265349853,"","48h",10,"15hHB101","DMSO",1,"Emodepside",0.0039,NA,NA,"JU3237",1,NA,NA,NA,820.984298939797,527.358264658009,779.832977814878,807.536035019533,827.144810277871,47.6762987028285,850.67008309079,861.585292513825,882.741502620524,0.058072119971596,37.2061123564722,26.0180418784141,35.1796416107588,36.308574831455,37.1623244125126,2.1358279125969,38.6258124185937,39.2411938111519,41.5481440871488,0.0574052965312126,85,"1_JU3237_0.0039",NA,"n>75",NA,NA,NA,"1",829.343414006611,-2.19860372874018
"20250529-CbDRC3-p001-m2x_B05_roi_0.png",20250529,"CbDRC3","p001","m2x","B05",0,821.568509030781,36.0165559864569,"","48h",10,"15hHB101","DMSO",1,"Emodepside",0.0078,NA,NA,"JU3237",1,NA,NA,NA,816.732410926111,601.449564576868,771.629921130127,797.056349221697,826.420797305268,44.310473240462,840.093295225099,859.327571238532,879.757117790118,0.0542533547679556,36.7320233396871,28.6118863621655,34.6441907706217,35.3932152159022,36.6283841582003,2.00420849820882,37.9363175373211,38.7805888078731,41.1510836355081,0.0545629757357628,65,"1_JU3237_0.0078",NA,NA,NA,"outlier","outlier","1",829.343414006611,-2.92261670134314
"20250529-CbDRC3-p001-m2x_B06_roi_0.png",20250529,"CbDRC3","p001","m2x","B06",0,831.352523287767,35.0332438384477,"","48h",10,"15hHB101","DMSO",1,"Emodepside",0.0156,NA,NA,"JU3237",1,NA,NA,NA,813.608855338645,679.693998730014,761.27360340623,793.193150891355,817.591064148948,40.8439129224892,841.424663699009,857.222917812869,889.31558469693,0.0502009198332642,35.7213083255327,29.4800837603657,33.6319713071595,34.9507482823804,36.0906495799338,2.02206836320805,37.0167124592489,37.8691210801221,38.8024502435037,0.0566067834016797,67,"1_JU3237_0.0156",NA,NA,NA,NA,NA,"1",829.343414006611,-11.7523498576627
"20250529-CbDRC3-p001-m2x_B07_roi_0.png",20250529,"CbDRC3","p001","m2x","B07",0,778.937039196211,35.9226966621741,"","48h",10,"15hHB101","DMSO",1,"Emodepside",0.0312,NA,NA,"JU3237",1,NA,NA,NA,770.455811349827,542.275638706744,724.186785914808,754.731545571133,778.552937826336,48.065198695449,797.866188177668,814.727629635218,834.927711053477,0.0623854061289245,35.0410769375437,26.1857721075329,32.5618437048245,33.5366345086378,35.2552381297109,2.49323043060559,36.532055474838,37.9331713030122,39.4299640790327,0.0711516496781608,82,"1_JU3237_0.0312",NA,"n>75",NA,NA,NA,"1",829.343414006611,-50.7904761802748
"20250529-CbDRC3-p001-m2x_B08_roi_0.png",20250529,"CbDRC3","p001","m2x","B08",0,722.545975719395,32.5550484998354,"","48h",10,"15hHB101","DMSO",1,"Emodepside",0.0625,NA,NA,"JU3237",1,NA,NA,NA,695.545167720458,343.115480573761,606.118221010486,675.630196627946,706.312232799096,81.816580280196,738.078845571157,750.948715849074,1096.44657266824,0.117629428076306,29.9791635537042,18.7523015220579,27.314784668029,27.9697803416902,29.7974113035617,2.98003871569654,32.3038243219812,33.4690193334392,36.2015796564705,0.0994036644937791,91,"1_JU3237_0.0625",NA,"n>75",NA,NA,NA,"1",829.343414006611,-123.031181207515
"20250529-CbDRC3-p001-m2x_B12_roi_0.png",20250529,"CbDRC3","p001","m2x","B12",0,426.685387057512,32.6386161668756,"","48h",10,"15hHB101","DMSO",1,"Emodepside",1,NA,NA,"JU3237",1,NA,NA,NA,257.020852218716,210.210539440226,222.772757687537,229.502918942944,241.432993116038,75.9159972594274,255.896521064463,266.547871261842,687.334066212612,0.295369020077895,15.966086100491,12.6373160957267,14.0366012509789,14.5199994548743,15.1196688499529,3.71416489007959,15.962746800632,16.8092027543497,34.0826124858079,0.232628389118193,74,"1_JU3237_1",NA,NA,NA,NA,NA,"1",829.343414006611,-587.910420890573
"20250529-CbDRC3-p001-m2x_C01_roi_0.png",20250529,"CbDRC3","p001","m2x","C01",0,812.657756916536,37.9743284252161,"","48h",10,"15hHB101","DMSO",1,"Emodepside",0,NA,NA,"VX34",1,NA,NA,NA,779.963921770606,644.882471400357,718.924000577765,751.747448969438,782.476622539037,47.7270290285289,805.493571491613,837.44401590341,886.49501762442,0.0611913291068427,39.0972879419238,30.3949092221754,35.2832625540005,37.4253475342111,39.7273365693749,2.85850709677602,41.4339737140509,42.2780614761155,44.2474875833982,0.0731126696312573,63,"1_VX34_0",NA,NA,NA,"outlier","outlier","1",793.175483631588,-10.6988610925512
"20250529-CbDRC3-p001-m2x_C02_roi_0.png",20250529,"CbDRC3","p001","m2x","C02",0,836.853472150142,36.7385765592943,"","48h",10,"15hHB101","DMSO",1,"Emodepside",0.00097,NA,NA,"VX34",1,NA,NA,NA,795.742055762678,705.4195605251,737.260366912963,767.64354149315,795.658993473384,44.6404990662226,832.06368237362,846.371502329016,902.961684863891,0.0560992079568259,38.9424146803494,34.6212833525093,36.0246439309826,37.253556288993,38.9702363099276,2.15749013884679,40.4566263654844,41.53732303972,43.4862756624864,0.0554020637024204,55,"1_VX34_0.00097",NA,NA,NA,NA,NA,"1",793.175483631588,2.48350984179535
"20250529-CbDRC3-p001-m2x_C03_roi_0.png",20250529,"CbDRC3","p001","m2x","C03",0,837.002981323929,37.4999807246806,"","48h",10,"15hHB101","DMSO",1,"Emodepside",0.00195,NA,NA,"VX34",1,NA,NA,NA,799.02393759994,583.597225481799,757.811870280415,779.871669400678,803.362611457483,44.0526767714306,821.225364426508,839.863939553085,894.197485942281,0.055133112662123,38.9342436642774,28.4026201728345,36.7825293628803,37.4964963153409,39.1402809149582,2.50938992512113,40.5194133537943,41.8448856176498,46.4123270502493,0.0644520013476857,75,"1_VX34_0.00195",NA,NA,NA,NA,NA,"1",793.175483631588,10.1871278258943
"20250529-CbDRC3-p001-m2x_C04_roi_0.png",20250529,"CbDRC3","p001","m2x","C04",0,823.474597606904,37.0684517085098,"","48h",10,"15hHB101","DMSO",1,"Emodepside",0.0039,NA,NA,"VX34",1,NA,NA,NA,788.430740424652,539.465587724345,731.833823169051,773.958124671403,797.50934946145,47.1290634405632,816.308563998697,832.172996693165,862.341303411381,0.0597757812121572,37.7353772711197,24.9252011469295,34.6481941097261,36.6925016580261,37.9033313867755,2.92904669875665,39.3262297645594,41.2191842373307,43.2267055587978,0.0776207079556179,67,"1_VX34_0.0039",NA,NA,NA,NA,NA,"1",793.175483631588,4.33386582986179
"20250529-CbDRC3-p001-m2x_C05_roi_0.png",20250529,"CbDRC3","p001","m2x","C05",0,805.166903736526,37.1331421262469,"","48h",10,"15hHB101","DMSO",1,"Emodepside",0.0078,NA,NA,"VX34",1,NA,NA,NA,776.422737526999,582.025702078686,738.696869967932,756.107619169079,782.751299504296,43.9599716081602,802.24461848228,821.349599639701,832.913295463773,0.0566186041230297,37.097696279666,29.7403274150489,34.4902291583309,35.7874173183496,37.1703015574532,2.4381699714119,38.8986065473721,39.8235741552072,42.736288253723,0.0657229482130487,87,"1_VX34_0.0078",NA,"n>75",NA,NA,NA,"1",793.175483631588,-10.4241841272923
"20250529-CbDRC3-p001-m2x_C06_roi_0.png",20250529,"CbDRC3","p001","m2x","C06",0,820.323830425712,36.4658865594896,"","48h",10,"15hHB101","DMSO",1,"Emodepside",0.0156,NA,NA,"VX34",1,NA,NA,NA,777.937257621564,436.742801549165,727.225132685429,758.213529570943,786.664400705149,56.2123835505085,807.653971222948,826.821414678339,859.905622796217,0.0722582483353094,36.5322752660514,29.0546020016347,33.1422836720567,35.5977628329676,36.9473446201397,2.42117492938356,37.9509652119631,39.1299232884648,41.798123574761,0.0662749558233374,69,"1_VX34_0.0156",NA,NA,NA,NA,NA,"1",793.175483631588,-6.51108292643903
"20250529-CbDRC3-p001-m2x_C07_roi_0.png",20250529,"CbDRC3","p001","m2x","C07",0,760.712383461367,34.7762151756538,"","48h",10,"15hHB101","DMSO",1,"Emodepside",0.0312,NA,NA,"VX34",1,NA,NA,NA,747.649564624911,369.881493373454,698.858001583857,740.531756004145,763.520196580119,67.0961457272191,783.289754596123,788.083432641598,806.242353471184,0.0897427737564197,35.2619968551124,21.0787497957141,31.3683860655971,34.0827628301445,36.0584471320262,3.30324323611744,37.1804417108312,38.4942854529528,39.9065326062627,0.0936771462401887,64,"1_VX34_0.0312",NA,NA,NA,NA,NA,"1",793.175483631588,-29.6552870514694
"20250529-CbDRC3-p001-m2x_C08_roi_0.png",20250529,"CbDRC3","p001","m2x","C08",0,780.26672571119,35.0018569624283,"","48h",10,"15hHB101","DMSO",1,"Emodepside",0.0625,NA,NA,"VX34",1,NA,NA,NA,698.72269452631,383.715287267608,659.347312390169,686.946556180802,710.961144819948,61.9420798969159,725.329081255001,751.992952290818,780.26672571119,0.0886504479991289,31.2220717489072,20.3659693464239,26.411839605216,29.4592682979888,31.3303298920947,3.64523412116409,34.3781243119529,35.0049062350216,36.4033973818869,0.116751833461906,58,"1_VX34_0.0625",NA,NA,NA,"outlier","outlier","1",793.175483631588,-82.2143388116402
"20250529-CbDRC3-p001-m2x_C09_roi_0.png",20250529,"CbDRC3","p001","m2x","C09",0,636.499521943982,26.6079738993753,"","48h",10,"15hHB101","DMSO",1,"Emodepside",0.125,NA,NA,"VX34",1,NA,NA,NA,484.308601176831,308.704807032032,388.407320571644,436.50350535919,495.849461347196,73.827590306136,534.745556103875,555.867100084263,636.499521943982,0.15243914753267,22.2102249865481,14.9705108233581,18.7942356141365,20.423187397601,21.9978310812685,2.85277907363431,23.9927473344891,25.624941922999,28.2530747259912,0.128444402312995,52,"1_VX34_0.125",NA,NA,NA,NA,NA,"1",793.175483631588,-297.326022284392
"20250529-CbDRC3-p001-m2x_D01_roi_0.png",20250529,"CbDRC3","p001","m2x","D01",0,771.248747699737,33.9055564502526,"","48h",10,"15hHB101","DMSO",1,"Emodepside",0,NA,NA,"NIC1667",1,NA,NA,NA,753.768317213894,638.170151967254,702.642511742678,729.062735411716,752.853905374376,40.8340290802906,774.62298978839,809.189856054081,849.66308780015,0.0541731831223987,36.1348654865853,30.2983079501104,33.8008493804908,34.4297249378943,35.9643623933251,2.2672486976989,37.667816053054,39.135110094364,41.150789374063,0.0627440746538989,77,"1_NIC1667_0",NA,"n>75",NA,NA,NA,"1",753.663548623609,-0.809643249232522
"20250529-CbDRC3-p001-m2x_D02_roi_0.png",20250529,"CbDRC3","p001","m2x","D02",0,812.071341610236,35.8344460535492,"","48h",10,"15hHB101","DMSO",1,"Emodepside",0.00097,NA,NA,"NIC1667",1,NA,NA,NA,748.399495102869,674.018758488392,696.535634826303,721.964893461053,750.503772123844,36.1623548051003,772.664601301546,788.904283441238,822.872832071514,0.0483195873884572,35.6276430495815,30.6472993601059,33.2562768619542,34.1799184658195,35.5288784726286,2.23587180009879,37.0103785572902,38.7223356333247,42.5814070496443,0.0627566577162351,61,"1_NIC1667_0.00097",NA,NA,NA,NA,NA,"1",753.663548623609,-3.15977649976446
"20250529-CbDRC3-p001-m2x_D03_roi_0.png",20250529,"CbDRC3","p001","m2x","D03",0,756.768049005028,35.0531364183744,"","48h",10,"15hHB101","DMSO",1,"Emodepside",0.00195,NA,NA,"NIC1667",1,NA,NA,NA,739.178161647182,256.58652955992,700.798625488797,727.130446228179,751.036892784949,73.3484652106279,770.856542289291,782.457913063695,801.618974044874,0.0992297513865649,35.0245552101686,13.4912161040947,32.6750859838079,33.7081510038557,35.3105443676737,3.73770270241646,37.1686467956448,37.9997274619894,38.9472245964062,0.106716635799883,54,"1_NIC1667_0.00195",NA,NA,NA,NA,NA,"1",753.663548623609,-2.62665583865987
"20250529-CbDRC3-p001-m2x_D04_roi_0.png",20250529,"CbDRC3","p001","m2x","D04",0,854.606797363673,37.5905511251854,"","48h",10,"15hHB101","DMSO",1,"Emodepside",0.0039,NA,NA,"NIC1667",1,NA,NA,NA,748.22040307328,669.092352721147,694.031361726324,722.888308688865,744.694636954359,44.3442772059812,770.300864956007,803.267015534928,872.718126410942,0.0592663298459106,35.1816269430353,27.6960416009552,31.3550461745684,33.6336580225578,35.4261458280506,2.83490146954412,36.8344344984317,37.720612199584,43.6891681684364,0.0805790327472429,58,"1_NIC1667_0.0039",NA,NA,NA,NA,NA,"1",753.663548623609,-8.96891166924945
"20250529-CbDRC3-p001-m2x_D05_roi_0.png",20250529,"CbDRC3","p001","m2x","D05",0,788.54806981423,34.1453745290157,"","48h",10,"15hHB101","DMSO",1,"Emodepside",0.0078,NA,NA,"NIC1667",1,NA,NA,NA,760.13642899263,684.44890496591,728.125928517406,738.572393723816,758.994201569519,28.5891554536279,773.911259008309,800.236652331195,817.957284418451,0.0376105582671727,35.7793414607056,32.1148733220639,33.1834604725066,34.4243053408009,35.5498031237654,1.83888526819216,37.4001204406726,38.2080403842815,39.2230807404727,0.0513951680807681,39,"1_NIC1667_0.0078",NA,NA,NA,NA,NA,"1",753.663548623609,5.33065294591051
"20250529-CbDRC3-p001-m2x_D06_roi_0.png",20250529,"CbDRC3","p001","m2x","D06",0,761.261580667334,36.2300435201132,"","48h",10,"15hHB101","DMSO",1,"Emodepside",0.0156,NA,NA,"NIC1667",1,NA,NA,NA,743.512647429136,631.31608567952,679.06522560101,723.540331977572,744.636436885134,44.2834497602931,768.421744814148,802.599106230505,836.701589435301,0.0595597800702022,34.4016008198843,29.0838202776848,30.4695094176756,32.4383257303973,34.84450221256,2.58090285869463,36.3221327366239,37.7577258465203,38.5437438889851,0.0750227546737552,57,"1_NIC1667_0.0156",NA,NA,NA,NA,NA,"1",753.663548623609,-9.02711173847456
"20250529-CbDRC3-p001-m2x_D07_roi_0.png",20250529,"CbDRC3","p001","m2x","D07",0,778.604222419955,36.6938021440761,"","48h",10,"15hHB101","DMSO",1,"Emodepside",0.0312,NA,NA,"NIC1667",1,NA,NA,NA,744.49107117411,668.762191248818,695.520526409962,716.39550498776,747.587366852364,33.0396138382702,770.563081138979,786.586300091479,803.715505018193,0.044378791254225,34.4817205933216,28.4503344418558,31.6288826165642,32.7704200097229,34.5338907575999,2.47715882746547,36.048661514488,37.2073143129557,40.2060770390688,0.0718397685742297,50,"1_NIC1667_0.0312",NA,NA,NA,NA,NA,"1",753.663548623609,-6.07618177124448
"20250529-CbDRC3-p001-m2x_D08_roi_0.png",20250529,"CbDRC3","p001","m2x","D08",0,763.463520762939,36.6342571188918,"","48h",10,"15hHB101","DMSO",1,"Emodepside",0.0625,NA,NA,"NIC1667",1,NA,NA,NA,725.634451742792,543.822159127869,685.683133022415,710.010350189392,728.315422669466,47.9880968167753,746.009555719031,761.243264974964,983.797438640231,0.0661326053380182,33.2450829224976,23.4122514736993,30.2404778140956,31.8536217555294,33.2095591029666,2.74151036269345,34.9111456416371,36.3353885900544,43.6933188667182,0.0824636343691661,73,"1_NIC1667_0.0625",NA,NA,NA,NA,NA,"1",753.663548623609,-25.3481259541429
"20250529-CbDRC3-p001-m2x_D09_roi_0.png",20250529,"CbDRC3","p001","m2x","D09",0,745.033634143879,31.832264199591,"","48h",10,"15hHB101","DMSO",1,"Emodepside",0.125,NA,NA,"NIC1667",1,NA,NA,NA,663.217299821966,247.48581104454,607.54983152799,625.844386664627,678.550095595529,81.9267741429697,714.103037040069,733.077821265431,774.921850502301,0.123529308063831,30.1937360560242,15.6719448266076,26.7435712143205,28.3800843225041,30.2766790047672,3.30986437826529,32.0784936236407,33.6844261472096,36.1605097161316,0.10962089527854,68,"1_NIC1667_0.125",NA,NA,NA,NA,NA,"1",753.663548623609,-75.11345302808
"20250529-CbDRC3-p001-m2x_D10_roi_0.png",20250529,"CbDRC3","p001","m2x","D10",0,579.6788021682,23.7097234368269,"","48h",10,"15hHB101","DMSO",1,"Emodepside",0.25,NA,NA,"NIC1667",1,NA,NA,NA,586.464811536346,454.118268474645,512.981032936445,553.470267235058,592.448817200628,51.367902406763,623.517675889389,636.950084593424,710.616014223041,0.0875890614343866,26.4156404362228,21.0543060712716,23.3836029386641,24.9560530067145,26.712738163535,2.20516088732358,28.0570595159168,28.9630791137689,31.0413035999391,0.0834793649106355,67,"1_NIC1667_0.25",NA,NA,NA,NA,NA,"1",753.663548623609,-161.214731422981
"20250529-CbDRC3-p001-m2x_D11_roi_0.png",20250529,"CbDRC3","p001","m2x","D11",0,509.677627755967,23.0180752990271,"","48h",10,"15hHB101","DMSO",1,"Emodepside",0.5,NA,NA,"NIC1667",1,NA,NA,NA,469.433388077783,218.635576303515,373.843471887443,457.708841342643,485.160153305298,88.5759340793728,525.160077346063,555.185618440063,593.322888009449,0.188686907086158,22.1903172740404,14.2399661008483,18.99841817253,21.5017284313232,22.5359508978476,2.91325797977664,23.8898651550701,24.9845443560053,28.1824246476554,0.131285098081258,57,"1_NIC1667_0.5",NA,NA,NA,NA,NA,"1",753.663548623609,-268.503395318311
"20250529-CbDRC3-p001-m2x_D12_roi_0.png",20250529,"CbDRC3","p001","m2x","D12",0,438.12299464848,19.2255842137796,"","48h",10,"15hHB101","DMSO",1,"Emodepside",1,NA,NA,"NIC1667",1,NA,NA,NA,333.152849260069,177.836853601707,237.599939090669,282.894851265278,320.467377544102,74.0683147323187,398.347696879134,436.172380890384,478.816726671498,0.222325322736468,17.8374332296083,13.4083395301559,14.7088184131424,16.3025766841564,17.8407181269995,2.30724072703798,19.2444199284337,21.0404247367478,23.2202677099849,0.129348247437765,58,"1_NIC1667_1",NA,NA,NA,NA,NA,"1",753.663548623609,-433.196171079506
"20250529-CbDRC3-p001-m2x_E02_roi_0.png",20250529,"CbDRC3","p001","m2x","E02",0,757.279039288147,36.2922170017455,"","48h",10,"15hHB101","DMSO",1,"Emodepside",0.00097,NA,NA,"PB420",1,NA,NA,NA,764.894657478431,618.291400884461,731.608550397503,754.899427190646,769.304821693783,35.9916725067066,786.786973387334,795.723066358339,837.03303026924,0.047054417434889,37.6154816503735,31.3291716576925,35.3586288439998,36.851140892247,37.6878942592387,2.21816930045561,38.6787660557471,40.2574006913492,42.5191851320043,0.0589695838823212,53,"1_PB420_0.00097",NA,NA,NA,NA,NA,"1",769.666143305705,-0.361321611921767
"20250529-CbDRC3-p001-m2x_E03_roi_0.png",20250529,"CbDRC3","p001","m2x","E03",0,935.85676948463,41.6261435004684,"","48h",10,"15hHB101","DMSO",1,"Emodepside",0.00195,NA,NA,"PB420",1,NA,NA,NA,779.12868163563,718.183427077766,750.13778745902,765.833417151102,781.621024947382,30.2513548584919,790.469139578339,795.194259155604,935.85676948463,0.0388271611243794,37.9505747647844,31.3711766187179,35.0754938592004,36.7606317360326,37.7871030327745,2.30549139199966,39.3953911662415,40.6141715351379,43.6939252186036,0.060749841241904,51,"1_PB420_0.00195",NA,NA,NA,NA,NA,"1",769.666143305705,11.954881641677
"20250529-CbDRC3-p001-m2x_E04_roi_0.png",20250529,"CbDRC3","p001","m2x","E04",0,784.025137815258,37.2676701250014,"","48h",10,"15hHB101","DMSO",1,"Emodepside",0.0039,NA,NA,"PB420",1,NA,NA,NA,770.602587247237,585.351849974669,736.09335513903,756.641802087701,776.260736743326,38.7147179568431,788.606434427827,796.45425535649,933.233819405135,0.050239537989537,37.8609869039685,34.5267744300155,35.4683056592239,36.4593188127709,38.0801089331405,1.68657861521181,39.041018542756,39.5611137340622,41.6961912948756,0.0445466099309478,62,"1_PB420_0.0039",NA,NA,NA,NA,NA,"1",769.666143305705,6.59459343762137
"20250529-CbDRC3-p001-m2x_E05_roi_0.png",20250529,"CbDRC3","p001","m2x","E05",0,759.874949290011,36.2507606510987,"","48h",10,"15hHB101","DMSO",1,"Emodepside",0.0078,NA,NA,"PB420",1,NA,NA,NA,776.917901538758,674.334913719033,737.208153043601,758.869356098001,782.704027106931,36.6414849178722,798.230447545224,807.919648124985,893.283914009912,0.0471626214884485,37.676137308034,30.6317090361001,36.1022327056038,36.5936926721563,37.3301088434056,1.87682860029337,38.8761394590268,40.0401158632639,42.0812891277888,0.0498147828942421,64,"1_PB420_0.0078",NA,NA,NA,NA,NA,"1",769.666143305705,13.0378838012265
"20250529-CbDRC3-p001-m2x_E06_roi_0.png",20250529,"CbDRC3","p001","m2x","E06",0,784.812776936766,36.0491736721128,"","48h",10,"15hHB101","DMSO",1,"Emodepside",0.0156,NA,NA,"PB420",1,NA,NA,NA,773.344203458765,577.510569863347,747.144215268924,762.704783264085,783.399735179836,37.4677391167332,794.157875723723,800.595839832274,819.37712479148,0.0484489816425333,37.2800914244327,30.7985454991414,34.9284449707472,35.9543395023025,37.2980527993646,2.16846741823901,39.0748479978869,39.4710227195733,41.4671242509379,0.0581669018337717,60,"1_PB420_0.0156",NA,NA,NA,NA,NA,"1",769.666143305705,13.7335918741314
"20250529-CbDRC3-p001-m2x_E07_roi_0.png",20250529,"CbDRC3","p001","m2x","E07",0,775.350719636668,35.2114435269249,"","48h",10,"15hHB101","DMSO",1,"Emodepside",0.0312,NA,NA,"PB420",1,NA,NA,NA,764.290920786409,269.33396276312,731.323237304558,756.499554693296,780.047325905822,78.4898616196584,795.241815489062,807.350588870375,843.228788235656,0.102696315610942,36.1793765261526,29.2512397942044,33.0827522280047,35.15595381637,36.5909395730498,2.36066492890906,37.7022310889518,38.9711103119637,39.9088444187672,0.0652489112741517,53,"1_PB420_0.0312",NA,NA,NA,NA,NA,"1",769.666143305705,10.3811826001172
"20250529-CbDRC3-p001-m2x_E08_roi_0.png",20250529,"CbDRC3","p001","m2x","E08",0,790.638427050273,37.0909999456222,"","48h",10,"15hHB101","DMSO",1,"Emodepside",0.0625,NA,NA,"PB420",1,NA,NA,NA,765.04146289783,587.230501868687,722.45219106165,751.709135861185,772.099983963139,44.937069457408,796.272323356249,805.473412658539,844.959813496855,0.0587380836682956,36.0039365135749,29.9075531138878,33.6175933557874,35.0973790864759,36.2622755555605,1.88328552280402,37.0787461239487,37.886725322272,40.2003694794017,0.052307767015808,66,"1_PB420_0.0625",NA,NA,NA,NA,NA,"1",769.666143305705,2.43384065743476
"20250529-CbDRC3-p001-m2x_E09_roi_0.png",20250529,"CbDRC3","p001","m2x","E09",0,733.18322895294,32.8402832573558,"","48h",10,"15hHB101","DMSO",1,"Emodepside",0.125,NA,NA,"PB420",1,NA,NA,NA,731.062469618787,459.998641677571,676.595190872759,707.796863219389,741.109829273719,60.852501593266,773.319728336701,784.92325389544,821.369991471315,0.0832384428446964,33.8638605129195,20.9362054823783,30.4683693561884,32.2700666398638,34.429482051811,3.05852677643172,35.8888609701944,36.9023510967968,40.1548595829878,0.090318313686204,76,"1_PB420_0.125",NA,"n>75",NA,NA,NA,"1",769.666143305705,-28.5563140319857
"20250529-CbDRC3-p001-m2x_E10_roi_0.png",20250529,"CbDRC3","p001","m2x","E10",0,722.868646580052,33.210196557253,"","48h",10,"15hHB101","DMSO",1,"Emodepside",0.25,NA,NA,"PB420",1,NA,NA,NA,707.336753406626,547.194705458858,625.126679207288,679.019739334989,719.146819392298,56.9883911088796,745.806880275807,761.820966640854,819.964572274716,0.0805675526323439,32.1753903906628,23.9392956995298,27.2066101614173,30.424459490374,32.5556035151748,3.39949252248491,34.5733116331551,36.1543257604533,38.2108996594825,0.105655051305032,51,"1_PB420_0.25",NA,NA,NA,NA,NA,"1",769.666143305705,-50.5193239134067
"20250529-CbDRC3-p001-m2x_E11_roi_0.png",20250529,"CbDRC3","p001","m2x","E11",0,708.90616196222,31.8390917830584,"","48h",10,"15hHB101","DMSO",1,"Emodepside",0.5,NA,NA,"PB420",1,NA,NA,NA,637.788759588434,508.519131550853,561.774355792109,589.56233864385,649.229760875804,60.9919595756237,679.148738227141,708.957889081985,757.685266176041,0.0956303457197676,29.4842660856045,22.8189173634769,26.5424902117127,28.1179151480458,29.5327378890223,2.69202217029763,31.4962433547109,33.2043288097274,34.2199673443895,0.0913036859212173,60,"1_PB420_0.5",NA,NA,NA,NA,NA,"1",769.666143305705,-120.4363824299
"20250529-CbDRC3-p001-m2x_E12_roi_0.png",20250529,"CbDRC3","p001","m2x","E12",0,602.667256699866,27.7407065386707,"","48h",10,"15hHB101","DMSO",1,"Emodepside",1,NA,NA,"PB420",1,NA,NA,NA,537.45652843678,373.384497294418,456.799109575152,498.545348494671,543.555942726246,62.8013573664309,588.296731187119,610.742254244988,655.076374000946,0.116849185084963,25.5252112821813,20.0941928512622,22.5495998400567,23.8502798635991,25.1520724767755,2.4105710506661,27.6797327527711,28.8014747290612,30.1301789443526,0.0944388284985078,58,"1_PB420_1",NA,NA,NA,NA,NA,"1",769.666143305705,-226.110200579459
"20250529-CbDRC3-p001-m2x_F01_roi_0.png",20250529,"CbDRC3","p001","m2x","F01",0,782.154692018559,36.6694067969887,"","48h",10,"15hHB101","DMSO",1,"Emodepside",0,NA,NA,"ED3102",1,NA,NA,NA,750.767103818739,195.177337194757,728.523261530293,745.594039104132,765.339149768051,86.4772660066572,782.864356089641,795.419963322378,835.711907891,0.11518520932363,37.6701363945674,13.2718948219682,35.2177059332346,36.708749631242,38.2256900201808,4.37208678572586,39.4302244075788,40.5230182654472,49.1874816313466,0.116062409223355,77,"1_ED3102_0",NA,"n>75",NA,NA,NA,"1",771.774756976905,-6.43560720885375
"20250529-CbDRC3-p001-m2x_F02_roi_0.png",20250529,"CbDRC3","p001","m2x","F02",0,755.09080030062,36.5945024688892,"","48h",10,"15hHB101","DMSO",1,"Emodepside",0.00097,NA,NA,"ED3102",1,NA,NA,NA,765.764216858153,697.593176209241,731.029444823183,753.809492753488,768.131451277474,25.1179726939942,783.32866114589,795.044913415755,815.997787274052,0.0328011836294082,37.4652849780895,30.2144264795027,34.6442854132323,36.4043067066455,37.6619383670959,2.10565409646812,38.4100566487149,40.1285870785057,42.5055648308467,0.056202804748437,73,"1_ED3102_0.00097",NA,NA,NA,NA,NA,"1",771.774756976905,-3.64330569943058
"20250529-CbDRC3-p001-m2x_F03_roi_0.png",20250529,"CbDRC3","p001","m2x","F03",0,765.562233910365,37.7364604934972,"","48h",10,"15hHB101","DMSO",1,"Emodepside",0.00195,NA,NA,"ED3102",1,NA,NA,NA,776.892016974736,702.523437342801,748.799618562498,762.620906892315,775.2482394602,24.9551272163719,795.251943204911,805.804247815805,826.315787737027,0.0321217449415283,37.9025384486116,33.3916737687835,35.8457954259756,36.7411441958817,37.7225992653063,1.84079432871428,38.6696590577613,40.2472319059753,42.3433733221894,0.0485665183404544,56,"1_ED3102_0.00195",NA,NA,NA,NA,NA,"1",771.774756976905,3.47348248329502
"20250529-CbDRC3-p001-m2x_F04_roi_0.png",20250529,"CbDRC3","p001","m2x","F04",0,776.73868193232,36.7172480171055,"","48h",10,"15hHB101","DMSO",1,"Emodepside",0.0039,NA,NA,"ED3102",1,NA,NA,NA,770.435130590987,704.447343167715,740.76860951243,750.334010312704,776.697011167675,26.6220083442068,787.420457076758,799.791955982217,833.160281439534,0.0345545098959669,37.6459433425089,31.695370360094,34.867144336923,36.5465970601571,37.6921991329375,2.07719242987438,38.6568667655965,40.4980265222552,42.3165702525603,0.0551770588128382,58,"1_ED3102_0.0039",NA,NA,NA,NA,NA,"1",771.774756976905,4.92225419076965
"20250529-CbDRC3-p001-m2x_F05_roi_0.png",20250529,"CbDRC3","p001","m2x","F05",0,780.668262156014,35.2260320054592,"","48h",10,"15hHB101","DMSO",1,"Emodepside",0.0078,NA,NA,"ED3102",1,NA,NA,NA,761.082225974799,653.727909550205,734.416041149008,749.623339886148,764.582517902072,31.2019084420298,781.899123450037,791.896054227011,811.774517999005,0.040996764051435,36.7475168953158,30.5141726245206,34.2707821603204,35.2778167031344,36.9376811727203,2.06954869929407,38.220837304529,39.3888055839871,40.7872268577497,0.0563180555897064,62,"1_ED3102_0.0078",NA,NA,NA,NA,NA,"1",771.774756976905,-7.1922390748324
"20250529-CbDRC3-p001-m2x_F06_roi_0.png",20250529,"CbDRC3","p001","m2x","F06",0,791.458134410247,35.6288198678646,"","48h",10,"15hHB101","DMSO",1,"Emodepside",0.0156,NA,NA,"ED3102",1,NA,NA,NA,770.487950379291,701.376951713668,729.132409466421,750.798743579772,770.475688146133,31.3644312255545,791.630734567718,807.96571907719,839.454600449019,0.0407072313202493,36.6297665972138,31.2643534273818,34.4231690380985,35.5735544287229,36.9015496693919,1.85343894156278,37.9219034469431,38.7463512793622,40.7661655099367,0.0505992561171209,71,"1_ED3102_0.0156",NA,NA,NA,NA,NA,"1",771.774756976905,-1.29906883077149
"20250529-CbDRC3-p001-m2x_F07_roi_0.png",20250529,"CbDRC3","p001","m2x","F07",0,703.954304741866,30.0114806843976,"","48h",10,"15hHB101","DMSO",1,"Emodepside",0.0312,NA,NA,"ED3102",1,NA,NA,NA,751.425436395767,151.874930110284,706.041842731634,736.974894648206,762.86444281275,76.3111679515248,779.977448142795,801.791930216815,823.245593461611,0.101555209945452,35.4502167420739,14.1353796203107,32.2164436970155,34.2946779136632,35.9387908431092,3.54716476643128,37.361306613334,38.9536182677754,40.8116501952177,0.100060453571821,79,"1_ED3102_0.0312",NA,"n>75",NA,NA,NA,"1",771.774756976905,-8.91031416415524
"20250529-CbDRC3-p001-m2x_F08_roi_0.png",20250529,"CbDRC3","p001","m2x","F08",0,743.053044544689,33.1463286404184,"","48h",10,"15hHB101","DMSO",1,"Emodepside",0.0625,NA,NA,"ED3102",1,NA,NA,NA,747.03305291592,635.179993110273,689.471255435429,725.350332174042,752.924496828338,39.8639514753194,773.105950620665,789.925927134959,839.009594076287,0.0533630357046681,34.4715111150487,27.7936589756756,31.078710268308,32.9921033010666,34.3220121313752,2.61881078084782,36.2521338424614,37.7074396766102,41.4366623062288,0.0759702924570823,74,"1_ED3102_0.0625",NA,NA,NA,NA,NA,"1",771.774756976905,-18.8502601485673
"20250529-CbDRC3-p001-m2x_F09_roi_0.png",20250529,"CbDRC3","p001","m2x","F09",0,802.217939093598,37.175069086709,"","48h",10,"15hHB101","DMSO",1,"Emodepside",0.125,NA,NA,"ED3102",1,NA,NA,NA,706.057529075158,489.81515261816,632.242208360542,677.63685739441,717.719450081429,56.9680754724533,743.626636163517,771.80490620046,802.217939093598,0.0806847503589034,31.5637037839011,23.6954468365259,27.9197386885095,29.7084272504681,31.6608280326186,2.92246644755601,33.787734059598,35.0151041611781,38.8241538917334,0.0925894650249063,70,"1_ED3102_0.125",NA,NA,NA,NA,NA,"1",771.774756976905,-54.0553068954762
"20250529-CbDRC3-p001-m2x_F10_roi_0.png",20250529,"CbDRC3","p001","m2x","F10",0,688.943449648501,28.8742599428253,"","48h",10,"15hHB101","DMSO",1,"Emodepside",0.25,NA,NA,"ED3102",1,NA,NA,NA,604.613936685404,152.726172089946,551.787943799077,574.959381129667,617.448150114428,88.894280501157,652.464725931892,689.883411110147,725.211942033578,0.147026515777143,27.6596291388115,13.2772976592461,25.6911842632721,26.4021271595272,27.8244802705036,3.29782896513637,29.3976554564689,30.9075792113364,35.4642596829906,0.119228965384388,79,"1_ED3102_0.25",NA,"n>75",NA,NA,NA,"1",771.774756976905,-154.326606862477
"20250529-CbDRC3-p001-m2x_F11_roi_0.png",20250529,"CbDRC3","p001","m2x","F11",0,602.776539397724,26.5971801115577,"","48h",10,"15hHB101","DMSO",1,"Emodepside",0.5,NA,NA,"ED3102",1,NA,NA,NA,530.634018028788,394.273412643473,444.33229146659,483.99472918252,537.724752502086,60.360261368314,574.773767221025,605.6695469929,652.546562327084,0.113751209529577,24.8369707996568,19.1656605889016,21.9214354511908,22.986184073553,24.9033250972649,2.38943984780179,26.5374967559991,28.2336229656765,29.6143268464785,0.096204962637183,80,"1_ED3102_0.5",NA,"n>75",NA,NA,NA,"1",771.774756976905,-234.050004474819
"20250529-CbDRC3-p002-m2x_A01_roi_0.png",20250529,"CbDRC3","p002","m2x","A01",0,834.686411087314,36.1274983309863,"","48h",10,"15hHB101","DMSO",1,"Emodepside",0,NA,NA,"ECA2666",1,NA,NA,NA,758.879035557229,560.7839838887,710.493798352788,737.751701500272,764.990810054898,53.6330386599484,794.253110815186,817.085256764639,842.434376702595,0.0706740285960947,34.8663721290534,27.2094375873108,30.5672705053971,32.9879728216686,35.2224412603338,3.10878074135301,37.0403790067983,38.5022947162643,42.0688193219783,0.0891627247551382,84,"1_ECA2666_0",NA,"n>75",NA,NA,NA,"1",760.798262855471,4.19254719942728
"20250529-CbDRC3-p002-m2x_A02_roi_0.png",20250529,"CbDRC3","p002","m2x","A02",0,748.529471515417,32.2496505440055,"","48h",10,"15hHB101","DMSO",1,"Emodepside",0.00097,NA,NA,"ECA2666",1,NA,NA,NA,754.62866057408,330.099572735943,708.557857268357,746.462860210821,763.451611701166,67.0553224744778,785.847467210005,804.962844076121,840.217353988324,0.0888587009449996,34.668654379911,22.1509084066095,31.1179348437861,32.8884712207689,35.0540180123537,3.20578249343142,36.8572358197278,37.9461316796723,41.0784653603397,0.0924691930151473,80,"1_ECA2666_0.00097",NA,"n>75",NA,NA,NA,"1",760.798262855471,2.65334884569518
"20250529-CbDRC3-p002-m2x_A03_roi_0.png",20250529,"CbDRC3","p002","m2x","A03",0,765.574302127404,35.0418780017166,"","48h",10,"15hHB101","DMSO",1,"Emodepside",0.00195,NA,NA,"ECA2666",1,NA,NA,NA,763.593169189285,461.300698025582,711.124516515122,749.102926249798,766.532162757711,50.1698570246677,792.714080800153,808.974073581571,841.973733998173,0.0657023386916015,35.3919293939704,23.3693840579222,31.7828641951581,33.8254217523849,35.6721193886866,2.95196930055645,37.2928612139734,39.0498519924032,40.3228562384519,0.0834079789122591,75,"1_ECA2666_0.00195",NA,NA,NA,NA,NA,"1",760.798262855471,5.73389990224052
"20250529-CbDRC3-p002-m2x_A04_roi_0.png",20250529,"CbDRC3","p002","m2x","A04",0,806.317913669502,36.2035696825811,"","48h",10,"15hHB101","DMSO",1,"Emodepside",0.0039,NA,NA,"ECA2666",1,NA,NA,NA,759.009438832109,528.245320235054,699.225339554247,737.491621014253,769.346902901414,59.1447012381611,800.469620372531,823.40165944051,839.720780125035,0.0779235385124687,35.3103995620726,23.9900772489893,32.6735274296283,34.0098606507078,35.5659956004062,3.1518900618044,37.033210324106,38.9252408242344,41.5062684291859,0.0892623731505403,71,"1_ECA2666_0.0039",NA,NA,NA,NA,NA,"1",760.798262855471,8.5486400459431
"20250529-CbDRC3-p002-m2x_A05_roi_0.png",20250529,"CbDRC3","p002","m2x","A05",0,810.25860298128,34.0840695357701,"","48h",10,"15hHB101","DMSO",1,"Emodepside",0.0078,NA,NA,"ECA2666",1,NA,NA,NA,762.906070218276,549.938893644559,716.152542506188,735.538125940385,759.855974301109,46.2242103243687,791.22187107143,824.796887745291,875.607590830137,0.0605896480953984,35.4324175237143,24.9507196207856,32.5490395168077,34.0187368996413,35.2681951187224,2.61248589946418,37.0894867469528,38.3828002844557,41.5166051868586,0.0737315171259679,84,"1_ECA2666_0.0078",NA,"n>75",NA,NA,NA,"1",760.798262855471,-0.942288554362449
"20250529-CbDRC3-p002-m2x_A06_roi_0.png",20250529,"CbDRC3","p002","m2x","A06",0,798.455914176983,36.0676701806351,"","48h",10,"15hHB101","DMSO",1,"Emodepside",0.0156,NA,NA,"ECA2666",1,NA,NA,NA,767.451409163691,159.504610866347,717.456022793333,748.006773361129,778.138502663657,83.8475853486434,809.809410281756,828.27512967718,864.84875620227,0.109254585173039,35.1691479740108,14.9535202253166,31.7913478512014,33.6541236791516,35.5392132801181,3.41456227273453,36.8043323012809,38.0077629609514,44.4849366384055,0.0970897070141651,79,"1_ECA2666_0.0156",NA,"n>75",NA,NA,NA,"1",760.798262855471,17.3402398081857
"20250529-CbDRC3-p002-m2x_A07_roi_0.png",20250529,"CbDRC3","p002","m2x","A07",0,831.539208202411,35.7846768436935,"","48h",10,"15hHB101","DMSO",1,"Emodepside",0.0312,NA,NA,"ECA2666",1,NA,NA,NA,754.180903738653,355.225338836022,702.336445139136,734.710891189985,764.697802421403,60.95883657207,786.33462279383,806.793747712837,834.367280880548,0.080827870700362,34.7994545362498,17.76067870215,31.8483616586192,33.3075905822094,35.1602254091936,3.0633192794026,36.5677979740522,38.1698114661677,40.7544719039263,0.0880277958440876,80,"1_ECA2666_0.0312",NA,"n>75",NA,NA,NA,"1",760.798262855471,3.89953956593229
"20250529-CbDRC3-p002-m2x_A08_roi_0.png",20250529,"CbDRC3","p002","m2x","A08",0,784.10192582327,32.4597590626225,"","48h",10,"15hHB101","DMSO",1,"Emodepside",0.0625,NA,NA,"ECA2666",1,NA,NA,NA,713.345044364116,548.344166767017,655.868203446074,690.464501534159,713.732000234101,54.5842104897366,735.69484164911,775.032915445166,878.835357314775,0.0765186650148997,31.404076042142,23.8962320638008,27.190651219623,28.9804747051678,31.322990739057,3.154013163728,33.500974452947,35.728949513831,39.0734302776335,0.100433241834453,84,"1_ECA2666_0.0625",NA,"n>75",NA,NA,NA,"1",760.798262855471,-47.0662626213702
"20250529-CbDRC3-p002-m2x_A09_roi_0.png",20250529,"CbDRC3","p002","m2x","A09",0,696.097610257606,31.1252271001556,"","48h",10,"15hHB101","DMSO",1,"Emodepside",0.125,NA,NA,"ECA2666",1,NA,NA,NA,556.330496458789,249.52376237158,453.019761862764,506.131476638966,569.205575240028,89.0187144978545,611.620587590754,658.71623366585,712.826173469827,0.160010488485685,25.1541185058362,14.9188844199957,21.1398491629677,22.7243485115727,25.256515596884,3.41728920941045,27.2202221756098,29.502015570498,33.3084226789205,0.135854063366108,74,"1_ECA2666_0.125",NA,NA,NA,NA,NA,"1",760.798262855471,-191.592687615443
"20250529-CbDRC3-p002-m2x_A10_roi_0.png",20250529,"CbDRC3","p002","m2x","A10",0,448.100786534675,20.6166734531881,"","48h",10,"15hHB101","DMSO",1,"Emodepside",0.25,NA,NA,"ECA2666",1,NA,NA,NA,385.851009703147,259.384196394478,287.413060017219,328.049810688189,393.489332202172,69.7579477228655,445.120142069891,474.073411623967,509.937254826264,0.180789854033383,18.7103514827387,15.0992752910358,16.3082778357639,17.1201371113569,18.5028097653141,2.06105829810813,20.3337223460196,21.5591865699779,23.3735488221309,0.110156043835391,51,"1_ECA2666_0.25",NA,NA,NA,NA,NA,"1",760.798262855471,-367.308930653299
"20250529-CbDRC3-p002-m2x_A11_roi_0.png",20250529,"CbDRC3","p002","m2x","A11",0,257.87174833791,15.5246005094203,"","48h",10,"15hHB101","DMSO",1,"Emodepside",0.5,NA,NA,"ECA2666",1,NA,NA,NA,268.262619179029,213.73382451865,241.221399034244,251.615330053351,267.784578879717,25.2929983556981,282.917966402454,295.298491067445,341.855645473003,0.0942844680824447,15.6507995942322,13.9320753686885,14.4720815601239,15.02470174208,15.4487555556389,1.02735880773104,16.235021082554,16.9288974247205,18.277525750435,0.0656425763773534,52,"1_ECA2666_0.5",NA,NA,NA,NA,NA,"1",760.798262855471,-493.013683975754
"20250529-CbDRC3-p002-m2x_A12_roi_0.png",20250529,"CbDRC3","p002","m2x","A12",0,597.097564769759,25.3583306156812,"","48h",10,"15hHB101","DMSO",1,"Emodepside",1,NA,NA,"ECA2666",1,NA,NA,NA,258.466189177902,134.236913242339,228.269561898613,241.753945531766,256.896101390497,53.6802002909679,268.85241137805,272.183407795185,597.097564769759,0.207687514029233,15.1318485745963,12.9694589787746,13.6791996291323,14.4713298357234,15.0673984128557,1.68789733895073,15.5322608351997,15.930427120579,25.3583306156812,0.111546010431561,53,"1_ECA2666_1",NA,NA,NA,NA,NA,"1",760.798262855471,-503.902161464974
"20250529-CbDRC3-p002-m2x_B01_roi_0.png",20250529,"CbDRC3","p002","m2x","B01",0,863.150154576999,37.7961177175828,"","48h",10,"15hHB101","DMSO",1,"Emodepside",0,NA,NA,"JU3237",1,NA,NA,NA,824.657118448144,199.093507424286,793.64637491097,815.668028898494,833.016391425084,75.4224376831562,851.418385638861,861.502800091552,954.272096932699,0.0914591482883063,38.1636879531467,14.5909921821648,36.6106482121101,37.1711581219588,38.6487267874929,3.01623694623067,39.4327429922529,40.4284306798139,41.6884326741314,0.0790342104760337,85,"1_JU3237_0",NA,"n>75",NA,NA,NA,"1",829.343414006611,3.67297741847278
"20250529-CbDRC3-p002-m2x_B02_roi_0.png",20250529,"CbDRC3","p002","m2x","B02",0,839.833189866261,38.2825405151376,"","48h",10,"15hHB101","DMSO",1,"Emodepside",0.00097,NA,NA,"JU3237",1,NA,NA,NA,831.223234819384,513.532492361236,803.176283666272,821.45091363618,839.121543323872,46.5800331550502,848.895230448694,861.728146789965,883.631705151341,0.0560379344607367,38.4967706200822,27.555149516605,36.7832835228398,37.394578131127,38.4843588976408,2.03253729103398,39.8307533686352,40.6865391165353,41.4753913504185,0.052797605053492,63,"1_JU3237_0.00097",NA,NA,NA,NA,NA,"1",829.343414006611,9.77812931726123
"20250529-CbDRC3-p002-m2x_B03_roi_0.png",20250529,"CbDRC3","p002","m2x","B03",0,819.016893529015,37.291268964377,"","48h",10,"15hHB101","DMSO",1,"Emodepside",0.00195,NA,NA,"JU3237",1,NA,NA,NA,826.726510800341,686.333157351149,784.717694621963,816.252205973811,833.132398631009,35.0466042979815,846.591324146634,858.304433627987,894.647835431018,0.042392016997318,37.8082395009863,30.1827004021577,35.7993565822434,37.0473537565249,37.7812742807929,1.82964629195523,38.8192569841906,39.4112251137774,43.9279310041871,0.0483927925791811,74,"1_JU3237_0.00195",NA,NA,NA,NA,NA,"1",829.343414006611,3.78898462439827
"20250529-CbDRC3-p002-m2x_B04_roi_0.png",20250529,"CbDRC3","p002","m2x","B04",0,844.114920591495,37.5699006094837,"","48h",10,"15hHB101","DMSO",1,"Emodepside",0.0039,NA,NA,"JU3237",1,NA,NA,NA,833.552633249306,585.603267245989,802.906428867124,824.977899832816,837.974058944525,42.4752866273644,852.04200727295,868.025831607419,912.152745116955,0.0509569341311894,37.8369015107589,26.853604638327,35.7711563335822,36.9193289401459,37.6647962363158,2.13774545055235,39.1518396884772,40.1251929729211,41.9094721723572,0.0564989564471733,73,"1_JU3237_0.0039",NA,NA,NA,NA,NA,"1",829.343414006611,8.63064493791444
"20250529-CbDRC3-p002-m2x_B05_roi_0.png",20250529,"CbDRC3","p002","m2x","B05",0,841.954779912319,36.2460934581207,"","48h",10,"15hHB101","DMSO",1,"Emodepside",0.0078,NA,NA,"JU3237",1,NA,NA,NA,834.718574546039,678.926074015787,800.664802781155,823.420497663305,835.72775123106,39.7428426577892,848.042727909324,862.170512489175,1047.25622542628,0.0476122658219308,37.2710495984115,32.97974177909,35.4957289455884,36.3199276240275,37.369960354888,1.45601111283601,38.0895410186424,39.2282290756851,40.8338299961004,0.0390654711505112,66,"1_JU3237_0.0078",NA,NA,NA,NA,NA,"1",829.343414006611,6.3843372244487
"20250529-CbDRC3-p002-m2x_B06_roi_0.png",20250529,"CbDRC3","p002","m2x","B06",0,804.638901313898,35.7101367587217,"","48h",10,"15hHB101","DMSO",1,"Emodepside",0.0156,NA,NA,"JU3237",1,NA,NA,NA,811.997904957907,720.451389447495,768.300121341672,796.377663830348,817.424548659374,31.5401120740708,834.848922853776,847.186919848843,865.906734189259,0.0388426027721165,36.1908060837268,32.0159585732434,34.4548201047619,35.3718171698092,36.319332156129,1.51722359824783,37.1101413875385,38.002266188403,39.1926376367089,0.0419229014887858,78,"1_JU3237_0.0156",NA,"n>75",NA,NA,NA,"1",829.343414006611,-11.9188653472369
"20250529-CbDRC3-p002-m2x_B07_roi_0.png",20250529,"CbDRC3","p002","m2x","B07",0,844.254651363251,34.2872485175043,"","48h",10,"15hHB101","DMSO",1,"Emodepside",0.0312,NA,NA,"JU3237",1,NA,NA,NA,790.579113045628,545.769315538621,748.310279931154,771.121105557982,795.349814899885,43.7711587442012,814.476625716643,837.696137782831,858.872200632961,0.0553659438023566,35.244925534038,26.5270658525417,32.5870595424707,33.8995811421017,35.3830047425273,2.18507345344319,36.7446632365705,37.8892018032208,39.6285651643392,0.061996824233121,74,"1_JU3237_0.0312",NA,NA,NA,NA,NA,"1",829.343414006611,-33.993599106726
"20250529-CbDRC3-p002-m2x_B08_roi_0.png",20250529,"CbDRC3","p002","m2x","B08",0,741.370327056544,31.2934906237039,"","48h",10,"15hHB101","DMSO",1,"Emodepside",0.0625,NA,NA,"JU3237",1,NA,NA,NA,713.486006954929,571.843352327192,646.263469798234,688.212041265428,720.837474118926,45.7268593645564,748.216056143242,757.095870138689,799.222361157835,0.0640893569303664,31.1499099598532,25.0051159260045,27.253541249338,29.1350864075496,31.3529422429844,2.87017624131949,33.2933060538518,34.4661292948342,37.5790957340013,0.0921407556239696,78,"1_JU3237_0.0625",NA,"n>75",NA,NA,NA,"1",829.343414006611,-108.505939887684
"20250529-CbDRC3-p002-m2x_B09_roi_0.png",20250529,"CbDRC3","p002","m2x","B09",0,391.495915289927,17.6899806132914,"","48h",10,"15hHB101","DMSO",1,"Emodepside",0.125,NA,NA,"JU3237",1,NA,NA,NA,320.09741215549,225.210739951033,261.074324923903,287.90483494168,323.126187500919,44.5497754101401,357.891737394478,376.500259260084,403.038552217921,0.139175681271986,17.2202149981914,14.7914261353497,15.9960172415045,16.3386853088484,17.2059971906788,1.1737822618571,17.7960356112836,18.54768401716,20.8607192430905,0.0681630433754966,63,"1_JU3237_0.125",NA,NA,NA,NA,NA,"1",829.343414006611,-506.217226505691
"20250529-CbDRC3-p002-m2x_B10_roi_0.png",20250529,"CbDRC3","p002","m2x","B10",0,446.080637997242,34.2739628398875,"","48h",10,"15hHB101","DMSO",1,"Emodepside",0.25,NA,NA,"JU3237",1,NA,NA,NA,260.32572906814,222.885657306964,230.854786237327,244.440250259642,255.078945380942,33.5913381758938,270.801124000031,286.245042448835,446.080637997242,0.129035797944894,15.6463970087627,10.906101523833,14.277223445863,14.8305310828666,15.1913787932513,3.05333551517375,15.7737362309379,16.4151411038466,34.2739628398875,0.195146238042135,51,"1_JU3237_0.25",NA,NA,NA,NA,NA,"1",829.343414006611,-574.264468625668
"20250529-CbDRC3-p002-m2x_B11_roi_0.png",20250529,"CbDRC3","p002","m2x","B11",0,272.036901115381,16.2121988034384,"","48h",10,"15hHB101","DMSO",1,"Emodepside",0.5,NA,NA,"JU3237",1,NA,NA,NA,257.333549071679,152.6590100656,235.048040830155,241.718244628541,259.519303073671,25.0472122246046,271.202475957923,288.511061865194,309.152243082961,0.0973336446606416,15.6777496144766,12.8665094862384,14.6327045058754,15.2693791434966,15.6168408655283,0.89362239512948,16.3391101069328,16.7453507979873,17.3557145056353,0.0569994047043794,60,"1_JU3237_0.5",NA,NA,NA,NA,NA,"1",829.343414006611,-569.824110932939
"20250529-CbDRC3-p002-m2x_B12_roi_1.png",20250529,"CbDRC3","p002","m2x","B12",1,283.942518502474,15.4699856529226,"","48h",10,"15hHB101","DMSO",1,"Emodepside",1,NA,NA,"JU3237",1,NA,NA,NA,254.306318661574,93.6258149338965,223.048141885474,243.276642375952,257.254453231323,32.271383124878,267.665144200311,280.037419102602,368.665152308363,0.126899651155833,15.6705850875066,13.5990579341599,14.7558644285986,15.1928407022432,15.6351034275512,0.903997538674857,15.9859596262843,16.7714864078622,19.4034191010449,0.0576875422089742,70,"1_JU3237_1",NA,NA,NA,NA,NA,"1",829.343414006611,-572.088960775288
"20250529-CbDRC3-p002-m2x_C01_roi_0.png",20250529,"CbDRC3","p002","m2x","C01",0,826.932627773292,36.4435424109099,"","48h",10,"15hHB101","DMSO",1,"Emodepside",0,NA,NA,"VX34",1,NA,NA,NA,783.525465835698,675.135352002851,722.646035685067,745.606591898903,789.410804759759,49.9681429930951,816.853664537258,837.508153199456,910.634904433409,0.0637734766409917,38.9007116139782,31.054686462365,35.8197969083799,37.1973531868406,39.0597345267665,2.6599528493138,40.8586002454691,42.1991739716266,44.4082361106784,0.0683779997576701,67,"1_VX34_0",NA,NA,NA,NA,NA,"1",793.175483631588,-3.76467887182889
"20250529-CbDRC3-p002-m2x_C02_roi_0.png",20250529,"CbDRC3","p002","m2x","C02",0,860.001482300475,37.9217781818787,"","48h",10,"15hHB101","DMSO",1,"Emodepside",0.00097,NA,NA,"VX34",1,NA,NA,NA,798.038504537663,634.012817229014,751.770764180794,768.12815768959,800.711789306659,53.3527339429542,830.745280592423,854.281612659432,957.394413335258,0.066854836752349,38.7928417720214,30.5671601055789,34.3652110969397,37.4946026409,39.4482172582221,2.9535343320007,40.2958003220602,41.9366761931355,45.6189585589336,0.076136065240028,50,"1_VX34_0.00097",NA,NA,NA,NA,NA,"1",793.175483631588,7.53630567507059
"20250529-CbDRC3-p002-m2x_C03_roi_0.png",20250529,"CbDRC3","p002","m2x","C03",0,814.038609910866,37.836550358073,"","48h",10,"15hHB101","DMSO",1,"Emodepside",0.00195,NA,NA,"VX34",1,NA,NA,NA,778.218333192066,583.9166725019,725.414150565376,753.335346210691,789.945110728454,63.1954929968815,814.038609910866,836.016897452927,923.732831274265,0.0812053511225681,38.1463122857278,28.8928768163343,34.1436175692508,36.8166987177056,38.5071819931561,3.5252439828131,40.5373588759888,41.7333960796638,45.4751793334152,0.0924137556576352,73,"1_VX34_0.00195",NA,NA,NA,NA,NA,"1",793.175483631588,-3.23037290313414
"20250529-CbDRC3-p002-m2x_C04_roi_0.png",20250529,"CbDRC3","p002","m2x","C04",0,752.510240832119,37.7236225195036,"","48h",10,"15hHB101","DMSO",1,"Emodepside",0.0039,NA,NA,"VX34",1,NA,NA,NA,798.626203970686,665.93852050462,753.894171289947,786.486528661791,802.795660503907,43.7149694173483,814.071317970152,836.217979023978,940.480267387712,0.0547377098322119,38.0310196082088,28.6500221509954,35.5755990432933,36.6978921477722,38.722837954668,2.62968151997237,39.5690924153163,40.4899465220635,42.5088139922372,0.0691457012476405,56,"1_VX34_0.0039",NA,NA,NA,NA,NA,"1",793.175483631588,9.62017687231912
"20250529-CbDRC3-p002-m2x_C05_roi_0.png",20250529,"CbDRC3","p002","m2x","C05",0,822.158651409324,37.9147987330474,"","48h",10,"15hHB101","DMSO",1,"Emodepside",0.0078,NA,NA,"VX34",1,NA,NA,NA,799.470298361586,710.954156981507,760.556414826555,776.093815792578,798.45303186348,38.0345270642488,819.173970301744,850.134739234231,888.982772184453,0.0475746592990331,37.2624757832428,32.5175370482572,34.5951895223909,36.3409128363467,37.6630900151256,2.03184273647759,38.5013343723112,39.3877035271385,40.990103893184,0.0545278512436183,43,"1_VX34_0.0078",NA,NA,NA,NA,NA,"1",793.175483631588,5.27754823189173
"20250529-CbDRC3-p002-m2x_C06_roi_0.png",20250529,"CbDRC3","p002","m2x","C06",0,793.033779731429,35.7544658971314,"","48h",10,"15hHB101","DMSO",1,"Emodepside",0.0156,NA,NA,"VX34",1,NA,NA,NA,788.794811764364,685.654613210716,738.454059548199,765.873109983381,791.999652347017,36.4890533230755,814.743473249138,831.190172578805,862.938120940506,0.0462592461041387,36.9274166069281,31.2687178771705,35.4694978087658,35.9474895901522,37.2099939489265,1.72761221033178,38.1179921673678,38.8133697331594,40.1128454150026,0.046783998694554,52,"1_VX34_0.0156",NA,NA,NA,NA,NA,"1",793.175483631588,-1.17583128457147
"20250529-CbDRC3-p002-m2x_C07_roi_0.png",20250529,"CbDRC3","p002","m2x","C07",0,774.70589037715,35.0035277431802,"","48h",10,"15hHB101","DMSO",1,"Emodepside",0.0312,NA,NA,"VX34",1,NA,NA,NA,750.416327767471,585.918235634451,702.773139976159,725.852801451109,753.397336482598,42.7434148872453,774.507752352176,793.997011041617,833.880451481272,0.056959601364764,35.5172493486088,28.2693679426307,32.9001703836932,34.2449792651042,35.2333597947846,2.44940632275848,37.4049688551418,38.5336504355949,40.1552031733469,0.0689638518658095,58,"1_VX34_0.0312",NA,NA,NA,NA,NA,"1",793.175483631588,-39.77814714899
"20250529-CbDRC3-p002-m2x_C08_roi_0.png",20250529,"CbDRC3","p002","m2x","C08",0,753.148091713111,33.8295264393623,"","48h",10,"15hHB101","DMSO",1,"Emodepside",0.0625,NA,NA,"VX34",1,NA,NA,NA,714.01178229436,161.455353601096,678.405230355259,696.007739121813,724.626029463039,81.1318328165099,751.381116396857,770.189074416675,789.583171449006,0.113628142879948,32.9507704214342,16.0186692702376,30.5132277032138,31.6665458824407,33.2822469874325,2.98978622019397,34.5464525000948,35.5895058196746,37.5504602372797,0.0907349413065358,63,"1_VX34_0.0625",NA,NA,NA,NA,NA,"1",793.175483631588,-68.5494541685491
"20250529-CbDRC3-p002-m2x_C09_roi_0.png",20250529,"CbDRC3","p002","m2x","C09",0,543.320996371504,24.5555031225529,"","48h",10,"15hHB101","DMSO",1,"Emodepside",0.125,NA,NA,"VX34",1,NA,NA,NA,495.070748961818,353.33846302959,419.179456169676,453.41568621826,506.126062405236,64.6175987738175,536.542851812359,575.943854580279,670.591304412072,0.130521948447415,22.6390034651908,17.9957708955161,19.5966742051849,20.7000753347606,21.9459580357067,2.7872169691784,24.738417899148,26.6439952214056,28.8531913573173,0.123115709287468,60,"1_VX34_0.125",NA,NA,NA,NA,NA,"1",793.175483631588,-287.049421226352
"20250529-CbDRC3-p002-m2x_C10_roi_0.png",20250529,"CbDRC3","p002","m2x","C10",0,366.652625548378,17.8278476907338,"","48h",10,"15hHB101","DMSO",1,"Emodepside",0.25,NA,NA,"VX34",1,NA,NA,NA,349.841483600337,200.35485626693,280.283951539483,322.470948081698,357.112951919344,55.2651030575404,386.568606932927,408.814869066739,536.820911987369,0.157971840528426,17.9623040080486,15.149580642734,16.0255031507022,16.6850722684798,17.8278476907338,1.61434580740252,18.8297828503013,20.1897678575599,22.0053747761503,0.0898740944746934,57,"1_VX34_0.25",NA,NA,NA,NA,NA,"1",793.175483631588,-436.062531712244
"20250529-CbDRC3-p002-m2x_C11_roi_0.png",20250529,"CbDRC3","p002","m2x","C11",0,288.876890172442,16.1621245088816,"","48h",10,"15hHB101","DMSO",1,"Emodepside",0.5,NA,NA,"VX34",1,NA,NA,NA,274.741806022252,173.712453588734,244.956352856248,261.44378163342,276.347398732102,31.6315774209098,288.853020325366,304.442744897484,350.117541733684,0.115132013867405,16.1508265274688,12.8438924823276,14.9093870402021,15.622805255105,16.1868807580521,1.02590836830264,16.8040001220238,17.2897601699324,18.0559398301255,0.0635204871130159,57,"1_VX34_0.5",NA,NA,NA,NA,NA,"1",793.175483631588,-516.828084899487
"20250529-CbDRC3-p002-m2x_C12_roi_1.png",20250529,"CbDRC3","p002","m2x","C12",1,297.452973262197,16.0618694130873,"","48h",10,"15hHB101","DMSO",1,"Emodepside",1,NA,NA,"VX34",1,NA,NA,NA,256.80267077833,213.622477618575,236.24748518542,241.269028658552,255.843160554958,19.4682252862863,272.030503042454,279.824758324309,297.452973262197,0.0758100576885786,15.5423308534189,13.5773662909542,14.7421804875526,15.1387369721792,15.6653333735928,0.838779411522088,16.0618694130873,16.3554122414254,17.2509609417957,0.0539674145038278,29,"1_VX34_1",NA,NA,NA,NA,NA,"1",793.175483631588,-537.332323076631
"20250529-CbDRC3-p002-m2x_D01_roi_0.png",20250529,"CbDRC3","p002","m2x","D01",0,779.019934916891,34.7761719678092,"","48h",10,"15hHB101","DMSO",1,"Emodepside",0,NA,NA,"NIC1667",1,NA,NA,NA,745.328734547533,208.934448717526,699.40397194733,724.690092100842,752.196546086043,76.1261907275246,780.395666761276,797.576726831473,873.40220365176,0.102137737616863,35.9701997806977,14.176649613314,31.6656270368639,34.4863454589205,36.5944931593887,3.97662284089783,38.4497352122301,39.6601181266894,42.4681845133955,0.110553259785668,72,"1_NIC1667_0",NA,NA,NA,NA,NA,"1",753.663548623609,-1.46700253756569
"20250529-CbDRC3-p002-m2x_D02_roi_0.png",20250529,"CbDRC3","p002","m2x","D02",0,769.742109673559,39.0253069378274,"","48h",10,"15hHB101","DMSO",1,"Emodepside",0.00097,NA,NA,"NIC1667",1,NA,NA,NA,766.953386265982,659.658432661268,731.481549272958,747.372813296383,766.608054845228,31.8914765828724,789.220449189175,802.660657264517,834.489996118717,0.0415820272182908,36.6688786838937,31.3610159883763,34.0033607936037,35.2579622498078,36.5627462830914,2.09074929571279,38.4395647847607,39.2301704287856,41.6050044618677,0.057016995630988,65,"1_NIC1667_0.00097",NA,NA,NA,NA,NA,"1",753.663548623609,12.9445062216198
"20250529-CbDRC3-p002-m2x_D03_roi_0.png",20250529,"CbDRC3","p002","m2x","D03",0,747.323807757292,35.5701563756376,"","48h",10,"15hHB101","DMSO",1,"Emodepside",0.00195,NA,NA,"NIC1667",1,NA,NA,NA,765.559624374581,699.019532426908,729.719868590259,744.993544545006,769.14237918544,28.5360139020863,784.80237681236,801.394863986805,825.19366967313,0.0372747111962686,36.8983431258902,32.3984929204907,34.4505680820987,35.4686743287391,36.7834696087716,2.11012883788434,38.2845787218769,39.5077141791734,41.0638233398754,0.0571876311812967,49,"1_NIC1667_0.00195",NA,NA,NA,NA,NA,"1",753.663548623609,15.4788305618312
"20250529-CbDRC3-p002-m2x_D04_roi_0.png",20250529,"CbDRC3","p002","m2x","D04",0,821.010469072448,37.4888246037353,"","48h",10,"15hHB101","DMSO",1,"Emodepside",0.0039,NA,NA,"NIC1667",1,NA,NA,NA,765.130293647163,650.532353346478,708.536804578462,742.785708118766,768.526071352157,41.6390930295531,794.895605121233,815.160433084365,845.126486729765,0.0544209180779801,36.3901193235391,29.7123405105744,33.9438194315107,35.0805804997288,36.8045162472176,2.32648500184411,37.9856776592073,38.8858898849827,42.0501962000601,0.063931777226661,60,"1_NIC1667_0.0039",NA,NA,NA,NA,NA,"1",753.663548623609,14.8625227285487
"20250529-CbDRC3-p002-m2x_D05_roi_0.png",20250529,"CbDRC3","p002","m2x","D05",0,800.037369946847,37.6890808647389,"","48h",10,"15hHB101","DMSO",1,"Emodepside",0.0078,NA,NA,"NIC1667",1,NA,NA,NA,759.844956884881,479.884033804525,713.69273534776,740.649317697731,766.166952287213,52.8159302370787,792.762076859266,809.325425358656,843.489271147965,0.0695088251340207,35.7813537914788,24.839817986719,32.9309281158297,34.7975117199656,36.6304115371378,2.70997475208388,37.6293143776333,38.1978165656001,39.7303191419254,0.0757370659555439,78,"1_NIC1667_0.0078",NA,"n>75",NA,NA,NA,"1",753.663548623609,12.5034036636042
"20250529-CbDRC3-p002-m2x_D06_roi_0.png",20250529,"CbDRC3","p002","m2x","D06",0,808.223429477099,37.1921960526836,"","48h",10,"15hHB101","DMSO",1,"Emodepside",0.0156,NA,NA,"NIC1667",1,NA,NA,NA,766.758941472084,656.421859019167,719.778750058798,746.042401398038,767.719542819645,38.7766836225173,793.932809579485,811.521256865938,840.349879703284,0.0505721961951572,36.0576313892371,29.5521001448355,32.8760993956738,34.7176932837163,36.3240796168866,2.14924059114966,37.6956217220895,38.5401694816373,39.1498517746287,0.0596057064300453,63,"1_NIC1667_0.0156",NA,NA,NA,NA,NA,"1",753.663548623609,14.0559941960366
"20250529-CbDRC3-p002-m2x_D08_roi_0.png",20250529,"CbDRC3","p002","m2x","D08",0,747.116192250347,31.2823462314528,"","48h",10,"15hHB101","DMSO",1,"Emodepside",0.0625,NA,NA,"NIC1667",1,NA,NA,NA,742.073595370941,666.86195045961,702.919940942478,723.924665103199,739.869580958091,30.4479347900649,759.403348316391,782.078017335184,818.338761266189,0.0410308828935557,34.1995693142788,27.4072552572503,31.3830649439107,32.7247411674571,34.1315997426725,2.30035439530261,35.7592937645609,37.0321127346303,38.9794579673575,0.067262671472947,54,"1_NIC1667_0.0625",NA,NA,NA,NA,NA,"1",753.663548623609,-13.7939676655177
"20250529-CbDRC3-p002-m2x_D09_roi_0.png",20250529,"CbDRC3","p002","m2x","D09",0,612.432913979833,28.962203935875,"","48h",10,"15hHB101","DMSO",1,"Emodepside",0.125,NA,NA,"NIC1667",1,NA,NA,NA,682.783403463369,599.146222774409,616.635575401516,643.05695954154,690.472391924304,44.0175075233199,716.985173419691,726.626690664847,774.573299033049,0.0644677467261862,30.2855583663692,24.3029579079689,27.1425719776102,28.5832159761634,30.2025931845234,2.42300000474183,32.1972558052104,33.2587908195515,35.0890125662438,0.0800051290265283,54,"1_NIC1667_0.125",NA,NA,NA,NA,NA,"1",753.663548623609,-63.1911566993048
"20250529-CbDRC3-p002-m2x_D10_roi_0.png",20250529,"CbDRC3","p002","m2x","D10",0,600.949123671036,26.7822155833465,"","48h",10,"15hHB101","DMSO",1,"Emodepside",0.25,NA,NA,"NIC1667",1,NA,NA,NA,604.191519884849,450.813756802233,561.494090722775,584.076005599149,610.57654514991,49.7892045010661,627.475297216928,655.464967401151,715.107894609362,0.0824063278984042,27.277776026436,22.2453251856689,24.6878515664409,26.6210244071787,27.4250301725572,1.85583580876039,28.052344035379,29.610956882196,30.8474476460196,0.0680347183348754,60,"1_NIC1667_0.25",NA,NA,NA,NA,NA,"1",753.663548623609,-143.087003473699
"20250529-CbDRC3-p002-m2x_D11_roi_0.png",20250529,"CbDRC3","p002","m2x","D11",0,558.930766442654,24.519722781937,"","48h",10,"15hHB101","DMSO",1,"Emodepside",0.5,NA,NA,"NIC1667",1,NA,NA,NA,483.169596725777,307.727186379051,407.03455951283,446.541214657919,483.273622680034,68.5798059085287,533.252769693781,559.627807628958,614.500840664439,0.141937337061899,22.5663188951487,15.4665395409318,18.8982361113966,21.1037767521083,22.7495080599708,2.72848279843647,24.5021707701725,26.0611057618769,27.9260159166184,0.120909520560885,58,"1_NIC1667_0.5",NA,NA,NA,NA,NA,"1",753.663548623609,-270.389925943575
"20250529-CbDRC3-p002-m2x_D12_roi_0.png",20250529,"CbDRC3","p002","m2x","D12",0,437.291396834377,19.6913276511371,"","48h",10,"15hHB101","DMSO",1,"Emodepside",1,NA,NA,"NIC1667",1,NA,NA,NA,363.517511509773,242.691801259441,271.032501934777,303.78660968665,373.786162092436,69.5997089234554,404.960401892995,455.485955013495,481.008739752913,0.191461777547914,18.6843362071094,15.0474211454509,15.8309393157658,16.858285800078,18.7787644230238,2.22278564139867,20.3108528538808,21.5929944815284,22.7571864256542,0.118965191846254,33,"1_NIC1667_1",NA,NA,NA,NA,NA,"1",753.663548623609,-379.877386531172
"20250529-CbDRC3-p002-m2x_E01_roi_0.png",20250529,"CbDRC3","p002","m2x","E01",0,758.896401239995,37.6686198968531,"","48h",10,"15hHB101","DMSO",1,"Emodepside",0,NA,NA,"PB420",1,NA,NA,NA,762.243662218976,457.06637789212,722.425351219621,759.751395914004,772.831582599972,53.7820711519393,789.228047957814,799.644460212306,820.96357355358,0.0705575839035168,37.7698347146775,27.3256176220235,35.2216678470795,36.9245752005991,38.1968840273368,2.27620253360996,38.9208491482955,40.1282440144355,41.6814384880493,0.0602650911979082,65,"1_PB420_0",NA,NA,NA,NA,NA,"1",769.666143305705,3.16543929426723
"20250529-CbDRC3-p002-m2x_E03_roi_0.png",20250529,"CbDRC3","p002","m2x","E03",0,795.634501662048,37.0952688990952,"","48h",10,"15hHB101","DMSO",1,"Emodepside",0.00195,NA,NA,"PB420",1,NA,NA,NA,770.483611465244,637.125756058048,738.181830067658,764.859052009908,773.236070549618,28.1601622320049,783.847414072285,797.898459847725,818.891295026348,0.0365486842457974,38.1707294948791,32.5215451956122,35.9718560413645,36.9110280640927,38.2275057354935,2.03988614354653,39.7357421626956,40.6150298167352,42.2628669664666,0.0534411097335772,64,"1_PB420_0.00195",NA,NA,NA,NA,NA,"1",769.666143305705,3.56992724391398
"20250529-CbDRC3-p002-m2x_E04_roi_0.png",20250529,"CbDRC3","p002","m2x","E04",0,786.676416246579,36.5498138334316,"","48h",10,"15hHB101","DMSO",1,"Emodepside",0.0039,NA,NA,"PB420",1,NA,NA,NA,771.963631231231,612.298565009602,736.072493213309,754.113443375161,768.580057322511,75.8365131232813,781.036395092848,791.36880362655,1289.0142283546,0.0982384532835142,38.1496611185197,31.8127433335688,35.9834254253818,37.2411723950332,38.1803469516825,2.30553977035389,39.2084335645071,40.1088299438649,47.0864370308042,0.0604340825778572,58,"1_PB420_0.0039",NA,NA,NA,NA,NA,"1",769.666143305705,-1.08608598319324
"20250529-CbDRC3-p002-m2x_E05_roi_0.png",20250529,"CbDRC3","p002","m2x","E05",0,742.92343715494,37.8696334901574,"","48h",10,"15hHB101","DMSO",1,"Emodepside",0.0078,NA,NA,"PB420",1,NA,NA,NA,777.650665976605,697.193486552064,741.183472622712,757.007879106338,777.834492352274,33.1934741893974,795.252701669269,809.599363086304,920.04364461025,0.0426842998298108,37.3549813513212,33.7946498232534,35.4955924405128,36.1398364601128,37.4331630913776,1.73643348549968,38.2956963270246,39.4594425075098,42.5551849036993,0.0464846567361028,49,"1_PB420_0.0078",NA,NA,NA,NA,NA,"1",769.666143305705,8.16834904656946
"20250529-CbDRC3-p002-m2x_E06_roi_0.png",20250529,"CbDRC3","p002","m2x","E06",0,777.901335248989,35.1599199169007,"","48h",10,"15hHB101","DMSO",1,"Emodepside",0.0156,NA,NA,"PB420",1,NA,NA,NA,773.087223137986,565.390959425864,740.013953532966,767.376537577179,776.766966466572,35.4513541791519,790.508265796267,804.983359967287,819.039031290974,0.0458568620953968,37.1864735413286,27.6199699309584,35.1938977306429,36.1677547796248,37.339546884174,2.11417793009715,38.4762471603412,39.2967216481887,43.1093828250078,0.0568534127805229,66,"1_PB420_0.0156",NA,NA,NA,NA,NA,"1",769.666143305705,7.10082316086744
"20250529-CbDRC3-p002-m2x_E07_roi_0.png",20250529,"CbDRC3","p002","m2x","E07",0,779.02826221607,36.1715189356266,"","48h",10,"15hHB101","DMSO",1,"Emodepside",0.0312,NA,NA,"PB420",1,NA,NA,NA,773.145497756789,642.271783731381,739.05785154143,763.974801604921,775.492194209681,32.8155210123192,795.50116276232,807.187239617379,827.617533660891,0.0424441726784033,37.254462544242,30.3944181908411,34.8620764596398,36.0108269182205,37.0821009152642,2.11453014886377,38.6144274680143,39.8379962898185,41.1807674064092,0.0567591103039704,61,"1_PB420_0.0312",NA,NA,NA,NA,NA,"1",769.666143305705,5.82605090397681
"20250529-CbDRC3-p002-m2x_E08_roi_0.png",20250529,"CbDRC3","p002","m2x","E08",0,790.826486559118,36.8173900486728,"","48h",10,"15hHB101","DMSO",1,"Emodepside",0.0625,NA,NA,"PB420",1,NA,NA,NA,767.565312704745,700.563131196412,726.322974724741,748.768987032277,769.075518078607,31.6546271625656,790.826486559118,807.374128796835,839.126614078765,0.0412403044257186,35.8899048489026,31.0311658903816,33.2452342574053,34.8568622697634,35.9372015808448,1.96988612282226,37.329881749625,38.1873382076335,39.5793486219141,0.0548869140532842,65,"1_PB420_0.0625",NA,NA,NA,NA,NA,"1",769.666143305705,-0.590625227097235
"20250529-CbDRC3-p002-m2x_E09_roi_0.png",20250529,"CbDRC3","p002","m2x","E09",0,760.709600769128,34.0825189230239,"","48h",10,"15hHB101","DMSO",1,"Emodepside",0.125,NA,NA,"PB420",1,NA,NA,NA,754.219048366928,592.860067145731,714.282747661423,737.587296097452,760.056699431086,37.8185675271918,776.039406539027,793.606235726096,807.23601835983,0.0501426841566498,35.0692244998313,29.0809754056926,32.7147763785806,33.7129386909567,35.2401334365475,2.02835432890884,36.2349374197901,37.3646589408456,40.4430696270013,0.0578385851936531,76,"1_PB420_0.125",NA,"n>75",NA,NA,NA,"1",769.666143305705,-9.60944387461814
"20250529-CbDRC3-p002-m2x_E10_roi_0.png",20250529,"CbDRC3","p002","m2x","E10",0,710.627570394017,30.7943115277594,"","48h",10,"15hHB101","DMSO",1,"Emodepside",0.25,NA,NA,"PB420",1,NA,NA,NA,721.948715772051,569.490869354155,657.572238280129,704.143609000255,729.710093365139,47.8215501499351,754.649276027911,769.143446557976,822.014813129761,0.0662395390492451,33.5899233053551,27.259830458507,30.5864468598074,31.8828952281366,33.4484880131078,2.57463505248526,35.5144969031274,36.720284939934,38.6310053852045,0.0766490303976014,60,"1_PB420_0.25",NA,NA,NA,NA,NA,"1",769.666143305705,-39.9560499405652
"20250529-CbDRC3-p002-m2x_E11_roi_0.png",20250529,"CbDRC3","p002","m2x","E11",0,603.865533219621,26.6773869169571,"","48h",10,"15hHB101","DMSO",1,"Emodepside",0.5,NA,NA,"PB420",1,NA,NA,NA,636.82646787723,433.707228103381,550.151560397338,601.661296489789,647.357501932759,64.0766580799646,680.017708575582,712.196848176712,773.936206584036,0.100618710609744,28.625144077832,21.7444661061048,24.839447187605,26.702935320819,28.7201427718948,2.89748482940662,30.5209379145528,31.8385346561958,36.5103829624842,0.101221667968843,68,"1_PB420_0.5",NA,NA,NA,NA,NA,"1",769.666143305705,-122.308641372945
"20250529-CbDRC3-p002-m2x_F01_roi_0.png",20250529,"CbDRC3","p002","m2x","F01",0,816.789748330436,39.1325768415967,"","48h",10,"15hHB101","DMSO",1,"Emodepside",0,NA,NA,"ED3102",1,NA,NA,NA,778.56241011559,719.196776031677,751.899412332435,762.728516910195,774.441680019755,28.5369094455709,788.836297082919,823.324930583292,861.149854706841,0.0366533357824636,38.5694562100269,32.7984714332446,35.8338137639531,37.3497229924196,38.8057284777517,1.97597325192924,39.6547237579915,41.0556566393699,42.8871543446002,0.0512315559018834,60,"1_ED3102_0",NA,NA,NA,NA,NA,"1",771.774756976905,2.66692304285061
"20250529-CbDRC3-p002-m2x_F02_roi_0.png",20250529,"CbDRC3","p002","m2x","F02",0,764.089428425469,38.0147811480442,"","48h",10,"15hHB101","DMSO",1,"Emodepside",0.00097,NA,NA,"ED3102",1,NA,NA,NA,770.334563964568,274.992562485901,738.844834372996,760.429151109507,781.89301707604,70.2538594452016,800.640507086452,808.603250500255,833.43734547545,0.091199152591098,38.1240073118833,18.4773767248855,35.6550652794987,37.2023645088672,38.7195236298524,3.28542155898077,39.7043991164903,40.714990140591,42.781652462312,0.0861772355697953,64,"1_ED3102_0.00097",NA,NA,NA,NA,NA,"1",771.774756976905,10.1182600991349
"20250529-CbDRC3-p002-m2x_F03_roi_0.png",20250529,"CbDRC3","p002","m2x","F03",0,759.666166366915,37.8567466490131,"","48h",10,"15hHB101","DMSO",1,"Emodepside",0.00195,NA,NA,"ED3102",1,NA,NA,NA,777.5370192944,690.427089970917,749.924936545181,763.170513093493,775.85688325067,22.8280245051483,794.972069757928,805.498742869776,823.007989639908,0.0293594053256323,37.9338149611939,31.9154840907563,35.6608998298548,36.9802441187687,38.0302667879508,1.79977385675688,39.1477536983909,40.0114877010954,41.2673718223288,0.0474451056029571,83,"1_ED3102_0.00195",NA,"n>75",NA,NA,NA,"1",771.774756976905,4.0821262737652
"20250529-CbDRC3-p002-m2x_F04_roi_0.png",20250529,"CbDRC3","p002","m2x","F04",0,758.015097907609,36.1212136720609,"","48h",10,"15hHB101","DMSO",1,"Emodepside",0.0039,NA,NA,"ED3102",1,NA,NA,NA,779.986257461312,500.08170866886,758.73783529468,771.227127717259,784.987471042498,40.1614529326919,797.791299033378,808.853941909665,844.417864420208,0.0514899494042482,37.8904479481741,28.0769673170379,35.9207388958517,36.5682098956603,37.9413782165923,2.10511170067299,39.2241923346955,40.1578449080757,42.7133863830619,0.0555578467573759,71,"1_ED3102_0.0039",NA,NA,NA,NA,NA,"1",771.774756976905,13.2127140655933
"20250529-CbDRC3-p002-m2x_F05_roi_0.png",20250529,"CbDRC3","p002","m2x","F05",0,812.247794560673,36.8272358032845,"","48h",10,"15hHB101","DMSO",1,"Emodepside",0.0078,NA,NA,"ED3102",1,NA,NA,NA,773.087404642358,658.594489287036,738.337903888349,757.961186866193,774.207838453771,30.687425882447,790.41808477608,812.247794560673,839.167200920893,0.0396946395687865,37.3702273769551,32.0894140087054,34.6083447382254,36.1616082616318,37.5068845100555,2.0601301886943,38.5693578562304,40.0459391809402,41.6311018561375,0.0551275797150945,61,"1_ED3102_0.0078",NA,NA,NA,NA,NA,"1",771.774756976905,2.43308147686639
"20250529-CbDRC3-p002-m2x_F06_roi_0.png",20250529,"CbDRC3","p002","m2x","F06",0,783.311785539925,36.5079855222607,"","48h",10,"15hHB101","DMSO",1,"Emodepside",0.0156,NA,NA,"ED3102",1,NA,NA,NA,783.470872396275,661.450036052597,747.118078127613,766.214162538647,784.512686237745,36.3412658907861,809.962089271574,820.615375545176,852.510090850333,0.0463849610383535,37.1482410439694,32.0572443702754,34.9249992599707,36.0127400649605,37.1813054123261,1.95599515686788,38.4338598190875,39.7833296220182,41.1548545850848,0.0526537758423805,68,"1_ED3102_0.0156",NA,NA,NA,NA,NA,"1",771.774756976905,12.73792926084
"20250529-CbDRC3-p002-m2x_F07_roi_0.png",20250529,"CbDRC3","p002","m2x","F07",0,804.991794608569,37.115441153706,"","48h",10,"15hHB101","DMSO",1,"Emodepside",0.0312,NA,NA,"ED3102",1,NA,NA,NA,772.087899731614,705.472778689671,741.747707405355,757.775863893202,776.547863874894,24.9312099178803,791.16301459901,801.270403845959,827.928410958096,0.032290636761108,36.2335689117246,31.2470028591041,33.3997144562621,34.7411053239855,36.5595553974795,2.24243835608916,37.9164558670995,38.9409564012615,40.733489077117,0.0618884206949743,60,"1_ED3102_0.0312",NA,NA,NA,NA,NA,"1",771.774756976905,4.77310689798958
"20250529-CbDRC3-p002-m2x_F08_roi_0.png",20250529,"CbDRC3","p002","m2x","F08",0,730.33152961787,32.3439155714305,"","48h",10,"15hHB101","DMSO",1,"Emodepside",0.0625,NA,NA,"ED3102",1,NA,NA,NA,751.702022848553,542.828453444935,697.468252058714,736.58623152902,755.077242423779,43.1861823611795,783.368497451614,800.083759615403,818.460581958254,0.0574511988108356,34.9139425505524,29.1588340690076,31.525869830159,33.5565173558062,35.0147104557231,2.41408931732167,36.6229429049457,37.742291863646,40.1100411591382,0.0691439906514789,80,"1_ED3102_0.0625",NA,"n>75",NA,NA,NA,"1",771.774756976905,-16.6975145531263
"20250529-CbDRC3-p002-m2x_F09_roi_0.png",20250529,"CbDRC3","p002","m2x","F09",0,685.399485556655,30.4866855644385,"","48h",10,"15hHB101","DMSO",1,"Emodepside",0.125,NA,NA,"ED3102",1,NA,NA,NA,711.429156255089,595.471203925522,632.039275373189,671.353139194339,717.430626910405,52.726143271805,751.557335716989,771.610581146745,804.780747172953,0.0741129918674567,32.4326699118878,25.366284352222,27.9392149135402,30.6134380705134,32.958898059744,3.05275260762242,34.6987319725287,36.754909863493,37.4569862634311,0.0941258495188971,62,"1_ED3102_0.125",NA,NA,NA,NA,NA,"1",771.774756976905,-54.3441300664999
"20250529-CbDRC3-p002-m2x_F10_roi_0.png",20250529,"CbDRC3","p002","m2x","F10",0,679.76300884789,28.2783028179022,"","48h",10,"15hHB101","DMSO",1,"Emodepside",0.25,NA,NA,"ED3102",1,NA,NA,NA,642.730093952434,375.434239338895,573.463307169553,593.002734909292,640.846941512468,75.1836157136669,690.321732096155,747.527578813131,767.639286656383,0.116975409150876,29.2332691933786,19.8389418677233,25.8986283166965,27.5176865813768,28.8840923384843,3.21536679659639,31.4589086821102,33.892098877681,36.1608492511759,0.109989983512507,60,"1_ED3102_0.25",NA,NA,NA,NA,NA,"1",771.774756976905,-130.927815464437
"20250529-CbDRC3-p002-m2x_F11_roi_0.png",20250529,"CbDRC3","p002","m2x","F11",0,602.254609953018,27.1356207307491,"","48h",10,"15hHB101","DMSO",1,"Emodepside",0.5,NA,NA,"ED3102",1,NA,NA,NA,555.387348243035,376.643656701138,482.242399217639,516.799425600166,561.725132000146,58.9373897966009,598.398471169278,618.167382004094,677.478016820939,0.106119431749839,25.3732220105204,20.5121050167515,22.148781118957,23.3853286903776,25.5301361746883,2.38444463976968,27.1190181676861,28.5817214403997,29.6858137127437,0.0939748463471068,70,"1_ED3102_0.5",NA,NA,NA,NA,NA,"1",771.774756976905,-210.049624976759
"20250529-CbDRC3-p002-m2x_F12_roi_0.png",20250529,"CbDRC3","p002","m2x","F12",0,529.241870002705,23.2968889940566,"","48h",10,"15hHB101","DMSO",1,"Emodepside",1,NA,NA,"ED3102",1,NA,NA,NA,413.429743141393,253.871042225948,317.810053557081,356.424363720125,415.514092199105,72.669529658465,474.34345269967,498.471413292916,556.03287944585,0.175772379380097,20.4540375691451,16.5599068910113,17.4536151666901,18.7904009657598,20.9187114119442,2.18154901617173,21.9235351736069,22.9352294923216,25.1370836939878,0.106656155724608,46,"1_ED3102_1",NA,NA,NA,NA,NA,"1",771.774756976905,-356.2606647778
"20250529-CbDRC3-p003-m2x_A01_roi_0.png",20250529,"CbDRC3","p003","m2x","A01",0,754.622236330002,34.9028236532379,"","48h",10,"15hHB101","DMSO",1,"Emodepside",0,NA,NA,"ECA2666",1,NA,NA,NA,774.926597314019,582.895844960166,722.255654636913,750.885447988456,771.958629182329,48.0767366805707,812.818849902064,829.485270055994,881.777355376347,0.0620403749815918,36.0055947351315,28.5766885321624,32.9271770259633,33.6947716635121,36.3630177054091,2.73108936472159,38.3011778843915,39.4106281680733,40.7954268966198,0.0758518053878111,65,"1_ECA2666_0",NA,NA,NA,NA,NA,"1",760.798262855471,11.1603663268577
"20250529-CbDRC3-p003-m2x_A02_roi_0.png",20250529,"CbDRC3","p003","m2x","A02",0,756.891231347511,35.6513215479971,"","48h",10,"15hHB101","DMSO",1,"Emodepside",0.00097,NA,NA,"ECA2666",1,NA,NA,NA,781.407622751445,583.518718938768,729.779189376031,755.161242170042,787.192354744548,52.3943578539686,815.723351328165,847.689208930439,874.41635773126,0.0670512499858662,36.1654470907102,25.3984551062279,32.4336240418351,35.1782433852826,36.3787476756913,2.98776209412298,37.6889231890496,39.4818440675669,42.1617393067821,0.0826137192948029,58,"1_ECA2666_0.00097",NA,NA,NA,NA,NA,"1",760.798262855471,26.394091889077
"20250529-CbDRC3-p003-m2x_A03_roi_0.png",20250529,"CbDRC3","p003","m2x","A03",0,775.788487838656,36.5025979725609,"","48h",10,"15hHB101","DMSO",1,"Emodepside",0.00195,NA,NA,"ECA2666",1,NA,NA,NA,760.137418992358,196.754422205967,703.779079240547,749.963627808816,774.774533719382,86.5472910077242,798.5176800871,824.562466407536,867.417313939684,0.11385742741418,35.1935206703521,13.8540663515908,30.7706294480795,34.4298307021992,36.0501716490243,3.84118410642058,37.2324309917023,38.4016580573458,41.4539011286449,0.109144638935101,81,"1_ECA2666_0.00195",NA,"n>75",NA,NA,NA,"1",760.798262855471,13.9762708639115
"20250529-CbDRC3-p003-m2x_A04_roi_0.png",20250529,"CbDRC3","p003","m2x","A04",0,823.408349431939,37.4910160324636,"","48h",10,"15hHB101","DMSO",1,"Emodepside",0.0039,NA,NA,"ECA2666",1,NA,NA,NA,781.498544775092,670.008179007532,712.823515891288,747.631696762441,782.388446771445,45.1873931354152,815.746707275653,841.575268518278,860.80332074064,0.0578214680469043,36.0597727415478,30.6162963958864,33.1837569724156,34.5638337219329,36.2225420569706,2.09084439204587,37.3642666827342,38.2364130357896,41.6705364931899,0.0579827390214475,83,"1_ECA2666_0.0039",NA,"n>75",NA,NA,NA,"1",760.798262855471,21.5901839159744
"20250529-CbDRC3-p003-m2x_A05_roi_0.png",20250529,"CbDRC3","p003","m2x","A05",0,813.163061598268,35.9221890243042,"","48h",10,"15hHB101","DMSO",1,"Emodepside",0.0078,NA,NA,"ECA2666",1,NA,NA,NA,774.476899386774,605.758451319648,705.9547400241,751.661749705404,781.288733014524,56.2915704593413,816.45482409357,834.344948361006,857.53285346293,0.0726833434333711,35.5470276824415,28.7169263978849,32.0924065846682,33.6328864065224,35.8038490432902,2.55264633118082,37.7454673768019,38.6259493953488,39.9519566837123,0.0718104015330007,65,"1_ECA2666_0.0078",NA,NA,NA,NA,NA,"1",760.798262855471,20.4904701590532
"20250529-CbDRC3-p003-m2x_A06_roi_0.png",20250529,"CbDRC3","p003","m2x","A06",0,743.660078174954,32.0191328810687,"","48h",10,"15hHB101","DMSO",1,"Emodepside",0.0156,NA,NA,"ECA2666",1,NA,NA,NA,776.441552671685,622.043914414886,713.508498446411,744.866273797716,778.005135187916,48.6419105737378,818.59990446437,834.291673439127,864.725980706486,0.0626472274781845,35.9503770318504,27.0542140373191,32.6970458888844,34.3119901860158,36.2629125261116,2.47498893689907,37.7111792631812,38.9527768546141,40.0214817494456,0.0688445891598396,64,"1_ECA2666_0.0156",NA,NA,NA,NA,NA,"1",760.798262855471,17.206872332445
"20250529-CbDRC3-p003-m2x_A07_roi_0.png",20250529,"CbDRC3","p003","m2x","A07",0,757.90784741597,31.7936783082368,"","48h",10,"15hHB101","DMSO",1,"Emodepside",0.0312,NA,NA,"ECA2666",1,NA,NA,NA,760.045554245024,391.326380085965,717.742322862629,745.335768235069,770.768860839016,60.5324392560699,790.203350621832,808.589809390096,839.511690102882,0.0796431725940408,35.02380372494,22.2037647286245,31.3552003359543,33.9579814673789,35.3452776448285,2.8292351029713,36.9768081367946,37.9910124482941,39.4020335075686,0.0807803494215176,75,"1_ECA2666_0.0312",NA,NA,NA,NA,NA,"1",760.798262855471,9.97059798354542
"20250529-CbDRC3-p003-m2x_A08_roi_0.png",20250529,"CbDRC3","p003","m2x","A08",0,767.021734011004,35.2115651808919,"","48h",10,"15hHB101","DMSO",1,"Emodepside",0.0625,NA,NA,"ECA2666",1,NA,NA,NA,728.776517766357,605.339712847972,682.449086835882,708.010930094088,731.828760348089,44.1151878137157,763.924326604161,775.651618357311,811.487676922573,0.0605332179869425,33.0454691319518,26.1079584948728,30.0575403025793,31.3987537401674,32.998360335902,2.73502330318469,34.5939812298007,36.9254652630249,38.9232837590443,0.0827654554475725,73,"1_ECA2666_0.0625",NA,NA,NA,"outlier","outlier","1",760.798262855471,-28.9695025073822
"20250529-CbDRC3-p003-m2x_A09_roi_0.png",20250529,"CbDRC3","p003","m2x","A09",0,620.315582271278,25.4729780893683,"","48h",10,"15hHB101","DMSO",1,"Emodepside",0.125,NA,NA,"ECA2666",1,NA,NA,NA,576.84299735231,292.937785678842,477.277673108557,545.658150784574,578.521198365113,75.6793040567714,617.929222860551,661.694192332628,756.552207872813,0.131195670926295,25.3874095870563,19.8457159077922,22.4275087276896,23.6680859210364,25.3801389808063,2.70823788461225,27.3405721346235,28.3783718043245,33.203232306188,0.106676416722447,67,"1_ECA2666_0.125",NA,NA,NA,NA,NA,"1",760.798262855471,-182.277064490358
"20250529-CbDRC3-p003-m2x_A10_roi_0.png",20250529,"CbDRC3","p003","m2x","A10",0,468.421648751587,20.6713936639395,"","48h",10,"15hHB101","DMSO",1,"Emodepside",0.25,NA,NA,"ECA2666",1,NA,NA,NA,407.714179285469,266.199194875639,318.617653651909,359.658790540575,418.413007169539,62.7735097495616,452.613062640694,477.780497489801,533.534571168164,0.153964499982743,19.5587604751937,13.9962598527905,16.3004360618026,17.9212835415917,19.6918352350515,2.7501894079375,21.201945439677,22.0363387540164,33.6767739708855,0.140611641081527,70,"1_ECA2666_0.25",NA,NA,NA,NA,NA,"1",760.798262855471,-342.385255685932
"20250529-CbDRC3-p003-m2x_A11_roi_0.png",20250529,"CbDRC3","p003","m2x","A11",0,301.558688419813,14.0816346403866,"","48h",10,"15hHB101","DMSO",1,"Emodepside",0.5,NA,NA,"ECA2666",1,NA,NA,NA,266.765528460626,168.077524986318,228.018121795417,251.679804967712,268.524103382973,31.26303738582,289.126857142492,301.226377727549,325.413543140436,0.117192943054614,15.7735963300348,12.4072436545667,14.4368802237363,15.0141014908144,15.3623241904218,1.85592638614934,15.9669253749513,17.0025167450159,24.1311338581276,0.117660319645396,61,"1_ECA2666_0.5",NA,NA,NA,NA,NA,"1",760.798262855471,-492.274159472498
"20250529-CbDRC3-p003-m2x_A12_roi_0.png",20250529,"CbDRC3","p003","m2x","A12",0,268.892097787881,15.2547019391833,"","48h",10,"15hHB101","DMSO",1,"Emodepside",1,NA,NA,"ECA2666",1,NA,NA,NA,259.55573401018,209.249986271599,236.165636748122,246.791785400282,260.40930896037,19.2461791248837,272.552062445619,284.264001301199,299.58024899986,0.0741504679073235,15.0550036892083,13.3968723111714,14.1679650249499,14.4740580111615,15.0941161297933,0.809265330274617,15.3650773054771,16.0306213118319,17.0919211985158,0.0537539111235632,49,"1_ECA2666_1",NA,NA,NA,NA,NA,"1",760.798262855471,-500.388953895101
"20250529-CbDRC3-p003-m2x_B01_roi_0.png",20250529,"CbDRC3","p003","m2x","B01",0,827.849874237761,39.3295010838268,"","48h",10,"15hHB101","DMSO",1,"Emodepside",0,NA,NA,"JU3237",1,NA,NA,NA,832.685328519515,634.483357813958,785.216029306067,818.330180136663,833.710323748888,76.5993790638296,846.58216245573,860.038634276674,1365.23469857085,0.0919907874443045,38.4952715645842,31.5400111215554,36.0014928440557,37.3830460632438,38.6342447855871,2.2172240725151,39.766303766685,40.8484729684887,45.2911300762009,0.0575973095499594,74,"1_JU3237_0",NA,NA,NA,NA,NA,"1",829.343414006611,4.36690974227713
"20250529-CbDRC3-p003-m2x_B02_roi_0.png",20250529,"CbDRC3","p003","m2x","B02",0,842.981670285687,38.1853683218026,"","48h",10,"15hHB101","DMSO",1,"Emodepside",0.00097,NA,NA,"JU3237",1,NA,NA,NA,827.74823810507,287.638755876063,788.90445956473,815.150089823753,841.526276431517,76.799892142218,862.093527041076,872.627113188814,890.248079339825,0.0927817041544332,38.4994696263716,16.4454538208413,36.7767874948227,37.5164987645545,38.7905373163669,3.63472686776525,40.3855024617516,41.5217598655293,43.8810073571289,0.0944097906552851,66,"1_JU3237_0.00097",NA,NA,NA,NA,NA,"1",829.343414006611,12.182862424906
"20250529-CbDRC3-p003-m2x_B03_roi_0.png",20250529,"CbDRC3","p003","m2x","B03",0,861.290299239754,35.94488834184,"","48h",10,"15hHB101","DMSO",1,"Emodepside",0.00195,NA,NA,"JU3237",1,NA,NA,NA,846.299279049084,705.73984061796,803.715777150466,827.23983380302,848.714530738255,39.2402652118516,865.10925799553,883.506552766347,969.61318768192,0.0463668895664695,38.542281051405,31.163547110606,36.6918377386266,37.4642119455874,38.4509753061294,1.80704119343513,39.70950104806,40.5304095380376,43.985979684598,0.0468846457485228,83,"1_JU3237_0.00195",NA,"n>75",NA,NA,NA,"1",829.343414006611,19.3711167316446
"20250529-CbDRC3-p003-m2x_B04_roi_0.png",20250529,"CbDRC3","p003","m2x","B04",0,910.013113848546,40.7849402241247,"","48h",10,"15hHB101","DMSO",1,"Emodepside",0.0039,NA,NA,"JU3237",1,NA,NA,NA,827.20116379616,137.127522592969,794.666888522446,818.915179630029,841.48352889869,87.3236658451385,856.391135659477,863.16339449114,910.013113848546,0.105565211543461,38.1677432838145,13.6006272163274,36.4768124520255,37.4303070982417,38.5580440382332,3.39809662832003,39.768982226389,40.6012744680774,41.926205100116,0.0890305880295792,72,"1_JU3237_0.0039",NA,NA,NA,NA,NA,"1",829.343414006611,12.1401148920793
"20250529-CbDRC3-p003-m2x_B05_roi_0.png",20250529,"CbDRC3","p003","m2x","B05",0,863.215518897747,37.0273246483773,"","48h",10,"15hHB101","DMSO",1,"Emodepside",0.0078,NA,NA,"JU3237",1,NA,NA,NA,816.982177160091,164.367541700596,780.017185289321,813.704114065206,835.821776932302,91.4920534091542,849.661790817789,863.345512004636,898.88466186031,0.111987820502021,37.2507677390302,13.636860552102,36.0554966631701,36.7381538670818,37.6278617503196,3.28074168239666,38.6221806647382,39.3277238379492,40.8037564625374,0.0880717870133773,78,"1_JU3237_0.0078",NA,"n>75",NA,NA,NA,"1",829.343414006611,6.47836292569104
"20250529-CbDRC3-p003-m2x_B06_roi_0.png",20250529,"CbDRC3","p003","m2x","B06",0,852.953263803106,35.9024960530744,"","48h",10,"15hHB101","DMSO",1,"Emodepside",0.0156,NA,NA,"JU3237",1,NA,NA,NA,814.831180683463,266.922292463681,789.784451953067,812.167617420408,827.011089982205,76.365313630882,842.568656657808,856.783454504477,869.631103435781,0.0937191843429806,36.6244272042669,15.4083753358174,34.8207687133715,36.0536722739051,37.0866013252166,3.17635570817585,37.8748486940141,38.9054724060268,39.9022826165729,0.0867277920951565,68,"1_JU3237_0.0156",NA,NA,NA,NA,NA,"1",829.343414006611,-2.33232402440569
"20250529-CbDRC3-p003-m2x_B07_roi_0.png",20250529,"CbDRC3","p003","m2x","B07",0,758.406726848938,35.1769218715199,"","48h",10,"15hHB101","DMSO",1,"Emodepside",0.0312,NA,NA,"JU3237",1,NA,NA,NA,789.994116715698,268.581711662388,753.353535320727,773.748741585706,802.84743362365,76.415698551416,823.416861196695,844.085087077648,885.006474680216,0.096729452706692,35.2291252721911,17.7324885347426,33.3944567236481,34.5600274297339,35.5261117061165,2.79413275406978,36.6174081648021,37.2689125771868,40.1170934780819,0.0793131459405093,68,"1_JU3237_0.0312",NA,NA,NA,NA,NA,"1",829.343414006611,-26.4959803829613
"20250529-CbDRC3-p003-m2x_B08_roi_0.png",20250529,"CbDRC3","p003","m2x","B08",0,581.141660380242,27.5264568726457,"","48h",10,"15hHB101","DMSO",1,"Emodepside",0.0625,NA,NA,"JU3237",1,NA,NA,NA,716.745444984167,309.139809803877,635.096001562196,702.492582143297,741.025616384177,82.9362113279954,762.211821441883,781.362010205566,826.164611680307,0.115712226576937,30.9140947363116,17.8207538554626,26.6301258948693,28.6485555554194,31.4661912193681,3.61233418610829,33.5657844002288,35.1141760130628,36.8187550133818,0.11685071864211,70,"1_JU3237_0.0625",NA,NA,NA,NA,NA,"1",829.343414006611,-88.3177976224334
"20250529-CbDRC3-p003-m2x_B09_roi_0.png",20250529,"CbDRC3","p003","m2x","B09",0,402.992638608156,18.7978142166748,"","48h",10,"15hHB101","DMSO",1,"Emodepside",0.125,NA,NA,"JU3237",1,NA,NA,NA,327.191011619693,202.285361797557,267.666489810237,292.327879902149,326.133827761777,50.1586738643106,364.074892478891,388.981335245235,435.335639839004,0.153300891781868,17.9542265903954,14.4739756196645,15.8041103432822,16.8887564894998,17.8398355497309,1.76085337481576,18.8188541825151,20.0041849762572,23.7951559764962,0.0980745879501005,68,"1_JU3237_0.125",NA,NA,NA,NA,NA,"1",829.343414006611,-503.209586244834
"20250529-CbDRC3-p003-m2x_B10_roi_0.png",20250529,"CbDRC3","p003","m2x","B10",0,262.459757215951,14.227001741903,"","48h",10,"15hHB101","DMSO",1,"Emodepside",0.25,NA,NA,"JU3237",1,NA,NA,NA,252.66661698031,146.467033906114,228.647789309907,241.894665119143,253.610914758964,28.1668288936315,267.996507247847,275.704677815093,327.437517080887,0.11147823654055,15.1002070182075,11.8313852546455,14.3657635314274,14.5572886835788,15.1715867800764,0.928285824289567,15.6278003762922,16.064583610199,17.2952842043925,0.0614750395918586,56,"1_JU3237_0.25",NA,NA,NA,NA,NA,"1",829.343414006611,-575.732499247647
"20250529-CbDRC3-p003-m2x_B11_roi_0.png",20250529,"CbDRC3","p003","m2x","B11",0,255.042688690176,15.7001077578225,"","48h",10,"15hHB101","DMSO",1,"Emodepside",0.5,NA,NA,"JU3237",1,NA,NA,NA,260.404612754081,165.738704605931,220.675013796479,245.426980007924,264.597486461731,33.5041178762651,280.804983029397,296.497869265404,324.917163378192,0.128661768015244,15.3594218473164,12.9120465114983,14.4495504248536,14.8130009256153,15.4398115569507,0.864062043974782,15.8148291136903,16.1938795566217,17.5110928757324,0.056256156811381,55,"1_JU3237_0.5",NA,NA,NA,NA,NA,"1",829.343414006611,-564.74592754488
"20250529-CbDRC3-p003-m2x_B12_roi_0.png",20250529,"CbDRC3","p003","m2x","B12",0,289.592732020818,16.0601300262408,"","48h",10,"15hHB101","DMSO",1,"Emodepside",1,NA,NA,"JU3237",1,NA,NA,NA,252.040595429225,141.415629524125,228.808398446905,238.78490921157,245.169735718286,28.8080121767407,269.26223633,288.671454010768,330.294946065061,0.114299095856684,15.3973469560799,13.2856194071989,14.1260985452307,14.721296487919,15.270017602743,1.20649644171902,15.7831669788764,16.5669781519825,19.6999232706748,0.0783574238575311,47,"1_JU3237_1",NA,NA,NA,NA,NA,"1",829.343414006611,-584.173678288325
"20250529-CbDRC3-p003-m2x_C01_roi_0.png",20250529,"CbDRC3","p003","m2x","C01",0,805.154330916586,36.6040910219985,"","48h",10,"15hHB101","DMSO",1,"Emodepside",0,NA,NA,"VX34",1,NA,NA,NA,796.48785285696,606.344748526098,752.050450248403,772.495369023945,800.323445427643,44.7816681990643,821.675973275751,842.451395266764,881.01471592282,0.05622391859265,38.6058314672614,27.2887652156292,35.9196094846166,36.9578322276802,38.9279813108705,2.86325027555437,40.673464303152,41.7131510034207,44.6190604329872,0.0741662636636248,52,"1_VX34_0",NA,NA,NA,NA,NA,"1",793.175483631588,7.1479617960548
"20250529-CbDRC3-p003-m2x_C03_roi_0.png",20250529,"CbDRC3","p003","m2x","C03",0,802.027641012969,39.0967766769155,"","48h",10,"15hHB101","DMSO",1,"Emodepside",0.00195,NA,NA,"VX34",1,NA,NA,NA,781.625185236713,255.483897199438,715.453597129001,772.74409763124,799.133515314327,106.668154688429,824.992604346285,853.233723202444,976.167525993754,0.136469700187725,38.4673482574166,17.2695383391079,36.0191395749653,38.0538690595785,39.1082470484588,4.46415813261512,40.5052488845519,41.9828109739589,44.6579059783677,0.116050581463057,64,"1_VX34_0.00195",NA,NA,NA,NA,NA,"1",793.175483631588,5.95803168273835
"20250529-CbDRC3-p003-m2x_C04_roi_0.png",20250529,"CbDRC3","p003","m2x","C04",0,811.219081323842,36.3191138072168,"","48h",10,"15hHB101","DMSO",1,"Emodepside",0.0039,NA,NA,"VX34",1,NA,NA,NA,814.667012808548,681.401769201726,753.545662424786,780.55859691999,810.622997926759,60.6475329799838,830.51167955791,876.009646451502,1036.7298225717,0.0744445669536841,38.9804934683537,32.8428642273838,36.242820056578,37.6226006456552,39.1279973383307,2.45349828866232,40.4760622928097,41.1609307979763,46.4796509016813,0.0629416939181181,50,"1_VX34_0.0039",NA,NA,NA,NA,NA,"1",793.175483631588,17.4475142951708
"20250529-CbDRC3-p003-m2x_C05_roi_0.png",20250529,"CbDRC3","p003","m2x","C05",0,831.897196245181,39.6190541477943,"","48h",10,"15hHB101","DMSO",1,"Emodepside",0.0078,NA,NA,"VX34",1,NA,NA,NA,777.258554934187,247.57293676424,757.067468751822,775.6695018549,792.599540046157,108.922851557914,812.252608696387,836.163480414592,931.91922068572,0.140137218003521,37.6359904708347,20.5806903721521,35.4921014569031,36.4761332483593,38.4651962648635,4.12386928732952,39.8226771663432,41.1047752080501,42.3568331182654,0.109572492599211,48,"1_VX34_0.0078",NA,NA,NA,NA,NA,"1",793.175483631588,-0.575943585431673
"20250529-CbDRC3-p003-m2x_C06_roi_0.png",20250529,"CbDRC3","p003","m2x","C06",0,775.651795109826,34.384367301139,"","48h",10,"15hHB101","DMSO",1,"Emodepside",0.0156,NA,NA,"VX34",1,NA,NA,NA,792.419609923813,723.535406114464,757.988711501476,777.24999339981,795.256878433828,29.9846480525326,806.578940384831,826.558494449961,878.192662973757,0.0378393564180163,37.9324886108862,32.6034186894407,35.5139803384743,36.828443812698,37.9288120608482,2.11069507990298,39.1705100388063,40.2692403657963,43.8674293674341,0.0556434644073744,68,"1_VX34_0.0156",NA,NA,NA,"outlier","outlier","1",793.175483631588,2.08139480223974
"20250529-CbDRC3-p003-m2x_C07_roi_0.png",20250529,"CbDRC3","p003","m2x","C07",0,788.526843865153,35.9092514427605,"","48h",10,"15hHB101","DMSO",1,"Emodepside",0.0312,NA,NA,"VX34",1,NA,NA,NA,766.035721504003,480.104750910089,731.049807433064,749.585920356013,771.10692683538,54.7759159851802,790.44479971473,812.370096231246,871.303402976823,0.0715056941178087,36.483188747231,21.5223782415007,33.9997312062817,35.5349651196361,36.7847913639304,2.79639718653508,37.8979889574527,38.8187869312763,43.0004541956775,0.0766489246844499,66,"1_VX34_0.0312",NA,NA,NA,"outlier","outlier","1",793.175483631588,-22.0685567962084
"20250529-CbDRC3-p003-m2x_C08_roi_0.png",20250529,"CbDRC3","p003","m2x","C08",0,721.175513844004,34.7039058340259,"","48h",10,"15hHB101","DMSO",1,"Emodepside",0.0625,NA,NA,"VX34",1,NA,NA,NA,740.771062690686,402.066526443701,708.522426612207,723.789965765438,743.39559748646,62.9176268368772,769.076431229882,793.197173167443,890.887934084442,0.0849353194337031,34.2078196292755,22.1272748237171,31.0061607704182,33.3420508891005,34.8900081957089,2.93654509043681,35.5313299574849,37.3003714771239,39.1660341104798,0.0858442637461662,72,"1_VX34_0.0625",NA,NA,NA,"outlier","outlier","1",793.175483631588,-49.7798861451282
"20250529-CbDRC3-p003-m2x_C09_roi_0.png",20250529,"CbDRC3","p003","m2x","C09",0,494.963853230882,21.7995859420907,"","48h",10,"15hHB101","DMSO",1,"Emodepside",0.125,NA,NA,"VX34",1,NA,NA,NA,532.418789865421,414.257687965329,440.754526317946,485.774896381663,537.382306273308,66.3223255846978,576.900923074688,601.717379166396,682.692832280306,0.124567965757674,24.3243752854773,17.3231725233988,20.6373531957872,22.2658337092467,25.082871260261,3.11004471484684,26.5673125439742,28.1421799633819,30.846368981184,0.127857125963011,49,"1_VX34_0.125",NA,NA,NA,NA,NA,"1",793.175483631588,-255.79317735828
"20250529-CbDRC3-p003-m2x_C10_roi_0.png",20250529,"CbDRC3","p003","m2x","C10",0,377.903440370859,18.7354093402202,"","48h",10,"15hHB101","DMSO",1,"Emodepside",0.25,NA,NA,"VX34",1,NA,NA,NA,349.127929648936,260.82825764512,278.367942636745,307.261964987773,351.648652109909,50.6327676062725,382.313312216916,406.361339563575,449.801001726618,0.145026402376877,18.3963015744189,15.5170615795028,16.4530896000455,17.420767056209,18.3865233652931,1.42765602126657,19.3894589914031,20.126418486721,22.7521919899277,0.0776055999892828,48,"1_VX34_0.25",NA,NA,NA,NA,NA,"1",793.175483631588,-441.526831521679
"20250529-CbDRC3-p003-m2x_C11_roi_0.png",20250529,"CbDRC3","p003","m2x","C11",0,304.006050552824,14.7924624318791,"","48h",10,"15hHB101","DMSO",1,"Emodepside",0.5,NA,NA,"VX34",1,NA,NA,NA,278.277544524514,168.289362020313,258.995652076503,268.668788018319,279.836784199574,32.9266306433161,299.71811294588,309.626287782292,339.386475113282,0.118322988294212,16.1810423577216,13.5159333949753,14.6227274028952,15.766881376289,16.3506149982104,1.02901035639599,16.7438623410431,17.325935130644,18.0322960783632,0.0635935765846969,41,"1_VX34_0.5",NA,NA,NA,NA,NA,"1",793.175483631588,-513.338699432014
"20250529-CbDRC3-p003-m2x_C12_roi_0.png",20250529,"CbDRC3","p003","m2x","C12",0,255.234162174546,14.6973455735744,"","48h",10,"15hHB101","DMSO",1,"Emodepside",1,NA,NA,"VX34",1,NA,NA,NA,250.097393592056,191.566358850307,227.068856681778,240.672057385461,248.891106425706,22.0756092640588,262.970926406451,279.266102130685,292.276760317851,0.0882680500863885,15.5436989273413,12.7657814194476,14.3396764312131,15.1229971000528,15.5149712798693,1.20410128311437,15.8974106975148,17.0632331963786,19.1185604950552,0.0774655562194637,36,"1_VX34_1",NA,NA,NA,NA,NA,"1",793.175483631588,-544.284377205882
"20250529-CbDRC3-p003-m2x_D02_roi_0.png",20250529,"CbDRC3","p003","m2x","D02",0,814.630839201229,37.8251252021298,"","48h",10,"15hHB101","DMSO",1,"Emodepside",0.00097,NA,NA,"NIC1667",1,NA,NA,NA,768.659722114166,668.216320602111,732.242181292166,748.911982939435,763.589203110968,32.5257003361421,794.119181874674,812.559512617723,831.799809997481,0.0423148233221867,37.3094144028533,29.6816992327137,34.0999326348052,36.3289726087997,37.5408199228625,2.40111242274625,39.0497104812676,39.8272363020657,41.383329925681,0.0643567437649896,64,"1_NIC1667_0.00097",NA,NA,NA,NA,NA,"1",753.663548623609,9.92565448735934
"20250529-CbDRC3-p003-m2x_D03_roi_0.png",20250529,"CbDRC3","p003","m2x","D03",0,798.276112786146,39.3277364994261,"","48h",10,"15hHB101","DMSO",1,"Emodepside",0.00195,NA,NA,"NIC1667",1,NA,NA,NA,771.441647248153,687.272582713604,734.59328593227,751.796883800252,774.646403287866,32.5584996273757,792.06422906846,811.053822914832,838.813200822373,0.0422047471037074,36.716996213837,29.9324946909465,33.8463832834732,35.208231437939,37.138413601247,2.2702292458884,38.2904175150623,39.2905205328628,41.2087135205323,0.0618304730775567,57,"1_NIC1667_0.00195",NA,NA,NA,NA,NA,"1",753.663548623609,20.982854664257
"20250529-CbDRC3-p003-m2x_D04_roi_0.png",20250529,"CbDRC3","p003","m2x","D04",0,773.839656775961,35.5172306261485,"","48h",10,"15hHB101","DMSO",1,"Emodepside",0.0039,NA,NA,"NIC1667",1,NA,NA,NA,777.44926868232,684.281516818664,718.678140835037,750.460867871506,774.633711112597,65.9222401807162,798.265817338543,816.844990327103,1193.97559599918,0.0847929798589254,36.8307014137831,28.8448011071204,33.8052877798598,35.0960567304083,37.320151270155,2.3935755723353,38.6624591112251,39.3223893946844,41.0566266205999,0.0649885959391356,59,"1_NIC1667_0.0039",NA,NA,NA,NA,NA,"1",753.663548623609,20.9701624889886
"20250529-CbDRC3-p003-m2x_D06_roi_0.png",20250529,"CbDRC3","p003","m2x","D06",0,784.55764565679,34.1128650267782,"","48h",10,"15hHB101","DMSO",1,"Emodepside",0.0156,NA,NA,"NIC1667",1,NA,NA,NA,765.846469477921,645.578888635882,724.481946567803,745.30732011893,766.906103126995,38.4743715180528,787.229747227806,808.125553964165,859.51354289524,0.0502377082762826,36.0454050924609,31.0209644464944,32.7936140952171,34.7840595367436,35.8714685465177,2.26140205448711,37.9363042887213,38.9774994295796,41.1784455943181,0.0627375957819405,67,"1_NIC1667_0.0156",NA,NA,NA,NA,NA,"1",753.663548623609,13.2425545033866
"20250529-CbDRC3-p003-m2x_D07_roi_0.png",20250529,"CbDRC3","p003","m2x","D07",0,730.656922630536,35.5674021105852,"","48h",10,"15hHB101","DMSO",1,"Emodepside",0.0312,NA,NA,"NIC1667",1,NA,NA,NA,755.155046304453,650.262975184817,726.426926265265,738.049202229501,755.632774189167,29.4962601136433,770.036800619849,787.648473174633,848.451579988292,0.0390598728803984,35.1962508764161,28.9013952234542,32.326049839506,33.8473479142475,35.2224941325018,2.2378119933731,36.7169861892722,37.7979280649691,40.2338610349343,0.0635809763156504,71,"1_NIC1667_0.0312",NA,NA,NA,NA,NA,"1",753.663548623609,1.96922556555819
"20250529-CbDRC3-p003-m2x_D08_roi_0.png",20250529,"CbDRC3","p003","m2x","D08",0,764.91201222867,34.9136816197358,"","48h",10,"15hHB101","DMSO",1,"Emodepside",0.0625,NA,NA,"NIC1667",1,NA,NA,NA,740.524461859762,616.492601835284,691.749743668486,728.525118504625,747.608985190194,41.4141189056295,762.391050298749,776.533351777091,830.994599488859,0.055925389421467,34.246739995811,28.9284896559526,31.5956202844773,32.7188701930151,34.2746854986157,2.31383717868288,35.8356699045135,37.1095241536564,38.8230690185041,0.0675637207794349,63,"1_NIC1667_0.0625",NA,NA,NA,NA,NA,"1",753.663548623609,-6.05456343341461
"20250529-CbDRC3-p003-m2x_D09_roi_0.png",20250529,"CbDRC3","p003","m2x","D09",0,758.246013100983,33.2707876673713,"","48h",10,"15hHB101","DMSO",1,"Emodepside",0.125,NA,NA,"NIC1667",1,NA,NA,NA,666.060901887375,200.863427191246,618.286018313711,654.348834895126,687.805760723281,105.152428671031,721.525693951888,735.508334048031,767.752401926054,0.157872093036938,29.8901238818662,13.4654624275081,27.6631473625205,28.4566476510904,30.1119874100372,3.98869389778423,32.1639941645384,33.4887380662987,34.5809444151952,0.133445211319586,51,"1_NIC1667_0.125",NA,NA,NA,NA,NA,"1",753.663548623609,-65.8577879003274
"20250529-CbDRC3-p003-m2x_D10_roi_0.png",20250529,"CbDRC3","p003","m2x","D10",0,593.824906428393,26.0882575556675,"","48h",10,"15hHB101","DMSO",1,"Emodepside",0.25,NA,NA,"NIC1667",1,NA,NA,NA,596.886308427568,458.558881276734,509.321428220236,574.406572027157,609.709736601131,51.7131259313024,632.50195584358,646.612781817904,673.22217023359,0.0866381506849017,26.7138559016556,22.3700046306367,24.1586611905749,25.7634848246749,26.9327780331966,1.88256313330105,28.0480126319749,29.0351166894111,30.2662031506066,0.0704714115488049,53,"1_NIC1667_0.25",NA,NA,NA,NA,NA,"1",753.663548623609,-143.953812022478
"20250529-CbDRC3-p003-m2x_D12_roi_0.png",20250529,"CbDRC3","p003","m2x","D12",0,393.272627388003,18.4699531602949,"","48h",10,"15hHB101","DMSO",1,"Emodepside",1,NA,NA,"NIC1667",1,NA,NA,NA,347.727187045881,219.123150683529,252.643691352435,302.557015340502,339.010275966622,68.553953524386,403.475410819277,440.30983137428,474.834267160911,0.197148673092796,18.2569944127251,13.9874828306888,15.102465106943,16.641221607056,18.2751541883348,2.19185284293223,19.780290336401,20.6315237191073,22.897975212078,0.120055513705175,56,"1_NIC1667_1",NA,NA,NA,NA,NA,"1",753.663548623609,-414.653272656987
"20250529-CbDRC3-p003-m2x_E01_roi_0.png",20250529,"CbDRC3","p003","m2x","E01",0,776.115117170425,38.4873959070398,"","48h",10,"15hHB101","DMSO",1,"Emodepside",0,NA,NA,"PB420",1,NA,NA,NA,756.952471409281,132.777777833872,744.314230136787,755.451795259469,766.615748375544,92.68175848272,782.903693212223,800.528216240833,864.589081575961,0.122440657747199,37.7229909020009,12.877961380917,36.0513013509596,37.1725107246211,38.1412131648884,3.87364941472214,39.5954994571116,40.2289118220551,42.3712343752515,0.102686699068622,56,"1_PB420_0",NA,NA,NA,NA,NA,"1",769.666143305705,-3.05039493016011
"20250529-CbDRC3-p003-m2x_E02_roi_0.png",20250529,"CbDRC3","p003","m2x","E02",0,759.288820592162,37.7589388154957,"","48h",10,"15hHB101","DMSO",1,"Emodepside",0.00097,NA,NA,"PB420",1,NA,NA,NA,762.514405853555,501.779155657924,738.97937694033,755.011305760936,770.309959921166,54.5723653423176,786.1005771266,798.390163453046,808.941465162629,0.0715689630561531,37.7506185393927,27.5511083539919,36.4690632238289,36.9545262248576,37.8898494213891,2.35235286603802,38.8771798821774,39.8719966589518,42.4884649250258,0.0623129621991053,55,"1_PB420_0.00097",NA,NA,NA,NA,NA,"1",769.666143305705,0.643816615461787
"20250529-CbDRC3-p003-m2x_E03_roi_0.png",20250529,"CbDRC3","p003","m2x","E03",0,821.592080677252,37.2417653058005,"","48h",10,"15hHB101","DMSO",1,"Emodepside",0.00195,NA,NA,"PB420",1,NA,NA,NA,766.891249589743,313.453718179876,745.339816388223,759.108461458891,775.427003334618,67.1118125045013,786.444690688145,801.602641468675,877.968884527833,0.0875115116261967,37.8924836337911,18.0071578493613,35.6426713509284,37.1119086968395,38.2988181596567,3.21006390312117,39.1158822046798,40.5940467931405,42.2011153348144,0.0847150567944971,58,"1_PB420_0.00195",NA,NA,NA,NA,NA,"1",769.666143305705,5.76086002891316
"20250529-CbDRC3-p003-m2x_E04_roi_0.png",20250529,"CbDRC3","p003","m2x","E04",0,774.212383325638,38.2121723698299,"","48h",10,"15hHB101","DMSO",1,"Emodepside",0.0039,NA,NA,"PB420",1,NA,NA,NA,771.010545627139,628.571236073573,744.99823897606,765.058680729286,775.548742476528,31.4975831719946,785.456600849327,798.046899732745,820.906173661487,0.0408523376893302,38.3742859261267,33.0935886043472,36.2355223332882,37.3453453452677,38.2689854538971,1.91243828249055,39.5828036249878,40.7796155210242,43.2374930660431,0.0498364526227833,63,"1_PB420_0.0039",NA,NA,NA,NA,NA,"1",769.666143305705,5.88259917082326
"20250529-CbDRC3-p003-m2x_E05_roi_0.png",20250529,"CbDRC3","p003","m2x","E05",0,796.141077694889,37.5147901401719,"","48h",10,"15hHB101","DMSO",1,"Emodepside",0.0078,NA,NA,"PB420",1,NA,NA,NA,766.673833198961,211.690290790438,753.086967735921,763.781450282813,780.831589888054,80.5833691713281,791.254943576692,799.017847548194,827.240881928466,0.105107759886747,37.6161908774729,14.7934922493151,35.6112235402616,36.87582941716,37.9930147200546,3.61583517813447,39.1788325733835,40.1128588425703,43.2264209571514,0.096124437211421,53,"1_PB420_0.0078",NA,NA,NA,NA,NA,"1",769.666143305705,11.1654465823497
"20250529-CbDRC3-p003-m2x_E06_roi_0.png",20250529,"CbDRC3","p003","m2x","E06",0,786.653431149392,37.9911931988848,"","48h",10,"15hHB101","DMSO",1,"Emodepside",0.0156,NA,NA,"PB420",1,NA,NA,NA,764.238000122188,213.259671284422,738.045109846474,763.743146622338,777.150693587743,75.4529935834071,785.743162085136,798.968285157372,831.699222932742,0.0987297066769037,37.2662657547788,13.6400485978371,35.1715295179434,36.3443141589113,37.8549499256573,3.52855807668121,38.9383304526696,39.8560370974837,40.7655358218965,0.0946850457166811,61,"1_PB420_0.0156",NA,NA,NA,NA,NA,"1",769.666143305705,7.4845502820383
"20250529-CbDRC3-p003-m2x_E07_roi_0.png",20250529,"CbDRC3","p003","m2x","E07",0,763.791910107522,37.7757413529996,"","48h",10,"15hHB101","DMSO",1,"Emodepside",0.0312,NA,NA,"PB420",1,NA,NA,NA,764.095491065308,431.760403862007,741.075918573091,763.791910107522,772.821404507763,68.0183005471641,793.84258643716,806.358580195232,826.912088163216,0.0890180629810188,36.9714602356508,26.0545096486808,35.2295047288584,36.1022722403286,37.3789007596519,2.58420314152237,38.5465457842924,39.0946914532929,40.6240446470503,0.0698972430369542,57,"1_PB420_0.0312",NA,NA,NA,NA,NA,"1",769.666143305705,3.15526120205811
"20250529-CbDRC3-p003-m2x_E08_roi_0.png",20250529,"CbDRC3","p003","m2x","E08",0,750.031772366183,35.3655880995335,"","48h",10,"15hHB101","DMSO",1,"Emodepside",0.0625,NA,NA,"PB420",1,NA,NA,NA,773.205757521683,671.826109417251,743.155718130607,754.530748281603,776.265030238368,28.3166423720605,791.439305266797,801.450108598553,830.932586680715,0.0366223894436875,36.4909563659166,30.8614243516773,33.7693821662687,35.0558541474019,36.4404491917798,2.17666911637381,37.8995198884761,39.216582202225,41.7450562691919,0.0596495497280764,57,"1_PB420_0.0625",NA,NA,NA,NA,NA,"1",769.666143305705,6.59888693266305
"20250529-CbDRC3-p003-m2x_E09_roi_0.png",20250529,"CbDRC3","p003","m2x","E09",0,821.551652426057,32.6585653584804,"","48h",10,"15hHB101","DMSO",1,"Emodepside",0.125,NA,NA,"PB420",1,NA,NA,NA,750.734124404034,256.473699409031,698.410201561293,744.672215685814,773.143562365314,84.3086731595006,787.67358281735,806.456842385972,823.153649371675,0.112301639713565,35.0941985332496,21.5220293779932,32.0217069720393,34.0116048793129,35.4469857065494,3.3632035192942,37.4371888546387,38.1176648040396,42.3725513196278,0.0958336038393288,62,"1_PB420_0.125",NA,NA,NA,NA,NA,"1",769.666143305705,3.47741905960959
"20250529-CbDRC3-p003-m2x_E10_roi_0.png",20250529,"CbDRC3","p003","m2x","E10",0,750.040315942699,33.8217094538925,"","48h",10,"15hHB101","DMSO",1,"Emodepside",0.25,NA,NA,"PB420",1,NA,NA,NA,702.615120191887,562.547675294477,598.690847200357,688.638424976849,712.259406987815,59.7450747603369,744.219263382288,764.826535355729,793.884930958277,0.0850324353168208,32.8799897550281,27.4502396814368,29.4132320533715,30.8951531146845,32.9839398696484,2.62733721882799,34.6751411835962,36.3979404530468,38.6775244015585,0.0799068746189682,59,"1_PB420_0.25",NA,NA,NA,NA,NA,"1",769.666143305705,-57.4067363178895
"20250529-CbDRC3-p003-m2x_E11_roi_0.png",20250529,"CbDRC3","p003","m2x","E11",0,703.290460440281,30.5734115284447,"","48h",10,"15hHB101","DMSO",1,"Emodepside",0.5,NA,NA,"PB420",1,NA,NA,NA,639.665552074537,281.114501915751,576.702381402388,601.320565404382,637.785234666673,77.7442302062358,690.994772799811,718.410405161589,790.740085289662,0.121538872859573,28.8470705662787,18.0145028802291,26.0008523137496,27.6208975072346,28.8128322878372,2.82189799779255,30.7988339431763,31.554486073285,35.8039464688763,0.0978226884878654,66,"1_PB420_0.5",NA,NA,NA,NA,NA,"1",769.666143305705,-131.880908639031
"20250529-CbDRC3-p003-m2x_E12_roi_0.png",20250529,"CbDRC3","p003","m2x","E12",0,615.393717787158,28.2237492718451,"","48h",10,"15hHB101","DMSO",1,"Emodepside",1,NA,NA,"PB420",1,NA,NA,NA,543.95881482117,371.74364868462,465.749310189402,499.671913163582,560.144632479094,64.9761600966679,593.954011194424,613.802747605321,691.772190700321,0.119450514131349,25.2483257533045,19.6559600861929,21.8990745111633,23.531320394923,25.2965801882496,2.45644895487258,27.4362051356196,28.4129800324832,29.6323333474455,0.0972915582155415,47,"1_PB420_1",NA,NA,NA,NA,NA,"1",769.666143305705,-209.521510826611
"20250529-CbDRC3-p003-m2x_F01_roi_0.png",20250529,"CbDRC3","p003","m2x","F01",0,789.792003936411,38.0096828516403,"","48h",10,"15hHB101","DMSO",1,"Emodepside",0,NA,NA,"ED3102",1,NA,NA,NA,785.885699587879,684.963414510561,755.766728782172,772.995050290774,789.327621068379,28.6397524068956,801.154170117342,814.394763647313,860.500502404631,0.0364426435318958,38.4325667265422,33.2393640464533,36.5263517043001,37.2860260320777,38.400955593921,1.74442375968723,39.5050530027643,40.3056230856448,43.6079062932075,0.045389207858514,57,"1_ED3102_0",NA,NA,NA,NA,NA,"1",771.774756976905,17.5528640914739
"20250529-CbDRC3-p003-m2x_F02_roi_0.png",20250529,"CbDRC3","p003","m2x","F02",0,762.345800547475,39.9388930120465,"","48h",10,"15hHB101","DMSO",1,"Emodepside",0.00097,NA,NA,"ED3102",1,NA,NA,NA,780.93830480453,580.473399665901,747.983441498289,765.664041346713,782.276360552771,35.2820882799872,801.495354522034,819.042105536094,851.08060136209,0.0451790980963834,38.7843091615835,27.062645546439,36.6915087827479,37.9693981661359,38.8707886586886,2.18262994493062,39.8279259489064,40.7772393163658,45.6529239379546,0.0562761073257056,75,"1_ED3102_0.00097",NA,NA,NA,NA,NA,"1",771.774756976905,10.5016035758663
"20250529-CbDRC3-p003-m2x_F03_roi_0.png",20250529,"CbDRC3","p003","m2x","F03",0,788.675716416171,37.5939208183187,"","48h",10,"15hHB101","DMSO",1,"Emodepside",0.00195,NA,NA,"ED3102",1,NA,NA,NA,780.808184583504,715.514157732053,755.274687164944,767.033737860573,780.363116791152,22.1545496878458,796.739966088396,810.263367446016,824.966079590827,0.0283738696971567,38.3486625396942,34.2542280765181,35.9510149426328,37.332305465581,38.1217196876664,1.79611010266099,39.4810791219936,40.8679374581696,42.8230074979454,0.0468363166721098,74,"1_ED3102_0.00195",NA,NA,NA,NA,NA,"1",771.774756976905,8.58835981424727
"20250529-CbDRC3-p003-m2x_F04_roi_0.png",20250529,"CbDRC3","p003","m2x","F04",0,770.474404296262,41.1502301623492,"","48h",10,"15hHB101","DMSO",1,"Emodepside",0.0039,NA,NA,"ED3102",1,NA,NA,NA,775.132739291208,642.091957049005,740.062761559919,759.328735326375,776.447625160427,29.7421788067697,795.35302551523,808.930752107733,830.810806142393,0.0383704329583168,38.4974380186739,33.4692796703771,35.6419575326461,37.4762650402554,38.8011936331571,2.00404836638062,39.8574960871505,40.6379622980893,43.043983121608,0.0520566684309882,82,"1_ED3102_0.0039",NA,"n>75",NA,NA,NA,"1",771.774756976905,4.67286818352204
"20250529-CbDRC3-p003-m2x_F05_roi_0.png",20250529,"CbDRC3","p003","m2x","F05",0,762.558859386962,39.019793667404,"","48h",10,"15hHB101","DMSO",1,"Emodepside",0.0078,NA,NA,"ED3102",1,NA,NA,NA,779.484671008909,485.227186289812,744.909860609883,765.844623327694,783.826594542447,44.6468709065397,798.119373473065,816.585007090939,846.282615164348,0.0572774200277113,37.4938016748656,23.5236624794073,35.2073418922616,36.4821255594093,37.5245399321296,2.67129383731365,38.7862655439013,40.1439941835065,43.0241637861362,0.0712462785310028,72,"1_ED3102_0.0078",NA,NA,NA,NA,NA,"1",771.774756976905,12.051837565542
"20250529-CbDRC3-p003-m2x_F06_roi_0.png",20250529,"CbDRC3","p003","m2x","F06",0,788.84585101458,35.2843396619318,"","48h",10,"15hHB101","DMSO",1,"Emodepside",0.0156,NA,NA,"ED3102",1,NA,NA,NA,789.64043297798,527.149395896727,753.5022085273,778.532139925289,794.242119927189,46.6010316815218,809.879013026223,830.869305189151,842.044842287924,0.0590155084964112,36.7964942612285,26.25395160011,34.7817658984811,35.8479432681377,36.7533353410548,2.41292724182145,38.234484173319,38.8232766234786,43.2553691197254,0.0655749220208701,53,"1_ED3102_0.0156",NA,NA,NA,NA,NA,"1",771.774756976905,22.4673629502844
"20250529-CbDRC3-p003-m2x_F07_roi_0.png",20250529,"CbDRC3","p003","m2x","F07",0,761.179064019401,35.3659073464482,"","48h",10,"15hHB101","DMSO",1,"Emodepside",0.0312,NA,NA,"ED3102",1,NA,NA,NA,774.549522523057,715.430981290274,735.353423788735,759.522374915035,775.867699521688,26.793470586124,794.39079620683,806.780737412186,833.71048406265,0.034592327290895,36.555926344089,31.0747964148247,33.3235803471828,35.3476460173769,36.8333232743087,2.07900771327096,38.1446295208692,38.9570968201074,40.8118819613984,0.0568719745658184,75,"1_ED3102_0.0312",NA,NA,NA,NA,NA,"1",771.774756976905,4.09294254478277
"20250529-CbDRC3-p003-m2x_F08_roi_0.png",20250529,"CbDRC3","p003","m2x","F08",0,773.404940126527,35.7152221972435,"","48h",10,"15hHB101","DMSO",1,"Emodepside",0.0625,NA,NA,"ED3102",1,NA,NA,NA,760.994732756304,502.294698795715,716.740320878904,746.224467447359,769.913401723212,43.9770940877086,783.682179909593,794.63862374567,834.520199475963,0.0577889598899386,35.6813750964699,26.5444952505839,32.5196209641566,34.5855789048138,36.0196921041705,2.80310790220784,37.5705492687415,39.0002714272623,41.1281171133443,0.0785594135492037,79,"1_ED3102_0.0625",NA,"n>75",NA,NA,NA,"1",771.774756976905,-1.86135525369298
"20250529-CbDRC3-p003-m2x_F09_roi_0.png",20250529,"CbDRC3","p003","m2x","F09",0,708.865160413841,31.0848328532652,"","48h",10,"15hHB101","DMSO",1,"Emodepside",0.125,NA,NA,"ED3102",1,NA,NA,NA,718.320730591553,578.116137996402,652.455281963429,685.966948634254,724.581014374753,51.0863989541024,756.322224501535,776.333042291772,798.813634925745,0.0711192045258552,32.6383071161017,27.0202223803512,28.2459114073612,31.0439059446578,32.6315247098422,2.78946650693438,34.5882577707095,36.1246973339396,38.1346455263645,0.0854660291359976,68,"1_ED3102_0.125",NA,NA,NA,NA,NA,"1",771.774756976905,-47.1937426021522
"20250529-CbDRC3-p003-m2x_F10_roi_0.png",20250529,"CbDRC3","p003","m2x","F10",0,674.780682218404,27.9234010581624,"","48h",10,"15hHB101","DMSO",1,"Emodepside",0.25,NA,NA,"ED3102",1,NA,NA,NA,645.823455707775,483.776887413118,572.37898010283,607.698655855771,652.358612323989,56.9424850251983,676.134363528605,713.51344918658,766.814300008026,0.0881703575829304,29.010500291086,23.098612816268,26.0655202336515,27.3058422635791,28.8331263436802,2.52129049735356,30.3531930917376,32.5105922706468,35.5666657217728,0.0869095834975404,83,"1_ED3102_0.25",NA,"n>75",NA,NA,NA,"1",771.774756976905,-119.416144652916
"20250529-CbDRC3-p003-m2x_F11_roi_0.png",20250529,"CbDRC3","p003","m2x","F11",0,573.786661701991,26.2358268251974,"","48h",10,"15hHB101","DMSO",1,"Emodepside",0.5,NA,NA,"ED3102",1,NA,NA,NA,556.910836497532,393.321507957691,474.828807543323,525.477137967128,560.334904135624,54.6682634872689,601.24575122538,618.13940837667,645.746762989733,0.0981634040937021,25.3184811879539,16.6880212527525,22.4134032639008,23.8468149369129,25.7587526647888,2.37586229624527,27.1133281316251,27.9317595918444,29.5989050288349,0.0938390529276955,64,"1_ED3102_0.5",NA,NA,NA,NA,NA,"1",771.774756976905,-211.439852841281
"20250529-CbDRC3-p003-m2x_F12_roi_0.png",20250529,"CbDRC3","p003","m2x","F12",0,452.000519272172,23.6265836744126,"","48h",10,"15hHB101","DMSO",1,"Emodepside",1,NA,NA,"ED3102",1,NA,NA,NA,429.686357816774,154.193296943665,357.368725955292,394.583579468201,432.926407692795,65.1228333906742,468.370575136996,499.367004953201,576.340184071272,0.151558996942704,20.7390037616513,14.615675950027,17.8956248230895,19.3822403798812,21.1150641931757,2.16102892835134,22.1635282080639,23.2867488818233,26.1279618451217,0.104201192747133,76,"1_ED3102_1",NA,"n>75",NA,NA,NA,"1",771.774756976905,-338.84834928411
"20250529-CbDRC3-p004-m2x_A01_roi_0.png",20250529,"CbDRC3","p004","m2x","A01",0,758.633776879744,34.9070989941007,"","48h",10,"15hHB101","DMSO",1,"Emodepside",0,NA,NA,"ECA2666",1,NA,NA,NA,739.048192761012,597.650837902573,688.018039614338,712.073912426931,742.36725459551,40.554624771794,760.48033989152,790.35913851788,833.646884042388,0.0548741275183772,34.027631081025,27.929220168335,29.960688406259,32.3780216939312,34.1089176784675,2.8499683012135,36.0266512890347,37.3056616702634,39.1635713570751,0.0837545315578179,72,"1_ECA2666_0",NA,NA,NA,NA,NA,"1",760.798262855471,-18.4310082599609
"20250529-CbDRC3-p004-m2x_A02_roi_0.png",20250529,"CbDRC3","p004","m2x","A02",0,849.720029572187,35.2737504398063,"","48h",10,"15hHB101","DMSO",1,"Emodepside",0.00097,NA,NA,"ECA2666",1,NA,NA,NA,750.823250579891,590.935796762958,704.957968162616,732.303674342319,750.911732851987,43.697706123416,776.215595517139,795.492613513553,849.720029572187,0.0581997242222674,34.046025714303,27.2026229528548,31.1303760644656,32.4099708959265,34.2212185599202,2.38702960216038,35.4176667703378,36.6323570498966,42.4564665498867,0.0701118427798628,72,"1_ECA2666_0.00097",NA,NA,NA,NA,NA,"1",760.798262855471,-9.88653000348415
"20250529-CbDRC3-p004-m2x_A03_roi_0.png",20250529,"CbDRC3","p004","m2x","A03",0,769.852922688955,34.5872609075901,"","48h",10,"15hHB101","DMSO",1,"Emodepside",0.00195,NA,NA,"ECA2666",1,NA,NA,NA,754.314266274806,627.663367173718,701.877416857502,729.945243989103,759.504014181161,43.3754899847824,773.300376411085,794.030615097198,937.46470495329,0.0575032077796871,34.4225872347932,27.1220264337365,31.4375040956575,32.9780847657844,34.4015994671465,2.56206245239987,35.9956674912304,36.9303927812378,44.5403560014551,0.0744296887077164,71,"1_ECA2666_0.00195",NA,NA,NA,NA,NA,"1",760.798262855471,-1.29424867430987
"20250529-CbDRC3-p004-m2x_A04_roi_0.png",20250529,"CbDRC3","p004","m2x","A04",0,788.828904902952,36.4424810886998,"","48h",10,"15hHB101","DMSO",1,"Emodepside",0.0039,NA,NA,"ECA2666",1,NA,NA,NA,750.561590378176,600.633766060304,703.836852993582,727.256418036148,755.354680739953,46.473431888811,783.98727398783,800.465949141872,834.32784083709,0.061918212288741,33.5657550840577,26.6165047732643,29.6224356626293,31.5062620915449,34.0352377942397,2.93726066279285,35.6950061472157,36.9900896597816,38.9020044477632,0.0875076593819255,59,"1_ECA2666_0.0039",NA,NA,NA,NA,NA,"1",760.798262855471,-5.44358211551798
"20250529-CbDRC3-p004-m2x_A05_roi_0.png",20250529,"CbDRC3","p004","m2x","A05",0,746.816979852855,32.8524045665085,"","48h",10,"15hHB101","DMSO",1,"Emodepside",0.0078,NA,NA,"ECA2666",1,NA,NA,NA,748.261123429893,618.065659480089,710.219954549291,731.27006088962,750.985910708853,38.3957267804609,764.86877571951,797.00044242968,835.676635052238,0.0513132723032059,33.5184075783656,27.2012428266795,30.7055028883143,31.828854408082,33.454970889558,2.49974498595922,35.3301465500085,36.6571434881934,38.9502519748366,0.0745782740458314,80,"1_ECA2666_0.0078",NA,"n>75",NA,NA,NA,"1",760.798262855471,-9.81235214661751
"20250529-CbDRC3-p004-m2x_A06_roi_0.png",20250529,"CbDRC3","p004","m2x","A06",0,746.123509693935,33.1218839726598,"","48h",10,"15hHB101","DMSO",1,"Emodepside",0.0156,NA,NA,"ECA2666",1,NA,NA,NA,736.470927152904,181.92232030015,685.837191808588,724.994491928798,751.068838819739,81.2728123938323,772.936675352564,788.866588620819,860.420490512702,0.110354406939079,32.9798266201064,9.77178345491063,29.3841841650394,31.8205806451067,33.3158560836759,3.60226634056081,34.8376161389416,36.1610188476616,39.4047276311089,0.109226357738481,87,"1_ECA2666_0.0156",NA,"n>75",NA,NA,NA,"1",760.798262855471,-9.72942403573234
"20250529-CbDRC3-p004-m2x_A07_roi_0.png",20250529,"CbDRC3","p004","m2x","A07",0,821.40938073814,36.6021585401921,"","48h",10,"15hHB101","DMSO",1,"Emodepside",0.0312,NA,NA,"ECA2666",1,NA,NA,NA,739.405630474146,621.483357656207,698.060137896322,719.510978732271,741.860304501895,34.7751347865096,761.915927885022,783.493827947466,821.40938073814,0.0470312009447506,32.3805219589165,26.2616874377712,29.6538396760018,31.1637313376826,32.384893963767,2.34310060410624,33.8379574512231,35.3764970221572,38.0822803512045,0.0723614216929268,81,"1_ECA2666_0.0312",NA,"n>75",NA,NA,NA,"1",760.798262855471,-18.9379583535762
"20250529-CbDRC3-p004-m2x_A08_roi_0.png",20250529,"CbDRC3","p004","m2x","A08",0,714.446901424443,32.5824243219137,"","48h",10,"15hHB101","DMSO",1,"Emodepside",0.0625,NA,NA,"ECA2666",1,NA,NA,NA,691.766121111516,161.761358023683,618.371555471668,681.191461534859,708.942335015502,82.3572855791276,735.129994019571,753.521965016164,777.399571395742,0.119053655658646,30.3861317045848,13.5391552537745,26.7711300057819,28.9251200737856,30.6871781291145,3.47195140686045,32.3960315958546,33.7390431476957,36.8523180275993,0.114261053055878,79,"1_ECA2666_0.0625",NA,"n>75",NA,NA,NA,"1",760.798262855471,-51.8559278399694
"20250529-CbDRC3-p004-m2x_A09_roi_0.png",20250529,"CbDRC3","p004","m2x","A09",0,663.101741839183,27.5545870456092,"","48h",10,"15hHB101","DMSO",1,"Emodepside",0.125,NA,NA,"ECA2666",1,NA,NA,NA,568.781212617978,269.02648556281,471.832216066992,519.28782702391,580.748035337243,79.5221989735563,617.74577094428,659.583321619441,713.58186627341,0.139811578177016,25.2289162099043,16.1854756683198,21.7458873135245,23.4723457954969,25.6534955833768,2.72296122356041,27.0621120449431,28.4781872394603,30.0712254755023,0.107930170321444,79,"1_ECA2666_0.125",NA,"n>75",NA,NA,NA,"1",760.798262855471,-180.050227518228
"20250529-CbDRC3-p004-m2x_A10_roi_0.png",20250529,"CbDRC3","p004","m2x","A10",0,554.706084512717,22.3083101024116,"","48h",10,"15hHB101","DMSO",1,"Emodepside",0.25,NA,NA,"ECA2666",1,NA,NA,NA,407.406132123227,248.47978999306,331.436121682012,365.994282175954,406.447743538343,65.3652910808563,454.373471411491,491.176039799751,554.706084512717,0.160442580331818,19.3663191552576,14.5033124766532,16.46083379535,17.4261179494,19.156906125303,2.31948974932962,21.2276893623256,22.3005843549087,25.3415346012196,0.119769261816586,63,"1_ECA2666_0.25",NA,NA,NA,NA,NA,"1",760.798262855471,-354.350519317128
"20250529-CbDRC3-p004-m2x_A11_roi_0.png",20250529,"CbDRC3","p004","m2x","A11",0,280.464388723838,17.5467762604831,"","48h",10,"15hHB101","DMSO",1,"Emodepside",0.5,NA,NA,"ECA2666",1,NA,NA,NA,271.368773597259,211.241441800038,238.056152285636,253.696098379512,269.590566087673,27.1558224384501,281.057462058143,303.146506107014,340.272070303386,0.100069813038815,15.6467493277964,13.2834024741778,13.9948341991877,15.0239701652256,15.6869388557795,1.09296697780149,16.2885541944365,17.1618902724789,17.9994961106274,0.0698526546891012,54,"1_ECA2666_0.5",NA,NA,NA,NA,NA,"1",760.798262855471,-491.207696767798
"20250529-CbDRC3-p004-m2x_A12_roi_0.png",20250529,"CbDRC3","p004","m2x","A12",0,269.807758808467,13.987322160824,"","48h",10,"15hHB101","DMSO",1,"Emodepside",1,NA,NA,"ECA2666",1,NA,NA,NA,257.736448438826,231.736321848466,239.943332162906,246.193438057085,254.02014674084,14.8629478626809,269.833202048276,278.641357131541,284.669092363852,0.0576672331473082,15.0448219308295,13.6741572772553,14.1967081356125,14.6002909330876,15.0259880249979,0.930952370991695,15.2830304922473,15.6354920017315,19.8940619355147,0.0618785902067746,43,"1_ECA2666_1",NA,NA,NA,NA,NA,"1",760.798262855471,-506.778116114631
"20250529-CbDRC3-p004-m2x_B01_roi_0.png",20250529,"CbDRC3","p004","m2x","B01",0,852.612184589687,38.5005659011188,"","48h",10,"15hHB101","DMSO",1,"Emodepside",0,NA,NA,"JU3237",1,NA,NA,NA,811.519374801437,676.0682628079,772.239019041418,793.732780067978,819.697527236749,37.6254117410285,838.692616039674,850.46953589372,862.630783770676,0.0463641570482956,38.0275695080557,29.5419108271828,35.6754345795987,37.1699719912411,38.1796344135905,2.19749136954196,39.6376006507928,40.4295045345247,41.9887497061879,0.0577867951586139,71,"1_JU3237_0",NA,NA,NA,NA,NA,"1",829.343414006611,-9.64588676986148
"20250529-CbDRC3-p004-m2x_B03_roi_0.png",20250529,"CbDRC3","p004","m2x","B03",0,831.19398353142,38.8956730582038,"","48h",10,"15hHB101","DMSO",1,"Emodepside",0.00195,NA,NA,"JU3237",1,NA,NA,NA,809.374128915038,323.467897047038,768.003256792195,811.241217683168,827.152943009374,77.9548900676736,843.483916087808,853.557485926221,870.040001121359,0.0963150257497998,37.4686990565199,19.4832807024145,35.1303724277101,37.2373178025736,38.005656518441,3.00676163228323,38.7999734491155,40.0839021545758,41.6110841423465,0.0802472919528821,70,"1_JU3237_0.00195",NA,NA,NA,NA,NA,"1",829.343414006611,-2.19047099723662
"20250529-CbDRC3-p004-m2x_B05_roi_0.png",20250529,"CbDRC3","p004","m2x","B05",0,848.17242108105,38.0838317163173,"","48h",10,"15hHB101","DMSO",1,"Emodepside",0.0078,NA,NA,"JU3237",1,NA,NA,NA,815.813941774223,632.147134183885,767.004641226357,795.76166909412,818.472927420021,42.0109588972558,839.351189673641,865.568979172207,907.59985920894,0.0514957599350298,36.2029072093216,28.401779002651,34.0654807117054,35.092585067255,36.2439853483013,2.14247716909012,37.42845569369,38.3696256077141,43.4920593689425,0.059179699483871,78,"1_JU3237_0.0078",NA,"n>75",NA,NA,NA,"1",829.343414006611,-10.8704865865898
"20250529-CbDRC3-p004-m2x_B06_roi_0.png",20250529,"CbDRC3","p004","m2x","B06",0,820.001470956035,35.2452614762581,"","48h",10,"15hHB101","DMSO",1,"Emodepside",0.0156,NA,NA,"JU3237",1,NA,NA,NA,808.175192437562,634.20928751314,768.931485739518,788.8736286758,812.541591115547,46.2772416454844,836.792941790844,856.533791171015,901.408783812228,0.0572613983682254,35.0353566982102,28.8072449324166,31.6181166085487,33.8454323341592,35.6496539418514,2.28543405762545,36.671358972915,37.3251051426631,39.0559346174508,0.0652322189070849,59,"1_JU3237_0.0156",NA,NA,NA,NA,NA,"1",829.343414006611,-16.8018228910643
"20250529-CbDRC3-p004-m2x_B07_roi_0.png",20250529,"CbDRC3","p004","m2x","B07",0,838.109030881777,34.1124155375335,"","48h",10,"15hHB101","DMSO",1,"Emodepside",0.0312,NA,NA,"JU3237",1,NA,NA,NA,783.635758794827,728.435348116102,750.045371802514,759.372457786851,782.886775596277,28.5095290342412,801.974167897047,827.423437634277,842.570751369054,0.0363810976136244,34.7626315437772,30.1790995737868,32.8817378009689,33.656649295486,34.7333496249404,1.85958569610322,35.7691873471508,37.1826587981142,39.7551278481589,0.0534938125659851,57,"1_JU3237_0.0312",NA,NA,NA,NA,NA,"1",829.343414006611,-46.4566384103339
"20250529-CbDRC3-p004-m2x_B08_roi_0.png",20250529,"CbDRC3","p004","m2x","B08",0,695.219687819168,28.3742541526976,"","48h",10,"15hHB101","DMSO",1,"Emodepside",0.0625,NA,NA,"JU3237",1,NA,NA,NA,715.149977404941,348.247986341983,616.773279909585,698.16420960818,729.113882474556,71.739936945329,756.049457434518,776.755523513023,802.86150474002,0.100314534310203,31.5583153416353,20.9008696723883,28.0757126421499,30.0553453818134,31.7475214347566,2.71411433722114,33.1477396437278,34.6739644105078,36.9739954801017,0.0860031439523763,84,"1_JU3237_0.0625",NA,"n>75",NA,NA,NA,"1",829.343414006611,-100.229531532055
"20250529-CbDRC3-p004-m2x_B09_roi_0.png",20250529,"CbDRC3","p004","m2x","B09",0,413.822885928816,19.1251644452247,"","48h",10,"15hHB101","DMSO",1,"Emodepside",0.125,NA,NA,"JU3237",1,NA,NA,NA,351.864927487617,189.236480982084,284.011904874753,315.402026320795,349.352896984618,59.7325043752761,391.86591108372,411.394167416688,516.518755628277,0.169759756397938,17.9116333808553,14.0677909414119,16.0009712088663,16.9390094254321,17.857603020737,1.687833913287,19.1619689740313,19.9065078659642,22.2607094978638,0.0942311556628345,59,"1_JU3237_0.125",NA,NA,NA,NA,NA,"1",829.343414006611,-479.990517021993
"20250529-CbDRC3-p004-m2x_B10_roi_0.png",20250529,"CbDRC3","p004","m2x","B10",0,261.212310144521,16.2606394700677,"","48h",10,"15hHB101","DMSO",1,"Emodepside",0.25,NA,NA,"JU3237",1,NA,NA,NA,255.983565825418,155.564827334707,227.803436388648,241.009938450009,260.215325552305,23.8915702700084,272.10151659601,285.193425966048,295.906935333118,0.0933324379358893,15.163635140433,13.0513707897251,13.9826263396434,14.6658003537161,15.0610313187627,0.966104346011631,15.7234573062486,16.3313730397131,18.5836553455016,0.063711922442368,67,"1_JU3237_0.25",NA,NA,NA,"outlier","outlier","1",829.343414006611,-569.128088454306
"20250529-CbDRC3-p004-m2x_B11_roi_0.png",20250529,"CbDRC3","p004","m2x","B11",0,245.213154462848,16.3487291071113,"","48h",10,"15hHB101","DMSO",1,"Emodepside",0.5,NA,NA,"JU3237",1,NA,NA,NA,262.39342263309,225.433449028696,239.054331254499,249.930819705177,261.065482241117,18.5144318805722,273.626863265518,287.554096428885,309.063098846423,0.0705598169907688,15.2818525097654,13.624695343015,13.9405832367708,14.5425408964723,15.2579736855799,0.98015636535491,15.8331605689668,16.4810531753269,18.1753606626758,0.0641385829845282,59,"1_JU3237_0.5",NA,NA,NA,NA,NA,"1",829.343414006611,-568.277931765493
"20250529-CbDRC3-p004-m2x_B12_roi_0.png",20250529,"CbDRC3","p004","m2x","B12",0,270.60565817865,15.4345986839234,"","48h",10,"15hHB101","DMSO",1,"Emodepside",1,NA,NA,"JU3237",1,NA,NA,NA,265.53618800731,235.097589863713,241.853997656657,248.814092282702,260.055683149992,24.129863475484,273.19216584179,293.833947689384,347.621490304646,0.0908722221877334,15.49086333967,13.1101576248089,14.2163280102698,14.7850682875192,15.4345986839234,1.1659203340288,16.0108377694723,16.8534572784221,18.1763281757999,0.0752650325849195,45,"1_JU3237_1",NA,NA,NA,NA,NA,"1",829.343414006611,-569.287730856619
"20250529-CbDRC3-p004-m2x_C01_roi_0.png",20250529,"CbDRC3","p004","m2x","C01",0,835.20035054088,39.921422237514,"","48h",10,"15hHB101","DMSO",1,"Emodepside",0,NA,NA,"VX34",1,NA,NA,NA,758.465820128537,375.471393366749,689.19481546802,743.609784273274,784.765668396905,91.7987991354985,810.856164140007,827.385311373233,882.74046994198,0.121032216217656,37.8446701168525,24.5247063586414,34.1886412103978,36.2387887715992,38.759622674128,4.36682042628348,40.3531153580816,42.2531960706246,45.0910373732916,0.115387990245393,51,"1_VX34_0",NA,NA,NA,NA,NA,"1",793.175483631588,-8.40981523468326
"20250529-CbDRC3-p004-m2x_C02_roi_0.png",20250529,"CbDRC3","p004","m2x","C02",0,848.872051194652,40.5904583690319,"","48h",10,"15hHB101","DMSO",1,"Emodepside",0.00097,NA,NA,"VX34",1,NA,NA,NA,793.340378224552,674.544644359378,741.478493574959,759.943783786811,798.997086368115,46.4621290477669,822.365634212548,843.6064010255,909.927994587836,0.0585651888181291,38.9138579482249,33.0594902325435,36.3118558682863,37.4439686715054,39.2209066775482,2.34961404864464,40.2168062686768,41.2580851521403,45.0056356468912,0.0603798793676745,49,"1_VX34_0.00097",NA,NA,NA,NA,NA,"1",793.175483631588,5.82160273652676
"20250529-CbDRC3-p004-m2x_C03_roi_0.png",20250529,"CbDRC3","p004","m2x","C03",0,829.309936230769,38.826771511377,"","48h",10,"15hHB101","DMSO",1,"Emodepside",0.00195,NA,NA,"VX34",1,NA,NA,NA,776.450792779486,458.827052705375,723.152017807471,741.125177493505,783.712620336779,57.6397779122632,818.760682447481,828.048425961186,846.367214112519,0.0742349398677645,37.9041774574104,24.2462671166224,34.5426458716162,36.5540179714489,38.2051088009685,3.01122318951306,39.8042192016603,40.8855806447904,44.811237008581,0.0794430427331266,65,"1_VX34_0.00195",NA,NA,NA,NA,NA,"1",793.175483631588,-9.46286329480938
"20250529-CbDRC3-p004-m2x_C04_roi_0.png",20250529,"CbDRC3","p004","m2x","C04",0,791.674530651483,37.9906064145891,"","48h",10,"15hHB101","DMSO",1,"Emodepside",0.0039,NA,NA,"VX34",1,NA,NA,NA,789.150685053105,679.144610594457,742.940828619602,765.024426739401,793.10680864021,40.3116108974576,812.812638181985,839.012675846439,899.157048921321,0.0510822732096404,37.5206874789747,29.3518489914416,34.554285157036,36.5906409324105,37.6807978992311,2.45832200567681,38.9633764526465,40.294075289965,43.4160977593634,0.0655191088130879,68,"1_VX34_0.0039",NA,NA,NA,NA,NA,"1",793.175483631588,-0.0686749913784297
"20250529-CbDRC3-p004-m2x_C05_roi_0.png",20250529,"CbDRC3","p004","m2x","C05",0,828.361915536289,37.7054946931485,"","48h",10,"15hHB101","DMSO",1,"Emodepside",0.0078,NA,NA,"VX34",1,NA,NA,NA,785.548741801879,702.884241235127,731.439377695079,763.025191814011,782.08073868952,42.0580534796422,813.765193471435,832.893499154591,926.471868875719,0.0535397121038856,36.8258880401444,29.9846720915501,34.066993537698,35.2566483489028,36.9906448104891,2.48627295242301,38.5094764553017,39.7566672922928,41.8830955694605,0.0675142701165194,64,"1_VX34_0.0078",NA,NA,NA,NA,NA,"1",793.175483631588,-11.0947449420684
"20250529-CbDRC3-p004-m2x_C06_roi_0.png",20250529,"CbDRC3","p004","m2x","C06",0,728.465052859853,33.9971444887855,"","48h",10,"15hHB101","DMSO",1,"Emodepside",0.0156,NA,NA,"VX34",1,NA,NA,NA,772.364423582724,284.450920927519,728.14131390476,764.670613651531,781.768713902048,72.2598920972549,803.378362675266,818.044237359712,857.166319505433,0.0935567329241642,36.5358445458173,18.1192873309993,33.8902474087448,35.768269341619,36.9103486935156,3.29679923757095,38.3138525381448,39.2423630434754,42.1112202167217,0.0902346525324369,70,"1_VX34_0.0156",NA,NA,NA,NA,NA,"1",793.175483631588,-11.4067697295405
"20250529-CbDRC3-p004-m2x_C07_roi_0.png",20250529,"CbDRC3","p004","m2x","C07",0,755.67490229191,34.6886604790466,"","48h",10,"15hHB101","DMSO",1,"Emodepside",0.0312,NA,NA,"VX34",1,NA,NA,NA,759.173596912666,547.295619734837,702.957000030624,741.94771998908,764.844939509704,58.5617758386286,793.78639592012,820.786609303903,851.31969496226,0.0771388468682024,34.8632759876046,23.9469281992693,32.0019593644888,33.7964287766684,35.4618099679264,2.82875722292067,36.2679875705014,37.5302331675632,40.8178050640638,0.0811385947759588,54,"1_VX34_0.0312",NA,NA,NA,NA,NA,"1",793.175483631588,-28.3305441218846
"20250529-CbDRC3-p004-m2x_C08_roi_0.png",20250529,"CbDRC3","p004","m2x","C08",0,709.255794360939,30.7864402269342,"","48h",10,"15hHB101","DMSO",1,"Emodepside",0.0625,NA,NA,"VX34",1,NA,NA,NA,712.895167269358,10.8808332115388,687.878312467214,710.315416703608,736.211214503243,110.691982076741,752.931091297441,771.759984738422,814.900152137478,0.155271051283361,33.30660693524,22.4274942950085,29.9970188423637,31.7974581442218,33.5873399670175,3.21832831551993,34.8223016766979,36.2872320806473,47.2746538267333,0.0966273244758169,58,"1_VX34_0.0625",NA,NA,NA,NA,NA,"1",793.175483631588,-56.9642691283452
"20250529-CbDRC3-p004-m2x_C09_roi_0.png",20250529,"CbDRC3","p004","m2x","C09",0,549.729928187188,24.882117161943,"","48h",10,"15hHB101","DMSO",1,"Emodepside",0.125,NA,NA,"VX34",1,NA,NA,NA,543.468301909275,275.96385406941,375.488150348213,496.871587208159,560.42434232219,105.011840965667,599.438099925745,659.08355988829,720.058299500478,0.193225328131828,24.6441368930415,15.3565367750047,20.9802892130242,22.6012017036028,24.9596460584492,3.49968722498457,26.4995528057841,29.0164045292547,32.9961389705928,0.142008918396032,48,"1_VX34_0.125",NA,NA,NA,NA,NA,"1",793.175483631588,-232.751141309398
"20250529-CbDRC3-p004-m2x_C10_roi_0.png",20250529,"CbDRC3","p004","m2x","C10",0,433.324982645983,21.0966686034132,"","48h",10,"15hHB101","DMSO",1,"Emodepside",0.25,NA,NA,"VX34",1,NA,NA,NA,365.086446759349,167.82887031006,278.919713858389,318.347990174334,385.081280798463,64.801261044517,412.221989443924,429.891663219907,478.401798527598,0.177495663341432,18.0592176998803,14.1037250662153,15.5262345216901,16.739833000118,18.2585943831809,1.83300168845111,19.3720367923147,20.1938398891714,21.3761096007257,0.101499506729091,65,"1_VX34_0.25",NA,NA,NA,NA,NA,"1",793.175483631588,-408.094202833125
"20250529-CbDRC3-p004-m2x_C11_roi_0.png",20250529,"CbDRC3","p004","m2x","C11",0,303.508462183359,15.4346329097433,"","48h",10,"15hHB101","DMSO",1,"Emodepside",0.5,NA,NA,"VX34",1,NA,NA,NA,280.854127955288,158.429218838965,257.488980582122,272.142211120197,285.131784448876,30.4899116494945,297.32421142846,313.31175349937,347.000036609593,0.108561379786266,16.2726278713768,12.2341188931428,15.1119402074386,15.7408151602902,16.3416178947219,1.22535596659462,17.0619157085914,17.6283801132883,19.5883928418409,0.0753016646284889,49,"1_VX34_0.5",NA,NA,NA,NA,NA,"1",793.175483631588,-508.043699182712
"20250529-CbDRC3-p004-m2x_C12_roi_0.png",20250529,"CbDRC3","p004","m2x","C12",0,315.579196601995,16.0338845218559,"","48h",10,"15hHB101","DMSO",1,"Emodepside",1,NA,NA,"VX34",1,NA,NA,NA,263.033621228613,108.079204367678,229.911045438973,243.349305813469,257.278921049104,59.1240459304644,274.545410587925,291.012735949005,584.860198125786,0.224777523323064,15.4519629497353,12.6875422836451,13.8240459024295,14.5430394130644,15.3735495517513,1.64264655045439,16.0649300341861,16.3994191923561,23.9887562242402,0.106306658629578,44,"1_VX34_1",NA,NA,NA,NA,NA,"1",793.175483631588,-535.896562582484
"20250529-CbDRC3-p004-m2x_D02_roi_0.png",20250529,"CbDRC3","p004","m2x","D02",0,800.447711831412,34.4187048483096,"","48h",10,"15hHB101","DMSO",1,"Emodepside",0.00097,NA,NA,"NIC1667",1,NA,NA,NA,741.538171965574,657.341076298043,695.003945869898,726.71132801711,745.601566064629,31.0895706949254,762.011611023881,775.186871446961,800.447711831412,0.0419257859814784,34.6580424751037,30.3170441672669,31.916013610551,33.3140726956026,34.6712778995117,2.22285078879715,35.6545036761546,37.2918735588413,41.1274931384701,0.0641366514105325,55,"1_NIC1667_0.00097",NA,NA,NA,NA,NA,"1",753.663548623609,-8.06198255897948
"20250529-CbDRC3-p004-m2x_D03_roi_0.png",20250529,"CbDRC3","p004","m2x","D03",0,776.827246437525,36.2341910792301,"","48h",10,"15hHB101","DMSO",1,"Emodepside",0.00195,NA,NA,"NIC1667",1,NA,NA,NA,739.774723045536,623.546241406854,675.01540793514,717.88252153693,747.321712701602,42.1525748632827,769.948409857135,786.879117817966,811.712374250658,0.0569802854168188,34.7081638857915,29.5354938016951,30.8928147983718,32.9300464715244,35.0441487736923,2.55304645157924,36.6799971391596,37.3814411287023,40.3548120987189,0.0735575197806527,57,"1_NIC1667_0.00195",NA,NA,NA,NA,NA,"1",753.663548623609,-6.34183592200691
"20250529-CbDRC3-p004-m2x_D04_roi_0.png",20250529,"CbDRC3","p004","m2x","D04",0,737.902659207064,35.8335546148654,"","48h",10,"15hHB101","DMSO",1,"Emodepside",0.0039,NA,NA,"NIC1667",1,NA,NA,NA,744.562003951208,552.023327901466,696.587839865417,730.32616854168,753.61157704653,42.4887046407259,769.61200335105,784.155062572119,816.309995382554,0.0570653678474712,34.8065467367183,28.3291400365295,31.3083389443164,33.830800708223,35.3520032583606,2.44501316347318,36.2599147230096,37.6628993690167,38.8102176073218,0.0702457839890756,65,"1_NIC1667_0.0039",NA,NA,NA,NA,NA,"1",753.663548623609,-0.0519715770782341
"20250529-CbDRC3-p004-m2x_D06_roi_0.png",20250529,"CbDRC3","p004","m2x","D06",0,764.97613372612,35.5359287583257,"","48h",10,"15hHB101","DMSO",1,"Emodepside",0.0156,NA,NA,"NIC1667",1,NA,NA,NA,752.106331386969,670.134938786914,721.370543714526,736.749107080239,746.957043689679,31.5088151876787,763.400054694644,789.779548402829,857.40808414597,0.0418940964498635,34.7282395577733,29.8712817626456,33.0176776849416,33.8692477905407,34.8995458775066,1.72428243529074,35.5359287583257,36.7978423577262,39.5799246546039,0.0496507297014654,41,"1_NIC1667_0.0156",NA,NA,NA,NA,NA,"1",753.663548623609,-6.70650493392952
"20250529-CbDRC3-p004-m2x_D07_roi_0.png",20250529,"CbDRC3","p004","m2x","D07",0,795.406843692898,33.7635665252315,"","48h",10,"15hHB101","DMSO",1,"Emodepside",0.0312,NA,NA,"NIC1667",1,NA,NA,NA,728.553222995296,236.460863949281,692.257802368947,712.121521457103,741.847408945761,77.3355252333055,757.967281227892,782.130190894276,808.590664909442,0.106149451807181,32.7472890209378,15.1615791163048,30.1422033301226,31.8612293081482,32.7324367718741,3.37022312696943,34.5207566141265,35.8684370234283,40.0750967087397,0.102916095583197,52,"1_NIC1667_0.0312",NA,NA,NA,"outlier","outlier","1",753.663548623609,-11.816139677848
"20250529-CbDRC3-p004-m2x_D08_roi_0.png",20250529,"CbDRC3","p004","m2x","D08",0,744.977789189195,33.6055875446394,"","48h",10,"15hHB101","DMSO",1,"Emodepside",0.0625,NA,NA,"NIC1667",1,NA,NA,NA,725.919937036121,573.544907175626,679.499253101511,715.525169211194,729.247072938069,38.3674382073129,749.135698237066,764.128974006051,794.361275908933,0.0528535396947002,33.2314206254575,27.8575067922971,30.0182787146946,31.3729618994056,33.3975651949541,2.48450874033802,35.1960772226671,36.2887647142587,39.2910053140951,0.0747638437832755,63,"1_NIC1667_0.0625",NA,NA,NA,NA,NA,"1",753.663548623609,-24.4164756855392
"20250529-CbDRC3-p004-m2x_D09_roi_0.png",20250529,"CbDRC3","p004","m2x","D09",0,691.953716019061,30.5086831604792,"","48h",10,"15hHB101","DMSO",1,"Emodepside",0.125,NA,NA,"NIC1667",1,NA,NA,NA,652.923281021919,224.556926175809,603.195047139917,632.42256157912,674.484118604462,99.672593747182,702.175976820141,727.888942405436,754.386202035114,0.15265590406147,29.5060037706297,13.9295571013469,26.910150521909,28.2228242788819,30.2347350026117,3.97575853096084,31.5920392000504,33.1418599796239,34.9421779119354,0.134744052833014,46,"1_NIC1667_0.125",NA,NA,NA,NA,NA,"1",753.663548623609,-79.1794300191463
"20250529-CbDRC3-p004-m2x_D10_roi_0.png",20250529,"CbDRC3","p004","m2x","D10",0,558.51105519161,23.3573022975677,"","48h",10,"15hHB101","DMSO",1,"Emodepside",0.25,NA,NA,"NIC1667",1,NA,NA,NA,575.497047371389,232.125115264889,481.038823484831,568.11477612154,592.422400600499,83.9064168207548,619.777230634384,637.067674464054,720.55910679332,0.145798170822946,25.5158146747444,13.686242000164,22.9535641898835,24.2121391822212,26.0406608208856,3.03822823569317,27.5470150261149,28.4228800715112,29.7644758857451,0.119072358630211,60,"1_NIC1667_0.25",NA,NA,NA,NA,NA,"1",753.663548623609,-161.241148023109
"20250529-CbDRC3-p004-m2x_D12_roi_0.png",20250529,"CbDRC3","p004","m2x","D12",0,445.245200977893,20.1553505248412,"","48h",10,"15hHB101","DMSO",1,"Emodepside",1,NA,NA,"NIC1667",1,NA,NA,NA,363.315262757299,236.122476199848,293.975382542376,313.470202332097,360.881686938452,65.3514511734294,406.484270530445,440.398901830224,555.932455026718,0.179875325571129,18.2659895506852,14.0234195867286,15.6243971857269,17.240384838211,17.9793522602487,1.97867075255294,19.7547623781061,20.727552424549,22.3594930670659,0.108325407011891,55,"1_NIC1667_1",NA,NA,NA,NA,NA,"1",753.663548623609,-392.781861685156
"20250529-CbDRC3-p004-m2x_E01_roi_0.png",20250529,"CbDRC3","p004","m2x","E01",0,786.2910057516,38.7101800950151,"","48h",10,"15hHB101","DMSO",1,"Emodepside",0,NA,NA,"PB420",1,NA,NA,NA,763.314867570101,535.4193420943,726.345235400417,755.8377468659,769.267328119295,40.6188687057784,786.423279898072,797.666692126176,822.023286162121,0.053213779046493,37.8871758233953,24.6994376905222,35.8768681876156,36.9017180007431,38.310937858626,2.3350844907151,39.0600328535904,40.0624509934624,41.8505459867492,0.0616325825287084,59,"1_PB420_0",NA,NA,NA,NA,NA,"1",769.666143305705,-0.398815186409706
"20250529-CbDRC3-p004-m2x_E02_roi_0.png",20250529,"CbDRC3","p004","m2x","E02",0,785.860030134652,37.7030591516278,"","48h",10,"15hHB101","DMSO",1,"Emodepside",0.00097,NA,NA,"PB420",1,NA,NA,NA,761.603707225989,565.557402243563,711.333298703535,752.919423361504,773.977053169066,46.5486897403676,790.257704897265,798.548307430926,809.686004170053,0.0611193056161888,37.2811814586662,28.0633513388447,34.4126212489464,36.6301988804805,37.731960125466,2.64713356885575,38.9014451714307,39.3904103399992,41.2870622645214,0.0710045514998132,49,"1_PB420_0.00097",NA,NA,NA,NA,NA,"1",769.666143305705,4.31090986336176
"20250529-CbDRC3-p004-m2x_E03_roi_0.png",20250529,"CbDRC3","p004","m2x","E03",0,791.977439275252,40.6277910424428,"","48h",10,"15hHB101","DMSO",1,"Emodepside",0.00195,NA,NA,"PB420",1,NA,NA,NA,765.575131409142,224.923868823629,735.535925363154,761.529124990216,783.792517058553,77.78377022682,794.809788106952,802.96108366864,820.264128765788,0.10160174623704,36.8815498848335,13.9208817624681,33.3647990341062,36.3430216008888,37.7774009301798,3.83191549574286,38.7400636180508,39.7435380091216,40.6277910424428,0.103897897667219,59,"1_PB420_0.00195",NA,NA,NA,NA,NA,"1",769.666143305705,14.1263737528481
"20250529-CbDRC3-p004-m2x_E04_roi_0.png",20250529,"CbDRC3","p004","m2x","E04",0,787.721085172633,37.0307126682044,"","48h",10,"15hHB101","DMSO",1,"Emodepside",0.0039,NA,NA,"PB420",1,NA,NA,NA,764.445853068231,338.50260093473,720.509831239578,757.433603633077,779.824497824662,66.0902514266,794.303412768856,805.881688314655,825.377549833751,0.0864551114527416,37.3131219233721,22.0503230749216,34.0375018721227,36.2942320903891,38.0807624757795,3.27059350134342,38.9627473240647,40.3762028528935,42.4087289075124,0.0876526361975301,57,"1_PB420_0.0039",NA,NA,NA,NA,NA,"1",769.666143305705,10.1583545189579
"20250529-CbDRC3-p004-m2x_E05_roi_0.png",20250529,"CbDRC3","p004","m2x","E05",0,774.147493015436,37.0465131084894,"","48h",10,"15hHB101","DMSO",1,"Emodepside",0.0078,NA,NA,"PB420",1,NA,NA,NA,769.652631133937,708.964737181885,735.140655489782,753.36116479049,773.105920975643,23.9688430816413,787.234930761117,802.36915388411,816.185026103766,0.0311424168671103,37.3412922188105,31.2108628601256,34.7224141386995,36.3966713262461,37.350223066252,2.16105225292742,38.4603895154425,40.1020773912765,42.8315489800113,0.0578729905827629,60,"1_PB420_0.0078",NA,NA,NA,NA,NA,"1",769.666143305705,3.43977766993839
"20250529-CbDRC3-p004-m2x_E06_roi_0.png",20250529,"CbDRC3","p004","m2x","E06",0,813.790766267618,38.1349604657272,"","48h",10,"15hHB101","DMSO",1,"Emodepside",0.0156,NA,NA,"PB420",1,NA,NA,NA,750.707313119737,197.833256186571,736.84388395908,754.544135252175,774.101404632693,111.434866770982,791.967722452692,806.546927710104,835.459161942472,0.14843983110793,36.1109545675816,15.2260520483781,33.7017747735412,35.6422475341601,36.8868549371745,4.59768377061784,38.0520015283578,39.3840031100634,42.9563310548226,0.127321025591092,58,"1_PB420_0.0156",NA,NA,NA,NA,NA,"1",769.666143305705,4.43526132698889
"20250529-CbDRC3-p004-m2x_E07_roi_0.png",20250529,"CbDRC3","p004","m2x","E07",0,788.330171049223,36.9790526665938,"","48h",10,"15hHB101","DMSO",1,"Emodepside",0.0312,NA,NA,"PB420",1,NA,NA,NA,768.037299606329,572.003027062171,729.334687964153,753.447203371572,776.003120946496,49.6901848068686,790.317979277225,809.857048109671,948.284076842185,0.064697619285337,36.3001441412638,28.4077947143947,34.9494113576098,35.4012881547726,36.2444086379427,1.90435379134326,37.4925682176726,38.4878007793749,39.3352119490106,0.0524613286363925,67,"1_PB420_0.0312",NA,NA,NA,NA,NA,"1",769.666143305705,6.33697764079113
"20250529-CbDRC3-p004-m2x_E08_roi_0.png",20250529,"CbDRC3","p004","m2x","E08",0,798.829530665037,37.1476248265201,"","48h",10,"15hHB101","DMSO",1,"Emodepside",0.0625,NA,NA,"PB420",1,NA,NA,NA,763.128555623858,550.594211135944,735.826613585746,747.351080946885,768.102894038038,38.6300954557344,789.463590270219,799.583107522858,815.133321897687,0.050620691849428,36.1906610522768,24.3233710243689,33.4987474860909,34.5170333357609,36.2246520376157,2.98234844301829,37.7778165265113,39.4155824719277,42.6233051790697,0.0824065755171019,60,"1_PB420_0.0625",NA,NA,NA,NA,NA,"1",769.666143305705,-1.56324926766638
"20250529-CbDRC3-p004-m2x_E09_roi_0.png",20250529,"CbDRC3","p004","m2x","E09",0,664.285241423179,31.0253098209497,"","48h",10,"15hHB101","DMSO",1,"Emodepside",0.125,NA,NA,"PB420",1,NA,NA,NA,735.717344058621,169.644839721951,663.462297317732,737.925540520313,758.764935576911,105.945160433813,785.997786861654,805.801297550881,826.350000636469,0.144002532072115,33.6689462264314,13.596919568447,30.2872858687679,32.7577249644597,34.6129324241593,4.25679253339158,35.9937373908683,37.0757273858103,38.2508867390818,0.126430821587455,57,"1_PB420_0.125",NA,NA,NA,NA,NA,"1",769.666143305705,-10.9012077287931
"20250529-CbDRC3-p004-m2x_E10_roi_0.png",20250529,"CbDRC3","p004","m2x","E10",0,750.850359343524,32.2384932960377,"","48h",10,"15hHB101","DMSO",1,"Emodepside",0.25,NA,NA,"PB420",1,NA,NA,NA,705.821290361132,332.002687327571,668.207139485124,685.300672523841,706.874485788945,60.3423274270197,738.322463846036,754.756225387059,790.835363835219,0.0854923593989998,32.0178599034299,18.6866693782068,28.8477358773912,30.5654970296441,32.0973327283722,3.05213892160581,34.2596769771182,35.1133633674982,37.8235906284863,0.0953261376872617,61,"1_PB420_0.25",NA,NA,NA,NA,NA,"1",769.666143305705,-62.7916575167596
"20250529-CbDRC3-p004-m2x_E11_roi_0.png",20250529,"CbDRC3","p004","m2x","E11",0,679.49753536849,28.1535564876184,"","48h",10,"15hHB101","DMSO",1,"Emodepside",0.5,NA,NA,"PB420",1,NA,NA,NA,635.356100414284,254.259117729626,583.843649452725,601.142653438523,637.427938880493,74.0860952185249,679.49753536849,704.831583490127,774.268246652904,0.116605625050609,29.3921029371276,16.2391870462317,26.8274412264863,27.826934772202,29.3122605585728,3.01673423900367,31.5202997817134,32.6674950525293,36.2255479033093,0.10263757736072,53,"1_PB420_0.5",NA,NA,NA,NA,NA,"1",769.666143305705,-132.238204425212
"20250529-CbDRC3-p004-m2x_E12_roi_0.png",20250529,"CbDRC3","p004","m2x","E12",0,594.566457945276,26.2964498195024,"","48h",10,"15hHB101","DMSO",1,"Emodepside",1,NA,NA,"PB420",1,NA,NA,NA,528.552333561407,176.373225563702,418.240037800934,471.671212744708,549.805775886523,92.0969365503197,590.85097198054,612.513058913056,761.789831525175,0.174243742203855,24.3696456985879,12.577693171924,20.2753798658329,22.7438722547928,24.6550513129502,3.23754592356009,26.4815070427081,28.1396172452617,30.4221572214888,0.132851579526562,54,"1_PB420_1",NA,NA,NA,NA,NA,"1",769.666143305705,-219.860367419182
"20250529-CbDRC3-p004-m2x_F01_roi_0.png",20250529,"CbDRC3","p004","m2x","F01",0,775.501628086275,36.0322073577961,"","48h",10,"15hHB101","DMSO",1,"Emodepside",0,NA,NA,"ED3102",1,NA,NA,NA,748.636714565038,562.094119919445,708.762946221188,730.422870106574,754.074020366876,38.6849468601565,769.774417981996,781.968837162559,824.850728754274,0.0516738574364906,36.6614113486999,27.0069325336356,33.3535818470636,35.8235754429888,37.0915689867784,2.58977773239771,37.8285055639014,39.221155231476,42.9337633086664,0.0706404264627294,72,"1_ED3102_0",NA,NA,NA,"outlier","outlier","1",771.774756976905,-17.7007366100288
"20250529-CbDRC3-p004-m2x_F02_roi_0.png",20250529,"CbDRC3","p004","m2x","F02",0,768.160697738404,37.6663459611751,"","48h",10,"15hHB101","DMSO",1,"Emodepside",0.00097,NA,NA,"ED3102",1,NA,NA,NA,763.810000804197,677.732992250443,725.359684647145,753.633392378451,766.122992960558,28.6555753973426,780.569561532026,797.768623865325,824.628427206893,0.0375166276523898,36.9464570307358,31.8181067074276,34.4808486953477,35.7379764263359,36.8340505260625,2.2032634435833,37.7846091728312,39.9964503320299,42.7943447867646,0.0596339573710788,79,"1_ED3102_0.00097",NA,"n>75",NA,NA,NA,"1",771.774756976905,-5.65176401634676
"20250529-CbDRC3-p004-m2x_F04_roi_0.png",20250529,"CbDRC3","p004","m2x","F04",0,770.684144301775,35.4784721424397,"","48h",10,"15hHB101","DMSO",1,"Emodepside",0.0039,NA,NA,"ED3102",1,NA,NA,NA,775.475250688407,699.535680345503,747.523095195349,762.759235924993,773.412600182406,23.6953184545563,785.42707731255,805.413528434073,827.901441324962,0.0305558667842996,37.2977711421266,32.0613349285472,35.2625515664087,36.2390745885693,37.460268062247,1.82798418828321,38.3935515056271,39.2495492093634,42.7948125092506,0.0490105476093332,60,"1_ED3102_0.0039",NA,NA,NA,NA,NA,"1",771.774756976905,1.63784320550087
"20250529-CbDRC3-p004-m2x_F05_roi_0.png",20250529,"CbDRC3","p004","m2x","F05",0,798.142065396721,35.9597915791694,"","48h",10,"15hHB101","DMSO",1,"Emodepside",0.0078,NA,NA,"ED3102",1,NA,NA,NA,770.750722442229,389.569436769455,738.183523684628,760.260558747195,776.791991368597,61.783825474438,792.598793491692,801.790860460197,994.161736550421,0.0801605806851111,35.2280837392122,24.3241096582331,32.2182495848975,33.4720554545427,35.7111851884277,2.62899606011846,36.7751173946542,38.2183429443781,40.4615570272444,0.0746278474747731,71,"1_ED3102_0.0078",NA,NA,NA,"outlier","outlier","1",771.774756976905,5.017234391692
"20250529-CbDRC3-p004-m2x_F06_roi_0.png",20250529,"CbDRC3","p004","m2x","F06",0,795.954020062382,34.8510091576826,"","48h",10,"15hHB101","DMSO",1,"Emodepside",0.0156,NA,NA,"ED3102",1,NA,NA,NA,760.289279614533,651.349712110916,717.371886727695,740.294806643888,764.558369515445,40.4741869484842,782.17867324082,795.115059474402,960.574837404394,0.0532352461539437,35.2376903825067,27.7506358785812,32.4886078518034,34.2198110766126,35.4746035494884,2.17713814897858,36.3435084281936,37.8671152402144,40.2322523814216,0.0617843600231925,71,"1_ED3102_0.0156",NA,NA,NA,"outlier","outlier","1",771.774756976905,-7.21638746146004
"20250529-CbDRC3-p004-m2x_F07_roi_0.png",20250529,"CbDRC3","p004","m2x","F07",0,757.52636558505,33.3497934582117,"","48h",10,"15hHB101","DMSO",1,"Emodepside",0.0312,NA,NA,"ED3102",1,NA,NA,NA,758.957538322631,592.757625416172,726.472988339877,742.041804117144,760.636530999064,32.7404926061976,776.414117902389,798.872022500356,829.480431054742,0.0431387672603625,35.1778226112496,27.1304593145555,32.6665200643815,33.2506941940873,35.1305904059291,2.55165279261655,36.9547320251383,38.55588327415,39.4435010666039,0.072535836592699,78,"1_ED3102_0.0312",NA,"n>75",NA,NA,NA,"1",771.774756976905,-11.138225977841
"20250529-CbDRC3-p004-m2x_F08_roi_0.png",20250529,"CbDRC3","p004","m2x","F08",0,762.484122415562,34.4292005041292,"","48h",10,"15hHB101","DMSO",1,"Emodepside",0.0625,NA,NA,"ED3102",1,NA,NA,NA,734.086623900243,248.143922066233,695.673169498326,722.828433666363,751.29058836836,79.1356354553643,766.474266435753,781.119988954073,811.640885380348,0.107801494917469,33.3047352753142,14.8850354650604,30.8125229776143,32.2543368886798,33.6592867021493,3.39969732802833,35.0635428688805,36.160167003708,37.678020882399,0.102078497244451,77,"1_ED3102_0.0625",NA,"n>75",NA,NA,NA,"1",771.774756976905,-20.4841686085445
"20250529-CbDRC3-p004-m2x_F09_roi_0.png",20250529,"CbDRC3","p004","m2x","F09",0,716.373900276814,30.8122495457835,"","48h",10,"15hHB101","DMSO",1,"Emodepside",0.125,NA,NA,"ED3102",1,NA,NA,NA,709.357109635446,570.919230521945,661.116558797168,678.565627158551,705.638697954354,46.0935998371406,749.107986461288,769.548152404085,800.186743803377,0.0649794006587586,32.1185155869522,26.707163727747,28.5076274192789,30.5052438416526,32.1254653934875,2.66368349517203,34.0455351746244,35.5671050283732,37.5493404881342,0.0829329577190712,75,"1_ED3102_0.125",NA,NA,NA,NA,NA,"1",771.774756976905,-66.136059022551
"20250529-CbDRC3-p004-m2x_F10_roi_0.png",20250529,"CbDRC3","p004","m2x","F10",0,733.728175198042,31.7925814041176,"","48h",10,"15hHB101","DMSO",1,"Emodepside",0.25,NA,NA,"ED3102",1,NA,NA,NA,620.753580574432,361.667787721315,538.77394156835,592.021823101716,620.068417126758,68.1691428529677,669.552450246223,703.02028732564,739.573233109011,0.109816753356276,28.211645438906,21.2380837628924,25.3379581107255,26.8246252783316,28.2661110394404,2.67285036868966,30.0017537559007,31.4925089878107,34.2609834815549,0.094742803090939,70,"1_ED3102_0.25",NA,NA,NA,NA,NA,"1",771.774756976905,-151.706339850147
"20250529-CbDRC3-p004-m2x_F11_roi_0.png",20250529,"CbDRC3","p004","m2x","F11",0,657.993457581786,26.0432610436016,"","48h",10,"15hHB101","DMSO",1,"Emodepside",0.5,NA,NA,"ED3102",1,NA,NA,NA,534.557444128116,341.662417733157,445.548779090633,494.360216975953,543.529967284078,70.5877027796383,585.603313264149,607.233886165285,686.291206139764,0.132048863139058,24.332650742535,19.2336319120265,21.1631772127814,22.23716881061,24.2553330905852,2.66845436144391,26.3807596998216,27.9249130319172,30.2956891615978,0.109665584308054,72,"1_ED3102_0.5",NA,NA,NA,NA,NA,"1",771.774756976905,-228.244789692827
"20250529-CbDRC3-p005-m2x_A01_roi_0.png",20250529,"CbDRC3","p005","m2x","A01",0,837.388712039283,36.9285302055688,"","48h",10,"15hHB101","DMSO",1,"Emodepside",0,NA,NA,"ECA2666",1,NA,NA,NA,757.789527700627,583.995072905642,708.940994533259,733.80083559715,755.052586663192,49.8336925436914,786.325086464663,824.649267233557,857.112462210418,0.0657619176856436,33.558889277576,26.3355174590926,29.7453273648367,31.5093881484352,34.0561977237049,2.91846334907994,35.7170104140774,37.2891035554368,38.355204349367,0.0869654333592636,75,"1_ECA2666_0",NA,NA,NA,NA,NA,"1",760.798262855471,-5.74567619227901
"20250529-CbDRC3-p005-m2x_A02_roi_0.png",20250529,"CbDRC3","p005","m2x","A02",0,738.177443068001,33.7719186544009,"","48h",10,"15hHB101","DMSO",1,"Emodepside",0.00097,NA,NA,"ECA2666",1,NA,NA,NA,742.133567059327,194.389769413804,673.861546577951,725.744256509045,758.075421726156,87.6720103132866,789.299511982366,807.408798487971,846.474486879591,0.118135082692302,34.8487560994922,26.8009023364913,30.7922402961306,33.0638815405536,35.1077785070439,4.20765822963342,36.6051364228769,37.7699909158051,64.8890939250486,0.120740557213023,93,"1_ECA2666_0.00097",NA,"n>75",NA,NA,NA,"1",760.798262855471,-2.72284112931447
"20250529-CbDRC3-p005-m2x_A03_roi_0.png",20250529,"CbDRC3","p005","m2x","A03",0,796.015816785563,37.2790830308307,"","48h",10,"15hHB101","DMSO",1,"Emodepside",0.00195,NA,NA,"ECA2666",1,NA,NA,NA,765.195046167195,612.791751399174,723.380410367452,746.737440346615,763.905484335141,39.4574123952571,790.838990465092,810.344314654373,851.65853461193,0.0515651696817646,35.4792387488689,28.4517617966996,31.9662101644808,34.1246802385129,35.8307317498737,2.47503418682337,36.9363224652051,38.5116056861392,39.836188194649,0.0697600702298688,84,"1_ECA2666_0.00195",NA,"n>75",NA,NA,NA,"1",760.798262855471,3.10722147967044
"20250529-CbDRC3-p005-m2x_A04_roi_0.png",20250529,"CbDRC3","p005","m2x","A04",0,764.168208227909,33.7733696065771,"","48h",10,"15hHB101","DMSO",1,"Emodepside",0.0039,NA,NA,"ECA2666",1,NA,NA,NA,757.376285931503,601.089129297688,721.550173305402,731.434397945183,762.232808704826,45.0462501441728,782.549195650801,807.21711731214,849.843085398995,0.0594767105610787,34.6549370501679,28.3314842087428,31.9202084462117,33.2598545577981,34.6863038005162,2.37764764352902,36.4220716545422,37.2700148888981,39.0804181934939,0.0686092039378703,58,"1_ECA2666_0.0039",NA,NA,NA,NA,NA,"1",760.798262855471,1.43454584935512
"20250529-CbDRC3-p005-m2x_A05_roi_0.png",20250529,"CbDRC3","p005","m2x","A05",0,762.249171816535,36.3734380193777,"","48h",10,"15hHB101","DMSO",1,"Emodepside",0.0078,NA,NA,"ECA2666",1,NA,NA,NA,766.229688856921,686.68732663169,721.387467119064,741.089573173314,764.592110985387,34.8440134220605,792.194406660485,811.533916994041,845.815587903801,0.0454746323834587,34.9116044455913,29.2397557775108,31.5835366493541,33.3024379141729,34.5685819421857,2.45978188602765,36.4101300195761,38.3679698141181,39.8452802483389,0.0704574288432133,88,"1_ECA2666_0.0078",NA,"n>75",NA,NA,NA,"1",760.798262855471,3.79384812991577
"20250529-CbDRC3-p005-m2x_A06_roi_0.png",20250529,"CbDRC3","p005","m2x","A06",0,810.913954656631,36.7472231618465,"","48h",10,"15hHB101","DMSO",1,"Emodepside",0.0156,NA,NA,"ECA2666",1,NA,NA,NA,759.169105991172,236.208647669058,707.582875720304,737.820122100347,762.983460689039,89.02841851799,791.679292869167,811.075882509503,1109.89430527504,0.117270866023657,34.6324528263501,12.2923410949793,30.796775744061,33.1974797291567,34.917956106534,4.30524045004551,36.6598685658329,37.6716926733728,51.6319498291117,0.124312316878979,64,"1_ECA2666_0.0156",NA,NA,NA,NA,NA,"1",760.798262855471,2.18519783356771
"20250529-CbDRC3-p005-m2x_A07_roi_0.png",20250529,"CbDRC3","p005","m2x","A07",0,808.771743919208,36.5683749760176,"","48h",10,"15hHB101","DMSO",1,"Emodepside",0.0312,NA,NA,"ECA2666",1,NA,NA,NA,757.62294322284,603.25556665458,699.760716959753,729.081744607503,766.48429671799,47.1644241681594,792.928811402435,811.262495163577,830.47589984962,0.0622531624603757,34.2689989096049,28.4056743366091,31.1811303436208,32.4753798265887,34.2128437451291,2.71969497111851,36.4695204748158,38.0733420463492,38.8773544541433,0.0793631287068685,66,"1_ECA2666_0.0312",NA,NA,NA,NA,NA,"1",760.798262855471,5.68603386251937
"20250529-CbDRC3-p005-m2x_A08_roi_0.png",20250529,"CbDRC3","p005","m2x","A08",0,752.195808000338,32.8522368768877,"","48h",10,"15hHB101","DMSO",1,"Emodepside",0.0625,NA,NA,"ECA2666",1,NA,NA,NA,712.027721815371,469.129630624622,637.31177434654,691.325408926703,717.306175243142,58.9038891081296,745.654943163299,781.236049257246,819.028418371889,0.0827269603463606,31.3326272755061,23.2920685102028,28.3731461786976,29.7632139556979,31.0436538515485,2.71717241564037,32.9301749359397,34.9063827091181,37.2486347644721,0.0867202227169914,75,"1_ECA2666_0.0625",NA,NA,NA,NA,NA,"1",760.798262855471,-43.4920876123288
"20250529-CbDRC3-p005-m2x_A09_roi_0.png",20250529,"CbDRC3","p005","m2x","A09",0,697.038000103432,29.7915515557137,"","48h",10,"15hHB101","DMSO",1,"Emodepside",0.125,NA,NA,"ECA2666",1,NA,NA,NA,569.110433592377,210.316599353877,486.28326730027,551.447882218259,578.651953211101,81.7634881775199,602.679528321608,627.318861165281,766.721680174001,0.143668931988133,25.5412834193175,14.8243389172349,21.7624232857276,24.1074323007198,26.1530361606079,3.09251454875281,27.7651319055782,28.851510244121,30.9207812185422,0.121079058478865,78,"1_ECA2666_0.125",NA,"n>75",NA,NA,NA,"1",760.798262855471,-182.14630964437
"20250529-CbDRC3-p005-m2x_A11_roi_0.png",20250529,"CbDRC3","p005","m2x","A11",0,312.252634997707,17.3362183874608,"","48h",10,"15hHB101","DMSO",1,"Emodepside",0.5,NA,NA,"ECA2666",1,NA,NA,NA,268.186791734239,198.008265781447,238.700660590403,250.725845389315,267.793441342374,25.8446553196857,287.024235778842,298.082342028073,321.060986048833,0.0963681140020372,15.6534359267379,13.8110824319463,14.1709805833002,14.6896815309475,15.2555091780498,1.7329530043894,16.0391575307563,17.2674706230219,23.3166194572077,0.110707515749262,62,"1_ECA2666_0.5",NA,NA,NA,NA,NA,"1",760.798262855471,-493.004821513097
"20250529-CbDRC3-p005-m2x_A12_roi_0.png",20250529,"CbDRC3","p005","m2x","A12",0,255.098650637379,14.9086075650009,"","48h",10,"15hHB101","DMSO",1,"Emodepside",1,NA,NA,"ECA2666",1,NA,NA,NA,255.012820827606,214.846916394629,227.608677590689,240.886437275777,252.067049173598,21.8434008436724,266.894189294855,281.574199837115,324.067154581717,0.0856560888695044,14.9316702721465,13.2353588409511,13.9906145585133,14.4302170035664,14.8632574643151,0.778105673111509,15.4716304659068,15.8510360074012,16.9738566774882,0.0521110939988399,67,"1_ECA2666_1",NA,NA,NA,"outlier","outlier","1",760.798262855471,-508.731213681873
"20250529-CbDRC3-p005-m2x_B01_roi_0.png",20250529,"CbDRC3","p005","m2x","B01",0,841.313646485381,37.7241387211977,"","48h",10,"15hHB101","DMSO",1,"Emodepside",0,NA,NA,"JU3237",1,NA,NA,NA,810.543465956949,293.280997927232,768.245797060973,784.916057233763,830.703231103257,74.7924747571563,842.779533662006,861.231486805414,877.945124177439,0.09227447743207,37.7034612888436,17.4252069176962,35.7923650854586,36.9193814168445,38.1229691220447,3.50403524583813,39.7092827300658,40.5001000985129,41.6395543829338,0.0929366993389269,70,"1_JU3237_0",NA,NA,NA,NA,NA,"1",829.343414006611,1.35981709664657
"20250529-CbDRC3-p005-m2x_B02_roi_0.png",20250529,"CbDRC3","p005","m2x","B02",0,869.476703659065,37.805605656839,"","48h",10,"15hHB101","DMSO",1,"Emodepside",0.00097,NA,NA,"JU3237",1,NA,NA,NA,836.261961730612,738.816194894478,788.825912758765,819.007547868307,841.128457618235,32.6949718002293,859.173025923579,874.758259776622,888.185965733153,0.0390965669807202,37.9236727097405,33.3254702431328,35.8271072640116,36.9395425264546,38.1072212141663,1.83109861450754,39.1017209922543,39.8483455851139,41.9431915852392,0.0482837890866311,77,"1_JU3237_0.00097",NA,"n>75",NA,NA,NA,"1",829.343414006611,11.7850436116244
"20250529-CbDRC3-p005-m2x_B03_roi_0.png",20250529,"CbDRC3","p005","m2x","B03",0,866.135193231547,38.4272641935043,"","48h",10,"15hHB101","DMSO",1,"Emodepside",0.00195,NA,NA,"JU3237",1,NA,NA,NA,823.277960589615,675.632360631182,774.576232013815,802.127411079332,830.602576975882,42.46870835861,854.576536599546,867.214189525137,919.619847517618,0.0515848964646093,37.6918181742259,27.0982206080739,35.5960632095017,36.7418909497591,37.7820175442032,2.51209350689227,39.269455710148,39.9341597642379,42.3309533525181,0.0666482443293241,79,"1_JU3237_0.00195",NA,"n>75",NA,NA,NA,"1",829.343414006611,1.25916296927107
"20250529-CbDRC3-p005-m2x_B04_roi_0.png",20250529,"CbDRC3","p005","m2x","B04",0,853.670421771927,36.7182916710188,"","48h",10,"15hHB101","DMSO",1,"Emodepside",0.0039,NA,NA,"JU3237",1,NA,NA,NA,828.128660551959,577.635394676863,773.225256630949,812.447646361734,840.897697817242,50.5923812104893,855.27860644191,874.945085468797,898.74399118849,0.0610924166985946,37.6061677400916,31.9771053302716,35.8286177218266,36.9410028626387,37.809564476806,1.64564768349772,38.4492897845209,39.3383048891204,41.1963033996488,0.0437600474175227,69,"1_JU3237_0.0039",NA,NA,NA,NA,NA,"1",829.343414006611,11.5542838106309
"20250529-CbDRC3-p005-m2x_B05_roi_0.png",20250529,"CbDRC3","p005","m2x","B05",0,738.982524243147,29.7014610446319,"","48h",10,"15hHB101","DMSO",1,"Emodepside",0.0078,NA,NA,"JU3237",1,NA,NA,NA,813.582170885106,521.639838027139,767.296838207158,800.802655381083,824.043403014651,61.9807496170038,847.096185960646,866.521584282066,897.726501833358,0.0761825318143023,36.8132618979795,25.0263153120515,33.2040338008187,36.2014423515424,37.3904795179321,3.19070871919904,38.7329164941808,40.0045735099583,40.8147046067441,0.0866728063392329,54,"1_JU3237_0.0078",NA,NA,NA,NA,NA,"1",829.343414006611,-5.30001099195965
"20250529-CbDRC3-p005-m2x_B06_roi_0.png",20250529,"CbDRC3","p005","m2x","B06",0,809.921018000912,36.5743534138622,"","48h",10,"15hHB101","DMSO",1,"Emodepside",0.0156,NA,NA,"JU3237",1,NA,NA,NA,809.1816909612,226.723064784949,758.694846877956,795.554234695519,821.385259704685,86.5252475891665,843.719548474844,863.816581112493,1039.17764810687,0.106929319528209,35.6055116228137,14.116882744884,33.3370994817757,34.8472848532898,35.9140101715319,3.34122591933557,37.3618024259797,38.4248159799562,40.9573702389638,0.0938401322449955,85,"1_JU3237_0.0156",NA,"n>75",NA,NA,NA,"1",829.343414006611,-7.95815430192579
"20250529-CbDRC3-p005-m2x_B07_roi_0.png",20250529,"CbDRC3","p005","m2x","B07",0,846.988421598627,35.1392076248004,"","48h",10,"15hHB101","DMSO",1,"Emodepside",0.0312,NA,NA,"JU3237",1,NA,NA,NA,788.154527578701,387.091247241483,745.383620003531,768.002226036595,800.127593806264,60.6129172400538,822.963055458147,839.209094243106,860.342367970095,0.0769048646161604,34.8660143550548,18.5602722714458,32.2782656757884,34.2555003070125,35.1990741169334,2.66587551478147,36.4465817053563,37.2411508413308,39.026560120229,0.0764605752648919,76,"1_JU3237_0.0312",NA,"n>75",NA,NA,NA,"1",829.343414006611,-29.2158202003473
"20250529-CbDRC3-p005-m2x_B08_roi_0.png",20250529,"CbDRC3","p005","m2x","B08",0,753.900489847827,30.883811032038,"","48h",10,"15hHB101","DMSO",1,"Emodepside",0.0625,NA,NA,"JU3237",1,NA,NA,NA,734.015106098688,304.848263831179,682.929817314976,707.816235313896,747.095918089535,77.9725810324098,773.247489251377,792.305154490422,883.69768367284,0.106227488214563,31.9854898049423,16.384096486464,28.9900395587879,30.7307602933622,32.2105949515542,3.0706834702194,33.6002695468555,35.3682888929055,37.3614575075196,0.096002390113311,88,"1_JU3237_0.0625",NA,"n>75",NA,NA,NA,"1",829.343414006611,-82.2474959170754
"20250529-CbDRC3-p005-m2x_B09_roi_0.png",20250529,"CbDRC3","p005","m2x","B09",0,391.104035210826,18.9564560885435,"","48h",10,"15hHB101","DMSO",1,"Emodepside",0.125,NA,NA,"JU3237",1,NA,NA,NA,363.616805407686,161.747610184357,298.612544548204,332.688506718434,367.026738841257,56.2280893479425,399.868783217048,419.005658139997,512.430520815466,0.154635562800514,18.2457017461307,14.0363357399986,16.2402455062682,17.1179447386831,18.400102695586,1.63446034243979,19.2663821977606,20.1175717143185,22.1054061286091,0.0895805689022843,69,"1_JU3237_0.125",NA,NA,NA,NA,NA,"1",829.343414006611,-462.316675165354
"20250529-CbDRC3-p005-m2x_B10_roi_0.png",20250529,"CbDRC3","p005","m2x","B10",0,278.579283695143,13.7356348616847,"","48h",10,"15hHB101","DMSO",1,"Emodepside",0.25,NA,NA,"JU3237",1,NA,NA,NA,264.314103482077,187.231896766436,233.883532771102,249.026071719452,261.925569546271,34.7161427632143,275.42962446134,290.437928347489,468.79566209685,0.131344269207975,15.5230727266055,11.9932624105297,14.4471874315598,14.7324861872011,15.4470812779103,1.27907933773232,16.0538184950725,16.9269684846594,19.4838897043227,0.0823985920996207,72,"1_JU3237_0.25",NA,NA,NA,"outlier","outlier","1",829.343414006611,-567.41784446034
"20250529-CbDRC3-p005-m2x_B12_roi_0.png",20250529,"CbDRC3","p005","m2x","B12",0,302.893416404443,16.1743599090094,"","48h",10,"15hHB101","DMSO",1,"Emodepside",1,NA,NA,"JU3237",1,NA,NA,NA,269.890891583706,222.831995665851,243.898018786421,255.038667462291,268.793097095758,23.4669356943409,282.082730146049,294.600497976785,338.841860916436,0.0869497134810225,15.6094288805838,13.9434233759215,14.159647444325,15.0744027751519,15.4276575380727,1.31788361377061,15.8548789047224,16.6831886677998,21.0998844025636,0.0844286888298579,38,"1_JU3237_1",NA,NA,NA,NA,NA,"1",829.343414006611,-560.550316910853
"20250529-CbDRC3-p005-m2x_C01_roi_0.png",20250529,"CbDRC3","p005","m2x","C01",0,829.460351493315,38.6064511539131,"","48h",10,"15hHB101","DMSO",1,"Emodepside",0,NA,NA,"VX34",1,NA,NA,NA,789.947995371376,212.746250393611,740.621995662683,775.127440483571,805.663813193992,81.4119148482496,822.530591150188,835.693849761708,889.631866224051,0.103059841059506,36.8602088312918,15.0985238810555,34.1776623654002,35.6824259981357,36.875161566566,3.608113316458,38.6867678170588,40.3536842925465,43.6629042315605,0.0978864046314074,66,"1_VX34_0",NA,NA,NA,"outlier","outlier","1",793.175483631588,12.4883295624036
"20250529-CbDRC3-p005-m2x_C02_roi_0.png",20250529,"CbDRC3","p005","m2x","C02",0,819.275927649104,39.5963594675565,"","48h",10,"15hHB101","DMSO",1,"Emodepside",0.00097,NA,NA,"VX34",1,NA,NA,NA,804.384490605765,710.861350811957,758.492314603518,781.03284477504,803.216382696056,39.8791726451573,826.30120571876,841.114060153247,959.124523245697,0.0495772520615423,38.2874977178152,33.0685625714069,35.3397317294316,37.1517945840433,38.5167129030926,2.09595525641738,39.6420649582564,40.4266098262406,43.2849360469845,0.05474254995364,57,"1_VX34_0.00097",NA,NA,NA,NA,NA,"1",793.175483631588,10.0408990644682
"20250529-CbDRC3-p005-m2x_C03_roi_0.png",20250529,"CbDRC3","p005","m2x","C03",0,803.151496359805,36.3392319195533,"","48h",10,"15hHB101","DMSO",1,"Emodepside",0.00195,NA,NA,"VX34",1,NA,NA,NA,788.219129289658,572.256524971746,735.193110304454,756.99574646209,795.529758285262,47.8360379223291,814.263538333163,831.842115881647,940.789143742471,0.0606887553787726,38.5207216777978,29.1147921092029,36.1408039002729,37.2477367510609,38.8235359643043,2.59476641710686,40.0781667599447,41.2632180073973,44.1050698108936,0.0673602753035234,67,"1_VX34_0.00195",NA,NA,NA,NA,NA,"1",793.175483631588,2.35427465367343
"20250529-CbDRC3-p005-m2x_C04_roi_0.png",20250529,"CbDRC3","p005","m2x","C04",0,789.445662469406,36.8216155848159,"","48h",10,"15hHB101","DMSO",1,"Emodepside",0.0039,NA,NA,"VX34",1,NA,NA,NA,769.360419222464,176.235034516499,715.887181661327,752.559859085504,795.294761070244,118.543107424694,820.598161730056,851.84299835046,944.196682561688,0.15408007022833,37.4999454210002,14.7153736592727,35.4849418144882,36.4530595129256,38.0666659879879,5.35753702322868,40.5867989825848,41.5692008483875,44.247342877165,0.142867861888365,51,"1_VX34_0.0039",NA,NA,NA,NA,NA,"1",793.175483631588,2.11927743865624
"20250529-CbDRC3-p005-m2x_C05_roi_0.png",20250529,"CbDRC3","p005","m2x","C05",0,815.471954077421,39.171282499131,"","48h",10,"15hHB101","DMSO",1,"Emodepside",0.0078,NA,NA,"VX34",1,NA,NA,NA,804.166566530205,700.667182349246,776.59079906226,793.191701338989,807.803645572757,26.5265765513402,818.732822394167,828.107923742293,882.187939550527,0.0329864205444356,38.0010635790724,31.3635169998291,35.6041752270901,36.8780735675728,38.2242231732391,2.27586509706101,39.3516183272473,40.9392614831225,42.219227125406,0.0598895105218673,59,"1_VX34_0.0078",NA,NA,NA,NA,NA,"1",793.175483631588,14.6281619411683
"20250529-CbDRC3-p005-m2x_C06_roi_0.png",20250529,"CbDRC3","p005","m2x","C06",0,797.375434415477,36.8937577207638,"","48h",10,"15hHB101","DMSO",1,"Emodepside",0.0156,NA,NA,"VX34",1,NA,NA,NA,771.799663406531,307.335914407071,753.46359375157,776.204951685064,793.548679231745,103.668100866235,808.26868447057,820.701905771875,874.000055998813,0.134319961230185,35.9520073627684,17.5474447579412,33.941655670792,35.1669579583183,36.8937577207638,4.32789047842387,37.5824333872534,39.1009432438866,42.1819418847073,0.12037966155141,45,"1_VX34_0.0156",NA,NA,NA,NA,NA,"1",793.175483631588,0.373195600157032
"20250529-CbDRC3-p005-m2x_C07_roi_0.png",20250529,"CbDRC3","p005","m2x","C07",0,753.709288463312,36.0052999843287,"","48h",10,"15hHB101","DMSO",1,"Emodepside",0.0312,NA,NA,"VX34",1,NA,NA,NA,753.868753048116,157.559463654918,723.800895903086,752.314686117027,770.379000754712,97.3174154089606,789.144076916482,801.019476115609,837.15605901005,0.12909066069588,35.4076731126679,14.3779922380665,33.4944536649498,34.5495024820745,36.0343469534896,3.75896713780933,37.4758719832493,38.0655418484004,39.5291155083735,0.106162501157538,48,"1_VX34_0.0312",NA,NA,NA,NA,NA,"1",793.175483631588,-22.7964828768762
"20250529-CbDRC3-p005-m2x_C08_roi_0.png",20250529,"CbDRC3","p005","m2x","C08",0,762.358853944684,34.4743197488003,"","48h",10,"15hHB101","DMSO",1,"Emodepside",0.0625,NA,NA,"VX34",1,NA,NA,NA,733.626495102911,542.374647726969,681.217118540675,713.298780457849,748.575418818402,49.4195245237946,768.327610471971,774.966884301568,798.955018579826,0.0673633311414989,33.3475763688738,26.3176451565117,30.1075540337688,31.5288599653018,33.7124955942757,2.64700209786844,35.1851355282716,36.2557432962126,38.8640301414065,0.0793761462179038,58,"1_VX34_0.0625",NA,NA,NA,NA,NA,"1",793.175483631588,-44.6000648131866
"20250529-CbDRC3-p005-m2x_C09_roi_0.png",20250529,"CbDRC3","p005","m2x","C09",0,632.363079253233,28.6726035446901,"","48h",10,"15hHB101","DMSO",1,"Emodepside",0.125,NA,NA,"VX34",1,NA,NA,NA,506.34732006289,192.048262506707,416.596658956069,462.811794425012,518.192958206972,98.4613609226286,567.199055283631,612.803708038679,672.612446805311,0.19445419580852,23.8436402890309,15.2997827361968,20.1664500543582,22.2115007942981,24.1437952703234,3.15096998040307,26.2321321373578,27.7461674765404,28.6726035446901,0.132151380502609,65,"1_VX34_0.125",NA,NA,NA,NA,NA,"1",793.175483631588,-274.982525424616
"20250529-CbDRC3-p005-m2x_C10_roi_0.png",20250529,"CbDRC3","p005","m2x","C10",0,437.911467122827,19.5169181824781,"","48h",10,"15hHB101","DMSO",1,"Emodepside",0.25,NA,NA,"VX34",1,NA,NA,NA,354.826218689214,245.335693743017,289.370454647968,312.948506030654,364.467106891307,53.2793399547002,387.000367041366,417.071257656995,485.142073368212,0.150156152923318,18.2026547932192,14.1930933437275,15.6542409794267,16.7126326694933,18.0335047002996,2.11090397893611,19.2704260287626,20.8243483132059,24.3153573899221,0.115966819286297,57,"1_VX34_0.25",NA,NA,NA,NA,NA,"1",793.175483631588,-428.708376740282
"20250529-CbDRC3-p005-m2x_C11_roi_0.png",20250529,"CbDRC3","p005","m2x","C11",0,279.639002390365,14.9960034937184,"","48h",10,"15hHB101","DMSO",1,"Emodepside",0.5,NA,NA,"VX34",1,NA,NA,NA,280.214809229207,204.15677007418,254.049070161308,266.806078780558,283.491862764696,25.1100197651398,294.916297252283,307.967314703636,335.665864087421,0.0896098954734424,15.9962052286258,14.7538729423374,15.0150522039546,15.5358323200467,15.9261455471075,0.720610866613425,16.5373936963967,16.8719260932851,17.9407367281725,0.0450488635469534,52,"1_VX34_0.5",NA,NA,NA,NA,NA,"1",793.175483631588,-509.683620866893
"20250529-CbDRC3-p005-m2x_C12_roi_0.png",20250529,"CbDRC3","p005","m2x","C12",0,287.619771876707,13.419962840165,"","48h",10,"15hHB101","DMSO",1,"Emodepside",1,NA,NA,"VX34",1,NA,NA,NA,259.102220645057,200.346130648754,230.273228382997,246.433381710124,255.588933162158,24.8947326066119,278.223749166655,292.646267550954,308.04177040011,0.0960807381142252,15.4671694546202,13.419962840165,14.3283715785999,14.7905272619691,15.6365160037304,0.920898700320393,16.1303460286292,16.5030118230689,17.4475091968114,0.0595389287627746,41,"1_VX34_1",NA,NA,NA,NA,NA,"1",793.175483631588,-537.58655046943
"20250529-CbDRC3-p005-m2x_D01_roi_0.png",20250529,"CbDRC3","p005","m2x","D01",0,735.755801369629,32.4472315825759,"","48h",10,"15hHB101","DMSO",1,"Emodepside",0,NA,NA,"NIC1667",1,NA,NA,NA,743.773198194081,613.625702673286,692.270814029972,716.930809708416,756.53540425491,41.1532997022393,776.761858317755,783.8110838882,793.468719734259,0.0553304418634089,34.6211767607027,28.0798055459323,30.573720376904,32.9515685466549,34.60967889224,2.68672526836166,36.417536082342,37.7375054958172,39.6543063243158,0.077603522460602,48,"1_NIC1667_0",NA,NA,NA,NA,NA,"1",753.663548623609,2.87185563130163
"20250529-CbDRC3-p005-m2x_D02_roi_0.png",20250529,"CbDRC3","p005","m2x","D02",0,789.198254085285,35.0336330828591,"","48h",10,"15hHB101","DMSO",1,"Emodepside",0.00097,NA,NA,"NIC1667",1,NA,NA,NA,748.584400443077,290.989473007165,704.105664840203,743.885773035648,757.307712825358,71.9065944566459,778.726401218453,801.52314684555,835.964498617608,0.0960567631573479,35.793799428211,17.9560757542283,32.8742897099465,34.9277565437011,36.3717038882746,3.19316039929021,37.4434733080946,38.5062331439461,40.045599720475,0.0892098757410342,60,"1_NIC1667_0.00097",NA,NA,NA,NA,NA,"1",753.663548623609,3.64416420174973
"20250529-CbDRC3-p005-m2x_D03_roi_0.png",20250529,"CbDRC3","p005","m2x","D03",0,796.438668393386,37.7817958338986,"","48h",10,"15hHB101","DMSO",1,"Emodepside",0.00195,NA,NA,"NIC1667",1,NA,NA,NA,758.498408266832,640.235155799564,725.560183964516,739.640022059028,761.332552843616,35.6197562848126,772.919988597821,797.62722711092,832.410795512411,0.0469608846855773,35.7653520808895,25.8188067659726,32.5561303832628,34.0405114995794,35.8674322116784,3.03054300593301,37.3850455057281,39.3737036753349,43.7933012914357,0.0847340464894326,49,"1_NIC1667_0.00195",NA,NA,NA,NA,NA,"1",753.663548623609,7.66900422000697
"20250529-CbDRC3-p005-m2x_D04_roi_0.png",20250529,"CbDRC3","p005","m2x","D04",0,743.749522576269,31.7637215630654,"","48h",10,"15hHB101","DMSO",1,"Emodepside",0.0039,NA,NA,"NIC1667",1,NA,NA,NA,764.251574605378,624.743915388197,735.821467907816,749.056128988661,764.611170143245,30.927065139571,782.734199549044,797.518823891671,825.159443205584,0.0404671264897821,36.3593776642824,29.2761882949777,33.8329511675243,34.7006640708364,36.6151986363625,2.1772976007832,37.9872906252147,38.8218275584107,40.1048591233544,0.0598826971376374,74,"1_NIC1667_0.0039",NA,NA,NA,NA,NA,"1",753.663548623609,10.9476215196365
"20250529-CbDRC3-p005-m2x_D05_roi_0.png",20250529,"CbDRC3","p005","m2x","D05",0,792.957114175379,34.714673910089,"","48h",10,"15hHB101","DMSO",1,"Emodepside",0.0078,NA,NA,"NIC1667",1,NA,NA,NA,745.665943669155,122.717586879723,700.252085916767,742.724132390528,762.858268883932,93.2307979464177,780.196686252601,800.938075129759,822.543049258713,0.125030248113066,35.1462362494399,18.8185403186928,32.9115770902277,33.7851087253805,35.3155829614965,3.36427411496231,36.9218730442673,38.5271150501421,39.5463399159166,0.0957221732388463,57,"1_NIC1667_0.0078",NA,NA,NA,NA,NA,"1",753.663548623609,9.19472026032338
"20250529-CbDRC3-p005-m2x_D06_roi_0.png",20250529,"CbDRC3","p005","m2x","D06",0,741.868206876544,31.7055951375167,"","48h",10,"15hHB101","DMSO",1,"Emodepside",0.0156,NA,NA,"NIC1667",1,NA,NA,NA,759.824905771327,621.205102665289,731.66770470666,746.14000234996,760.778804978138,40.149326833227,780.911319524702,797.324633132019,849.63168610247,0.0528402353335205,35.2351304200287,28.2024571388068,32.5746385880443,33.9461043323097,35.6205199701713,2.40210778431089,36.6854625660994,37.7490066495995,39.8237196835671,0.0681736595175325,59,"1_NIC1667_0.0156",NA,NA,NA,NA,NA,"1",753.663548623609,7.11525635452904
"20250529-CbDRC3-p005-m2x_D07_roi_0.png",20250529,"CbDRC3","p005","m2x","D07",0,746.111502686914,32.6734820486766,"","48h",10,"15hHB101","DMSO",1,"Emodepside",0.0312,NA,NA,"NIC1667",1,NA,NA,NA,751.895388370022,485.709697280164,709.394357491915,737.916253405256,755.125440641355,52.3198534871007,777.020622416261,801.006891952557,892.251804178081,0.0695839531620496,34.7133390854263,23.5019979563294,31.9935245120975,33.5564504673708,34.8120018573457,2.3892320633286,36.0225298540071,37.3682835009065,39.361460516457,0.0688274918597983,62,"1_NIC1667_0.0312",NA,NA,NA,NA,NA,"1",753.663548623609,1.46189201774678
"20250529-CbDRC3-p005-m2x_D08_roi_0.png",20250529,"CbDRC3","p005","m2x","D08",0,763.092360252718,37.3974254260556,"","48h",10,"15hHB101","DMSO",1,"Emodepside",0.0625,NA,NA,"NIC1667",1,NA,NA,NA,728.924086845061,515.888058382777,681.405829475251,713.698589081984,738.074087763187,48.7340696213014,754.893722714276,770.699007482702,816.153613319865,0.0668575377063376,33.5222233089825,24.7790644266045,30.6678933683491,32.0095503162667,33.6902214873239,2.52502531992661,35.31620277202,36.5897937188985,38.5679010033929,0.0753239215863706,68,"1_NIC1667_0.0625",NA,NA,NA,NA,NA,"1",753.663548623609,-15.5894608604211
"20250529-CbDRC3-p005-m2x_D09_roi_0.png",20250529,"CbDRC3","p005","m2x","D09",0,733.51625543892,32.3348043669298,"","48h",10,"15hHB101","DMSO",1,"Emodepside",0.125,NA,NA,"NIC1667",1,NA,NA,NA,683.183635728804,550.201493732251,612.036721163393,643.892517494964,692.522724691874,54.5143001465818,721.987092406258,742.87468264144,799.94904614787,0.0797945051602813,30.7356663870552,24.3375409438958,27.5935391014779,29.2820874689169,30.6047627322288,2.5834602391509,32.2048019628309,33.7388913099138,36.9485899327167,0.0840541476022449,64,"1_NIC1667_0.125",NA,NA,NA,NA,NA,"1",753.663548623609,-61.1408239317342
"20250529-CbDRC3-p005-m2x_D10_roi_0.png",20250529,"CbDRC3","p005","m2x","D10",0,623.0720648171,28.368111585504,"","48h",10,"15hHB101","DMSO",1,"Emodepside",0.25,NA,NA,"NIC1667",1,NA,NA,NA,584.495949787892,352.851941475587,502.385541411897,564.125591173841,590.84016264962,60.4006950441617,622.32095137148,648.641004439097,702.784696228076,0.103338089966373,26.244896180306,18.8462922010787,23.6664089728678,25.00006040643,26.5590655770244,2.04446169816057,27.5453696870906,28.6745337167125,29.4484362317592,0.0778994012441444,61,"1_NIC1667_0.25",NA,NA,NA,NA,NA,"1",753.663548623609,-162.823385973989
"20250529-CbDRC3-p005-m2x_D11_roi_0.png",20250529,"CbDRC3","p005","m2x","D11",0,564.303095906356,24.0268982090163,"","48h",10,"15hHB101","DMSO",1,"Emodepside",0.5,NA,NA,"NIC1667",1,NA,NA,NA,471.036032260273,203.704174725177,345.76750459072,451.689319571338,485.917860587846,83.2726179491901,517.849430507353,549.834011699134,613.153206408395,0.176786089059058,22.3362554273036,14.2887859081878,18.6717641859998,21.2279349603625,22.7641775559308,2.71533966187791,23.8994957882231,25.0866829682087,28.422406766536,0.121566467159877,60,"1_NIC1667_0.5",NA,NA,NA,NA,NA,"1",753.663548623609,-267.745688035763
"20250529-CbDRC3-p005-m2x_D12_roi_0.png",20250529,"CbDRC3","p005","m2x","D12",0,436.019347747267,21.3705665951587,"","48h",10,"15hHB101","DMSO",1,"Emodepside",1,NA,NA,"NIC1667",1,NA,NA,NA,345.838096890641,227.588095687706,260.594166368515,295.359020239458,345.082658083527,67.3291522152145,386.573159320045,431.038327512014,484.644640141806,0.19468402359531,17.5241076542387,13.5912293094751,14.8145958437107,15.7116012987136,17.3833394980613,2.24096679833525,18.8880284012088,20.1167110896248,23.4564022880974,0.127879081922509,66,"1_NIC1667_1",NA,NA,NA,NA,NA,"1",753.663548623609,-408.580890540081
"20250529-CbDRC3-p005-m2x_E01_roi_0.png",20250529,"CbDRC3","p005","m2x","E01",0,787.560948113361,36.6095057587133,"","48h",10,"15hHB101","DMSO",1,"Emodepside",0,NA,NA,"PB420",1,NA,NA,NA,753.395485960759,210.228073379493,730.409424985226,756.867370024215,769.949914128007,80.1300497086422,778.784599066839,787.560948113361,824.144324131351,0.106358547670958,37.1604719910877,13.073184565919,33.4383080811114,36.5841862537244,37.7962828616214,4.04001790063589,39.3819843418495,40.4158262944009,42.7711255743177,0.108718153569331,61,"1_PB420_0",NA,NA,NA,NA,NA,"1",769.666143305705,0.283770822302472
"20250529-CbDRC3-p005-m2x_E02_roi_0.png",20250529,"CbDRC3","p005","m2x","E02",0,771.87809517898,37.0030145484315,"","48h",10,"15hHB101","DMSO",1,"Emodepside",0.00097,NA,NA,"PB420",1,NA,NA,NA,757.322448042567,199.037444437964,724.782940524691,759.736984442857,774.830008889012,83.8818121304233,785.179906149201,803.558672167066,827.000813126563,0.110761027019905,37.8091329389995,13.6811543322337,36.1071043556593,37.0027052327179,38.1566446575384,3.93602252488196,39.5393910034825,41.3788454833075,42.3963820466224,0.104102427612721,62,"1_PB420_0.00097",NA,NA,NA,NA,NA,"1",769.666143305705,5.1638655833076
"20250529-CbDRC3-p005-m2x_E03_roi_0.png",20250529,"CbDRC3","p005","m2x","E03",0,769.294161848135,37.4467096433338,"","48h",10,"15hHB101","DMSO",1,"Emodepside",0.00195,NA,NA,"PB420",1,NA,NA,NA,774.479934425787,663.055114420947,744.925925207642,765.320958770524,778.069175312402,26.072493971837,788.061250969779,802.557882504339,830.728053299144,0.0336645183598819,38.2142575252218,34.6104140806358,36.3013991624207,36.9156160192808,37.8782666746197,1.85820825204895,39.2963839235073,40.327520194046,43.0170406191494,0.0486260462033709,65,"1_PB420_0.00195",NA,NA,NA,NA,NA,"1",769.666143305705,8.40303200669746
"20250529-CbDRC3-p005-m2x_E04_roi_0.png",20250529,"CbDRC3","p005","m2x","E04",0,792.124460751304,38.2111373855372,"","48h",10,"15hHB101","DMSO",1,"Emodepside",0.0039,NA,NA,"PB420",1,NA,NA,NA,772.41794634318,406.98698343895,730.215870808018,767.026348608417,785.708613244145,60.2781509291883,795.986887852909,811.936402817113,820.623637243291,0.0780382579334933,37.8421133897737,23.4731166349127,36.1478399991083,36.9796150460514,38.0833225687354,2.73663390130654,39.4750102841785,39.8307843588013,41.5615635433583,0.0723171529327451,50,"1_PB420_0.0039",NA,NA,NA,NA,NA,"1",769.666143305705,16.0424699384406
"20250529-CbDRC3-p005-m2x_E05_roi_0.png",20250529,"CbDRC3","p005","m2x","E05",0,727.969348515113,34.0758239848688,"","48h",10,"15hHB101","DMSO",1,"Emodepside",0.0078,NA,NA,"PB420",1,NA,NA,NA,774.417187365303,692.45835096716,742.52494203477,757.721202250737,774.059796529292,25.7145497359066,792.336937893691,805.591802356332,828.456421841317,0.0332050349029466,37.7378034015731,32.9001832150516,35.3520800788213,36.5260729630525,38.1642347977383,1.73587583884461,39.0805091660174,39.6424679485293,41.0274239738354,0.0459983274694851,57,"1_PB420_0.0078",NA,NA,NA,NA,NA,"1",769.666143305705,4.39365322358788
"20250529-CbDRC3-p005-m2x_E06_roi_0.png",20250529,"CbDRC3","p005","m2x","E06",0,665.118330548159,31.5581986717496,"","48h",10,"15hHB101","DMSO",1,"Emodepside",0.0156,NA,NA,"PB420",1,NA,NA,NA,776.870399489484,665.118330548159,744.369949404277,763.79363974162,780.651245085534,29.2879410286359,794.916254655477,808.909998598138,842.095999470289,0.0376999059918903,37.3111669084038,31.5581986717496,35.3450572113865,35.9846551793194,37.3162390310894,1.96585742109374,38.5623722384933,40.2881680757387,41.2997937387628,0.0526881784726749,65,"1_PB420_0.0156",NA,NA,NA,NA,NA,"1",769.666143305705,10.9851017798292
"20250529-CbDRC3-p005-m2x_E07_roi_0.png",20250529,"CbDRC3","p005","m2x","E07",0,785.16107127176,36.0125707817308,"","48h",10,"15hHB101","DMSO",1,"Emodepside",0.0312,NA,NA,"PB420",1,NA,NA,NA,767.259109717127,449.162830280036,741.812186999974,759.526959675372,772.763149380734,44.3708371983501,787.030301290546,797.75737811808,815.21229627099,0.0578303165598239,36.5759027357744,21.6034562387168,34.4884080988666,35.9305419931819,36.7958114252407,2.42834689118043,37.9839656116207,38.7710686066026,40.3466919999621,0.0663919878812806,76,"1_PB420_0.0312",NA,"n>75",NA,NA,NA,"1",769.666143305705,3.0970060750293
"20250529-CbDRC3-p005-m2x_E08_roi_0.png",20250529,"CbDRC3","p005","m2x","E08",0,786.127943202034,35.5044014562722,"","48h",10,"15hHB101","DMSO",1,"Emodepside",0.0625,NA,NA,"PB420",1,NA,NA,NA,763.447093536808,467.422832956742,740.077938054583,754.373958424136,779.488106003748,60.6509596671281,788.267436352421,796.740873910912,820.538522247519,0.0794435661365236,35.3634585904108,24.7112500713939,33.3399334457233,34.2984101324736,35.5128612837795,2.67115181167757,37.0079288727345,37.6386873231753,39.9161302928157,0.0755342355682903,46,"1_PB420_0.0625",NA,NA,NA,NA,NA,"1",769.666143305705,9.82196269804376
"20250529-CbDRC3-p005-m2x_E09_roi_0.png",20250529,"CbDRC3","p005","m2x","E09",0,748.59540767358,34.5609019577456,"","48h",10,"15hHB101","DMSO",1,"Emodepside",0.125,NA,NA,"PB420",1,NA,NA,NA,760.480701815996,633.516580480884,720.540506159468,746.331943130012,768.550399581419,34.7958220322508,780.834368258759,797.161978832001,835.473377187087,0.0457550361885053,35.1859607191683,28.8487453945687,32.0110919000322,33.6446240463855,35.0609426267983,2.39052848968263,36.9413442455414,38.2604761389725,40.0171237615866,0.0679398385271414,60,"1_PB420_0.125",NA,NA,NA,NA,NA,"1",769.666143305705,-1.11574372428549
"20250529-CbDRC3-p005-m2x_E10_roi_0.png",20250529,"CbDRC3","p005","m2x","E10",0,733.55792441725,32.0653551425837,"","48h",10,"15hHB101","DMSO",1,"Emodepside",0.25,NA,NA,"PB420",1,NA,NA,NA,711.039984341766,574.907372402973,648.483471728699,672.296413378149,720.007656951288,53.8678003859284,748.402925647202,772.793265902221,824.542587521899,0.0757591718780704,32.6807092986212,26.6231269392371,29.7992953894513,31.1481215463612,32.5549944000225,2.5985247358853,34.5145338030054,35.7459301610931,39.9923434375629,0.0795124950361753,60,"1_PB420_0.25",NA,NA,NA,NA,NA,"1",769.666143305705,-49.658486354416
"20250529-CbDRC3-p005-m2x_E11_roi_0.png",20250529,"CbDRC3","p005","m2x","E11",0,705.471289572701,26.7978766394353,"","48h",10,"15hHB101","DMSO",1,"Emodepside",0.5,NA,NA,"PB420",1,NA,NA,NA,636.86094961784,71.4260213184582,559.316795833103,616.974366095783,656.114266742826,95.0569158380996,694.070729056404,710.808525099925,732.498826302887,0.149258509090784,28.9353244143385,21.9229546168611,26.5041928491117,27.3664507302985,28.7701244507134,2.4972934821609,30.8202656888442,31.8792548568691,34.0821536699212,0.0863060474595337,63,"1_PB420_0.5",NA,NA,NA,NA,NA,"1",769.666143305705,-113.551876562878
"20250529-CbDRC3-p005-m2x_E12_roi_0.png",20250529,"CbDRC3","p005","m2x","E12",0,582.146521074213,26.812404541466,"","48h",10,"15hHB101","DMSO",1,"Emodepside",1,NA,NA,"PB420",1,NA,NA,NA,530.046667501244,338.432273299957,413.41029286331,466.789005414265,540.172312751489,84.3724329357419,588.513681843053,622.657701853353,736.934853166574,0.159179253656083,24.3184196596287,18.5591588778974,21.162513479813,22.5005257485255,24.5237431887886,2.6929090061077,26.4570328834933,27.5117464298826,29.3570754797158,0.110735362075284,55,"1_PB420_1",NA,NA,NA,NA,NA,"1",769.666143305705,-229.493830554215
"20250529-CbDRC3-p005-m2x_F01_roi_0.png",20250529,"CbDRC3","p005","m2x","F01",0,791.956927434336,36.9855348774064,"","48h",10,"15hHB101","DMSO",1,"Emodepside",0,NA,NA,"ED3102",1,NA,NA,NA,769.754134679137,695.767656186279,740.467462110131,755.475187311403,770.104344462721,24.8303317465372,788.865046435574,803.544338740932,819.319525112236,0.0322574840820925,37.8094942089557,32.0519679305491,35.6752386079924,36.7565441347271,37.7425082164281,1.7660176738348,39.0089372815524,40.1473995041881,42.4463137430704,0.0467083125755354,86,"1_ED3102_0",NA,"n>75",NA,NA,NA,"1",771.774756976905,-1.67041251418391
"20250529-CbDRC3-p005-m2x_F02_roi_0.png",20250529,"CbDRC3","p005","m2x","F02",0,761.540764161555,36.3517895389389,"","48h",10,"15hHB101","DMSO",1,"Emodepside",0.00097,NA,NA,"ED3102",1,NA,NA,NA,769.217951129417,636.145056783892,736.097635874503,757.653903089426,773.624901871957,34.018180405297,786.838659416764,800.177062475974,866.039491097464,0.0442243714611044,37.3169862954345,29.3128345092296,34.5261197288592,36.0393942722398,37.9257854777438,2.27978896468186,38.9044585268171,39.6207775700308,40.7097214221528,0.0610925262461717,97,"1_ED3102_0.00097",NA,"n>75",NA,NA,NA,"1",771.774756976905,1.85014489505249
"20250529-CbDRC3-p005-m2x_F03_roi_0.png",20250529,"CbDRC3","p005","m2x","F03",0,771.475861353615,35.6630216665353,"","48h",10,"15hHB101","DMSO",1,"Emodepside",0.00195,NA,NA,"ED3102",1,NA,NA,NA,776.507712418881,595.252095342111,745.807882698429,764.584744684774,779.239230452803,36.2995291542249,793.726071768201,812.128990050652,864.746371497198,0.0467471585583472,38.0456570603019,32.3284552989408,35.4852070468065,36.8532117019973,38.2751329332124,1.88937076506507,39.3051825621984,40.1398548452963,42.4978310278168,0.0496606159822773,68,"1_ED3102_0.00195",NA,NA,NA,NA,NA,"1",771.774756976905,7.46447347589765
"20250529-CbDRC3-p005-m2x_F04_roi_0.png",20250529,"CbDRC3","p005","m2x","F04",0,772.426234060149,36.7746171850066,"","48h",10,"15hHB101","DMSO",1,"Emodepside",0.0039,NA,NA,"ED3102",1,NA,NA,NA,773.845059707534,639.789617013279,745.322841029491,761.436092759709,775.506536200539,27.3601507057014,791.364416368854,802.761304494019,819.459329448275,0.0353561095499425,37.3629338582047,29.0636855166655,34.8881458379585,36.0299474570017,37.5060714244519,2.18889566842604,38.8550670665952,40.2585389502378,42.0460224823898,0.0585846838669864,73,"1_ED3102_0.0039",NA,NA,NA,NA,NA,"1",771.774756976905,3.73177922363436
"20250529-CbDRC3-p005-m2x_F05_roi_0.png",20250529,"CbDRC3","p005","m2x","F05",0,834.537310904966,36.2844034341031,"","48h",10,"15hHB101","DMSO",1,"Emodepside",0.0078,NA,NA,"ED3102",1,NA,NA,NA,773.988022122637,602.327507236854,732.457490703309,759.932226704425,778.12298290789,37.3510898178179,791.678008096494,809.581268346112,858.900467317047,0.0482579687930877,36.5562947002851,26.0393848819228,34.705507449419,35.458070477903,36.885960218986,2.16542623347906,37.5534593438992,38.6748635563498,41.4870726076484,0.0592353861689975,66,"1_ED3102_0.0078",NA,NA,NA,NA,NA,"1",771.774756976905,6.34822593098511
"20250529-CbDRC3-p005-m2x_F06_roi_0.png",20250529,"CbDRC3","p005","m2x","F06",0,779.061597745534,37.2287338359449,"","48h",10,"15hHB101","DMSO",1,"Emodepside",0.0156,NA,NA,"ED3102",1,NA,NA,NA,750.439843916567,178.658836226015,704.190186492125,747.259159580512,762.734035414035,85.7290817008022,793.01013682881,801.680941549745,825.815961877633,0.114238446153631,35.9548656626517,16.3058830717921,33.573501587678,35.0315549463821,36.6198209195059,3.68547637670604,37.9076668926676,38.8502375105939,40.9751580023351,0.102502854864908,71,"1_ED3102_0.0156",NA,NA,NA,NA,NA,"1",771.774756976905,-9.04072156286952
"20250529-CbDRC3-p005-m2x_F07_roi_0.png",20250529,"CbDRC3","p005","m2x","F07",0,754.908825688301,34.4273779858556,"","48h",10,"15hHB101","DMSO",1,"Emodepside",0.0312,NA,NA,"ED3102",1,NA,NA,NA,757.286824327051,149.470939742057,733.071172895659,742.385530557852,766.606060121667,85.4190893654877,791.597103924167,802.679166329121,811.279488565223,0.112796217524838,35.4527494852146,13.1995996267057,32.7834143019011,34.690412188037,36.0954892957602,3.54679910081128,36.9793367485285,38.1147287352667,39.57907294335,0.100042991088476,58,"1_ED3102_0.0312",NA,NA,NA,NA,NA,"1",771.774756976905,-5.16869685523761
"20250529-CbDRC3-p005-m2x_F08_roi_0.png",20250529,"CbDRC3","p005","m2x","F08",0,706.588348209659,30.3968573949912,"","48h",10,"15hHB101","DMSO",1,"Emodepside",0.0625,NA,NA,"ED3102",1,NA,NA,NA,736.492056585558,267.754823077289,682.331109434912,720.669560269997,747.137998264654,63.9161445659945,766.316978782216,787.56245926819,818.804110912098,0.0867845674565933,33.6901397789479,15.3724391218613,30.504660981075,31.9661671012062,34.2120754564577,3.05254603272081,35.7771282680183,36.6770390216631,38.2222301390846,0.0906065113635493,93,"1_ED3102_0.0625",NA,"n>75",NA,NA,NA,"1",771.774756976905,-24.6367587122509
"20250529-CbDRC3-p005-m2x_F09_roi_0.png",20250529,"CbDRC3","p005","m2x","F09",0,641.003691857181,27.7902237367863,"","48h",10,"15hHB101","DMSO",1,"Emodepside",0.125,NA,NA,"ED3102",1,NA,NA,NA,705.900107842998,569.691235477569,633.617971372211,661.848901903228,713.319709906679,56.7413768480979,753.661980577289,769.511714485425,789.89685974166,0.0803815953810819,32.0538636668563,26.658826603962,28.5719183503776,30.3057863618002,31.7365933317429,2.65725110903849,34.2826095392628,35.8115805972866,37.3973628403418,0.082899557340605,62,"1_ED3102_0.125",NA,NA,NA,NA,NA,"1",771.774756976905,-58.4550470702254
"20250529-CbDRC3-p005-m2x_F10_roi_0.png",20250529,"CbDRC3","p005","m2x","F10",0,653.68623943736,28.9642536087824,"","48h",10,"15hHB101","DMSO",1,"Emodepside",0.25,NA,NA,"ED3102",1,NA,NA,NA,650.966140215648,436.316263745214,557.989735951145,614.287345708342,657.25091718867,61.353958093835,698.135189517793,718.379279364423,760.095480830291,0.0942506135165648,29.2682684246498,20.7153075773096,25.6748114434395,27.6632271596204,29.1956398151865,2.71095444987888,31.4729289858936,32.5703341493567,35.145711984733,0.0926243538068589,98,"1_ED3102_0.25",NA,"n>75",NA,NA,NA,"1",771.774756976905,-114.523839788235
"20250529-CbDRC3-p005-m2x_F11_roi_0.png",20250529,"CbDRC3","p005","m2x","F11",0,676.832793926954,31.7210806690791,"","48h",10,"15hHB101","DMSO",1,"Emodepside",0.5,NA,NA,"ED3102",1,NA,NA,NA,526.487383202232,256.458290985679,431.963913543305,496.732509185989,534.997121714088,78.4404220950475,583.202724255491,601.635125139667,676.832793926954,0.14898822763416,24.8485693936979,14.7575729200319,21.218921442992,23.3200367966551,24.8801871610624,3.08355594700676,27.1861863523296,28.4006095447662,31.7210806690791,0.124093902475883,63,"1_ED3102_0.5",NA,NA,NA,NA,NA,"1",771.774756976905,-236.777635262817
"20250529-CbDRC3-p005-m2x_F12_roi_0.png",20250529,"CbDRC3","p005","m2x","F12",0,468.633525202282,22.3653891978525,"","48h",10,"15hHB101","DMSO",1,"Emodepside",1,NA,NA,"ED3102",1,NA,NA,NA,405.158695363506,129.452211540259,319.908453161712,375.466062475698,414.918860564399,72.5083661385638,442.252693635923,478.630650655892,565.795645778866,0.178962877924932,20.0100148726289,13.0479551444955,17.0384767777772,19.0186475338248,19.8518101568792,2.35310090714062,21.4548332858995,22.3596924490473,26.9207608051228,0.117596159828914,72,"1_ED3102_1",NA,NA,NA,NA,NA,"1",771.774756976905,-356.855896412506
"20250529-CbDRC3-p006-m2x_A01_roi_0.png",20250529,"CbDRC3","p006","m2x","A01",0,808.248730049958,36.7313207798417,"","48h",10,"15hHB101","DMSO",1,"Emodepside",0,NA,NA,"ECA2666",1,NA,NA,NA,772.146984604668,479.859362335908,725.824794130725,749.41690749817,771.670117016096,59.0818471038048,804.51351219292,839.92003983531,886.757015883493,0.076516321738994,34.9159763913857,24.770494972582,31.1087327210222,33.0116196020076,35.2491135611613,3.26988577674739,36.8158706686006,38.2344085125908,46.4472021532462,0.0936501313924054,83,"1_ECA2666_0",NA,"n>75",NA,NA,NA,"1",760.798262855471,10.8718541606249
"20250529-CbDRC3-p006-m2x_A02_roi_0.png",20250529,"CbDRC3","p006","m2x","A02",0,822.989174989257,37.6388621436051,"","48h",10,"15hHB101","DMSO",1,"Emodepside",0.00097,NA,NA,"ECA2666",1,NA,NA,NA,769.993085996625,579.313776032947,715.567716158122,744.961395485975,770.600116022729,47.7465174108824,805.846929138423,822.066286171108,862.730590831879,0.0620090209629385,35.3896167769505,28.7955003160668,31.8560223800383,34.2026491630836,35.7211736438801,2.39956624057203,37.0877332044474,38.1565247597493,39.8944688600864,0.0678042448353067,71,"1_ECA2666_0.00097",NA,NA,NA,NA,NA,"1",760.798262855471,9.80185316725772
"20250529-CbDRC3-p006-m2x_A03_roi_0.png",20250529,"CbDRC3","p006","m2x","A03",0,742.910583494805,33.2727301084294,"","48h",10,"15hHB101","DMSO",1,"Emodepside",0.00195,NA,NA,"ECA2666",1,NA,NA,NA,766.20968510252,608.610331837395,712.374455154325,741.594450974368,767.019594084219,42.542879069217,795.385010699349,823.524785364438,850.484970446522,0.0555238075116797,35.2347011476659,26.2682961143203,31.8953611312987,33.8509971424191,35.7560058070387,2.55326133935993,36.8634653604923,38.0916979840622,39.5546254379204,0.0724643960696421,93,"1_ECA2666_0.00195",NA,"n>75",NA,NA,NA,"1",760.798262855471,6.22133122874766
"20250529-CbDRC3-p006-m2x_A04_roi_0.png",20250529,"CbDRC3","p006","m2x","A04",0,755.274537736164,37.2323166732733,"","48h",10,"15hHB101","DMSO",1,"Emodepside",0.0039,NA,NA,"ECA2666",1,NA,NA,NA,763.463052783236,552.734532625905,708.871766960863,743.45235479168,770.696683319799,54.7086510317851,795.175332246387,824.91999792666,848.515390508867,0.0716585443556731,35.1934804239291,24.9597236251893,31.7429452218149,33.7444958143469,35.0965444939051,2.92850134268308,37.2366090051025,38.2281125091908,41.8418981517294,0.0832114729037117,80,"1_ECA2666_0.0039",NA,"n>75",NA,NA,NA,"1",760.798262855471,9.89842046432852
"20250529-CbDRC3-p006-m2x_A05_roi_0.png",20250529,"CbDRC3","p006","m2x","A05",0,722.098824766966,36.3950288709552,"","48h",10,"15hHB101","DMSO",1,"Emodepside",0.0078,NA,NA,"ECA2666",1,NA,NA,NA,770.171581525125,571.593084412289,727.197457381602,746.468266790998,772.149625216046,44.83984102833,800.382918705151,816.866057112535,849.195048788248,0.0582205863004401,36.0042161015828,24.9601840277316,33.576393462319,34.8317115370865,35.9162750447818,2.57365255450387,37.7585667383233,38.9857205244786,41.3604894615875,0.0714819772007402,72,"1_ECA2666_0.0078",NA,NA,NA,NA,NA,"1",760.798262855471,11.351362360575
"20250529-CbDRC3-p006-m2x_A06_roi_0.png",20250529,"CbDRC3","p006","m2x","A06",0,798.567701284767,34.6205568153687,"","48h",10,"15hHB101","DMSO",1,"Emodepside",0.0156,NA,NA,"ECA2666",1,NA,NA,NA,782.032063271238,620.794058284596,742.468365802069,765.191294066724,779.050636083795,41.6059248429383,810.073083822207,830.276138159572,860.217223423353,0.0532023260899315,35.7428892609615,26.9788635463971,33.6306073111557,34.7157304400194,35.5921605097267,2.14778930500328,37.2319421877294,37.8693032212154,40.1911513609931,0.060089974521145,58,"1_ECA2666_0.0156",NA,NA,NA,NA,NA,"1",760.798262855471,18.2523732283242
"20250529-CbDRC3-p006-m2x_A08_roi_0.png",20250529,"CbDRC3","p006","m2x","A08",0,742.185993077105,29.1124613553522,"","48h",10,"15hHB101","DMSO",1,"Emodepside",0.0625,NA,NA,"ECA2666",1,NA,NA,NA,707.208370490892,302.133173962945,606.892194728999,685.28504519065,729.420395669609,73.7761598480279,750.683462178745,762.577923168678,831.972744362484,0.104320258252625,31.0201945688414,22.0202509696713,27.0545643146776,29.2480278515031,31.0505099620425,3.3771757506384,33.7630371600854,34.7648155958502,36.9046156586252,0.108870231072975,69,"1_ECA2666_0.0625",NA,NA,NA,NA,NA,"1",760.798262855471,-31.3778671858622
"20250529-CbDRC3-p006-m2x_A09_roi_0.png",20250529,"CbDRC3","p006","m2x","A09",0,695.186244337944,28.0163535537962,"","48h",10,"15hHB101","DMSO",1,"Emodepside",0.125,NA,NA,"ECA2666",1,NA,NA,NA,602.457162592947,327.397275215459,516.864186133137,562.212549286759,612.391743654247,74.8763800270939,653.328550298293,688.84186178921,742.999961668116,0.124284986014324,26.4292823261037,16.7482893102817,23.4347991592973,24.5658962579041,27.1080911469024,2.97170441417478,28.316428751088,29.2369019985932,32.5179035770871,0.112439845225751,58,"1_ECA2666_0.125",NA,NA,NA,NA,NA,"1",760.798262855471,-148.406519201224
"20250529-CbDRC3-p006-m2x_A10_roi_0.png",20250529,"CbDRC3","p006","m2x","A10",0,506.457023325959,23.2658567318216,"","48h",10,"15hHB101","DMSO",1,"Emodepside",0.25,NA,NA,"ECA2666",1,NA,NA,NA,408.837765057848,206.251687142216,328.250625647957,369.657652597336,417.648932064882,69.4014871717522,456.384056745403,485.475334130316,591.5363211409,0.169753122395463,19.7333179449849,14.5281383754634,16.872875150811,18.3309440486044,19.5270344406493,2.30960655717412,21.279469527334,22.7403340480654,25.2692329817027,0.117040964100064,57,"1_ECA2666_0.25",NA,NA,NA,NA,NA,"1",760.798262855471,-343.149330790589
"20250529-CbDRC3-p006-m2x_A12_roi_1.png",20250529,"CbDRC3","p006","m2x","A12",1,305.530447934883,17.2915363815065,"","48h",10,"15hHB101","DMSO",1,"Emodepside",1,NA,NA,"ECA2666",1,NA,NA,NA,260.778420861978,189.303952316821,239.842639084016,251.620362537586,259.481983281638,22.2653222355877,270.239372916284,290.927964728896,305.530447934883,0.0853802326204438,15.2940852906054,12.7469402148371,14.0571404572806,14.3654348902376,15.0303894044957,1.34746402757302,15.6122446508217,17.3015123025766,19.0984682146802,0.0881036035807067,50,"1_ECA2666_1",NA,NA,NA,NA,NA,"1",760.798262855471,-501.316279573833
"20250529-CbDRC3-p006-m2x_B01_roi_0.png",20250529,"CbDRC3","p006","m2x","B01",0,817.541687857561,39.2580058384899,"","48h",10,"15hHB101","DMSO",1,"Emodepside",0,NA,NA,"JU3237",1,NA,NA,NA,833.640508479591,726.778178696775,788.894751597214,818.435053390484,833.799332064305,36.1628857994463,850.023277358519,864.889329470915,945.789711966277,0.0433794728442369,39.142631038776,32.7307101802287,36.9419815328319,37.567275766286,39.0899269374928,2.160143537608,40.2269298281599,41.7324870581715,45.105675521299,0.055186467549105,74,"1_JU3237_0",NA,NA,NA,NA,NA,"1",829.343414006611,4.45591805769413
"20250529-CbDRC3-p006-m2x_B02_roi_0.png",20250529,"CbDRC3","p006","m2x","B02",0,874.559699228933,35.8483491007872,"","48h",10,"15hHB101","DMSO",1,"Emodepside",0.00097,NA,NA,"JU3237",1,NA,NA,NA,831.861165593883,570.414431437681,795.224506312415,820.83918983798,837.60067382414,40.8488729830854,850.728216899709,869.478439353496,896.89813764173,0.0491053972376779,38.1242000566969,25.0839865706972,36.118146067823,37.303337387962,38.3252975029751,2.11427513570278,39.1216217803495,40.0007685177688,43.4309723021508,0.0554575606192002,81,"1_JU3237_0.00097",NA,"n>75",NA,NA,NA,"1",829.343414006611,8.2572598175293
"20250529-CbDRC3-p006-m2x_B03_roi_0.png",20250529,"CbDRC3","p006","m2x","B03",0,820.542040116752,38.0609742156192,"","48h",10,"15hHB101","DMSO",1,"Emodepside",0.00195,NA,NA,"JU3237",1,NA,NA,NA,832.27763248617,272.100768246747,806.277697659979,826.2689794422,840.834977035085,74.2321532873071,856.333545811473,867.395343203329,911.74549098651,0.0891915754909352,37.7856137736488,17.5417092566827,35.7778649607084,37.2237596821165,38.1943368975557,3.16169055839769,39.315053099523,40.5148298021379,41.6049712690748,0.0836744528575745,67,"1_JU3237_0.00195",NA,NA,NA,NA,NA,"1",829.343414006611,11.4915630284744
"20250529-CbDRC3-p006-m2x_B04_roi_0.png",20250529,"CbDRC3","p006","m2x","B04",0,869.151951250111,38.4127971368007,"","48h",10,"15hHB101","DMSO",1,"Emodepside",0.0039,NA,NA,"JU3237",1,NA,NA,NA,819.636087509545,324.040943219876,777.901049114603,807.867392926373,833.13366616878,71.7360512363596,850.924157357191,868.916464810591,883.127317746537,0.0875218311267001,38.0241010960758,27.9543458227131,35.8180565504213,36.9566018843825,38.0670941467761,2.48528829483039,39.7298405791196,40.5859970186473,43.6639951589353,0.065360869111693,68,"1_JU3237_0.0039",NA,NA,NA,NA,NA,"1",829.343414006611,3.79025216216871
"20250529-CbDRC3-p006-m2x_B05_roi_0.png",20250529,"CbDRC3","p006","m2x","B05",0,859.807728960699,36.9278638643713,"","48h",10,"15hHB101","DMSO",1,"Emodepside",0.0078,NA,NA,"JU3237",1,NA,NA,NA,830.621550768335,662.693091099496,799.67679891279,820.582058820045,834.264601049904,40.0154292687854,853.382334613461,861.595123165653,895.90782144751,0.0481752841974431,37.5388283470703,31.5865658248999,35.9549882678817,36.6072204154141,37.7786390208317,1.83169901564231,38.7107519897019,39.3509793999634,41.3966711736138,0.0487947838623809,58,"1_JU3237_0.0078",NA,NA,NA,NA,NA,"1",829.343414006611,4.92118704329278
"20250529-CbDRC3-p006-m2x_B06_roi_0.png",20250529,"CbDRC3","p006","m2x","B06",0,894.123463929813,38.1251587042657,"","48h",10,"15hHB101","DMSO",1,"Emodepside",0.0156,NA,NA,"JU3237",1,NA,NA,NA,811.259379659836,277.82602699918,771.849949988065,799.44921283977,826.480197022131,66.9811768406448,838.448517114101,850.956167905838,894.123463929813,0.0825644405722991,35.923587326997,17.64260213835,33.7931244032221,35.2547676223941,36.0838673196552,2.83561337436722,37.4819482799653,38.3462945508825,40.5293388681439,0.0789345826895251,88,"1_JU3237_0.0156",NA,"n>75",NA,NA,NA,"1",829.343414006611,-2.86321698447966
"20250529-CbDRC3-p006-m2x_B07_roi_0.png",20250529,"CbDRC3","p006","m2x","B07",0,766.224477752946,35.1125538149388,"","48h",10,"15hHB101","DMSO",1,"Emodepside",0.0312,NA,NA,"JU3237",1,NA,NA,NA,794.626685944612,533.717508000373,756.839592410613,775.584064471937,799.865254018795,46.5253267607939,818.875185514428,840.260853478426,893.875941708644,0.0585499173180762,35.4066791427167,28.2967106962371,33.1017922063481,34.2658178181149,35.775479085364,2.00381551195609,36.8214237080029,37.6607737839689,38.2078523903091,0.0565942799628041,63,"1_JU3237_0.0312",NA,NA,NA,NA,NA,"1",829.343414006611,-29.4781599878162
"20250529-CbDRC3-p006-m2x_B08_roi_0.png",20250529,"CbDRC3","p006","m2x","B08",0,805.801443948304,34.6046757626109,"","48h",10,"15hHB101","DMSO",1,"Emodepside",0.0625,NA,NA,"JU3237",1,NA,NA,NA,735.828684434186,264.562967828408,697.514892045838,718.596772199402,739.80693091741,66.5416875625597,769.926397086711,792.840622695225,827.263726551468,0.0904309508044346,31.9586084303744,16.7349990818739,28.5786212454676,30.1753631521873,32.045820267973,3.2368527922238,34.4309281135674,35.8371680793684,37.6303446126373,0.101282657512315,77,"1_JU3237_0.0625",NA,"n>75",NA,NA,NA,"1",829.343414006611,-89.5364830892013
"20250529-CbDRC3-p006-m2x_B09_roi_0.png",20250529,"CbDRC3","p006","m2x","B09",0,531.043401840112,24.2708682533077,"","48h",10,"15hHB101","DMSO",1,"Emodepside",0.125,NA,NA,"JU3237",1,NA,NA,NA,374.161343625861,260.75298064519,296.925783977136,335.107435815458,373.660541113757,59.129008899849,413.521952610508,448.253516226458,531.043401840112,0.158030779788343,18.5646989471483,14.0843249996134,16.3759403961683,17.1500607774291,18.0739977553262,2.07453820369354,19.964040603228,21.3387633980844,24.2708682533077,0.111746396189862,77,"1_JU3237_0.125",NA,"n>75",NA,NA,NA,"1",829.343414006611,-455.682872892854
"20250529-CbDRC3-p006-m2x_B10_roi_0.png",20250529,"CbDRC3","p006","m2x","B10",0,263.882967219357,15.4727658821908,"","48h",10,"15hHB101","DMSO",1,"Emodepside",0.25,NA,NA,"JU3237",1,NA,NA,NA,261.235339620119,202.895896755707,234.566908397359,243.953615326024,260.117358067181,22.2604701961365,278.9337267346,288.923886496527,329.974886584797,0.085212323219772,15.5816900583639,13.4787845900673,14.3639330577556,14.897229326206,15.4681038698788,1.18528943632336,15.8580969386825,16.8112571934612,19.5319791742001,0.0760693757791135,76,"1_JU3237_0.25",NA,"n>75",NA,NA,NA,"1",829.343414006611,-569.22605593943
"20250529-CbDRC3-p006-m2x_B11_roi_0.png",20250529,"CbDRC3","p006","m2x","B11",0,259.493884307076,14.7529575722832,"","48h",10,"15hHB101","DMSO",1,"Emodepside",0.5,NA,NA,"JU3237",1,NA,NA,NA,258.306450531661,180.746254039819,240.990707530982,245.724725869399,257.266331352009,19.5281944509555,271.50620166793,282.677438826801,326.320358727931,0.0756008779910894,15.2248046831504,12.0931366488711,13.6816078248855,14.775963209427,15.3087341293106,1.00390602576272,15.8791362009282,16.3626265838017,16.8499682602135,0.0659388443172453,81,"1_JU3237_0.5",NA,"n>75",NA,NA,NA,"1",829.343414006611,-572.077082654601
"20250529-CbDRC3-p006-m2x_B12_roi_0.png",20250529,"CbDRC3","p006","m2x","B12",0,282.830709795242,17.0748483201948,"","48h",10,"15hHB101","DMSO",1,"Emodepside",1,NA,NA,"JU3237",1,NA,NA,NA,271.830324737056,212.864057378343,243.27309609468,259.161960987476,268.602461784452,21.4570633976895,288.644954596691,299.75324980652,321.43475207296,0.0789355029408329,15.5660919635324,12.5506238361879,14.1689026744677,14.5916659565657,15.548783101984,1.3343713149821,16.4192553642001,17.1664361449289,19.4422398164396,0.0857229494794332,54,"1_JU3237_1",NA,NA,NA,NA,NA,"1",829.343414006611,-560.740952222159
"20250529-CbDRC3-p006-m2x_C01_roi_0.png",20250529,"CbDRC3","p006","m2x","C01",0,805.937259526647,39.5608786235943,"","48h",10,"15hHB101","DMSO",1,"Emodepside",0,NA,NA,"VX34",1,NA,NA,NA,785.00062333097,540.337806857244,730.339593625763,763.570380491487,796.412547472193,54.3116734133458,814.027059169569,828.640094644963,919.328189428799,0.0691867901746201,39.1219516083998,32.9518608059611,35.4541230301311,37.7327657058529,39.0562789982037,2.51104488395772,40.814709351982,42.5418796686681,44.9982438231297,0.0641850618571539,57,"1_VX34_0",NA,NA,NA,NA,NA,"1",793.175483631588,3.23706384060472
"20250529-CbDRC3-p006-m2x_C02_roi_0.png",20250529,"CbDRC3","p006","m2x","C02",0,817.377328201191,36.9189261836649,"","48h",10,"15hHB101","DMSO",1,"Emodepside",0.00097,NA,NA,"VX34",1,NA,NA,NA,795.099408168183,315.534579860367,741.145539226522,772.233821179197,803.42486497089,78.1985624244148,820.280764345491,856.037177587427,1030.65399874115,0.0983506736655424,38.8999732114311,21.1253860103622,36.2776085916734,37.5474811966248,39.1512205583113,3.19107422325147,40.6139212053455,41.9824959297586,45.0879298304166,0.0820328128738592,68,"1_VX34_0.00097",NA,NA,NA,NA,NA,"1",793.175483631588,10.2493813393017
"20250529-CbDRC3-p006-m2x_C03_roi_0.png",20250529,"CbDRC3","p006","m2x","C03",0,806.456968653899,38.4151513212024,"","48h",10,"15hHB101","DMSO",1,"Emodepside",0.00195,NA,NA,"VX34",1,NA,NA,NA,798.334157715875,697.488343631526,752.359245478992,783.277971507493,802.110368379341,37.132853878723,816.571461800533,844.228533393798,884.122607529434,0.0465129213373061,39.2469304521834,33.2276567827537,35.7481884670266,37.84593020504,39.143031847357,2.72162271488533,40.7270401867329,42.367235261254,46.4999395932785,0.0693461293285402,48,"1_VX34_0.00195",NA,NA,NA,NA,NA,"1",793.175483631588,8.93488474775324
"20250529-CbDRC3-p006-m2x_C04_roi_0.png",20250529,"CbDRC3","p006","m2x","C04",0,838.805487557225,38.228363217087,"","48h",10,"15hHB101","DMSO",1,"Emodepside",0.0039,NA,NA,"VX34",1,NA,NA,NA,791.957853143927,229.890023429993,769.356910962906,784.38369636638,799.81035167823,82.853443711549,821.221480556058,835.456961666447,916.402350422228,0.104618501328873,38.2787126209695,14.1301489912153,36.2171682630117,37.6824095860514,38.5611450481868,3.67494892883895,39.6491793486513,41.3162589214236,43.860136415039,0.0960050293547693,64,"1_VX34_0.0039",NA,NA,NA,NA,NA,"1",793.175483631588,6.63486804664205
"20250529-CbDRC3-p006-m2x_C05_roi_0.png",20250529,"CbDRC3","p006","m2x","C05",0,828.893109705959,39.779217308827,"","48h",10,"15hHB101","DMSO",1,"Emodepside",0.0078,NA,NA,"VX34",1,NA,NA,NA,803.740854064762,707.844609313196,745.476484803342,783.735848674921,807.916922377944,39.3633936241969,820.576476494302,853.054701222241,910.410482584666,0.048975230542437,38.6303410478198,32.2320508820473,35.9760353284686,37.3670548596989,38.6925161123961,2.19807680157925,40.0176218787201,41.4420508702222,43.6462033450374,0.056900269113811,66,"1_VX34_0.0078",NA,NA,NA,NA,NA,"1",793.175483631588,14.7414387463558
"20250529-CbDRC3-p006-m2x_C06_roi_0.png",20250529,"CbDRC3","p006","m2x","C06",0,837.245074194161,38.9434487549979,"","48h",10,"15hHB101","DMSO",1,"Emodepside",0.0156,NA,NA,"VX34",1,NA,NA,NA,794.999304879238,497.587487636576,749.8063806369,780.588558096079,801.348539198076,47.6057261121247,815.857658490698,834.81980091318,920.109813793141,0.0598814688515434,37.2795417303511,26.7502987993218,35.3625486437655,36.1484488749909,37.4949076335951,2.17415256191184,38.7673925088352,39.5920322062095,40.8524410644472,0.0583202598797441,76,"1_VX34_0.0156",NA,"n>75",NA,NA,NA,"1",793.175483631588,8.17305556648762
"20250529-CbDRC3-p006-m2x_C07_roi_0.png",20250529,"CbDRC3","p006","m2x","C07",0,805.296524619827,36.0850729331675,"","48h",10,"15hHB101","DMSO",1,"Emodepside",0.0312,NA,NA,"VX34",1,NA,NA,NA,776.05076029603,683.849353209636,737.29119150881,752.635638244973,778.407049454943,32.3743222147086,799.700264775301,805.757904093401,866.336345917167,0.0417167585820794,36.0223401458304,29.988193173602,33.4281532074309,34.4392310358149,36.0124221843463,2.30911013378499,37.8050760504726,38.5973896686016,41.5745600871537,0.0641021689439649,60,"1_VX34_0.0312",NA,NA,NA,NA,NA,"1",793.175483631588,-14.7684341766447
"20250529-CbDRC3-p006-m2x_C08_roi_0.png",20250529,"CbDRC3","p006","m2x","C08",0,756.743424662144,31.4201837786609,"","48h",10,"15hHB101","DMSO",1,"Emodepside",0.0625,NA,NA,"VX34",1,NA,NA,NA,717.741528701559,408.291392432307,628.607180841352,703.164590585272,743.463572418246,77.420440925705,763.792070991001,776.548504386774,800.15969588511,0.107866742872972,33.1003303655079,23.0974326027839,28.6588932615022,31.3991655448006,33.4726225796378,3.47074084271679,35.1299607406034,37.0260107524836,40.1557505035847,0.104855172271436,68,"1_VX34_0.0625",NA,NA,NA,NA,NA,"1",793.175483631588,-49.7119112133422
"20250529-CbDRC3-p006-m2x_C09_roi_0.png",20250529,"CbDRC3","p006","m2x","C09",0,658.894834178616,27.6921793623744,"","48h",10,"15hHB101","DMSO",1,"Emodepside",0.125,NA,NA,"VX34",1,NA,NA,NA,541.584006893333,311.075083665632,443.252973973347,513.32213537077,546.697646380741,76.5119482887412,582.21212088259,629.699902956516,725.184389717705,0.14127438645693,25.0393043838298,18.820940082891,21.4514332595427,23.0068822405564,24.4117727423691,4.36855179005123,26.5234657699513,27.8754560914369,53.2814850710153,0.174467777662083,67,"1_VX34_0.125",NA,NA,NA,NA,NA,"1",793.175483631588,-246.477837250847
"20250529-CbDRC3-p006-m2x_C10_roi_0.png",20250529,"CbDRC3","p006","m2x","C10",0,428.44007818777,20.0276306276739,"","48h",10,"15hHB101","DMSO",1,"Emodepside",0.25,NA,NA,"VX34",1,NA,NA,NA,348.26685281432,249.985544415908,266.79647500699,298.122253794553,341.185649018247,64.9679752094305,399.155972687477,426.577663088721,568.645745879084,0.186546536612454,18.5551718943976,14.6418661515246,15.732246779692,16.7713546751326,17.9063194050681,4.9612395872685,19.4948451250018,20.113409184954,51.473085671723,0.267377721721159,52,"1_VX34_0.25",NA,NA,NA,NA,NA,"1",793.175483631588,-451.989834613342
"20250529-CbDRC3-p006-m2x_C11_roi_0.png",20250529,"CbDRC3","p006","m2x","C11",0,252.147734030707,15.3202892526935,"","48h",10,"15hHB101","DMSO",1,"Emodepside",0.5,NA,NA,"VX34",1,NA,NA,NA,270.799982356925,124.446631791139,246.90679520865,264.265181070092,278.912821025009,40.2454642201714,289.735322440428,307.273381793258,315.51735062977,0.148616938117545,15.8849204357829,12.1188362968784,14.2292331965547,15.2975446135304,15.9677908855363,1.49363783546384,16.5840066109152,17.3232349455004,21.1908831473907,0.0940286633163874,43,"1_VX34_0.5",NA,NA,NA,NA,NA,"1",793.175483631588,-514.262662606579
"20250529-CbDRC3-p006-m2x_C12_roi_0.png",20250529,"CbDRC3","p006","m2x","C12",0,301.996991366652,15.4988538839428,"","48h",10,"15hHB101","DMSO",1,"Emodepside",1,NA,NA,"VX34",1,NA,NA,NA,257.21292512907,174.413791320448,218.173636070735,243.691760282862,261.166753818376,26.6959654350866,276.921370915579,288.335245280588,301.996991366652,0.103789362146908,15.5944451051755,13.3478545935229,14.399183144458,15.2186358795167,15.5958740093077,1.08492710410615,16.2047692851982,16.9327645729302,19.5475695712651,0.0695713824242508,49,"1_VX34_1",NA,NA,NA,NA,NA,"1",793.175483631588,-532.008729813212
"20250529-CbDRC3-p006-m2x_D01_roi_0.png",20250529,"CbDRC3","p006","m2x","D01",0,794.49261949452,39.5239447950898,"","48h",10,"15hHB101","DMSO",1,"Emodepside",0,NA,NA,"NIC1667",1,NA,NA,NA,747.956517656227,574.478996988613,680.198981208196,729.885795378719,753.068338779105,47.6714774824421,781.598600071997,792.768182450745,842.864493940179,0.0637356268140078,36.4170832481353,31.0718393059038,32.9902924070364,34.5985347380374,36.6429470101833,2.6169564377199,38.1794979805043,39.9545662528184,42.2739470973329,0.0718606819741363,60,"1_NIC1667_0",NA,NA,NA,NA,NA,"1",753.663548623609,-0.595209844503529
"20250529-CbDRC3-p006-m2x_D02_roi_0.png",20250529,"CbDRC3","p006","m2x","D02",0,797.451810920331,37.505334936168,"","48h",10,"15hHB101","DMSO",1,"Emodepside",0.00097,NA,NA,"NIC1667",1,NA,NA,NA,765.369441118189,638.039802576137,721.401045825565,740.076151625399,764.227295772614,44.279065817366,791.338516812865,809.307642454712,981.039760961995,0.0578531927701153,36.2928563478218,29.3721062912243,33.8591592698978,34.9794398152357,36.5838300781254,2.24519407407802,37.8229366970813,39.005978710635,40.3919944574019,0.0618632507885472,80,"1_NIC1667_0.00097",NA,"n>75",NA,NA,NA,"1",753.663548623609,10.5637471490053
"20250529-CbDRC3-p006-m2x_D03_roi_0.png",20250529,"CbDRC3","p006","m2x","D03",0,742.358887027226,36.5510787916702,"","48h",10,"15hHB101","DMSO",1,"Emodepside",0.00195,NA,NA,"NIC1667",1,NA,NA,NA,750.18337370408,629.593615189356,696.900670955486,714.987807844616,757.884428286712,42.6952485816266,778.828396456708,804.276003149271,826.258474459485,0.0569130829583919,36.051216866732,29.7994573015132,32.8810093945326,34.5433585996266,36.3978240003343,2.44984404575966,37.5622130393181,38.5842023519708,43.2487470053314,0.0679545451909661,63,"1_NIC1667_0.00195",NA,NA,NA,NA,NA,"1",753.663548623609,4.22087966310301
"20250529-CbDRC3-p006-m2x_D04_roi_0.png",20250529,"CbDRC3","p006","m2x","D04",0,774.92588673197,37.1436651969207,"","48h",10,"15hHB101","DMSO",1,"Emodepside",0.0039,NA,NA,"NIC1667",1,NA,NA,NA,759.289137091429,692.161000918701,723.37357282988,740.136793021002,759.080283743673,29.4046300755071,777.348058653073,791.174301612179,834.471687882767,0.0387265254289637,35.5380280034044,30.0599089448165,32.7474537269247,33.8640105922451,35.4390305755506,2.19308515843038,37.1399939305082,38.2795747680432,40.3093355768322,0.0617109412548241,62,"1_NIC1667_0.0039",NA,NA,NA,NA,NA,"1",753.663548623609,5.41673512006423
"20250529-CbDRC3-p006-m2x_D05_roi_0.png",20250529,"CbDRC3","p006","m2x","D05",0,780.818192006803,34.785244916409,"","48h",10,"15hHB101","DMSO",1,"Emodepside",0.0078,NA,NA,"NIC1667",1,NA,NA,NA,756.082112896662,627.66133981419,722.483286782724,742.053205226911,756.888675964703,34.0468659346351,772.556893573174,797.493844201135,829.383760790512,0.0450306459495471,35.374358698065,31.6187656295156,32.8638514789851,33.9044280972154,35.1631410469839,1.81951109211972,36.8352733753106,37.5449958143798,39.1595498502557,0.0514358749977636,67,"1_NIC1667_0.0078",NA,NA,NA,NA,NA,"1",753.663548623609,3.22512734109489
"20250529-CbDRC3-p006-m2x_D06_roi_0.png",20250529,"CbDRC3","p006","m2x","D06",0,754.278749089848,35.6230778266291,"","48h",10,"15hHB101","DMSO",1,"Emodepside",0.0156,NA,NA,"NIC1667",1,NA,NA,NA,759.511231973987,652.50759280643,725.60255950112,741.951587099983,758.885934323465,31.7945935008325,773.606025636216,803.664097089289,835.220218950684,0.0418619135074509,35.2314634691848,28.8209659860135,32.4137978819729,33.9395219899532,35.1596858387743,2.36891572855856,36.5653349675435,37.9433264529581,41.5985852503692,0.0672386411262914,57,"1_NIC1667_0.0156",NA,NA,NA,NA,NA,"1",753.663548623609,5.22238569985609
"20250529-CbDRC3-p006-m2x_D07_roi_0.png",20250529,"CbDRC3","p006","m2x","D07",0,752.422520109399,33.9057066705329,"","48h",10,"15hHB101","DMSO",1,"Emodepside",0.0312,NA,NA,"NIC1667",1,NA,NA,NA,732.416604019989,183.965060516001,649.525574297157,717.534207255401,749.973264532452,86.5345110967518,773.310642095082,794.780684063168,852.960607539001,0.118149302762653,33.8874250166965,14.4375310034617,29.709700428595,33.216546697593,34.6289072237077,3.51509633457606,35.7138835098871,36.9005705026058,38.621254692595,0.103728634820856,64,"1_NIC1667_0.0312",NA,NA,NA,NA,NA,"1",753.663548623609,-3.69028409115697
"20250529-CbDRC3-p006-m2x_D08_roi_0.png",20250529,"CbDRC3","p006","m2x","D08",0,774.951397921106,36.831060158897,"","48h",10,"15hHB101","DMSO",1,"Emodepside",0.0625,NA,NA,"NIC1667",1,NA,NA,NA,738.05296523249,616.17715828915,674.436489600703,714.532382003444,746.461875114413,44.954626373104,766.52112182338,786.591515929649,802.251338743455,0.060909756468417,33.6849288859028,25.9361380836512,29.3856299442205,32.763020191696,34.1514448833013,2.93135780922959,35.8717848038324,36.6929809564585,37.310917399832,0.0870228290865225,44,"1_NIC1667_0.0625",NA,NA,NA,NA,NA,"1",753.663548623609,-7.20167350919553
"20250529-CbDRC3-p006-m2x_D09_roi_0.png",20250529,"CbDRC3","p006","m2x","D09",0,676.27164193141,29.1935118353369,"","48h",10,"15hHB101","DMSO",1,"Emodepside",0.125,NA,NA,"NIC1667",1,NA,NA,NA,681.236774057966,500.361039450549,612.220034024288,653.49857458419,695.228736334425,58.9291791887521,718.456880632761,737.73582975548,772.919133541439,0.0865032268262984,31.4132037427554,25.0536992963085,28.1428535367852,29.925732775537,30.8981559211561,2.83316282511257,33.3676645669822,35.5270639508397,37.3491301141065,0.0901901903515956,60,"1_NIC1667_0.125",NA,NA,NA,NA,NA,"1",753.663548623609,-58.4348122891835
"20250529-CbDRC3-p006-m2x_D10_roi_0.png",20250529,"CbDRC3","p006","m2x","D10",0,629.043592464424,26.5841515950155,"","48h",10,"15hHB101","DMSO",1,"Emodepside",0.25,NA,NA,"NIC1667",1,NA,NA,NA,609.484418351572,366.98121691473,570.092445522064,583.999113363959,612.749628518732,63.367299287291,642.396096034613,670.212787600267,809.548016093486,0.10396869448882,27.2063382503664,17.9565966110458,24.8912560693201,26.179371389492,27.2088004172591,2.22967759673846,28.4236597096737,29.734356666187,33.7196343354942,0.0819543437348988,59,"1_NIC1667_0.25",NA,NA,NA,NA,NA,"1",753.663548623609,-140.913920104876
"20250529-CbDRC3-p006-m2x_D11_roi_0.png",20250529,"CbDRC3","p006","m2x","D11",0,541.472540757154,23.5278111357511,"","48h",10,"15hHB101","DMSO",1,"Emodepside",0.5,NA,NA,"NIC1667",1,NA,NA,NA,463.098366093099,242.360501971029,279.488676408937,447.917816320606,478.636774602586,103.369301879016,542.928435880637,555.749610636694,635.369280164581,0.223212408955541,21.5988802426848,13.9736421732946,15.9589709945619,20.8444571171664,22.3286506664112,3.20832476414812,23.2038409741929,24.4919946054985,29.4852628317837,0.14854125436594,51,"1_NIC1667_0.5",NA,NA,NA,NA,NA,"1",753.663548623609,-275.026774021023
"20250529-CbDRC3-p006-m2x_E02_roi_0.png",20250529,"CbDRC3","p006","m2x","E02",0,741.841756634293,36.6048449261302,"","48h",10,"15hHB101","DMSO",1,"Emodepside",0.00097,NA,NA,"PB420",1,NA,NA,NA,764.955933307735,441.904169416476,745.142456113452,760.232214245979,771.632892877365,45.3761225502952,780.595525961412,791.852364772977,809.113173086995,0.0593186098368894,37.6789898263861,27.7069062191667,35.4271147563573,36.7453836156522,37.7681923851384,2.26755617493889,38.9732116925194,40.1438333597347,41.2311058239583,0.0601809174127845,61,"1_PB420_0.00097",NA,NA,NA,NA,NA,"1",769.666143305705,1.96674957166022
"20250529-CbDRC3-p006-m2x_E03_roi_0.png",20250529,"CbDRC3","p006","m2x","E03",0,770.139049785388,37.1315409745723,"","48h",10,"15hHB101","DMSO",1,"Emodepside",0.00195,NA,NA,"PB420",1,NA,NA,NA,748.507544778566,169.791121825788,733.377697728111,760.477386959513,769.764873877436,117.691374840675,785.253421102946,803.16126492533,820.184253483754,0.157234720827687,37.5823016106515,12.5942693199806,36.2765677794045,37.3048230444448,38.1543569962822,5.30212383650341,39.5208510303301,40.7229719142563,43.5603647355164,0.141080338597482,57,"1_PB420_0.00195",NA,NA,NA,NA,NA,"1",769.666143305705,0.0987305717313802
"20250529-CbDRC3-p006-m2x_E04_roi_0.png",20250529,"CbDRC3","p006","m2x","E04",0,745.922710444362,34.8796258811826,"","48h",10,"15hHB101","DMSO",1,"Emodepside",0.0039,NA,NA,"PB420",1,NA,NA,NA,771.851948896255,698.779997668557,737.122733942808,758.376290032556,773.94677952089,26.206826066959,789.690123512764,801.463194043324,840.761579828603,0.0339531772957685,37.8323954787285,34.326506128195,35.9936935348043,36.7083883131044,37.7598674935565,1.63450435515632,39.0713744617128,40.0645287024442,41.0927354289448,0.0432038292704813,71,"1_PB420_0.0039",NA,NA,NA,"outlier","outlier","1",769.666143305705,4.28063621518584
"20250529-CbDRC3-p006-m2x_E05_roi_0.png",20250529,"CbDRC3","p006","m2x","E05",0,791.365631782802,36.9289603052249,"","48h",10,"15hHB101","DMSO",1,"Emodepside",0.0078,NA,NA,"PB420",1,NA,NA,NA,756.063829409381,349.110493594536,713.197010678033,755.237565330502,775.803927907216,78.6966088283306,794.058388712468,809.551032223727,834.516663222605,0.104087255291404,38.0556607920204,30.6132468967612,35.3330969533363,36.9377131237907,38.2003141489935,2.41549127548382,39.5506058851639,40.6902297000863,43.1958068471952,0.0634725879202262,62,"1_PB420_0.0078",NA,NA,NA,NA,NA,"1",769.666143305705,6.13778460151173
"20250529-CbDRC3-p006-m2x_E06_roi_0.png",20250529,"CbDRC3","p006","m2x","E06",0,762.586515869516,36.2928350499934,"","48h",10,"15hHB101","DMSO",1,"Emodepside",0.0156,NA,NA,"PB420",1,NA,NA,NA,756.879902170724,250.681647636561,738.493043437618,751.205582741223,771.980816989149,84.7081380147185,788.958767567776,810.635638224877,825.92715472732,0.11191754170216,39.3099233003148,34.2982208603021,36.1707346464128,37.2324992140111,38.4444765380167,3.45132539293892,40.6684444531996,42.6194943096917,55.0768976220497,0.087797815492336,58,"1_PB420_0.0156",NA,NA,NA,"outlier","outlier","1",769.666143305705,2.31467368344465
"20250529-CbDRC3-p006-m2x_E07_roi_0.png",20250529,"CbDRC3","p006","m2x","E07",0,770.56497295373,35.8480892404357,"","48h",10,"15hHB101","DMSO",1,"Emodepside",0.0312,NA,NA,"PB420",1,NA,NA,NA,774.803684066415,543.789281169058,739.947053967239,766.259777545027,779.613629977329,36.7267257863212,789.054321285579,803.881266656196,836.592276887569,0.0474013308681856,37.1938413459877,32.0173263533041,34.5167218961233,35.8931547981123,37.0835093187411,1.88740660162898,38.5451530308035,39.7413217084373,41.522466849418,0.0507451377251353,71,"1_PB420_0.0312",NA,NA,NA,NA,NA,"1",769.666143305705,9.94748667162423
"20250529-CbDRC3-p006-m2x_E08_roi_0.png",20250529,"CbDRC3","p006","m2x","E08",0,798.424868342497,33.9349648091019,"","48h",10,"15hHB101","DMSO",1,"Emodepside",0.0625,NA,NA,"PB420",1,NA,NA,NA,752.714847066665,145.815942299114,725.631558208092,746.183183153348,774.639476172091,106.778376164244,792.141887197159,807.582298898683,851.892521516085,0.141857672371363,36.1641466998661,16.6915404305169,33.8580261408514,34.9698937195976,36.4777952545343,3.18027523735021,38.0745529831783,39.0388144583926,41.2326593642428,0.0879400048822938,78,"1_PB420_0.0625",NA,"n>75",NA,NA,NA,"1",769.666143305705,4.97333286638604
"20250529-CbDRC3-p006-m2x_E09_roi_0.png",20250529,"CbDRC3","p006","m2x","E09",0,761.656729459446,35.4868839352394,"","48h",10,"15hHB101","DMSO",1,"Emodepside",0.125,NA,NA,"PB420",1,NA,NA,NA,737.987775292836,381.021591693957,689.548567960787,722.015265234586,762.573396823986,86.2232469732733,782.716957708905,797.061503292075,824.010742599361,0.116835603325624,35.5713105516066,25.7728638546563,31.2834782857174,33.9368325885916,36.1783695230561,3.54302357467309,37.7089376997019,39.169642242453,42.5467868814912,0.0996034028471594,57,"1_PB420_0.125",NA,NA,NA,NA,NA,"1",769.666143305705,-7.09274648171834
"20250529-CbDRC3-p006-m2x_E10_roi_0.png",20250529,"CbDRC3","p006","m2x","E10",0,755.001495343664,34.0982216917502,"","48h",10,"15hHB101","DMSO",1,"Emodepside",0.25,NA,NA,"PB420",1,NA,NA,NA,718.003982030869,336.235349755004,633.72961925671,699.854846288801,733.348909283782,71.8275129501099,750.329971037547,772.916404797455,837.33792674004,0.10003776406218,33.9282604085007,23.4589250030152,29.4353715446292,32.3647258591373,34.0982216917502,3.30010845384353,35.5306489233007,37.9491435992572,43.5822108840076,0.0972672460689052,61,"1_PB420_0.25",NA,NA,NA,NA,NA,"1",769.666143305705,-36.3172340219222
"20250529-CbDRC3-p006-m2x_E11_roi_0.png",20250529,"CbDRC3","p006","m2x","E11",0,743.594442584136,32.6038397962859,"","48h",10,"15hHB101","DMSO",1,"Emodepside",0.5,NA,NA,"PB420",1,NA,NA,NA,651.874896921225,436.571979870238,588.795424020154,617.485135450464,646.401018033727,59.3572374373681,689.495595607118,715.999036498706,783.023073058435,0.0910561792112406,28.9597769682726,21.4118666490725,26.5102454954713,27.3698785725625,29.0641532336359,2.42759599879475,30.4137378265095,31.7827622649886,34.5954558158779,0.0838264742665095,52,"1_PB420_0.5",NA,NA,NA,NA,NA,"1",769.666143305705,-123.265125271978
"20250529-CbDRC3-p006-m2x_E12_roi_0.png",20250529,"CbDRC3","p006","m2x","E12",0,584.028007672783,26.5226507253928,"","48h",10,"15hHB101","DMSO",1,"Emodepside",1,NA,NA,"PB420",1,NA,NA,NA,547.747797502356,448.01908914147,456.943832345252,516.696453598117,550.940797981404,55.5767896524045,584.674665012988,614.129058309466,679.036168507592,0.101464195576552,25.2129875994753,18.1848055819997,22.4060333376703,23.5479237990218,25.1426748547423,2.42208437348769,27.6883379116224,28.5189058941513,28.8320335840952,0.0960649492223641,59,"1_PB420_1",NA,NA,NA,NA,NA,"1",769.666143305705,-218.725345324301
"20250529-CbDRC3-p006-m2x_F01_roi_0.png",20250529,"CbDRC3","p006","m2x","F01",0,802.272354017289,39.6606715656342,"","48h",10,"15hHB101","DMSO",1,"Emodepside",0,NA,NA,"ED3102",1,NA,NA,NA,769.57976316962,207.795939097152,739.764731452096,756.879154260179,777.361726175647,77.515318010549,798.543154017516,808.810156513718,863.042928906448,0.100724215630738,37.7527176827962,14.0044837435383,34.8370322298327,36.6046089126885,38.325319779465,3.76941588753344,39.6657746642314,40.6110718979113,43.2080205617165,0.0998448884979516,62,"1_ED3102_0",NA,NA,NA,NA,NA,"1",771.774756976905,5.58696919874205
"20250529-CbDRC3-p006-m2x_F02_roi_0.png",20250529,"CbDRC3","p006","m2x","F02",0,744.625051690295,35.1970627027915,"","48h",10,"15hHB101","DMSO",1,"Emodepside",0.00097,NA,NA,"ED3102",1,NA,NA,NA,771.742046530071,548.68458966634,744.625051690295,760.561557638793,775.395448170631,42.5567440345025,794.055816890513,807.414758214878,836.798021633554,0.0551437416502669,37.8018492324121,30.8804679725746,34.9444355984507,36.7253401272102,38.065053042659,2.24859428819508,39.4375021827842,40.3048313496962,43.0755524270091,0.0594837113488906,81,"1_ED3102_0.00097",NA,"n>75",NA,NA,NA,"1",771.774756976905,3.62069119372643
"20250529-CbDRC3-p006-m2x_F03_roi_0.png",20250529,"CbDRC3","p006","m2x","F03",0,755.423114867035,36.1410039556598,"","48h",10,"15hHB101","DMSO",1,"Emodepside",0.00195,NA,NA,"ED3102",1,NA,NA,NA,765.304167460584,291.925922033338,745.950196151367,761.291323690863,776.206998527403,89.6527062759363,796.562812023021,818.195785272943,839.916716920348,0.117146502120092,38.1580272717589,26.2614654142615,35.7797173914632,37.4050211496874,38.4834241451367,2.82490200445166,40.0290821914975,40.865626826984,41.9950780636423,0.0740316574631307,59,"1_ED3102_0.00195",NA,NA,NA,NA,NA,"1",771.774756976905,4.43224155049802
"20250529-CbDRC3-p006-m2x_F04_roi_0.png",20250529,"CbDRC3","p006","m2x","F04",0,800.392005073843,39.2573042973139,"","48h",10,"15hHB101","DMSO",1,"Emodepside",0.0039,NA,NA,"ED3102",1,NA,NA,NA,777.326188473165,335.693320919957,743.100529621765,759.942037836483,782.992738181066,60.4001169937204,803.066745948527,816.078243926402,848.89015544961,0.0777024084475517,38.1285946341539,20.1089902594663,35.9773333473629,36.8520917562789,38.2326548873389,2.80272856383923,39.8452463334884,40.5217325190641,42.8381846756113,0.0735072611705618,72,"1_ED3102_0.0039",NA,NA,NA,NA,NA,"1",771.774756976905,11.217981204161
"20250529-CbDRC3-p006-m2x_F05_roi_0.png",20250529,"CbDRC3","p006","m2x","F05",0,789.56783020577,37.0564032778896,"","48h",10,"15hHB101","DMSO",1,"Emodepside",0.0078,NA,NA,"ED3102",1,NA,NA,NA,766.437447612769,248.739512198269,738.956533014121,756.620147311824,771.43540938192,69.4733895907298,793.35895586946,809.607628352022,857.807905366752,0.0906445657204241,37.032324399323,30.3609882734184,34.5574425161487,35.7734151722703,37.2041619407936,2.10613751158751,38.3436526039942,39.5159215806565,43.8299048043449,0.056872949396231,71,"1_ED3102_0.0078",NA,NA,NA,NA,NA,"1",771.774756976905,-0.339347594984702
"20250529-CbDRC3-p006-m2x_F06_roi_0.png",20250529,"CbDRC3","p006","m2x","F06",0,848.578808328641,38.2937558071472,"","48h",10,"15hHB101","DMSO",1,"Emodepside",0.0156,NA,NA,"ED3102",1,NA,NA,NA,778.429476647784,681.54990310915,736.508210250436,758.035919394345,779.098287359571,32.6254777609337,799.120449786516,816.028396824907,860.60806892765,0.0419119248945088,37.052361676676,31.033650893103,33.5651166734082,34.3986135817807,37.1223507350708,3.19090743408195,38.5128662620719,40.3251930306601,47.8287321432039,0.086118867723635,67,"1_ED3102_0.0156",NA,NA,NA,NA,NA,"1",771.774756976905,7.32353038266615
"20250529-CbDRC3-p006-m2x_F07_roi_0.png",20250529,"CbDRC3","p006","m2x","F07",0,820.144393009346,37.5685641864543,"","48h",10,"15hHB101","DMSO",1,"Emodepside",0.0312,NA,NA,"ED3102",1,NA,NA,NA,769.083303052727,662.120475299432,727.771692588013,751.457503192794,768.884526844814,35.0895201343888,790.709593271649,809.002038039722,850.169713439596,0.0456251227859293,36.1215766778846,30.7545572707448,33.0536911940458,34.9877214775711,36.4516896366872,2.17906645523472,37.6824376066999,38.8395483098948,39.8732203138293,0.0603258953690373,64,"1_ED3102_0.0312",NA,NA,NA,NA,NA,"1",771.774756976905,-2.89023013209112
"20250529-CbDRC3-p006-m2x_F08_roi_0.png",20250529,"CbDRC3","p006","m2x","F08",0,750.818714283413,35.902963896202,"","48h",10,"15hHB101","DMSO",1,"Emodepside",0.0625,NA,NA,"ED3102",1,NA,NA,NA,757.363441167416,635.61086740529,720.932949826771,740.065373965011,758.157250572596,37.4997702408002,775.941475286253,789.661846999431,869.158330324205,0.0495135732759918,35.0232234443038,28.087724830115,31.384558213148,33.1053746587984,35.5333055441575,2.56166010827728,36.7691287462619,38.1980603648101,40.1531595243358,0.0731417572785954,67,"1_ED3102_0.0625",NA,NA,NA,NA,NA,"1",771.774756976905,-13.6175064043091
"20250529-CbDRC3-p006-m2x_F09_roi_0.png",20250529,"CbDRC3","p006","m2x","F09",0,750.732634817168,33.1519726369385,"","48h",10,"15hHB101","DMSO",1,"Emodepside",0.125,NA,NA,"ED3102",1,NA,NA,NA,717.074959089786,620.654989544767,653.241093396162,681.60399338549,725.626225901512,46.7126439342035,751.070290072716,766.222492397229,816.46010022117,0.065143320572089,32.5013916255124,26.2903255149258,29.5061899195333,31.0112863463109,32.7261960347517,2.46317080459719,34.1577669261888,35.8163053883171,36.8410465984646,0.0757866257844691,68,"1_ED3102_0.125",NA,NA,NA,NA,NA,"1",771.774756976905,-46.1485310753931
"20250529-CbDRC3-p006-m2x_F10_roi_0.png",20250529,"CbDRC3","p006","m2x","F10",0,701.142487562675,31.8293128287711,"","48h",10,"15hHB101","DMSO",1,"Emodepside",0.25,NA,NA,"ED3102",1,NA,NA,NA,650.438370825042,415.608154397553,579.089990451466,598.745628307611,653.891622611439,66.8102288914628,690.382271922117,726.923950186639,819.848120919619,0.102715694350439,29.7631776640783,24.6249188355458,25.767992676166,28.0678577438868,29.5701239822401,2.94782203459145,31.4535150973413,33.5950639084287,38.1394735298838,0.0990425843591703,77,"1_ED3102_0.25",NA,"n>75",NA,NA,NA,"1",771.774756976905,-117.883134365466
"20250529-CbDRC3-p006-m2x_F11_roi_0.png",20250529,"CbDRC3","p006","m2x","F11",0,589.17017954953,25.3696075785221,"","48h",10,"15hHB101","DMSO",1,"Emodepside",0.5,NA,NA,"ED3102",1,NA,NA,NA,533.186982975909,256.211919798794,441.155622792906,500.305139876453,553.602269833245,83.365064323045,585.31796526594,613.873692305299,674.544514303478,0.156352399786196,24.4858281760009,16.456594589544,20.3056149977669,22.9328806082039,24.6492187825623,2.92184039150183,26.6478753308306,27.8612513828483,30.4943591774545,0.119327815685874,57,"1_ED3102_0.5",NA,NA,NA,NA,NA,"1",771.774756976905,-218.17248714366
"20250529-CbDRC3-p006-m2x_F12_roi_0.png",20250529,"CbDRC3","p006","m2x","F12",0,425.564355347458,20.1807403681909,"","48h",10,"15hHB101","DMSO",1,"Emodepside",1,NA,NA,"ED3102",1,NA,NA,NA,410.384596752139,149.000504310073,341.511772522224,372.192373347619,422.061927782738,65.8752579216183,456.595731827877,471.833702454958,533.846674038917,0.160520785728723,20.417435128299,14.4294946759942,18.0029158193489,19.1739247523395,20.2599367272976,2.1679812255317,22.3525538466197,23.17048569917,24.827203375911,0.106182838927052,59,"1_ED3102_1",NA,NA,NA,NA,NA,"1",771.774756976905,-349.712829194167
