"Filename","Date","Metadata_Experiment","Metadata_Plate","Magnification","Metadata_Well","Worm_ID","Length_um","Width_um","Topology_Warnings","assay_type","food_conc_OD","food_type","diluent","diluent_concentration_perc","drug","concentration_um","drug_stock_prep_date","drug_prep_method","strain","bleach","well_censor","well_censor_reason","notes","mean_wormlength_um","min_wormlength_um","q10_wormlength_um","q25_wormlength_um","median_wormlength_um","sd_wormlength_um","q75_wormlength_um","q90_wormlength_um","max_wormlength_um","cv_wormlength_um","mean_wormwidth_um","min_wormwidth_um","q10_wormwidth_um","q25_wormwidth_um","median_wormwidth_um","sd_wormwidth_um","q75_wormwidth_um","q90_wormwidth_um","max_wormwidth_um","cv_wormwidth_um","n","flag_id","titer_WellFlag","n_WellFlag","outlier_length_WellFlag","outlier_width_WellFlag","outlier_WellFlag","assay_bleach","control_median_wormlength_um","median_wormlength_um_delta"
"20250529-CbDRC3-p013-m2x_A01_roi_0.png",20250529,"CbDRC3","p013","m2x","A01",0,749.916504149642,34.2634045936092,"","48h",10,"15hHB101","DMSO",1,"Pyrantel",0,NA,NA,"ECA2666","1",NA,NA,NA,729.332549429982,574.567137313374,679.365482553507,707.266744909542,740.751385681155,44.4278007802071,758.266155153688,774.158910713166,796.985566515286,0.0609156972562519,32.993239005717,27.3065839276815,30.1711529830913,31.3469670103327,32.8036614291088,2.34331730084378,34.6406857334518,36.1919908398392,37.8548628086754,0.0710241665099244,73,"1_ECA2666_0",NA,NA,NA,NA,NA,"1",735.32863008283,5.42275559832456
"20250529-CbDRC3-p013-m2x_A02_roi_0.png",20250529,"CbDRC3","p013","m2x","A02",0,716.695352568342,31.2111487274803,"","48h",10,"15hHB101","DMSO",1,"Pyrantel",0.292,NA,NA,"ECA2666","1",NA,NA,NA,724.557779328532,556.428121595101,663.601558002004,715.478999641851,737.468723343908,49.4767253563288,754.674357937755,764.321470008488,795.682000436937,0.0682854104501924,32.965646300596,24.0662581392184,29.4844352378583,31.2940858211574,33.1710092802258,2.70953066879934,34.8928210653317,36.2826159795367,37.5493751332543,0.0821925541544852,78,"1_ECA2666_0.292",NA,"n>75",NA,NA,NA,"1",735.32863008283,2.14009326107725
"20250529-CbDRC3-p013-m2x_A03_roi_0.png",20250529,"CbDRC3","p013","m2x","A03",0,759.147229609468,31.9660297925677,"","48h",10,"15hHB101","DMSO",1,"Pyrantel",0.585,NA,NA,"ECA2666","1",NA,NA,NA,723.498929922246,546.034382795096,660.355139086132,700.73440131331,733.937998065289,50.2207784021937,758.583518973224,769.10473410115,855.390137758872,0.0694137562962131,32.2856608687093,24.6671738806083,28.2707098697711,30.9262728004554,32.7101332358886,2.65314317900471,34.2024865727464,35.3706219656074,36.3992302096309,0.0821771370824281,71,"1_ECA2666_0.585",NA,NA,NA,NA,NA,"1",735.32863008283,-1.39063201754141
"20250529-CbDRC3-p013-m2x_A04_roi_0.png",20250529,"CbDRC3","p013","m2x","A04",0,781.031631692029,32.4713322796729,"","48h",10,"15hHB101","DMSO",1,"Pyrantel",1.17,NA,NA,"ECA2666","1",NA,NA,NA,738.547753715669,604.000392109263,687.159344183227,722.409376261181,747.667012550949,41.0072442998305,761.638458528182,775.923770359197,815.82375146805,0.0555241608867146,33.1400428708927,27.3574890252887,29.8733942277222,31.9568212371227,33.5797505909189,2.35074781224966,34.7965182543032,35.7287842020296,38.8326069236485,0.0709337589395319,75,"1_ECA2666_1.17",NA,NA,NA,NA,NA,"1",735.32863008283,12.3383824681184
"20250529-CbDRC3-p013-m2x_A05_roi_0.png",20250529,"CbDRC3","p013","m2x","A05",0,733.393671542764,31.734884642161,"","48h",10,"15hHB101","DMSO",1,"Pyrantel",2.34,NA,NA,"ECA2666","1",NA,NA,NA,735.824651588375,599.181730140523,678.673145513382,720.991752028522,747.524470815814,42.9709446023498,765.106093343402,776.292431677661,806.85664273478,0.0583983487228803,32.9689777242287,26.4338669080624,29.3395364607162,31.5211598512624,33.3251262723385,2.73293222357129,34.6993514119723,35.9230088353991,39.5011832034917,0.0828940541144799,81,"1_ECA2666_2.34",NA,"n>75",NA,NA,NA,"1",735.32863008283,12.1958407329831
"20250529-CbDRC3-p013-m2x_A06_roi_0.png",20250529,"CbDRC3","p013","m2x","A06",0,713.872194934774,31.6459521085985,"","48h",10,"15hHB101","DMSO",1,"Pyrantel",4.68,NA,NA,"ECA2666","1",NA,NA,NA,723.822182007394,469.040443866578,667.329559232221,698.743694951943,731.077077618099,57.1091531070086,764.817554583264,780.780994518082,803.80190659097,0.0788994238179139,32.6273648712152,24.03127231192,29.3856235081146,30.7013491393424,32.6147817187813,2.95917104673853,34.0869305542071,35.5109813271533,46.381157894196,0.0906959865872956,74,"1_ECA2666_4.68",NA,NA,NA,NA,NA,"1",735.32863008283,-4.25155246473184
"20250529-CbDRC3-p013-m2x_A07_roi_0.png",20250529,"CbDRC3","p013","m2x","A07",0,761.794787050127,35.0750972425259,"","48h",10,"15hHB101","DMSO",1,"Pyrantel",9.375,NA,NA,"ECA2666","1",NA,NA,NA,727.13891515231,503.628558602242,663.772698416106,706.640474694884,735.671915899163,54.2375638403669,761.530792486218,783.545339263971,808.469479922953,0.0745903742877054,32.5027798408787,26.388801726317,29.4146135027845,30.441393443622,32.5389382559445,2.53898581641011,34.1916996287564,35.3699264068274,40.3820702613828,0.0781159589684335,78,"1_ECA2666_9.375",NA,"n>75",NA,NA,NA,"1",735.32863008283,0.343285816332809
"20250529-CbDRC3-p013-m2x_A08_roi_0.png",20250529,"CbDRC3","p013","m2x","A08",0,690.005448965648,30.5137883998793,"","48h",10,"15hHB101","DMSO",1,"Pyrantel",18.75,NA,NA,"ECA2666","1",NA,NA,NA,642.866097119525,237.581312257213,508.26522575659,600.597610007453,666.81801746302,105.327802206842,710.273584488998,745.017546236006,816.826627425454,0.163840965760649,30.2310140539048,18.7142781531431,25.7875913785017,28.4419534461418,30.2099250008172,3.57830133185563,32.2894648205035,34.183800250986,39.5151398406517,0.118365243239118,89,"1_ECA2666_18.75",NA,"n>75",NA,NA,NA,"1",735.32863008283,-68.5106126198102
"20250529-CbDRC3-p013-m2x_A09_roi_0.png",20250529,"CbDRC3","p013","m2x","A09",0,739.731115291521,32.3305806036364,"","48h",10,"15hHB101","DMSO",1,"Pyrantel",37.5,NA,NA,"ECA2666","1",NA,NA,NA,677.583653753758,434.121826844861,584.465588755443,630.630314357822,694.308044811543,85.3307959475136,743.100588720688,769.350141696107,790.220668736153,0.125933964721238,30.9486488864592,19.6346673381121,27.0216874363829,28.9770594542783,30.8025599843963,3.38928338968852,33.5827873475743,35.6352294899534,36.658904126585,0.1095131293816,76,"1_ECA2666_37.5",NA,"n>75",NA,NA,NA,"1",735.32863008283,-41.020585271287
"20250529-CbDRC3-p013-m2x_A10_roi_0.png",20250529,"CbDRC3","p013","m2x","A10",0,762.197005235266,33.6267256151005,"","48h",10,"15hHB101","DMSO",1,"Pyrantel",75,NA,NA,"ECA2666","1",NA,NA,NA,656.851527457997,240.843691769533,561.620341088962,613.110634547807,668.977216648383,97.1649676579222,718.487833522207,754.356668251263,783.560684971834,0.14792531279321,30.5895411157123,23.0653656996253,27.5553243422587,28.6014507882096,30.4406897654029,3.0385888785219,32.3323788598298,33.7178526551014,40.7825622996314,0.0993342419563505,65,"1_ECA2666_75",NA,NA,NA,NA,NA,"1",735.32863008283,-66.3514134344474
"20250529-CbDRC3-p013-m2x_A11_roi_0.png",20250529,"CbDRC3","p013","m2x","A11",0,691.591863644446,28.766140053594,"","48h",10,"15hHB101","DMSO",1,"Pyrantel",150,NA,NA,"ECA2666","1",NA,NA,NA,583.526116820044,328.867897160872,437.363091335367,545.348416891948,592.158794532631,94.4018809841282,642.065325680583,692.410979831605,739.686589549262,0.161778330503142,28.6467864601523,21.0910359943186,23.9058284012835,26.8747146280688,28.2094113550958,3.53775488375116,30.7333675405195,32.2521199373272,42.224108462215,0.123495697804435,69,"1_ECA2666_150",NA,NA,NA,NA,NA,"1",735.32863008283,-143.169835550199
"20250529-CbDRC3-p013-m2x_A12_roi_0.png",20250529,"CbDRC3","p013","m2x","A12",0,601.688363538381,27.1876011796039,"","48h",10,"15hHB101","DMSO",1,"Pyrantel",300,NA,NA,"ECA2666","1",NA,NA,NA,493.42846531114,104.135310513806,410.268734689203,454.665135107694,510.812922625999,82.809004280467,556.554211147038,568.290307939619,601.688363538381,0.167823727454091,25.7412157864695,15.5641841078702,21.503974238551,23.8486117933881,26.183806646643,3.35636402351066,27.9504966942196,29.039946117028,36.0834051036896,0.130388714012292,63,"1_ECA2666_300",NA,NA,NA,NA,NA,"1",735.32863008283,-224.515707456831
"20250529-CbDRC3-p013-m2x_B01_roi_0.png",20250529,"CbDRC3","p013","m2x","B01",0,809.686979726011,36.1898467941076,"","48h",10,"15hHB101","DMSO",1,"Pyrantel",0,NA,NA,"JU3237","1",NA,NA,NA,801.488927714601,636.605425002468,758.501983248629,783.209287225859,803.786535921106,37.6643763751999,823.35874135615,842.074506168265,882.489241028279,0.0469930089771766,37.492065985124,31.4420216843933,34.4075964422119,35.9163263985045,37.5897271078715,2.56436060311781,39.0061149377256,40.8409786125737,45.0817852674896,0.0683974205138572,77,"1_JU3237_0",NA,"n>75",NA,NA,NA,"1",806.265742658269,-2.47920673716328
"20250529-CbDRC3-p013-m2x_B02_roi_0.png",20250529,"CbDRC3","p013","m2x","B02",0,868.727126378476,37.4408792771425,"","48h",10,"15hHB101","DMSO",1,"Pyrantel",0.292,NA,NA,"JU3237","1",NA,NA,NA,802.753391843252,332.22515466473,768.195852235598,783.710522310009,807.246214673335,61.7251368554596,828.882824376992,854.864455079326,888.451176943264,0.0768917795709697,37.0618192143764,18.2097763786597,34.6281093160614,35.8483195607322,37.396576461589,2.97358575390655,38.3075533151438,40.1312394088136,43.11211708297,0.0802331298608537,82,"1_JU3237_0.292",NA,"n>75",NA,NA,NA,"1",806.265742658269,0.980472015065629
"20250529-CbDRC3-p013-m2x_B03_roi_0.png",20250529,"CbDRC3","p013","m2x","B03",0,853.303802719897,37.7698307755238,"","48h",10,"15hHB101","DMSO",1,"Pyrantel",0.585,NA,NA,"JU3237","1",NA,NA,NA,816.059348734941,737.702514820514,771.741636343267,796.941066927915,819.098194941482,31.4466587698848,829.119715296321,857.590519756825,888.207539248826,0.0385347693383251,37.2199728892928,32.7978483101438,34.1958202603827,36.1020831360376,37.4934814286934,2.06453483164609,38.4925963788934,39.3150568587157,42.3935139670941,0.0554684668306139,73,"1_JU3237_0.585",NA,NA,NA,NA,NA,"1",806.265742658269,12.8324522832127
"20250529-CbDRC3-p013-m2x_B04_roi_0.png",20250529,"CbDRC3","p013","m2x","B04",0,867.602655035359,38.3696362107577,"","48h",10,"15hHB101","DMSO",1,"Pyrantel",1.17,NA,NA,"JU3237","1",NA,NA,NA,810.715066535299,528.481048148624,778.694187796816,788.852438799233,813.711182294852,50.0128101392453,832.447162990624,854.064725568649,905.313985183532,0.0616897504483071,37.0449475014636,26.3744904015854,34.8965265209482,35.9124160979079,37.2961526789024,2.56183367176275,38.6522041872834,39.5236058609755,41.4640680758479,0.0691547388928419,76,"1_JU3237_1.17",NA,"n>75",NA,NA,NA,"1",806.265742658269,7.44543963658271
"20250529-CbDRC3-p013-m2x_B05_roi_0.png",20250529,"CbDRC3","p013","m2x","B05",0,821.517065234172,33.0009598213744,"","48h",10,"15hHB101","DMSO",1,"Pyrantel",2.34,NA,NA,"JU3237","1",NA,NA,NA,814.336291037799,755.881035495479,775.672039318599,787.685630597561,813.882467370932,31.9887731531151,838.967373732545,854.622031004529,882.758631519523,0.0392820183813106,36.3722992593219,29.1710103740116,33.3449606706701,35.1287505024381,36.3356945013538,2.26902309334697,37.7768891845043,39.2974995708584,41.2999759207766,0.0623832735227877,68,"1_JU3237_2.34",NA,NA,NA,NA,NA,"1",806.265742658269,7.61672471266309
"20250529-CbDRC3-p013-m2x_B06_roi_0.png",20250529,"CbDRC3","p013","m2x","B06",0,830.913111356908,35.32001538806,"","48h",10,"15hHB101","DMSO",1,"Pyrantel",4.68,NA,NA,"JU3237","1",NA,NA,NA,815.181984276014,534.104267409988,777.404596905686,803.557642128442,821.108030195314,46.9927362785735,837.111307994682,862.937636778768,894.185025359419,0.0576469269255369,36.4892134002529,28.8934377427661,33.0914180064647,35.32001538806,36.3661026901686,2.43321869777871,38.213426584288,39.4198548086549,41.8404007940769,0.0666832324141535,89,"1_JU3237_4.68",NA,"n>75",NA,NA,NA,"1",806.265742658269,14.8422875370447
"20250529-CbDRC3-p013-m2x_B07_roi_0.png",20250529,"CbDRC3","p013","m2x","B07",0,799.465531122648,35.2683121638054,"","48h",10,"15hHB101","DMSO",1,"Pyrantel",9.375,NA,NA,"JU3237","1",NA,NA,NA,807.920788556679,606.920483703817,754.541549424138,786.020647013532,815.823028259183,50.3311643401,835.863114729138,863.813748558885,959.838051610327,0.0622971522121801,36.4713130141948,28.4275640679389,33.3401965604119,34.6690323132799,36.4326828098228,2.62713873520307,38.4797675935748,39.4787222103743,43.0470203570422,0.0720330176810628,86,"1_JU3237_9.375",NA,"n>75",NA,NA,NA,"1",806.265742658269,9.5572856009137
"20250529-CbDRC3-p013-m2x_B08_roi_0.png",20250529,"CbDRC3","p013","m2x","B08",0,831.667201762193,35.9293798318876,"","48h",10,"15hHB101","DMSO",1,"Pyrantel",18.75,NA,NA,"JU3237","1",NA,NA,NA,790.774550750787,451.061444745327,733.556601688711,776.418266711893,799.815748482396,71.3098887910721,832.878532584657,859.707756081556,883.942671881416,0.0901772682534714,36.0478872620064,27.7071290937674,33.0597889612542,34.6877911440414,36.0349294124906,2.56189482024929,37.8930119066215,38.9455249055182,40.3973729535436,0.0710692086232046,76,"1_JU3237_18.75",NA,"n>75",NA,NA,NA,"1",806.265742658269,-6.44999417587348
"20250529-CbDRC3-p013-m2x_B09_roi_0.png",20250529,"CbDRC3","p013","m2x","B09",0,754.969052295314,35.9232879667558,"","48h",10,"15hHB101","DMSO",1,"Pyrantel",37.5,NA,NA,"JU3237","1",NA,NA,NA,786.392671434275,535.555158078232,735.896765370112,771.205879042551,800.59404076077,62.8742540342589,814.786654429174,848.166765017088,881.448539091031,0.0799527466597377,35.7730656368104,26.0409593062304,33.2522790221136,34.3395519352554,35.9330551384065,2.67655203698707,37.4088409690544,38.5691565210563,40.532636996143,0.0748203149308206,85,"1_JU3237_37.5",NA,"n>75",NA,NA,NA,"1",806.265742658269,-5.67170189749947
"20250529-CbDRC3-p013-m2x_B10_roi_0.png",20250529,"CbDRC3","p013","m2x","B10",0,747.705587962135,31.956321445003,"","48h",10,"15hHB101","DMSO",1,"Pyrantel",75,NA,NA,"JU3237","1",NA,NA,NA,722.998615276192,198.438722214127,591.379788606757,684.867316617515,762.978236879095,122.9701835037,795.951115318022,820.297375289791,869.21240093037,0.170083567112676,33.8535010860989,15.1870134783372,29.3748206425125,31.3368312645883,34.9301196378821,4.58968441735136,36.3441543459682,37.3087471480526,51.0975936326707,0.135574882068431,82,"1_JU3237_75",NA,"n>75",NA,NA,NA,"1",806.265742658269,-43.287505779174
"20250529-CbDRC3-p013-m2x_B11_roi_0.png",20250529,"CbDRC3","p013","m2x","B11",0,740.994253888771,32.2443093515415,"","48h",10,"15hHB101","DMSO",1,"Pyrantel",150,NA,NA,"JU3237","1",NA,NA,NA,623.537740098163,303.809266802248,523.185583522639,562.736908572814,630.98768194094,85.2411784693479,688.75559788989,725.559210589206,784.031446191491,0.136705724429653,30.8551312985816,22.9902342165874,26.6504844952054,28.2646805785577,30.7475327055273,3.35038234673194,33.0130759762833,35.2326233774789,43.3553787079972,0.108584284225229,102,"1_JU3237_150",NA,"n>75",NA,NA,NA,"1",806.265742658269,-175.278060717329
"20250529-CbDRC3-p013-m2x_B12_roi_0.png",20250529,"CbDRC3","p013","m2x","B12",0,518.983399373747,26.8740037436449,"","48h",10,"15hHB101","DMSO",1,"Pyrantel",300,NA,NA,"JU3237","1",NA,NA,NA,561.220561085385,367.232031002644,496.625933013279,529.827822945225,558.352896065084,53.1461971272538,590.071539006703,630.841750734263,673.571096348233,0.0946975232419684,29.0332963178218,24.6801714288526,26.867267022226,27.4841470457173,28.9487106102765,2.10253722819567,30.3643609020765,32.0527569913081,35.1959023889039,0.0724181369273268,77,"1_JU3237_300",NA,"n>75",NA,NA,NA,"1",806.265742658269,-247.912846593185
"20250529-CbDRC3-p013-m2x_C01_roi_0.png",20250529,"CbDRC3","p013","m2x","C01",0,809.902208746967,37.9531103467182,"","48h",10,"15hHB101","DMSO",1,"Pyrantel",0,NA,NA,"VX34","1",NA,NA,NA,756.89550969527,591.814667768799,696.889999265921,728.372100550312,756.506308959494,55.6507561614217,794.142872642482,828.062325620834,856.604915589924,0.0735250182470061,36.8366674099468,23.8144254880203,33.5758799202701,34.9108393982085,37.1359039654247,3.53051972691113,39.2593585663683,40.6098490613078,42.3757466741377,0.0958425388382938,62,"1_VX34_0",NA,NA,NA,NA,NA,"1",763.538605859815,-7.03229690032128
"20250529-CbDRC3-p013-m2x_C02_roi_0.png",20250529,"CbDRC3","p013","m2x","C02",0,723.30388449803,34.1395158575571,"","48h",10,"15hHB101","DMSO",1,"Pyrantel",0.292,NA,NA,"VX34","1",NA,NA,NA,754.034379883971,335.14805925808,707.477914382891,731.321246150755,750.068562605775,78.6059927091156,785.610766166398,826.729865102171,880.236682751839,0.104247226394652,35.7613295934285,20.8526525040194,33.4295733355049,34.1395158575571,35.9654662121835,3.29877047655647,37.7158223749027,39.5109224768431,40.7022674323534,0.0922440668191108,45,"1_VX34_0.292",NA,NA,NA,NA,NA,"1",763.538605859815,-13.4700432540408
"20250529-CbDRC3-p013-m2x_C03_roi_0.png",20250529,"CbDRC3","p013","m2x","C03",0,852.352078392038,39.5565715435362,"","48h",10,"15hHB101","DMSO",1,"Pyrantel",0.585,NA,NA,"VX34","1",NA,NA,NA,748.453837941738,283.099199945899,700.348096538038,718.668256676166,751.224842419204,85.3727529106498,791.136083029067,823.750542884927,871.375227053217,0.114065488855567,36.2540010732045,17.6364934021053,32.5595884898687,34.0580452136866,36.7507285467341,3.95381676955531,38.7972145846271,40.0747914161361,42.4518541945991,0.109058770136066,49,"1_VX34_0.585",NA,NA,NA,NA,NA,"1",763.538605859815,-12.3137634406111
"20250529-CbDRC3-p013-m2x_C04_roi_0.png",20250529,"CbDRC3","p013","m2x","C04",0,826.727423725199,37.2894004538865,"","48h",10,"15hHB101","DMSO",1,"Pyrantel",1.17,NA,NA,"VX34","1",NA,NA,NA,745.742267298888,265.525630212278,671.375015362203,714.845108178885,757.583479066438,91.223995885429,797.127773115577,832.989182818621,860.605183622774,0.122326438885979,36.0347418339167,20.4259317986187,31.3186943472026,33.5251541622109,36.5551805887611,3.87336720866675,38.3455767871396,40.5535601191972,43.4754066175341,0.107489800440891,73,"1_VX34_1.17",NA,NA,NA,NA,NA,"1",763.538605859815,-5.9551267933773
"20250529-CbDRC3-p013-m2x_C05_roi_0.png",20250529,"CbDRC3","p013","m2x","C05",0,801.652682399214,38.4196935937547,"","48h",10,"15hHB101","DMSO",1,"Pyrantel",2.34,NA,NA,"VX34","1",NA,NA,NA,754.329209610652,167.754443863953,697.516580803513,735.313457765928,774.028236263044,100.975884989361,807.843969914495,829.088916619937,851.150457145578,0.133861825450826,35.9721456934763,14.1891138732244,32.3481479647839,34.5507117435893,36.8702314524353,4.50101038413518,38.6654674080328,39.947905989122,43.1742789716105,0.125124879190942,58,"1_VX34_2.34",NA,NA,NA,NA,NA,"1",763.538605859815,10.4896304032283
"20250529-CbDRC3-p013-m2x_C06_roi_0.png",20250529,"CbDRC3","p013","m2x","C06",0,703.476130892075,33.2622703793833,"","48h",10,"15hHB101","DMSO",1,"Pyrantel",4.68,NA,NA,"VX34","1",NA,NA,NA,746.40376851652,345.382143266706,681.680192044726,732.904668861937,762.681892343208,94.8956280660645,797.885687515668,824.641332550512,861.095586693164,0.127137123456209,35.7908023488516,15.2024446992526,32.1810269442128,34.174531803512,36.3279000067186,4.63502116089601,38.2413378936189,39.9933935809605,42.7504865170339,0.129503136468376,58,"1_VX34_4.68",NA,NA,NA,NA,NA,"1",763.538605859815,-0.856713516607442
"20250529-CbDRC3-p013-m2x_C07_roi_0.png",20250529,"CbDRC3","p013","m2x","C07",0,815.62241234432,40.3077229649587,"","48h",10,"15hHB101","DMSO",1,"Pyrantel",9.375,NA,NA,"VX34","1",NA,NA,NA,704.769405596877,149.470399424814,427.889574244798,714.755959044548,757.67448663827,158.061474653556,798.72240061714,821.82527809063,840.749501359949,0.224274029772464,34.1363251733471,13.3943317362134,21.9427674646278,33.349376931675,36.5761570007126,6.79852011674171,38.0124880819262,39.8379223294293,43.4479240208791,0.199157937540677,47,"1_VX34_9.375",NA,NA,NA,NA,NA,"1",763.538605859815,-5.86411922154537
"20250529-CbDRC3-p013-m2x_C09_roi_0.png",20250529,"CbDRC3","p013","m2x","C09",0,774.860676964191,37.4753535533831,"","48h",10,"15hHB101","DMSO",1,"Pyrantel",37.5,NA,NA,"VX34","1",NA,NA,NA,711.158973639029,365.012550800056,578.833095605024,709.888584953607,742.018444734438,121.535322022843,774.860676964191,820.848375489541,855.962851109249,0.170897544048333,34.6090193426499,18.4790413392177,28.7700502715865,33.1494660128986,35.4343267311772,5.54550990551301,37.9679335288691,39.7999848330298,42.7830576143019,0.160233084058498,53,"1_VX34_37.5",NA,NA,NA,NA,NA,"1",763.538605859815,-21.5201611253775
"20250529-CbDRC3-p013-m2x_C10_roi_0.png",20250529,"CbDRC3","p013","m2x","C10",0,736.116274023259,34.4409605988317,"","48h",10,"15hHB101","DMSO",1,"Pyrantel",75,NA,NA,"VX34","1",NA,NA,NA,684.011306787599,421.202345460425,479.472520479579,650.332362274241,712.274441383086,112.43669299423,772.280069777947,791.00738438789,818.098525488364,0.16437841286905,32.1423132757168,13.9465256592406,24.2787781181128,30.5108165410333,32.7600235967895,5.32563201934478,34.9932852272646,38.0464663644694,41.3135136397545,0.165689133002392,57,"1_VX34_75",NA,NA,NA,NA,NA,"1",763.538605859815,-51.2641644767293
"20250529-CbDRC3-p013-m2x_C11_roi_0.png",20250529,"CbDRC3","p013","m2x","C11",0,739.137121148322,35.2635263810761,"","48h",10,"15hHB101","DMSO",1,"Pyrantel",150,NA,NA,"VX34","1",NA,NA,NA,598.231718864056,211.625894914288,395.838986466631,496.685803140961,614.646430696211,138.856058075913,723.376920297513,743.294814793831,778.741826669166,0.232110825450008,29.8268899291683,19.5961468425857,22.8655117411955,26.3953936113812,30.253522194264,4.71442086855978,33.9748226744434,35.4781135806713,37.4605185902931,0.15805941818793,57,"1_VX34_150",NA,NA,NA,NA,NA,"1",763.538605859815,-148.892175163605
"20250529-CbDRC3-p013-m2x_C12_roi_0.png",20250529,"CbDRC3","p013","m2x","C12",0,591.458794508068,27.8088201169539,"","48h",10,"15hHB101","DMSO",1,"Pyrantel",300,NA,NA,"VX34","1",NA,NA,NA,507.581551530744,286.800922711509,387.697060565434,439.36340958428,526.860690014132,98.5838025070003,570.115083849343,628.388917666901,675.999711655895,0.194222587896852,27.7711170008858,20.1016078491751,22.9746338209842,24.6855495929657,27.6228179842076,3.77922190368848,30.5380528301665,32.9963475368583,34.2591100452795,0.136084619987303,33,"1_VX34_300",NA,NA,NA,NA,NA,"1",763.538605859815,-236.677915845683
"20250529-CbDRC3-p013-m2x_D01_roi_0.png",20250529,"CbDRC3","p013","m2x","D01",0,766.612723238621,32.0175177515542,"","48h",10,"15hHB101","DMSO",1,"Pyrantel",0,NA,NA,"NIC1667","1",NA,NA,NA,720.331522658942,608.027507293276,647.535925935775,696.698591249999,726.245311216578,48.8535077196087,758.246571870711,772.048209566346,830.462192474204,0.0678208660635549,32.580263388755,26.2633898909382,29.3031819612698,30.7622054408782,32.0395239892979,2.75034979374625,35.4044433077899,36.0941210029087,38.3610822679398,0.0844176660246256,50,"1_NIC1667_0",NA,NA,NA,NA,NA,"1",725.939516673208,0.305794543370325
"20250529-CbDRC3-p013-m2x_D02_roi_0.png",20250529,"CbDRC3","p013","m2x","D02",0,757.370997313768,35.1724478746225,"","48h",10,"15hHB101","DMSO",1,"Pyrantel",0.292,NA,NA,"NIC1667","1",NA,NA,NA,702.896180008559,136.901877883677,639.335547120701,697.713741313191,723.133648979461,114.078324896476,751.208371252118,769.63254770786,835.661734476758,0.162297545698835,32.4154157477892,14.385594894556,29.8310231911893,31.6651309318256,32.4806362704607,4.10792460315733,34.1655518099865,36.2290550838893,39.041423733217,0.126727500122762,55,"1_NIC1667_0.292",NA,NA,NA,NA,NA,"1",725.939516673208,-2.80586769374645
"20250529-CbDRC3-p013-m2x_D03_roi_0.png",20250529,"CbDRC3","p013","m2x","D03",0,776.467448996109,33.9088266078743,"","48h",10,"15hHB101","DMSO",1,"Pyrantel",0.585,NA,NA,"NIC1667","1",NA,NA,NA,710.483486951193,134.502179171856,650.725704138185,692.505234893157,726.869254495233,86.0909437019197,746.692153804029,774.268368463412,829.329140596508,0.121172335857306,32.1383247276807,13.8202827139997,28.8042628243266,30.2025305523408,32.6320187044595,3.53206208770122,34.2016619908869,35.9346336595054,38.3332961055999,0.109901873157037,69,"1_NIC1667_0.585",NA,NA,NA,NA,NA,"1",725.939516673208,0.929737822025231
"20250529-CbDRC3-p013-m2x_D04_roi_0.png",20250529,"CbDRC3","p013","m2x","D04",0,768.669279895195,34.5933092977792,"","48h",10,"15hHB101","DMSO",1,"Pyrantel",1.17,NA,NA,"NIC1667","1",NA,NA,NA,714.621723062467,194.537337163237,654.420641406178,691.34866578339,731.43165123499,77.0391838847819,754.224511966313,768.775270631933,797.693294344863,0.107804145044227,32.9772665252143,11.8856695175661,29.5566813229498,31.5294701044845,33.6176450240558,3.42140272805509,35.1007598142069,35.9611373139531,37.9226299939296,0.103750343450664,71,"1_NIC1667_1.17",NA,NA,NA,NA,NA,"1",725.939516673208,5.49213456178256
"20250529-CbDRC3-p013-m2x_D05_roi_0.png",20250529,"CbDRC3","p013","m2x","D05",0,764.830165062023,33.3659992201522,"","48h",10,"15hHB101","DMSO",1,"Pyrantel",2.34,NA,NA,"NIC1667","1",NA,NA,NA,732.066440155076,611.063006311944,681.199467248268,710.703858351848,738.536577129396,39.6235066630781,763.935695831861,770.817207235503,803.803127508232,0.0541255608639627,33.1342111159968,27.4873307128896,30.3642988803789,31.774712184105,33.3535342506971,2.16369492311499,34.5588213619058,35.4031423421187,38.3985096813838,0.0653009336947932,49,"1_NIC1667_2.34",NA,NA,NA,NA,NA,"1",725.939516673208,12.5970604561884
"20250529-CbDRC3-p013-m2x_D06_roi_0.png",20250529,"CbDRC3","p013","m2x","D06",0,728.005102655908,34.4259181651804,"","48h",10,"15hHB101","DMSO",1,"Pyrantel",4.68,NA,NA,"NIC1667","1",NA,NA,NA,717.111729986474,587.036346126126,641.23644395139,691.725328569913,728.213704871053,47.8310885678071,751.107900101145,769.424319031997,789.624391013705,0.0666996321043435,32.7826998805897,26.8276714175158,29.773679752308,30.9822221684406,33.3161306877574,2.35315817624946,34.420659424377,35.3760879026632,37.831335231507,0.0717804874162528,64,"1_NIC1667_4.68",NA,NA,NA,NA,NA,"1",725.939516673208,2.27418819784566
"20250529-CbDRC3-p013-m2x_D07_roi_0.png",20250529,"CbDRC3","p013","m2x","D07",0,779.303020229104,34.1328396236679,"","48h",10,"15hHB101","DMSO",1,"Pyrantel",9.375,NA,NA,"NIC1667","1",NA,NA,NA,713.885827545877,462.156418127652,626.14004563208,704.08866195624,725.112930303405,57.2185147001295,745.583740924742,772.861643718559,790.786846075527,0.0801507923148291,32.2051749920981,23.5044980259357,29.3541254770508,30.309694270364,32.4539880977087,2.67072106165308,34.3575812411356,35.2852330623643,37.1149223472774,0.0829283201320401,71,"1_NIC1667_9.375",NA,NA,NA,NA,NA,"1",725.939516673208,-0.82658636980284
"20250529-CbDRC3-p013-m2x_D08_roi_0.png",20250529,"CbDRC3","p013","m2x","D08",0,698.825209374185,33.0140627826432,"","48h",10,"15hHB101","DMSO",1,"Pyrantel",18.75,NA,NA,"NIC1667","1",NA,NA,NA,720.207536788197,515.529940643823,637.823276543211,703.930385977228,731.409848594069,58.275732767074,753.678240213086,774.809870570858,850.260410565926,0.0809151942882432,32.6764071191611,25.2770405389465,29.2710184335802,31.7656013415108,32.9016143862027,2.60163023861389,34.4939994550196,35.363141196377,39.9304437204132,0.0796180017321523,57,"1_NIC1667_18.75",NA,NA,NA,NA,NA,"1",725.939516673208,5.47033192086178
"20250529-CbDRC3-p013-m2x_D09_roi_0.png",20250529,"CbDRC3","p013","m2x","D09",0,754.332215992405,34.1657829164083,"","48h",10,"15hHB101","DMSO",1,"Pyrantel",37.5,NA,NA,"NIC1667","1",NA,NA,NA,699.309629596057,386.290415876585,624.610994424363,686.703163613693,731.145080104718,91.8045844792955,746.346470778611,761.410053800376,781.355323804765,0.131278879331784,31.9468304987838,17.9167311912964,28.0330230086771,30.863242037088,32.5981395069372,3.71643390800279,34.1657829164083,35.2389021216386,37.8094823849421,0.11633185045209,53,"1_NIC1667_37.5",NA,NA,NA,NA,NA,"1",725.939516673208,5.20556343151065
"20250529-CbDRC3-p013-m2x_D10_roi_0.png",20250529,"CbDRC3","p013","m2x","D10",0,615.357661735311,27.0248203301384,"","48h",10,"15hHB101","DMSO",1,"Pyrantel",75,NA,NA,"NIC1667","1",NA,NA,NA,651.080606867799,438.576658293308,565.921658963792,601.132189710348,653.501128790531,82.1608571907507,715.167419043008,745.126069997778,836.840832391793,0.126191528858474,29.9881098830308,21.6842221828446,26.4967891169272,28.4283640169948,29.9163437944327,3.13091557045936,32.6147837749094,33.3067374859609,35.5656984927347,0.104405232029346,54,"1_NIC1667_75",NA,NA,NA,NA,NA,"1",725.939516673208,-72.4383878826768
"20250529-CbDRC3-p013-m2x_D11_roi_0.png",20250529,"CbDRC3","p013","m2x","D11",0,610.606111722367,28.7948626253431,"","48h",10,"15hHB101","DMSO",1,"Pyrantel",150,NA,NA,"NIC1667","1",NA,NA,NA,647.218029871117,495.038732365792,579.91610678299,606.778187727805,655.611995520394,60.546995486496,685.685972280077,718.396889655187,780.30757847773,0.0935496118650356,29.5220356338421,24.156615317603,26.5594341349849,28.2327127360203,29.4392975794361,2.38838984024307,31.0691469136743,32.3401903077328,34.9977622504605,0.0809019360949886,73,"1_NIC1667_150",NA,NA,NA,NA,NA,"1",725.939516673208,-70.3275211528141
"20250529-CbDRC3-p013-m2x_D12_roi_0.png",20250529,"CbDRC3","p013","m2x","D12",0,586.560040799732,27.4569753342957,"","48h",10,"15hHB101","DMSO",1,"Pyrantel",300,NA,NA,"NIC1667","1",NA,NA,NA,575.053599995999,412.541693819657,510.563258011804,539.390186636559,573.685204229666,56.7596116662019,604.456748010162,638.091251244364,745.309355115132,0.0987031672640547,29.0347818053224,20.2795093517998,26.3153085526238,27.4435238371915,28.9339534932963,2.63929467282464,31.1262429026988,32.3795165699122,33.8977084339203,0.0909011367993415,56,"1_NIC1667_300",NA,NA,NA,NA,NA,"1",725.939516673208,-152.254312443542
"20250529-CbDRC3-p013-m2x_E01_roi_0.png",20250529,"CbDRC3","p013","m2x","E01",0,780.991202973059,34.5368746675625,"","48h",10,"15hHB101","DMSO",1,"Pyrantel",0,NA,NA,"PB420","1",NA,NA,NA,743.410665117411,480.173220506763,695.471103852345,727.471067136078,756.445118549139,53.1314583568045,771.44595551229,789.413713754266,812.943443956932,0.0714698629571223,36.5888943581252,28.3763616223617,33.0556950319671,34.9442543072961,36.3770300426786,2.8863805715448,38.6808587390762,39.9753872997276,41.7959175477397,0.0788867939898224,68,"1_PB420_0",NA,NA,NA,NA,NA,"1",756.281457175035,0.163661374103754
"20250529-CbDRC3-p013-m2x_E02_roi_0.png",20250529,"CbDRC3","p013","m2x","E02",0,764.587704225671,37.287389962693,"","48h",10,"15hHB101","DMSO",1,"Pyrantel",0.292,NA,NA,"PB420","1",NA,NA,NA,746.243959116808,335.337542981573,705.152792921476,728.555322486185,756.826982795007,69.3377335229671,782.999091927302,793.507313543472,824.360042499408,0.0929156379436953,36.190329981108,30.8237180871702,33.3145974373089,34.5461295835865,36.1141677541086,2.45440841215766,37.6066579550568,39.3154912579841,41.7044888003448,0.0678194537999212,49,"1_PB420_0.292",NA,NA,NA,NA,NA,"1",756.281457175035,0.545525619972523
"20250529-CbDRC3-p013-m2x_E03_roi_0.png",20250529,"CbDRC3","p013","m2x","E03",0,804.732412165623,37.2796024235579,"","48h",10,"15hHB101","DMSO",1,"Pyrantel",0.585,NA,NA,"PB420","1",NA,NA,NA,737.770150537409,541.640475193822,686.899449642855,714.161815023068,740.565532280767,48.2298011818614,770.17860144182,791.360967836992,804.732412165623,0.0653723942975054,35.3733695730602,30.8222089567418,32.1422934106241,33.1546881514282,35.4286170685187,2.5290267378796,37.4960591208867,38.6537723505433,39.7956497148091,0.0714952171196511,54,"1_PB420_0.585",NA,NA,NA,NA,NA,"1",756.281457175035,-15.7159248942681
"20250529-CbDRC3-p013-m2x_E04_roi_0.png",20250529,"CbDRC3","p013","m2x","E04",0,770.669160525224,34.7101037885666,"","48h",10,"15hHB101","DMSO",1,"Pyrantel",1.17,NA,NA,"PB420","1",NA,NA,NA,749.045622635433,598.424935900124,705.713534053398,723.925223248643,750.619548601743,41.8197856786688,780.639128302644,798.1076335939,817.961882855599,0.0558307590551436,35.6910792348298,27.4945813933052,31.5878619332577,33.631272201276,35.9195583777185,2.89223715831198,37.9460792527783,39.2686343025008,40.1241282198056,0.0810352956626073,80,"1_PB420_1.17",NA,"n>75",NA,NA,NA,"1",756.281457175035,-5.6619085732915
"20250529-CbDRC3-p013-m2x_E05_roi_0.png",20250529,"CbDRC3","p013","m2x","E05",0,746.099852897593,34.3236336928254,"","48h",10,"15hHB101","DMSO",1,"Pyrantel",2.34,NA,NA,"PB420","1",NA,NA,NA,754.241750524437,554.324452067986,700.331850294434,736.007318105271,762.698999347705,44.2534665969541,780.0170556674,798.475016883571,830.606314547462,0.058672788354906,36.6718671408632,27.1840927798772,32.9852448640209,35.0568426544621,36.8355446707198,3.18971496785983,38.1395785338677,39.9543714148893,48.3920743816819,0.086979889941452,65,"1_PB420_2.34",NA,NA,NA,NA,NA,"1",756.281457175035,6.4175421726701
"20250529-CbDRC3-p013-m2x_E06_roi_0.png",20250529,"CbDRC3","p013","m2x","E06",0,774.56227297643,36.5276362422367,"","48h",10,"15hHB101","DMSO",1,"Pyrantel",4.68,NA,NA,"PB420","1",NA,NA,NA,758.127010629883,671.198594504744,716.100054234417,740.140853699683,759.579847649615,30.9929418642893,780.246295036281,796.364628185944,823.893315708419,0.0408809360829118,36.6599381649367,30.0061127973159,33.7627571544386,35.0774843476223,36.700506960862,2.2182049862268,38.1983814620966,39.4625723287345,40.7747737458673,0.060507603047416,79,"1_PB420_4.68",NA,"n>75",NA,NA,NA,"1",756.281457175035,3.29839047457983
"20250529-CbDRC3-p013-m2x_E07_roi_0.png",20250529,"CbDRC3","p013","m2x","E07",0,792.803649721426,36.2829421481573,"","48h",10,"15hHB101","DMSO",1,"Pyrantel",9.375,NA,NA,"PB420","1",NA,NA,NA,745.425636523521,567.575578645081,685.00715154364,725.17458850285,756.964993105459,48.3625700763757,775.134595091615,791.48768055795,818.129297495154,0.0648791344257043,36.073067630738,27.4710899351507,33.1813619235881,34.4509040278914,36.2829421481573,2.52182326581658,37.851985242496,38.8411916529795,41.2604320038337,0.0699087555189712,83,"1_PB420_9.375",NA,"n>75",NA,NA,NA,"1",756.281457175035,0.683535930423886
"20250529-CbDRC3-p013-m2x_E08_roi_0.png",20250529,"CbDRC3","p013","m2x","E08",0,763.501551781112,37.2148409901567,"","48h",10,"15hHB101","DMSO",1,"Pyrantel",18.75,NA,NA,"PB420","1",NA,NA,NA,738.11154962631,307.835296524992,701.492086340817,729.367182887761,749.643292529481,70.3742084532897,775.343529684375,779.980369880764,814.139173051457,0.0953435947302528,35.6324189610527,24.3275708715283,31.8437729388288,33.974780629857,35.7456087292325,3.15807136702767,37.8769809972751,39.6322257079661,41.2453823830188,0.0886291601611313,72,"1_PB420_18.75",NA,NA,NA,NA,NA,"1",756.281457175035,-6.6381646455535
"20250529-CbDRC3-p013-m2x_E09_roi_0.png",20250529,"CbDRC3","p013","m2x","E09",0,783.156724291771,37.1946117641974,"","48h",10,"15hHB101","DMSO",1,"Pyrantel",37.5,NA,NA,"PB420","1",NA,NA,NA,728.448826301554,283.098668276648,665.72355962429,710.614315058504,748.253790000513,76.1344149491085,774.22035693432,788.306025233715,808.046197215414,0.104515804268166,34.9730021244463,27.5856483054147,31.0203321390849,33.5688327045401,35.4771577671051,2.72988770245119,36.6450087409559,37.7644531818191,41.0868625726503,0.0780570021623333,71,"1_PB420_37.5",NA,NA,NA,NA,NA,"1",756.281457175035,-8.02766717452164
"20250529-CbDRC3-p013-m2x_E10_roi_0.png",20250529,"CbDRC3","p013","m2x","E10",0,736.645013567908,31.7729932499067,"","48h",10,"15hHB101","DMSO",1,"Pyrantel",75,NA,NA,"PB420","1",NA,NA,NA,699.104511347958,509.600621901911,609.773696511364,662.599921689641,713.630532183293,63.8591995887871,743.794444062033,763.843598349598,804.533711120491,0.0913442819381308,33.4292654146759,26.8769720750353,28.6977874545172,31.5711231075301,33.5510788146717,3.11498878730798,35.8034213558066,37.2805456884212,40.6453930030995,0.0931814907886209,70,"1_PB420_75",NA,NA,NA,NA,NA,"1",756.281457175035,-42.6509249917418
"20250529-CbDRC3-p013-m2x_E11_roi_0.png",20250529,"CbDRC3","p013","m2x","E11",0,669.760210899216,31.5609411107729,"","48h",10,"15hHB101","DMSO",1,"Pyrantel",150,NA,NA,"PB420","1",NA,NA,NA,588.603880784048,289.002544064681,449.65621328379,511.563609852606,587.491064510978,118.952600172836,684.779569230825,720.566371476618,791.428573474004,0.202092789490932,31.9119863349576,22.289866854944,27.4614926413342,28.0936237697124,30.7314592633877,6.02395426924655,34.2914786460725,37.4506796376105,61.8016950156873,0.188767762871836,50,"1_PB420_150",NA,NA,NA,NA,NA,"1",756.281457175035,-168.790392664057
"20250529-CbDRC3-p013-m2x_E12_roi_0.png",20250529,"CbDRC3","p013","m2x","E12",0,644.323457473342,32.8008640507275,"","48h",10,"15hHB101","DMSO",1,"Pyrantel",300,NA,NA,"PB420","1",NA,NA,NA,546.473066335869,369.191185354353,446.129004874297,495.994854393241,555.144341683177,73.9386372407733,605.620559183984,639.373522966296,706.084651144349,0.135301521329378,29.6426773702312,20.7585044520173,26.4476499115134,27.7507764606621,29.4345631441482,2.91014152311433,31.8841849504345,33.0343305478166,34.4741952098247,0.0981740443606777,59,"1_PB420_300",NA,NA,NA,NA,NA,"1",756.281457175035,-201.137115491858
"20250529-CbDRC3-p013-m2x_F01_roi_0.png",20250529,"CbDRC3","p013","m2x","F01",0,771.256295151901,36.0417368723857,"","48h",10,"15hHB101","DMSO",1,"Pyrantel",0,NA,NA,"ED3102","1",NA,NA,NA,746.957616261525,541.217862101424,712.076217541434,729.585098354897,755.568861945009,44.2733647232571,772.816530872665,787.119821125212,825.437545843659,0.0592715888551246,35.8130269968564,26.3822408704783,33.4065942864904,34.6981798531714,36.0759323718977,2.36980630714792,37.4559111291005,38.1721855874937,40.2670812783007,0.0661716281998709,82,"1_ED3102_0",NA,"n>75",NA,NA,NA,"1",756.634396898577,-1.06553495356775
"20250529-CbDRC3-p013-m2x_F02_roi_0.png",20250529,"CbDRC3","p013","m2x","F02",0,695.033698821316,30.1779503214865,"","48h",10,"15hHB101","DMSO",1,"Pyrantel",0.292,NA,NA,"ED3102","1",NA,NA,NA,752.204528561458,645.802049215081,709.76922012866,737.363656658767,757.545747609834,30.673949331736,773.472375495595,784.027003542779,821.841726075614,0.0407787352602064,35.3961376690837,30.1779503214865,32.7485970698426,34.1609837423528,35.4027827515992,2.08583941684769,36.7396445737182,38.1925968576591,39.3212979871888,0.0589284468364339,85,"1_ED3102_0.292",NA,"n>75",NA,NA,NA,"1",756.634396898577,0.911350711256773
"20250529-CbDRC3-p013-m2x_F03_roi_0.png",20250529,"CbDRC3","p013","m2x","F03",0,745.997806634904,32.2139477896943,"","48h",10,"15hHB101","DMSO",1,"Pyrantel",0.585,NA,NA,"ED3102","1",NA,NA,NA,758.900641311744,646.652698712975,709.394162053101,742.277755431262,761.036818915568,36.2737358964132,782.965239213027,800.126985659785,826.832897650929,0.0477977404706298,34.5675884555239,26.5597756509101,31.4144281713088,33.1709500807874,34.7370701260911,2.46774891791335,36.1539639154839,37.3484328356949,39.8029956513134,0.0713890967860965,71,"1_ED3102_0.585",NA,NA,NA,NA,NA,"1",756.634396898577,4.40242201699141
"20250529-CbDRC3-p013-m2x_F04_roi_0.png",20250529,"CbDRC3","p013","m2x","F04",0,750.929100092001,33.1763865603202,"","48h",10,"15hHB101","DMSO",1,"Pyrantel",1.17,NA,NA,"ED3102","1",NA,NA,NA,745.569839446295,662.647114924975,715.375658678098,726.823368233932,744.571151680646,27.446908384259,763.82398403671,776.583300084804,816.904640126469,0.0368133297943527,35.1880972676772,27.5751698329532,32.9174405858776,33.9166911173811,35.2075211996985,2.10432371134004,36.1741465234518,37.4435034290891,41.8256500548801,0.0598021454622103,83,"1_ED3102_1.17",NA,"n>75",NA,NA,NA,"1",756.634396898577,-12.0632452179307
"20250529-CbDRC3-p013-m2x_F05_roi_0.png",20250529,"CbDRC3","p013","m2x","F05",0,836.731938174811,37.3325364382033,"","48h",10,"15hHB101","DMSO",1,"Pyrantel",2.34,NA,NA,"ED3102","1",NA,NA,NA,755.199761007663,655.042052328431,722.420919437054,737.563963288108,757.105341354954,29.9141333050233,772.529934190559,788.70160186485,836.731938174811,0.0396108882040811,35.4590791979376,31.8707513860178,33.1207198457574,34.0537330435006,35.3323328281487,1.77013818552218,36.8222380029768,37.8923322323544,39.362896552893,0.0499205908771918,78,"1_ED3102_2.34",NA,"n>75",NA,NA,NA,"1",756.634396898577,0.470944456376856
"20250529-CbDRC3-p013-m2x_F06_roi_0.png",20250529,"CbDRC3","p013","m2x","F06",0,781.104410102336,35.0253258578289,"","48h",10,"15hHB101","DMSO",1,"Pyrantel",4.68,NA,NA,"ED3102","1",NA,NA,NA,767.553371866756,628.526054067271,728.17391196318,745.690518888095,764.01847049003,72.5354391301867,782.972325094436,793.856472892373,1328.54197118385,0.09450214381024,35.5581115778398,29.0180896573207,32.7939864014147,34.3072351576647,35.4707858944136,2.30594280143997,37.0482028950958,38.1019981506469,42.1513460132166,0.0648499793469645,76,"1_ED3102_4.68",NA,"n>75",NA,NA,NA,"1",756.634396898577,7.38407359145299
"20250529-CbDRC3-p013-m2x_F07_roi_0.png",20250529,"CbDRC3","p013","m2x","F07",0,728.590327350145,34.5891643926805,"","48h",10,"15hHB101","DMSO",1,"Pyrantel",9.375,NA,NA,"ED3102","1",NA,NA,NA,760.693242725964,679.376620916781,724.664997655342,743.160902924877,762.809957591712,28.420328007257,780.842030736649,796.285669331107,811.032973732665,0.0373610890842306,35.5046854523185,31.6249516204129,33.0601280517243,34.0997527581764,35.4841719754586,1.89393625365502,36.8181784073928,38.0535297226009,40.1139964412313,0.0533432765148281,72,"1_ED3102_9.375",NA,NA,NA,NA,NA,"1",756.634396898577,6.17556069313537
"20250529-CbDRC3-p013-m2x_F08_roi_0.png",20250529,"CbDRC3","p013","m2x","F08",0,766.640021894749,35.9840213663387,"","48h",10,"15hHB101","DMSO",1,"Pyrantel",18.75,NA,NA,"ED3102","1",NA,NA,NA,753.548470364216,606.338314253007,710.991578936952,740.247264177453,759.053692914034,32.8428789549352,775.969909169698,782.405856297582,827.52529548362,0.0435842951669202,35.3144985956158,28.7491534186387,32.3664616896454,34.0203506966669,35.5254423657549,2.20211024088699,36.7679804801737,37.7965209188726,39.8316605815341,0.0623571147392808,76,"1_ED3102_18.75",NA,"n>75",NA,NA,NA,"1",756.634396898577,2.41929601545689
"20250529-CbDRC3-p013-m2x_F09_roi_0.png",20250529,"CbDRC3","p013","m2x","F09",0,779.267290970074,38.0190969407717,"","48h",10,"15hHB101","DMSO",1,"Pyrantel",37.5,NA,NA,"ED3102","1",NA,NA,NA,744.435414738689,248.849689841212,714.493175678455,740.615187796963,767.627810420541,86.6920475476535,775.282223914441,792.53583288767,842.754310852306,0.116453416685024,34.8289958250343,16.7202274630653,32.2523606386432,34.0324717248685,35.3791764471356,3.4674720817752,36.6835269913071,37.6107398594812,39.3843238980309,0.0995570500853448,74,"1_ED3102_37.5",NA,NA,NA,NA,NA,"1",756.634396898577,10.9934135219642
"20250529-CbDRC3-p013-m2x_F10_roi_0.png",20250529,"CbDRC3","p013","m2x","F10",0,776.112802777104,33.4906968461591,"","48h",10,"15hHB101","DMSO",1,"Pyrantel",75,NA,NA,"ED3102","1",NA,NA,NA,714.182263808017,569.497628342424,629.605607609854,663.732592028099,733.918480464611,58.4866716478993,761.490286293439,772.279636038709,801.707440739247,0.0818932009541214,33.7254700238292,27.1341520580509,30.0920953842373,31.6286929145658,34.0930417274443,2.5702850461387,35.6552392130861,36.8227531024218,38.9586622524388,0.0762119859062787,71,"1_ED3102_75",NA,NA,NA,NA,NA,"1",756.634396898577,-22.715916433966
"20250529-CbDRC3-p013-m2x_F11_roi_0.png",20250529,"CbDRC3","p013","m2x","F11",0,732.457699652743,34.9849842427136,"","48h",10,"15hHB101","DMSO",1,"Pyrantel",150,NA,NA,"ED3102","1",NA,NA,NA,673.181959697866,479.273626008614,587.584906314167,636.606894934559,684.940822636918,58.2027447034506,716.641505983585,736.060130115155,779.257252419108,0.0864591569411231,33.2129364047931,25.9871961561818,29.6623389208744,31.8252475767771,33.4328739983991,2.64893865396886,34.9936017027943,36.2647050621144,38.626270813669,0.0797562317792106,67,"1_ED3102_150",NA,NA,NA,NA,NA,"1",756.634396898577,-71.6935742616593
"20250529-CbDRC3-p013-m2x_F12_roi_0.png",20250529,"CbDRC3","p013","m2x","F12",0,691.949521278034,33.1462165045169,"","48h",10,"15hHB101","DMSO",1,"Pyrantel",300,NA,NA,"ED3102","1",NA,NA,NA,636.787736581932,483.34995518799,553.535140084865,605.282190544821,640.829991764667,54.439329743565,677.234243854076,702.060096831417,728.62231991527,0.0854905435770127,32.3821761869467,27.5335706282222,28.8176211510427,31.0008173359469,32.7406029446815,2.28564321197947,33.8259344650072,35.3384280629338,36.6880947166561,0.0705833727413542,61,"1_ED3102_300",NA,NA,NA,NA,NA,"1",756.634396898577,-115.80440513391
"20250529-CbDRC3-p014-m2x_A01_roi_0.png",20250529,"CbDRC3","p014","m2x","A01",0,768.543365203518,35.3723627810807,"","48h",10,"15hHB101","DMSO",1,"Pyrantel",0,NA,NA,"ECA2666","1",NA,NA,NA,730.015299129756,586.87942965747,672.842513174521,695.623919339249,737.391571750381,50.2525715813415,761.627857536961,773.91348342399,941.469044193917,0.0688376964719056,34.041781118244,28.8477555004281,30.3558858046183,31.4204125973994,34.0160948334362,3.39747359932063,35.7384090958394,37.7418956740359,52.4813103703615,0.0998030504784552,86,"1_ECA2666_0",NA,"n>75",NA,NA,NA,"1",735.32863008283,2.06294166755072
"20250529-CbDRC3-p014-m2x_A02_roi_0.png",20250529,"CbDRC3","p014","m2x","A02",0,757.219060475248,34.9143792962907,"","48h",10,"15hHB101","DMSO",1,"Pyrantel",0.292,NA,NA,"ECA2666","1",NA,NA,NA,739.549151997231,611.852388202126,701.142457476771,720.782349430018,751.589000408624,35.3776797305881,763.809977040026,776.311553096853,794.896739193465,0.0478368200883564,33.8900079319166,27.1282581717042,31.1395351392907,32.5530029788574,34.288069964261,2.17965002300616,35.2770629134988,36.5272351529245,38.1520818931757,0.0643154179068052,78,"1_ECA2666_0.292",NA,"n>75",NA,NA,NA,"1",735.32863008283,16.2603703257936
"20250529-CbDRC3-p014-m2x_A03_roi_0.png",20250529,"CbDRC3","p014","m2x","A03",0,756.033483683748,32.9317228330453,"","48h",10,"15hHB101","DMSO",1,"Pyrantel",0.585,NA,NA,"ECA2666","1",NA,NA,NA,743.107693604068,604.153771439768,703.776985369474,725.354538578457,747.213919399377,34.0814502109099,765.693689914069,781.296079225726,821.387505682433,0.045863406480984,33.8356592210673,27.5501074776628,30.471532617556,32.3478123763789,33.8972426449867,2.51042483725996,35.3252137799416,36.5762745222748,40.8912855477424,0.0741946483400234,77,"1_ECA2666_0.585",NA,"n>75",NA,NA,NA,"1",735.32863008283,11.8852893165467
"20250529-CbDRC3-p014-m2x_A04_roi_0.png",20250529,"CbDRC3","p014","m2x","A04",0,744.543477310225,32.9948763872863,"","48h",10,"15hHB101","DMSO",1,"Pyrantel",1.17,NA,NA,"ECA2666","1",NA,NA,NA,751.59172504043,656.114008822919,704.138577115339,731.295200483549,756.485133696936,39.6213587146897,775.084691185139,791.336177000249,886.024405485303,0.0527165978477988,34.1135321187538,28.7281161402888,30.4089645441546,32.4123399546999,34.4566317232148,2.50259874641836,35.6791451871402,37.1332383937268,39.5421828261366,0.0733608803012973,64,"1_ECA2666_1.17",NA,NA,NA,NA,NA,"1",735.32863008283,21.1565036141061
"20250529-CbDRC3-p014-m2x_A05_roi_0.png",20250529,"CbDRC3","p014","m2x","A05",0,741.887248709729,35.7886096023869,"","48h",10,"15hHB101","DMSO",1,"Pyrantel",2.34,NA,NA,"ECA2666","1",NA,NA,NA,734.557919786556,519.344186530882,686.067426962816,716.493135867272,739.38766269139,45.4037296398285,766.819181967488,780.398692475091,824.568795031206,0.0618109592406569,33.4587262541135,22.8437057339944,30.4051187002524,32.4046555203675,33.5449468914858,2.62900396714828,35.1185299665732,36.3182690608446,39.7684962757522,0.0785745382887989,94,"1_ECA2666_2.34",NA,"n>75",NA,NA,NA,"1",735.32863008283,4.05903260855916
"20250529-CbDRC3-p014-m2x_A06_roi_0.png",20250529,"CbDRC3","p014","m2x","A06",0,733.799243234435,32.9931453875621,"","48h",10,"15hHB101","DMSO",1,"Pyrantel",4.68,NA,NA,"ECA2666","1",NA,NA,NA,729.853267182694,237.287001122982,680.932367459438,719.038307389681,740.132101536047,82.9884582165719,773.257730979778,783.178355060312,860.653249073576,0.113705674754209,33.5683205723521,14.1448048873239,30.1034506404036,32.0417586152286,34.0086089388843,3.90074095394538,35.7871318629336,37.1661157486466,40.1107821311528,0.116203041660599,71,"1_ECA2666_4.68",NA,NA,NA,NA,NA,"1",735.32863008283,4.80347145321639
"20250529-CbDRC3-p014-m2x_A07_roi_0.png",20250529,"CbDRC3","p014","m2x","A07",0,772.130305712986,33.2560231529213,"","48h",10,"15hHB101","DMSO",1,"Pyrantel",9.375,NA,NA,"ECA2666","1",NA,NA,NA,735.285570001579,483.587487943032,682.872093158034,716.350024484161,744.13757687245,56.9704808487907,762.478841183933,795.101098171218,824.874854056621,0.0774807546524656,33.2515360160977,23.0001382761607,29.5969007251804,31.6186670017592,33.5597094703165,2.96456626108348,35.0298292609167,36.7761674686177,40.9969173156075,0.0891557689139018,76,"1_ECA2666_9.375",NA,"n>75",NA,NA,NA,"1",735.32863008283,8.80894678961931
"20250529-CbDRC3-p014-m2x_A08_roi_0.png",20250529,"CbDRC3","p014","m2x","A08",0,757.834725869204,33.4386933055622,"","48h",10,"15hHB101","DMSO",1,"Pyrantel",18.75,NA,NA,"ECA2666","1",NA,NA,NA,676.953504765459,408.652988335121,595.429333497338,620.466584420356,688.819274696495,85.6466187266829,749.044877732505,768.583922442399,805.348765630759,0.126517727028175,31.6000173786726,22.6730944503462,27.2476207468422,29.7152048586099,31.2308587608993,3.64216895849976,34.1638640318822,36.2622038635295,40.0690198569138,0.115258447957625,75,"1_ECA2666_18.75",NA,NA,NA,NA,NA,"1",735.32863008283,-46.5093553863353
"20250529-CbDRC3-p014-m2x_A09_roi_0.png",20250529,"CbDRC3","p014","m2x","A09",0,775.726474105063,34.0410015728837,"","48h",10,"15hHB101","DMSO",1,"Pyrantel",37.5,NA,NA,"ECA2666","1",NA,NA,NA,668.69504259082,343.778759604383,568.91240789243,613.278318870963,698.352511532265,98.7779544890721,743.004072089118,764.584798352789,784.96840903564,0.147717491827609,31.289170911255,20.606726289181,27.2477670714948,29.3647223565231,31.258288392292,3.79758958702535,34.1415591592683,35.5183739390565,38.4452374701907,0.121370732314908,78,"1_ECA2666_37.5",NA,"n>75",NA,NA,NA,"1",735.32863008283,-36.9761185505654
"20250529-CbDRC3-p014-m2x_A11_roi_0.png",20250529,"CbDRC3","p014","m2x","A11",0,545.053817553218,26.9220200348576,"","48h",10,"15hHB101","DMSO",1,"Pyrantel",150,NA,NA,"ECA2666","1",NA,NA,NA,573.792691640755,339.232145454037,450.971884482007,524.748089997667,581.927196173771,85.451963640441,642.084475855732,668.035453367708,714.396726921882,0.148924803130712,28.129817224121,20.9397147951633,23.7503171786656,26.2926898113344,27.9728194045514,3.05231952586316,30.3088485667927,32.1196521081498,34.8543370575654,0.108508331267998,73,"1_ECA2666_150",NA,NA,NA,NA,NA,"1",735.32863008283,-153.401433909059
"20250529-CbDRC3-p014-m2x_A12_roi_0.png",20250529,"CbDRC3","p014","m2x","A12",0,558.190837432825,27.0655724345889,"","48h",10,"15hHB101","DMSO",1,"Pyrantel",300,NA,NA,"ECA2666","1",NA,NA,NA,515.449852044341,305.822414402023,420.846723315372,482.759680710316,529.555803583014,65.7124732254143,557.980773943627,574.885740154895,650.58173153445,0.127485676763297,26.6148554743203,21.421046902504,22.7946874199101,25.1715312082714,26.9338088769486,2.41367860456403,28.0266946917712,29.2565210997145,35.0019495328613,0.0906891494072886,65,"1_ECA2666_300",NA,NA,NA,NA,NA,"1",735.32863008283,-205.772826499817
"20250529-CbDRC3-p014-m2x_B01_roi_0.png",20250529,"CbDRC3","p014","m2x","B01",0,826.50413595556,37.543935292982,"","48h",10,"15hHB101","DMSO",1,"Pyrantel",0,NA,NA,"JU3237","1",NA,NA,NA,806.632502195184,541.948284588023,768.043424212937,788.510813387487,810.994711452185,49.3374108513624,839.174204548494,860.20716438842,871.080408875722,0.0611646700537045,37.4109212376366,28.2690973127486,35.2764619443636,36.2690716229693,37.543935292982,2.171996424719,38.7076188054312,39.7162724712647,42.6405605625271,0.0580578171524391,69,"1_JU3237_0",NA,NA,NA,NA,NA,"1",806.265742658269,4.72896879391567
"20250529-CbDRC3-p014-m2x_B02_roi_0.png",20250529,"CbDRC3","p014","m2x","B02",0,843.182020266404,36.6063958233986,"","48h",10,"15hHB101","DMSO",1,"Pyrantel",0.292,NA,NA,"JU3237","1",NA,NA,NA,816.51155533977,602.018971811978,768.776632136008,795.656711392705,819.980571453349,42.9318201910046,848.932483643795,860.526392592444,896.459163431309,0.0525795622979758,37.4965649571463,31.1653759323637,35.137051506312,36.3487013640591,37.3510575006792,2.12115811248922,39.1239952047756,40.1651278587526,41.5694190645719,0.0565693981545625,76,"1_JU3237_0.292",NA,"n>75",NA,NA,NA,"1",806.265742658269,13.7148287950798
"20250529-CbDRC3-p014-m2x_B03_roi_0.png",20250529,"CbDRC3","p014","m2x","B03",0,823.096667875811,34.6945445907004,"","48h",10,"15hHB101","DMSO",1,"Pyrantel",0.585,NA,NA,"JU3237","1",NA,NA,NA,813.346289332722,592.027999268152,756.315997023632,793.49869125691,823.286413446992,46.0283843850881,841.427105326293,859.133667647434,884.323609387116,0.0565913744105851,37.2299063270938,26.4110488150395,33.9115935257486,36.0890077344274,37.613262386806,2.61998579050445,39.1719234081966,39.8120918565619,41.5091648050526,0.0703731502165445,85,"1_JU3237_0.585",NA,"n>75",NA,NA,NA,"1",806.265742658269,17.020670788723
"20250529-CbDRC3-p014-m2x_B04_roi_0.png",20250529,"CbDRC3","p014","m2x","B04",0,815.203369336749,39.7076702952777,"","48h",10,"15hHB101","DMSO",1,"Pyrantel",1.17,NA,NA,"JU3237","1",NA,NA,NA,811.967020188149,471.513376552926,755.898513570225,794.633639775337,815.873413469048,54.3363535776584,844.356972648113,858.550725228415,882.369977143778,0.0669194095655112,37.4715437435416,27.2665622371628,34.1974916283204,36.0298077955872,37.756657927192,2.58531106249738,39.3227614054208,40.115925426713,42.3150319007691,0.0689939832794578,75,"1_JU3237_1.17",NA,NA,NA,NA,NA,"1",806.265742658269,9.6076708107787
"20250529-CbDRC3-p014-m2x_B05_roi_0.png",20250529,"CbDRC3","p014","m2x","B05",0,856.240246831743,39.2002231293567,"","48h",10,"15hHB101","DMSO",1,"Pyrantel",2.34,NA,NA,"JU3237","1",NA,NA,NA,810.37290164323,168.876192305812,769.758201208641,796.986956170354,813.868141565991,80.782086504114,844.982219387494,863.059904664845,916.163500081532,0.0996850787338872,37.6717908720404,13.7368955827041,34.9860526650394,36.6898713858584,37.8569378698625,3.48504609717049,39.6221597776129,40.693575251804,42.3284405284129,0.092510762469672,79,"1_JU3237_2.34",NA,"n>75",NA,NA,NA,"1",806.265742658269,7.6023989077222
"20250529-CbDRC3-p014-m2x_B06_roi_0.png",20250529,"CbDRC3","p014","m2x","B06",0,854.59882607419,38.4563442007381,"","48h",10,"15hHB101","DMSO",1,"Pyrantel",4.68,NA,NA,"JU3237","1",NA,NA,NA,812.967849984695,522.36968901252,766.158646374181,798.312225516587,824.482113781153,57.4165870136349,845.602711924122,864.601881303294,895.583308282517,0.0706259011530601,37.1477203526902,28.5852680628318,34.0644009954391,35.8343127102908,37.3944410412994,2.64974098393591,38.8429930712061,40.3362851691196,41.5344948448242,0.0713298409371712,80,"1_JU3237_4.68",NA,"n>75",NA,NA,NA,"1",806.265742658269,18.2163711228844
"20250529-CbDRC3-p014-m2x_B07_roi_0.png",20250529,"CbDRC3","p014","m2x","B07",0,821.98993483963,38.6118957710249,"","48h",10,"15hHB101","DMSO",1,"Pyrantel",9.375,NA,NA,"JU3237","1",NA,NA,NA,806.140293546742,573.916749025508,769.098351036415,791.588183065445,810.603618771825,45.5771939120637,837.456835658612,851.445783806618,871.551548078075,0.0565375459791739,37.3728241546477,29.1269302486387,34.8218071504778,36.1503159082779,37.7830569404408,2.35075798128475,39.0392351556121,39.7335302566841,42.4892291578849,0.0629001964517689,69,"1_JU3237_9.375",NA,NA,NA,NA,NA,"1",806.265742658269,4.33787611355569
"20250529-CbDRC3-p014-m2x_B08_roi_0.png",20250529,"CbDRC3","p014","m2x","B08",0,814.527947205217,35.0672392405156,"","48h",10,"15hHB101","DMSO",1,"Pyrantel",18.75,NA,NA,"JU3237","1",NA,NA,NA,783.891177877542,412.248376772755,734.541604809318,781.266761175795,807.089633853317,98.7870734642453,831.161035859537,853.646131118859,906.323829177445,0.126021412476819,35.7149528205014,23.3416233373413,32.1427066250671,34.5048209061642,36.5369539188001,3.87765355558126,38.0653887283762,39.1803121145958,41.5015073500464,0.108572271537634,74,"1_JU3237_18.75",NA,NA,NA,NA,NA,"1",806.265742658269,0.823891195048304
"20250529-CbDRC3-p014-m2x_B09_roi_0.png",20250529,"CbDRC3","p014","m2x","B09",0,788.11306971257,34.3390133922956,"","48h",10,"15hHB101","DMSO",1,"Pyrantel",37.5,NA,NA,"JU3237","1",NA,NA,NA,790.394678664416,394.106229639034,725.466054093123,782.283087836087,813.468245278186,84.6753502441404,836.587557719398,856.711554114679,879.665162660186,0.107130465993549,35.861318024531,21.9674588929605,32.1926754600009,34.9720440865171,36.3868788196935,3.7683944761506,37.721667266994,39.804767703658,41.3652499789439,0.10508243097961,68,"1_JU3237_37.5",NA,NA,NA,NA,NA,"1",806.265742658269,7.20250261991657
"20250529-CbDRC3-p014-m2x_B10_roi_0.png",20250529,"CbDRC3","p014","m2x","B10",0,787.083094524932,35.4586751914211,"","48h",10,"15hHB101","DMSO",1,"Pyrantel",75,NA,NA,"JU3237","1",NA,NA,NA,702.821014355437,239.883483308391,557.205910800201,631.001903857437,748.967010684267,116.711516009981,794.848325470419,818.20069727347,873.253821929627,0.166061505882856,32.9456657087817,15.2117116033961,28.6906648269591,30.083230521027,33.3871301798612,3.89110132842467,35.5355468807885,37.5439860663717,40.2129299226087,0.11810662327541,92,"1_JU3237_75",NA,"n>75",NA,NA,NA,"1",806.265742658269,-57.298731974002
"20250529-CbDRC3-p014-m2x_B11_roi_0.png",20250529,"CbDRC3","p014","m2x","B11",0,759.200669661058,32.0380170877978,"","48h",10,"15hHB101","DMSO",1,"Pyrantel",150,NA,NA,"JU3237","1",NA,NA,NA,594.458699420466,311.516975237551,499.1671558546,536.126676266109,586.933479833632,99.0745107674489,664.521795509204,732.555928877554,781.734645185264,0.166663404647011,29.8636491357663,14.9873223727542,26.8340743357651,27.8711642754552,29.5086843665987,3.38713653182845,31.3243185484431,34.4695139831108,36.8869366014379,0.113420048448528,76,"1_JU3237_150",NA,"n>75",NA,NA,NA,"1",806.265742658269,-219.332262824637
"20250529-CbDRC3-p014-m2x_B12_roi_0.png",20250529,"CbDRC3","p014","m2x","B12",0,679.115508405428,33.6465110781583,"","48h",10,"15hHB101","DMSO",1,"Pyrantel",300,NA,NA,"JU3237","1",NA,NA,NA,543.971841527608,409.045998661407,439.649052033761,514.152447169221,543.251455932307,67.481622827082,581.500064877343,641.501484091035,689.415766328653,0.124053522030804,28.8607312575931,23.2378142149087,26.2410386856356,27.7284337387452,28.8197355616434,2.35136047804225,29.8710297824531,32.3959969404092,33.65439365182,0.081472657676462,65,"1_JU3237_300",NA,NA,NA,NA,NA,"1",806.265742658269,-263.014286725962
"20250529-CbDRC3-p014-m2x_C01_roi_0.png",20250529,"CbDRC3","p014","m2x","C01",0,771.024958779396,36.4778168166943,"","48h",10,"15hHB101","DMSO",1,"Pyrantel",0,NA,NA,"VX34","1",NA,NA,NA,768.045595156441,538.059436790956,722.34871893188,746.979904715582,771.024958779396,57.7269482799876,803.931253535245,832.663464165912,853.393567327654,0.0751608350390049,37.5497020417871,28.5142319406381,34.29768413506,36.4029863830214,37.976990525478,2.77673906130387,39.4277474617145,40.3666437984495,41.8179610529058,0.0739483647090937,61,"1_VX34_0",NA,NA,NA,NA,NA,"1",763.538605859815,7.48635291958055
"20250529-CbDRC3-p014-m2x_C02_roi_0.png",20250529,"CbDRC3","p014","m2x","C02",0,828.366741848146,37.3731596173159,"","48h",10,"15hHB101","DMSO",1,"Pyrantel",0.292,NA,NA,"VX34","1",NA,NA,NA,762.729827033663,642.972457477093,692.978567685666,742.450835346457,763.133286833629,49.9423263700526,795.180655422565,825.526973292535,865.382482154777,0.0654783969368074,37.1774678726824,27.7217377464868,33.8543640831553,35.6136055687359,37.3513987483526,2.91821114348336,39.0348587004816,40.4751037368833,43.0043738663973,0.0784940801637444,69,"1_VX34_0.292",NA,NA,NA,NA,NA,"1",763.538605859815,-0.405319026186362
"20250529-CbDRC3-p014-m2x_C03_roi_0.png",20250529,"CbDRC3","p014","m2x","C03",0,778.824102915403,37.5062695214627,"","48h",10,"15hHB101","DMSO",1,"Pyrantel",0.585,NA,NA,"VX34","1",NA,NA,NA,756.587397906855,447.493576915649,701.453691792844,730.548023516258,755.729169457519,66.3828772064117,801.168154861115,831.422081739595,857.549066260545,0.0877398663922555,37.3517795188027,29.6993691870918,33.539289268296,36.124008075238,37.8392709361257,2.76633135320197,38.976040512146,40.240042899488,45.0736805314136,0.0740615678513901,61,"1_VX34_0.585",NA,NA,NA,NA,NA,"1",763.538605859815,-7.80943640229691
"20250529-CbDRC3-p014-m2x_C04_roi_0.png",20250529,"CbDRC3","p014","m2x","C04",0,761.319864210253,38.0317751875022,"","48h",10,"15hHB101","DMSO",1,"Pyrantel",1.17,NA,NA,"VX34","1",NA,NA,NA,773.661293484066,630.418792672591,721.635136930475,743.949152323562,775.389745959722,48.3468940014226,807.597265274887,827.13916752281,901.581930501545,0.0624910337490191,37.5993615509694,31.1693576677822,34.356141063118,36.2937473632698,38.020304408307,2.44375384155444,39.289801775632,40.3423889612345,42.2870561884707,0.0649945568421874,54,"1_VX34_1.17",NA,NA,NA,NA,NA,"1",763.538605859815,11.8511400999063
"20250529-CbDRC3-p014-m2x_C05_roi_0.png",20250529,"CbDRC3","p014","m2x","C05",0,782.830617182272,39.9055593078236,"","48h",10,"15hHB101","DMSO",1,"Pyrantel",2.34,NA,NA,"VX34","1",NA,NA,NA,779.857412607652,701.209110789313,727.019629373137,748.524798937835,782.682157472714,40.4931654668804,814.767393658857,823.213478534629,901.343459559628,0.0519238065988002,37.9441870591571,32.7597832031704,35.1605481436894,36.3501111386116,38.0256404160965,2.35114132612798,39.6383207201505,40.6488708535797,43.0850498278129,0.0619631492555742,52,"1_VX34_2.34",NA,NA,NA,NA,NA,"1",763.538605859815,19.1435516128987
"20250529-CbDRC3-p014-m2x_C06_roi_0.png",20250529,"CbDRC3","p014","m2x","C06",0,772.979180442535,35.0560287145994,"","48h",10,"15hHB101","DMSO",1,"Pyrantel",4.68,NA,NA,"VX34","1",NA,NA,NA,764.164263597744,523.059411398593,712.601625102714,736.371798989712,772.479419729785,56.2281424169537,808.646213176711,818.388188203183,834.007878423054,0.0735812247385495,37.1086395883438,22.8305096481608,33.8107315162376,35.0775005472485,37.727809046111,3.38282855735035,39.3802921474402,40.6096334245013,44.0202025968927,0.0911601339978232,63,"1_VX34_4.68",NA,NA,NA,NA,NA,"1",763.538605859815,8.94081386996993
"20250529-CbDRC3-p014-m2x_C08_roi_0.png",20250529,"CbDRC3","p014","m2x","C08",0,806.116288924326,38.5025133733124,"","48h",10,"15hHB101","DMSO",1,"Pyrantel",18.75,NA,NA,"VX34","1",NA,NA,NA,735.131165743911,339.738548448371,641.319299320971,719.865007231619,768.384265523846,114.184849583268,806.04005236585,827.798240627613,861.397172393079,0.155325817900428,35.590332006941,19.0194303722386,29.1174014061052,33.8575623988121,37.1828291126844,5.22472761417619,38.8680514348735,40.8867773918321,42.2896089793541,0.146801879037184,66,"1_VX34_18.75",NA,NA,NA,NA,NA,"1",763.538605859815,4.8456596640309
"20250529-CbDRC3-p014-m2x_C09_roi_0.png",20250529,"CbDRC3","p014","m2x","C09",0,831.14608454595,37.6781891639334,"","48h",10,"15hHB101","DMSO",1,"Pyrantel",37.5,NA,NA,"VX34","1",NA,NA,NA,706.860385129676,343.150356369268,432.997864021183,696.017818094102,743.831973208925,144.82026493474,799.766609895809,826.468874881698,854.622219903104,0.204878173938368,34.2138637130024,17.170786420904,22.2709611917358,33.3655202510468,36.5931381716074,6.46944086843313,38.0100325783132,39.8531233769939,42.9021675709027,0.189088286628515,56,"1_VX34_37.5",NA,NA,NA,NA,NA,"1",763.538605859815,-19.7066326508904
"20250529-CbDRC3-p014-m2x_C10_roi_0.png",20250529,"CbDRC3","p014","m2x","C10",0,824.094789500056,36.3159661161168,"","48h",10,"15hHB101","DMSO",1,"Pyrantel",75,NA,NA,"VX34","1",NA,NA,NA,698.724399819144,433.342184418991,469.123675853089,677.708093994582,743.117440079311,124.864636496693,769.597812089306,814.760708187083,848.599740049449,0.178703701386431,33.7657182007777,21.5457921872798,23.3021574768585,32.346600145324,36.0743099736587,5.6638081128797,37.6759157061972,38.7324073002061,41.8389099389234,0.167738416793079,48,"1_VX34_75",NA,NA,NA,NA,NA,"1",763.538605859815,-20.4211657805048
"20250529-CbDRC3-p014-m2x_C11_roi_0.png",20250529,"CbDRC3","p014","m2x","C11",0,751.033997402744,34.8093916465143,"","48h",10,"15hHB101","DMSO",1,"Pyrantel",150,NA,NA,"VX34","1",NA,NA,NA,572.30813976456,183.058063135113,366.777715771234,462.722628963822,571.30744032727,164.150792686093,716.956434438848,763.548003448909,828.827415010321,0.286822397377789,28.9334229316248,13.2584261386048,21.6945050212703,23.4093431955225,29.556789286901,6.39278161549403,34.0356279967162,37.0605325107046,39.7876451855507,0.220947989133584,55,"1_VX34_150",NA,NA,NA,NA,NA,"1",763.538605859815,-192.231165532545
"20250529-CbDRC3-p014-m2x_C12_roi_0.png",20250529,"CbDRC3","p014","m2x","C12",0,628.649890110363,30.2067553531818,"","48h",10,"15hHB101","DMSO",1,"Pyrantel",300,NA,NA,"VX34","1",NA,NA,NA,516.081306093237,123.081802849584,366.984334093008,440.422613021518,541.538423120783,128.518831031446,602.853106741539,662.680555173309,714.761826488879,0.249028262628501,27.7881099531104,19.3764066511238,22.667874085233,23.9091518743838,28.1665927220886,4.0371202468077,30.2067553531818,32.631561501055,35.608947523278,0.145282289929755,37,"1_VX34_300",NA,NA,NA,NA,NA,"1",763.538605859815,-222.000182739032
"20250529-CbDRC3-p014-m2x_D01_roi_0.png",20250529,"CbDRC3","p014","m2x","D01",0,752.342844924416,32.9998756242498,"","48h",10,"15hHB101","DMSO",1,"Pyrantel",0,NA,NA,"NIC1667","1",NA,NA,NA,693.923964859777,287.358641217216,618.263423772502,653.118731333559,725.455233336537,89.1761442971717,748.150156361481,763.473755889463,798.141378186196,0.128509964798797,31.9446652879975,17.0590192692776,28.5878352203741,29.8321531677792,32.3650038055336,4.02711235335615,34.9141026313149,35.7792997265304,38.3349428264269,0.126065254309277,45,"1_NIC1667_0",NA,NA,NA,NA,NA,"1",725.939516673208,-0.484283336670273
"20250529-CbDRC3-p014-m2x_D02_roi_0.png",20250529,"CbDRC3","p014","m2x","D02",0,741.488366261726,32.3425315874015,"","48h",10,"15hHB101","DMSO",1,"Pyrantel",0.292,NA,NA,"NIC1667","1",NA,NA,NA,721.107509622205,535.097363253803,671.355762271114,703.132886213168,720.716917306259,47.827185550818,757.093210627589,770.308983732468,810.370137762009,0.0663246255414468,33.7706895686,27.2558885904152,30.5252442794408,32.6393510495251,33.9712662169844,2.48124606286267,35.223361912088,36.4570575415677,40.2276160652504,0.0734733609102767,61,"1_NIC1667_0.292",NA,NA,NA,NA,NA,"1",725.939516673208,-5.222599366949
"20250529-CbDRC3-p014-m2x_D03_roi_0.png",20250529,"CbDRC3","p014","m2x","D03",0,755.593425661108,35.7855448813084,"","48h",10,"15hHB101","DMSO",1,"Pyrantel",0.585,NA,NA,"NIC1667","1",NA,NA,NA,694.830360701398,177.068425759071,621.656879796547,694.367246921165,730.462790213182,116.58789606335,751.649937750693,765.510094553138,787.421160003504,0.167793324324026,32.4226992365871,14.4404899790712,29.7415861313754,31.7988400413708,33.3948090847452,4.73396356802714,35.0861139448699,36.5249545528277,38.0140279004486,0.146007694593334,57,"1_NIC1667_0.585",NA,NA,NA,NA,NA,"1",725.939516673208,4.52327353997441
"20250529-CbDRC3-p014-m2x_D04_roi_0.png",20250529,"CbDRC3","p014","m2x","D04",0,750.490868146815,34.7891938170412,"","48h",10,"15hHB101","DMSO",1,"Pyrantel",1.17,NA,NA,"NIC1667","1",NA,NA,NA,729.777884766244,633.091262277392,663.009868646837,706.045377908399,734.149060219318,42.7069576732015,760.448288669423,778.720521918483,815.462157542608,0.0585204876232733,34.590209660416,28.5093836962297,31.8649042873337,32.7158911230387,34.5539393529828,2.58656381288918,36.093159344878,38.7732070989287,39.4384216701371,0.0747773383937932,62,"1_NIC1667_1.17",NA,NA,NA,NA,NA,"1",725.939516673208,8.2095435461099
"20250529-CbDRC3-p014-m2x_D05_roi_0.png",20250529,"CbDRC3","p014","m2x","D05",0,650.321428090188,29.2868861289713,"","48h",10,"15hHB101","DMSO",1,"Pyrantel",2.34,NA,NA,"NIC1667","1",NA,NA,NA,728.360185488383,617.652930874062,675.766940002114,697.269886301197,734.047846953861,43.5849100482223,755.525558818455,777.231799455981,831.411391807328,0.0598397755898719,34.0094736626103,26.3309488970538,30.1717242998464,32.0117212633826,34.2396434374078,2.83900338382633,35.6924872187294,37.1987422858515,40.3673785583164,0.0834768397767799,62,"1_NIC1667_2.34",NA,NA,NA,NA,NA,"1",725.939516673208,8.10833028065292
"20250529-CbDRC3-p014-m2x_D07_roi_0.png",20250529,"CbDRC3","p014","m2x","D07",0,796.220980496863,34.4166290522076,"","48h",10,"15hHB101","DMSO",1,"Pyrantel",9.375,NA,NA,"NIC1667","1",NA,NA,NA,722.338869605126,533.97138984523,621.911467202166,706.910507505344,735.523711877607,60.7464221157812,761.348676884451,784.161926106543,835.479021279269,0.0840968479918418,33.7174897119456,25.2778490621278,30.6994192838946,32.2663935167945,33.8294123430142,2.90629942754924,35.6650506244039,36.9489623717986,39.6787574318841,0.0861956050814655,61,"1_NIC1667_9.375",NA,NA,NA,NA,NA,"1",725.939516673208,9.58419520439929
"20250529-CbDRC3-p014-m2x_D08_roi_0.png",20250529,"CbDRC3","p014","m2x","D08",0,769.169256925292,34.2395657863612,"","48h",10,"15hHB101","DMSO",1,"Pyrantel",18.75,NA,NA,"NIC1667","1",NA,NA,NA,715.275177255287,448.219511255969,619.511450402461,700.98270647052,734.295429846754,67.2850709840418,758.445370769161,776.413758048985,812.363376113352,0.0940687907585912,33.7017577106017,22.9989998659077,29.8857131143093,32.6690288022473,33.9913026252535,3.17191829946248,35.7998221470355,37.1888463552006,38.834144495774,0.0941172958010046,87,"1_NIC1667_18.75",NA,"n>75",NA,NA,NA,"1",725.939516673208,8.3559131735459
"20250529-CbDRC3-p014-m2x_D09_roi_0.png",20250529,"CbDRC3","p014","m2x","D09",0,776.720384434913,34.3442000548699,"","48h",10,"15hHB101","DMSO",1,"Pyrantel",37.5,NA,NA,"NIC1667","1",NA,NA,NA,721.223734936843,394.151171818717,653.527521999022,690.217587284254,739.713575552342,73.2116531273513,767.198104822983,787.519759782879,847.637492389275,0.101510321389745,33.3482903662795,19.6160187002223,29.960811279384,31.561972279395,34.3166874771659,3.16688515593299,35.4416204274158,36.1303356984482,38.203006891151,0.0949639433131249,66,"1_NIC1667_37.5",NA,NA,NA,NA,NA,"1",725.939516673208,13.7740588791348
"20250529-CbDRC3-p014-m2x_D10_roi_0.png",20250529,"CbDRC3","p014","m2x","D10",0,728.886511441719,33.8041933008073,"","48h",10,"15hHB101","DMSO",1,"Pyrantel",75,NA,NA,"NIC1667","1",NA,NA,NA,659.410544500938,464.099578487349,585.558204115914,621.121626495806,661.244184456219,64.5906535172372,703.171136446218,732.184927452897,792.055366527216,0.0979521089795756,30.9008993540512,24.4761255751302,28.513908194304,29.5874104594053,30.8416794123697,2.36853998434093,32.4274600504992,33.6399288384588,35.4722013389604,0.0766495485197069,64,"1_NIC1667_75",NA,NA,NA,NA,NA,"1",725.939516673208,-64.6953322169887
"20250529-CbDRC3-p014-m2x_D11_roi_0.png",20250529,"CbDRC3","p014","m2x","D11",0,671.192685931168,30.0701530569482,"","48h",10,"15hHB101","DMSO",1,"Pyrantel",150,NA,NA,"NIC1667","1",NA,NA,NA,644.479342501802,348.937580397059,524.224473962968,617.706810832692,659.184453269239,78.5069945260126,688.543051543293,710.617271785327,891.228413335123,0.12181460187887,29.9651700931776,22.1509827890649,26.8387247820002,28.8399530443563,30.1660197201159,2.35018385531958,31.5957072124425,32.2034869739922,34.3947852709352,0.0784305194334493,72,"1_NIC1667_150",NA,NA,NA,NA,NA,"1",725.939516673208,-66.7550634039683
"20250529-CbDRC3-p014-m2x_D12_roi_0.png",20250529,"CbDRC3","p014","m2x","D12",0,554.679664772401,28.3303869607294,"","48h",10,"15hHB101","DMSO",1,"Pyrantel",300,NA,NA,"NIC1667","1",NA,NA,NA,588.60706979354,429.947088677491,503.058927124596,566.500060150744,598.632148529291,51.5599012867565,617.694246299321,643.94435665188,680.437113533748,0.08759646958512,30.2499678957062,25.4026279636572,27.0731852213165,28.2678291478141,30.3222392581318,2.44240767386333,31.9773020832478,33.6918875899961,34.9173806380541,0.0807408352393664,56,"1_NIC1667_300",NA,NA,NA,NA,NA,"1",725.939516673208,-127.307368143916
"20250529-CbDRC3-p014-m2x_E01_roi_0.png",20250529,"CbDRC3","p014","m2x","E01",0,765.087402408755,35.2107564327775,"","48h",10,"15hHB101","DMSO",1,"Pyrantel",0,NA,NA,"PB420","1",NA,NA,NA,754.766105028238,383.377121836962,725.386003274202,745.342478436005,765.087402408755,58.0749184895867,781.248030615177,790.414244192498,814.136696174365,0.0769442587613469,37.4800212816678,20.0487228114532,34.588893848579,36.6497719895092,37.606840671355,3.10871431011255,39.3647955185647,40.2324017175415,42.4966900073412,0.0829432375918388,55,"1_PB420_0",NA,NA,NA,NA,NA,"1",756.281457175035,8.80594523371997
"20250529-CbDRC3-p014-m2x_E02_roi_0.png",20250529,"CbDRC3","p014","m2x","E02",0,764.241346507883,36.5922424767253,"","48h",10,"15hHB101","DMSO",1,"Pyrantel",0.292,NA,NA,"PB420","1",NA,NA,NA,762.657535181831,693.231457013563,726.351820550944,744.050474572648,761.044542432506,27.158005389032,779.458283152812,801.384436937563,820.459445336808,0.0356096991588198,37.3236689172781,32.227093852444,35.4315087848488,36.4830590370089,37.1506802252397,1.73240152750628,38.4255476410806,39.2136435298595,41.0782929150569,0.0464156278780058,71,"1_PB420_0.292",NA,NA,NA,NA,NA,"1",756.281457175035,4.76308525747095
"20250529-CbDRC3-p014-m2x_E03_roi_0.png",20250529,"CbDRC3","p014","m2x","E03",0,768.284536630845,35.2734735658414,"","48h",10,"15hHB101","DMSO",1,"Pyrantel",0.585,NA,NA,"PB420","1",NA,NA,NA,753.096763062343,244.074113811854,732.042443954512,754.849842247662,769.20891521992,84.7392831138015,786.018447687682,795.870569869959,871.8158622746,0.112521109198801,37.1987766102883,16.4132754316204,35.0364102795463,36.4873840229154,37.5343644239103,3.75385552846512,38.7107082230062,40.6949743126306,44.6865045610189,0.100913413572502,59,"1_PB420_0.585",NA,NA,NA,NA,NA,"1",756.281457175035,12.9274580448853
"20250529-CbDRC3-p014-m2x_E04_roi_0.png",20250529,"CbDRC3","p014","m2x","E04",0,761.022926082579,36.7135933093169,"","48h",10,"15hHB101","DMSO",1,"Pyrantel",1.17,NA,NA,"PB420","1",NA,NA,NA,757.775395259343,533.249870314071,711.059188005087,743.885498995198,765.121422808366,44.9219935185487,781.440946008118,793.57456729436,825.358790760128,0.0592814095041638,36.7160360379126,27.9349379404478,34.8387985695716,35.8526620386182,36.9840761503473,2.14371394285721,37.849804848022,38.7937796277655,41.8855991447562,0.0583863122000326,50,"1_PB420_1.17",NA,NA,NA,NA,NA,"1",756.281457175035,8.83996563333073
"20250529-CbDRC3-p014-m2x_E05_roi_0.png",20250529,"CbDRC3","p014","m2x","E05",0,755.449072109025,35.7005087299284,"","48h",10,"15hHB101","DMSO",1,"Pyrantel",2.34,NA,NA,"PB420","1",NA,NA,NA,741.490964554893,213.148739883426,717.280918376124,741.822509765407,759.496544492365,96.573318119132,780.383733787125,789.458227664643,814.167788772561,0.130242070012416,37.2087843300099,21.4158164229924,33.9842802504599,35.9794342653612,37.9178393522898,3.30823292870391,38.7694019184879,40.7513959270493,42.8024466990341,0.0889099976866411,58,"1_PB420_2.34",NA,NA,NA,NA,NA,"1",756.281457175035,3.21508731733036
"20250529-CbDRC3-p014-m2x_E06_roi_0.png",20250529,"CbDRC3","p014","m2x","E06",0,810.866812745965,39.1576859677094,"","48h",10,"15hHB101","DMSO",1,"Pyrantel",4.68,NA,NA,"PB420","1",NA,NA,NA,751.721734120579,582.996822743115,722.435386988464,742.552806671913,760.991629808947,47.8563892897354,777.996511174461,793.958623288853,810.866812745965,0.0636623728136867,36.9099619519658,26.0221322085146,33.689225789859,35.0798737391683,37.5373536502304,2.72852580025951,38.7364177676953,40.0777197394981,41.4631091643888,0.0739238312900563,54,"1_PB420_4.68",NA,NA,NA,NA,NA,"1",756.281457175035,4.71017263391252
"20250529-CbDRC3-p014-m2x_E07_roi_0.png",20250529,"CbDRC3","p014","m2x","E07",0,781.373591953955,38.5776576864449,"","48h",10,"15hHB101","DMSO",1,"Pyrantel",9.375,NA,NA,"PB420","1",NA,NA,NA,766.683609707943,678.985884626699,735.479354571457,754.141832261016,771.455024290537,26.7202902120214,782.697348743871,789.417460258437,827.08615806382,0.0348517822393518,37.7092044164548,31.9343703579404,34.6936993536427,36.3816059273977,38.0039482678628,2.25181261084279,38.9576230069108,40.083227178909,44.4858094616803,0.0597151980713807,54,"1_PB420_9.375",NA,NA,NA,NA,NA,"1",756.281457175035,15.1735671155019
"20250529-CbDRC3-p014-m2x_E08_roi_0.png",20250529,"CbDRC3","p014","m2x","E08",0,801.403875016715,38.4078457551831,"","48h",10,"15hHB101","DMSO",1,"Pyrantel",18.75,NA,NA,"PB420","1",NA,NA,NA,745.27796688487,295.232185059222,655.343376720216,737.000036810043,763.590837001153,78.3091132658189,788.895210794188,801.908508973238,826.513989623434,0.105073699673609,35.8597139572021,21.7512279394708,31.0193731954587,33.5683421876468,36.5840165121261,3.62887907814772,38.3357652578109,39.7105271384039,42.3355649260896,0.101196542796709,77,"1_PB420_18.75",NA,"n>75",NA,NA,NA,"1",756.281457175035,7.30937982611795
"20250529-CbDRC3-p014-m2x_E09_roi_0.png",20250529,"CbDRC3","p014","m2x","E09",0,772.234348580837,36.0445441307433,"","48h",10,"15hHB101","DMSO",1,"Pyrantel",37.5,NA,NA,"PB420","1",NA,NA,NA,745.978161463988,363.090143721693,697.563115209278,731.965102509563,762.028024747888,72.0223123500243,786.979936744165,800.923791721847,821.689096285237,0.0965474809727405,36.339718521968,20.5804703342805,33.2553597037335,35.3836615754211,36.8471340869213,3.44611110734614,37.9235098506912,39.9858418241987,42.3051059955826,0.0948304292798226,61,"1_PB420_37.5",NA,NA,NA,NA,NA,"1",756.281457175035,5.74656757285345
"20250529-CbDRC3-p014-m2x_E10_roi_0.png",20250529,"CbDRC3","p014","m2x","E10",0,781.763074925241,38.267343087438,"","48h",10,"15hHB101","DMSO",1,"Pyrantel",75,NA,NA,"PB420","1",NA,NA,NA,713.525532918069,492.032932699252,602.666124625263,687.206598209426,731.560875079519,71.7501190808319,768.269194035252,783.202684581529,816.427024146449,0.100557185091049,34.4264272197088,27.3904533638687,29.6902528998974,31.6933508846875,35.0063333373504,3.58579960547625,37.6528292661924,38.4006160375161,40.6105192661435,0.104158342734544,54,"1_PB420_75",NA,NA,NA,NA,NA,"1",756.281457175035,-24.7205820955156
"20250529-CbDRC3-p014-m2x_E11_roi_0.png",20250529,"CbDRC3","p014","m2x","E11",0,748.948659789279,35.8391379536983,"","48h",10,"15hHB101","DMSO",1,"Pyrantel",150,NA,NA,"PB420","1",NA,NA,NA,617.369747397206,330.529715824108,474.634056126539,512.840057080129,641.677416765377,109.629632931989,704.297843844721,749.818459217095,787.122384721331,0.177575324016412,32.4577279643738,17.7407776784508,27.6386451027198,29.3932947220107,32.9232348088633,4.18841802401881,36.1274089742724,36.6843053984644,40.2537600103521,0.12904224314826,68,"1_PB420_150",NA,NA,NA,NA,NA,"1",756.281457175035,-114.604040409658
"20250529-CbDRC3-p014-m2x_E12_roi_0.png",20250529,"CbDRC3","p014","m2x","E12",0,548.633114592965,26.2291463250235,"","48h",10,"15hHB101","DMSO",1,"Pyrantel",300,NA,NA,"PB420","1",NA,NA,NA,548.735838133213,265.841881101456,446.531411361769,488.919850859241,564.423385394291,89.0639574891267,613.579433013332,646.38743889862,704.08648131273,0.162307528139806,30.2518159256067,23.7746830846232,26.2519710991246,28.3096827529297,30.7526149609692,2.93876271593229,32.8822064148611,33.7704898460893,34.493981426192,0.0971433491185821,42,"1_PB420_300",NA,NA,NA,NA,NA,"1",756.281457175035,-191.858071780744
"20250529-CbDRC3-p014-m2x_F01_roi_0.png",20250529,"CbDRC3","p014","m2x","F01",0,742.214153804831,34.5279406944261,"","48h",10,"15hHB101","DMSO",1,"Pyrantel",0,NA,NA,"ED3102","1",NA,NA,NA,754.812565201545,694.52244670313,721.950364364711,736.686584200812,758.990758710686,24.5970248209191,771.988576785911,783.385837409111,810.126165774807,0.0325869307890381,36.5958892388161,31.4755023311035,34.5070951408087,35.0720088205066,36.5688324913827,1.99230030772746,37.7691099603688,39.5773028704219,40.1970857608548,0.0544405491755148,69,"1_ED3102_0",NA,NA,NA,NA,NA,"1",756.634396898577,2.35636181210953
"20250529-CbDRC3-p014-m2x_F02_roi_0.png",20250529,"CbDRC3","p014","m2x","F02",0,737.891574586041,35.513181140641,"","48h",10,"15hHB101","DMSO",1,"Pyrantel",0.292,NA,NA,"ED3102","1",NA,NA,NA,755.374799812257,691.203791954089,721.449976330062,737.604567674891,758.551130191941,25.7105923911621,770.887390306352,786.748987937284,825.499525008292,0.0340368680521938,36.7968434480371,32.9950168642591,34.4875859463858,35.529396911332,36.8263815093423,1.79102104375441,38.3450982554965,38.931020914907,40.3858323463262,0.0486732250901797,66,"1_ED3102_0.292",NA,NA,NA,NA,NA,"1",756.634396898577,1.9167332933639
"20250529-CbDRC3-p014-m2x_F03_roi_0.png",20250529,"CbDRC3","p014","m2x","F03",0,761.944002155385,36.2415289939052,"","48h",10,"15hHB101","DMSO",1,"Pyrantel",0.585,NA,NA,"ED3102","1",NA,NA,NA,757.706912307929,620.139519821532,724.070870549004,745.132016087042,762.085433430585,30.6551402538348,776.917129821435,788.403778064478,811.37598532648,0.0404577809122278,36.5441734180044,26.9746286160973,33.878240425504,35.3957682747832,36.4275569127753,2.45707591484574,37.8416539147858,40.1544761491713,42.0600129386439,0.0672357775544923,61,"1_ED3102_0.585",NA,NA,NA,NA,NA,"1",756.634396898577,5.45103653200852
"20250529-CbDRC3-p014-m2x_F04_roi_0.png",20250529,"CbDRC3","p014","m2x","F04",0,752.231539349979,38.5978796877864,"","48h",10,"15hHB101","DMSO",1,"Pyrantel",1.17,NA,NA,"ED3102","1",NA,NA,NA,763.770374522304,632.739784880219,725.963850445042,745.704406295362,762.29240183922,49.0393220561348,783.233431461093,793.345144797929,1088.68022702217,0.0642068921392848,36.3743068813777,28.1382115142566,33.7274685662151,34.8632497948886,36.8091848824459,2.30396937310475,38.1535957954576,38.6380622215089,40.6587694969912,0.0633405711514545,76,"1_ED3102_1.17",NA,"n>75",NA,NA,NA,"1",756.634396898577,5.65800494064365
"20250529-CbDRC3-p014-m2x_F05_roi_0.png",20250529,"CbDRC3","p014","m2x","F05",0,758.050545199467,35.5033644322465,"","48h",10,"15hHB101","DMSO",1,"Pyrantel",2.34,NA,NA,"ED3102","1",NA,NA,NA,757.486615137395,633.338969455215,724.631332670911,743.645486447217,763.241051450843,33.8476242830126,776.075128686718,795.215258588809,819.067055597806,0.0446841219456706,36.2119607480457,30.5707805088688,33.0931035353714,34.8577413391453,36.0554953262594,2.35655500859629,37.8669543107925,39.5074030633791,41.1143344217752,0.0650767028328747,59,"1_ED3102_2.34",NA,NA,NA,NA,NA,"1",756.634396898577,6.60665455226626
"20250529-CbDRC3-p014-m2x_F06_roi_0.png",20250529,"CbDRC3","p014","m2x","F06",0,787.64144366192,35.0565358510671,"","48h",10,"15hHB101","DMSO",1,"Pyrantel",4.68,NA,NA,"ED3102","1",NA,NA,NA,763.057467715892,703.903710901728,733.180400811482,741.987969339152,760.271258647947,26.7851814282672,782.713172267746,796.851925107005,832.685782489016,0.0351024432123637,36.4293456768726,31.7130588806706,34.1084147777218,35.0208460691094,36.5657307356254,1.79600085469494,37.5164444042047,38.8056838392092,40.3335319871365,0.0493009364105912,69,"1_ED3102_4.68",NA,NA,NA,NA,NA,"1",756.634396898577,3.63686174937004
"20250529-CbDRC3-p014-m2x_F07_roi_0.png",20250529,"CbDRC3","p014","m2x","F07",0,774.157853272587,35.6021984535882,"","48h",10,"15hHB101","DMSO",1,"Pyrantel",9.375,NA,NA,"ED3102","1",NA,NA,NA,765.65332758334,683.467652836218,735.335908176703,750.770881016769,766.59701352884,28.7634116389893,783.779010428303,797.60030289815,820.113431859291,0.037567147693038,36.8497050198717,30.8526951231784,34.664545527613,35.5157763674354,36.6758571057507,2.12855687956608,38.2591093826034,39.5169265859076,41.7523741908985,0.0577631999609829,70,"1_ED3102_9.375",NA,NA,NA,NA,NA,"1",756.634396898577,9.9626166302636
"20250529-CbDRC3-p014-m2x_F08_roi_0.png",20250529,"CbDRC3","p014","m2x","F08",0,798.655200868212,36.6079960060595,"","48h",10,"15hHB101","DMSO",1,"Pyrantel",18.75,NA,NA,"ED3102","1",NA,NA,NA,751.6486153282,434.962208502808,720.489424468365,744.274584646414,761.453168387826,58.2405534597798,777.63520410057,796.106498195581,827.689352270612,0.077483750082277,35.0667828625057,24.0397152188748,32.9158745498002,33.91244155926,35.3294529561246,2.55371969083749,36.6644246092958,37.7766683959156,38.924020093367,0.0728244647035468,76,"1_ED3102_18.75",NA,"n>75",NA,NA,NA,"1",756.634396898577,4.81877148924946
"20250529-CbDRC3-p014-m2x_F09_roi_0.png",20250529,"CbDRC3","p014","m2x","F09",0,802.484456399511,36.7836015437278,"","48h",10,"15hHB101","DMSO",1,"Pyrantel",37.5,NA,NA,"ED3102","1",NA,NA,NA,760.714343648222,640.51189195166,725.940208650411,747.352590276018,760.911807844304,27.5681284702564,778.283313397927,792.577244827552,817.413722320803,0.0362397905343097,36.2838989308576,29.5220391894206,34.2559669661871,35.1229728756771,36.520319898044,1.9196329996432,37.5627201684177,38.4675436202281,40.6299876372379,0.0529059184984846,74,"1_ED3102_37.5",NA,NA,NA,NA,NA,"1",756.634396898577,4.27741094572752
"20250529-CbDRC3-p014-m2x_F10_roi_0.png",20250529,"CbDRC3","p014","m2x","F10",0,729.185061309822,35.1587527128859,"","48h",10,"15hHB101","DMSO",1,"Pyrantel",75,NA,NA,"ED3102","1",NA,NA,NA,717.095649692763,417.471972770461,603.355219686088,691.578306472014,742.367272558426,80.7599008881921,760.9640103526,778.236590874173,971.92396490058,0.112620821117508,34.0699508385396,19.405497882477,30.3501839677608,32.2411124872327,34.7909131983424,3.48081511066913,36.4868118010019,37.233592904429,40.7061073221476,0.102166719499098,71,"1_ED3102_75",NA,NA,NA,NA,NA,"1",756.634396898577,-14.2671243401511
"20250529-CbDRC3-p014-m2x_F11_roi_0.png",20250529,"CbDRC3","p014","m2x","F11",0,745.429671476723,37.9511434285125,"","48h",10,"15hHB101","DMSO",1,"Pyrantel",150,NA,NA,"ED3102","1",NA,NA,NA,696.418352333228,530.221901483115,622.883040566084,669.735405460707,711.624049757718,53.0936321234676,735.934955981329,751.168777638932,766.328902594213,0.0762381289143037,34.1601763901273,26.4621880126266,30.3855540364592,32.7301235505198,34.4796038502526,2.7934724677728,36.0171275930833,37.3390522666847,41.1423653642611,0.081775703845023,74,"1_ED3102_150",NA,NA,NA,NA,NA,"1",756.634396898577,-45.010347140859
"20250529-CbDRC3-p014-m2x_F12_roi_0.png",20250529,"CbDRC3","p014","m2x","F12",0,678.539490245748,34.0842060112005,"","48h",10,"15hHB101","DMSO",1,"Pyrantel",300,NA,NA,"ED3102","1",NA,NA,NA,641.587561568891,499.207821900087,580.53813751958,604.143118863035,646.682148061026,52.2652924136622,687.285673002147,701.26729890294,760.969119677162,0.0814624465066879,32.86117477735,28.4046586318408,29.838395892884,31.3009199731111,32.7002516039766,2.27384136946946,34.4335694370973,35.8707921313187,38.7772689485286,0.0691953767592244,69,"1_ED3102_300",NA,NA,NA,NA,NA,"1",756.634396898577,-109.952248837551
"20250529-CbDRC3-p015-m2x_A02_roi_0.png",20250529,"CbDRC3","p015","m2x","A02",0,791.062584296774,32.9769157350212,"","48h",10,"15hHB101","DMSO",1,"Pyrantel",0.292,NA,NA,"ECA2666","1",NA,NA,NA,732.290764163805,191.211706707485,678.601432952522,718.439591382097,744.17264176904,85.7771308081826,771.431161190431,793.900988888109,827.806329129565,0.11713534432751,33.0494580512153,13.5070472267807,29.8760447089343,31.6265165268262,33.2243135842874,3.62949319691119,34.9668475990902,36.4386815987977,40.7080468440305,0.109820051853398,78,"1_ECA2666_0.292",NA,"n>75",NA,NA,NA,"1",735.32863008283,8.84401168620934
"20250529-CbDRC3-p015-m2x_A03_roi_0.png",20250529,"CbDRC3","p015","m2x","A03",0,715.06558652725,31.0862651350747,"","48h",10,"15hHB101","DMSO",1,"Pyrantel",0.585,NA,NA,"ECA2666","1",NA,NA,NA,752.66922109294,639.967565340084,696.256154598048,732.578792666996,745.619597285225,45.8642554430344,775.458782108064,808.609581646604,965.485328236014,0.0609354735888304,34.2055033053181,28.2980384271891,31.0599815731196,32.5145432121338,33.9100142831114,2.49717978302239,35.9165090202364,37.4306760819468,40.5835353136314,0.0730052050610857,76,"1_ECA2666_0.585",NA,"n>75",NA,NA,NA,"1",735.32863008283,10.290967202395
"20250529-CbDRC3-p015-m2x_A04_roi_0.png",20250529,"CbDRC3","p015","m2x","A04",0,714.713048568189,32.0348664601962,"","48h",10,"15hHB101","DMSO",1,"Pyrantel",1.17,NA,NA,"ECA2666","1",NA,NA,NA,750.444635023896,616.600669946968,703.153681985693,728.525266535592,755.521566483644,41.8704173597178,776.014052191846,801.669162597721,855.150784865968,0.0557941457711728,33.8911328900985,27.1487416064865,31.2173715078799,32.3817207693119,33.9853913147706,2.52272592868009,35.284955139065,36.8571814892316,40.0245334830402,0.0744361640804613,61,"1_ECA2666_1.17",NA,NA,NA,NA,NA,"1",735.32863008283,20.1929364008133
"20250529-CbDRC3-p015-m2x_A05_roi_0.png",20250529,"CbDRC3","p015","m2x","A05",0,773.018076754534,35.0038988242698,"","48h",10,"15hHB101","DMSO",1,"Pyrantel",2.34,NA,NA,"ECA2666","1",NA,NA,NA,738.0936764824,523.303396941075,662.16747334164,716.949401928594,753.439928227725,56.3582059972348,769.838723696705,791.304144412771,837.72520523556,0.0763564406429089,33.6018062378763,25.2621366481057,29.5622090587744,31.7720511500988,33.9997296749209,2.75001586743594,35.5592006663359,37.105143356955,38.8201020881405,0.0818413107904922,70,"1_ECA2666_2.34",NA,NA,NA,NA,NA,"1",735.32863008283,18.1112981448944
"20250529-CbDRC3-p015-m2x_A06_roi_0.png",20250529,"CbDRC3","p015","m2x","A06",0,790.07994804718,36.0974055095418,"","48h",10,"15hHB101","DMSO",1,"Pyrantel",4.68,NA,NA,"ECA2666","1",NA,NA,NA,741.965397939512,342.525458434144,706.815784454887,733.99433283137,749.187796191136,55.4711625424712,769.960937732182,781.733897972296,797.706550513427,0.074762465603542,34.1967989877944,21.639799943768,30.9815809970432,32.4665231209893,34.3215389205871,2.78123823038237,36.1082719458474,37.5787486314421,39.6213101588109,0.0813303675403962,76,"1_ECA2666_4.68",NA,"n>75",NA,NA,NA,"1",735.32863008283,13.8591661083053
"20250529-CbDRC3-p015-m2x_A07_roi_0.png",20250529,"CbDRC3","p015","m2x","A07",0,758.395357608932,31.3359033008779,"","48h",10,"15hHB101","DMSO",1,"Pyrantel",9.375,NA,NA,"ECA2666","1",NA,NA,NA,727.96049976861,452.736132846472,641.570917035536,722.490309885357,749.160079293914,70.276083548802,764.601818991271,783.547800213577,824.325494184769,0.0965383198279852,33.3319715567434,23.5317995191884,30.0942146389734,31.6986236923264,33.4599146778337,3.00451442017221,35.2818883196123,36.4377577367562,39.8092966705453,0.090139115085269,64,"1_ECA2666_9.375",NA,NA,NA,NA,NA,"1",735.32863008283,13.8314492110833
"20250529-CbDRC3-p015-m2x_A08_roi_0.png",20250529,"CbDRC3","p015","m2x","A08",0,749.581435245757,34.2372340386571,"","48h",10,"15hHB101","DMSO",1,"Pyrantel",18.75,NA,NA,"ECA2666","1",NA,NA,NA,657.145559892241,410.664417492138,501.168043694105,582.96214090538,687.47103406878,107.539309533928,740.574902746159,775.526700977121,815.806874511318,0.163646102321018,31.2146654208771,21.4559280873986,24.503710776642,29.0598705286638,30.8203993551248,4.30903856475137,34.1559433203865,36.87132132242,40.5521974302285,0.13804532282026,85,"1_ECA2666_18.75",NA,"n>75",NA,NA,NA,"1",735.32863008283,-47.8575960140502
"20250529-CbDRC3-p015-m2x_A09_roi_0.png",20250529,"CbDRC3","p015","m2x","A09",0,727.176861466192,31.621339621095,"","48h",10,"15hHB101","DMSO",1,"Pyrantel",37.5,NA,NA,"ECA2666","1",NA,NA,NA,668.454317522782,175.654861406283,514.401569155622,622.44144096748,705.552052891688,114.396187160686,749.879618106322,767.915899301709,792.495239829495,0.171135385264061,31.2744647353432,13.8059555446532,25.5075600822215,29.3289656816759,31.527783398346,4.33986101164564,34.0512948455643,35.8993577421305,39.6738260564701,0.138766915704913,72,"1_ECA2666_37.5",NA,NA,NA,NA,NA,"1",735.32863008283,-29.776577191142
"20250529-CbDRC3-p015-m2x_A10_roi_0.png",20250529,"CbDRC3","p015","m2x","A10",0,705.879228930416,31.6087028588833,"","48h",10,"15hHB101","DMSO",1,"Pyrantel",75,NA,NA,"ECA2666","1",NA,NA,NA,649.579301256347,359.235885797295,528.895919214495,590.316942561697,664.232757529524,97.2857383185153,727.188135966833,752.25802234086,866.92649452939,0.149767300359411,30.5353669066829,18.5063327892781,25.1632118384221,28.0177498592994,31.4187025929722,4.10568207157304,33.8706840797426,35.5132020054236,36.6891477346727,0.134456614984197,67,"1_ECA2666_75",NA,NA,NA,NA,NA,"1",735.32863008283,-71.0958725533063
"20250529-CbDRC3-p015-m2x_A11_roi_0.png",20250529,"CbDRC3","p015","m2x","A11",0,713.204724697013,31.3966130915976,"","48h",10,"15hHB101","DMSO",1,"Pyrantel",150,NA,NA,"ECA2666","1",NA,NA,NA,587.10886278798,332.328606978364,457.268309115478,551.444061893146,608.056200671541,91.2674810648215,657.319713088888,675.262390755345,730.161584300546,0.155452398779033,28.7486279267344,21.4870744487278,23.4449100757138,26.4925081994561,29.1872993898926,3.57893049234655,31.6181959303307,32.8747697627566,38.2790890111853,0.12449048008369,68,"1_ECA2666_150",NA,NA,NA,NA,NA,"1",735.32863008283,-127.27242941129
"20250529-CbDRC3-p015-m2x_A12_roi_0.png",20250529,"CbDRC3","p015","m2x","A12",0,573.577970470124,25.4419142438762,"","48h",10,"15hHB101","DMSO",1,"Pyrantel",300,NA,NA,"ECA2666","1",NA,NA,NA,509.200393529404,297.608075977105,425.282294019835,465.341768739117,512.113422316845,86.8525954661318,548.208936181919,577.07528228348,954.439196407421,0.17056663068175,26.8391159628544,17.9552911854775,22.2603801423308,23.4911355121542,26.6892022796584,6.17156430915943,28.672995031499,29.7325992769563,62.6541558656386,0.229946631539614,52,"1_ECA2666_300",NA,NA,NA,NA,NA,"1",735.32863008283,-223.215207765986
"20250529-CbDRC3-p015-m2x_B01_roi_0.png",20250529,"CbDRC3","p015","m2x","B01",0,835.719512839692,37.2609466713774,"","48h",10,"15hHB101","DMSO",1,"Pyrantel",0,NA,NA,"JU3237","1",NA,NA,NA,818.235636162907,732.936253104931,772.073663661123,794.490262836131,823.273577983949,34.0258915853827,843.233906330489,859.929988452557,877.792450408711,0.0415844655030501,38.1892340809113,33.4493835864592,36.1035900313843,36.7861570068603,38.1347482082063,1.85045540722613,39.4645305608478,40.963544458965,42.0593676161989,0.0484548970871106,78,"1_JU3237_0",NA,"n>75",NA,NA,NA,"1",806.265742658269,17.0078353256803
"20250529-CbDRC3-p015-m2x_B02_roi_0.png",20250529,"CbDRC3","p015","m2x","B02",0,848.468239163796,37.3585935717458,"","48h",10,"15hHB101","DMSO",1,"Pyrantel",0.292,NA,NA,"JU3237","1",NA,NA,NA,809.210400719539,590.290070461479,755.773949445647,779.851963867486,808.539769814956,53.0440389159155,841.699362444495,857.932957649537,1020.01936910751,0.065550367208268,37.2758622282697,30.7485085250004,35.6553971617779,36.2799585513689,37.3585935717458,1.82736605211099,38.3581474442932,39.3330309923695,41.1043485786069,0.0490227708462002,85,"1_JU3237_0.292",NA,"n>75",NA,NA,NA,"1",806.265742658269,2.27402715668688
"20250529-CbDRC3-p015-m2x_B03_roi_0.png",20250529,"CbDRC3","p015","m2x","B03",0,869.137316903793,38.5288741580586,"","48h",10,"15hHB101","DMSO",1,"Pyrantel",0.585,NA,NA,"JU3237","1",NA,NA,NA,823.012217084405,340.241592371693,782.314058221965,798.842433118985,831.541835719187,74.8833486276931,851.367324074377,874.495502961405,1019.93771855685,0.0909869222755576,37.7982967473756,18.4550082004219,35.822227068781,36.8627679385197,37.9821824217882,2.98676719961808,39.1756655428288,40.3684244461045,41.1146825018362,0.0790185658253358,64,"1_JU3237_0.585",NA,NA,NA,NA,NA,"1",806.265742658269,25.2760930609185
"20250529-CbDRC3-p015-m2x_B04_roi_0.png",20250529,"CbDRC3","p015","m2x","B04",0,821.636074058078,37.3179598139886,"","48h",10,"15hHB101","DMSO",1,"Pyrantel",1.17,NA,NA,"JU3237","1",NA,NA,NA,816.24449021191,268.881576862766,778.47450256073,800.925844492488,824.603501399528,67.7862532975112,846.065393488236,862.336440213576,899.078423034508,0.0830465064210269,37.5282996023186,16.986780354837,35.7510193956886,36.8721821673832,37.8096746345099,2.81728584145598,38.8309291747986,39.7016358415773,41.6402431803879,0.0750709696764925,84,"1_JU3237_1.17",NA,"n>75",NA,NA,NA,"1",806.265742658269,18.3377587412585
"20250529-CbDRC3-p015-m2x_B05_roi_0.png",20250529,"CbDRC3","p015","m2x","B05",0,766.551045702873,34.1235843469516,"","48h",10,"15hHB101","DMSO",1,"Pyrantel",2.34,NA,NA,"JU3237","1",NA,NA,NA,820.573763406582,725.128877512054,777.845047264939,796.605873377668,826.296183463692,32.0393151268733,842.892152771716,858.953266934162,885.524053464157,0.0390450152754863,38.1653846426063,32.2039967899254,36.1410446640198,37.1368949207846,38.3092966367,1.94220401717989,39.2379085923299,40.5129061994865,42.7586412784663,0.050889150872377,74,"1_JU3237_2.34",NA,NA,NA,NA,NA,"1",806.265742658269,20.0304408054234
"20250529-CbDRC3-p015-m2x_B06_roi_0.png",20250529,"CbDRC3","p015","m2x","B06",0,852.901218558604,38.7892017028262,"","48h",10,"15hHB101","DMSO",1,"Pyrantel",4.68,NA,NA,"JU3237","1",NA,NA,NA,819.699508185908,723.314098406206,781.345848877769,799.131192955548,818.907163110444,31.1082218589202,843.386267085271,854.428725675793,893.546022543657,0.0379507631128954,38.2177408236372,32.7984463571266,36.102585423803,36.9836953723888,38.2796597412078,1.99209027350472,39.3532790735568,40.8374007855457,43.2927828915603,0.0521247522897178,82,"1_JU3237_4.68",NA,"n>75",NA,NA,NA,"1",806.265742658269,12.6414204521747
"20250529-CbDRC3-p015-m2x_B07_roi_0.png",20250529,"CbDRC3","p015","m2x","B07",0,874.906792812942,37.9845668602265,"","48h",10,"15hHB101","DMSO",1,"Pyrantel",9.375,NA,NA,"JU3237","1",NA,NA,NA,820.207451274563,731.552277150425,777.341409840648,797.799317468827,824.298776828276,31.801672639159,839.599221316186,858.405983095775,894.600693219882,0.038772718523516,38.0025029683086,32.2018787084799,35.5548746945458,37.2152768259973,38.1271452844161,1.86200717898431,39.1898390959462,40.1547605988492,41.583669554033,0.0489969616090048,68,"1_JU3237_9.375",NA,NA,NA,NA,NA,"1",806.265742658269,18.0330341700072
"20250529-CbDRC3-p015-m2x_B08_roi_0.png",20250529,"CbDRC3","p015","m2x","B08",0,816.88348305584,37.184288448415,"","48h",10,"15hHB101","DMSO",1,"Pyrantel",18.75,NA,NA,"JU3237","1",NA,NA,NA,767.487776024318,225.234570677393,612.709740219412,764.176031887801,802.567019729839,133.691681073925,832.094830326917,850.062864852018,1026.80079251424,0.174193889792571,36.8932975204254,16.8076533868314,30.9363486939067,34.4359135671554,37.372346657426,7.36156970672172,39.0356500135944,40.7181232637588,67.7781346019994,0.199536777720834,65,"1_JU3237_18.75",NA,NA,NA,"outlier","outlier","1",806.265742658269,-3.69872292842967
"20250529-CbDRC3-p015-m2x_B09_roi_0.png",20250529,"CbDRC3","p015","m2x","B09",0,785.91983277898,36.6399462297361,"","48h",10,"15hHB101","DMSO",1,"Pyrantel",37.5,NA,NA,"JU3237","1",NA,NA,NA,790.645087069625,311.105711033255,750.265886817923,776.861942550044,805.347282973306,81.4836753266834,826.415375428864,853.492672769042,893.845761415906,0.103059737749952,36.6187694363723,17.4480825487224,33.5430969689976,35.4945906392785,37.1687937397633,3.60247082667908,38.7132664614172,39.6492303931691,41.9371749618224,0.0983777140009752,74,"1_JU3237_37.5",NA,NA,NA,NA,NA,"1",806.265742658269,-0.918459684962954
"20250529-CbDRC3-p015-m2x_B10_roi_0.png",20250529,"CbDRC3","p015","m2x","B10",0,827.86288498539,36.3809032024415,"","48h",10,"15hHB101","DMSO",1,"Pyrantel",75,NA,NA,"JU3237","1",NA,NA,NA,739.441867675274,469.936670866527,594.590047677958,706.261507002222,769.256456756747,83.7450583279958,797.563161692978,818.539973615298,842.285534279957,0.113254417945364,34.3566114140114,24.8392955269063,28.9592297420581,31.4561465611968,35.1350217780547,3.76132166104237,36.9950479763272,38.8365979439752,41.7245193267738,0.109478831183812,78,"1_JU3237_75",NA,"n>75",NA,NA,NA,"1",806.265742658269,-37.0092859015216
"20250529-CbDRC3-p015-m2x_B11_roi_0.png",20250529,"CbDRC3","p015","m2x","B11",0,761.765175586636,34.2241088434549,"","48h",10,"15hHB101","DMSO",1,"Pyrantel",150,NA,NA,"JU3237","1",NA,NA,NA,635.695985894851,283.836071178638,515.791769462833,563.524661387821,669.808367389117,97.6399596661242,703.267606408252,735.977333767348,790.681991811543,0.153595369221467,31.0282255572743,19.9137381402777,27.6916260680629,28.4883505326108,31.2161765161059,3.63710265314792,34.0459951245051,35.1256144277112,38.5299294481064,0.117219163771846,53,"1_JU3237_150",NA,NA,NA,NA,NA,"1",806.265742658269,-136.457375269152
"20250529-CbDRC3-p015-m2x_C01_roi_0.png",20250529,"CbDRC3","p015","m2x","C01",0,834.757290725707,39.7305677554781,"","48h",10,"15hHB101","DMSO",1,"Pyrantel",0,NA,NA,"VX34","1",NA,NA,NA,743.549018206141,135.979048605156,668.628599637771,732.013844648174,757.909072688894,102.465781357813,797.973513111025,819.427368982749,861.075397221158,0.137806356876131,36.5670882679986,18.3213640058135,32.6861345431216,35.263353851484,37.3707242269111,3.84362678077728,39.0454884639999,39.8394416642317,42.203465133195,0.105111644454913,60,"1_VX34_0",NA,NA,NA,NA,NA,"1",763.538605859815,-5.62953317092126
"20250529-CbDRC3-p015-m2x_C02_roi_0.png",20250529,"CbDRC3","p015","m2x","C02",0,799.265498595948,36.3778665718958,"","48h",10,"15hHB101","DMSO",1,"Pyrantel",0.292,NA,NA,"VX34","1",NA,NA,NA,776.869797333319,679.517736786859,718.596345863687,745.341141217487,779.149191565835,43.7864922014738,814.748566418334,824.929232860033,869.392467991136,0.0563627165733243,38.2689897663663,31.5696955996198,35.857028407243,37.025406089839,38.2002609273356,2.37434290157407,40.1522643477839,41.0266541249376,42.7309916099691,0.0620435218193512,61,"1_VX34_0.292",NA,NA,NA,NA,NA,"1",763.538605859815,15.6105857060192
"20250529-CbDRC3-p015-m2x_C03_roi_0.png",20250529,"CbDRC3","p015","m2x","C03",0,840.279036409276,38.5346733234117,"","48h",10,"15hHB101","DMSO",1,"Pyrantel",0.585,NA,NA,"VX34","1",NA,NA,NA,756.740752842959,218.348912291921,703.761846351896,735.008936768152,761.013164972281,80.5055399230656,803.345362468699,820.779597487049,842.533109797881,0.106384570436598,36.8582743090084,13.5991670067246,33.0190775770987,35.888764244867,37.5555571942591,3.98191159600351,38.9596763846491,40.2189426651383,42.1708451410686,0.108033044700368,71,"1_VX34_0.585",NA,NA,NA,NA,NA,"1",763.538605859815,-2.52544088753405
"20250529-CbDRC3-p015-m2x_C04_roi_0.png",20250529,"CbDRC3","p015","m2x","C04",0,813.503018778393,39.9345815013618,"","48h",10,"15hHB101","DMSO",1,"Pyrantel",1.17,NA,NA,"VX34","1",NA,NA,NA,777.502946982191,684.332368138093,707.192191073299,751.264325968277,778.383225280445,45.0255484177733,813.503018778393,836.165612436783,856.659880332632,0.0579104537063634,37.533705475507,31.860048329523,34.1322878214102,35.4524692502924,37.7938117924525,2.51270829071897,39.4359954403324,40.692159362076,42.8882683145119,0.0669453830599981,69,"1_VX34_1.17",NA,NA,NA,NA,NA,"1",763.538605859815,14.8446194206294
"20250529-CbDRC3-p015-m2x_C05_roi_0.png",20250529,"CbDRC3","p015","m2x","C05",0,789.273743828308,36.5366864995957,"","48h",10,"15hHB101","DMSO",1,"Pyrantel",2.34,NA,NA,"VX34","1",NA,NA,NA,771.912160669156,595.838749340365,701.577866451731,739.154346407308,782.533607120791,61.0488497667361,812.01242742406,826.330364534445,972.40459962064,0.0790878196734381,37.4598468910839,29.3309518698247,33.1119054826992,35.6402590865804,37.9286825951854,3.31359974674277,39.9142832219871,41.1178599416185,43.0130953938753,0.0884573756101354,61,"1_VX34_2.34",NA,NA,NA,NA,NA,"1",763.538605859815,18.9950012609755
"20250529-CbDRC3-p015-m2x_C06_roi_0.png",20250529,"CbDRC3","p015","m2x","C06",0,794.85392712802,38.6300198297988,"","48h",10,"15hHB101","DMSO",1,"Pyrantel",4.68,NA,NA,"VX34","1",NA,NA,NA,747.199467717929,365.579893241774,679.147274000764,708.346882465747,759.011629671195,90.2669832182561,801.70002729268,827.144964739234,863.869140070118,0.120807076447667,36.6284845524787,20.0354344285326,32.4721471577828,34.0967647659842,37.4914995204201,4.55761986490599,39.762577179572,40.9111006563284,43.7200932114316,0.124428294552458,58,"1_VX34_4.68",NA,NA,NA,NA,NA,"1",763.538605859815,-4.52697618862055
"20250529-CbDRC3-p015-m2x_C07_roi_0.png",20250529,"CbDRC3","p015","m2x","C07",0,740.954218554276,36.548585486548,"","48h",10,"15hHB101","DMSO",1,"Pyrantel",9.375,NA,NA,"VX34","1",NA,NA,NA,736.757469262901,163.202508556757,654.557871220475,730.625374881829,769.590392833047,125.720337475217,802.899542067148,828.387738236323,854.464971261241,0.170640058255529,36.0550847559206,15.3029440743122,30.3276382842395,35.7335302110811,37.5003078829228,5.39279580008786,39.0991193977761,40.2788643486696,42.940430843328,0.149571019915639,42,"1_VX34_9.375",NA,NA,NA,NA,NA,"1",763.538605859815,6.05178697323106
"20250529-CbDRC3-p015-m2x_C08_roi_0.png",20250529,"CbDRC3","p015","m2x","C08",0,829.088298781719,38.5184537598221,"","48h",10,"15hHB101","DMSO",1,"Pyrantel",18.75,NA,NA,"VX34","1",NA,NA,NA,736.034452484503,251.593990606397,691.344292290835,730.880402597775,765.607544051608,123.956245510526,792.992463203681,821.961926484496,864.184776471494,0.16841092844514,35.4750785112882,18.8095882329614,32.1904735714176,34.8432868930834,36.9865995836941,4.93747945480056,37.9770746596281,38.6975234839031,42.3136877702701,0.139181635728571,32,"1_VX34_18.75",NA,NA,NA,NA,NA,"1",763.538605859815,2.06893819179277
"20250529-CbDRC3-p015-m2x_C09_roi_0.png",20250529,"CbDRC3","p015","m2x","C09",0,848.394899478963,38.5939103347668,"","48h",10,"15hHB101","DMSO",1,"Pyrantel",37.5,NA,NA,"VX34","1",NA,NA,NA,734.492365493347,215.963562983103,647.475052875968,715.020734780597,753.565833373516,105.13059390874,796.229626233886,820.194265411396,851.940049327838,0.143133678235206,36.1207453498979,12.5519754891465,31.580811666444,34.9751327070586,37.2155625254838,4.97979927798549,38.989413150101,40.6242138430568,42.9886701274999,0.137865352161111,58,"1_VX34_37.5",NA,NA,NA,NA,NA,"1",763.538605859815,-9.97277248629973
"20250529-CbDRC3-p015-m2x_C10_roi_0.png",20250529,"CbDRC3","p015","m2x","C10",0,588.529571400019,28.8255279222539,"","48h",10,"15hHB101","DMSO",1,"Pyrantel",75,NA,NA,"VX34","1",NA,NA,NA,697.734667831976,397.329844773965,514.428721130191,633.353931358756,734.697877501605,121.002610011021,774.599142204391,818.721912127692,864.979762025078,0.17342209809784,34.0999792378329,21.5167259463853,25.2822081645168,30.9211659781243,36.0179288832821,5.20263964793024,37.3553192025751,39.4657727417203,43.0116985017649,0.152570170545971,44,"1_VX34_75",NA,NA,NA,NA,NA,"1",763.538605859815,-28.8407283582106
"20250529-CbDRC3-p015-m2x_C11_roi_0.png",20250529,"CbDRC3","p015","m2x","C11",0,740.306859922084,36.3768416836418,"","48h",10,"15hHB101","DMSO",1,"Pyrantel",150,NA,NA,"VX34","1",NA,NA,NA,620.746594685001,305.24938806467,439.369696208264,500.99591126753,634.645129212946,133.392331632375,733.901764748199,772.255748087571,832.515633327311,0.214890154492213,30.4022920202513,17.6905551795186,23.3673712105387,26.1126245907761,30.330759594356,5.1225011187526,34.9976197479712,37.0940069374262,38.4058676699569,0.168490622856344,72,"1_VX34_150",NA,NA,NA,NA,NA,"1",763.538605859815,-128.89347664687
"20250529-CbDRC3-p015-m2x_C12_roi_0.png",20250529,"CbDRC3","p015","m2x","C12",0,668.393571306972,31.4341937947555,"","48h",10,"15hHB101","DMSO",1,"Pyrantel",300,NA,NA,"VX34","1",NA,NA,NA,547.72025882321,390.749404008446,393.034652129216,471.126157708972,546.478191915253,103.200751823069,623.976418627334,687.755388197209,702.286253858624,0.188418723172297,28.8327118155224,20.600227805256,23.5970269166382,25.7391842081904,29.3895286148231,4.25550781099796,31.4341937947555,34.1497424817017,36.7428964668361,0.147593047723904,29,"1_VX34_300",NA,NA,NA,NA,NA,"1",763.538605859815,-217.060413944562
"20250529-CbDRC3-p015-m2x_D02_roi_0.png",20250529,"CbDRC3","p015","m2x","D02",0,798.329079820613,36.312657886152,"","48h",10,"15hHB101","DMSO",1,"Pyrantel",0.292,NA,NA,"NIC1667","1",NA,NA,NA,733.519416511498,598.293018727095,658.630062622619,723.762077839213,743.385212406255,47.11135945305,759.214069565902,778.41977925483,826.543867487551,0.0642264654385076,33.9709363913968,28.632630834674,31.1604010453569,32.2707346391142,34.3522490088882,2.22038063384971,35.6697344228905,36.3679712757903,39.0743814255544,0.0653611842861072,56,"1_NIC1667_0.292",NA,NA,NA,NA,NA,"1",725.939516673208,17.445695733047
"20250529-CbDRC3-p015-m2x_D03_roi_0.png",20250529,"CbDRC3","p015","m2x","D03",0,805.219518900329,36.1772770144843,"","48h",10,"15hHB101","DMSO",1,"Pyrantel",0.585,NA,NA,"NIC1667","1",NA,NA,NA,728.772386854783,250.16835592334,684.035955126301,712.915972938691,746.011592290014,81.1409148396316,762.893167858803,781.349710855806,820.685334323432,0.111339172975279,34.3608235324883,23.3192325855566,32.1588599449822,33.6478369107245,34.769871141305,2.79618115383261,35.9939213995324,36.7729233519368,38.5788577742821,0.0813770121425876,59,"1_NIC1667_0.585",NA,NA,NA,NA,NA,"1",725.939516673208,20.072075616806
"20250529-CbDRC3-p015-m2x_D04_roi_0.png",20250529,"CbDRC3","p015","m2x","D04",0,732.927988112107,34.9109255458994,"","48h",10,"15hHB101","DMSO",1,"Pyrantel",1.17,NA,NA,"NIC1667","1",NA,NA,NA,740.207545205903,568.714609121082,700.655637715005,723.643343856116,745.27023765906,38.0570308548557,757.965618349629,784.122530626282,816.073440610377,0.0514140001697354,34.8356116651882,26.6152150758789,31.761286275019,33.5588836111472,35.0083943971727,2.31560994802774,36.5355792523443,37.8117187342451,38.2521928529127,0.0664724928697541,57,"1_NIC1667_1.17",NA,NA,NA,NA,NA,"1",725.939516673208,19.3307209858521
"20250529-CbDRC3-p015-m2x_D05_roi_0.png",20250529,"CbDRC3","p015","m2x","D05",0,725.907067302819,33.636603391372,"","48h",10,"15hHB101","DMSO",1,"Pyrantel",2.34,NA,NA,"NIC1667","1",NA,NA,NA,728.222714055088,200.717361597987,692.022454461672,719.598917982236,742.01568216004,80.9805314931699,764.635119621135,778.861503971445,809.233198465068,0.111202973939431,34.0143774450635,15.4980450955194,30.9380502440727,32.6799645989895,34.7461334977099,3.58673523834934,36.4091704858447,37.3814238484903,38.9600741065026,0.105447622674919,58,"1_NIC1667_2.34",NA,NA,NA,NA,NA,"1",725.939516673208,16.076165486832
"20250529-CbDRC3-p015-m2x_D06_roi_0.png",20250529,"CbDRC3","p015","m2x","D06",0,715.652449441631,34.0122339221411,"","48h",10,"15hHB101","DMSO",1,"Pyrantel",4.68,NA,NA,"NIC1667","1",NA,NA,NA,726.081704025441,603.072203762412,682.896974503359,702.396543090782,729.012698275786,43.9981963344782,750.467997984767,770.697430310039,840.808515453758,0.0605967566605102,33.9463167499346,28.2631064302324,30.4814330352648,32.6021632581137,34.0185819189537,2.38417718626597,35.4514890947093,36.5165056796248,40.706681677381,0.0702337518331958,63,"1_NIC1667_4.68",NA,NA,NA,NA,NA,"1",725.939516673208,3.07318160257842
"20250529-CbDRC3-p015-m2x_D07_roi_0.png",20250529,"CbDRC3","p015","m2x","D07",0,778.189980528785,35.6386320098686,"","48h",10,"15hHB101","DMSO",1,"Pyrantel",9.375,NA,NA,"NIC1667","1",NA,NA,NA,724.133077623438,629.119499187845,647.39355654137,693.724837665921,732.658173182421,47.021355262736,762.079629774101,778.180974709631,789.991170823192,0.0649346877193586,33.8118047593329,27.6861189819056,29.4614486479288,31.9415941278904,34.4591879556454,2.75680061075986,35.7109282936045,36.8778480503545,37.8320473778874,0.0815336723485282,63,"1_NIC1667_9.375",NA,NA,NA,NA,NA,"1",725.939516673208,6.71865650921313
"20250529-CbDRC3-p015-m2x_D08_roi_0.png",20250529,"CbDRC3","p015","m2x","D08",0,734.478959687913,32.5841154669874,"","48h",10,"15hHB101","DMSO",1,"Pyrantel",18.75,NA,NA,"NIC1667","1",NA,NA,NA,729.475579237847,595.43979012162,669.690407570071,711.693176401124,736.555293641779,45.2333636324297,760.666321083264,784.587720523921,799.716921653306,0.0620080574591536,34.2592542792624,27.9597165772104,30.8727899134793,32.6160445410829,34.6223176896775,2.38071055757373,36.1044257168587,36.6241024279915,38.8635035404725,0.0694910209710783,52,"1_NIC1667_18.75",NA,NA,NA,NA,NA,"1",725.939516673208,10.6157769685716
"20250529-CbDRC3-p015-m2x_D09_roi_0.png",20250529,"CbDRC3","p015","m2x","D09",0,769.574714221978,33.6634114455293,"","48h",10,"15hHB101","DMSO",1,"Pyrantel",37.5,NA,NA,"NIC1667","1",NA,NA,NA,710.805130853129,441.725627793687,659.854585607972,699.215535284354,726.932818831681,73.0188039554448,750.89679942972,769.314223284503,796.977960530816,0.10272689487737,33.0745109220974,21.2115541538527,28.4759198701029,32.3870648319961,33.5557701242221,3.74800747400737,35.2668469720798,36.0713453273049,41.1089686664207,0.113320117804169,63,"1_NIC1667_37.5",NA,NA,NA,NA,NA,"1",725.939516673208,0.993302158473398
"20250529-CbDRC3-p015-m2x_D10_roi_0.png",20250529,"CbDRC3","p015","m2x","D10",0,731.679856476662,34.5653785387481,"","48h",10,"15hHB101","DMSO",1,"Pyrantel",75,NA,NA,"NIC1667","1",NA,NA,NA,672.682417410049,560.67733188336,596.325551147842,630.297306856568,674.949355329132,58.5131877338522,714.305763696887,742.577362311669,843.726515989055,0.0869848627219048,31.5226100413304,24.9120984724209,28.9928876544801,30.1713565692065,31.3917093939433,2.14111087907342,33.022063133814,34.5584694522264,36.1740727578294,0.0679230202152085,74,"1_NIC1667_75",NA,NA,NA,NA,NA,"1",725.939516673208,-50.9901613440761
"20250529-CbDRC3-p015-m2x_D11_roi_0.png",20250529,"CbDRC3","p015","m2x","D11",0,728.199937482993,31.9667228404862,"","48h",10,"15hHB101","DMSO",1,"Pyrantel",150,NA,NA,"NIC1667","1",NA,NA,NA,645.518865676459,319.535618130807,567.960658075456,611.3960401124,651.084084559687,80.9583421298751,685.810910058156,728.254429594892,895.628849815861,0.12541591955649,30.4330717713475,22.6399595557701,27.6919967146887,28.9367059050414,30.4270455292792,2.59050996521105,32.0258505357587,34.2187145042595,35.2923735462017,0.085121540956309,73,"1_NIC1667_150",NA,NA,NA,NA,NA,"1",725.939516673208,-74.8554321135207
"20250529-CbDRC3-p015-m2x_D12_roi_0.png",20250529,"CbDRC3","p015","m2x","D12",0,618.488731392095,29.8399867372854,"","48h",10,"15hHB101","DMSO",1,"Pyrantel",300,NA,NA,"NIC1667","1",NA,NA,NA,578.347453088165,398.161695065919,482.644182831601,535.919940346447,597.254650790636,70.3939565203619,618.577560816209,663.58828148392,702.331120089956,0.121715685172441,30.348395848368,22.5725600135551,28.1012501722852,29.3894519489409,30.1545135210012,2.34001736026294,31.8429987407593,32.7998783164041,36.3348912137489,0.0771051416343239,57,"1_NIC1667_300",NA,NA,NA,NA,NA,"1",725.939516673208,-128.684865882571
"20250529-CbDRC3-p015-m2x_E01_roi_0.png",20250529,"CbDRC3","p015","m2x","E01",0,759.908541695345,37.8100594483089,"","48h",10,"15hHB101","DMSO",1,"Pyrantel",0,NA,NA,"PB420","1",NA,NA,NA,758.993343666794,685.704401471521,725.335767581653,734.945156177219,763.427286271836,28.1692654096596,779.949414479595,792.073679871657,813.127194287506,0.0371139821511085,37.6410930916945,32.721053762229,34.8984188255828,36.542011364808,37.6239084606246,2.01672303104353,38.9888353788046,40.1467929424334,41.979185259486,0.0535776956883465,65,"1_PB420_0",NA,NA,NA,NA,NA,"1",756.281457175035,7.14582909680144
"20250529-CbDRC3-p015-m2x_E02_roi_0.png",20250529,"CbDRC3","p015","m2x","E02",0,773.899682032386,36.8333110063484,"","48h",10,"15hHB101","DMSO",1,"Pyrantel",0.292,NA,NA,"PB420","1",NA,NA,NA,758.842210388784,653.530777451328,722.320140361215,738.308029298429,763.145934086976,30.3743639090824,781.139853712796,794.510981466905,810.245561732363,0.0400272461036668,37.3907918586602,31.7729914418212,34.586335260291,36.2009258906712,37.6154650087125,1.97267779497805,38.7254803239955,39.7193856871896,40.8890380132515,0.0527583850707124,74,"1_PB420_0.292",NA,NA,NA,NA,NA,"1",756.281457175035,6.86447691194155
"20250529-CbDRC3-p015-m2x_E03_roi_0.png",20250529,"CbDRC3","p015","m2x","E03",0,789.748235378764,37.7288622293536,"","48h",10,"15hHB101","DMSO",1,"Pyrantel",0.585,NA,NA,"PB420","1",NA,NA,NA,766.437638422685,640.388023581875,718.633974784825,744.754143175499,780.056067205233,37.0830445358021,793.42990864594,803.341634996483,822.359619763402,0.0483836422910001,37.6221022872239,31.1230836025784,34.8940541229503,36.4104502918005,37.7615528957627,2.38495845711827,38.9344169919847,39.7775237189896,43.5457308207196,0.0633924824006494,62,"1_PB420_0.585",NA,NA,NA,NA,NA,"1",756.281457175035,23.7746100301978
"20250529-CbDRC3-p015-m2x_E04_roi_0.png",20250529,"CbDRC3","p015","m2x","E04",0,818.245317316974,38.0219272159787,"","48h",10,"15hHB101","DMSO",1,"Pyrantel",1.17,NA,NA,"PB420","1",NA,NA,NA,764.418062675002,695.850252880635,719.73548832891,745.618782233979,764.356719929761,28.3609167572891,785.539881809173,795.563324140989,818.245317316974,0.0371013168606234,37.2781363677658,31.4629764697756,34.0626035717967,35.631946580406,37.6994289521132,2.45500127762025,38.5371754775253,40.6812319899602,42.4340925939608,0.0658563307296413,63,"1_PB420_1.17",NA,NA,NA,"outlier","outlier","1",756.281457175035,8.07526275472628
"20250529-CbDRC3-p015-m2x_E05_roi_0.png",20250529,"CbDRC3","p015","m2x","E05",0,769.744109357649,37.8940826484109,"","48h",10,"15hHB101","DMSO",1,"Pyrantel",2.34,NA,NA,"PB420","1",NA,NA,NA,764.525652799852,669.494962064795,732.554505180948,747.870521352673,768.24679719067,27.2054754751841,783.14651590474,797.278735898048,814.806151953858,0.0355847777972551,37.6810375775105,32.4642263838999,35.4488201895583,36.5032965208349,37.6794107830439,1.93660180417985,38.6659133031758,40.1513487152367,42.2876285943993,0.0513945986810003,68,"1_PB420_2.34",NA,NA,NA,NA,NA,"1",756.281457175035,11.9653400156354
"20250529-CbDRC3-p015-m2x_E06_roi_0.png",20250529,"CbDRC3","p015","m2x","E06",0,694.697263605375,33.6536080825916,"","48h",10,"15hHB101","DMSO",1,"Pyrantel",4.68,NA,NA,"PB420","1",NA,NA,NA,758.21725136257,333.287808634064,731.606862932579,752.08640183114,767.001116640742,68.7296106603757,785.702090512532,796.440949558718,823.36221318816,0.0906463293163849,36.6536637504182,22.5563971668055,34.2437032174801,35.6844087571402,36.8672474129967,2.79376203649178,38.1265693162465,38.8649745655696,42.2071913271541,0.0762205397941946,48,"1_PB420_4.68",NA,NA,NA,NA,NA,"1",756.281457175035,10.719659465707
"20250529-CbDRC3-p015-m2x_E07_roi_0.png",20250529,"CbDRC3","p015","m2x","E07",0,778.872716685535,36.8179183952072,"","48h",10,"15hHB101","DMSO",1,"Pyrantel",9.375,NA,NA,"PB420","1",NA,NA,NA,767.021969346088,685.611967246334,731.49002780992,745.681817176721,769.737830925108,31.4534046447956,789.694992965171,800.650227993863,829.887410588549,0.0410071756766116,37.2512157010971,30.2730594791526,33.3851832349002,36.0197715499482,37.5042953363964,2.6591539811701,38.9431517361876,40.3687600956513,42.6615042578703,0.07138435433912,58,"1_PB420_9.375",NA,NA,NA,NA,NA,"1",756.281457175035,13.4563737500727
"20250529-CbDRC3-p015-m2x_E08_roi_0.png",20250529,"CbDRC3","p015","m2x","E08",0,725.477059584537,33.5417457442505,"","48h",10,"15hHB101","DMSO",1,"Pyrantel",18.75,NA,NA,"PB420","1",NA,NA,NA,748.045188427632,485.269885703327,716.106329371411,737.591119527698,759.128591219356,61.9423462176983,780.424814030163,794.876541307863,830.209964332927,0.0828056208046725,36.7459246971169,25.1110966415061,33.4165398707,35.1759907382069,37.255199064721,3.14141037259928,39.1376966341203,39.9413589198856,41.2842509999428,0.0854900345682623,52,"1_PB420_18.75",NA,NA,NA,NA,NA,"1",756.281457175035,2.84713404432148
"20250529-CbDRC3-p015-m2x_E09_roi_0.png",20250529,"CbDRC3","p015","m2x","E09",0,774.250172730377,36.6160296249763,"","48h",10,"15hHB101","DMSO",1,"Pyrantel",37.5,NA,NA,"PB420","1",NA,NA,NA,761.070173562578,533.011098990842,717.42926207851,746.336941757407,771.298979527397,46.6534386079379,790.242884474691,798.132847696075,834.533525900925,0.0612997857865756,36.9212579241267,28.4032694403337,33.9178991679565,35.7454005315603,37.0170418849191,2.50518132516238,38.6242159390071,40.0685587208455,41.2347209473282,0.0678520035885706,62,"1_PB420_37.5",NA,NA,NA,NA,NA,"1",756.281457175035,15.0175223523621
"20250529-CbDRC3-p015-m2x_E10_roi_0.png",20250529,"CbDRC3","p015","m2x","E10",0,800.523959912857,36.3432749068074,"","48h",10,"15hHB101","DMSO",1,"Pyrantel",75,NA,NA,"PB420","1",NA,NA,NA,702.056765341742,359.426827884404,595.504465523564,662.692212145657,722.895160427962,79.1102306407319,753.592359708627,777.428333755233,824.999674518764,0.112683524390258,34.2845858421632,27.7913994510753,30.0693946522961,32.4740182808433,34.8387417239112,2.81503019749673,36.3432749068074,37.6365208912194,40.1387633478654,0.0821077498341776,57,"1_PB420_75",NA,NA,NA,NA,NA,"1",756.281457175035,-33.3862967470728
"20250529-CbDRC3-p015-m2x_E11_roi_0.png",20250529,"CbDRC3","p015","m2x","E11",0,725.988369071072,35.4794543688876,"","48h",10,"15hHB101","DMSO",1,"Pyrantel",150,NA,NA,"PB420","1",NA,NA,NA,586.560519595233,308.462821728548,450.164491680034,490.762486801022,579.386874220449,120.343908506851,672.052819664644,759.201470300316,835.817243372553,0.205168783930253,30.9894260837445,20.1027995601269,26.0840751632424,27.901098592751,30.171092470914,4.80679253835096,34.7011560932922,37.7756575773498,42.4935634574728,0.155110731168796,65,"1_PB420_150",NA,NA,NA,NA,NA,"1",756.281457175035,-176.894582954585
"20250529-CbDRC3-p015-m2x_E12_roi_0.png",20250529,"CbDRC3","p015","m2x","E12",0,618.706619373014,32.1504041848927,"","48h",10,"15hHB101","DMSO",1,"Pyrantel",300,NA,NA,"PB420","1",NA,NA,NA,564.080489342287,360.250929543301,463.859665248651,520.214423454028,567.481744343435,75.6955428235349,618.662739701448,652.174997503464,705.389874090892,0.134192804491067,30.0955399038277,21.4461348729955,26.9907748788208,27.934225403418,29.8184787828099,2.86866850174972,32.4730886970947,33.590539908043,37.2655196442803,0.0953187253299574,56,"1_PB420_300",NA,NA,NA,NA,NA,"1",756.281457175035,-188.7997128316
"20250529-CbDRC3-p015-m2x_F01_roi_0.png",20250529,"CbDRC3","p015","m2x","F01",0,788.262128097526,36.317002764006,"","48h",10,"15hHB101","DMSO",1,"Pyrantel",0,NA,NA,"ED3102","1",NA,NA,NA,756.489461688707,487.316465631028,720.115459819056,743.657017568038,765.201232286584,46.9524814988703,781.093628479464,792.838213926849,821.157172405005,0.0620662730635514,36.4810373750676,24.1354780872225,34.1214980160061,35.5277399031308,36.8700643730508,2.42757026031431,37.7358825328241,38.4857613936491,42.6979226622742,0.0665433451180694,62,"1_ED3102_0",NA,NA,NA,NA,NA,"1",756.634396898577,8.56683538800712
"20250529-CbDRC3-p015-m2x_F02_roi_0.png",20250529,"CbDRC3","p015","m2x","F02",0,778.456945552311,37.5281063572352,"","48h",10,"15hHB101","DMSO",1,"Pyrantel",0.292,NA,NA,"ED3102","1",NA,NA,NA,756.845076540541,692.94674695908,730.226623018754,734.522293415637,753.967558691916,26.1911937713825,776.674586666738,789.167520836302,825.059164999943,0.0346057529912195,36.6300260386411,32.2175158521204,34.4643831386639,35.3436528749258,36.7698671061671,1.76022341780106,37.6325403048135,38.9279844201485,41.00881800731,0.0480541132005801,76,"1_ED3102_0.292",NA,"n>75",NA,NA,NA,"1",756.634396898577,-2.66683820666083
"20250529-CbDRC3-p015-m2x_F03_roi_0.png",20250529,"CbDRC3","p015","m2x","F03",0,763.747268845682,35.546360362915,"","48h",10,"15hHB101","DMSO",1,"Pyrantel",0.585,NA,NA,"ED3102","1",NA,NA,NA,760.970450541784,714.15868833622,732.529442562639,748.472341207129,763.890250125147,20.7504873749485,774.169245953686,785.641656553674,816.550293642596,0.0272684535387345,36.8601390723408,32.8558884495659,34.787430002226,35.5456333022617,37.0129268893679,1.90907891763434,37.9178629309919,39.1217817945036,41.2866519853694,0.0517925044690588,57,"1_ED3102_0.585",NA,NA,NA,NA,NA,"1",756.634396898577,7.25585322657003
"20250529-CbDRC3-p015-m2x_F04_roi_0.png",20250529,"CbDRC3","p015","m2x","F04",0,747.325202120234,34.639522325687,"","48h",10,"15hHB101","DMSO",1,"Pyrantel",1.17,NA,NA,"ED3102","1",NA,NA,NA,757.581780182307,667.93744355629,727.329817786478,743.906943976434,759.041966082965,24.9076536045599,773.362699134367,780.612113335115,817.953856181083,0.0328778413844192,36.2883314758607,30.632522597503,34.2514376802005,34.9690273268424,36.5020569199426,1.82985367650859,37.513355007647,38.3350322635312,39.9922719832395,0.0504254012815614,72,"1_ED3102_1.17",NA,NA,NA,NA,NA,"1",756.634396898577,2.40756918438819
"20250529-CbDRC3-p015-m2x_F05_roi_0.png",20250529,"CbDRC3","p015","m2x","F05",0,751.536776540813,35.6061540453845,"","48h",10,"15hHB101","DMSO",1,"Pyrantel",2.34,NA,NA,"ED3102","1",NA,NA,NA,760.53997738881,673.835637841785,718.910408568394,746.422654175667,769.674335173414,30.5079244787836,778.529248945022,787.837295560299,834.856851375891,0.040113505385381,36.1134249739204,31.3381392423293,33.672067213692,34.8163075853466,35.9934276057235,2.08632300422174,37.2781600767174,38.6226935779132,43.1469708973377,0.0577713968068218,66,"1_ED3102_2.34",NA,NA,NA,NA,NA,"1",756.634396898577,13.0399382748376
"20250529-CbDRC3-p015-m2x_F06_roi_0.png",20250529,"CbDRC3","p015","m2x","F06",0,765.966899256614,36.8218649004725,"","48h",10,"15hHB101","DMSO",1,"Pyrantel",4.68,NA,NA,"ED3102","1",NA,NA,NA,771.804254424142,673.194995872547,749.812996838103,762.309768174699,773.968010465778,26.2128923602327,785.78087376997,799.162862784111,831.398918618514,0.0339631353545604,36.7104795727143,31.3011579434094,34.3990008808114,35.7904685736605,36.8712112597348,2.06925705981082,37.9988705532827,39.230772200354,40.8558371230356,0.0563669307482658,60,"1_ED3102_4.68",NA,NA,NA,NA,NA,"1",756.634396898577,17.3336135672012
"20250529-CbDRC3-p015-m2x_F07_roi_0.png",20250529,"CbDRC3","p015","m2x","F07",0,827.323013707835,36.5745338537929,"","48h",10,"15hHB101","DMSO",1,"Pyrantel",9.375,NA,NA,"ED3102","1",NA,NA,NA,761.729677938122,663.348504480948,732.672931157679,746.304516888141,761.706808437375,28.7365595503901,779.260538717192,791.598638498788,846.586511485724,0.0377254036211051,35.9755423955166,29.8972243234716,33.2533973523121,34.8324782319709,36.1035046265592,2.03651075162265,37.2981335427034,38.3190646105932,40.1703397288888,0.0566082014617922,68,"1_ED3102_9.375",NA,NA,NA,NA,NA,"1",756.634396898577,5.07241153879818
"20250529-CbDRC3-p015-m2x_F08_roi_1.png",20250529,"CbDRC3","p015","m2x","F08",1,754.835360369654,35.9680148937996,"","48h",10,"15hHB101","DMSO",1,"Pyrantel",18.75,NA,NA,"ED3102","1",NA,NA,NA,754.942687690529,637.160137808272,714.209625938785,742.098208396061,757.580683493981,35.9384150442033,777.372477776038,791.503041550215,857.916639830384,0.0476041633758236,35.8569513829429,28.368614016157,33.3617606535613,34.5543006808167,36.1110962978347,2.0612759472576,37.2942143923465,38.120735337517,40.2407924250816,0.0574860903606587,83,"1_ED3102_18.75",NA,"n>75",NA,NA,NA,"1",756.634396898577,0.946286595403762
"20250529-CbDRC3-p015-m2x_F09_roi_0.png",20250529,"CbDRC3","p015","m2x","F09",0,745.552882385156,32.2949933681353,"","48h",10,"15hHB101","DMSO",1,"Pyrantel",37.5,NA,NA,"ED3102","1",NA,NA,NA,750.035844402147,496.677059670685,705.868039224575,741.255338759835,758.490391674554,49.5430821895633,776.888294475997,785.928506816072,822.480292629544,0.0660542860175624,35.9199182747103,23.3447398901975,33.0392480741859,34.8239055980113,36.6024584213132,2.94509152549281,37.8420345536082,38.985813873962,39.6840260245936,0.0819904851388908,75,"1_ED3102_37.5",NA,NA,NA,NA,NA,"1",756.634396898577,1.85599477597702
"20250529-CbDRC3-p015-m2x_F10_roi_0.png",20250529,"CbDRC3","p015","m2x","F10",0,757.881534472763,34.6700184224397,"","48h",10,"15hHB101","DMSO",1,"Pyrantel",75,NA,NA,"ED3102","1",NA,NA,NA,711.87559443295,543.287844191918,604.496967900721,676.632407051729,733.038478803642,67.2808908043355,758.552897193102,784.736104644161,819.100891994988,0.0945121469685004,34.2012580632461,28.3244369506727,29.5418175097822,31.2543033999628,34.7086737697016,3.18363403768594,36.7756786239995,38.0025733990885,39.3498851674791,0.0930852903655961,65,"1_ED3102_75",NA,NA,NA,NA,NA,"1",756.634396898577,-23.5959180949345
"20250529-CbDRC3-p015-m2x_F11_roi_0.png",20250529,"CbDRC3","p015","m2x","F11",0,730.255559862321,34.5875582183614,"","48h",10,"15hHB101","DMSO",1,"Pyrantel",150,NA,NA,"ED3102","1",NA,NA,NA,689.507674438988,509.441233254595,625.044021374236,665.906316445156,702.294455814691,52.8376712429191,730.255559862321,738.174591160245,766.576276509427,0.0766310125350092,33.9510570761356,25.0098227798454,30.2268229954274,32.7381698243446,34.4428726352812,2.59937621629652,35.4882427414485,36.6818326386564,39.213710799064,0.0765624531356239,81,"1_ED3102_150",NA,"n>75",NA,NA,NA,"1",756.634396898577,-54.3399410838859
"20250529-CbDRC3-p015-m2x_F12_roi_0.png",20250529,"CbDRC3","p015","m2x","F12",0,694.549994400972,33.8455313188167,"","48h",10,"15hHB101","DMSO",1,"Pyrantel",300,NA,NA,"ED3102","1",NA,NA,NA,634.176242794333,514.720436326579,561.963375397029,605.98160593784,631.858422191481,52.8419761828349,670.592711713204,693.282183607583,765.902674039239,0.0833238027807544,32.4213661560837,26.8784072402708,28.9288108075307,30.9191272499999,32.2281632668521,2.53365541566098,33.9343363259281,35.4982078888337,38.8306059755516,0.0781477067765559,58,"1_ED3102_300",NA,NA,NA,NA,NA,"1",756.634396898577,-124.775974707096
"20250529-CbDRC3-p016-m2x_A01_roi_0.png",20250529,"CbDRC3","p016","m2x","A01",0,638.22201830336,28.3755197208636,"","48h",10,"15hHB101","DMSO",1,"Pyrantel",0,NA,NA,"ECA2666","1",NA,NA,NA,718.833628532091,517.510127517635,642.752519579061,695.406208386561,731.616211342533,54.3088803881885,753.680145767547,775.071605879731,794.735732771333,0.0755513907983006,32.8268081005195,26.1348770735682,29.7032678060637,31.1074191047086,33.0362848488607,2.35711885995236,34.2714734173781,35.8824323109546,37.5255725112869,0.0718046924554648,77,"1_ECA2666_0",NA,"n>75",NA,NA,NA,"1",735.32863008283,-3.71241874029784
"20250529-CbDRC3-p016-m2x_A02_roi_0.png",20250529,"CbDRC3","p016","m2x","A02",0,747.202679338208,30.3401212319758,"","48h",10,"15hHB101","DMSO",1,"Pyrantel",0.292,NA,NA,"ECA2666","1",NA,NA,NA,721.976145696919,516.443546356521,651.744074614215,704.09152164251,734.330904581272,51.0568350725655,759.660864551709,769.175828195651,787.757883712783,0.0707181745226232,32.8777652757304,23.954241721598,29.9014020253374,30.9991263901446,32.9932326440501,2.59549305873698,34.7746928508502,35.8753651260591,39.5563909054225,0.0789437188619664,79,"1_ECA2666_0.292",NA,"n>75",NA,NA,NA,"1",735.32863008283,-0.997725501558193
"20250529-CbDRC3-p016-m2x_A03_roi_0.png",20250529,"CbDRC3","p016","m2x","A03",0,717.480934801412,29.8837993793385,"","48h",10,"15hHB101","DMSO",1,"Pyrantel",0.585,NA,NA,"ECA2666","1",NA,NA,NA,717.722149728553,562.229923958066,663.202382082296,703.581899552298,725.53309788085,43.6455576778991,746.064210221332,760.44927296409,784.746906119101,0.0608112173971587,32.5203986260788,26.989731859378,29.9097731597486,30.8853043310878,32.5349421698012,2.12288619983209,34.1142255330484,35.3118365334671,36.6224315055469,0.0652786032619447,87,"1_ECA2666_0.585",NA,"n>75",NA,NA,NA,"1",735.32863008283,-9.79553220198
"20250529-CbDRC3-p016-m2x_A04_roi_0.png",20250529,"CbDRC3","p016","m2x","A04",0,775.480286516519,32.1633919644538,"","48h",10,"15hHB101","DMSO",1,"Pyrantel",1.17,NA,NA,"ECA2666","1",NA,NA,NA,728.647571627662,498.611527594476,673.127730562876,712.482218996266,733.222816409373,47.4673122730595,760.586633278227,780.298300178294,796.928368829796,0.0651444046770464,32.6093742132527,28.084493469654,30.1964082937673,31.1147600410146,32.5265397637398,2.01428625132944,34.0786922095378,35.0649653870394,37.9718505981456,0.0617701596527669,69,"1_ECA2666_1.17",NA,NA,NA,NA,NA,"1",735.32863008283,-2.10581367345787
"20250529-CbDRC3-p016-m2x_A05_roi_0.png",20250529,"CbDRC3","p016","m2x","A05",0,708.464220370404,32.8765183023026,"","48h",10,"15hHB101","DMSO",1,"Pyrantel",2.34,NA,NA,"ECA2666","1",NA,NA,NA,708.954668453065,191.203545340231,648.907820503598,697.764353061904,727.565548503929,91.6692479066693,752.014115100957,771.778647073086,861.78090439693,0.129301987822001,32.2164612644675,13.7130905999105,30.0247080238836,30.7909291670406,32.5610818761004,3.58004164708082,34.3954001042203,35.307633854563,39.2324329008495,0.111124608556228,64,"1_ECA2666_2.34",NA,NA,NA,NA,NA,"1",735.32863008283,-7.76308157890151
"20250529-CbDRC3-p016-m2x_A06_roi_0.png",20250529,"CbDRC3","p016","m2x","A06",0,737.569618127866,34.9712854913436,"","48h",10,"15hHB101","DMSO",1,"Pyrantel",4.68,NA,NA,"ECA2666","1",NA,NA,NA,746.099630721266,623.482269491516,704.15476202827,728.007689996571,747.362975989092,34.0655158361882,769.922487665627,787.385709029464,808.904148893896,0.0456581325516226,33.8929209857066,25.23000500135,30.8708674013992,31.7286289867955,34.1382714321809,2.65844377286606,35.4982607825958,37.2509419795296,38.7519017954253,0.0784365494489891,63,"1_ECA2666_4.68",NA,NA,NA,NA,NA,"1",735.32863008283,12.0343459062619
"20250529-CbDRC3-p016-m2x_A07_roi_0.png",20250529,"CbDRC3","p016","m2x","A07",0,720.543441081416,30.0505379284555,"","48h",10,"15hHB101","DMSO",1,"Pyrantel",9.375,NA,NA,"ECA2666","1",NA,NA,NA,722.37346344922,596.591306400763,668.105096137123,706.622138935183,728.235034842395,40.3616975923371,746.079009995866,767.263433018525,813.306835214848,0.0558737268664554,32.9094875819294,27.1462744085296,30.0868124155819,31.1051453905007,32.5358660733325,2.3644067801704,34.3156713839849,36.0620289978585,38.817292801973,0.0718457488675299,76,"1_ECA2666_9.375",NA,"n>75",NA,NA,NA,"1",735.32863008283,-7.09359524043509
"20250529-CbDRC3-p016-m2x_A08_roi_0.png",20250529,"CbDRC3","p016","m2x","A08",0,795.791321032184,35.2218852375368,"","48h",10,"15hHB101","DMSO",1,"Pyrantel",18.75,NA,NA,"ECA2666","1",NA,NA,NA,680.768390189376,537.451202072133,597.254341983812,620.386821753406,694.191579625644,64.3884111593823,730.102783984487,753.207681031372,798.734750130309,0.0945819636858738,31.8352438402074,25.4924150748242,28.270996678889,29.7348030772542,31.9741734532412,2.85174919749619,34.088270857956,35.719632861801,36.6571277316659,0.0895783682955326,62,"1_ECA2666_18.75",NA,NA,NA,NA,NA,"1",735.32863008283,-41.1370504571868
"20250529-CbDRC3-p016-m2x_A09_roi_0.png",20250529,"CbDRC3","p016","m2x","A09",0,698.175208179486,31.4221829513399,"","48h",10,"15hHB101","DMSO",1,"Pyrantel",37.5,NA,NA,"ECA2666","1",NA,NA,NA,673.09132852652,424.342821420532,578.115664966231,600.700775365297,693.571595503432,80.0695576203915,737.928918115283,755.903661535099,798.268461645412,0.118957939624142,31.0168194104662,22.3231115072628,27.5038344461646,29.012726429821,30.7844025639773,3.09209293571676,33.0557992850145,34.8815530069272,38.3305474243508,0.0996908449830731,68,"1_ECA2666_37.5",NA,NA,NA,NA,NA,"1",735.32863008283,-41.7570345793987
"20250529-CbDRC3-p016-m2x_A10_roi_0.png",20250529,"CbDRC3","p016","m2x","A10",0,736.309510782653,31.8801320335042,"","48h",10,"15hHB101","DMSO",1,"Pyrantel",75,NA,NA,"ECA2666","1",NA,NA,NA,643.35280924874,213.016102260659,574.845345162718,604.358487824532,661.64666058204,71.3268377865742,684.805974966091,711.364401649509,740.278693605555,0.110867375973479,30.0340217597494,12.3247882622697,27.7317767219045,28.5031882761299,30.0787300289004,3.05421916005128,31.6711421645511,33.2474696218926,36.77628735081,0.10169198066389,83,"1_ECA2666_75",NA,"n>75",NA,NA,NA,"1",735.32863008283,-73.6819695007906
"20250529-CbDRC3-p016-m2x_A11_roi_0.png",20250529,"CbDRC3","p016","m2x","A11",0,680.230892878024,31.9648596904565,"","48h",10,"15hHB101","DMSO",1,"Pyrantel",150,NA,NA,"ECA2666","1",NA,NA,NA,613.218300989823,397.01657340194,548.318604082411,579.251785100218,624.610870879705,54.8606592424598,651.815193083913,671.623736694526,705.061503093827,0.08946350615092,29.7886713546718,23.343618073302,27.4306688188514,28.3631726358884,30.0556311774413,2.2889702930288,31.577912948253,32.4941003215394,34.7231243285791,0.0768402949488989,79,"1_ECA2666_150",NA,"n>75",NA,NA,NA,"1",735.32863008283,-110.717759203125
"20250529-CbDRC3-p016-m2x_A12_roi_0.png",20250529,"CbDRC3","p016","m2x","A12",0,568.873909702513,27.8116933952011,"","48h",10,"15hHB101","DMSO",1,"Pyrantel",300,NA,NA,"ECA2666","1",NA,NA,NA,528.190558268826,435.549578261605,473.451402651941,495.454179755947,536.922695862516,40.036852852818,556.385011673435,570.965208320205,597.597468932473,0.0758000161609117,26.6670219397726,22.112846763103,23.6498596833251,25.5669534756343,26.9414427352557,1.87549144192784,27.9539237275487,28.3504943921015,31.0747736625316,0.0703299920839918,52,"1_ECA2666_300",NA,NA,NA,NA,NA,"1",735.32863008283,-198.405934220314
"20250529-CbDRC3-p016-m2x_B01_roi_0.png",20250529,"CbDRC3","p016","m2x","B01",0,822.647781160958,36.8120762608485,"","48h",10,"15hHB101","DMSO",1,"Pyrantel",0,NA,NA,"JU3237","1",NA,NA,NA,797.606127566622,708.988574353577,761.361046776679,775.16084992502,796.577818370591,34.3287609099929,824.245658759829,841.936249930353,860.891365378606,0.0430397406984884,37.2852750484683,30.5410317737281,34.6097121929309,36.1383837780909,37.2728802000554,2.1577838460722,38.6075962512283,39.4478486524422,42.13642616726,0.0578722791575825,65,"1_JU3237_0",NA,NA,NA,NA,NA,"1",806.265742658269,-9.68792428767779
"20250529-CbDRC3-p016-m2x_B02_roi_0.png",20250529,"CbDRC3","p016","m2x","B02",0,815.602786841567,34.5533921641245,"","48h",10,"15hHB101","DMSO",1,"Pyrantel",0.292,NA,NA,"JU3237","1",NA,NA,NA,801.131336548326,691.294282293508,771.167384606396,782.160972692594,798.561378700019,33.9612706562988,817.112779170938,840.790636310664,886.883491141655,0.0423916393067595,36.1106150310787,28.8432276292085,33.8905645318123,34.8630349827228,35.9418278956385,2.04542028656327,37.50988389262,38.5177116516409,40.0501117284968,0.0566431860770823,82,"1_JU3237_0.292",NA,"n>75",NA,NA,NA,"1",806.265742658269,-7.7043639582497
"20250529-CbDRC3-p016-m2x_B03_roi_0.png",20250529,"CbDRC3","p016","m2x","B03",0,802.622527693376,36.6313150847104,"","48h",10,"15hHB101","DMSO",1,"Pyrantel",0.585,NA,NA,"JU3237","1",NA,NA,NA,796.234270945223,684.239956490109,746.509072725572,770.946155069715,793.011891963629,41.0163262984894,821.922735420936,849.938930583132,921.280529226061,0.0515128873438193,36.3771591093551,30.5775831466511,34.1269479519922,35.3474359207727,36.0778545411856,2.03370038280218,37.8078935940182,38.9718851589651,40.7333457622668,0.0559059704659339,63,"1_JU3237_0.585",NA,NA,NA,NA,NA,"1",806.265742658269,-13.2538506946402
"20250529-CbDRC3-p016-m2x_B04_roi_0.png",20250529,"CbDRC3","p016","m2x","B04",0,828.400904064574,37.5847000919122,"","48h",10,"15hHB101","DMSO",1,"Pyrantel",1.17,NA,NA,"JU3237","1",NA,NA,NA,805.044151658121,748.481841432735,770.544696222868,783.719269051653,804.172048575524,29.6930190136208,826.351205807747,840.462465321194,894.493529379466,0.0368837149521094,36.6290877520341,32.1864372943697,34.4395201644609,35.5516380202869,36.4747763421523,1.83000340885726,37.945993276967,38.9757174464756,40.2465967005026,0.0499603872541335,59,"1_JU3237_1.17",NA,NA,NA,NA,NA,"1",806.265742658269,-2.09369408274483
"20250529-CbDRC3-p016-m2x_B05_roi_0.png",20250529,"CbDRC3","p016","m2x","B05",0,790.896188175158,33.2559796618878,"","48h",10,"15hHB101","DMSO",1,"Pyrantel",2.34,NA,NA,"JU3237","1",NA,NA,NA,798.873216866717,645.252573682209,761.085181514047,780.863816671335,800.553724973179,36.0875090815966,817.595662623408,843.791260422574,868.73659674864,0.0451730115864146,36.8979302844186,30.8417971562152,33.5743737766652,35.3304041662108,37.004923670402,2.40299112073405,38.5858225649739,39.8789741529413,41.984484494883,0.0651253634610717,85,"1_JU3237_2.34",NA,"n>75",NA,NA,NA,"1",806.265742658269,-5.71201768509036
"20250529-CbDRC3-p016-m2x_B06_roi_0.png",20250529,"CbDRC3","p016","m2x","B06",0,862.966860445767,38.454085419784,"","48h",10,"15hHB101","DMSO",1,"Pyrantel",4.68,NA,NA,"JU3237","1",NA,NA,NA,791.09654752723,499.342183182969,726.701336230176,778.505312686062,807.384226160198,67.2381929320885,824.340794929444,845.652550700654,906.003470220144,0.0849936624578357,35.9353565628642,25.3762027803895,32.7903588632246,34.1498750339075,36.363762693527,3.09062824045117,37.9751182561322,39.2012503829581,43.03126158003,0.086005219818663,75,"1_JU3237_4.68",NA,NA,NA,NA,NA,"1",806.265742658269,1.11848350192884
"20250529-CbDRC3-p016-m2x_B07_roi_0.png",20250529,"CbDRC3","p016","m2x","B07",0,857.030963272423,35.4587084755939,"","48h",10,"15hHB101","DMSO",1,"Pyrantel",9.375,NA,NA,"JU3237","1",NA,NA,NA,791.884698717981,396.671539871443,772.503289510928,785.814630686138,806.083222602444,78.9897033474342,827.643468729513,839.811269829552,866.681708139689,0.0997489956243811,36.6729152009318,22.7895126043225,34.3922474650946,35.216703431012,36.3611004604252,2.91567378077523,38.5031089351954,39.7215891453443,45.992770181714,0.0795048270583396,76,"1_JU3237_9.375",NA,"n>75",NA,NA,NA,"1",806.265742658269,-0.182520055825421
"20250529-CbDRC3-p016-m2x_B08_roi_0.png",20250529,"CbDRC3","p016","m2x","B08",0,810.70018416028,36.1248101779625,"","48h",10,"15hHB101","DMSO",1,"Pyrantel",18.75,NA,NA,"JU3237","1",NA,NA,NA,779.993701581485,439.83154875332,739.365986824637,764.072732405843,789.701437616141,70.6443161380258,816.274964701877,832.326819165775,885.139901140891,0.0905703674206473,35.221354601528,23.5691854690916,31.6771073874731,33.8802376548953,35.4971306461932,3.19655266907244,37.7770046537923,38.4045272541426,40.8110850253109,0.0907560968405731,68,"1_JU3237_18.75",NA,NA,NA,"outlier","outlier","1",806.265742658269,-16.564305042128
"20250529-CbDRC3-p016-m2x_B09_roi_0.png",20250529,"CbDRC3","p016","m2x","B09",0,764.724688954451,35.7099438330618,"","48h",10,"15hHB101","DMSO",1,"Pyrantel",37.5,NA,NA,"JU3237","1",NA,NA,NA,781.173499661852,526.365787390108,735.883861780962,764.796180644408,784.682335528468,43.8756479127821,804.690838033101,822.65017990902,885.84497567619,0.0561663291596228,34.9674972116818,25.9653345436389,32.2196289953478,33.4831308446982,35.1753788215671,2.36170836189627,36.4797858620036,37.7877539947995,40.3883833516478,0.0675401029590212,83,"1_JU3237_37.5",NA,"n>75",NA,NA,NA,"1",806.265742658269,-21.5834071298008
"20250529-CbDRC3-p016-m2x_B10_roi_0.png",20250529,"CbDRC3","p016","m2x","B10",0,786.999445748196,34.6369151574311,"","48h",10,"15hHB101","DMSO",1,"Pyrantel",75,NA,NA,"JU3237","1",NA,NA,NA,716.726675427802,532.358849404112,579.229639467841,661.689592035437,736.841796417999,85.617404659879,787.175022347107,815.828813068681,839.596872930628,0.119456143597244,32.9719687382595,26.214258078103,27.6723569696708,30.2081984796884,33.1254270380383,3.81974732672232,35.3115366586977,36.8598834426526,45.1910888040561,0.115848324285532,80,"1_JU3237_75",NA,"n>75",NA,NA,NA,"1",806.265742658269,-69.4239462402704
"20250529-CbDRC3-p016-m2x_B11_roi_0.png",20250529,"CbDRC3","p016","m2x","B11",0,668.037365032376,31.2798225947875,"","48h",10,"15hHB101","DMSO",1,"Pyrantel",150,NA,NA,"JU3237","1",NA,NA,NA,627.564084188745,474.230092032645,519.995671376205,561.792047552991,645.993948524838,84.1982744004086,701.532673103391,731.557071774444,774.308405931776,0.134166815026153,30.50913388389,24.6198260898336,27.0941083290593,28.2496326181001,30.3209716072506,2.98214357400114,32.2569130440478,34.405354993303,38.3705347661059,0.0977459270181326,53,"1_JU3237_150",NA,NA,NA,NA,NA,"1",806.265742658269,-160.271794133431
"20250529-CbDRC3-p016-m2x_B12_roi_0.png",20250529,"CbDRC3","p016","m2x","B12",0,592.210513733719,30.4550315986588,"","48h",10,"15hHB101","DMSO",1,"Pyrantel",300,NA,NA,"JU3237","1",NA,NA,NA,548.415272614761,425.168111830547,487.74833695851,511.497702196142,546.886488329571,52.1334082202295,587.184303394621,605.214941763221,679.181524210691,0.0950619189937314,28.4632956549436,23.4568574473838,25.4330729378802,26.9868359936536,28.4008152830025,2.39274872812631,29.7639438312757,31.6021806310724,34.9179343255735,0.084064359838483,52,"1_JU3237_300",NA,NA,NA,"outlier","outlier","1",806.265742658269,-259.379254328698
"20250529-CbDRC3-p016-m2x_C01_roi_0.png",20250529,"CbDRC3","p016","m2x","C01",0,779.184691568865,37.5129336694973,"","48h",10,"15hHB101","DMSO",1,"Pyrantel",0,NA,NA,"VX34","1",NA,NA,NA,754.772063042204,562.470340256583,666.75438227347,725.44942694954,771.119547020568,64.3715833757431,798.590103264068,816.375644524771,860.120221032427,0.0852861234904288,36.8958736881632,28.8767997834198,32.0399982533522,33.7244501730294,37.4054768824664,3.57107983669028,40.1040733020066,41.1395922187671,42.4097189192555,0.0967880545903954,60,"1_VX34_0",NA,NA,NA,NA,NA,"1",763.538605859815,7.58094116075245
"20250529-CbDRC3-p016-m2x_C02_roi_0.png",20250529,"CbDRC3","p016","m2x","C02",0,752.800096775345,37.1759570635457,"","48h",10,"15hHB101","DMSO",1,"Pyrantel",0.292,NA,NA,"VX34","1",NA,NA,NA,756.613772423927,602.441799010579,696.738156273913,728.937024753934,755.729209555783,55.9390322625931,795.415489202061,823.393677990734,849.684934678425,0.0739334047322241,36.5052387866721,27.3459955179044,32.3313815149806,34.6511713939674,36.5929716554238,3.09279459847464,38.9943130395621,39.9762690844364,42.683575454895,0.0847219385838892,69,"1_VX34_0.292",NA,NA,NA,NA,NA,"1",763.538605859815,-7.80939630403248
"20250529-CbDRC3-p016-m2x_C03_roi_0.png",20250529,"CbDRC3","p016","m2x","C03",0,751.95047485901,34.8152038866058,"","48h",10,"15hHB101","DMSO",1,"Pyrantel",0.585,NA,NA,"VX34","1",NA,NA,NA,754.07943123078,629.495555132562,690.092345099431,715.455565397447,757.800533335673,50.8139844472536,777.30298516223,822.364963240934,856.460930945643,0.0673854534983364,36.7636067474179,31.0377173445011,32.2055644337266,34.4372719107193,37.2953774909921,2.99024425169996,38.5331396067507,40.9548533813173,42.8634742767189,0.0813370753376906,58,"1_VX34_0.585",NA,NA,NA,NA,NA,"1",763.538605859815,-5.73807252414292
"20250529-CbDRC3-p016-m2x_C04_roi_0.png",20250529,"CbDRC3","p016","m2x","C04",0,790.982448302336,39.7604163520597,"","48h",10,"15hHB101","DMSO",1,"Pyrantel",1.17,NA,NA,"VX34","1",NA,NA,NA,768.812247077928,621.499901461243,700.535877195513,734.740012605243,778.103153170939,51.0918074588674,800.428055431211,830.458768136785,871.106690360633,0.0664555067287952,36.9343484468397,29.3287942433901,32.2939861714518,34.9714978541102,37.0148425872991,3.34590928134585,39.6016568914177,40.5168794460222,43.5028216614705,0.0905907217007408,47,"1_VX34_1.17",NA,NA,NA,NA,NA,"1",763.538605859815,14.5645473111234
"20250529-CbDRC3-p016-m2x_C05_roi_0.png",20250529,"CbDRC3","p016","m2x","C05",0,752.570130138783,34.4240266814146,"","48h",10,"15hHB101","DMSO",1,"Pyrantel",2.34,NA,NA,"VX34","1",NA,NA,NA,734.020882320735,235.724846500225,658.983976851251,713.671498983697,748.353021356603,95.2139746563858,792.910221743115,820.611744245533,858.416325000777,0.129715621107877,35.6719724007245,14.4563887681748,31.9942718888117,33.5399446993087,36.1157802607316,4.19721475759658,38.4549340893707,39.1680788998881,44.0966835123986,0.117661415254721,63,"1_VX34_2.34",NA,NA,NA,NA,NA,"1",763.538605859815,-15.1855845032121
"20250529-CbDRC3-p016-m2x_C06_roi_0.png",20250529,"CbDRC3","p016","m2x","C06",0,649.156341075506,30.4371897986204,"","48h",10,"15hHB101","DMSO",1,"Pyrantel",4.68,NA,NA,"VX34","1",NA,NA,NA,752.334002707648,352.529763597132,693.145289897996,728.207769140588,765.438567682452,76.7266481316258,794.574276237246,825.154436170846,870.583973197789,0.101984820379628,36.2968457210536,19.9065437360954,32.4366842944027,34.5077020035186,36.8882326342458,3.72229483499165,38.2841267903739,40.2099772735492,43.7976150292629,0.102551468620662,55,"1_VX34_4.68",NA,NA,NA,NA,NA,"1",763.538605859815,1.89996182263667
"20250529-CbDRC3-p016-m2x_C07_roi_0.png",20250529,"CbDRC3","p016","m2x","C07",0,839.399468449552,37.8500081153249,"","48h",10,"15hHB101","DMSO",1,"Pyrantel",9.375,NA,NA,"VX34","1",NA,NA,NA,733.8561012086,369.480993400975,677.459312855511,718.794900563938,748.655268705988,83.6518613040527,779.23278816057,819.60732179211,851.84686848133,0.113989460830652,35.9642798422026,20.0140417118029,32.3254155333727,34.2339163527096,36.7338698938205,4.16070565209768,38.5152026867194,39.9395677324633,42.4533086651093,0.115689947646755,65,"1_VX34_9.375",NA,NA,NA,NA,NA,"1",763.538605859815,-14.8833371538274
"20250529-CbDRC3-p016-m2x_C08_roi_0.png",20250529,"CbDRC3","p016","m2x","C08",0,762.633166180548,36.1233332705902,"","48h",10,"15hHB101","DMSO",1,"Pyrantel",18.75,NA,NA,"VX34","1",NA,NA,NA,714.033749120739,377.188318329816,491.340089965395,706.661315418931,753.718642566954,108.279376189963,772.305611614653,794.259888394531,834.477496602445,0.151644619492144,33.9851222000624,19.0012124395725,24.6087812687991,33.189962328355,35.429414839357,5.21723628570266,36.8554135765507,38.6206386126941,41.8807805082931,0.153515301636699,59,"1_VX34_18.75",NA,NA,NA,NA,NA,"1",763.538605859815,-9.8199632928613
"20250529-CbDRC3-p016-m2x_C09_roi_0.png",20250529,"CbDRC3","p016","m2x","C09",0,816.344744354452,38.9804415961413,"","48h",10,"15hHB101","DMSO",1,"Pyrantel",37.5,NA,NA,"VX34","1",NA,NA,NA,708.274545351661,346.564664947527,498.834208640568,680.949161509432,748.992757693477,123.789415013334,786.573618264788,822.095818432585,862.086121289548,0.174776032579106,34.0815110314603,19.7866491215477,24.6234897042826,33.3503490550957,35.5643760612596,5.20406566651195,37.5422421814269,38.9804415961413,41.2290588555721,0.152694687207622,61,"1_VX34_37.5",NA,NA,NA,NA,NA,"1",763.538605859815,-14.5458481663381
"20250529-CbDRC3-p016-m2x_C10_roi_0.png",20250529,"CbDRC3","p016","m2x","C10",0,795.50212735698,37.4541080408514,"","48h",10,"15hHB101","DMSO",1,"Pyrantel",75,NA,NA,"VX34","1",NA,NA,NA,658.753017036248,346.657515255963,458.612764492421,554.302175967466,705.473766226476,138.61800372494,765.90917699444,797.242112105254,866.819084210996,0.210424848372744,31.7211969377835,20.5109538664423,23.0973057422343,27.2225171219584,33.1563436275021,5.77666633477029,36.3944950687073,37.7065337922918,40.0642790020266,0.182107451559926,62,"1_VX34_75",NA,NA,NA,NA,NA,"1",763.538605859815,-58.064839633339
"20250529-CbDRC3-p016-m2x_C11_roi_0.png",20250529,"CbDRC3","p016","m2x","C11",0,650.239373074511,31.9777744270435,"","48h",10,"15hHB101","DMSO",1,"Pyrantel",150,NA,NA,"VX34","1",NA,NA,NA,660.685066479751,389.434612040156,517.363784523664,621.282444271439,680.268060504696,102.289313277494,721.731294398163,763.387938911483,877.849150943708,0.154823104785022,32.0635631102186,21.6484107975476,27.2002091238991,29.8123533313656,31.9777744270435,4.38229752715897,35.1425617019633,36.8856516745398,40.3520647956135,0.13667531309901,49,"1_VX34_150",NA,NA,NA,NA,NA,"1",763.538605859815,-83.2705453551197
"20250529-CbDRC3-p016-m2x_C12_roi_0.png",20250529,"CbDRC3","p016","m2x","C12",0,578.711859109742,28.7265319370124,"","48h",10,"15hHB101","DMSO",1,"Pyrantel",300,NA,NA,"VX34","1",NA,NA,NA,496.278401840421,141.41226810058,380.897618177169,427.911788646504,501.711335736506,109.139474637663,572.391664374559,617.338132103213,708.597161444649,0.219915825941499,25.9159941860525,17.3423683950317,21.6971557295443,23.3212187625724,25.2748619941735,3.92179613746049,29.1518557567783,30.2834158482577,32.8248888087785,0.151327250241903,40,"1_VX34_300",NA,NA,NA,"outlier","outlier","1",763.538605859815,-261.827270123309
"20250529-CbDRC3-p016-m2x_D01_roi_0.png",20250529,"CbDRC3","p016","m2x","D01",0,767.087783279675,34.2724927087773,"","48h",10,"15hHB101","DMSO",1,"Pyrantel",0,NA,NA,"NIC1667","1",NA,NA,NA,706.110738303452,583.350411624077,610.011105886243,658.683454081337,721.938663894935,59.6358443585523,746.565761851696,772.332229652894,793.611976423215,0.0844567871915349,32.474079401176,25.690477224675,29.6605405070533,30.5608005719904,32.490914129561,2.55890954268164,34.115621222317,35.3989962207033,37.5982153682068,0.0787985245422837,57,"1_NIC1667_0",NA,NA,NA,NA,NA,"1",725.939516673208,-4.00085277827293
"20250529-CbDRC3-p016-m2x_D02_roi_0.png",20250529,"CbDRC3","p016","m2x","D02",0,762.606557183999,31.9313073381895,"","48h",10,"15hHB101","DMSO",1,"Pyrantel",0.292,NA,NA,"NIC1667","1",NA,NA,NA,724.935289992286,629.562033462523,678.831509751467,701.987092288124,726.441429893538,43.4284039357704,745.746551375276,766.533115864147,882.09453806852,0.0599065937819533,32.5181237386159,28.0238766300765,29.6704901610023,30.9956954475774,32.4172956855092,2.40710507439747,34.0839026302421,35.4604538399589,40.2105646630189,0.0740234920607976,59,"1_NIC1667_0.292",NA,NA,NA,NA,NA,"1",725.939516673208,0.501913220330493
"20250529-CbDRC3-p016-m2x_D03_roi_0.png",20250529,"CbDRC3","p016","m2x","D03",0,756.935330516916,35.0487945747322,"","48h",10,"15hHB101","DMSO",1,"Pyrantel",0.585,NA,NA,"NIC1667","1",NA,NA,NA,707.121396192482,268.643338993847,634.424234528511,694.800912541015,717.149651611788,75.1918202849831,749.446790526205,770.350350082522,782.876760831668,0.10633509421417,32.4634133774195,15.8816819721833,29.3656791758206,31.4344465909169,33.1641559560742,2.97629702482703,34.0979228696669,35.0216554407814,36.1544800297273,0.0916815798210933,59,"1_NIC1667_0.585",NA,NA,NA,NA,NA,"1",725.939516673208,-8.78986506141939
"20250529-CbDRC3-p016-m2x_D04_roi_0.png",20250529,"CbDRC3","p016","m2x","D04",0,713.258350171087,33.125121930274,"","48h",10,"15hHB101","DMSO",1,"Pyrantel",1.17,NA,NA,"NIC1667","1",NA,NA,NA,713.805560092273,613.457183253385,650.528075595595,692.85503568861,718.572120071544,40.2794309814448,744.525856022675,760.589574879144,783.616987794023,0.0564291359347746,32.8217050178482,28.6294862549042,29.8453773643413,30.9578467658041,32.4942122217172,2.30089704088886,34.3776458203783,36.1879109792542,37.7017146499598,0.070102910243013,65,"1_NIC1667_1.17",NA,NA,NA,NA,NA,"1",725.939516673208,-7.36739660166404
"20250529-CbDRC3-p016-m2x_D05_roi_0.png",20250529,"CbDRC3","p016","m2x","D05",0,782.937471199567,34.1511440727431,"","48h",10,"15hHB101","DMSO",1,"Pyrantel",2.34,NA,NA,"NIC1667","1",NA,NA,NA,722.502560463157,617.33437619286,684.517056144601,708.278784746359,726.373104440141,34.0849607736745,744.770118186829,757.614788849722,782.937471199567,0.0471762491081339,33.2811197204963,28.5492705603614,30.8253306251777,32.1799275273149,33.262386019124,1.85137804268093,34.4688761113989,35.7300793036901,36.9225235009955,0.0556284781951238,65,"1_NIC1667_2.34",NA,NA,NA,NA,NA,"1",725.939516673208,0.43358776693367
"20250529-CbDRC3-p016-m2x_D06_roi_0.png",20250529,"CbDRC3","p016","m2x","D06",0,749.581593677269,32.5270017404979,"","48h",10,"15hHB101","DMSO",1,"Pyrantel",4.68,NA,NA,"NIC1667","1",NA,NA,NA,712.892268556419,215.089818993785,649.593876416762,696.637062190605,724.850143202453,74.1102726334592,748.448983178242,765.224066135808,872.709087083288,0.103957183858271,32.5859449485869,14.51060626651,30.9103231701424,31.7243572908143,32.7082658041557,2.68510449437996,33.9702511530367,34.9624253315677,36.659231814077,0.0824006944901072,77,"1_NIC1667_4.68",NA,"n>75",NA,NA,NA,"1",725.939516673208,-1.08937347075516
"20250529-CbDRC3-p016-m2x_D07_roi_0.png",20250529,"CbDRC3","p016","m2x","D07",0,723.927070816387,33.9147584988774,"","48h",10,"15hHB101","DMSO",1,"Pyrantel",9.375,NA,NA,"NIC1667","1",NA,NA,NA,686.959373851285,180.190040176564,627.897321456826,689.203316285212,717.058574536017,130.188670489439,745.267308040925,769.165260611009,801.645824526865,0.189514366416699,31.6782565516305,14.9997759491742,28.3008859719004,29.970681206046,32.9348634642665,4.69840385306598,34.1300446569182,35.69085202441,38.5172093847504,0.148316364740854,50,"1_NIC1667_9.375",NA,NA,NA,NA,NA,"1",725.939516673208,-8.88094213719069
"20250529-CbDRC3-p016-m2x_D08_roi_0.png",20250529,"CbDRC3","p016","m2x","D08",0,725.701760873444,30.8871864579231,"","48h",10,"15hHB101","DMSO",1,"Pyrantel",18.75,NA,NA,"NIC1667","1",NA,NA,NA,696.796418303549,445.509451971592,613.680536471322,679.920641687996,721.623464189209,87.0539178756764,740.246288493546,777.361873692933,855.893435656496,0.124934508256546,32.2294469289786,21.3280850547705,29.0182849448753,31.0571812789185,32.7599826576095,3.5422833524158,34.4242505744456,35.6807293518151,37.8763352807533,0.109908288535687,47,"1_NIC1667_18.75",NA,NA,NA,NA,NA,"1",725.939516673208,-4.31605248399876
"20250529-CbDRC3-p016-m2x_D09_roi_0.png",20250529,"CbDRC3","p016","m2x","D09",0,765.740334535724,33.8997536124253,"","48h",10,"15hHB101","DMSO",1,"Pyrantel",37.5,NA,NA,"NIC1667","1",NA,NA,NA,707.511640779083,294.198950284655,642.300193819166,697.3734204254,723.458470427698,75.8196286585717,742.988277017139,769.302002237259,799.169167115328,0.107163789665824,32.8952704113208,23.858541579268,30.751252849447,31.8235476935371,32.9771331819606,2.23422327525866,34.3729966164817,35.1086501563324,37.8387253074513,0.0679192858828044,60,"1_NIC1667_37.5",NA,NA,NA,NA,NA,"1",725.939516673208,-2.4810462455099
"20250529-CbDRC3-p016-m2x_D10_roi_0.png",20250529,"CbDRC3","p016","m2x","D10",0,755.318928995341,31.475195601402,"","48h",10,"15hHB101","DMSO",1,"Pyrantel",75,NA,NA,"NIC1667","1",NA,NA,NA,638.22471925112,177.667534661608,576.902310799516,604.953750716628,643.029059907832,95.8572800139796,700.54753581258,736.718695240022,757.051278366648,0.150193618521164,29.5742784411924,14.8301640837086,26.4983348435735,28.4986187884815,30.1357062751482,3.55489704812803,31.4030193617613,32.5554443116389,37.1865245773321,0.120202325652572,54,"1_NIC1667_75",NA,NA,NA,NA,NA,"1",725.939516673208,-82.910456765376
"20250529-CbDRC3-p016-m2x_D11_roi_0.png",20250529,"CbDRC3","p016","m2x","D11",0,629.571522150069,31.4395725493668,"","48h",10,"15hHB101","DMSO",1,"Pyrantel",150,NA,NA,"NIC1667","1",NA,NA,NA,627.944391742002,338.448999235196,525.760140910424,596.02174763899,660.29267972293,94.9298309007261,685.359474481139,701.449419203836,762.439065599182,0.151175537434737,29.88476805282,19.6922173194623,26.8925196078265,28.7153617852119,30.2095136704984,2.91476169703079,31.6361099170335,32.9655902447385,34.0985137241429,0.0975333551821142,45,"1_NIC1667_150",NA,NA,NA,NA,NA,"1",725.939516673208,-65.6468369502779
"20250529-CbDRC3-p016-m2x_D12_roi_0.png",20250529,"CbDRC3","p016","m2x","D12",0,613.911776446057,30.2332562479424,"","48h",10,"15hHB101","DMSO",1,"Pyrantel",300,NA,NA,"NIC1667","1",NA,NA,NA,582.786135931324,438.692060864596,519.352338735099,536.626396287944,582.637902209761,61.1176568588013,629.268730080931,650.13409838195,779.930795881294,0.104871501037223,29.7869050397617,23.044807578996,27.3915812846203,28.5864154661485,29.424407035758,2.31695555698362,31.6507020634073,32.5581035318078,35.593629515338,0.0777843671200744,50,"1_NIC1667_300",NA,NA,NA,NA,NA,"1",725.939516673208,-143.301614463446
"20250529-CbDRC3-p016-m2x_E01_roi_0.png",20250529,"CbDRC3","p016","m2x","E01",0,733.888674825835,34.7641790946483,"","48h",10,"15hHB101","DMSO",1,"Pyrantel",0,NA,NA,"PB420","1",NA,NA,NA,746.609977285786,561.592732306374,715.110854998849,733.299756838764,744.49492548607,39.3388435877647,773.779846538114,789.584883325218,808.640720931664,0.0526899516274568,36.3723079419289,27.787691007692,33.3020551226637,35.1502253029413,36.7035235357528,2.47731294295469,37.7271765574321,38.9091789720838,41.8780114485315,0.0681098638807828,51,"1_PB420_0",NA,NA,NA,NA,NA,"1",756.281457175035,-11.7865316889654
"20250529-CbDRC3-p016-m2x_E03_roi_0.png",20250529,"CbDRC3","p016","m2x","E03",0,775.65374250472,36.5901806747624,"","48h",10,"15hHB101","DMSO",1,"Pyrantel",0.585,NA,NA,"PB420","1",NA,NA,NA,742.0125523309,201.795692341029,707.549618450281,723.555975634075,753.687742212876,78.523399163974,778.254023597272,789.967668973355,815.047035429693,0.105824893281531,35.9671853952196,14.268538864653,33.200345311456,34.4305879999721,36.4767324775219,3.64303494371809,37.8093323908371,39.0167638198119,41.6151924971488,0.101287740580398,61,"1_PB420_0.585",NA,NA,NA,NA,NA,"1",756.281457175035,-2.59371496215874
"20250529-CbDRC3-p016-m2x_E06_roi_0.png",20250529,"CbDRC3","p016","m2x","E06",0,776.569953706451,35.3159763820837,"","48h",10,"15hHB101","DMSO",1,"Pyrantel",4.68,NA,NA,"PB420","1",NA,NA,NA,746.156664588569,609.371168160678,691.09165340245,729.305726927791,755.386872198329,43.1866297428004,776.569953706451,789.616616102617,812.420178950791,0.0578787696905629,36.3692578297069,27.5754676827709,33.3761975048343,35.3159763820837,36.727698296411,2.65846920503787,38.3374901043325,39.3579354946914,40.3141163404169,0.0730966031114992,57,"1_PB420_4.68",NA,NA,NA,NA,NA,"1",756.281457175035,-0.89458497670546
"20250529-CbDRC3-p016-m2x_E07_roi_0.png",20250529,"CbDRC3","p016","m2x","E07",0,797.808055870175,38.9003789599713,"","48h",10,"15hHB101","DMSO",1,"Pyrantel",9.375,NA,NA,"PB420","1",NA,NA,NA,736.975694605089,480.380434057621,676.559086390285,727.274253176411,749.961176438324,63.2567502443657,769.669551298509,796.498506989829,819.612707267321,0.0858328852734582,35.6138256574078,26.337212473664,32.4963211148272,34.7029482068008,35.8243751932997,2.97838832938609,37.5914844600996,38.6125835328651,41.8160359127442,0.0836301148334108,56,"1_PB420_9.375",NA,NA,NA,"outlier","outlier","1",756.281457175035,-6.32028073671052
"20250529-CbDRC3-p016-m2x_E08_roi_0.png",20250529,"CbDRC3","p016","m2x","E08",0,776.774132858526,36.4638206778318,"","48h",10,"15hHB101","DMSO",1,"Pyrantel",18.75,NA,NA,"PB420","1",NA,NA,NA,734.751693520615,400.175735733618,676.47648407926,722.691638564473,750.040818075405,70.9980157868008,773.911720513742,787.157216401308,821.06665709768,0.0966285840684609,36.0105106704877,21.5545943012251,32.3376837657283,34.2757113666364,36.4417254274115,3.57704000860772,38.450844145056,39.4721723065787,43.9610429883276,0.0993332208293084,52,"1_PB420_18.75",NA,NA,NA,NA,NA,"1",756.281457175035,-6.24063909963036
"20250529-CbDRC3-p016-m2x_E09_roi_0.png",20250529,"CbDRC3","p016","m2x","E09",0,753.309757349027,34.0172268750296,"","48h",10,"15hHB101","DMSO",1,"Pyrantel",37.5,NA,NA,"PB420","1",NA,NA,NA,741.912873732144,340.613048980057,698.149322395958,726.592368342989,753.613674962454,82.4159731155429,768.841880154187,794.418467290629,1030.02781286004,0.111085783834637,35.8804067254526,17.3804917213171,33.0426450512969,34.5882603229539,36.2715354189639,3.7055541686555,37.9290928212568,39.0201723946879,41.6919075437922,0.103275143924912,54,"1_PB420_37.5",NA,NA,NA,NA,NA,"1",756.281457175035,-2.66778221258119
"20250529-CbDRC3-p016-m2x_E10_roi_0.png",20250529,"CbDRC3","p016","m2x","E10",0,758.643862290242,36.3251629546888,"","48h",10,"15hHB101","DMSO",1,"Pyrantel",75,NA,NA,"PB420","1",NA,NA,NA,696.396042677755,520.916973635854,595.797437783067,659.894199017406,708.367090656418,68.4153442553562,746.629322583028,772.824031460111,814.198705696068,0.0982420060750033,33.7983347059631,26.8372718935153,29.5910982201235,31.4818483135833,34.1146479619388,3.06178225756148,36.286645122756,37.3718298293397,39.3494175974139,0.090589737163035,60,"1_PB420_75",NA,NA,NA,NA,NA,"1",756.281457175035,-47.9143665186167
"20250529-CbDRC3-p016-m2x_E11_roi_0.png",20250529,"CbDRC3","p016","m2x","E11",0,621.574515552383,32.9400273172316,"","48h",10,"15hHB101","DMSO",1,"Pyrantel",150,NA,NA,"PB420","1",NA,NA,NA,598.57328875998,262.166406625445,449.431140553888,531.253520825172,596.674078756381,115.896973463033,690.198183021547,725.889833373831,801.138735070558,0.19362202697539,32.3323069866124,25.3368161460408,27.2328092621163,28.921070044828,32.7268145987142,4.22252954969122,35.2803295644136,37.0262700765278,47.7420031464893,0.130597842938941,58,"1_PB420_150",NA,NA,NA,NA,NA,"1",756.281457175035,-159.607378418654
"20250529-CbDRC3-p016-m2x_E12_roi_0.png",20250529,"CbDRC3","p016","m2x","E12",0,566.079662790514,30.540925600494,"","48h",10,"15hHB101","DMSO",1,"Pyrantel",300,NA,NA,"PB420","1",NA,NA,NA,519.399198815531,308.418879199735,376.539835237183,472.045520936204,532.37790283324,86.2371790299385,578.474076788002,617.640576845751,697.08168572751,0.166032560748262,28.8604725112066,15.7274576875281,23.8714682921653,27.3535021362194,29.229034007071,3.92542401230245,31.2873566716367,32.4434207605914,37.5330692920941,0.136013851151543,47,"1_PB420_300",NA,NA,NA,NA,NA,"1",756.281457175035,-223.903554341795
"20250529-CbDRC3-p016-m2x_F01_roi_0.png",20250529,"CbDRC3","p016","m2x","F01",0,761.14897145292,36.1359205568506,"","48h",10,"15hHB101","DMSO",1,"Pyrantel",0,NA,NA,"ED3102","1",NA,NA,NA,738.713918307914,226.654837218755,707.68197246282,735.118405544289,747.652751567695,64.592552339907,764.492167500182,774.842053434979,801.494007191678,0.0874391976908485,35.1221876994832,14.1204359677695,32.7667885540417,34.3305780094948,35.7167121010156,3.01451136174673,36.5239465219052,37.4115458223462,39.9649682663363,0.0858292594851969,91,"1_ED3102_0",NA,"n>75",NA,NA,NA,"1",756.634396898577,-8.98164533088152
"20250529-CbDRC3-p016-m2x_F02_roi_0.png",20250529,"CbDRC3","p016","m2x","F02",0,794.4173663519,36.9117270287574,"","48h",10,"15hHB101","DMSO",1,"Pyrantel",0.292,NA,NA,"ED3102","1",NA,NA,NA,733.965429842832,231.762082722087,705.327791044974,727.830925866619,751.16103154901,78.1847006533453,766.030803130441,775.417029152878,798.042496528298,0.106523682825344,34.8025659692195,15.66954490482,32.1187575389551,33.2536427272916,34.9759742784789,3.10227721097674,36.8137691847375,37.9625562158569,41.7612699181277,0.0891393242015689,80,"1_ED3102_0.292",NA,"n>75",NA,NA,NA,"1",756.634396898577,-5.4733653495673
"20250529-CbDRC3-p016-m2x_F04_roi_0.png",20250529,"CbDRC3","p016","m2x","F04",0,717.504894024557,33.9138667170353,"","48h",10,"15hHB101","DMSO",1,"Pyrantel",1.17,NA,NA,"ED3102","1",NA,NA,NA,741.604935579308,604.866081818242,700.751707686175,728.822160076796,748.704888846938,36.4710755764012,768.530377443817,776.818823005206,804.863117240521,0.0491785772001527,35.0980804957546,31.2972729140247,32.1824854345886,33.5469224663844,35.1295524911544,2.14379451612807,36.8172715535632,37.8809162719414,40.2462349710696,0.0610801071126205,85,"1_ED3102_1.17",NA,"n>75",NA,NA,NA,"1",756.634396898577,-7.92950805163866
"20250529-CbDRC3-p016-m2x_F05_roi_0.png",20250529,"CbDRC3","p016","m2x","F05",0,789.164600213356,35.3486059108129,"","48h",10,"15hHB101","DMSO",1,"Pyrantel",2.34,NA,NA,"ED3102","1",NA,NA,NA,746.134599567013,602.98398164654,707.31740783176,732.64677233388,750.131380886027,34.3926021797311,767.857317689514,782.865998544907,798.481845425528,0.0460943671553221,35.2291018207545,29.2536156691686,32.7018419383745,33.9418908962279,35.4046530274103,2.03078411510696,36.5279519251646,37.719132127824,39.2667734774105,0.0576450721179204,74,"1_ED3102_2.34",NA,NA,NA,NA,NA,"1",756.634396898577,-6.50301601254944
"20250529-CbDRC3-p016-m2x_F06_roi_0.png",20250529,"CbDRC3","p016","m2x","F06",0,798.216768542126,34.951233898039,"","48h",10,"15hHB101","DMSO",1,"Pyrantel",4.68,NA,NA,"ED3102","1",NA,NA,NA,740.100682537626,416.360659403216,694.062785332107,732.967042856872,755.034757616488,64.9209575514896,769.801014267254,785.028370060346,867.950509824634,0.0877190888797607,34.6051242397196,20.532728011242,32.1177717458074,33.6737307195749,35.1772213778225,3.34797395804497,36.0483600264453,37.0132088017424,46.3521153105926,0.09674792481173,79,"1_ED3102_4.68",NA,"n>75",NA,NA,NA,"1",756.634396898577,-1.59963928208867
"20250529-CbDRC3-p016-m2x_F07_roi_0.png",20250529,"CbDRC3","p016","m2x","F07",0,740.524212740487,33.5731894663658,"","48h",10,"15hHB101","DMSO",1,"Pyrantel",9.375,NA,NA,"ED3102","1",NA,NA,NA,753.327468900983,533.805657124228,719.83785512658,743.88383839193,759.603892106592,36.9365454901246,774.500856285418,784.056754957792,803.731256963446,0.0490311942879379,35.354339924548,29.0260733518201,33.1063444302062,34.1279579117378,35.2145095069722,1.84788002626581,36.8137094946637,37.7924605930092,39.3311931080911,0.0522674169623728,75,"1_ED3102_9.375",NA,NA,NA,NA,NA,"1",756.634396898577,2.96949520801547
"20250529-CbDRC3-p016-m2x_F08_roi_0.png",20250529,"CbDRC3","p016","m2x","F08",0,803.816479328156,35.9887216211522,"","48h",10,"15hHB101","DMSO",1,"Pyrantel",18.75,NA,NA,"ED3102","1",NA,NA,NA,737.533509120787,223.141738372423,712.586422209777,731.444592321287,755.403454225782,81.0507917675455,770.169328263453,781.932290417027,827.490533755258,0.109894385496011,34.509884335246,16.1179980524224,32.0388954881648,33.9772415051573,34.9407869062496,3.32885579090023,36.0233107833287,37.4395994368292,39.7607094159568,0.0964609373523856,67,"1_ED3102_18.75",NA,NA,NA,NA,NA,"1",756.634396898577,-1.23094267279498
"20250529-CbDRC3-p016-m2x_F09_roi_0.png",20250529,"CbDRC3","p016","m2x","F09",0,792.064593782265,35.1224477908647,"","48h",10,"15hHB101","DMSO",1,"Pyrantel",37.5,NA,NA,"ED3102","1",NA,NA,NA,735.510554778157,604.768578486502,686.027924574926,718.75266216213,742.337841982187,38.8145583887415,761.9338096181,776.533500449798,802.490511021645,0.0527722656549078,35.0555875611369,30.0927662751253,32.2690243270426,33.8451361387225,35.107974390715,1.95276298470864,36.565827182655,37.5573695863619,38.863723275154,0.0557047569464646,77,"1_ED3102_37.5",NA,"n>75",NA,NA,NA,"1",756.634396898577,-14.2965549163897
"20250529-CbDRC3-p016-m2x_F10_roi_1.png",20250529,"CbDRC3","p016","m2x","F10",1,684.18857870363,32.0809127399464,"","48h",10,"15hHB101","DMSO",1,"Pyrantel",75,NA,NA,"ED3102","1",NA,NA,NA,709.531277190966,531.27599077016,598.554820436813,683.752166730334,721.126977132718,67.0189874620138,757.412121312985,787.281555153831,810.489886315346,0.0944552969212887,33.6633514075754,27.6980278163482,29.523813089438,32.5767220292896,34.2791593868598,2.44300052626733,35.3497562206788,36.071275919774,37.6873761567144,0.0725715184055494,71,"1_ED3102_75",NA,NA,NA,NA,NA,"1",756.634396898577,-35.5074197658591
"20250529-CbDRC3-p016-m2x_F11_roi_0.png",20250529,"CbDRC3","p016","m2x","F11",0,764.796736861755,33.5013375362385,"","48h",10,"15hHB101","DMSO",1,"Pyrantel",150,NA,NA,"ED3102","1",NA,NA,NA,690.061318402114,523.193281467398,628.989958304758,668.433933444989,700.174570868251,48.0900174897814,721.43875663415,740.537558497634,764.796736861755,0.069689484408628,33.6803684408666,28.5756315482943,31.7061886982671,32.5761614457157,33.6059127971211,1.92323444041843,35.1429120131425,35.9905593150663,37.1701509500885,0.0571025356743083,77,"1_ED3102_150",NA,"n>75",NA,NA,NA,"1",756.634396898577,-56.4598260303256
"20250529-CbDRC3-p016-m2x_F12_roi_0.png",20250529,"CbDRC3","p016","m2x","F12",0,662.600733363113,34.1470203924033,"","48h",10,"15hHB101","DMSO",1,"Pyrantel",300,NA,NA,"ED3102","1",NA,NA,NA,619.597094324648,519.578704506896,563.920043157744,583.174360278869,624.968019740898,43.483548729397,660.909127468313,674.080933328842,699.551196070018,0.0701803625738327,31.663826989913,28.0033054419559,29.1606963158389,30.0338818688474,31.3108083868513,2.08581172154119,33.1822690516864,34.7149050668252,36.3867402393238,0.065873645728473,73,"1_ED3102_300",NA,NA,NA,NA,NA,"1",756.634396898577,-131.666377157679
"20250529-CbDRC3-p017-m2x_A01_roi_0.png",20250529,"CbDRC3","p017","m2x","A01",0,715.82098909404,28.4875143706558,"","48h",10,"15hHB101","DMSO",1,"Pyrantel",0,NA,NA,"ECA2666","1",NA,NA,NA,713.667921257634,402.676936279636,648.802846886882,691.710221240283,719.815377624462,62.0503277484794,757.784042713523,771.940649234735,800.898338997146,0.0869456590386374,32.3414755516373,20.7025739186925,29.2174668824724,30.9486115974368,32.8785516594044,2.60235223840969,34.0578154831221,35.2217101950938,37.0734317516241,0.0804648580196875,69,"1_ECA2666_0",NA,NA,NA,NA,NA,"1",735.32863008283,-15.513252458368
"20250529-CbDRC3-p017-m2x_A02_roi_0.png",20250529,"CbDRC3","p017","m2x","A02",0,730.111796801216,32.624441685196,"","48h",10,"15hHB101","DMSO",1,"Pyrantel",0.292,NA,NA,"ECA2666","1",NA,NA,NA,729.556407368396,600.824880406141,687.833486569864,703.394093168075,733.817460838103,42.713907386103,757.276932993656,783.421710759671,799.039638698515,0.0585477791089212,32.9828931235414,27.1105393174066,30.594095899552,31.3461026541736,32.8580141626989,2.3234717871381,34.5314359446248,36.1041599278047,37.7998914039939,0.070444753843614,57,"1_ECA2666_0.292",NA,NA,NA,NA,NA,"1",735.32863008283,-1.51116924472694
"20250529-CbDRC3-p017-m2x_A03_roi_0.png",20250529,"CbDRC3","p017","m2x","A03",0,798.64637337763,35.6779837558269,"","48h",10,"15hHB101","DMSO",1,"Pyrantel",0.585,NA,NA,"ECA2666","1",NA,NA,NA,733.211606413414,591.483069351888,677.548149297433,712.78884104259,743.917912184683,48.3032931727846,762.592335208694,780.245714489881,823.367449336325,0.0658790624020063,33.2933249013419,28.6058183678767,29.8633624167067,31.1375870565193,33.9040927126258,2.36509597269355,35.0810310244005,35.8228282320188,38.2551988688546,0.0710381429221036,70,"1_ECA2666_0.585",NA,NA,NA,NA,NA,"1",735.32863008283,8.58928210185297
"20250529-CbDRC3-p017-m2x_A04_roi_0.png",20250529,"CbDRC3","p017","m2x","A04",0,762.647051345819,33.6692218983932,"","48h",10,"15hHB101","DMSO",1,"Pyrantel",1.17,NA,NA,"ECA2666","1",NA,NA,NA,735.021268870125,540.353934688799,685.726176605784,712.961631681799,744.235423292658,43.6018412270255,763.109375803363,782.21581376398,799.87307216612,0.0593205163900227,33.0627952438563,27.6097680152026,30.3107043805904,31.537424529611,33.2527385448469,2.29155713544439,34.6234282208575,36.0907207090817,37.7604871899029,0.0693092377260574,80,"1_ECA2666_1.17",NA,"n>75",NA,NA,NA,"1",735.32863008283,8.90679320982758
"20250529-CbDRC3-p017-m2x_A05_roi_0.png",20250529,"CbDRC3","p017","m2x","A05",0,723.678540024565,30.3435792547833,"","48h",10,"15hHB101","DMSO",1,"Pyrantel",2.34,NA,NA,"ECA2666","1",NA,NA,NA,735.116502870767,539.573437995565,671.676072256995,718.436426834086,746.846361361809,52.3257778943816,768.522176033748,783.792199115565,822.19077506315,0.0711802519601174,33.2149806379153,27.4673921956433,29.5800375221457,31.3242014161072,33.2698878283675,2.64036652940331,35.4728347289711,36.3163763322854,38.1637857292863,0.0794932430696438,63,"1_ECA2666_2.34",NA,NA,NA,NA,NA,"1",735.32863008283,11.5177312789783
"20250529-CbDRC3-p017-m2x_A06_roi_0.png",20250529,"CbDRC3","p017","m2x","A06",0,823.535011106214,37.5959883146925,"","48h",10,"15hHB101","DMSO",1,"Pyrantel",4.68,NA,NA,"ECA2666","1",NA,NA,NA,729.77075247702,496.538592101578,658.39666155419,709.565721503827,743.406587579982,64.4840729162191,768.959227730857,786.556142045682,823.535011106214,0.0883620954900487,32.8362078236295,24.860083057069,29.2202704396603,31.1109356627566,33.2568492576068,2.80061697779054,34.197160202887,36.4459939941899,38.9700491375432,0.0852905120114134,67,"1_ECA2666_4.68",NA,NA,NA,NA,NA,"1",735.32863008283,8.07795749715115
"20250529-CbDRC3-p017-m2x_A07_roi_0.png",20250529,"CbDRC3","p017","m2x","A07",0,785.000693112104,32.9360591955475,"","48h",10,"15hHB101","DMSO",1,"Pyrantel",9.375,NA,NA,"ECA2666","1",NA,NA,NA,735.293718873495,504.122425732398,667.642828976745,704.355524119787,748.461108658801,80.5579994248867,764.158534457327,790.856328571496,1186.38154412284,0.109558938635169,32.9065520222863,24.4097198512167,28.5291875829294,31.2710514895142,33.0413063890208,3.44177194204544,35.0000758244694,35.9257436970583,42.9217328018372,0.10459229942154,76,"1_ECA2666_9.375",NA,"n>75",NA,NA,NA,"1",735.32863008283,13.1324785759708
"20250529-CbDRC3-p017-m2x_A08_roi_0.png",20250529,"CbDRC3","p017","m2x","A08",0,776.27001702433,34.0107418994799,"","48h",10,"15hHB101","DMSO",1,"Pyrantel",18.75,NA,NA,"ECA2666","1",NA,NA,NA,688.65854183559,453.702193689162,605.762343039801,639.107152383367,700.180804368687,67.583035414493,744.035487943574,766.258143610214,819.444029454729,0.0981372208560041,31.6735240021961,22.4521552533408,28.3186141450906,29.2216568301336,31.1659572464655,3.24722070031795,34.0540763504575,35.3930600480958,40.6931895284207,0.102521610796854,80,"1_ECA2666_18.75",NA,"n>75",NA,NA,NA,"1",735.32863008283,-35.1478257141431
"20250529-CbDRC3-p017-m2x_A09_roi_0.png",20250529,"CbDRC3","p017","m2x","A09",0,617.580853786616,27.7503525930987,"","48h",10,"15hHB101","DMSO",1,"Pyrantel",37.5,NA,NA,"ECA2666","1",NA,NA,NA,650.632175879296,351.907724180633,521.737869754476,613.868890387335,670.519755026972,106.262169302471,728.463583947552,761.200638121408,779.339110177104,0.163321417602601,31.2974730949783,20.8362575787028,26.2825964375865,28.4058964875686,30.1269069566785,6.74333462763419,33.2895246945159,34.6620777850588,65.2442605485743,0.2154593953055,57,"1_ECA2666_37.5",NA,NA,NA,NA,NA,"1",735.32863008283,-64.8088750558587
"20250529-CbDRC3-p017-m2x_A10_roi_0.png",20250529,"CbDRC3","p017","m2x","A10",0,665.556883618959,29.6166588743964,"","48h",10,"15hHB101","DMSO",1,"Pyrantel",75,NA,NA,"ECA2666","1",NA,NA,NA,673.36841081353,452.635912217244,589.915024005691,614.540879908968,679.555094771425,66.1957638248438,717.301497919822,750.659151940159,792.966787583788,0.0983054190868107,30.8516137172767,16.1467624190968,27.5583971744704,29.0669629689312,30.588666745142,3.52349245138798,32.7540086793066,35.5661728455727,37.3542355851015,0.114207719689387,69,"1_ECA2666_75",NA,NA,NA,NA,NA,"1",735.32863008283,-55.773535311405
"20250529-CbDRC3-p017-m2x_A11_roi_0.png",20250529,"CbDRC3","p017","m2x","A11",0,618.748758951831,26.6483425838381,"","48h",10,"15hHB101","DMSO",1,"Pyrantel",150,NA,NA,"ECA2666","1",NA,NA,NA,632.975423110696,384.705676241433,548.85369827159,595.396007174946,625.168390717695,98.3057073534698,675.547846685575,704.25698855306,991.343482597531,0.155307305409041,29.8528630951702,19.7036274444014,26.5790162403271,28.371631622707,29.9915760617792,3.22473761189116,31.7296971385649,33.7876319325784,35.9363007215142,0.108021049827307,68,"1_ECA2666_150",NA,NA,NA,NA,NA,"1",735.32863008283,-110.160239365135
"20250529-CbDRC3-p017-m2x_A12_roi_0.png",20250529,"CbDRC3","p017","m2x","A12",0,534.065834078947,28.0620545344648,"","48h",10,"15hHB101","DMSO",1,"Pyrantel",300,NA,NA,"ECA2666","1",NA,NA,NA,510.022975546726,336.704312298483,424.391368769696,471.757068701146,523.576702485631,63.2941811274818,550.395217524405,569.135689712913,694.590188007895,0.12410064675936,25.9982601572833,19.0205441517152,22.7973335116401,24.3733446200208,26.49473771898,2.50780346119135,27.7707040193407,28.7841322545577,29.7887435452812,0.0964604341221195,67,"1_ECA2666_300",NA,NA,NA,NA,NA,"1",735.32863008283,-211.7519275972
"20250529-CbDRC3-p017-m2x_B01_roi_0.png",20250529,"CbDRC3","p017","m2x","B01",0,828.948515301532,38.1926221469944,"","48h",10,"15hHB101","DMSO",1,"Pyrantel",0,NA,NA,"JU3237","1",NA,NA,NA,801.095327875248,690.873348783707,761.389973187913,781.068291827354,798.484940728857,38.3063824161382,827.224195838054,855.139076271276,890.526080407576,0.0478175082080912,37.70403133246,30.7404907644108,35.5682683779014,36.5171917593011,37.7896863455322,1.97714428620698,39.0777446437759,40.1787431553995,41.8357044114877,0.0524385381704483,81,"1_JU3237_0",NA,"n>75",NA,NA,NA,"1",806.265742658269,-7.78080192941161
"20250529-CbDRC3-p017-m2x_B02_roi_0.png",20250529,"CbDRC3","p017","m2x","B02",0,871.968411770136,38.3020251581279,"","48h",10,"15hHB101","DMSO",1,"Pyrantel",0.292,NA,NA,"JU3237","1",NA,NA,NA,802.986079254575,650.063730445663,757.05424869167,779.909707372396,795.456493572705,42.8096394005295,840.142859040038,848.712225444238,910.781950822091,0.053313052998715,37.247256724932,25.3525306197888,34.9131562211484,36.4919909271677,37.657506908592,2.4928758337834,38.4920620235373,39.6382773839315,42.3020469909085,0.0669277700688965,69,"1_JU3237_0.292",NA,NA,NA,NA,NA,"1",806.265742658269,-10.8092490855636
"20250529-CbDRC3-p017-m2x_B03_roi_0.png",20250529,"CbDRC3","p017","m2x","B03",0,810.080052210404,38.0486264836031,"","48h",10,"15hHB101","DMSO",1,"Pyrantel",0.585,NA,NA,"JU3237","1",NA,NA,NA,813.842934118086,514.709681362142,772.918800711811,796.198084707648,815.360024734866,50.4554265281096,841.527468000607,865.698478799533,888.535482447087,0.0619965160510796,37.3664206385946,27.6710368082384,35.0087996047968,36.2809758973756,37.5929626978032,2.3828287436056,38.5948176942617,39.8831485476773,43.2268540041508,0.0637692533264599,83,"1_JU3237_0.585",NA,"n>75",NA,NA,NA,"1",806.265742658269,9.09428207659698
"20250529-CbDRC3-p017-m2x_B04_roi_0.png",20250529,"CbDRC3","p017","m2x","B04",0,843.795199316705,37.5364462834203,"","48h",10,"15hHB101","DMSO",1,"Pyrantel",1.17,NA,NA,"JU3237","1",NA,NA,NA,808.921720061657,647.075291374501,755.630748109361,791.954581931926,809.410339165042,45.9842579697747,840.153256923648,870.447572162569,884.428885170979,0.0568463632875004,37.1251462557908,28.7151982474276,34.3082444071888,36.1077419286502,37.3847816351667,2.27977888392149,38.7056661289793,39.608328687718,42.9719410702125,0.0614079435058358,81,"1_JU3237_1.17",NA,"n>75",NA,NA,NA,"1",806.265742658269,3.14459650677338
"20250529-CbDRC3-p017-m2x_B05_roi_0.png",20250529,"CbDRC3","p017","m2x","B05",0,800.002920318896,36.1703741676349,"","48h",10,"15hHB101","DMSO",1,"Pyrantel",2.34,NA,NA,"JU3237","1",NA,NA,NA,810.607104079013,566.914929763243,770.284513573679,786.208279443405,809.470117116511,58.4695230345628,832.38078737028,861.366499347912,1090.45040042531,0.0721305336954751,36.5833027751524,26.0147602827759,33.7718786991589,35.1528689588525,36.8031371783838,2.51412216006523,38.5427387990322,39.1466176619337,42.036487679199,0.0687232143996807,72,"1_JU3237_2.34",NA,NA,NA,NA,NA,"1",806.265742658269,3.204374458242
"20250529-CbDRC3-p017-m2x_B06_roi_0.png",20250529,"CbDRC3","p017","m2x","B06",0,770.725233004163,35.5669010510299,"","48h",10,"15hHB101","DMSO",1,"Pyrantel",4.68,NA,NA,"JU3237","1",NA,NA,NA,809.181635371871,598.520921491091,766.155153692215,789.343927073242,812.663429232833,42.3061051982406,835.196871959802,858.51589529411,904.877678112585,0.0522825819926057,36.7222237771326,29.705293966852,33.6680435120261,35.3267870225802,36.5488217552384,2.38167408749664,38.3989699869027,39.3936017884904,44.11178918999,0.0648564777000171,87,"1_JU3237_4.68",NA,"n>75",NA,NA,NA,"1",806.265742658269,6.3976865745642
"20250529-CbDRC3-p017-m2x_B07_roi_0.png",20250529,"CbDRC3","p017","m2x","B07",0,862.040440005063,37.3395579165388,"","48h",10,"15hHB101","DMSO",1,"Pyrantel",9.375,NA,NA,"JU3237","1",NA,NA,NA,814.522758408736,603.920168973651,770.141574720382,795.577545844771,822.641512670157,55.8791757792579,852.755923705372,867.280685250463,889.611086865776,0.068603578233252,37.0910367296618,27.0384988164662,34.6075494763305,36.120932536217,37.3395579165388,2.78142636774345,38.933684321766,40.0376702970003,41.3217374579068,0.0749891783294139,59,"1_JU3237_9.375",NA,NA,NA,NA,NA,"1",806.265742658269,16.3757700118875
"20250529-CbDRC3-p017-m2x_B08_roi_0.png",20250529,"CbDRC3","p017","m2x","B08",0,828.796393201056,35.9323655533249,"","48h",10,"15hHB101","DMSO",1,"Pyrantel",18.75,NA,NA,"JU3237","1",NA,NA,NA,790.764108564625,478.192804714302,755.379686235732,781.688276107924,810.137303807155,72.8200391106509,826.811876839794,849.389598407023,881.637166271086,0.0920881945980477,35.5054766959664,23.0046394926789,32.4360525424909,33.9624079473527,36.2079778803005,3.26838403490071,37.734211693143,38.5580221997871,40.9875165058497,0.092052954615647,75,"1_JU3237_18.75",NA,NA,NA,NA,NA,"1",806.265742658269,3.87156114888603
"20250529-CbDRC3-p017-m2x_B09_roi_0.png",20250529,"CbDRC3","p017","m2x","B09",0,839.5359699771,37.3141285575914,"","48h",10,"15hHB101","DMSO",1,"Pyrantel",37.5,NA,NA,"JU3237","1",NA,NA,NA,802.863694954789,664.772029214081,742.964964535109,781.44198027993,811.153174227863,49.3746301399759,838.185574595846,856.439631837229,887.487986412156,0.0614981477556489,36.4688802743681,29.3515952455492,33.4065430718045,35.3018909707328,36.5915891058466,2.29734889903267,38.1463804207859,38.7394230140803,42.6437613960877,0.0629947747709531,78,"1_JU3237_37.5",NA,"n>75",NA,NA,NA,"1",806.265742658269,4.8874315695939
"20250529-CbDRC3-p017-m2x_B10_roi_0.png",20250529,"CbDRC3","p017","m2x","B10",0,829.905531199361,37.3109885409789,"","48h",10,"15hHB101","DMSO",1,"Pyrantel",75,NA,NA,"JU3237","1",NA,NA,NA,718.532274096958,294.446623245074,587.53172594416,654.543551760142,751.659989622522,100.115854135856,789.017136785345,810.317222236554,846.270943142308,0.139333830566874,33.1639880494557,19.8546532224333,28.6809681764136,30.557282104881,33.4332863577898,4.00177293416712,35.6438329872369,38.2647357464564,42.2949900945923,0.120666215661382,75,"1_JU3237_75",NA,NA,NA,NA,NA,"1",806.265742658269,-54.6057530357472
"20250529-CbDRC3-p017-m2x_B11_roi_0.png",20250529,"CbDRC3","p017","m2x","B11",0,664.308279050784,30.1014974698939,"","48h",10,"15hHB101","DMSO",1,"Pyrantel",150,NA,NA,"JU3237","1",NA,NA,NA,598.171858816704,332.519584122324,481.862103117132,529.563323118307,588.355529450126,101.702221366221,688.338869055351,726.629387827315,765.764175132201,0.170021741857611,29.6011238816298,22.5380464085481,26.4033080020918,27.5051987953071,29.3027508587743,3.03549395157423,31.420524394202,33.871257370909,36.5501966457519,0.102546577748625,76,"1_JU3237_150",NA,"n>75",NA,NA,NA,"1",806.265742658269,-217.910213208143
"20250529-CbDRC3-p017-m2x_B12_roi_0.png",20250529,"CbDRC3","p017","m2x","B12",0,617.001102773831,32.3878014508445,"","48h",10,"15hHB101","DMSO",1,"Pyrantel",300,NA,NA,"JU3237","1",NA,NA,NA,546.557260059515,372.755872871206,460.3970303498,512.697934077016,547.173735088671,66.6922702755536,602.898869894078,619.843826836065,694.124425779557,0.122022476232941,29.1526994988137,24.0575671994226,25.7695822690011,27.3978546146463,28.8190022929748,2.75100203933027,30.8602600081066,33.3276929982116,35.4464947232427,0.0943652590197424,67,"1_JU3237_300",NA,NA,NA,NA,NA,"1",806.265742658269,-259.092007569598
"20250529-CbDRC3-p017-m2x_C01_roi_0.png",20250529,"CbDRC3","p017","m2x","C01",0,860.080558917336,39.9578833279511,"","48h",10,"15hHB101","DMSO",1,"Pyrantel",0,NA,NA,"VX34","1",NA,NA,NA,749.000738735282,346.825117475692,703.168463394306,732.994345153226,759.79119908257,80.6213758770428,791.578976643482,809.595662235397,860.080558917336,0.107638579920729,37.0657651375706,19.4692453150016,34.0386738148859,35.9391479038269,37.9115198946893,3.78521836447524,38.9651975837693,40.0422256467668,42.5537163438362,0.1021216842665,65,"1_VX34_0",NA,NA,NA,NA,NA,"1",763.538605859815,-3.74740677724571
"20250529-CbDRC3-p017-m2x_C02_roi_0.png",20250529,"CbDRC3","p017","m2x","C02",0,856.043616394461,38.8391164842286,"","48h",10,"15hHB101","DMSO",1,"Pyrantel",0.292,NA,NA,"VX34","1",NA,NA,NA,750.363773889324,252.559774679939,687.748289774609,727.699927914081,761.252303865421,87.9446299100068,801.319036655863,831.325812256179,856.043616394461,0.117202659523617,36.1771521175908,15.65702392959,33.079966658868,34.9582559700088,36.8319424644057,4.03415517301294,38.0775054130393,39.6650220454299,42.1560805744603,0.111511131663992,68,"1_VX34_0.292",NA,NA,NA,NA,NA,"1",763.538605859815,-2.28630199439431
"20250529-CbDRC3-p017-m2x_C03_roi_0.png",20250529,"CbDRC3","p017","m2x","C03",0,824.709691157532,39.9773934092652,"","48h",10,"15hHB101","DMSO",1,"Pyrantel",0.585,NA,NA,"VX34","1",NA,NA,NA,768.858053580263,641.603211946929,714.088271415757,744.037104070119,760.865479794495,47.053182733495,807.370527092851,828.752819356094,852.666309878215,0.0611987902245249,37.2582504023817,31.0360543954669,34.5526971150126,35.7644514501841,37.4870124351773,2.27778913431343,38.9958189779382,40.1273071741401,41.9254255481311,0.061135160929828,58,"1_VX34_0.585",NA,NA,NA,NA,NA,"1",763.538605859815,-2.67312606532084
"20250529-CbDRC3-p017-m2x_C04_roi_0.png",20250529,"CbDRC3","p017","m2x","C04",0,799.966036763896,39.6715493542188,"","48h",10,"15hHB101","DMSO",1,"Pyrantel",1.17,NA,NA,"VX34","1",NA,NA,NA,750.576556865987,185.535008113226,666.745670415766,722.789518598073,766.08577670745,105.485065635154,811.011891968475,839.019037185936,852.610982371556,0.140538716097934,36.5907433963787,12.2339349539549,31.4818892314798,35.4307513691927,37.5678071246918,5.00261794361293,39.5627309817826,40.8246667622697,44.3244093439195,0.136718128118382,50,"1_VX34_1.17",NA,NA,NA,NA,NA,"1",763.538605859815,2.5471708476349
"20250529-CbDRC3-p017-m2x_C05_roi_0.png",20250529,"CbDRC3","p017","m2x","C05",0,767.608021942109,38.5051251232094,"","48h",10,"15hHB101","DMSO",1,"Pyrantel",2.34,NA,NA,"VX34","1",NA,NA,NA,785.42680442254,641.792521276852,721.728111998589,758.122758297741,792.875023774714,47.5766762756678,820.616821315484,836.769800450207,863.760153384071,0.0605742966852869,38.0033844302926,29.2794444872586,34.6497841831837,36.1154383697097,38.1652436483472,2.80001101459997,39.6403571091307,41.5103222485567,44.2350319220124,0.0736779383356203,69,"1_VX34_2.34",NA,NA,NA,NA,NA,"1",763.538605859815,29.3364179148982
"20250529-CbDRC3-p017-m2x_C06_roi_0.png",20250529,"CbDRC3","p017","m2x","C06",0,856.612263056089,38.4656637549135,"","48h",10,"15hHB101","DMSO",1,"Pyrantel",4.68,NA,NA,"VX34","1",NA,NA,NA,769.692176246956,539.141318933364,710.997628181025,735.035972368133,765.393234079981,57.3402711510237,817.036194050827,833.891363549632,857.913523229362,0.0744976666264385,36.7835454485133,25.6955848739037,33.2694150281111,34.5121757003079,37.3182149397875,3.07757007226627,38.8218565642276,39.7675787532142,43.1260832888396,0.0836670319497616,62,"1_VX34_4.68",NA,NA,NA,NA,NA,"1",763.538605859815,1.85462822016586
"20250529-CbDRC3-p017-m2x_C07_roi_0.png",20250529,"CbDRC3","p017","m2x","C07",0,833.716111574817,38.3128044529908,"","48h",10,"15hHB101","DMSO",1,"Pyrantel",9.375,NA,NA,"VX34","1",NA,NA,NA,725.307095650526,351.955808859052,486.138303795075,705.478421311038,766.074562186835,128.59498739113,799.653547961069,829.664816672411,883.21186632709,0.17729729677578,35.6633075387108,20.1142485896225,24.9448571518951,34.2687625331088,37.151722852739,5.89448728657747,38.892703093992,41.3406330371269,44.4280096106595,0.165281565098226,60,"1_VX34_9.375",NA,NA,NA,NA,NA,"1",763.538605859815,2.53595632701979
"20250529-CbDRC3-p017-m2x_C08_roi_0.png",20250529,"CbDRC3","p017","m2x","C08",0,789.043879850695,37.3668821953011,"","48h",10,"15hHB101","DMSO",1,"Pyrantel",18.75,NA,NA,"VX34","1",NA,NA,NA,728.062021572768,377.570380691148,548.7156806727,718.705697168205,756.534894641409,111.656097928166,802.387065180035,822.925263150874,855.237655318174,0.153360695407466,35.1595103130757,20.3223362143176,27.3254763799162,34.5879046446651,36.3202147194747,5.09223878042758,38.1639947626108,39.8334229472159,42.6337628092319,0.144832471643776,67,"1_VX34_18.75",NA,NA,NA,NA,NA,"1",763.538605859815,-7.00371121840601
"20250529-CbDRC3-p017-m2x_C09_roi_0.png",20250529,"CbDRC3","p017","m2x","C09",0,759.026994623719,36.8377892606723,"","48h",10,"15hHB101","DMSO",1,"Pyrantel",37.5,NA,NA,"VX34","1",NA,NA,NA,709.978105709293,267.66181772139,442.4234459095,705.728993165817,750.217034917769,134.743937486129,783.698715851898,824.898088839461,844.75095915766,0.189786046080273,34.3484583840666,19.0122291671742,24.1962150580268,33.6751789063123,36.0317025326536,5.83969173719188,37.69764391642,39.4610971886643,41.8257831804292,0.170013212001991,58,"1_VX34_37.5",NA,NA,NA,NA,NA,"1",763.538605859815,-13.3215709420468
"20250529-CbDRC3-p017-m2x_C10_roi_0.png",20250529,"CbDRC3","p017","m2x","C10",0,809.013929489529,37.4364042179251,"","48h",10,"15hHB101","DMSO",1,"Pyrantel",75,NA,NA,"VX34","1",NA,NA,NA,728.483872575072,216.034924679251,634.523314101593,721.033801700694,754.120431909304,110.391215044158,784.605235045689,810.087461408534,872.761849131407,0.151535564753058,35.7770030743586,22.4115753036006,31.1607063958279,34.377786228051,36.5377519326605,4.04620274057734,37.7562170874626,39.3668860325068,43.4502286684986,0.113095072054184,55,"1_VX34_75",NA,NA,NA,NA,NA,"1",763.538605859815,-9.41817395051169
"20250529-CbDRC3-p017-m2x_C11_roi_0.png",20250529,"CbDRC3","p017","m2x","C11",0,745.23290086708,36.8520139017889,"","48h",10,"15hHB101","DMSO",1,"Pyrantel",150,NA,NA,"VX34","1",NA,NA,NA,629.754624264215,347.520695902202,429.695652505782,521.938537623244,663.559917577498,130.405049247515,741.040964895015,765.343501440499,817.629303885211,0.207072793470752,31.3151114874258,20.8779123656131,24.7860464767512,28.0515962872608,31.0727710104105,4.75046505802476,34.5412420128316,37.6777590709888,41.6905689305653,0.151698807137642,54,"1_VX34_150",NA,NA,NA,NA,NA,"1",763.538605859815,-99.9786882823175
"20250529-CbDRC3-p017-m2x_C12_roi_0.png",20250529,"CbDRC3","p017","m2x","C12",0,673.940279053865,31.3306276543744,"","48h",10,"15hHB101","DMSO",1,"Pyrantel",300,NA,NA,"VX34","1",NA,NA,NA,557.150639748886,352.9743278205,400.279199257517,457.024429471078,574.391640813742,117.232302684918,662.779764036894,694.879677455719,732.871522117347,0.210414014309947,28.6349266175992,21.9508603794205,22.8724853822496,25.0829294028551,28.3387672080559,4.49891656601536,31.4039595490718,34.8457875192443,38.3260810465441,0.15711290711848,28,"1_VX34_300",NA,NA,NA,NA,NA,"1",763.538605859815,-189.146965046074
"20250529-CbDRC3-p017-m2x_D01_roi_0.png",20250529,"CbDRC3","p017","m2x","D01",0,648.14784925043,29.6241165923489,"","48h",10,"15hHB101","DMSO",1,"Pyrantel",0,NA,NA,"NIC1667","1",NA,NA,NA,710.826211952295,547.952540750262,639.670925720916,688.092464570604,728.560699228406,53.8761003816116,748.024021089526,768.516023527446,799.7230541712,0.0757936320801115,32.6635559187104,23.9253826244588,29.1655595403558,31.3184210891529,33.2420941783609,2.87693453684749,34.5739345661849,36.0258016620401,37.2344436732964,0.0880778119812582,61,"1_NIC1667_0",NA,NA,NA,NA,NA,"1",725.939516673208,2.62118255519817
"20250529-CbDRC3-p017-m2x_D02_roi_0.png",20250529,"CbDRC3","p017","m2x","D02",0,763.837831483916,36.0496132901565,"","48h",10,"15hHB101","DMSO",1,"Pyrantel",0.292,NA,NA,"NIC1667","1",NA,NA,NA,713.331555387567,581.461700892193,628.141868169948,689.662303180151,727.401730208883,53.5417028753639,748.594753048322,763.837831483916,794.017190685887,0.0750586490545391,32.5251505864399,25.3007597129402,29.3649354699365,30.7393003637628,32.9285944806533,2.35603213024709,34.2980036693544,35.6766517009071,36.7118892418792,0.0724372397288559,51,"1_NIC1667_0.292",NA,NA,NA,NA,NA,"1",725.939516673208,1.46221353567523
"20250529-CbDRC3-p017-m2x_D03_roi_0.png",20250529,"CbDRC3","p017","m2x","D03",0,761.920035860639,34.9721455032511,"","48h",10,"15hHB101","DMSO",1,"Pyrantel",0.585,NA,NA,"NIC1667","1",NA,NA,NA,723.976979872525,347.618852257338,679.15355915546,699.61569582705,740.977175312856,61.6796641504675,761.281107844457,772.079265909069,792.040639831314,0.0851956151441829,33.5387486799798,29.2595221610027,30.5338363714844,32.2402112392537,33.9790168841251,2.01644286943492,34.9230015262349,36.1485203003342,37.568743312167,0.0601227818209746,69,"1_NIC1667_0.585",NA,NA,NA,NA,NA,"1",725.939516673208,15.0376586396484
"20250529-CbDRC3-p017-m2x_D04_roi_0.png",20250529,"CbDRC3","p017","m2x","D04",0,737.132502517551,36.7354028378954,"","48h",10,"15hHB101","DMSO",1,"Pyrantel",1.17,NA,NA,"NIC1667","1",NA,NA,NA,700.79130092862,281.981643961734,653.447566063475,693.416045098844,715.046595804934,86.3743467397548,739.511829303241,755.786528634566,831.421468628168,0.123252595494978,32.0365570990738,17.6391337577011,29.2135050083649,31.0339355356365,32.7643636984462,3.2553830775948,33.5076004662212,35.1844702624314,36.7354028378954,0.101614635665357,60,"1_NIC1667_1.17",NA,NA,NA,NA,NA,"1",725.939516673208,-10.8929208682732
"20250529-CbDRC3-p017-m2x_D05_roi_0.png",20250529,"CbDRC3","p017","m2x","D05",0,726.445763271701,32.8950071928493,"","48h",10,"15hHB101","DMSO",1,"Pyrantel",2.34,NA,NA,"NIC1667","1",NA,NA,NA,723.501843084343,567.516974982674,633.382070980224,701.203181372176,738.736452544845,57.8377891217986,757.660816427638,786.46899346699,800.660823818169,0.0799414537428568,33.0590916091448,25.9316353213,29.8154084735184,31.5706119275712,32.8950071928493,2.88879713731353,35.1807089756317,36.6322578337888,38.6491260328542,0.0873828346969593,53,"1_NIC1667_2.34",NA,NA,NA,NA,NA,"1",725.939516673208,12.7969358716373
"20250529-CbDRC3-p017-m2x_D06_roi_0.png",20250529,"CbDRC3","p017","m2x","D06",0,714.507220463231,31.2148489229437,"","48h",10,"15hHB101","DMSO",1,"Pyrantel",4.68,NA,NA,"NIC1667","1",NA,NA,NA,717.998881256202,248.547364539749,677.899559615359,704.815973838377,731.738974927253,77.5568662593162,755.801617767491,776.420030954014,788.303311238508,0.108018087888415,32.8618100542898,15.2186191080234,28.4582586290824,31.5290539678075,33.5383391639649,3.53140199848995,35.0877345971034,35.6747846583648,37.5302153946581,0.10746218764748,59,"1_NIC1667_4.68",NA,NA,NA,NA,NA,"1",725.939516673208,5.79945825404513
"20250529-CbDRC3-p017-m2x_D07_roi_0.png",20250529,"CbDRC3","p017","m2x","D07",0,699.595347651561,32.5350004113344,"","48h",10,"15hHB101","DMSO",1,"Pyrantel",9.375,NA,NA,"NIC1667","1",NA,NA,NA,702.449499246523,426.704531591018,622.802323195326,681.285524503052,724.294999562539,78.0713825643082,749.9754171312,761.511266680887,812.044095642075,0.111141630320828,32.2222240415009,21.0697448193912,28.8425088493866,30.7341556178134,33.2154211309457,3.40477875019398,34.40830814042,35.4392038720954,36.9664115959956,0.105665541453897,72,"1_NIC1667_9.375",NA,NA,NA,NA,NA,"1",725.939516673208,-1.64451711066874
"20250529-CbDRC3-p017-m2x_D08_roi_0.png",20250529,"CbDRC3","p017","m2x","D08",0,777.979540824853,35.1974657357221,"","48h",10,"15hHB101","DMSO",1,"Pyrantel",18.75,NA,NA,"NIC1667","1",NA,NA,NA,686.227684619312,369.246808987516,526.626186312201,674.595904542812,709.723320180566,89.5171288758558,746.175345676127,761.499862574484,793.642292230214,0.130448145538628,31.8119785501152,17.315533587478,26.8773385052674,30.2958674089773,32.8772283370529,3.8823047769209,34.215735690587,35.861532503934,38.2365881519611,0.122039085711217,80,"1_NIC1667_18.75",NA,"n>75",NA,NA,NA,"1",725.939516673208,-16.2161964926421
"20250529-CbDRC3-p017-m2x_D09_roi_0.png",20250529,"CbDRC3","p017","m2x","D09",0,778.11814558326,35.7690656530364,"","48h",10,"15hHB101","DMSO",1,"Pyrantel",37.5,NA,NA,"NIC1667","1",NA,NA,NA,718.231413019186,482.051090895275,618.26284888297,694.374210480006,733.879178383184,64.692677654294,761.536159464606,772.041251033174,804.638381649948,0.0900721918891702,32.7302346229044,23.1658705981848,29.0165961364414,31.6713847415882,33.1785500426552,2.96332327829758,34.9951698522968,35.9285781261001,37.5972814074013,0.0905377951743698,62,"1_NIC1667_37.5",NA,NA,NA,NA,NA,"1",725.939516673208,7.93966170997635
"20250529-CbDRC3-p017-m2x_D10_roi_0.png",20250529,"CbDRC3","p017","m2x","D10",0,713.526813896856,32.4582294709952,"","48h",10,"15hHB101","DMSO",1,"Pyrantel",75,NA,NA,"NIC1667","1",NA,NA,NA,670.636647291764,578.211205746365,601.690642889771,631.333004763896,666.289393485,50.9171629136945,719.668669497195,733.057902362337,757.426451530655,0.0759236214115551,30.6194426023443,25.5126040184217,27.6203434463206,28.7693508291073,30.6828756048236,2.41388966233146,32.4582294709952,33.2954124142025,37.1208499977121,0.0788351928439955,57,"1_NIC1667_75",NA,NA,NA,NA,NA,"1",725.939516673208,-59.650123188208
"20250529-CbDRC3-p017-m2x_D11_roi_0.png",20250529,"CbDRC3","p017","m2x","D11",0,727.810625204776,33.7315726820343,"","48h",10,"15hHB101","DMSO",1,"Pyrantel",150,NA,NA,"NIC1667","1",NA,NA,NA,671.846890983004,481.322233143528,591.494985035716,649.941879491455,680.707053401583,58.3032257898748,709.291634368332,737.087813436852,772.922408881217,0.0867805248076226,31.3030898398669,24.9632581662502,28.1196712362398,29.4793791957884,31.508592216709,2.59919342542053,33.0596066113081,33.9585796325535,37.4840262473454,0.0830331267206173,57,"1_NIC1667_150",NA,NA,NA,NA,NA,"1",725.939516673208,-45.2324632716246
"20250529-CbDRC3-p017-m2x_D12_roi_0.png",20250529,"CbDRC3","p017","m2x","D12",0,503.572708952897,25.5850984312524,"","48h",10,"15hHB101","DMSO",1,"Pyrantel",300,NA,NA,"NIC1667","1",NA,NA,NA,568.870138332964,292.859336266183,467.399324616466,531.377341705475,577.221135245182,79.7640156797423,633.467180431423,655.8660757437,676.542403351706,0.140214805286643,28.9609278734468,23.3452700564256,25.8405707134867,27.3729873730933,29.4114564537274,2.40097717226408,30.6279702159996,31.9112575499098,34.1671928357275,0.0829040140825545,59,"1_NIC1667_300",NA,NA,NA,NA,NA,"1",725.939516673208,-148.718381428026
"20250529-CbDRC3-p017-m2x_E01_roi_0.png",20250529,"CbDRC3","p017","m2x","E01",0,743.018000271062,36.3992383692632,"","48h",10,"15hHB101","DMSO",1,"Pyrantel",0,NA,NA,"PB420","1",NA,NA,NA,747.239566163284,598.391629622352,715.54008635569,735.215231747456,753.794313698487,39.7376884513963,769.244660061414,782.769328855849,818.2400816427,0.053179315243477,36.9453063673887,29.5022832717445,34.6811674294133,35.9610737700994,37.0929865261291,2.05870435865346,38.1401602675631,39.2426872264353,42.4344596742303,0.0557230284729933,59,"1_PB420_0",NA,NA,NA,NA,NA,"1",756.281457175035,-2.487143476548
"20250529-CbDRC3-p017-m2x_E02_roi_0.png",20250529,"CbDRC3","p017","m2x","E02",0,799.213802879349,37.5747759169226,"","48h",10,"15hHB101","DMSO",1,"Pyrantel",0.292,NA,NA,"PB420","1",NA,NA,NA,760.099845506931,654.699248976955,723.394480773531,743.981212447231,760.936665510696,32.2842716374754,783.622971650968,798.742471109357,809.317989281252,0.0424737247722293,37.1347557234158,29.5766523697611,35.2219656609198,36.1840426382546,37.2677133477868,2.21084839359477,38.6576806681893,39.8335147907162,41.7108544307214,0.05953582703119,53,"1_PB420_0.292",NA,NA,NA,NA,NA,"1",756.281457175035,4.65520833566131
"20250529-CbDRC3-p017-m2x_E03_roi_0.png",20250529,"CbDRC3","p017","m2x","E03",0,756.505872387516,35.7367983692391,"","48h",10,"15hHB101","DMSO",1,"Pyrantel",0.585,NA,NA,"PB420","1",NA,NA,NA,750.912485587999,583.058743766964,718.25685864347,740.102064333074,753.750445947406,44.9559721121243,775.421608276942,791.956583466322,828.650520103914,0.0598684573434968,37.0948998285343,30.3502354484062,34.4074817536701,35.5936067219423,37.4901772189422,2.48180626963517,38.7724186709119,39.8398267077084,41.9205870181842,0.0669042450877871,61,"1_PB420_0.585",NA,NA,NA,NA,NA,"1",756.281457175035,-2.53101122762894
"20250529-CbDRC3-p017-m2x_E04_roi_0.png",20250529,"CbDRC3","p017","m2x","E04",0,791.248445558761,36.0861445990128,"","48h",10,"15hHB101","DMSO",1,"Pyrantel",1.17,NA,NA,"PB420","1",NA,NA,NA,749.306955445939,482.619824621565,708.596859874241,741.247184199294,760.839108684022,50.4385664161533,782.527391754599,792.04836563058,799.789092336589,0.067313623675274,36.5190796081466,26.5926459807663,32.6282486671183,35.2647525624547,36.6396824932351,2.69924996161871,38.3911068789987,39.1514267616294,41.6294586727874,0.0739134170571093,65,"1_PB420_1.17",NA,NA,NA,NA,NA,"1",756.281457175035,4.55765150898696
"20250529-CbDRC3-p017-m2x_E05_roi_0.png",20250529,"CbDRC3","p017","m2x","E05",0,789.075250693705,38.4756876454103,"","48h",10,"15hHB101","DMSO",1,"Pyrantel",2.34,NA,NA,"PB420","1",NA,NA,NA,748.723565865798,457.440325349523,700.211200276212,725.095281111532,762.511070838338,54.9092066329738,784.974078379989,797.231273621154,825.960517388448,0.07333708879522,36.3985671350663,27.721877655129,33.4753717252311,34.9397789984678,36.4913321729532,2.55773530579877,38.2491705385539,39.0762199202756,41.4868028441967,0.0702702196025364,66,"1_PB420_2.34",NA,NA,NA,NA,NA,"1",756.281457175035,6.2296136633031
"20250529-CbDRC3-p017-m2x_E06_roi_0.png",20250529,"CbDRC3","p017","m2x","E06",0,771.757853859423,37.9214299816839,"","48h",10,"15hHB101","DMSO",1,"Pyrantel",4.68,NA,NA,"PB420","1",NA,NA,NA,752.341341337067,215.997238374485,727.249620828687,750.949823832949,768.488656917287,86.0536067351953,788.375276935027,794.675344805306,821.411694829813,0.114381068814137,37.0079669144729,16.3422024889639,33.2911525164982,36.3606508373935,37.6165366166126,3.89242093732936,39.2559633833991,40.3142399451316,41.5919194212265,0.1051779187526,67,"1_PB420_4.68",NA,NA,NA,NA,NA,"1",756.281457175035,12.2071997422522
"20250529-CbDRC3-p017-m2x_E07_roi_0.png",20250529,"CbDRC3","p017","m2x","E07",0,747.045666791362,36.7061783373609,"","48h",10,"15hHB101","DMSO",1,"Pyrantel",9.375,NA,NA,"PB420","1",NA,NA,NA,751.633968590787,522.969350353847,700.858055683042,740.493410067525,759.359968470527,54.2883023417518,786.471573654178,799.648113035357,818.025402197934,0.0722270474863384,36.7717245870796,27.5441363666397,34.3521429619606,36.0849378603039,37.1994276722507,2.51610574643777,38.2932633502545,39.0736901039155,41.0328215908667,0.0684250133680663,56,"1_PB420_9.375",NA,NA,NA,NA,NA,"1",756.281457175035,3.07851129549238
"20250529-CbDRC3-p017-m2x_E08_roi_0.png",20250529,"CbDRC3","p017","m2x","E08",0,726.408840290913,33.4042010375074,"","48h",10,"15hHB101","DMSO",1,"Pyrantel",18.75,NA,NA,"PB420","1",NA,NA,NA,751.254743884878,520.232746700805,693.610888422841,735.055446215848,768.987760803027,52.4133087780707,783.153376963928,796.62823050145,819.570382546369,0.0697676909260255,36.7980723580473,29.2525141778095,32.8652632851404,35.3937168291998,37.1308096994157,3.04865468740371,38.9743122027417,40.2208786439743,42.1229908510303,0.0828482170951816,58,"1_PB420_18.75",NA,NA,NA,NA,NA,"1",756.281457175035,12.7063036279916
"20250529-CbDRC3-p017-m2x_E09_roi_0.png",20250529,"CbDRC3","p017","m2x","E09",0,805.554746943887,37.3805224086269,"","48h",10,"15hHB101","DMSO",1,"Pyrantel",37.5,NA,NA,"PB420","1",NA,NA,NA,747.543277479597,315.192764804871,700.631555575312,744.544208322037,766.578090772776,83.915641033981,786.28846934568,799.819491628386,848.914902382135,0.112255227974104,36.4489672952936,27.1432858897388,33.1931077485145,35.6040387773596,36.8222873399206,2.60091760376485,38.074943556622,39.053531105662,40.5584959268949,0.0713577858789072,53,"1_PB420_37.5",NA,NA,NA,NA,NA,"1",756.281457175035,10.2966335977412
"20250529-CbDRC3-p017-m2x_E10_roi_0.png",20250529,"CbDRC3","p017","m2x","E10",0,772.130926818583,36.4194153198508,"","48h",10,"15hHB101","DMSO",1,"Pyrantel",75,NA,NA,"PB420","1",NA,NA,NA,696.533097225443,556.586679881418,586.926737056149,634.415876875227,723.041579836759,71.6539887946762,751.968717511911,766.174509409065,798.678850819983,0.102872338845205,33.7065606612623,26.3084548402891,28.4672269505057,30.5251070351864,34.1350030539006,3.70109810261596,36.8907321809208,38.1568288017039,39.4084793950238,0.10980349314813,38,"1_PB420_75",NA,NA,NA,NA,NA,"1",756.281457175035,-33.2398773382762
"20250529-CbDRC3-p017-m2x_E11_roi_0.png",20250529,"CbDRC3","p017","m2x","E11",0,765.614171580465,34.7775389962227,"","48h",10,"15hHB101","DMSO",1,"Pyrantel",150,NA,NA,"PB420","1",NA,NA,NA,580.073437922709,151.128620868255,391.178252402735,483.172966799677,628.441735031482,156.195973212223,695.656949075635,731.568128904291,765.614171580465,0.269269307988957,31.0209424917852,12.9116957127824,25.4592064081594,27.9256742790842,32.6382000185079,5.92469556936036,34.9610974139504,37.2185511651256,39.3174225892182,0.190990185773024,68,"1_PB420_150",NA,NA,NA,NA,NA,"1",756.281457175035,-127.839722143553
"20250529-CbDRC3-p017-m2x_E12_roi_0.png",20250529,"CbDRC3","p017","m2x","E12",0,496.182629416311,26.6609626124936,"","48h",10,"15hHB101","DMSO",1,"Pyrantel",300,NA,NA,"PB420","1",NA,NA,NA,553.513477977016,291.911003079325,473.9584052543,521.295184330864,551.906040368654,83.605696557631,601.333189031862,651.672935598287,697.507925645432,0.151045457579811,29.8712799139984,21.3061968647304,26.239141636208,27.6879169759936,30.1854016376139,3.02463301876313,32.0950845078668,33.8057108649507,34.710535534772,0.101255554749287,46,"1_PB420_300",NA,NA,NA,NA,NA,"1",756.281457175035,-204.375416806381
"20250529-CbDRC3-p017-m2x_F01_roi_0.png",20250529,"CbDRC3","p017","m2x","F01",0,784.172488403792,36.1393595083414,"","48h",10,"15hHB101","DMSO",1,"Pyrantel",0,NA,NA,"ED3102","1",NA,NA,NA,748.763665052819,670.393289265674,706.400086859814,734.703943043357,747.553226341652,29.2476762444954,771.320930934497,783.877509093816,806.790035278183,0.0390612921133563,35.5100967850843,29.3702737323847,33.3393693019728,34.7240165000962,35.6403616182674,1.72799502080296,36.5008088916523,37.6653552840454,39.5223856537535,0.0486620757825925,79,"1_ED3102_0",NA,"n>75",NA,NA,NA,"1",756.634396898577,-9.08117055692492
"20250529-CbDRC3-p017-m2x_F02_roi_0.png",20250529,"CbDRC3","p017","m2x","F02",0,759.965594746779,35.8992579016822,"","48h",10,"15hHB101","DMSO",1,"Pyrantel",0.292,NA,NA,"ED3102","1",NA,NA,NA,757.464458778573,698.000084540935,723.912907004153,744.794897099952,754.3267252508,25.6143571419675,776.267568741319,789.910945866548,821.744164963985,0.0338159194733323,36.0950758147437,32.1166239514044,33.9771862405732,34.9519813853881,35.9951072084193,1.7743194481354,37.1170798947287,38.4438831103795,40.0450645086317,0.0491568284062351,59,"1_ED3102_0.292",NA,NA,NA,NA,NA,"1",756.634396898577,-2.3076716477766
"20250529-CbDRC3-p017-m2x_F03_roi_0.png",20250529,"CbDRC3","p017","m2x","F03",0,780.987509867121,36.4949278887509,"","48h",10,"15hHB101","DMSO",1,"Pyrantel",0.585,NA,NA,"ED3102","1",NA,NA,NA,752.189906696625,520.426484498737,710.682960758257,741.871637691712,760.759271283063,38.6937115036876,774.876993607048,781.794835827845,821.870429453979,0.0514414128123812,35.6374088750312,30.1561732885085,33.118749997778,34.680918146889,35.7368084842242,1.91173826053477,36.6340041471634,38.1293915893828,39.5981826045047,0.0536441430755702,72,"1_ED3102_0.585",NA,NA,NA,NA,NA,"1",756.634396898577,4.12487438448591
"20250529-CbDRC3-p017-m2x_F04_roi_0.png",20250529,"CbDRC3","p017","m2x","F04",0,760.269629849773,35.1136905752968,"","48h",10,"15hHB101","DMSO",1,"Pyrantel",1.17,NA,NA,"ED3102","1",NA,NA,NA,758.078220552393,709.965947675199,725.753984333269,744.888823197221,760.346189860063,22.7536221176144,769.355723523242,788.678153787098,807.997808276938,0.030014873796314,36.0908656525142,31.2805041017357,34.0352781603413,35.1795321150239,36.0293603718854,1.7051638867336,37.0754411555319,37.9667888912344,41.6593276509257,0.0472464114092207,66,"1_ED3102_1.17",NA,NA,NA,NA,NA,"1",756.634396898577,3.71179296148659
"20250529-CbDRC3-p017-m2x_F05_roi_0.png",20250529,"CbDRC3","p017","m2x","F05",0,745.468170108277,33.6113008764712,"","48h",10,"15hHB101","DMSO",1,"Pyrantel",2.34,NA,NA,"ED3102","1",NA,NA,NA,758.518948342838,681.815833526256,719.718173084418,733.927547474496,758.953537175291,31.9052430795497,781.40636921534,792.424371731656,823.195919357514,0.0420625524902893,35.8482941128098,29.78569265574,33.0915118463472,34.0401010092128,35.7848990706339,2.43352705779234,37.5675472267118,38.7245144887739,41.0345066561742,0.0678840407338312,61,"1_ED3102_2.34",NA,NA,NA,NA,NA,"1",756.634396898577,2.31914027671428
"20250529-CbDRC3-p017-m2x_F06_roi_0.png",20250529,"CbDRC3","p017","m2x","F06",0,779.089746212711,34.9098499745456,"","48h",10,"15hHB101","DMSO",1,"Pyrantel",4.68,NA,NA,"ED3102","1",NA,NA,NA,749.324446257078,622.592115286086,706.101813330295,730.475901024168,753.722343028012,36.0890981409007,773.295856733112,789.357452855167,808.502707231813,0.0481621790416261,35.3168439701462,29.5263317223682,32.4600110768594,33.8726047173715,35.4343951226187,2.35744148322381,37.0879482615624,38.168020298754,41.4083307631416,0.0667511934310039,91,"1_ED3102_4.68",NA,"n>75",NA,NA,NA,"1",756.634396898577,-2.9120538705647
"20250529-CbDRC3-p017-m2x_F07_roi_0.png",20250529,"CbDRC3","p017","m2x","F07",0,754.580483503512,35.5208581923443,"","48h",10,"15hHB101","DMSO",1,"Pyrantel",9.375,NA,NA,"ED3102","1",NA,NA,NA,749.129108340207,335.316892978849,710.646761448987,737.908662891826,757.145768274996,59.1978855061497,772.91830301838,789.482773256052,866.52740020111,0.0790222737937794,35.2360726766398,20.5667568864317,32.828941444651,33.9744250742624,35.3917273061259,2.71296412638186,36.6864186593874,37.7838706036318,42.2685123731063,0.0769939417278035,77,"1_ED3102_9.375",NA,"n>75",NA,NA,NA,"1",756.634396898577,0.511371376419675
"20250529-CbDRC3-p017-m2x_F08_roi_0.png",20250529,"CbDRC3","p017","m2x","F08",0,763.387039705511,36.1974136509043,"","48h",10,"15hHB101","DMSO",1,"Pyrantel",18.75,NA,NA,"ED3102","1",NA,NA,NA,753.578395307888,434.425226121468,712.885502581158,743.460290611458,763.387039705511,50.4181999186373,778.176881064208,788.425144056473,818.955119917664,0.06690504960408,35.4633329685003,25.9373596842148,32.0326032919092,34.1849319411104,35.6210648921079,2.5394862462214,37.375561431486,38.6090955228865,41.298216888533,0.0716087867002534,85,"1_ED3102_18.75",NA,"n>75",NA,NA,NA,"1",756.634396898577,6.75264280693386
"20250529-CbDRC3-p017-m2x_F09_roi_0.png",20250529,"CbDRC3","p017","m2x","F09",0,771.938803061103,34.4841674988124,"","48h",10,"15hHB101","DMSO",1,"Pyrantel",37.5,NA,NA,"ED3102","1",NA,NA,NA,757.732783464762,652.430428062234,712.014752266094,741.803605118339,759.255466575767,36.1955250678411,783.129862974562,803.751429744197,825.762575041966,0.0477681919770393,35.6119848589797,31.0180164471534,32.8612526821231,34.6226956698512,35.697844176827,2.01030558097622,36.8071567437914,38.3385032751161,39.2940061810112,0.0564502537260098,66,"1_ED3102_37.5",NA,NA,NA,NA,NA,"1",756.634396898577,2.62106967718989
"20250529-CbDRC3-p017-m2x_F10_roi_0.png",20250529,"CbDRC3","p017","m2x","F10",0,779.52401417499,36.6702856645263,"","48h",10,"15hHB101","DMSO",1,"Pyrantel",75,NA,NA,"ED3102","1",NA,NA,NA,717.125032937979,486.798852716968,627.960273145499,669.433516032527,742.151869990656,64.8702996818218,761.889779023998,778.02000949221,810.185089151349,0.0904588414882906,33.9192899289925,25.5978149937693,28.9702167624285,31.0190811694866,34.487174863055,3.2210914286631,36.3359743066993,37.1180682983449,40.0230109018903,0.0949634097708477,78,"1_ED3102_75",NA,"n>75",NA,NA,NA,"1",756.634396898577,-14.4825269079211
"20250529-CbDRC3-p017-m2x_F11_roi_0.png",20250529,"CbDRC3","p017","m2x","F11",0,680.769135376146,31.6075087681615,"","48h",10,"15hHB101","DMSO",1,"Pyrantel",150,NA,NA,"ED3102","1",NA,NA,NA,690.68152643237,513.263871923725,629.535619279502,663.950063610498,699.360148196033,54.586913402702,725.902224698803,753.936383707924,793.004327081196,0.0790334058660349,34.092117975395,26.2205305993441,30.8742898675184,32.801641170233,34.3912697575133,2.63937709075694,35.9403262098679,37.3312194846568,38.7219611174875,0.0774189826710631,74,"1_ED3102_150",NA,NA,NA,NA,NA,"1",756.634396898577,-57.2742487025434
"20250529-CbDRC3-p017-m2x_F12_roi_0.png",20250529,"CbDRC3","p017","m2x","F12",0,561.973712501217,28.4792324884357,"","48h",10,"15hHB101","DMSO",1,"Pyrantel",300,NA,NA,"ED3102","1",NA,NA,NA,624.520563536866,525.786077269536,556.095438784165,602.358373253064,621.935044363994,49.5592816252339,657.486517077427,678.377234078095,737.132544896532,0.0793557242447924,31.9342999049089,27.5205935145994,29.0405321563809,30.5113899082163,31.5959258959233,2.30980877149992,33.4492081228355,35.2564499835937,38.2695566555702,0.0723300269108096,62,"1_ED3102_300",NA,NA,NA,NA,NA,"1",756.634396898577,-134.699352534582
"20250529-CbDRC3-p018-m2x_A01_roi_0.png",20250529,"CbDRC3","p018","m2x","A01",0,707.011838892212,31.690706922043,"","48h",10,"15hHB101","DMSO",1,"Pyrantel",0,NA,NA,"ECA2666","1",NA,NA,NA,742.818408024232,601.071056010623,692.721067089963,724.537628682277,747.068604015621,37.9448482920338,768.445462321488,779.659590541103,808.781815175812,0.0510822670549596,33.9529269112839,28.4195557260928,31.1565954094118,32.3087452926342,34.0575423901214,2.34906604687842,35.3411802311648,36.7277453118861,39.8048571893722,0.0691859659998187,66,"1_ECA2666_0",NA,NA,NA,NA,NA,"1",735.32863008283,11.7399739327903
"20250529-CbDRC3-p018-m2x_A02_roi_0.png",20250529,"CbDRC3","p018","m2x","A02",0,710.920722189715,31.5480469387285,"","48h",10,"15hHB101","DMSO",1,"Pyrantel",0.292,NA,NA,"ECA2666","1",NA,NA,NA,735.038430952003,584.313365655354,679.840363979634,718.927280280676,749.3492626694,40.383431764605,760.177028894984,769.848215088073,800.85859848255,0.0549405718994874,33.9671595863786,26.2251419351902,31.0211793388513,32.0071889620186,33.87573050264,2.72822968700672,35.8403817449725,37.5324433269474,40.6780050563934,0.0803196299080829,85,"1_ECA2666_0.292",NA,"n>75",NA,NA,NA,"1",735.32863008283,14.0206325865698
"20250529-CbDRC3-p018-m2x_A03_roi_0.png",20250529,"CbDRC3","p018","m2x","A03",0,768.798615366818,34.1725651506231,"","48h",10,"15hHB101","DMSO",1,"Pyrantel",0.585,NA,NA,"ECA2666","1",NA,NA,NA,743.97957270588,590.559462274537,696.410735639649,728.037863244867,749.419314375144,37.1908406882417,768.412705729466,782.285892985782,821.75974990226,0.049989061598798,33.5141465317303,28.4729930108955,29.6003780716154,31.8367568474369,33.4732481595286,2.67614630233516,35.4599370198924,37.0402288467829,39.4857405186239,0.0798512443036989,84,"1_ECA2666_0.585",NA,"n>75",NA,NA,NA,"1",735.32863008283,14.0906842923139
"20250529-CbDRC3-p018-m2x_A04_roi_0.png",20250529,"CbDRC3","p018","m2x","A04",0,756.364239783184,31.4328966032742,"","48h",10,"15hHB101","DMSO",1,"Pyrantel",1.17,NA,NA,"ECA2666","1",NA,NA,NA,734.668430531485,584.952090988334,661.26292335222,711.936988307566,745.740243663381,50.0677974632036,766.309054606895,785.523520441945,821.400328376161,0.068150195901276,33.1800918943607,27.1076664680366,29.8228951504893,31.2250885831149,32.9384001973127,2.71591757865522,35.0121112357287,36.7314968588617,39.7059028736604,0.081853829317357,76,"1_ECA2666_1.17",NA,"n>75",NA,NA,NA,"1",735.32863008283,10.4116135805501
"20250529-CbDRC3-p018-m2x_A05_roi_0.png",20250529,"CbDRC3","p018","m2x","A05",0,741.067882343924,34.1438332467012,"","48h",10,"15hHB101","DMSO",1,"Pyrantel",2.34,NA,NA,"ECA2666","1",NA,NA,NA,683.056433327042,214.996460659534,589.383423264207,644.683694564648,688.199129325928,102.304677356765,734.903978905534,780.898573319857,1067.37608578065,0.149774853680036,38.1679054835688,29.2304827519446,32.2725448305278,33.9016442203118,35.8299619963991,16.2117652871445,37.2968166962824,38.2693384928165,161.256499114849,0.424748622743357,71,"1_ECA2666_2.34",NA,NA,NA,NA,NA,"1",735.32863008283,-47.1295007569028
"20250529-CbDRC3-p018-m2x_A06_roi_0.png",20250529,"CbDRC3","p018","m2x","A06",0,820.577067840406,36.2205114852227,"","48h",10,"15hHB101","DMSO",1,"Pyrantel",4.68,NA,NA,"ECA2666","1",NA,NA,NA,722.144982903365,457.183348081255,652.431364098134,701.66813871158,736.05435584211,62.6198599194174,760.372784693876,775.295584550191,820.577067840406,0.0867136951746946,33.0054135544261,24.5525859432027,29.1301968351838,31.2788868808717,33.6317479680675,3.01077672044818,35.1753945630059,36.4986863378219,38.8490734832577,0.0912206937047884,81,"1_ECA2666_4.68",NA,"n>75",NA,NA,NA,"1",735.32863008283,0.725725759279612
"20250529-CbDRC3-p018-m2x_A07_roi_0.png",20250529,"CbDRC3","p018","m2x","A07",0,663.151022989283,28.2773292751085,"","48h",10,"15hHB101","DMSO",1,"Pyrantel",9.375,NA,NA,"ECA2666","1",NA,NA,NA,723.66236700605,404.892904794848,615.527412840296,704.703498565723,744.625417144019,68.3299460803716,763.375321613033,775.877179841543,823.38601086413,0.0944224118812031,33.1199124121539,22.879260603129,29.5034532028456,31.3403520910205,33.3841056491548,3.00666756016981,34.8950909632663,36.4182537859277,40.5413310271328,0.090781265444001,70,"1_ECA2666_9.375",NA,NA,NA,NA,NA,"1",735.32863008283,9.29678706118818
"20250529-CbDRC3-p018-m2x_A08_roi_0.png",20250529,"CbDRC3","p018","m2x","A08",0,738.001306355944,34.1768037758456,"","48h",10,"15hHB101","DMSO",1,"Pyrantel",18.75,NA,NA,"ECA2666","1",NA,NA,NA,676.913097602805,254.415810859795,573.187172254007,646.374161701204,711.710350005196,104.699667907947,740.029513095382,769.883482969405,784.097104014442,0.154672244160626,31.1315023535451,15.5108151494717,28.0009764145974,29.4938859603931,31.244142113986,3.72607984519064,33.6351876938414,35.17133208483,37.6694100258034,0.119688404461673,62,"1_ECA2666_18.75",NA,NA,NA,NA,NA,"1",735.32863008283,-23.6182800776348
"20250529-CbDRC3-p018-m2x_A09_roi_0.png",20250529,"CbDRC3","p018","m2x","A09",0,756.565106645225,32.835930294338,"","48h",10,"15hHB101","DMSO",1,"Pyrantel",37.5,NA,NA,"ECA2666","1",NA,NA,NA,699.293251738395,416.791663793837,598.425905432753,673.347017244651,716.053738747814,83.5388239135253,745.733328688518,774.948215527207,841.926207006142,0.119461790466093,31.504838542421,21.5577301395502,28.2229595056373,29.6901955627647,31.6191790336129,3.46888917099606,33.5390722270333,36.1109464043277,38.6851473804073,0.110106552881559,70,"1_ECA2666_37.5",NA,NA,NA,NA,NA,"1",735.32863008283,-19.274891335016
"20250529-CbDRC3-p018-m2x_A10_roi_0.png",20250529,"CbDRC3","p018","m2x","A10",0,639.842333020939,29.7013871107709,"","48h",10,"15hHB101","DMSO",1,"Pyrantel",75,NA,NA,"ECA2666","1",NA,NA,NA,664.840963275774,428.909040048246,585.91827254532,617.221685579483,677.28874904228,70.6533780184019,719.337074493297,741.047303269827,766.708052231337,0.106271096278848,29.9883565322616,23.1732987096068,26.3215137872666,27.6857976108572,30.1345608788692,3.12902359140701,31.3941913808751,34.5975599548422,37.9921219728176,0.104341282858925,66,"1_ECA2666_75",NA,NA,NA,NA,NA,"1",735.32863008283,-58.0398810405503
"20250529-CbDRC3-p018-m2x_A11_roi_0.png",20250529,"CbDRC3","p018","m2x","A11",0,631.574138567568,29.5861147030114,"","48h",10,"15hHB101","DMSO",1,"Pyrantel",150,NA,NA,"ECA2666","1",NA,NA,NA,585.294629002503,282.7954084871,443.094019790844,512.163443891216,607.755358505312,102.451998183942,665.472023099985,684.073513754099,737.126747549226,0.175043462056959,28.8251795280347,17.9362128666571,24.2647964163533,27.0188065356371,28.934977238373,3.45861245243997,30.9500311814547,33.2951027855536,37.1679820209228,0.119985807862054,69,"1_ECA2666_150",NA,NA,NA,NA,NA,"1",735.32863008283,-127.573271577518
"20250529-CbDRC3-p018-m2x_A12_roi_0.png",20250529,"CbDRC3","p018","m2x","A12",0,527.314279453954,26.9981405436261,"","48h",10,"15hHB101","DMSO",1,"Pyrantel",300,NA,NA,"ECA2666","1",NA,NA,NA,508.636212083255,323.376175797763,446.683105631459,488.024763781565,520.950182990211,53.1855477450811,543.090195702604,565.215403595866,593.638800766574,0.104565004381512,26.4805188779772,20.6839706827479,23.8419251217719,25.6117575635761,26.8138871382469,2.0372967334271,27.7239624395645,28.6499639788531,30.2890615860808,0.0769356802566824,54,"1_ECA2666_300",NA,NA,NA,NA,NA,"1",735.32863008283,-214.378447092619
"20250529-CbDRC3-p018-m2x_B01_roi_0.png",20250529,"CbDRC3","p018","m2x","B01",0,850.08310019645,38.4466711541152,"","48h",10,"15hHB101","DMSO",1,"Pyrantel",0,NA,NA,"JU3237","1",NA,NA,NA,787.518738439649,93.6753784474776,748.254196721997,775.713382100617,804.476871492926,104.229637556245,833.07181198164,847.965420470021,883.460322083792,0.132351946015609,36.3212920772944,15.8626596392314,33.312241897963,35.5538224044758,36.9798760151171,3.4824980509725,38.4603411110198,39.1095993106126,41.0304310886275,0.0958803459844295,73,"1_JU3237_0",NA,NA,NA,NA,NA,"1",806.265742658269,-1.78887116534327
"20250529-CbDRC3-p018-m2x_B02_roi_0.png",20250529,"CbDRC3","p018","m2x","B02",0,835.702096582944,38.2353617821052,"","48h",10,"15hHB101","DMSO",1,"Pyrantel",0.292,NA,NA,"JU3237","1",NA,NA,NA,821.36881784494,743.40578312495,770.1336553687,789.160462088331,818.025374609277,47.7646551710025,849.47921637603,870.67055396595,1003.79655606957,0.0581525060767763,37.475630475353,30.9523513930073,34.7657375879474,36.7267107052154,37.5631600163834,2.12464048804812,38.689180820062,39.931850419338,41.4846652562768,0.0566939224530314,58,"1_JU3237_0.292",NA,NA,NA,NA,NA,"1",806.265742658269,11.7596319510081
"20250529-CbDRC3-p018-m2x_B03_roi_0.png",20250529,"CbDRC3","p018","m2x","B03",0,858.47178929259,39.8101728678436,"","48h",10,"15hHB101","DMSO",1,"Pyrantel",0.585,NA,NA,"JU3237","1",NA,NA,NA,815.893498447897,659.510425069582,765.531605753363,787.688644790806,823.005727207148,52.3671174295679,843.211403552211,855.128262111414,1087.74255214773,0.0641837660542556,37.2791304712953,31.4556071131147,34.5738309014168,36.3485291578935,37.3930352704808,1.94629118476485,38.4553650474825,39.7733786100467,40.536484254966,0.0522085992929338,80,"1_JU3237_0.585",NA,"n>75",NA,NA,NA,"1",806.265742658269,16.7399845488792
"20250529-CbDRC3-p018-m2x_B04_roi_0.png",20250529,"CbDRC3","p018","m2x","B04",0,816.258040181982,38.284998981937,"","48h",10,"15hHB101","DMSO",1,"Pyrantel",1.17,NA,NA,"JU3237","1",NA,NA,NA,795.795011343181,297.03467849697,764.984195190468,782.635500256903,802.451690091101,83.7077970376292,828.233883909121,858.445171482021,914.502225489953,0.105187637324269,37.4905346044063,16.9268666440017,35.2231864445517,36.3267481386925,38.1281080524703,3.5808162769305,39.0235703449909,40.0177366353293,45.5009807865481,0.0955125424247657,64,"1_JU3237_1.17",NA,NA,NA,NA,NA,"1",806.265742658269,-3.81405256716823
"20250529-CbDRC3-p018-m2x_B05_roi_0.png",20250529,"CbDRC3","p018","m2x","B05",0,802.993656572981,34.6196771441599,"","48h",10,"15hHB101","DMSO",1,"Pyrantel",2.34,NA,NA,"JU3237","1",NA,NA,NA,817.885839962734,752.848396767854,779.795328515433,793.22516959383,825.770463000168,30.2977314278637,841.289566835501,851.313250731496,877.761037655515,0.0370439613299139,37.4240571746158,33.14634968405,35.3303083432097,36.1465972288182,37.0857195184187,1.8430110429772,38.7963014508481,39.7854649481893,41.701402417197,0.0492466926922955,76,"1_JU3237_2.34",NA,"n>75",NA,NA,NA,"1",806.265742658269,19.5047203418986
"20250529-CbDRC3-p018-m2x_B06_roi_0.png",20250529,"CbDRC3","p018","m2x","B06",0,854.775494198613,39.2532526481615,"","48h",10,"15hHB101","DMSO",1,"Pyrantel",4.68,NA,NA,"JU3237","1",NA,NA,NA,806.210632009678,375.923251563174,738.769462739959,782.637805672771,816.691602881594,81.7604079241443,846.162602573304,865.950303276577,1110.66727431497,0.101413209746858,36.8399967690602,19.1453186810015,34.2258209377089,35.4738669333225,36.9469157086933,3.45139931796985,38.6761175411361,40.9089062792192,42.7295413001447,0.0936862003437655,71,"1_JU3237_4.68",NA,NA,NA,NA,NA,"1",806.265742658269,10.4258602233248
"20250529-CbDRC3-p018-m2x_B07_roi_0.png",20250529,"CbDRC3","p018","m2x","B07",0,820.282967164706,36.0217269953227,"","48h",10,"15hHB101","DMSO",1,"Pyrantel",9.375,NA,NA,"JU3237","1",NA,NA,NA,806.975504794787,643.081046417458,764.407623863044,782.649060970423,810.787124714914,42.3730922297867,832.692257440718,852.450556406826,884.473325170759,0.0525085234657304,36.3976504472477,29.2883377424977,33.4601892506992,35.1813002096978,36.4893853901669,2.36858149142452,37.9531110699728,39.4696122785003,40.5558434645131,0.0650751205728892,62,"1_JU3237_9.375",NA,NA,NA,NA,NA,"1",806.265742658269,4.52138205664471
"20250529-CbDRC3-p018-m2x_B08_roi_0.png",20250529,"CbDRC3","p018","m2x","B08",0,880.739278763704,36.0868406114113,"","48h",10,"15hHB101","DMSO",1,"Pyrantel",18.75,NA,NA,"JU3237","1",NA,NA,NA,791.634254965379,302.315671233009,746.63645319859,780.885091324878,799.551518955138,77.5018147627314,826.957709318925,858.935581544065,880.739278763704,0.0979010373497806,36.2833211722845,17.7693722365239,33.682046394878,35.2295973260298,36.563162536128,3.41477925440325,38.4696056894789,39.2812265853427,40.9471597201901,0.0941142967091908,72,"1_JU3237_18.75",NA,NA,NA,NA,NA,"1",806.265742658269,-6.71422370313132
"20250529-CbDRC3-p018-m2x_B09_roi_0.png",20250529,"CbDRC3","p018","m2x","B09",0,788.281105424907,37.8140640882688,"","48h",10,"15hHB101","DMSO",1,"Pyrantel",37.5,NA,NA,"JU3237","1",NA,NA,NA,760.854387209685,437.517579605735,576.837040310673,760.710973796175,791.975995688037,106.354715275783,821.406657549586,845.759576940815,930.319377231605,0.139783271363949,35.342612313714,22.746632643604,29.4848151111606,34.4908358654779,36.1655321393569,4.30523207344702,37.9371824072774,39.7594874681334,41.3629937376785,0.121814200807575,71,"1_JU3237_37.5",NA,NA,NA,NA,NA,"1",806.265742658269,-14.289746970232
"20250529-CbDRC3-p018-m2x_B10_roi_0.png",20250529,"CbDRC3","p018","m2x","B10",0,782.064188717858,33.7678772133544,"","48h",10,"15hHB101","DMSO",1,"Pyrantel",75,NA,NA,"JU3237","1",NA,NA,NA,728.827046147446,562.168912722081,601.631818210994,661.528269810203,750.054361236952,81.4012169263766,782.011817793919,810.099448557437,873.437390150386,0.111687975023238,33.3801596111296,26.9960734434484,27.6793123096317,29.9659641349228,34.5645471674237,3.66671279680866,36.2948527691819,37.3815185171816,38.4606421745988,0.109847072018976,53,"1_JU3237_75",NA,NA,NA,NA,NA,"1",806.265742658269,-56.2113814213172
"20250529-CbDRC3-p018-m2x_B11_roi_0.png",20250529,"CbDRC3","p018","m2x","B11",0,742.845098703508,33.8196476410811,"","48h",10,"15hHB101","DMSO",1,"Pyrantel",150,NA,NA,"JU3237","1",NA,NA,NA,643.824147181585,302.23418255953,538.861727893507,563.152475281785,660.87379721042,94.0641975323516,707.276219541131,741.515569814094,841.952228079697,0.146102313720491,30.8100146481293,20.8986180674597,27.1169052572378,28.464477914566,30.7082535461214,3.45862651487049,33.3850133962284,35.215161785116,37.1014391562118,0.112256568338908,72,"1_JU3237_150",NA,NA,NA,NA,NA,"1",806.265742658269,-145.391945447849
"20250529-CbDRC3-p018-m2x_B12_roi_0.png",20250529,"CbDRC3","p018","m2x","B12",0,619.750403949513,31.1981798664492,"","48h",10,"15hHB101","DMSO",1,"Pyrantel",300,NA,NA,"JU3237","1",NA,NA,NA,559.835704160987,434.254414319973,492.350040794552,524.398348588176,565.156776910529,49.0943811052019,597.905925423145,614.639157828533,655.877224479499,0.0876942659074924,29.0622236609313,22.1082168459299,26.414406381064,27.2353965708388,29.0551047840195,2.38937699574129,30.6263463882348,31.5798954727284,35.2240670836172,0.0822159041791892,79,"1_JU3237_300",NA,"n>75",NA,NA,NA,"1",806.265742658269,-241.10896574774
"20250529-CbDRC3-p018-m2x_C01_roi_0.png",20250529,"CbDRC3","p018","m2x","C01",0,757.593463457375,38.6575517690214,"","48h",10,"15hHB101","DMSO",1,"Pyrantel",0,NA,NA,"VX34","1",NA,NA,NA,765.1696750845,451.036444808916,719.883042192073,740.888145540036,764.880548627971,59.4752438773599,807.224742852483,827.69360918172,843.980107733053,0.0777281769181349,37.6038738080661,23.4091914491306,35.2860148646901,36.066858296971,37.7921890397386,2.93246105290364,39.2066304507307,40.8351811100073,42.60996750389,0.0779829511148562,55,"1_VX34_0",NA,NA,NA,NA,NA,"1",763.538605859815,1.34194276815515
"20250529-CbDRC3-p018-m2x_C02_roi_0.png",20250529,"CbDRC3","p018","m2x","C02",0,725.463731946235,35.1674827750204,"","48h",10,"15hHB101","DMSO",1,"Pyrantel",0.292,NA,NA,"VX34","1",NA,NA,NA,766.599392462966,653.782601545289,716.106314950448,733.154210635201,768.006263650005,49.3769057268149,792.278696469405,832.501629222718,914.127916073416,0.0644103115816131,37.0136761002416,29.1532018037752,33.9212518628661,35.1806062261975,37.2093242635848,2.84720583474284,38.6441466097652,40.5099383316623,43.1312531616924,0.0769230764064597,63,"1_VX34_0.292",NA,NA,NA,NA,NA,"1",763.538605859815,4.46765779018949
"20250529-CbDRC3-p018-m2x_C04_roi_0.png",20250529,"CbDRC3","p018","m2x","C04",0,764.119500595486,37.5404669124471,"","48h",10,"15hHB101","DMSO",1,"Pyrantel",1.17,NA,NA,"VX34","1",NA,NA,NA,757.899926069781,488.749303353526,711.866552854516,734.064628527344,762.802574417857,69.5576198871379,797.738244027387,827.389207806823,881.503544149291,0.0917767867425991,36.6613160130821,24.9036074283105,33.1254108842902,35.4874713728631,36.8493330809777,3.47628126320698,38.8503504020677,40.5785228291744,42.2421186759103,0.0948215078249376,54,"1_VX34_1.17",NA,NA,NA,NA,NA,"1",763.538605859815,-0.736031441958289
"20250529-CbDRC3-p018-m2x_C05_roi_0.png",20250529,"CbDRC3","p018","m2x","C05",0,811.647312985491,39.9372199443058,"","48h",10,"15hHB101","DMSO",1,"Pyrantel",2.34,NA,NA,"VX34","1",NA,NA,NA,747.509887696711,612.250841354346,702.650754357816,721.107882574836,748.86740808761,46.3588840281257,764.764136963711,799.238168503132,861.707896865422,0.0620177535991805,37.049431232526,28.8659899624791,33.9444970873713,35.4595404358091,36.8660692071711,3.12918672026531,39.2267200608422,40.5954117378321,46.0556340430806,0.0844597775503277,46,"1_VX34_2.34",NA,NA,NA,NA,NA,"1",763.538605859815,-14.6711977722056
"20250529-CbDRC3-p018-m2x_C06_roi_0.png",20250529,"CbDRC3","p018","m2x","C06",0,740.895590440174,33.5800586945657,"","48h",10,"15hHB101","DMSO",1,"Pyrantel",4.68,NA,NA,"VX34","1",NA,NA,NA,741.388152652827,392.158083802212,658.433758768324,699.820561889336,755.472523196552,93.5766860374944,809.599831338353,831.846029050152,880.389373882011,0.126218210666922,35.3754117787837,19.6233185861755,31.4900455557229,32.3615872308558,36.1321333461081,4.68210568025896,39.0331672141292,39.9682868213883,42.4013232189869,0.132354803656789,55,"1_VX34_4.68",NA,NA,NA,NA,NA,"1",763.538605859815,-8.06608266326316
"20250529-CbDRC3-p018-m2x_C07_roi_0.png",20250529,"CbDRC3","p018","m2x","C07",0,727.503238615633,33.3838229235799,"","48h",10,"15hHB101","DMSO",1,"Pyrantel",9.375,NA,NA,"VX34","1",NA,NA,NA,721.732278332981,275.957686623061,536.570494488204,720.551573965177,764.348638586235,133.360053659175,799.175820480661,825.87329751531,880.571361576758,0.184777732218382,34.215503532162,19.2753395270749,27.6464961029913,33.0919102096763,35.6744319961401,5.26851670286305,37.2048890631217,38.8665359557843,42.1007069149992,0.153980393651396,48,"1_VX34_9.375",NA,NA,NA,NA,NA,"1",763.538605859815,0.810032726419308
"20250529-CbDRC3-p018-m2x_C08_roi_0.png",20250529,"CbDRC3","p018","m2x","C08",0,777.14964438763,36.7052137397018,"","48h",10,"15hHB101","DMSO",1,"Pyrantel",18.75,NA,NA,"VX34","1",NA,NA,NA,720.949027927935,370.819695181379,487.528126898713,707.084613255218,753.368764370929,121.038757278258,795.75614766894,826.99307840187,845.212575097389,0.167888092763137,35.1559914785245,20.7593775440162,26.0817114446405,33.3376037176137,36.4992353448165,5.43545146056519,38.5693861264542,40.185517148982,45.1301247076176,0.15460953402169,55,"1_VX34_18.75",NA,NA,NA,NA,NA,"1",763.538605859815,-10.1698414888864
"20250529-CbDRC3-p018-m2x_C10_roi_0.png",20250529,"CbDRC3","p018","m2x","C10",0,853.066277200594,38.6524569739564,"","48h",10,"15hHB101","DMSO",1,"Pyrantel",75,NA,NA,"VX34","1",NA,NA,NA,704.530308610659,230.970368197311,479.370905927549,682.631870111514,749.024107020045,138.243401693317,790.033738657955,827.467910489719,853.066277200594,0.196220659358054,33.9682571179662,20.3873675039167,25.2739491202699,31.6979759415519,35.5842556351913,5.14939454929854,37.3201168251094,39.1338526648901,41.2205233428888,0.151594311460124,45,"1_VX34_75",NA,NA,NA,NA,NA,"1",763.538605859815,-14.5144988397702
"20250529-CbDRC3-p018-m2x_C11_roi_0.png",20250529,"CbDRC3","p018","m2x","C11",0,752.743899294541,36.4257034011448,"","48h",10,"15hHB101","DMSO",1,"Pyrantel",150,NA,NA,"VX34","1",NA,NA,NA,652.1107052618,364.269554363727,506.670072676253,552.048219629122,670.203772750357,117.756828085378,754.084779944633,795.727087641135,819.024744862449,0.180577971094805,32.097609829081,23.1779699937338,25.9260546485889,29.3415039906663,32.5467053195937,4.4280802088737,36.4456528406632,37.8014252864054,39.6361220287861,0.137956696229193,43,"1_VX34_150",NA,NA,NA,NA,NA,"1",763.538605859815,-93.3348331094583
"20250529-CbDRC3-p018-m2x_C12_roi_0.png",20250529,"CbDRC3","p018","m2x","C12",0,643.151859684406,29.6444880736459,"","48h",10,"15hHB101","DMSO",1,"Pyrantel",300,NA,NA,"VX34","1",NA,NA,NA,527.030316230711,237.153439155544,401.936110616266,445.449737524294,522.256917100073,129.832540914792,608.60549183019,697.632056723678,783.966553399072,0.246347386319911,28.3608330660209,20.5234967999223,21.7520420571508,23.8153583377169,29.5529685566191,4.88783260196882,32.2139622799993,34.4024911685297,36.79658118294,0.172344465008855,32,"1_VX34_300",NA,NA,NA,NA,NA,"1",763.538605859815,-241.281688759743
"20250529-CbDRC3-p018-m2x_D01_roi_0.png",20250529,"CbDRC3","p018","m2x","D01",0,777.29401709962,36.2822076056799,"","48h",10,"15hHB101","DMSO",1,"Pyrantel",0,NA,NA,"NIC1667","1",NA,NA,NA,716.565251364817,608.258845016276,640.147289721982,700.371627206204,727.497675689582,44.818163602579,749.221667507054,762.624335672658,780.406241510155,0.0625458233108784,33.4960567278302,28.0997459577659,30.0888850507827,31.7201321333034,33.5305896460726,2.59890073043739,35.5928775928176,37.1991136662635,38.1944129644776,0.077588259165984,56,"1_NIC1667_0",NA,NA,NA,NA,NA,"1",725.939516673208,1.55815901637447
"20250529-CbDRC3-p018-m2x_D02_roi_0.png",20250529,"CbDRC3","p018","m2x","D02",0,770.641109020227,34.7787107326183,"","48h",10,"15hHB101","DMSO",1,"Pyrantel",0.292,NA,NA,"NIC1667","1",NA,NA,NA,720.435450772321,424.320411324885,644.527704377738,699.308725326953,738.082565805623,63.5501967990166,760.867143192943,782.511940745528,808.660254553934,0.0882108129616463,33.220348574438,23.5375116756788,29.9536738379123,31.6124999160646,33.6543727929392,3.11709355564488,34.892655694542,36.9593436323383,38.713310783674,0.0938308503494566,59,"1_NIC1667_0.292",NA,NA,NA,NA,NA,"1",725.939516673208,12.1430491324153
"20250529-CbDRC3-p018-m2x_D03_roi_0.png",20250529,"CbDRC3","p018","m2x","D03",0,737.860900788573,29.8902649330931,"","48h",10,"15hHB101","DMSO",1,"Pyrantel",0.585,NA,NA,"NIC1667","1",NA,NA,NA,720.108997201408,551.286841963292,671.771672203165,707.775489225122,726.076542320517,43.796046976775,749.572980965023,765.260642598811,795.983203588714,0.0608186359939697,32.3503834586533,22.2404784308902,29.8896685051744,31.1325645678187,32.3854063653221,2.4884329362739,33.8201157732838,35.6207597192155,37.2641049412955,0.0769212809936038,62,"1_NIC1667_0.585",NA,NA,NA,NA,NA,"1",725.939516673208,0.137025647309429
"20250529-CbDRC3-p018-m2x_D04_roi_0.png",20250529,"CbDRC3","p018","m2x","D04",0,789.164225299491,34.0953292820934,"","48h",10,"15hHB101","DMSO",1,"Pyrantel",1.17,NA,NA,"NIC1667","1",NA,NA,NA,719.559391639484,573.616537140057,653.297810570124,699.44081195909,729.319266980105,48.0386888894979,752.44170114048,772.33864425797,815.971236802847,0.0667612561904639,32.7664721221716,26.4298723374684,29.0005256574238,31.4712259369205,33.0761024648216,2.76967232451317,34.6071836469225,36.0812791236664,38.8468019916191,0.0845276328249894,65,"1_NIC1667_1.17",NA,NA,NA,NA,NA,"1",725.939516673208,3.37975030689745
"20250529-CbDRC3-p018-m2x_D05_roi_0.png",20250529,"CbDRC3","p018","m2x","D05",0,793.221692389794,33.9987364377273,"","48h",10,"15hHB101","DMSO",1,"Pyrantel",2.34,NA,NA,"NIC1667","1",NA,NA,NA,719.156189704747,569.682188753587,658.176577505874,693.957759018088,729.515176710818,46.0089906151746,747.502378260948,769.305484122835,801.519086931416,0.0639763535012662,33.1747024592798,26.5094873304806,30.3580308034941,31.9507232729032,33.1293788809555,2.28840786056562,34.4836737281555,36.2806742672316,38.0051295070823,0.0689805089698851,66,"1_NIC1667_2.34",NA,NA,NA,NA,NA,"1",725.939516673208,3.57566003760985
"20250529-CbDRC3-p018-m2x_D06_roi_0.png",20250529,"CbDRC3","p018","m2x","D06",0,639.417729957355,28.5353696576624,"","48h",10,"15hHB101","DMSO",1,"Pyrantel",4.68,NA,NA,"NIC1667","1",NA,NA,NA,709.291431765221,199.998124802196,638.537279603701,698.507239621852,729.048232515697,89.3788084799363,753.46436457768,769.709820710959,784.98933775303,0.12601140303852,32.0901090336174,13.8217490089704,28.7357248349566,31.1707138588428,32.7774002813916,3.85916842189848,34.3772465420815,35.8053231035624,37.1678315346697,0.120260371127304,46,"1_NIC1667_4.68",NA,NA,NA,NA,NA,"1",725.939516673208,3.10871584248912
"20250529-CbDRC3-p018-m2x_D07_roi_0.png",20250529,"CbDRC3","p018","m2x","D07",0,737.972922804598,33.9230055594397,"","48h",10,"15hHB101","DMSO",1,"Pyrantel",9.375,NA,NA,"NIC1667","1",NA,NA,NA,720.226443956285,593.306929257847,649.111974910285,695.029075919662,726.919332382705,45.442230363707,756.82788058398,768.851379234318,798.177848609415,0.0630943653138973,32.5281354848828,27.6913651322956,29.5188579984653,30.5049345397609,32.6368304129553,2.39341149272008,34.0102994796362,35.7541729059893,37.4930247744272,0.0735797320394339,59,"1_NIC1667_9.375",NA,NA,NA,NA,NA,"1",725.939516673208,0.979815709497757
"20250529-CbDRC3-p018-m2x_D08_roi_0.png",20250529,"CbDRC3","p018","m2x","D08",0,760.81872510471,36.0118183184603,"","48h",10,"15hHB101","DMSO",1,"Pyrantel",18.75,NA,NA,"NIC1667","1",NA,NA,NA,721.045633302063,514.730052019597,679.730798275461,703.048465077855,724.672903185022,47.5112143445457,753.378183072794,764.661878605618,796.906718079646,0.0658921046743822,32.8534942436646,23.9807618723883,29.615713005531,31.6606987982029,33.3685532919807,2.52876368930113,34.3849689992024,35.7837495300735,36.9329876235318,0.0769709203698714,49,"1_NIC1667_18.75",NA,NA,NA,NA,NA,"1",725.939516673208,-1.26661348818607
"20250529-CbDRC3-p018-m2x_D09_roi_0.png",20250529,"CbDRC3","p018","m2x","D09",0,771.482615618105,34.7976095323511,"","48h",10,"15hHB101","DMSO",1,"Pyrantel",37.5,NA,NA,"NIC1667","1",NA,NA,NA,711.250379070356,434.676597765217,652.743275542782,698.547576459761,715.748052338384,58.307562813697,747.49237721508,765.525696889154,800.447908503915,0.0819789549917826,32.334136624511,21.6784338738887,29.3155414417366,30.4075303906229,32.634897242454,2.92089159964418,34.5576106760609,35.61116104846,37.4818705417003,0.0903346093190558,65,"1_NIC1667_37.5",NA,NA,NA,NA,NA,"1",725.939516673208,-10.1914643348238
"20250529-CbDRC3-p018-m2x_D10_roi_0.png",20250529,"CbDRC3","p018","m2x","D10",0,707.667590206065,32.5346312397991,"","48h",10,"15hHB101","DMSO",1,"Pyrantel",75,NA,NA,"NIC1667","1",NA,NA,NA,678.082330406878,458.547914313057,614.669975305891,648.451836771242,687.307861653268,60.1693141283065,716.737293052857,742.218680041448,781.814886726664,0.0887345259272608,30.512822068364,22.0740904676997,27.9635118083769,29.1968728884134,30.7548775557909,2.54157908401252,32.2699894350127,33.1658928275009,34.9500623451494,0.0832954447254373,50,"1_NIC1667_75",NA,NA,NA,NA,NA,"1",725.939516673208,-38.6316550199397
"20250529-CbDRC3-p018-m2x_D11_roi_0.png",20250529,"CbDRC3","p018","m2x","D11",0,736.602960393623,33.8593096161727,"","48h",10,"15hHB101","DMSO",1,"Pyrantel",150,NA,NA,"NIC1667","1",NA,NA,NA,686.096626242551,498.785484957521,623.635689705393,663.766278706211,690.91105919802,49.5964247107026,717.974550844474,739.919818222096,769.138863523744,0.0722878131354768,32.265752946946,28.2398873544105,29.9812014601162,31.2093043463224,32.2314474187945,1.90390859008982,33.4193440100065,34.4672145733685,37.559081640998,0.0590071024600104,58,"1_NIC1667_150",NA,NA,NA,NA,NA,"1",725.939516673208,-35.0284574751873
"20250529-CbDRC3-p018-m2x_D12_roi_0.png",20250529,"CbDRC3","p018","m2x","D12",0,653.316841650698,31.3665496858887,"","48h",10,"15hHB101","DMSO",1,"Pyrantel",300,NA,NA,"NIC1667","1",NA,NA,NA,595.266723809717,472.432248182877,525.865728940059,555.540128618506,604.701769368925,53.1331596465925,628.758772869284,654.099513424906,725.936456809957,0.0892594151854137,30.5535981658801,26.0402709487983,27.5420748112615,28.4587585588441,30.2144919022276,3.97927293026572,31.3104346135753,33.0537744648387,57.8803553385238,0.130239093564746,64,"1_NIC1667_300",NA,NA,NA,NA,NA,"1",725.939516673208,-121.237747304283
"20250529-CbDRC3-p018-m2x_E01_roi_0.png",20250529,"CbDRC3","p018","m2x","E01",0,734.944053848068,32.2892974003095,"","48h",10,"15hHB101","DMSO",1,"Pyrantel",0,NA,NA,"PB420","1",NA,NA,NA,757.274642511293,665.890492225589,724.840030229759,740.150590754045,754.439696635923,29.0243236740169,773.712908727195,793.656030054717,823.448538197007,0.0383273412902956,36.5305924427085,30.8955651133493,33.455490439892,34.5691291894108,36.3747430562356,2.52793628581146,38.3592301146682,39.4370477053254,42.9203571269937,0.0692005280170603,51,"1_PB420_0",NA,NA,NA,NA,NA,"1",756.281457175035,-1.84176053911153
"20250529-CbDRC3-p018-m2x_E02_roi_0.png",20250529,"CbDRC3","p018","m2x","E02",0,749.485956126033,37.0796663906889,"","48h",10,"15hHB101","DMSO",1,"Pyrantel",0.292,NA,NA,"PB420","1",NA,NA,NA,752.76901612654,553.40797476192,693.823307543815,738.277454086434,758.924731481947,44.9706459335084,775.430110483547,801.458552938513,840.915417455066,0.059740298777054,36.7817404711953,28.6141216047926,32.9944210412802,35.886335602413,37.0826038232518,2.47952261474224,38.2440834816189,39.4105388633592,41.4609794381567,0.0674117804915736,64,"1_PB420_0.292",NA,NA,NA,NA,NA,"1",756.281457175035,2.64327430691208
"20250529-CbDRC3-p018-m2x_E03_roi_0.png",20250529,"CbDRC3","p018","m2x","E03",0,761.755797600515,36.9454071472311,"","48h",10,"15hHB101","DMSO",1,"Pyrantel",0.585,NA,NA,"PB420","1",NA,NA,NA,751.740237645671,565.365157027686,700.906247211157,735.374057638416,753.68466275163,43.7555428585763,781.941801336354,799.353308944987,830.061304651964,0.058205668218069,36.8897927222316,31.3545630933638,34.0984777653426,35.5639217455716,36.9998056318597,2.33762434910343,38.3414742524612,39.6146713751709,41.7447119830297,0.0633677821587395,62,"1_PB420_0.585",NA,NA,NA,NA,NA,"1",756.281457175035,-2.59679442340473
"20250529-CbDRC3-p018-m2x_E04_roi_0.png",20250529,"CbDRC3","p018","m2x","E04",0,786.25506572201,37.6089181663763,"","48h",10,"15hHB101","DMSO",1,"Pyrantel",1.17,NA,NA,"PB420","1",NA,NA,NA,750.545817447461,247.627003122663,715.446301124372,737.192745600504,768.776763078396,78.0602241069665,783.888156606256,792.437616500545,842.298654720212,0.104004608769179,36.2803927475519,13.5392218499324,34.6196803827974,35.2375841504868,36.9596772129375,3.85613932443889,37.6631698441313,39.4207531029121,41.1064002518727,0.106287143892594,63,"1_PB420_1.17",NA,NA,NA,NA,NA,"1",756.281457175035,12.495305903361
"20250529-CbDRC3-p018-m2x_E05_roi_0.png",20250529,"CbDRC3","p018","m2x","E05",0,756.044883359063,36.6112939551716,"","48h",10,"15hHB101","DMSO",1,"Pyrantel",2.34,NA,NA,"PB420","1",NA,NA,NA,753.975186675213,239.176001865853,704.244344879431,743.615019491396,769.809129508513,77.7220219996317,788.942304821602,808.593339394092,822.119835187004,0.103082997124031,36.5090659854762,17.2807059950547,34.1126525484348,35.5720297447963,36.6513569478493,3.39092982248439,38.0097237143874,39.7166741343158,41.9618777221334,0.0928791173083788,63,"1_PB420_2.34",NA,NA,NA,NA,NA,"1",756.281457175035,13.5276723334781
"20250529-CbDRC3-p018-m2x_E06_roi_0.png",20250529,"CbDRC3","p018","m2x","E06",0,767.79815753064,36.6907188469049,"","48h",10,"15hHB101","DMSO",1,"Pyrantel",4.68,NA,NA,"PB420","1",NA,NA,NA,755.025019089952,560.68353618489,725.241663888324,738.072688598098,762.792555281074,44.0314799053496,777.18973166339,795.954976860125,828.37887168189,0.0583179084031172,37.1777950893885,28.5514005365346,34.3074818629432,36.0817625426893,37.3585470731196,2.62372831085885,38.7995946825382,40.4886869425866,42.0659826351738,0.0705724560735912,67,"1_PB420_4.68",NA,NA,NA,NA,NA,"1",756.281457175035,6.51109810603953
"20250529-CbDRC3-p018-m2x_E07_roi_0.png",20250529,"CbDRC3","p018","m2x","E07",0,768.970527446357,37.2643746975421,"","48h",10,"15hHB101","DMSO",1,"Pyrantel",9.375,NA,NA,"PB420","1",NA,NA,NA,758.779085439973,456.008990541492,721.676852025312,744.748904825777,772.136819879963,52.1403328757513,781.597436548736,803.520733720388,822.57107331872,0.0687160912527235,36.5265055721179,24.1229475347944,33.6554279229952,35.2321450800813,36.9289620166365,2.66462865102001,37.9923176729912,39.2516522828846,42.1692746430961,0.0729505494512464,61,"1_PB420_9.375",NA,NA,NA,NA,NA,"1",756.281457175035,15.8553627049276
"20250529-CbDRC3-p018-m2x_E08_roi_0.png",20250529,"CbDRC3","p018","m2x","E08",0,776.877305551438,36.8734745556548,"","48h",10,"15hHB101","DMSO",1,"Pyrantel",18.75,NA,NA,"PB420","1",NA,NA,NA,744.297228461204,590.565443342572,685.880602632085,729.161660488309,756.133239464755,47.2407190956613,776.530180067366,784.756971051765,813.867186481662,0.0634702337845984,36.1298542848372,28.8870682297818,33.2136019354514,34.6707128809634,36.1189571713207,3.33321885144772,37.5716977637056,38.9410023612361,53.9009317520474,0.092256636995256,68,"1_PB420_18.75",NA,NA,NA,NA,NA,"1",756.281457175035,-0.148217710280392
"20250529-CbDRC3-p018-m2x_E09_roi_0.png",20250529,"CbDRC3","p018","m2x","E09",0,768.917893433211,36.1991264394449,"","48h",10,"15hHB101","DMSO",1,"Pyrantel",37.5,NA,NA,"PB420","1",NA,NA,NA,754.635000179378,572.38772176033,700.601343842479,742.060856746317,759.875587714174,46.8459838176442,782.670775636011,805.579149874633,823.883033227413,0.0620776717307159,36.1249600435542,28.5420848964124,32.90774273458,35.2936264897639,35.924534075284,2.63506004275807,37.7189438174518,39.2959886506385,41.771288891692,0.0729429192331591,56,"1_PB420_37.5",NA,NA,NA,NA,NA,"1",756.281457175035,3.5941305391392
"20250529-CbDRC3-p018-m2x_E10_roi_0.png",20250529,"CbDRC3","p018","m2x","E10",0,758.007033828122,38.0770520642273,"","48h",10,"15hHB101","DMSO",1,"Pyrantel",75,NA,NA,"PB420","1",NA,NA,NA,691.47769205981,395.788954554147,553.393353750346,638.110026974812,718.658742238418,89.8232821878534,751.573886509826,777.573073085692,827.249455977818,0.129900477223326,34.36126251676,23.2530957991145,28.7631936459269,31.3798516416385,34.6583438034525,4.0314183827815,37.5055645497549,38.6434017019169,43.1477133468691,0.11732451276536,65,"1_PB420_75",NA,NA,NA,NA,NA,"1",756.281457175035,-37.6227149366171
"20250529-CbDRC3-p018-m2x_E11_roi_0.png",20250529,"CbDRC3","p018","m2x","E11",0,730.540812248394,32.8207487830426,"","48h",10,"15hHB101","DMSO",1,"Pyrantel",150,NA,NA,"PB420","1",NA,NA,NA,602.898197514637,299.203514578459,470.728082207403,516.467876030855,625.471950571136,107.311068251549,679.944863167013,729.317209259457,762.258360220506,0.177992020367491,31.8259226704872,21.0112838316182,26.3831842627083,29.2360156862229,32.5152572214825,4.17277971313927,35.2784756327372,36.5478029372989,38.6442004135214,0.131112607679675,57,"1_PB420_150",NA,NA,NA,NA,NA,"1",756.281457175035,-130.809506603899
"20250529-CbDRC3-p018-m2x_E12_roi_0.png",20250529,"CbDRC3","p018","m2x","E12",0,643.215370981809,31.9871303990349,"","48h",10,"15hHB101","DMSO",1,"Pyrantel",300,NA,NA,"PB420","1",NA,NA,NA,562.03663339383,366.179445979183,433.380373191681,480.505306852044,568.890928584521,91.8348260492582,621.706081058233,669.261864640579,725.130322898187,0.163396512954535,30.0750880584434,22.9008791962949,25.5844806853756,27.7906287701048,29.9733087466599,3.29349192952038,32.653671401449,34.1901736297918,35.8771728448829,0.109508970451568,33,"1_PB420_300",NA,NA,NA,NA,NA,"1",756.281457175035,-187.390528590514
"20250529-CbDRC3-p018-m2x_F01_roi_0.png",20250529,"CbDRC3","p018","m2x","F01",0,790.758840005799,37.6706075035282,"","48h",10,"15hHB101","DMSO",1,"Pyrantel",0,NA,NA,"ED3102","1",NA,NA,NA,756.39413569192,477.758614087362,727.39422965337,743.328620423548,764.839550539835,43.7166999621192,779.993944474841,790.319738818528,831.230445616054,0.0577961910322439,35.3282549309518,24.0386676038932,32.9078808832626,34.2519436628095,35.6071450641037,2.51254752728911,36.7541265349263,37.9063555800507,39.4720500116801,0.0711200576479031,87,"1_ED3102_0",NA,"n>75",NA,NA,NA,"1",756.634396898577,8.20515364125788
"20250529-CbDRC3-p018-m2x_F02_roi_0.png",20250529,"CbDRC3","p018","m2x","F02",0,725.25127489599,32.2356788831209,"","48h",10,"15hHB101","DMSO",1,"Pyrantel",0.292,NA,NA,"ED3102","1",NA,NA,NA,750.904255236602,642.485882899461,718.461129521895,737.037327591809,755.097322038553,28.8706977450242,768.472292717933,777.248978217055,812.017904926793,0.0384479080304684,35.8454107172103,32.1548808202778,33.2424363254908,34.7668858073716,35.9764205530561,1.72885332265724,37.1666769011919,38.0015012897721,39.3822865034721,0.048230813598327,83,"1_ED3102_0.292",NA,"n>75",NA,NA,NA,"1",756.634396898577,-1.53707486002349
"20250529-CbDRC3-p018-m2x_F03_roi_0.png",20250529,"CbDRC3","p018","m2x","F03",0,771.863228903944,36.9365978812252,"","48h",10,"15hHB101","DMSO",1,"Pyrantel",0.585,NA,NA,"ED3102","1",NA,NA,NA,751.891349944947,604.558277612472,725.677169242602,742.847751686811,758.398618833409,32.1528766928143,771.814195441955,781.766524939755,796.446175027004,0.0427626633757237,35.8127123074744,27.1306259756016,33.3359423557161,34.8116703114908,36.1059884382282,1.96779865431853,36.977248567027,38.001472821298,39.1967053024086,0.0549469316209215,78,"1_ED3102_0.585",NA,"n>75",NA,NA,NA,"1",756.634396898577,1.76422193483256
"20250529-CbDRC3-p018-m2x_F04_roi_0.png",20250529,"CbDRC3","p018","m2x","F04",0,733.580493619173,33.2169591291835,"","48h",10,"15hHB101","DMSO",1,"Pyrantel",1.17,NA,NA,"ED3102","1",NA,NA,NA,750.459742018153,693.382974378666,716.151350616156,734.831752395351,749.655684622639,24.76007577215,770.290442915833,782.000520451984,791.701387154034,0.0329932098763414,35.4148560530697,31.3983817995643,33.0739600585304,34.1277791918147,35.533828750939,1.7724433615471,36.6144823647948,37.5957515728478,39.7083390856975,0.0500480182353717,74,"1_ED3102_1.17",NA,NA,NA,NA,NA,"1",756.634396898577,-6.97871227593782
"20250529-CbDRC3-p018-m2x_F05_roi_0.png",20250529,"CbDRC3","p018","m2x","F05",0,734.236386796272,32.6016158473442,"","48h",10,"15hHB101","DMSO",1,"Pyrantel",2.34,NA,NA,"ED3102","1",NA,NA,NA,750.368371536099,593.342563840765,718.206980418904,741.020432436513,755.475205371396,32.0408492058451,771.188301401758,780.052611190818,793.673221622026,0.0427001595766269,35.4244322800419,27.8360224008983,32.3799168342656,33.779162859307,35.373444415748,2.55708262242613,37.3255538614103,38.8202018087968,39.922948062908,0.0721841525140485,66,"1_ED3102_2.34",NA,NA,NA,NA,NA,"1",756.634396898577,-1.15919152718061
"20250529-CbDRC3-p018-m2x_F06_roi_0.png",20250529,"CbDRC3","p018","m2x","F06",0,784.7365403467,34.3921737257409,"","48h",10,"15hHB101","DMSO",1,"Pyrantel",4.68,NA,NA,"ED3102","1",NA,NA,NA,752.038977734334,663.216654381695,701.080654253712,734.662983947738,758.301207502005,33.8217727729811,774.933179193526,790.843583543868,812.419379636652,0.0449734305991372,35.5654201468618,29.4167231639555,32.9293074400544,34.1527511584134,35.903320021792,2.32225940010522,37.5333035773712,38.1612872545827,40.8763277147879,0.0652954299574085,80,"1_ED3102_4.68",NA,"n>75",NA,NA,NA,"1",756.634396898577,1.6668106034283
"20250529-CbDRC3-p018-m2x_F07_roi_0.png",20250529,"CbDRC3","p018","m2x","F07",0,765.543880150919,36.2089011075836,"","48h",10,"15hHB101","DMSO",1,"Pyrantel",9.375,NA,NA,"ED3102","1",NA,NA,NA,758.740096596454,611.274949749013,719.746566329689,744.988109717191,765.846087461,30.7715704928933,777.931478431714,788.37054676494,811.132054418954,0.0405561412016157,35.8188002228092,29.0274868596451,33.8191034132679,34.4529205895697,35.7304795153397,1.88125582301647,37.0153446120495,38.3078946772775,40.2038836493809,0.0525214639048266,72,"1_ED3102_9.375",NA,NA,NA,NA,NA,"1",756.634396898577,9.21169056242366
"20250529-CbDRC3-p018-m2x_F08_roi_0.png",20250529,"CbDRC3","p018","m2x","F08",0,792.124459900476,36.2603222842177,"","48h",10,"15hHB101","DMSO",1,"Pyrantel",18.75,NA,NA,"ED3102","1",NA,NA,NA,746.143915250027,163.548951928063,716.119430410239,732.17435073727,755.597525354369,67.6039491477943,775.287599429619,788.542226173744,808.805909073184,0.0906044367126424,35.6332202649546,15.8273395605992,33.024313303509,34.5779834382276,35.8689084416634,2.92930130957987,37.3804481029056,38.7034548181139,39.8573451118751,0.082207032869854,95,"1_ED3102_18.75",NA,"n>75",NA,NA,NA,"1",756.634396898577,-1.036871544208
"20250529-CbDRC3-p018-m2x_F09_roi_0.png",20250529,"CbDRC3","p018","m2x","F09",0,772.458660586664,32.8575376229789,"","48h",10,"15hHB101","DMSO",1,"Pyrantel",37.5,NA,NA,"ED3102","1",NA,NA,NA,746.372201934608,234.763975094582,708.979991201665,738.121696010221,757.885827813818,66.9893441783723,772.133866677516,782.470151630989,813.326465131193,0.0897532678799331,35.591335386081,18.519884023632,32.889068567192,34.8820419243823,35.8081787764158,2.87875931832816,36.9901791143562,38.2444842122376,40.5679211711307,0.0808837119231547,77,"1_ED3102_37.5",NA,"n>75",NA,NA,NA,"1",756.634396898577,1.25143091524114
"20250529-CbDRC3-p018-m2x_F10_roi_0.png",20250529,"CbDRC3","p018","m2x","F10",0,769.83618974056,34.5710948285724,"","48h",10,"15hHB101","DMSO",1,"Pyrantel",75,NA,NA,"ED3102","1",NA,NA,NA,723.553854614069,568.995878516353,619.216214621082,706.306882028375,744.349122970831,65.2245118195632,759.99838624032,781.874574495136,874.814373092603,0.0901446539240025,34.3491497028719,28.1573608705143,30.0920823552659,32.4237298211948,34.6245744757761,2.92458303016566,36.0738633723356,37.3880552405908,43.3232801171182,0.0851428071863198,70,"1_ED3102_75",NA,NA,NA,NA,NA,"1",756.634396898577,-12.2852739277463
"20250529-CbDRC3-p018-m2x_F11_roi_0.png",20250529,"CbDRC3","p018","m2x","F11",0,747.612413564678,36.0770859446381,"","48h",10,"15hHB101","DMSO",1,"Pyrantel",150,NA,NA,"ED3102","1",NA,NA,NA,687.134216350533,550.68072019257,622.636578248475,644.415672159805,696.324708378647,53.7731743798035,731.17463625786,748.708874901946,764.3244487603,0.0782571630116173,33.6601745987222,28.0781231278917,29.941436443663,31.5779370457427,33.9217941471824,2.69675178454741,35.6272900612284,37.1674170690069,38.1648715777655,0.0801169874100947,49,"1_ED3102_150",NA,NA,NA,NA,NA,"1",756.634396898577,-60.3096885199303
"20250529-CbDRC3-p018-m2x_F12_roi_0.png",20250529,"CbDRC3","p018","m2x","F12",0,679.436062401266,33.4140704112735,"","48h",10,"15hHB101","DMSO",1,"Pyrantel",300,NA,NA,"ED3102","1",NA,NA,NA,621.122657311872,434.463608838897,540.811775071636,587.176530597855,639.568698489526,67.7274385290825,671.087283340156,690.649965658614,720.58559653375,0.109040360598335,31.5465502431407,24.118556205667,28.5091377883971,30.0422679226265,31.8047787304386,2.74592505881858,33.5925431794155,34.4757742152754,37.3852673340569,0.0870435923311658,55,"1_ED3102_300",NA,NA,NA,NA,NA,"1",756.634396898577,-117.065698409051
