"Filename","Date","Metadata_Experiment","Metadata_Plate","Magnification","Metadata_Well","Worm_ID","Length_um","Width_um","Topology_Warnings","assay_type","food_conc_OD","food_type","diluent","diluent_concentration_perc","drug","concentration_um","drug_stock_prep_date","drug_prep_method","strain","bleach","well_censor","well_censor_reason","notes","mean_wormlength_um","min_wormlength_um","q10_wormlength_um","q25_wormlength_um","median_wormlength_um","sd_wormlength_um","q75_wormlength_um","q90_wormlength_um","max_wormlength_um","cv_wormlength_um","mean_wormwidth_um","min_wormwidth_um","q10_wormwidth_um","q25_wormwidth_um","median_wormwidth_um","sd_wormwidth_um","q75_wormwidth_um","q90_wormwidth_um","max_wormwidth_um","cv_wormwidth_um","n","flag_id","titer_WellFlag","n_WellFlag","outlier_length_WellFlag","outlier_width_WellFlag","outlier_WellFlag","assay_bleach","control_median_wormlength_um","median_wormlength_um_delta"
"20250529-CbDRC3-p037-m2x_A01_roi_0.png",20250529,"CbDRC3","p037","m2x","A01",0,758.474719044589,35.5607537375072,"","48h",10,"15hHB101","DMSO",1,"Albendazole",0,NA,NA,"ECA2666",2,NA,NA,NA,727.198507117489,587.376969345395,642.485559700924,699.154578094357,736.339557143246,57.2874403562681,767.246558692647,782.785633253414,843.615511916769,0.0787782700260858,31.4712788409966,22.2721379046288,27.7124420106392,29.9222879352146,31.6038357807261,3.10371462587713,33.2400787185376,35.1801120736314,41.5899016563115,0.0986205435615796,69,"2_ECA2666_0",NA,NA,NA,"outlier","outlier","2",743.777729533843,-7.43817239059729
"20250529-CbDRC3-p037-m2x_A02_roi_0.png",20250529,"CbDRC3","p037","m2x","A02",0,755.571967435948,32.6793910993107,"","48h",10,"15hHB101","DMSO",1,"Albendazole",0.117,NA,NA,"ECA2666",2,NA,NA,NA,718.179963154141,203.457478669968,688.468397513025,709.269392543104,728.399244376081,85.0710541876985,756.836151993147,776.746246817328,800.714978346903,0.118453672550371,32.7171169309237,21.23257865007,29.2905673075101,31.1105486716438,32.5497709630886,3.26209076239745,35.0841032894971,36.4783703376977,38.5260482984318,0.0997059358648492,71,"2_ECA2666_0.117",NA,NA,NA,NA,NA,"2",743.777729533843,-15.3784851577626
"20250529-CbDRC3-p037-m2x_A03_roi_0.png",20250529,"CbDRC3","p037","m2x","A03",0,750.559573649595,36.4690814627511,"","48h",10,"15hHB101","DMSO",1,"Albendazole",0.234,NA,NA,"ECA2666",2,NA,NA,NA,700.871289933568,151.060136885079,580.832044743131,700.542389541138,731.750599108519,107.191780876371,750.559573649595,779.753958199956,807.542557157246,0.152940750200413,32.4125739075564,14.5944201241449,28.9389276105387,31.1329501572237,33.0049910805923,3.77648447288187,34.4259297118399,36.4325615439039,37.9985724692653,0.11651294598364,81,"2_ECA2666_0.234",NA,"n>75",NA,NA,NA,"2",743.777729533843,-12.0271304253246
"20250529-CbDRC3-p037-m2x_A04_roi_0.png",20250529,"CbDRC3","p037","m2x","A04",0,745.396920767606,34.0124366640467,"","48h",10,"15hHB101","DMSO",1,"Albendazole",0.468,NA,NA,"ECA2666",2,NA,NA,NA,734.181108325332,610.633463979,680.830984748174,712.221120067085,738.907207110087,42.2592700327964,760.987674084867,777.742839250794,834.901607311546,0.0575597349939852,32.8665406662895,27.0770252199411,29.6882845050841,31.188515956477,32.9384443602907,2.40929796461686,34.8385149806938,35.6373758113336,37.6686189477898,0.0733054929351913,66,"2_ECA2666_0.468",NA,NA,NA,NA,NA,"2",743.777729533843,-4.87052242375648
"20250529-CbDRC3-p037-m2x_A05_roi_0.png",20250529,"CbDRC3","p037","m2x","A05",0,761.217557837595,33.9448058955958,"","48h",10,"15hHB101","DMSO",1,"Albendazole",0.9375,NA,NA,"ECA2666",2,NA,NA,NA,725.319711328852,623.376293023185,680.767600790666,710.820075467587,731.892326584908,34.9388281376494,745.924471116007,764.444235024287,783.793793471159,0.0481702449167392,32.8593467322909,26.6594876364505,29.5021229468369,30.8342916965469,32.6141560497408,2.52841309330217,34.9829264449136,36.1178356228664,37.1000916540969,0.0769465416918194,56,"2_ECA2666_0.9375",NA,NA,NA,NA,NA,"2",743.777729533843,-11.8854029489351
"20250529-CbDRC3-p037-m2x_A06_roi_0.png",20250529,"CbDRC3","p037","m2x","A06",0,704.470446620185,33.915562737422,"","48h",10,"15hHB101","DMSO",1,"Albendazole",1.875,NA,NA,"ECA2666",2,NA,NA,NA,689.197196047324,504.517483047214,646.198416169623,674.673034565767,697.423524159797,41.8632468782699,714.340416457625,729.003070457773,749.605651167476,0.0607420446838199,33.885231984518,27.7616325530897,30.5215148371581,31.507768420164,33.8406336754039,2.78404594713252,36.005948469092,37.5576226036151,39.300504572342,0.0821610413765071,69,"2_ECA2666_1.875",NA,NA,NA,"outlier","outlier","2",743.777729533843,-46.3542053740462
"20250529-CbDRC3-p037-m2x_A07_roi_0.png",20250529,"CbDRC3","p037","m2x","A07",0,688.050906443942,34.1851719876448,"","48h",10,"15hHB101","DMSO",1,"Albendazole",3.75,NA,NA,"ECA2666",2,NA,NA,NA,658.958561388694,363.439418368874,625.822304338113,643.185916193156,668.148162180662,47.6208113702682,683.302575644232,697.059955140807,737.783783623817,0.0722667769425618,35.0777297897236,22.8596024632017,31.9317425986197,34.1659249421859,35.5535621641578,2.64429456515228,36.685096264372,37.454034053143,39.3011670776353,0.0753838569657652,70,"2_ECA2666_3.75",NA,NA,NA,NA,NA,"2",743.777729533843,-75.6295673531811
"20250529-CbDRC3-p037-m2x_A08_roi_0.png",20250529,"CbDRC3","p037","m2x","A08",0,681.293339918684,34.9630396027105,"","48h",10,"15hHB101","DMSO",1,"Albendazole",7.5,NA,NA,"ECA2666",2,NA,NA,NA,660.344713059416,348.903727288176,630.420402823645,643.517021240308,669.071257055616,54.2602208606784,686.491663614779,702.646724777341,741.023266603177,0.0821695393142281,33.7658290184112,17.7738641452999,31.0326581819627,33.226379849596,34.3882427929281,2.99219225836007,35.2328798129902,36.3395292776705,38.4233830311475,0.0886159867932917,62,"2_ECA2666_7.5",NA,NA,NA,"outlier","outlier","2",743.777729533843,-74.7064724782272
"20250529-CbDRC3-p037-m2x_A09_roi_0.png",20250529,"CbDRC3","p037","m2x","A09",0,656.983706193497,32.5743064030331,"","48h",10,"15hHB101","DMSO",1,"Albendazole",15,NA,NA,"ECA2666",2,NA,NA,NA,647.214521636369,321.533921760845,616.55081605384,628.490114360515,649.785845650549,51.1703519301637,668.86325566996,687.492477845107,731.305943777365,0.0790624286377079,35.3636633087834,20.2674460044993,32.8711264142036,33.8918055000448,35.6280645606234,2.90187997160197,36.9631911926641,38.1855983124464,40.8719903063989,0.0820582400150049,63,"2_ECA2666_15",NA,NA,NA,NA,NA,"2",743.777729533843,-93.9918838832939
"20250529-CbDRC3-p037-m2x_A10_roi_0.png",20250529,"CbDRC3","p037","m2x","A10",0,651.71031830715,36.1140807512614,"","48h",10,"15hHB101","DMSO",1,"Albendazole",30,NA,NA,"ECA2666",2,NA,NA,NA,635.308263376596,450.35615046295,592.948479227398,615.100502100118,634.78397211327,38.1264950625335,655.074545283576,682.168882970064,696.167837576032,0.06001259114732,35.906172834646,28.3089151413451,32.9101280798809,34.3283777346245,36.2839835345155,2.59615232500071,37.5549704807515,38.1848300537895,41.8503175867971,0.0723037884587818,69,"2_ECA2666_30",NA,NA,NA,NA,NA,"2",743.777729533843,-108.993757420573
"20250529-CbDRC3-p037-m2x_A11_roi_0.png",20250529,"CbDRC3","p037","m2x","A11",0,637.725767792704,36.1658619953697,"","48h",10,"15hHB101","DMSO",1,"Albendazole",60,NA,NA,"ECA2666",2,NA,NA,NA,650.38698971413,578.250758468924,608.556518951186,619.965307338518,654.669503265359,35.2168494977777,673.33800230009,698.618291887305,726.496640557593,0.0541475307082278,35.9349868072273,30.6566146311032,33.0732110603537,33.9203869169231,35.7713477566783,2.49637642266516,38.1100116249555,39.6680386199706,40.3539719755961,0.069469245558846,63,"2_ECA2666_60",NA,NA,NA,NA,NA,"2",743.777729533843,-89.1082262684844
"20250529-CbDRC3-p037-m2x_A12_roi_0.png",20250529,"CbDRC3","p037","m2x","A12",0,617.315131471816,32.6844816440796,"","48h",10,"15hHB101","DMSO",1,"Albendazole",120,NA,NA,"ECA2666",2,NA,NA,NA,628.494811048147,485.890281763578,581.325456611116,603.853565724343,626.659265932508,43.0318224964901,655.529437536117,670.676687076588,786.992951391516,0.0684680632839681,34.7574400990637,27.1881788153821,31.6717210555626,33.4790116346106,34.9262926194274,2.56686912987109,36.7143433201227,37.8622169397413,39.600379990451,0.0738509258033716,74,"2_ECA2666_120",NA,NA,NA,NA,NA,"2",743.777729533843,-117.118463601335
"20250529-CbDRC3-p037-m2x_B01_roi_0.png",20250529,"CbDRC3","p037","m2x","B01",0,737.130163337886,36.9426804477431,"","48h",10,"15hHB101","DMSO",1,"Albendazole",0,NA,NA,"JU3237",2,NA,NA,NA,753.630187726072,606.082444101819,701.228734225817,733.474477471839,760.027262319447,46.8561868843285,779.692677563832,812.055078588307,837.795557528123,0.0621739782289078,36.4215658839688,27.7016885140058,32.9363298056064,33.9658491306696,36.7565187489161,3.32703539096304,38.4537980021313,40.846021996259,42.5145867584323,0.0913479503204846,57,"2_JU3237_0",NA,NA,NA,NA,NA,"2",770.21703995553,-10.1897776360831
"20250529-CbDRC3-p037-m2x_B02_roi_0.png",20250529,"CbDRC3","p037","m2x","B02",0,765.527270367384,35.9008052825036,"","48h",10,"15hHB101","DMSO",1,"Albendazole",0.117,NA,NA,"JU3237",2,NA,NA,NA,752.463509381853,547.964513711889,711.328066044481,734.50468774219,756.733894378787,46.1344805868761,775.704114634615,799.633486891555,839.303776925763,0.061311252986574,36.8247016322739,26.4117039112482,33.7346880760029,35.2149044136254,36.7693097714667,2.75907042933333,38.4730560174253,40.1618036816919,42.1098047579276,0.0749244476407439,60,"2_JU3237_0.117",NA,NA,NA,NA,NA,"2",770.21703995553,-13.4831455767436
"20250529-CbDRC3-p037-m2x_B03_roi_0.png",20250529,"CbDRC3","p037","m2x","B03",0,820.92635399289,36.6063733998302,"","48h",10,"15hHB101","DMSO",1,"Albendazole",0.234,NA,NA,"JU3237",2,NA,NA,NA,747.136054859097,584.104129342727,678.253746908102,718.169179172516,748.615685389094,57.6174523795048,782.228404976507,827.216904802686,845.334901047963,0.0771177511843821,35.8225827521836,29.02244543407,31.3396336364529,34.36453163034,36.3364998079047,2.93156796375049,38.3932150071901,38.682117751668,41.8996375115251,0.0818357510409211,69,"2_JU3237_0.234",NA,NA,NA,NA,NA,"2",770.21703995553,-21.6013545664365
"20250529-CbDRC3-p037-m2x_B04_roi_0.png",20250529,"CbDRC3","p037","m2x","B04",0,801.619193897627,37.9423472654328,"","48h",10,"15hHB101","DMSO",1,"Albendazole",0.468,NA,NA,"JU3237",2,NA,NA,NA,756.547311918442,477.625774784062,685.443506341725,721.349466020389,761.947155208384,65.2235386564186,801.619193897627,830.161973276063,873.351109337298,0.086212108124508,36.9426312928227,28.7321608165932,32.5730161858982,34.9893886227697,37.7353286127642,3.29895673776978,39.3570683027021,40.3497054568444,43.208430952057,0.089299452213376,65,"2_JU3237_0.468",NA,NA,NA,NA,NA,"2",770.21703995553,-8.26988474714653
"20250529-CbDRC3-p037-m2x_B06_roi_0.png",20250529,"CbDRC3","p037","m2x","B06",0,759.144329353188,38.8857338999691,"","48h",10,"15hHB101","DMSO",1,"Albendazole",1.875,NA,NA,"JU3237",2,NA,NA,NA,737.35286100873,551.100534247623,694.167941598685,712.485721565358,740.403039723095,47.0577551549119,762.842511603473,796.470710111268,847.592877466232,0.0638198583654166,37.1489479596011,27.1683372713702,34.7078106892083,35.8962741280483,37.3454212682273,2.43182133560676,38.3058336818545,39.9016406968992,41.8145660341882,0.0654613782939782,51,"2_JU3237_1.875",NA,NA,NA,NA,NA,"2",770.21703995553,-29.8140002324352
"20250529-CbDRC3-p037-m2x_B07_roi_0.png",20250529,"CbDRC3","p037","m2x","B07",0,678.889959606788,37.2328968138821,"","48h",10,"15hHB101","DMSO",1,"Albendazole",3.75,NA,NA,"JU3237",2,NA,NA,NA,669.574464224306,583.285045025593,615.850377091517,648.526265609764,676.812201701153,34.9107856390843,696.757282327085,709.001951641316,730.774162655404,0.0521387649983457,37.725970276814,29.7120622916406,35.1690342056055,36.4643126561573,37.4882261751548,2.41957110980062,38.9908246135631,40.7806073854346,44.3116429645232,0.0641354242726438,62,"2_JU3237_3.75",NA,NA,NA,NA,NA,"2",770.21703995553,-93.4048382543775
"20250529-CbDRC3-p037-m2x_B08_roi_0.png",20250529,"CbDRC3","p037","m2x","B08",0,667.834965150989,38.5774616460545,"","48h",10,"15hHB101","DMSO",1,"Albendazole",7.5,NA,NA,"JU3237",2,NA,NA,NA,678.056640069777,598.78825335631,636.927850691755,657.938533106496,673.329750301917,37.0041955391983,700.34554996755,717.395519330458,797.817077086139,0.054573900397746,37.2729135003683,32.5613245089215,34.691565785615,35.8025883174734,37.1830087981658,2.16495289239856,38.477062675405,40.2667659028887,42.9371570005126,0.0580838117840497,54,"2_JU3237_7.5",NA,NA,NA,"outlier","outlier","2",770.21703995553,-96.8872896536137
"20250529-CbDRC3-p037-m2x_B09_roi_0.png",20250529,"CbDRC3","p037","m2x","B09",0,653.99413874596,38.7809284417645,"","48h",10,"15hHB101","DMSO",1,"Albendazole",15,NA,NA,"JU3237",2,NA,NA,NA,648.772087526192,497.018206313407,601.595288510127,630.111586675923,650.145071146854,42.4814719997835,672.853807953292,693.431560735388,786.11173933468,0.065479808420501,38.3429226747423,27.4241277075519,34.2676429173275,36.4974560018993,38.6026528351696,3.08535965843852,40.5445672509233,41.7692788245057,44.5887849138681,0.0804675137733031,55,"2_JU3237_15",NA,NA,NA,NA,NA,"2",770.21703995553,-120.071968808676
"20250529-CbDRC3-p037-m2x_B10_roi_0.png",20250529,"CbDRC3","p037","m2x","B10",0,665.261487760921,37.9069961226118,"","48h",10,"15hHB101","DMSO",1,"Albendazole",30,NA,NA,"JU3237",2,NA,NA,NA,630.619022529846,382.152963915655,592.891722686025,614.457262923952,634.088980584458,47.5939041939921,658.296834582709,673.030548677929,715.147329288127,0.075471723011241,37.7577782890006,19.3037995373412,35.2248316712747,36.3021877263676,38.1324599830679,3.5185935056645,39.6250959262516,41.4277678936144,42.9172968226152,0.0931885737220275,72,"2_JU3237_30",NA,NA,NA,NA,NA,"2",770.21703995553,-136.128059371072
"20250529-CbDRC3-p037-m2x_B12_roi_0.png",20250529,"CbDRC3","p037","m2x","B12",0,760.104905100234,33.4580692758872,"","48h",10,"15hHB101","DMSO",1,"Albendazole",120,NA,NA,"JU3237",2,NA,NA,NA,624.126611023437,533.487337721243,584.066718231899,604.205817200308,623.714110593032,36.0675914057324,644.213516363098,653.250998060668,760.104905100234,0.0577889017527856,36.4224741265752,32.1076906461138,33.2735572190036,34.9307877762523,36.331300611261,2.35360931980065,37.7991846886589,39.4888498142749,42.1087289931023,0.0646196991346992,60,"2_JU3237_120",NA,NA,NA,NA,NA,"2",770.21703995553,-146.502929362498
"20250529-CbDRC3-p037-m2x_C01_roi_0.png",20250529,"CbDRC3","p037","m2x","C01",0,827.222588770542,37.4044888472846,"","48h",10,"15hHB101","DMSO",1,"Albendazole",0,NA,NA,"VX34",2,NA,NA,NA,806.2354219857,472.402783581567,758.519011063602,787.157420622376,822.776104077038,59.2457103401683,841.361835409212,854.82263940155,871.841780855062,0.0734843802747469,37.4227173534335,30.6813116460823,34.4911954128303,35.5664165742033,37.5728797322855,2.73468421679996,39.4166523150619,40.9267751254963,44.2536714318139,0.0730755116196566,65,"2_VX34_0",NA,NA,NA,NA,NA,"2",817.980026430563,4.79607764647517
"20250529-CbDRC3-p037-m2x_C02_roi_0.png",20250529,"CbDRC3","p037","m2x","C02",0,806.909150602167,35.2664361451423,"","48h",10,"15hHB101","DMSO",1,"Albendazole",0.117,NA,NA,"VX34",2,NA,NA,NA,801.418682467403,530.214851816703,755.828531580486,782.011729314473,804.746831764563,48.8250120939189,834.274331496416,848.788139391104,882.817123247181,0.0609232267253825,36.7275921014419,26.7505220008799,33.2998468846484,35.5746262879766,36.7395923808588,2.56567362632984,38.4337292747759,39.6923417554931,41.3763166937289,0.0698568427585297,78,"2_VX34_0.117",NA,"n>75",NA,NA,NA,"2",817.980026430563,-13.2331946659995
"20250529-CbDRC3-p037-m2x_C03_roi_0.png",20250529,"CbDRC3","p037","m2x","C03",0,839.486321556699,36.0859752097144,"","48h",10,"15hHB101","DMSO",1,"Albendazole",0.234,NA,NA,"VX34",2,NA,NA,NA,796.658499678523,360.122158521943,752.747842712922,779.574682285864,805.938496018735,69.4283920655139,839.17032981411,847.330519772062,896.037930991486,0.0871495026959864,36.6353196407369,27.8637406334975,33.6405933325623,35.4214573905855,37.0405328371827,2.58432096228873,38.0631615860795,39.2800186806284,42.0362888794385,0.0705417882969711,66,"2_VX34_0.234",NA,NA,NA,NA,NA,"2",817.980026430563,-12.0415304118278
"20250529-CbDRC3-p037-m2x_C04_roi_0.png",20250529,"CbDRC3","p037","m2x","C04",0,789.672941128389,37.3889112669905,"","48h",10,"15hHB101","DMSO",1,"Albendazole",0.468,NA,NA,"VX34",2,NA,NA,NA,808.612285322006,611.017878064253,769.457425055165,789.323222308305,807.044545761212,41.7889070642447,834.167545289332,860.606057389985,880.932215177652,0.0516797825395437,37.2064524421089,30.4752036650624,34.6356790273606,35.9593153719672,37.3184554973189,2.26277586630049,38.3962791111162,40.5142587524515,42.0097642788693,0.0608167594000326,78,"2_VX34_0.468",NA,"n>75",NA,NA,NA,"2",817.980026430563,-10.9354806693502
"20250529-CbDRC3-p037-m2x_C05_roi_0.png",20250529,"CbDRC3","p037","m2x","C05",0,775.52920088189,37.3091272718813,"","48h",10,"15hHB101","DMSO",1,"Albendazole",0.9375,NA,NA,"VX34",2,NA,NA,NA,797.499703530559,674.07959546763,755.465378534308,775.52920088189,794.03999307121,38.5167493054743,815.207281397749,851.430477266652,891.386990052926,0.0482968822871775,37.1836306593006,31.4471811026112,33.9663395447051,35.7565826353193,37.423605265805,2.318547104509,39.0176069479249,40.0309700120576,41.1124854602065,0.0623539730628502,61,"2_VX34_0.9375",NA,NA,NA,NA,NA,"2",817.980026430563,-23.9400333593526
"20250529-CbDRC3-p037-m2x_C06_roi_0.png",20250529,"CbDRC3","p037","m2x","C06",0,795.237636139183,36.6133408423233,"","48h",10,"15hHB101","DMSO",1,"Albendazole",1.875,NA,NA,"VX34",2,NA,NA,NA,771.845225037525,266.336530746319,724.582771810373,759.87845232345,782.260525213426,72.3433942854396,809.392888690658,820.819305052262,858.272688995408,0.0937278510493117,37.6732154126481,14.2161067604346,34.3203968550452,36.6681431211133,38.4005969292031,3.76262320776159,39.6728741874793,41.0552343490289,41.905980429679,0.0998752871648529,75,"2_VX34_1.875",NA,NA,NA,NA,NA,"2",817.980026430563,-35.7195012171367
"20250529-CbDRC3-p037-m2x_C07_roi_0.png",20250529,"CbDRC3","p037","m2x","C07",0,680.970343341248,35.6019917381426,"","48h",10,"15hHB101","DMSO",1,"Albendazole",3.75,NA,NA,"VX34",2,NA,NA,NA,700.666832591,197.475163751961,672.290989414732,694.432603641931,715.658536563103,81.0488164793592,727.924655594314,750.720948602324,880.508896700538,0.115673830570299,37.6972324473708,18.3303136665724,35.5229924729885,37.1289910931741,38.032659237941,3.57387587521236,39.3706928694937,40.3828717128364,42.0355012442821,0.0948047281773763,82,"2_VX34_3.75",NA,"n>75",NA,NA,NA,"2",817.980026430563,-102.32148986746
"20250529-CbDRC3-p037-m2x_C08_roi_0.png",20250529,"CbDRC3","p037","m2x","C08",0,732.141727731579,37.8018776424939,"","48h",10,"15hHB101","DMSO",1,"Albendazole",7.5,NA,NA,"VX34",2,NA,NA,NA,692.306948816427,272.469410295916,662.437494561534,688.015245728832,704.23130105012,69.4053179337228,725.280879470024,734.465794187604,753.46415742744,0.100252233568331,37.1354441337863,17.6699971279509,34.578243140077,36.1795379836432,37.7902173534716,3.72151971309079,38.932705102991,39.9629390044387,42.5309752243818,0.100214762470147,61,"2_VX34_7.5",NA,NA,NA,NA,NA,"2",817.980026430563,-113.748725380443
"20250529-CbDRC3-p037-m2x_C09_roi_0.png",20250529,"CbDRC3","p037","m2x","C09",0,703.449623019154,38.3447986054853,"","48h",10,"15hHB101","DMSO",1,"Albendazole",15,NA,NA,"VX34",2,NA,NA,NA,676.86978251223,601.267888510344,643.445347985115,660.8776856671,677.150405611254,28.9984155297274,695.85464853591,707.824848294628,737.469944217866,0.0428419413584968,38.3305463109897,31.6400771356498,36.193990674281,37.6255056692092,38.5806110775066,1.84338768817432,39.2906658898407,40.3967811066867,42.6804980587158,0.0480918709902606,68,"2_VX34_15",NA,NA,NA,NA,NA,"2",817.980026430563,-140.829620819309
"20250529-CbDRC3-p037-m2x_C10_roi_0.png",20250529,"CbDRC3","p037","m2x","C10",0,691.593620514984,36.8555284386003,"","48h",10,"15hHB101","DMSO",1,"Albendazole",30,NA,NA,"VX34",2,NA,NA,NA,676.467422077633,594.934370022872,645.985235675385,662.454195957174,681.382465869078,25.7842661480901,693.780010123997,702.919446201591,732.719779402437,0.0381160500958034,38.7089127344264,32.0422716563476,36.8243378465452,37.9967578473208,38.8855171055499,1.54369990710943,39.8488790225426,40.4313343847218,41.9725793200091,0.0398797020650108,68,"2_VX34_30",NA,NA,NA,NA,NA,"2",817.980026430563,-136.597560561484
"20250529-CbDRC3-p037-m2x_C11_roi_0.png",20250529,"CbDRC3","p037","m2x","C11",0,629.761111762773,34.9075074650403,"","48h",10,"15hHB101","DMSO",1,"Albendazole",60,NA,NA,"VX34",2,NA,NA,NA,667.228064841342,454.20330989134,625.129875225376,641.86343489368,674.157240704819,45.0941531552576,694.990629048746,707.177261990692,806.081793423563,0.0675843171644472,37.8223692232097,27.5934616442409,35.367430622358,36.7565030667803,37.9661430094799,2.21783303136692,39.3977895843553,39.9509681790409,41.6428413186057,0.058638130738937,69,"2_VX34_60",NA,NA,NA,NA,NA,"2",817.980026430563,-143.822785725744
"20250529-CbDRC3-p037-m2x_C12_roi_0.png",20250529,"CbDRC3","p037","m2x","C12",0,678.522767480181,37.9820517378537,"","48h",10,"15hHB101","DMSO",1,"Albendazole",120,NA,NA,"VX34",2,NA,NA,NA,663.441584724181,496.015568679814,613.931051962355,652.694673895873,673.698151182343,36.5864203230823,684.173198134162,698.761516261132,718.373034878906,0.0551464080116303,37.8350970438746,29.9747702926326,35.5549026123403,36.6291120109212,38.2287004426403,2.37463820204799,38.9618533557973,39.9380273766114,45.8865217773578,0.0627628415831548,56,"2_VX34_120",NA,NA,NA,NA,NA,"2",817.980026430563,-144.28187524822
"20250529-CbDRC3-p037-m2x_D01_roi_0.png",20250529,"CbDRC3","p037","m2x","D01",0,747.469846265596,31.9527877618497,"","48h",10,"15hHB101","DMSO",1,"Albendazole",0,NA,NA,"NIC1667",2,NA,NA,NA,720.056091482508,594.887217147772,669.286394174881,692.579909707442,721.085863557158,46.5414727094369,749.850539711766,769.309691863795,906.625078079656,0.0646358988695084,33.5874284451013,26.4680389252736,30.1255294353383,31.7732476591504,33.6556332790391,2.71531100845746,35.1330828520768,37.0274017128088,41.941010871322,0.0808430753457545,82,"2_NIC1667_0",NA,"n>75",NA,NA,NA,"2",729.921952611189,-8.83608905403128
"20250529-CbDRC3-p037-m2x_D02_roi_0.png",20250529,"CbDRC3","p037","m2x","D02",0,742.958204329278,29.8677385119139,"","48h",10,"15hHB101","DMSO",1,"Albendazole",0.117,NA,NA,"NIC1667",2,NA,NA,NA,709.86357022945,570.953598000946,634.696603711801,681.823430846411,719.670008539502,52.442070793664,746.953722406086,765.819865125427,798.279892454305,0.0738762672054196,33.1030117269643,27.496313959075,29.8178500222076,31.311392061764,33.0395869848685,2.50400595552822,35.1750319439654,36.4229621913926,37.7983823028102,0.0756428441067966,64,"2_NIC1667_0.117",NA,NA,NA,NA,NA,"2",729.921952611189,-10.2519440716869
"20250529-CbDRC3-p037-m2x_D03_roi_0.png",20250529,"CbDRC3","p037","m2x","D03",0,773.48938397156,35.6308512439042,"","48h",10,"15hHB101","DMSO",1,"Albendazole",0.234,NA,NA,"NIC1667",2,NA,NA,NA,723.50715647013,365.317747712671,673.666556493375,699.972753286707,727.533746000478,62.31384318676,757.732086123805,776.229971059052,869.296061978551,0.0861274731417706,33.0572196466472,21.3245600910586,30.2732481743861,31.929059945133,33.0105971789251,2.65693277531567,34.621183963132,36.3912856902072,37.9241371773391,0.0803737520492032,68,"2_NIC1667_0.234",NA,NA,NA,NA,NA,"2",729.921952611189,-2.38820661071054
"20250529-CbDRC3-p037-m2x_D04_roi_0.png",20250529,"CbDRC3","p037","m2x","D04",0,765.811365479748,34.4206795161541,"","48h",10,"15hHB101","DMSO",1,"Albendazole",0.468,NA,NA,"NIC1667",2,NA,NA,NA,722.02019270352,412.033813755495,672.147246315471,699.488537471163,739.812157192995,64.5361425445941,761.174306468546,775.694354670908,806.09791834802,0.0893827391488126,33.4081314127212,24.3198310233679,30.1685500222853,32.021672170272,33.777930904792,2.61067679126343,35.0974048093643,35.9849973237528,40.2136549760389,0.0781449509705093,79,"2_NIC1667_0.468",NA,"n>75",NA,NA,NA,"2",729.921952611189,9.8902045818063
"20250529-CbDRC3-p037-m2x_D06_roi_0.png",20250529,"CbDRC3","p037","m2x","D06",0,715.72752370608,33.7798485347463,"","48h",10,"15hHB101","DMSO",1,"Albendazole",1.875,NA,NA,"NIC1667",2,NA,NA,NA,698.035932929351,626.051380222455,654.934208984627,676.645234929352,701.913158062317,30.7956194734143,716.798112714577,732.791498557182,778.573525043233,0.0441175275091908,34.8914718559944,29.0445046068285,31.6063594745285,33.7710502579449,35.1801583430674,2.0611944821224,36.4197417978425,37.1925794213315,38.7027995610408,0.0590744492129608,77,"2_NIC1667_1.875",NA,"n>75",NA,NA,NA,"2",729.921952611189,-28.0087945488723
"20250529-CbDRC3-p037-m2x_D08_roi_0.png",20250529,"CbDRC3","p037","m2x","D08",0,618.338785251899,34.0568970124034,"","48h",10,"15hHB101","DMSO",1,"Albendazole",7.5,NA,NA,"NIC1667",2,NA,NA,NA,638.604618572945,463.983695540181,592.920358301154,622.198082356184,640.456640650761,39.4920960837556,661.307148297907,679.942588673562,722.432246662379,0.0618412315463776,34.6577872728862,24.4757354460471,31.1094088629081,32.6344308304582,35.0311750907625,3.15137348205842,36.799764261973,38.1829467468362,40.9045712506355,0.0909282943323918,86,"2_NIC1667_7.5",NA,"n>75",NA,NA,NA,"2",729.921952611189,-89.4653119604283
"20250529-CbDRC3-p037-m2x_D09_roi_0.png",20250529,"CbDRC3","p037","m2x","D09",0,667.162791026292,36.5364383472999,"","48h",10,"15hHB101","DMSO",1,"Albendazole",15,NA,NA,"NIC1667",2,NA,NA,NA,623.947012217059,513.723764620315,581.636235849053,611.683108436595,625.61626976604,30.9628162974241,639.433091391379,663.982649467089,682.863388206627,0.049624111809438,34.9676234534134,28.4587845874825,30.9617656844422,32.8523433161766,35.4042098403852,2.71083962964696,36.8117079572267,37.9681478662137,40.0123509355807,0.0775242742263726,61,"2_NIC1667_15",NA,NA,NA,NA,NA,"2",729.921952611189,-104.305682845149
"20250529-CbDRC3-p037-m2x_D10_roi_0.png",20250529,"CbDRC3","p037","m2x","D10",0,676.300668800835,37.5730883609599,"","48h",10,"15hHB101","DMSO",1,"Albendazole",30,NA,NA,"NIC1667",2,NA,NA,NA,606.259754925306,481.988787182147,538.853673835999,589.516192261562,610.087826847865,44.3816033170649,635.004690098347,653.973501210021,678.848314182601,0.0732055904362857,34.3243973935278,25.8264690601291,29.5820817364751,32.0511753585111,34.9296751200233,3.10527178082723,36.7088213445106,37.6762898988156,39.3045284172258,0.0904683553574275,59,"2_NIC1667_30",NA,NA,NA,NA,NA,"2",729.921952611189,-119.834125763324
"20250529-CbDRC3-p037-m2x_D11_roi_0.png",20250529,"CbDRC3","p037","m2x","D11",0,615.034254660454,34.0135023340628,"","48h",10,"15hHB101","DMSO",1,"Albendazole",60,NA,NA,"NIC1667",2,NA,NA,NA,606.086775059508,232.132838029734,533.354388014694,583.211048402736,626.185520217102,63.4501939159864,645.408231078883,655.977812511006,682.388213600754,0.10468829964118,33.959911560038,14.9503963825776,29.8742583471779,32.4536973771821,34.5076515521656,3.5920924885692,36.1770390589119,37.5905060379934,39.6114597924972,0.105774494795686,66,"2_NIC1667_60",NA,NA,NA,NA,NA,"2",729.921952611189,-103.736432394087
"20250529-CbDRC3-p037-m2x_D12_roi_0.png",20250529,"CbDRC3","p037","m2x","D12",0,620.384159518236,33.7628655455053,"","48h",10,"15hHB101","DMSO",1,"Albendazole",120,NA,NA,"NIC1667",2,NA,NA,NA,614.679332850785,508.999298419762,575.631400378202,597.10758516359,615.58395563835,32.6114869693882,638.845302854975,649.86097683853,683.499700676066,0.0530544712120729,34.1924888550106,27.435532722445,29.7209785029425,32.642885498782,34.4544478408434,2.91883264324287,36.2341645432088,37.5828780855189,40.3818060532827,0.085364731874882,65,"2_NIC1667_120",NA,NA,NA,NA,NA,"2",729.921952611189,-114.337996972839
"20250529-CbDRC3-p037-m2x_E01_roi_0.png",20250529,"CbDRC3","p037","m2x","E01",0,783.017760564231,36.1938453990278,"","48h",10,"15hHB101","DMSO",1,"Albendazole",0,NA,NA,"PB420",2,NA,NA,NA,741.901849936465,311.15397467106,702.646958835958,732.852323337544,752.438254005419,60.5742077338906,768.187775582063,787.21073482017,810.999303594052,0.0816471986679614,36.7584385225082,19.5264032310655,34.1308544843184,35.4571630529049,37.2376198232797,2.96514283549978,38.3856745143708,39.929805532869,41.1569381872175,0.0806656363731048,81,"2_PB420_0",NA,"n>75",NA,NA,NA,"2",759.904978691765,-7.46672468634597
"20250529-CbDRC3-p037-m2x_E02_roi_0.png",20250529,"CbDRC3","p037","m2x","E02",0,794.208840532225,36.8003254778972,"","48h",10,"15hHB101","DMSO",1,"Albendazole",0.117,NA,NA,"PB420",2,NA,NA,NA,744.084168256311,287.681914300274,706.364241583941,728.39441032349,750.865562845283,63.959441788973,780.514739767009,790.559596014516,811.631987008046,0.0859572673597609,35.9280800660644,15.8188609745222,33.8569339827014,35.1274218154748,36.2668099106862,2.95583997691115,37.2739121128601,38.3577153016364,40.892214688,0.0822710251000323,76,"2_PB420_0.117",NA,"n>75",NA,NA,NA,"2",759.904978691765,-9.03941584648203
"20250529-CbDRC3-p037-m2x_E03_roi_0.png",20250529,"CbDRC3","p037","m2x","E03",0,768.026309334973,36.4627986104171,"","48h",10,"15hHB101","DMSO",1,"Albendazole",0.234,NA,NA,"PB420",2,NA,NA,NA,741.317732389433,251.796843169378,702.582031316039,726.592952320587,747.478777926529,67.7785203773377,776.63636692886,792.867724269123,870.412624684912,0.0914297843097215,36.5251948816801,14.6742749630672,34.2193242484871,35.3037072016798,36.9368916011407,3.28084837451379,38.1195306244088,39.6454840089383,41.9962164846001,0.0898242537826776,90,"2_PB420_0.234",NA,"n>75",NA,NA,NA,"2",759.904978691765,-12.4262007652352
"20250529-CbDRC3-p037-m2x_E04_roi_0.png",20250529,"CbDRC3","p037","m2x","E04",0,807.680308612776,38.0718260060984,"","48h",10,"15hHB101","DMSO",1,"Albendazole",0.468,NA,NA,"PB420",2,NA,NA,NA,744.747104417729,376.340376243597,706.131045032693,724.294888726934,745.720614217669,57.1429686368857,770.101856471661,795.474351392537,983.622128009212,0.076728017199291,36.0105184185486,20.3433063022485,33.564282525213,34.4938235553397,36.2996381381414,2.58169440128228,37.4276781026372,38.5565976036306,40.4816455806915,0.0716927862930314,91,"2_PB420_0.468",NA,"n>75",NA,NA,NA,"2",759.904978691765,-14.1843644740956
"20250529-CbDRC3-p037-m2x_E05_roi_0.png",20250529,"CbDRC3","p037","m2x","E05",0,735.956667299889,36.6093664399143,"","48h",10,"15hHB101","DMSO",1,"Albendazole",0.9375,NA,NA,"PB420",2,NA,NA,NA,731.245440216728,457.429386723162,677.804201010008,714.567940570279,739.756988702464,46.5779403482596,758.434926593609,773.859969753646,804.040674259388,0.0636967258687517,36.0488055249521,21.9335273995462,33.3384185223003,34.9346096018583,36.0340133083387,2.90897133641852,37.6212694682004,39.8071811317146,40.8143666797959,0.0806953599171267,84,"2_PB420_0.9375",NA,"n>75",NA,NA,NA,"2",759.904978691765,-20.1479899893005
"20250529-CbDRC3-p037-m2x_E06_roi_0.png",20250529,"CbDRC3","p037","m2x","E06",0,746.060174949475,36.5678492169369,"","48h",10,"15hHB101","DMSO",1,"Albendazole",1.875,NA,NA,"PB420",2,NA,NA,NA,713.287983662131,455.559281904538,682.256285866881,704.116797409043,718.947029496633,44.3195900611484,735.835857513581,749.476924787339,779.439552873117,0.0621342165805244,36.8587287435054,24.1630441134965,34.7707986739405,35.7278399182893,37.0710182175169,2.57889576211251,38.0083549674353,39.124432840507,42.1264459630916,0.0699670295212478,82,"2_PB420_1.875",NA,"n>75",NA,NA,NA,"2",759.904978691765,-40.9579491951312
"20250529-CbDRC3-p037-m2x_E07_roi_0.png",20250529,"CbDRC3","p037","m2x","E07",0,683.752028240851,37.8589661000222,"","48h",10,"15hHB101","DMSO",1,"Albendazole",3.75,NA,NA,"PB420",2,NA,NA,NA,660.230927470021,484.945645511609,620.95617157073,642.632480915588,664.365998754649,33.464983241659,678.119926994464,696.128738696945,741.006686860102,0.0506867852584481,36.6254825063292,25.5925915969188,34.3273045806371,35.5823381173853,36.8873161479842,2.17621278815539,38.0048546122318,38.8296043908608,40.5891226751917,0.0594179964121789,91,"2_PB420_3.75",NA,"n>75",NA,NA,NA,"2",759.904978691765,-95.5389799371156
"20250529-CbDRC3-p037-m2x_E08_roi_0.png",20250529,"CbDRC3","p037","m2x","E08",0,660.951105987486,36.4717810321125,"","48h",10,"15hHB101","DMSO",1,"Albendazole",7.5,NA,NA,"PB420",2,NA,NA,NA,644.4337227819,336.769544750777,607.163764677283,624.433805197267,656.494735857968,50.3909370957736,672.116723684642,685.116841734488,740.436465191079,0.0781941343451819,36.5681083214385,28.2367964381939,33.5581292376938,35.3228177315845,36.7226594372719,2.52121970582502,37.8937101395529,39.1653896907331,43.4650581073187,0.068945860793869,100,"2_PB420_7.5",NA,"n>75",NA,NA,NA,"2",759.904978691765,-103.410242833797
"20250529-CbDRC3-p037-m2x_E09_roi_0.png",20250529,"CbDRC3","p037","m2x","E09",0,643.855542541518,38.0769106191787,"","48h",10,"15hHB101","DMSO",1,"Albendazole",15,NA,NA,"PB420",2,NA,NA,NA,632.675103320443,191.276911513469,602.66013405496,629.978841970327,643.519958799633,57.5094181225184,654.024627693051,667.478584991481,689.408798158805,0.0908988165026473,37.2317679908428,14.6485078917939,35.342664676712,36.2871084458423,37.7220316381749,3.28451476761122,38.8164627606263,39.9072884557097,41.9067815671108,0.0882180714173727,82,"2_PB420_15",NA,"n>75",NA,NA,NA,"2",759.904978691765,-116.385019892131
"20250529-CbDRC3-p037-m2x_E10_roi_0.png",20250529,"CbDRC3","p037","m2x","E10",0,630.377586958595,37.8795386634123,"","48h",10,"15hHB101","DMSO",1,"Albendazole",30,NA,NA,"PB420",2,NA,NA,NA,630.405648114776,543.115767365704,604.304679173418,616.653007802353,629.849429438256,23.0854559876638,645.189058910119,659.349749998153,680.38856344027,0.0366200018300926,38.1037313289299,32.0881063078035,36.3387680337305,37.2026584076111,38.0551858954189,1.74659117179148,39.151514749379,39.9886682632417,42.3219660905464,0.0458377988421673,100,"2_PB420_30",NA,"n>75",NA,NA,NA,"2",759.904978691765,-130.055549253509
"20250529-CbDRC3-p037-m2x_E11_roi_0.png",20250529,"CbDRC3","p037","m2x","E11",0,612.657189661777,37.4838873519552,"","48h",10,"15hHB101","DMSO",1,"Albendazole",60,NA,NA,"PB420",2,NA,NA,NA,616.437193759621,476.583461506416,584.379965299471,602.143817979535,621.388687654193,34.0786348243529,638.612030239703,649.652419505938,672.253792889729,0.055283222961465,37.1879878886488,26.6276158761768,35.504836248994,36.4398565153628,37.3916220653119,2.35241703487585,38.539825091537,39.7400816212724,41.2838014994343,0.0632574432883986,92,"2_PB420_60",NA,"n>75",NA,NA,NA,"2",759.904978691765,-138.516291037572
"20250529-CbDRC3-p037-m2x_E12_roi_0.png",20250529,"CbDRC3","p037","m2x","E12",0,620.062145444025,36.3017508353698,"","48h",10,"15hHB101","DMSO",1,"Albendazole",120,NA,NA,"PB420",2,NA,NA,NA,618.657859877046,442.789806105254,596.10930959155,610.329681248241,626.140740508993,35.2236108180451,638.627160896453,646.372848575552,665.402148052122,0.0569355262455497,36.6819474386975,25.2794060871863,34.6086386071603,35.6766303149469,37.0687396259928,2.6313528448313,38.2208180156393,39.3116261117694,40.8373657016528,0.0717342733569091,73,"2_PB420_120",NA,NA,NA,NA,NA,"2",759.904978691765,-133.764238182771
"20250529-CbDRC3-p037-m2x_F01_roi_0.png",20250529,"CbDRC3","p037","m2x","F01",0,757.624607290184,32.9803822112386,"","48h",10,"15hHB101","DMSO",1,"Albendazole",0,NA,NA,"ED3102",2,NA,NA,NA,749.809639284949,659.732102987762,717.50102322021,739.339920865022,751.280891881132,28.3433173546886,770.199123979184,776.674028135924,812.989225395136,0.0378006841599396,35.9931240388321,29.5152191616146,33.4384999055868,34.8895180134702,35.9004447366126,2.02383866065073,37.2596255238807,38.5580475298732,41.6174096719839,0.0562284801526886,89,"2_ED3102_0",NA,"n>75",NA,NA,NA,"2",761.147715732595,-9.86682385146264
"20250529-CbDRC3-p037-m2x_F02_roi_0.png",20250529,"CbDRC3","p037","m2x","F02",0,767.549037376887,35.8761434303019,"","48h",10,"15hHB101","DMSO",1,"Albendazole",0.117,NA,NA,"ED3102",2,NA,NA,NA,746.97283786133,153.264617649365,711.333543514357,741.886371462921,763.013982324399,78.7391765589509,773.802926108824,788.334765926338,828.102589009852,0.105411030452446,35.3395509564117,14.8175168001924,32.9710253820214,34.4967384343591,35.6757820072519,3.23051265399595,37.094125066371,38.1197500278551,39.4501671617147,0.0914135173358742,75,"2_ED3102_0.117",NA,NA,NA,NA,NA,"2",761.147715732595,1.86626659180433
"20250529-CbDRC3-p037-m2x_F03_roi_0.png",20250529,"CbDRC3","p037","m2x","F03",0,758.343899417304,35.0851257698189,"","48h",10,"15hHB101","DMSO",1,"Albendazole",0.234,NA,NA,"ED3102",2,NA,NA,NA,739.132032022683,174.805156919476,714.087553276567,729.657532320565,750.388481453126,74.480271685154,762.913548201347,778.508383863144,802.587033858483,0.100767208642458,35.3548591853305,15.0004388699389,32.9707965738406,34.7672429055106,35.5430092429508,3.1919925741361,36.8626430214678,37.8629213593673,41.6293144945251,0.0902844092067696,67,"2_ED3102_0.234",NA,NA,NA,NA,NA,"2",761.147715732595,-10.7592342794687
"20250529-CbDRC3-p037-m2x_F04_roi_0.png",20250529,"CbDRC3","p037","m2x","F04",0,741.427888829747,35.9397569465726,"","48h",10,"15hHB101","DMSO",1,"Albendazole",0.468,NA,NA,"ED3102",2,NA,NA,NA,749.369321212541,521.887100190006,722.262970808519,737.407499628897,751.437186421716,40.5528999372428,772.284312536338,782.305519181862,820.663483678467,0.0541160397007245,35.4014155469089,24.1950102497661,33.5281762951101,34.7030598414647,35.4616915984602,2.22332286195114,36.4258008323689,37.5409386113864,39.7957201630261,0.0628032192386519,88,"2_ED3102_0.468",NA,"n>75",NA,NA,NA,"2",761.147715732595,-9.71052931087843
"20250529-CbDRC3-p037-m2x_F05_roi_0.png",20250529,"CbDRC3","p037","m2x","F05",0,734.071740222361,35.3555488982673,"","48h",10,"15hHB101","DMSO",1,"Albendazole",0.9375,NA,NA,"ED3102",2,NA,NA,NA,734.220137895963,663.100008113435,701.235913213186,718.553140599852,734.284101397028,28.5032038066636,749.748339997266,768.624680573066,811.937128326723,0.0388210597006295,36.2074038597954,31.9206090635197,33.070432985513,34.8149875999271,36.4846837986743,2.12470868936542,37.8393679320819,38.6943627082012,40.5143725474276,0.05868160825871,63,"2_ED3102_0.9375",NA,NA,NA,NA,NA,"2",761.147715732595,-26.8636143355665
"20250529-CbDRC3-p037-m2x_F06_roi_0.png",20250529,"CbDRC3","p037","m2x","F06",0,723.776609885395,38.0473864117638,"","48h",10,"15hHB101","DMSO",1,"Albendazole",1.875,NA,NA,"ED3102",2,NA,NA,NA,699.825170905778,221.800119502325,656.365686123257,690.673162118542,709.918072799827,63.6495257223768,725.54628191304,740.49168729687,788.649682919775,0.0909506093357513,35.5303909999632,15.1191942954835,33.173325163769,34.3431420886505,35.8339855493194,3.219764643963,37.1419302625896,38.2643092759244,40.354544915644,0.0906200172119225,80,"2_ED3102_1.875",NA,"n>75",NA,NA,NA,"2",761.147715732595,-51.229642932768
"20250529-CbDRC3-p037-m2x_F07_roi_0.png",20250529,"CbDRC3","p037","m2x","F07",0,662.675772355966,35.4541803357588,"","48h",10,"15hHB101","DMSO",1,"Albendazole",3.75,NA,NA,"ED3102",2,NA,NA,NA,662.337939863243,478.304803232901,629.670290733533,644.308875140329,664.607028267955,36.1121535617209,681.199134525982,702.598186068702,732.7004028836,0.0545222482184506,36.7290720997037,25.196627673107,34.4584813236712,35.6289104930139,36.846151424079,2.23415781755042,38.2135731691257,38.8972980436951,41.5323035572139,0.0608280495484787,74,"2_ED3102_3.75",NA,NA,NA,NA,NA,"2",761.147715732595,-96.5406874646401
"20250529-CbDRC3-p037-m2x_F08_roi_0.png",20250529,"CbDRC3","p037","m2x","F08",0,681.432537368589,39.1511977258296,"","48h",10,"15hHB101","DMSO",1,"Albendazole",7.5,NA,NA,"ED3102",2,NA,NA,NA,657.349839895041,491.863579335453,615.453861961479,641.435799649213,666.862856262902,39.9103418426987,683.336700893079,692.225271408076,721.817821364736,0.0607140055728487,37.3008519758772,31.2641302678129,33.9778128322821,36.2560825556571,37.7016140874134,2.1260689224695,38.9519147083133,39.5707124765483,41.0014447949136,0.0569978649239554,73,"2_ED3102_7.5",NA,NA,NA,NA,NA,"2",761.147715732595,-94.2848594696925
"20250529-CbDRC3-p037-m2x_F09_roi_0.png",20250529,"CbDRC3","p037","m2x","F09",0,636.545908648461,38.4630854539014,"","48h",10,"15hHB101","DMSO",1,"Albendazole",15,NA,NA,"ED3102",2,NA,NA,NA,633.01281165242,488.649900725759,592.652326549991,613.82234174056,636.545908648461,37.9056112450495,657.240940401633,678.496882365593,702.056960991566,0.0598812702480706,37.0059555142272,29.5213974190157,34.4190473851167,35.7931094834668,36.9810806124738,2.5175801944576,38.1159590559698,40.0878147657491,43.2243090342107,0.0680317575772283,85,"2_ED3102_15",NA,"n>75",NA,NA,NA,"2",761.147715732595,-124.601807084133
"20250529-CbDRC3-p037-m2x_F11_roi_0.png",20250529,"CbDRC3","p037","m2x","F11",0,646.268478230472,37.0533603830016,"","48h",10,"15hHB101","DMSO",1,"Albendazole",60,NA,NA,"ED3102",2,NA,NA,NA,622.67729578514,547.031303948907,577.187621362148,600.643872192072,628.813176627513,31.9688973590647,647.357153401268,656.833199762036,679.001967860773,0.0513410358390454,36.993823562356,27.692980543961,34.1361278271034,35.509053023366,36.8928334448851,2.41796991533363,38.6426626564503,39.8046277683839,42.8151386382976,0.0653614490877904,77,"2_ED3102_60",NA,"n>75",NA,NA,NA,"2",761.147715732595,-132.334539105082
"20250529-CbDRC3-p037-m2x_F12_roi_0.png",20250529,"CbDRC3","p037","m2x","F12",0,664.90256267794,38.7073020043498,"","48h",10,"15hHB101","DMSO",1,"Albendazole",120,NA,NA,"ED3102",2,NA,NA,NA,621.340523310744,484.895607794736,581.880476454631,600.686729267957,622.933317829177,32.8365046544814,645.707114531021,661.890617058293,679.862230770162,0.052847840149739,37.237348671994,29.3056448662485,33.7883748202875,35.861494233802,37.4517508117108,2.68038414793246,38.847210560121,39.6640433819622,44.3368725451254,0.0719810685648616,85,"2_ED3102_120",NA,"n>75",NA,NA,NA,"2",761.147715732595,-138.214397903418
"20250529-CbDRC3-p038-m2x_A01_roi_0.png",20250529,"CbDRC3","p038","m2x","A01",0,752.894877743205,35.6473308182084,"","48h",10,"15hHB101","DMSO",1,"Albendazole",0,NA,NA,"ECA2666",2,NA,NA,NA,722.757222929727,507.050688248134,651.274739542672,707.397330845434,737.093298341116,60.8182708386862,764.60385922017,777.080371589844,800.601135421968,0.0841475794488179,33.5252977424553,25.656089251109,29.7516859365969,31.9401493911464,33.6639433847668,3.53757007404242,35.6164759320466,36.6987301518986,50.8077938896352,0.105519423010599,67,"2_ECA2666_0",NA,NA,NA,NA,NA,"2",743.777729533843,-6.68443119272683
"20250529-CbDRC3-p038-m2x_A02_roi_0.png",20250529,"CbDRC3","p038","m2x","A02",0,762.131625571474,34.6117696182374,"","48h",10,"15hHB101","DMSO",1,"Albendazole",0.117,NA,NA,"ECA2666",2,NA,NA,NA,745.163061350479,535.221181151527,667.753323001416,723.255215600216,755.171741763837,55.7635524102971,779.599224203398,799.556043726866,885.487304777238,0.0748340266749606,33.9071292604581,24.1720764571532,30.807660202759,32.1572261211935,33.8936678227121,2.75740484147272,35.7118093641757,36.8741383686883,39.2334455721821,0.0813222735635231,69,"2_ECA2666_0.117",NA,NA,NA,NA,NA,"2",743.777729533843,11.3940122299936
"20250529-CbDRC3-p038-m2x_A03_roi_0.png",20250529,"CbDRC3","p038","m2x","A03",0,795.188003861393,35.0708963795921,"","48h",10,"15hHB101","DMSO",1,"Albendazole",0.234,NA,NA,"ECA2666",2,NA,NA,NA,732.183639986577,104.101792226431,674.111933879056,716.617701354881,746.628364592581,98.6392535837255,774.034192754065,809.709159753241,824.772102809179,0.134719281061147,32.8147544017624,22.468294038455,28.9775013575523,31.031833149868,33.104366415299,3.29205865507166,35.1204325994302,36.3487235348978,40.2284000581794,0.100322513914499,63,"2_ECA2666_0.234",NA,NA,NA,NA,NA,"2",743.777729533843,2.85063505873802
"20250529-CbDRC3-p038-m2x_A04_roi_0.png",20250529,"CbDRC3","p038","m2x","A04",0,743.594018518204,32.6737779564429,"","48h",10,"15hHB101","DMSO",1,"Albendazole",0.468,NA,NA,"ECA2666",2,NA,NA,NA,731.983498165025,557.503521033306,663.246647721312,719.539613090265,738.382979899684,53.0802566638248,762.123671589723,788.763758347703,819.162336477589,0.0725156465916093,32.8380656188143,25.5510251847966,28.8936383818975,30.4460132969061,32.7242747699479,3.08049406481483,34.8418888190402,36.6232293528974,39.8470241819723,0.0938086335709702,80,"2_ECA2666_0.468",NA,"n>75",NA,NA,NA,"2",743.777729533843,-5.39474963415933
"20250529-CbDRC3-p038-m2x_A05_roi_0.png",20250529,"CbDRC3","p038","m2x","A05",0,757.235942226348,34.8100018201342,"","48h",10,"15hHB101","DMSO",1,"Albendazole",0.9375,NA,NA,"ECA2666",2,NA,NA,NA,722.92643061141,543.359230524032,680.19846359269,698.625784050892,727.743491069284,43.2056794811089,754.599852967104,769.828253148774,814.295158638373,0.0597649742098487,34.2295874740319,25.8004605048498,30.9486271097455,32.3295131488275,34.8100018201342,2.72319319423049,35.9929170501402,37.3295628741587,41.0048391313757,0.0795567050376058,77,"2_ECA2666_0.9375",NA,"n>75",NA,NA,NA,"2",743.777729533843,-16.0342384645588
"20250529-CbDRC3-p038-m2x_A06_roi_0.png",20250529,"CbDRC3","p038","m2x","A06",0,764.649829514297,36.1819728826312,"","48h",10,"15hHB101","DMSO",1,"Albendazole",1.875,NA,NA,"ECA2666",2,NA,NA,NA,693.997297982137,206.165519280126,624.332833265827,686.728147965688,711.681568224822,88.5787895754052,735.801610431563,762.082534463932,805.227854205428,0.127635640416694,34.3097064267995,12.6528175145079,29.4753038714148,33.5532815809669,35.4733314802688,4.11275648967511,36.641818323959,37.7113936733739,39.9724114972828,0.119871515031752,71,"2_ECA2666_1.875",NA,NA,NA,NA,NA,"2",743.777729533843,-32.0961613090211
"20250529-CbDRC3-p038-m2x_A07_roi_0.png",20250529,"CbDRC3","p038","m2x","A07",0,706.405595838235,34.3819899233567,"","48h",10,"15hHB101","DMSO",1,"Albendazole",3.75,NA,NA,"ECA2666",2,NA,NA,NA,687.79678210607,577.612795931915,646.86428429597,669.444409975581,689.656796477547,36.1920936497105,712.315035133661,729.140392235335,748.716434614342,0.0526203300034182,35.7925083927248,27.6773560900057,33.2555215472137,34.4477786867068,35.5797122730021,2.27522123415458,37.312246093361,38.4654174048037,42.2066642088476,0.0635669679584973,74,"2_ECA2666_3.75",NA,NA,NA,NA,NA,"2",743.777729533843,-54.1209330562963
"20250529-CbDRC3-p038-m2x_A08_roi_0.png",20250529,"CbDRC3","p038","m2x","A08",0,715.840260638776,35.993392298032,"","48h",10,"15hHB101","DMSO",1,"Albendazole",7.5,NA,NA,"ECA2666",2,NA,NA,NA,671.008509276034,461.832280631145,623.811971382161,648.184827518639,670.46956719812,61.8132009438814,695.767677759941,715.840260638776,992.669305025183,0.0921198466030975,35.4473014424075,29.1955166120037,32.6522355590349,33.952901671422,35.9512080542813,2.31262086444952,37.0085210761099,38.0312809087265,39.9767134585368,0.065241097921288,61,"2_ECA2666_7.5",NA,NA,NA,NA,NA,"2",743.777729533843,-73.3081623357238
"20250529-CbDRC3-p038-m2x_A09_roi_0.png",20250529,"CbDRC3","p038","m2x","A09",0,749.912104438151,38.8295538344311,"","48h",10,"15hHB101","DMSO",1,"Albendazole",15,NA,NA,"ECA2666",2,NA,NA,NA,660.688602477007,603.192597497316,625.832822259226,634.423397597742,660.076228073197,31.9995907738961,688.597632807812,702.662016278399,749.912104438151,0.0484336957742657,36.8946037146797,32.654013257692,34.6406774852198,36.0119915066599,37.1931307432038,1.65354306871283,38.097026319734,38.6121811112317,41.3534921751875,0.044818019499554,65,"2_ECA2666_15",NA,NA,NA,NA,NA,"2",743.777729533843,-83.7015014606467
"20250529-CbDRC3-p038-m2x_A10_roi_0.png",20250529,"CbDRC3","p038","m2x","A10",0,656.466627067304,35.5386562138921,"","48h",10,"15hHB101","DMSO",1,"Albendazole",30,NA,NA,"ECA2666",2,NA,NA,NA,630.397097380785,360.98667365193,576.728530421757,612.418373634359,638.076215655259,54.0570069214313,658.638140271763,679.743108306178,732.406864027473,0.0857507230696825,35.7819703294957,18.8539106162693,32.9415763866038,34.6449304492787,36.101070384836,3.43241189839025,37.6443589845988,39.2545190662874,40.7490030804941,0.0959257376489649,59,"2_ECA2666_30",NA,NA,NA,NA,NA,"2",743.777729533843,-105.701513878584
"20250529-CbDRC3-p038-m2x_A11_roi_0.png",20250529,"CbDRC3","p038","m2x","A11",0,683.958391424902,36.6720830276577,"","48h",10,"15hHB101","DMSO",1,"Albendazole",60,NA,NA,"ECA2666",2,NA,NA,NA,630.470863942764,537.869856697866,582.298167218573,604.699465147434,631.432283073806,38.495044958703,654.849177987445,680.29262424692,719.272314238474,0.0610576113192088,36.0421164241876,30.8738204569866,32.633204146152,34.2004194217289,36.5512861755664,2.43369107886325,37.4316266565883,38.6978943721484,41.3980010067163,0.0675235341404651,64,"2_ECA2666_60",NA,NA,NA,NA,NA,"2",743.777729533843,-112.345446460037
"20250529-CbDRC3-p038-m2x_A12_roi_0.png",20250529,"CbDRC3","p038","m2x","A12",0,647.484422179705,28.3299212603296,"","48h",10,"15hHB101","DMSO",1,"Albendazole",120,NA,NA,"ECA2666",2,NA,NA,NA,646.296824038798,559.792197802068,601.852112820249,623.793450297341,645.016260871169,37.9052482598257,670.887172790127,696.733571038,734.477167727083,0.0586499064361026,34.4654716875467,28.3299212603296,30.5860343720433,32.4944310119928,34.7542939252757,2.50637057510603,36.0017156295515,37.3745819969605,39.2163693926174,0.0727212033489053,62,"2_ECA2666_120",NA,NA,NA,NA,NA,"2",743.777729533843,-98.7614686626739
"20250529-CbDRC3-p038-m2x_B01_roi_0.png",20250529,"CbDRC3","p038","m2x","B01",0,799.207949567822,37.5799851331366,"","48h",10,"15hHB101","DMSO",1,"Albendazole",0,NA,NA,"JU3237",2,NA,NA,NA,757.768800765888,533.877364629467,707.705875741514,730.770704746847,768.367112079512,57.8540435914524,792.526041913683,809.605869389631,865.835285837982,0.0763478828014276,37.5523228352463,29.2470193476706,34.4025386384718,35.9942134427689,37.6136135085935,3.10374227328796,39.2361471273024,41.4955902376083,44.0317307198291,0.0826511395022098,60,"2_JU3237_0",NA,NA,NA,NA,NA,"2",770.21703995553,-1.849927876018
"20250529-CbDRC3-p038-m2x_B02_roi_0.png",20250529,"CbDRC3","p038","m2x","B02",0,836.192755268993,37.1155921361719,"","48h",10,"15hHB101","DMSO",1,"Albendazole",0.117,NA,NA,"JU3237",2,NA,NA,NA,773.864010493487,484.884297734852,717.992834991172,739.584758759906,783.109666735662,67.6165521363378,817.640241177187,841.366880595456,874.571236715625,0.0873752380514753,37.2363056545377,21.8670812304596,33.720553110088,35.812969975205,37.8759519413798,3.51954823421902,38.9200889266077,40.4226056159039,43.6570617654758,0.0945192647968856,48,"2_JU3237_0.117",NA,NA,NA,NA,NA,"2",770.21703995553,12.8926267801316
"20250529-CbDRC3-p038-m2x_B03_roi_0.png",20250529,"CbDRC3","p038","m2x","B03",0,831.871880302679,37.2713569879673,"","48h",10,"15hHB101","DMSO",1,"Albendazole",0.234,NA,NA,"JU3237",2,NA,NA,NA,766.523656160486,614.313535465187,697.376822491263,737.793552874513,758.03965083645,56.1182706159661,805.668589019484,835.945738338026,869.779009141734,0.0732114008027649,37.4409424081184,28.1272554620159,33.289937720644,35.2330160739111,37.9748389346051,3.36327220397188,39.8903512500981,41.3586589913693,43.6933216394255,0.0898287272609519,47,"2_JU3237_0.234",NA,NA,NA,NA,NA,"2",770.21703995553,-12.1773891190804
"20250529-CbDRC3-p038-m2x_B04_roi_0.png",20250529,"CbDRC3","p038","m2x","B04",0,775.481188809017,40.6838813865785,"","48h",10,"15hHB101","DMSO",1,"Albendazole",0.468,NA,NA,"JU3237",2,NA,NA,NA,747.955586701229,224.058517931766,668.88731746038,755.26724029789,781.569246986729,135.34619209377,816.980982614404,825.425097285232,876.474661086012,0.180954851464775,36.9514246396543,17.028139411004,33.420217108606,36.8174267736202,38.3840397556824,5.57487005631053,40.0690669237725,41.204545713457,42.6543050633034,0.15087023330429,40,"2_JU3237_0.468",NA,NA,NA,NA,NA,"2",770.21703995553,11.3522070311982
"20250529-CbDRC3-p038-m2x_B05_roi_0.png",20250529,"CbDRC3","p038","m2x","B05",0,861.98436827028,40.0700870121233,"","48h",10,"15hHB101","DMSO",1,"Albendazole",0.9375,NA,NA,"JU3237",2,NA,NA,NA,755.144927963558,408.112251939934,707.101368934807,728.21486855099,768.543716651376,67.7505311754112,800.151744487195,809.616070729979,861.98436827028,0.0897185807208132,37.1387015636041,22.080926210553,33.2061460149354,35.5292811122512,37.5655085976626,3.55263121840186,39.8379562000846,40.349531863924,43.0604760635963,0.0956584659352612,54,"2_JU3237_0.9375",NA,NA,NA,NA,NA,"2",770.21703995553,-1.67332330415445
"20250529-CbDRC3-p038-m2x_B06_roi_0.png",20250529,"CbDRC3","p038","m2x","B06",0,722.467355257003,40.3469718204789,"","48h",10,"15hHB101","DMSO",1,"Albendazole",1.875,NA,NA,"JU3237",2,NA,NA,NA,742.618348103091,603.352104366436,697.094839977605,719.761147931958,753.327522290084,38.8035428128629,772.281598905152,783.510155384131,797.541531155199,0.0522523351489777,38.3603600554706,28.0201510718958,36.1591171024934,37.5784460709731,38.7494894422163,2.27531176852428,39.2359317070586,40.7163748693495,42.3619723024979,0.0593141400454556,48,"2_JU3237_1.875",NA,NA,NA,NA,NA,"2",770.21703995553,-16.8895176654461
"20250529-CbDRC3-p038-m2x_B07_roi_0.png",20250529,"CbDRC3","p038","m2x","B07",0,665.406275040825,38.480532130103,"","48h",10,"15hHB101","DMSO",1,"Albendazole",3.75,NA,NA,"JU3237",2,NA,NA,NA,671.862582940523,426.953187211935,633.562305813403,652.689689286342,683.348825854001,52.1324005588487,703.632591241393,712.928172640478,773.38668495708,0.0775938441618258,38.1186232101777,32.8879373383034,36.0046092679612,36.8708750171825,38.4278280128418,1.94596311654603,39.3996542558217,40.0723100591649,43.2993867623569,0.0510501941745487,56,"2_JU3237_3.75",NA,NA,NA,NA,NA,"2",770.21703995553,-86.8682141015289
"20250529-CbDRC3-p038-m2x_B08_roi_0.png",20250529,"CbDRC3","p038","m2x","B08",0,665.402162053642,37.6941090313292,"","48h",10,"15hHB101","DMSO",1,"Albendazole",7.5,NA,NA,"JU3237",2,NA,NA,NA,680.663698355496,547.823753459904,647.641873414426,665.024466742624,681.387694450831,34.3799472672336,702.731783404943,719.549272596303,741.161286563859,0.0505094473971457,37.8407422490133,28.6528700966549,35.9127789589344,36.922177577445,38.0611832353238,2.44116814796401,39.6296271891658,40.3055857453639,41.6988052870994,0.0645116348907682,61,"2_JU3237_7.5",NA,NA,NA,NA,NA,"2",770.21703995553,-88.8293455046989
"20250529-CbDRC3-p038-m2x_B09_roi_0.png",20250529,"CbDRC3","p038","m2x","B09",0,669.23216278581,38.8105959565273,"","48h",10,"15hHB101","DMSO",1,"Albendazole",15,NA,NA,"JU3237",2,NA,NA,NA,640.35352303177,402.938822371976,591.424656194972,626.18740970948,658.836420122603,64.8332114260234,677.025337151396,689.725889591483,711.578139683505,0.101245966632726,37.2377402214583,25.0425003710001,33.6275261277387,35.4062581295903,37.9109002571583,3.68687918106097,39.3232611888058,40.7708052881041,43.7550797653958,0.0990092083766242,45,"2_JU3237_15",NA,NA,NA,"outlier","outlier","2",770.21703995553,-111.380619832927
"20250529-CbDRC3-p038-m2x_B10_roi_0.png",20250529,"CbDRC3","p038","m2x","B10",0,665.701026012734,40.1489203237302,"","48h",10,"15hHB101","DMSO",1,"Albendazole",30,NA,NA,"JU3237",2,NA,NA,NA,636.980027806801,528.053068320893,581.295990124039,618.743303097793,648.51692900996,41.5130789695292,665.701026012734,684.14593875182,699.215953870036,0.0651717120746528,37.5812112678041,31.3326981638886,33.6430102319797,35.770100061435,37.9684819466769,2.64538906369121,39.4505671266516,40.6122197602308,41.8058071735416,0.0703912666582283,61,"2_JU3237_30",NA,NA,NA,NA,NA,"2",770.21703995553,-121.70011094557
"20250529-CbDRC3-p038-m2x_B11_roi_0.png",20250529,"CbDRC3","p038","m2x","B11",0,633.434302327906,36.0451197055348,"","48h",10,"15hHB101","DMSO",1,"Albendazole",60,NA,NA,"JU3237",2,NA,NA,NA,627.81617054771,456.604969107185,590.258980634943,600.109406098584,633.843144779001,38.7265418843289,652.436387035523,668.39564138717,695.44350856555,0.0616845243895895,37.5358405332349,27.0824306818854,34.446870909685,36.2344778231901,37.7528458671487,2.64195490128239,39.3256476021763,40.5253245767407,43.437906362965,0.0703848605426368,71,"2_JU3237_60",NA,NA,NA,NA,NA,"2",770.21703995553,-136.373895176529
"20250529-CbDRC3-p038-m2x_B12_roi_0.png",20250529,"CbDRC3","p038","m2x","B12",0,632.473178231717,37.778674800968,"","48h",10,"15hHB101","DMSO",1,"Albendazole",120,NA,NA,"JU3237",2,NA,NA,NA,614.977787036774,345.657455088964,574.84017306429,597.845736130708,620.121393504617,47.2645133205937,636.086107357879,659.021781375827,692.79547607351,0.0768556431092159,36.8687390082538,24.8602786063566,32.8829471597272,35.6932711840375,37.2112512170817,2.86453760194411,38.5004110422903,39.9093879599665,42.3162345514322,0.077695567545796,60,"2_JU3237_120",NA,NA,NA,NA,NA,"2",770.21703995553,-150.095646450914
"20250529-CbDRC3-p038-m2x_C01_roi_0.png",20250529,"CbDRC3","p038","m2x","C01",0,818.989999083075,36.7070044520338,"","48h",10,"15hHB101","DMSO",1,"Albendazole",0,NA,NA,"VX34",2,NA,NA,NA,786.069882876904,287.808731099752,694.480865907529,779.42609407767,806.317960096814,112.759547078148,849.398447716484,862.655594625379,951.113260619443,0.143447229736705,37.2047343951654,17.62558853663,32.2841641077005,36.3603238095161,37.8339181621524,4.86952079623745,39.5778534621308,40.8169646547028,47.7495850744908,0.130884439182295,51,"2_VX34_0",NA,NA,NA,NA,NA,"2",817.980026430563,-11.662066333749
"20250529-CbDRC3-p038-m2x_C02_roi_0.png",20250529,"CbDRC3","p038","m2x","C02",0,831.180534413011,37.2400414319513,"","48h",10,"15hHB101","DMSO",1,"Albendazole",0.117,NA,NA,"VX34",2,NA,NA,NA,806.509365011442,713.677806987227,750.245117523323,786.599519904589,810.328806536912,37.211390668159,836.828685122694,846.550708894624,896.287322036559,0.0461388203069794,37.0761104765711,31.7205070236562,34.3587385608785,35.492402795753,37.2400414319513,2.23971879867133,39.0379425286193,39.4908214029087,40.9242146946626,0.0604086774443786,79,"2_VX34_0.117",NA,"n>75",NA,NA,NA,"2",817.980026430563,-7.65121989365105
"20250529-CbDRC3-p038-m2x_C03_roi_0.png",20250529,"CbDRC3","p038","m2x","C03",0,895.526234003961,37.4910374044133,"","48h",10,"15hHB101","DMSO",1,"Albendazole",0.234,NA,NA,"VX34",2,NA,NA,NA,833.609871592887,749.425053186727,786.340176001408,807.210870890581,831.118230593193,39.3554536412145,855.621842096395,877.958185722059,983.63431210477,0.0472108776327383,38.1556870906027,32.6658212677025,35.2747693179225,36.8382149765691,37.9878627477774,2.2559157518605,39.1692476807255,41.3500018973451,43.8069421650779,0.0591239713886873,66,"2_VX34_0.234",NA,NA,NA,NA,NA,"2",817.980026430563,13.1382041626307
"20250529-CbDRC3-p038-m2x_C04_roi_0.png",20250529,"CbDRC3","p038","m2x","C04",0,800.355917910823,34.5730226697111,"","48h",10,"15hHB101","DMSO",1,"Albendazole",0.468,NA,NA,"VX34",2,NA,NA,NA,817.067376173058,543.122753073411,757.806837093081,796.816415662697,827.247276855325,54.9618096549324,848.030561732766,864.926882014616,936.808250745678,0.0672671694620338,37.0072364513644,28.9879419212882,34.0818289243287,34.9576188628776,37.3471984142764,2.67698883805818,38.9055673214192,40.2042705166723,41.9169621758563,0.0723369020428295,65,"2_VX34_0.468",NA,NA,NA,NA,NA,"2",817.980026430563,9.26725042476278
"20250529-CbDRC3-p038-m2x_C05_roi_0.png",20250529,"CbDRC3","p038","m2x","C05",0,822.652884678127,37.324701045531,"","48h",10,"15hHB101","DMSO",1,"Albendazole",0.9375,NA,NA,"VX34",2,NA,NA,NA,816.591272825479,674.112876443779,766.92729499632,782.900067655568,822.550905829354,41.6459483588182,845.966165357424,856.491586039804,926.684813744818,0.050999747051814,38.0498113075772,35.3568067097831,36.4083544270371,36.8292140947859,37.4936017098778,1.71582524581752,38.947574492219,40.2518037911068,44.1822343767415,0.0450941854073226,54,"2_VX34_0.9375",NA,NA,NA,NA,NA,"2",817.980026430563,4.5708793987917
"20250529-CbDRC3-p038-m2x_C06_roi_0.png",20250529,"CbDRC3","p038","m2x","C06",0,811.524758257029,40.1691461763485,"","48h",10,"15hHB101","DMSO",1,"Albendazole",1.875,NA,NA,"VX34",2,NA,NA,NA,783.570857054842,525.256723476449,749.626606542536,769.774159148616,792.476244257912,43.6883114380348,807.606491721349,815.436661300779,839.676020771805,0.0557554062210063,38.7375595831021,26.5922844747464,36.5460092054702,37.7622099132782,39.2378501997794,2.43164480593381,40.3118971487258,40.6817231818199,42.4011593882858,0.0627722766251525,56,"2_VX34_1.875",NA,NA,NA,NA,NA,"2",817.980026430563,-25.503782172651
"20250529-CbDRC3-p038-m2x_C07_roi_0.png",20250529,"CbDRC3","p038","m2x","C07",0,728.592821070601,39.4099199550305,"","48h",10,"15hHB101","DMSO",1,"Albendazole",3.75,NA,NA,"VX34",2,NA,NA,NA,717.75678108087,506.331463889562,674.131564309163,694.251668084753,720.562957101701,44.4469187759081,742.807538678796,754.785709220385,860.951210580688,0.061924763300704,38.4376938080767,26.7037233285644,36.4683240698957,37.5372690306874,38.3362378075803,2.20300229790145,39.4918889639835,40.5048268812064,44.1230246810807,0.0573135919366354,75,"2_VX34_3.75",NA,NA,NA,NA,NA,"2",817.980026430563,-97.4170693288615
"20250529-CbDRC3-p038-m2x_C08_roi_0.png",20250529,"CbDRC3","p038","m2x","C08",0,721.092167070115,37.2417115062866,"","48h",10,"15hHB101","DMSO",1,"Albendazole",7.5,NA,NA,"VX34",2,NA,NA,NA,703.883963722837,607.225714912208,672.432614088873,683.63862955473,706.337122170378,30.4542577353133,720.668108103084,740.418623402976,777.985905323452,0.0432660201182038,38.2400551995709,31.1518556500071,35.8563154359169,37.1060837662063,38.4824016952468,2.07170560839722,39.7629825291593,40.4985211875655,42.3332153771505,0.054176323689524,66,"2_VX34_7.5",NA,NA,NA,NA,NA,"2",817.980026430563,-111.642904260184
"20250529-CbDRC3-p038-m2x_C09_roi_0.png",20250529,"CbDRC3","p038","m2x","C09",0,694.345725611353,37.7207754114945,"","48h",10,"15hHB101","DMSO",1,"Albendazole",15,NA,NA,"VX34",2,NA,NA,NA,681.928575698851,584.410938776582,647.877226272768,661.608274778607,688.730305386622,35.7221406318797,698.285429346959,726.046761727489,768.948823810516,0.0523839913810198,38.6546103692187,30.9643625362535,37.0312217141974,37.8947355338595,38.7648368608462,1.72477910169825,39.7465257106328,40.3573674068816,41.4125892682437,0.0446202687137088,46,"2_VX34_15",NA,NA,NA,NA,NA,"2",817.980026430563,-129.249721043941
"20250529-CbDRC3-p038-m2x_C10_roi_0.png",20250529,"CbDRC3","p038","m2x","C10",0,697.269435262571,39.7924549234294,"","48h",10,"15hHB101","DMSO",1,"Albendazole",30,NA,NA,"VX34",2,NA,NA,NA,661.301736998823,429.346839991955,617.343527735337,646.679067048983,670.396484362726,44.6767485504784,687.349929716062,700.336971274445,713.982387391868,0.067558795101967,38.7623676553633,27.263612836347,35.9500004544663,37.8506934397441,39.2789856848282,2.49928766161828,40.169142940453,40.9547107128394,42.4759676984731,0.0644771672318748,53,"2_VX34_30",NA,NA,NA,NA,NA,"2",817.980026430563,-147.583542067837
"20250529-CbDRC3-p038-m2x_C11_roi_0.png",20250529,"CbDRC3","p038","m2x","C11",0,685.467866937649,38.3780323593072,"","48h",10,"15hHB101","DMSO",1,"Albendazole",60,NA,NA,"VX34",2,NA,NA,NA,677.269479050668,596.491379205033,636.017081559266,650.87937962793,672.117125466469,86.2040199542958,684.961659349574,695.316295686214,1269.67725707526,0.127281713735467,39.169919832146,32.936538539419,37.0672231070526,38.2236563508244,39.1283442424812,1.92998694266461,40.2801413837997,41.3673726686606,43.4942806252505,0.0492721698419385,54,"2_VX34_60",NA,NA,NA,NA,NA,"2",817.980026430563,-145.862900964094
"20250529-CbDRC3-p038-m2x_C12_roi_0.png",20250529,"CbDRC3","p038","m2x","C12",0,641.602204911092,37.1664915485381,"","48h",10,"15hHB101","DMSO",1,"Albendazole",120,NA,NA,"VX34",2,NA,NA,NA,652.008993378093,470.076569813244,605.88273654737,635.115653153575,660.573499121185,43.5273930724547,677.998365572575,692.831701447211,726.279850724584,0.0667588844855298,37.9242138779832,26.3961505495382,35.368656580117,37.0522165761916,38.2313546309826,2.60320999852514,39.2612475570465,40.316543474856,43.6332882231687,0.0686424247817151,56,"2_VX34_120",NA,NA,NA,NA,NA,"2",817.980026430563,-157.406527309378
"20250529-CbDRC3-p038-m2x_D01_roi_0.png",20250529,"CbDRC3","p038","m2x","D01",0,766.399383327499,33.088206184648,"","48h",10,"15hHB101","DMSO",1,"Albendazole",0,NA,NA,"NIC1667",2,NA,NA,NA,727.591657012397,558.290207342526,678.665437646658,702.650296996506,733.838099820622,48.1011896198558,762.780572819117,776.927518123547,807.966364772279,0.0661101445519134,34.0402422723109,26.8757767291118,30.5813135560701,32.5466217338622,33.9451887942805,2.77482034236687,35.8887335183713,37.0047476302754,40.7402175172766,0.0815158811200344,54,"2_NIC1667_0",NA,NA,NA,NA,NA,"2",729.921952611189,3.91614720943278
"20250529-CbDRC3-p038-m2x_D02_roi_0.png",20250529,"CbDRC3","p038","m2x","D02",0,676.621256304368,30.180514208663,"","48h",10,"15hHB101","DMSO",1,"Albendazole",0.117,NA,NA,"NIC1667",2,NA,NA,NA,726.649987195621,197.605521511387,677.840611946079,702.407237078632,743.404875443802,85.5092666153223,767.341184386117,794.097427696942,820.987287972674,0.117676003746082,34.4595192558536,30.0380281037123,31.2273030282516,32.4374099784612,34.7271884423923,2.36543605471589,36.1408092146041,37.4958169575587,39.6016553011382,0.0686439075703029,56,"2_NIC1667_0.117",NA,NA,NA,NA,NA,"2",729.921952611189,13.4829228326126
"20250529-CbDRC3-p038-m2x_D03_roi_0.png",20250529,"CbDRC3","p038","m2x","D03",0,794.614471764538,36.4755982567756,"","48h",10,"15hHB101","DMSO",1,"Albendazole",0.234,NA,NA,"NIC1667",2,NA,NA,NA,712.054804150917,225.196161517712,631.962457816259,691.058054515837,727.780852763216,78.9757965198869,756.713233266968,774.113151634709,838.85089503717,0.11091252535549,33.6195081433906,14.9236644815589,29.8486743122504,31.3321486357346,34.2228473103271,3.63645925129456,36.2017947856166,37.2915343449265,38.5383728600452,0.108165153273055,88,"2_NIC1667_0.234",NA,"n>75",NA,NA,NA,"2",729.921952611189,-2.14109984797244
"20250529-CbDRC3-p038-m2x_D04_roi_0.png",20250529,"CbDRC3","p038","m2x","D04",0,741.82603070405,31.9312209079168,"","48h",10,"15hHB101","DMSO",1,"Albendazole",0.468,NA,NA,"NIC1667",2,NA,NA,NA,728.216619101429,316.266199197338,679.413443415052,712.962104700478,731.640100093717,69.7714695030422,770.734390433652,787.679430380657,803.411096710176,0.0958114215920197,32.9650187486902,17.4734485086558,30.4487872904734,31.5739976704616,33.2355789786998,2.86182001305451,34.7370447955687,35.8605364241343,37.8045543758178,0.0868138445444756,63,"2_NIC1667_0.468",NA,NA,NA,NA,NA,"2",729.921952611189,1.71814748252768
"20250529-CbDRC3-p038-m2x_D05_roi_0.png",20250529,"CbDRC3","p038","m2x","D05",0,676.926471754997,32.9520044423611,"","48h",10,"15hHB101","DMSO",1,"Albendazole",0.9375,NA,NA,"NIC1667",2,NA,NA,NA,722.480324961744,594.425457501403,671.257197308278,707.907427561307,726.290083544118,42.6271157486918,745.693485315446,777.953766885845,803.184170579704,0.0590010748748748,34.4960687393361,28.064869844038,30.8933229830336,32.9473254348202,34.8067617490238,2.70970774830294,36.5552837308919,37.6683311543427,40.5749799376283,0.0785512044511042,63,"2_NIC1667_0.9375",NA,NA,NA,NA,NA,"2",729.921952611189,-3.63186906707131
"20250529-CbDRC3-p038-m2x_D06_roi_0.png",20250529,"CbDRC3","p038","m2x","D06",0,710.661958880447,34.62794412898,"","48h",10,"15hHB101","DMSO",1,"Albendazole",1.875,NA,NA,"NIC1667",2,NA,NA,NA,702.956735530037,440.23585008352,649.546398975594,688.511703371941,714.39574821154,56.6248052149921,729.04433400502,766.068598476198,807.98090325973,0.0805523332418124,36.0802856171511,28.6881881871965,32.4237050358297,34.7948327338981,36.4352407185238,2.70497052665109,37.6565114315574,39.341028489193,41.3532052572572,0.0749708734391298,80,"2_NIC1667_1.875",NA,"n>75",NA,NA,NA,"2",729.921952611189,-15.5262043996487
"20250529-CbDRC3-p038-m2x_D07_roi_0.png",20250529,"CbDRC3","p038","m2x","D07",0,695.495142466137,37.8101661840517,"","48h",10,"15hHB101","DMSO",1,"Albendazole",3.75,NA,NA,"NIC1667",2,NA,NA,NA,666.644499061795,550.817772878248,613.295918668365,648.118483530703,671.977293932792,42.0957089958244,695.651593950401,715.502212691645,737.249365630563,0.0631456631759025,35.9124393419978,27.1453088308697,32.8386929336282,35.0324126473177,36.4743266620021,2.77096006107564,37.7573074514,38.5114635440417,39.9134012278563,0.0771587815210075,60,"2_NIC1667_3.75",NA,NA,NA,"outlier","outlier","2",729.921952611189,-57.9446586783969
"20250529-CbDRC3-p038-m2x_D08_roi_0.png",20250529,"CbDRC3","p038","m2x","D08",0,679.929150498477,35.8900624407423,"","48h",10,"15hHB101","DMSO",1,"Albendazole",7.5,NA,NA,"NIC1667",2,NA,NA,NA,661.205550304149,532.32292135022,623.005185542197,643.892987632836,658.58454720566,39.1221928925975,682.922451596258,707.74978636412,765.038145674672,0.0591679741263539,36.5371006082288,27.4532482883733,33.6421227394451,35.2117826481677,36.6529329639355,2.6593833198659,38.5068402815536,39.5302325556553,43.7521711141281,0.0727858334568279,70,"2_NIC1667_7.5",NA,NA,NA,NA,NA,"2",729.921952611189,-71.3374054055288
"20250529-CbDRC3-p038-m2x_D09_roi_0.png",20250529,"CbDRC3","p038","m2x","D09",0,620.682346531161,36.138207793726,"","48h",10,"15hHB101","DMSO",1,"Albendazole",15,NA,NA,"NIC1667",2,NA,NA,NA,636.003440643126,532.477502947797,599.53510961352,616.997314535843,637.709899176237,33.5491852402852,659.097556592258,670.863504787383,696.07015476617,0.0527500058904717,36.5256812014324,30.2055845671603,33.6264864421762,35.1458418456309,36.7655413741557,2.35868723642504,38.2144180602736,39.216955239023,42.2076571224067,0.0645761327055699,62,"2_NIC1667_15",NA,NA,NA,"outlier","outlier","2",729.921952611189,-92.2120534349521
"20250529-CbDRC3-p038-m2x_D10_roi_0.png",20250529,"CbDRC3","p038","m2x","D10",0,674.775827353647,37.559617481721,"","48h",10,"15hHB101","DMSO",1,"Albendazole",30,NA,NA,"NIC1667",2,NA,NA,NA,624.90411454844,243.461744924574,575.645660371623,610.807940166141,636.465804573425,60.9012139918761,655.528866157911,674.002712748155,701.825554551053,0.0974568939042491,35.5282078454134,22.4512652733272,32.4017726731541,34.4529283659271,36.329432141768,2.95408277809437,37.1663256360126,38.4746090014831,40.9891409999461,0.0831475314191997,69,"2_NIC1667_30",NA,NA,NA,NA,NA,"2",729.921952611189,-93.4561480377644
"20250529-CbDRC3-p038-m2x_D11_roi_0.png",20250529,"CbDRC3","p038","m2x","D11",0,642.880310465763,36.4321086816447,"","48h",10,"15hHB101","DMSO",1,"Albendazole",60,NA,NA,"NIC1667",2,NA,NA,NA,615.928455575806,192.145042416394,576.112753915502,602.433259414623,625.965385316013,68.5321590675255,649.337221239862,663.658681957707,678.465625606155,0.111266427857206,34.9805136335577,14.4418640156521,29.7154276143795,34.345687653239,35.8263694276801,4.08945537622053,37.1245288459912,38.2915734267648,40.5710065591028,0.116906670355389,54,"2_NIC1667_60",NA,NA,NA,NA,NA,"2",729.921952611189,-103.956567295176
"20250529-CbDRC3-p038-m2x_D12_roi_0.png",20250529,"CbDRC3","p038","m2x","D12",0,643.576164952497,32.7339737037191,"","48h",10,"15hHB101","DMSO",1,"Albendazole",120,NA,NA,"NIC1667",2,NA,NA,NA,629.756264448305,550.96806721943,583.356652763767,616.504078331888,631.949674671401,32.0847906351482,652.032527703729,668.846839026602,681.214705944123,0.0509479499394197,35.6215245535493,28.5266627912151,32.6013724719735,34.2070917980234,36.098673046911,2.6868486160418,37.4004818420862,38.9170111410821,41.5655637769449,0.0754276704806023,63,"2_NIC1667_120",NA,NA,NA,NA,NA,"2",729.921952611189,-97.9722779397875
"20250529-CbDRC3-p038-m2x_E01_roi_0.png",20250529,"CbDRC3","p038","m2x","E01",0,770.233250310087,36.6043088920759,"","48h",10,"15hHB101","DMSO",1,"Albendazole",0,NA,NA,"PB420",2,NA,NA,NA,754.717871582396,197.820277765626,698.888122915327,742.295399443168,773.791616684366,77.8718778697022,790.12422604815,801.571854967039,852.264473237238,0.103180116440638,37.1469332411019,13.4790910719239,34.113928014927,35.8960991897348,37.3286342969502,3.75709015453046,38.9859231968228,40.0850907272003,44.4908046217247,0.101141327876115,78,"2_PB420_0",NA,"n>75",NA,NA,NA,"2",759.904978691765,13.8866379926018
"20250529-CbDRC3-p038-m2x_E02_roi_0.png",20250529,"CbDRC3","p038","m2x","E02",0,746.951073736818,35.6365712831434,"","48h",10,"15hHB101","DMSO",1,"Albendazole",0.117,NA,NA,"PB420",2,NA,NA,NA,757.93801971957,577.254879279129,717.975754406525,743.141179806211,761.386775250255,43.5599145443636,783.230752709616,800.820018253622,852.615849722395,0.0574716050798987,37.3170553428797,27.0835451749459,34.0478114488718,35.6578766016359,37.7074432427484,2.59718266842059,38.8064210134219,40.5983010665578,42.1912780499962,0.0695977387432351,73,"2_PB420_0.117",NA,NA,NA,NA,NA,"2",759.904978691765,1.48179655849049
"20250529-CbDRC3-p038-m2x_E03_roi_0.png",20250529,"CbDRC3","p038","m2x","E03",0,782.751696836227,35.8959018478363,"","48h",10,"15hHB101","DMSO",1,"Albendazole",0.234,NA,NA,"PB420",2,NA,NA,NA,760.392877181314,165.915806223824,719.470598156751,747.866123283026,772.601154895802,67.9837091727016,789.611767987713,800.680691246455,821.01644393982,0.0894060310305761,36.9281724473409,13.9168399859928,34.232666389622,35.6133927759829,37.1256828623409,3.15685746119941,38.8797912141215,40.0581201827809,41.7164059114945,0.0854864254574485,99,"2_PB420_0.234",NA,"n>75",NA,NA,NA,"2",759.904978691765,12.6961762040374
"20250529-CbDRC3-p038-m2x_E04_roi_0.png",20250529,"CbDRC3","p038","m2x","E04",0,764.426986969114,37.6472476318578,"","48h",10,"15hHB101","DMSO",1,"Albendazole",0.468,NA,NA,"PB420",2,NA,NA,NA,757.313963139328,649.319489110479,723.947277526777,734.996279222627,758.621524729173,35.0258884487826,782.920342972638,800.367230429239,821.132254866243,0.0462501553564234,37.5593790871713,30.1020181960462,35.0241512147756,36.2916176567171,37.5267558656175,2.21015809294455,38.9916012488311,40.0694144243744,44.2581990534133,0.0588443724752482,83,"2_PB420_0.468",NA,"n>75",NA,NA,NA,"2",759.904978691765,-1.28345396259158
"20250529-CbDRC3-p038-m2x_E05_roi_0.png",20250529,"CbDRC3","p038","m2x","E05",0,761.914435645793,38.4983218410552,"","48h",10,"15hHB101","DMSO",1,"Albendazole",0.9375,NA,NA,"PB420",2,NA,NA,NA,740.005515386414,621.188755597175,699.042640729228,716.829125944581,749.638319435991,32.5916892285355,764.919295983038,773.376085052236,796.333706961357,0.0440424950231848,37.7123197939918,30.8457645728443,35.2332612460991,36.0642438226928,37.7392726795295,2.17457452855059,39.3004834113432,40.5429447723285,41.7250098529216,0.0576621788431333,93,"2_PB420_0.9375",NA,"n>75",NA,NA,NA,"2",759.904978691765,-10.2666592557737
"20250529-CbDRC3-p038-m2x_E06_roi_0.png",20250529,"CbDRC3","p038","m2x","E06",0,756.31275349329,37.2650009321844,"","48h",10,"15hHB101","DMSO",1,"Albendazole",1.875,NA,NA,"PB420",2,NA,NA,NA,707.175723903204,148.98009984977,681.15162027612,708.558664304455,721.060434078487,85.650827943753,739.606335907024,749.405577080489,769.544436177364,0.121116753656375,37.401790387541,14.0501423378945,34.9249726865119,37.0040777456407,37.808961642413,4.12010326610343,39.0398409635663,40.4310026147216,41.9870745111683,0.110157915527913,88,"2_PB420_1.875",NA,"n>75",NA,NA,NA,"2",759.904978691765,-38.8445446132779
"20250529-CbDRC3-p038-m2x_E07_roi_0.png",20250529,"CbDRC3","p038","m2x","E07",0,678.468092811978,38.3731946945903,"","48h",10,"15hHB101","DMSO",1,"Albendazole",3.75,NA,NA,"PB420",2,NA,NA,NA,661.922902032521,455.926926524902,626.048501324567,655.299724199979,670.74940253239,38.5341367576298,682.668526015173,694.788242931709,712.477396813323,0.058215445695119,37.3892979777464,25.5940417642722,35.4107876645635,36.5287145984947,37.4301259828996,2.37770477347136,38.7554387060789,39.8408937718881,42.1426108452234,0.0635931911555691,93,"2_PB420_3.75",NA,"n>75",NA,NA,NA,"2",759.904978691765,-89.1555761593743
"20250529-CbDRC3-p038-m2x_E08_roi_0.png",20250529,"CbDRC3","p038","m2x","E08",0,693.249654733744,36.94869008524,"","48h",10,"15hHB101","DMSO",1,"Albendazole",7.5,NA,NA,"PB420",2,NA,NA,NA,647.655135051726,243.741147535101,622.759531026774,640.818249789731,655.43417759382,54.7471899326361,669.422820414833,687.127991568074,718.45403390382,0.0845313917386969,36.8827104899166,19.2042119508572,34.2156262902632,35.9926429886496,37.1293636186766,2.77289243352651,38.144662053878,39.2998198513945,42.7741247612866,0.0751813626681419,90,"2_PB420_7.5",NA,"n>75",NA,NA,NA,"2",759.904978691765,-104.470801097944
"20250529-CbDRC3-p038-m2x_E09_roi_0.png",20250529,"CbDRC3","p038","m2x","E09",0,651.998299691033,37.1858156650645,"","48h",10,"15hHB101","DMSO",1,"Albendazole",15,NA,NA,"PB420",2,NA,NA,NA,624.948538429837,179.574870306936,593.508258579818,619.899429650758,639.044053453895,61.7624520035918,652.484291803642,659.595239424186,680.481678046735,0.098828060561223,37.8639226264227,15.9727250018173,35.2409347984636,36.9410081436378,37.9267044404959,3.79778052695062,39.2078474217934,40.0864873410835,61.1271697056467,0.100300768212018,99,"2_PB420_15",NA,"n>75",NA,NA,NA,"2",759.904978691765,-120.86092523787
"20250529-CbDRC3-p038-m2x_E10_roi_0.png",20250529,"CbDRC3","p038","m2x","E10",0,656.348887566318,37.2463523898959,"","48h",10,"15hHB101","DMSO",1,"Albendazole",30,NA,NA,"PB420",2,NA,NA,NA,613.488186636886,273.518412908509,545.649171876164,607.185654189891,627.117948259036,57.2119624775346,641.173553572418,656.934202741667,675.883351777757,0.0932568282873839,37.5981789577684,18.1061438510936,34.6196735278841,36.6507948985911,37.9865274928315,3.17551375598497,39.1187193992529,40.4959663681897,43.3535254930247,0.084459243612618,83,"2_PB420_30",NA,"n>75",NA,NA,NA,"2",759.904978691765,-132.787030432729
"20250529-CbDRC3-p038-m2x_E11_roi_0.png",20250529,"CbDRC3","p038","m2x","E11",0,593.946620457191,37.5346774072079,"","48h",10,"15hHB101","DMSO",1,"Albendazole",60,NA,NA,"PB420",2,NA,NA,NA,618.236269878494,494.91295195425,566.510479469006,603.300596170925,619.908292947713,37.7598741988351,640.450837092424,654.509572644601,752.864313851636,0.061076769575904,37.4807994219774,28.6461523342718,34.5967707057897,36.310189063273,37.7634366359992,2.42444243324747,38.8254371204105,40.4850739434744,43.13645191001,0.0646849178949438,66,"2_PB420_60",NA,NA,NA,NA,NA,"2",759.904978691765,-139.996685744052
"20250529-CbDRC3-p038-m2x_E12_roi_0.png",20250529,"CbDRC3","p038","m2x","E12",0,654.233741825788,36.7496861031899,"","48h",10,"15hHB101","DMSO",1,"Albendazole",120,NA,NA,"PB420",2,NA,NA,NA,614.793649440913,441.825234897447,576.733994964632,596.383679976347,612.705488503369,65.6542797285024,629.530650837674,639.396121347736,1178.87018148137,0.106790757822902,37.3295357518514,27.4603297065677,35.0941046416074,36.1022543085951,37.4904211997596,2.57595143240488,38.895940901937,39.6881544310753,46.9185114079418,0.0690057184083013,108,"2_PB420_120",NA,"n>75",NA,NA,NA,"2",759.904978691765,-147.199490188396
"20250529-CbDRC3-p038-m2x_F01_roi_0.png",20250529,"CbDRC3","p038","m2x","F01",0,777.658702087197,35.9227336759965,"","48h",10,"15hHB101","DMSO",1,"Albendazole",0,NA,NA,"ED3102",2,NA,NA,NA,760.549887673886,567.064734995379,740.125074149674,751.829174261718,762.711108340266,33.2618548939035,778.737472013561,789.769388204212,803.027278247363,0.0437339554353675,36.3618311326572,27.1432824082148,33.6725754751182,35.2587307307178,36.524278909498,2.14715089285323,38.0331346775205,38.8730257415221,39.4682916833904,0.0590495810021195,76,"2_ED3102_0",NA,"n>75",NA,NA,NA,"2",761.147715732595,1.56339260767186
"20250529-CbDRC3-p038-m2x_F02_roi_0.png",20250529,"CbDRC3","p038","m2x","F02",0,764.549753338211,36.5399179894491,"","48h",10,"15hHB101","DMSO",1,"Albendazole",0.117,NA,NA,"ED3102",2,NA,NA,NA,762.741098532852,674.993150640032,730.962470754799,743.456921151638,762.805046225045,34.4984126675124,780.188900670675,797.794337955066,939.529614638468,0.0452295185533738,36.508603887531,30.828246615029,33.9568660248326,35.1071993557667,36.5354986525634,2.20589453412022,38.114323818764,39.0636219540784,41.1422234963162,0.0604212240192952,82,"2_ED3102_0.117",NA,"n>75",NA,NA,NA,"2",761.147715732595,1.65733049245023
"20250529-CbDRC3-p038-m2x_F03_roi_0.png",20250529,"CbDRC3","p038","m2x","F03",0,826.798535521529,36.7619105793103,"","48h",10,"15hHB101","DMSO",1,"Albendazole",0.234,NA,NA,"ED3102",2,NA,NA,NA,752.802858216311,604.926229276306,719.437728230218,737.397712718088,757.848829651018,33.8985089803746,771.189508553775,783.14678207059,826.798535521529,0.0450297293778794,35.7902573686363,27.9339880638569,33.3943525308243,34.8164344231307,35.6589831313073,2.2372483669404,37.4620027844296,38.3983434212061,39.7556747982719,0.062509982644074,69,"2_ED3102_0.234",NA,NA,NA,NA,NA,"2",761.147715732595,-3.29888608157614
"20250529-CbDRC3-p038-m2x_F04_roi_0.png",20250529,"CbDRC3","p038","m2x","F04",0,788.262410566061,38.0326023846961,"","48h",10,"15hHB101","DMSO",1,"Albendazole",0.468,NA,NA,"ED3102",2,NA,NA,NA,757.158124034773,568.900864202199,730.819509812423,747.019312347747,762.588674273699,35.3470513889532,775.375490150783,785.446187232164,824.699661180344,0.0466838435287393,36.57222559471,26.5802927422713,34.0557053191236,35.8651544854635,36.6291382690473,2.15755846573551,38.0011627199325,38.7372888589467,40.4995845122023,0.0589944535956159,58,"2_ED3102_0.468",NA,NA,NA,NA,NA,"2",761.147715732595,1.44095854110435
"20250529-CbDRC3-p038-m2x_F05_roi_0.png",20250529,"CbDRC3","p038","m2x","F05",0,755.56831556742,35.6477674354386,"","48h",10,"15hHB101","DMSO",1,"Albendazole",0.9375,NA,NA,"ED3102",2,NA,NA,NA,747.390456026695,418.797352449674,711.496934805378,732.621720540805,746.43632022148,89.3940112624243,759.201372856672,781.373360442227,1365.70619577345,0.119608178752595,37.1695231700154,21.9346193157444,35.1895731621654,36.1798923614576,37.5573793263251,3.01586424305888,38.5207516817939,39.2507688200994,48.6166617089038,0.0811380934122872,73,"2_ED3102_0.9375",NA,NA,NA,NA,NA,"2",761.147715732595,-14.711395511115
"20250529-CbDRC3-p038-m2x_F06_roi_0.png",20250529,"CbDRC3","p038","m2x","F06",0,724.486701315528,37.7084444647928,"","48h",10,"15hHB101","DMSO",1,"Albendazole",1.875,NA,NA,"ED3102",2,NA,NA,NA,715.452340687531,200.412851033165,686.500213078507,700.80266835273,726.302387621309,69.0808574182044,744.679878897368,754.126623768663,770.118913593959,0.0965554985141561,37.3827340926962,12.7573331544005,34.3382698960433,36.7521613276942,37.7466703290177,3.71446855620663,39.2344947501795,40.0161272538564,42.7170966557637,0.0993632126263434,68,"2_ED3102_1.875",NA,NA,NA,NA,NA,"2",761.147715732595,-34.8453281112859
"20250529-CbDRC3-p038-m2x_F07_roi_0.png",20250529,"CbDRC3","p038","m2x","F07",0,703.890235060478,38.0550587964066,"","48h",10,"15hHB101","DMSO",1,"Albendazole",3.75,NA,NA,"ED3102",2,NA,NA,NA,662.884617949182,560.112038118454,625.608014403134,645.494500254488,667.430589646718,32.4642536144048,682.806756189284,695.844236842907,739.44974912588,0.0489742147205679,37.9136224218239,29.6952943007681,35.2524884162959,36.6721992387367,38.2404641890016,2.36187142559492,39.4936453115937,40.5116235303991,42.4275495378559,0.0622961161378075,80,"2_ED3102_3.75",NA,"n>75",NA,NA,NA,"2",761.147715732595,-93.7171260858771
"20250529-CbDRC3-p038-m2x_F08_roi_0.png",20250529,"CbDRC3","p038","m2x","F08",0,666.385334929601,38.5039465701224,"","48h",10,"15hHB101","DMSO",1,"Albendazole",7.5,NA,NA,"ED3102",2,NA,NA,NA,663.80274127616,609.900225362747,624.305274995565,650.096056732421,669.009105871338,25.3229933353244,680.433006888447,693.661534924418,706.068232679592,0.038148371136041,37.6980646952268,33.1172919566977,35.2594005248518,36.3752685631351,37.9291087100642,1.87308245048581,39.0012840658917,39.9803638426088,41.110472894323,0.0496864352488359,58,"2_ED3102_7.5",NA,NA,NA,NA,NA,"2",761.147715732595,-92.1386098612568
"20250529-CbDRC3-p038-m2x_F09_roi_0.png",20250529,"CbDRC3","p038","m2x","F09",0,647.90206912482,38.5883258426012,"","48h",10,"15hHB101","DMSO",1,"Albendazole",15,NA,NA,"ED3102",2,NA,NA,NA,641.952640977031,425.457647101022,611.651014769948,626.140820402333,646.722832584534,41.0283055048471,666.658202056818,681.355643248066,699.218481428677,0.0639117325577216,38.0296840109222,24.6664154553407,35.3328053037683,36.8954442124119,38.4258281252839,3.0183936744968,39.958796382787,40.9413141517432,42.6666398174148,0.0793694124208318,68,"2_ED3102_15",NA,NA,NA,NA,NA,"2",761.147715732595,-114.42488314806
"20250529-CbDRC3-p038-m2x_F10_roi_0.png",20250529,"CbDRC3","p038","m2x","F10",0,622.971943890122,37.039736177343,"","48h",10,"15hHB101","DMSO",1,"Albendazole",30,NA,NA,"ED3102",2,NA,NA,NA,642.192849278401,568.624441521224,610.045067915807,623.192447361231,643.020419428882,28.5654290698826,662.461648947932,674.198198346708,735.060473483391,0.0444810762093974,38.4446421355075,29.6772395698962,35.9505738674802,37.2512812298354,38.5346490390271,2.31927128953028,40.0373077102039,41.013976203312,43.0315157108378,0.0603275556930778,74,"2_ED3102_30",NA,NA,NA,NA,NA,"2",761.147715732595,-118.127296303713
"20250529-CbDRC3-p038-m2x_F11_roi_0.png",20250529,"CbDRC3","p038","m2x","F11",0,629.198745490618,39.3470495946746,"","48h",10,"15hHB101","DMSO",1,"Albendazole",60,NA,NA,"ED3102",2,NA,NA,NA,629.525664038053,412.027073090111,580.601813304888,616.859615042115,635.122790344897,40.9758267364869,650.373651246217,671.08522480555,713.324984658526,0.0650900020082581,37.3408559454202,22.3532637922364,34.2994386644271,36.1448793276511,37.2924752344214,3.27387183567479,38.9788462384712,40.2294221645786,51.0522240127683,0.0876753291477863,72,"2_ED3102_60",NA,NA,NA,NA,NA,"2",761.147715732595,-126.024925387697
"20250529-CbDRC3-p038-m2x_F12_roi_0.png",20250529,"CbDRC3","p038","m2x","F12",0,556.682205552235,39.1390937957463,"","48h",10,"15hHB101","DMSO",1,"Albendazole",120,NA,NA,"ED3102",2,NA,NA,NA,618.939299954479,182.250783628008,577.060487545001,606.961707965176,629.584083271518,63.7377090597638,651.036519819969,663.898534858647,700.865221241347,0.102978933579515,36.6798201500098,12.8047269490154,33.4675571415253,35.4859323526395,37.3052398414945,3.73773410585686,38.7849795633444,39.7308037610689,41.1622208999853,0.101901647569988,82,"2_ED3102_120",NA,"n>75",NA,NA,NA,"2",761.147715732595,-131.563632461077
"20250529-CbDRC3-p039-m2x_A01_roi_0.png",20250529,"CbDRC3","p039","m2x","A01",0,802.855073976023,38.0338357455079,"","48h",10,"15hHB101","DMSO",1,"Albendazole",0,NA,NA,"ECA2666",2,NA,NA,NA,741.934961772268,540.781674184262,673.111116754977,720.505178903428,752.734157174087,56.9005748456968,774.241184292555,798.485669587751,864.637242405663,0.0766921331079718,33.7824742311523,24.0807232009388,30.6197868437431,32.0489941484279,34.2082778828242,3.36280009710927,36.4221841796914,37.093979617028,39.2253163162097,0.0995427414256201,45,"2_ECA2666_0",NA,NA,NA,NA,NA,"2",743.777729533843,8.95642764024421
"20250529-CbDRC3-p039-m2x_A02_roi_0.png",20250529,"CbDRC3","p039","m2x","A02",0,761.086179969099,35.9828796088799,"","48h",10,"15hHB101","DMSO",1,"Albendazole",0.117,NA,NA,"ECA2666",2,NA,NA,NA,752.958560719395,601.980539418076,704.974372011038,727.1413625063,758.577852375076,51.8276767925167,781.656522182501,805.722623811807,893.231344494491,0.0688320440144797,34.2312235496487,27.4055201653134,30.4079296407038,31.739955363116,34.4265479614636,2.89373104958404,36.2284466340424,37.638465173818,39.7297568313755,0.0845348412798333,63,"2_ECA2666_0.117",NA,NA,NA,NA,NA,"2",743.777729533843,14.8001228412322
"20250529-CbDRC3-p039-m2x_A03_roi_0.png",20250529,"CbDRC3","p039","m2x","A03",0,803.429657102441,34.7489602065549,"","48h",10,"15hHB101","DMSO",1,"Albendazole",0.234,NA,NA,"ECA2666",2,NA,NA,NA,728.042705314652,340.356469326602,698.325656509338,713.536998566952,737.301741078379,79.8774612503773,762.237830537996,791.607987393832,812.605026297283,0.109715351403535,33.749660192843,18.0125312503752,29.934649754584,32.3699900169426,33.8577744675395,3.91534913719957,35.8285200650203,37.7600086161937,40.3330539831413,0.116011512851613,79,"2_ECA2666_0.234",NA,"n>75",NA,NA,NA,"2",743.777729533843,-6.47598845546406
"20250529-CbDRC3-p039-m2x_A04_roi_0.png",20250529,"CbDRC3","p039","m2x","A04",0,778.321603867619,35.5418021138194,"","48h",10,"15hHB101","DMSO",1,"Albendazole",0.468,NA,NA,"ECA2666",2,NA,NA,NA,755.379605732593,558.953611828515,723.182910431772,736.057418841956,758.703024739054,46.5970653589888,779.09632947301,805.115457920243,840.755313085127,0.0616869518389994,34.3432007924894,27.9059622345455,30.4840564444765,32.4515808417381,34.3015741400347,2.79231963261843,35.9193522147198,38.0957955773619,39.7417005130961,0.0813063304579662,53,"2_ECA2666_0.468",NA,NA,NA,NA,NA,"2",743.777729533843,14.9252952052109
"20250529-CbDRC3-p039-m2x_A05_roi_0.png",20250529,"CbDRC3","p039","m2x","A05",0,804.25125079798,39.0538510560275,"","48h",10,"15hHB101","DMSO",1,"Albendazole",0.9375,NA,NA,"ECA2666",2,NA,NA,NA,736.398301414347,544.057009414305,691.575028974634,719.30112071021,739.076408373458,52.9756043345444,763.609353558872,794.117405159064,829.251872950747,0.0719387921357205,34.2614783011127,27.604868302581,30.3520764425461,32.7779827711497,34.1946925799266,2.7865133238858,36.2764088507893,37.890325889942,39.1491511790234,0.0813307966280982,51,"2_ECA2666_0.9375",NA,NA,NA,NA,NA,"2",743.777729533843,-4.70132116038519
"20250529-CbDRC3-p039-m2x_A06_roi_0.png",20250529,"CbDRC3","p039","m2x","A06",0,727.429026130478,35.9426018370157,"","48h",10,"15hHB101","DMSO",1,"Albendazole",1.875,NA,NA,"ECA2666",2,NA,NA,NA,730.654478909153,652.847583853119,693.877435431487,710.571887715106,725.942484190094,33.2017779189859,755.5382780137,768.298649469538,805.142960991575,0.0454411474607742,35.1383798700148,28.7461674958364,32.2811957094407,33.5773305528467,35.2522293037415,2.40560758392374,36.8892551516543,37.8891079527877,39.6682109083952,0.0684609703925638,49,"2_ECA2666_1.875",NA,NA,NA,NA,NA,"2",743.777729533843,-17.8352453437495
"20250529-CbDRC3-p039-m2x_A07_roi_0.png",20250529,"CbDRC3","p039","m2x","A07",0,713.160167493038,36.6509319210319,"","48h",10,"15hHB101","DMSO",1,"Albendazole",3.75,NA,NA,"ECA2666",2,NA,NA,NA,691.475451847483,611.659336567474,651.464606714972,669.745987877876,690.485612068824,31.8097503731558,713.160167493038,731.920105081392,757.645996242774,0.0460027182283428,36.1928962787333,31.8936376709104,33.4391298969127,34.8429283945314,36.5036114064666,2.01633990441557,37.3188928080124,38.9720940057666,40.6755153406319,0.0557109298158146,57,"2_ECA2666_3.75",NA,NA,NA,NA,NA,"2",743.777729533843,-53.2921174650189
"20250529-CbDRC3-p039-m2x_A08_roi_0.png",20250529,"CbDRC3","p039","m2x","A08",0,746.810600751816,36.7087854856069,"","48h",10,"15hHB101","DMSO",1,"Albendazole",7.5,NA,NA,"ECA2666",2,NA,NA,NA,662.558705975566,274.512447803428,599.71699666416,645.349650734423,671.707639867051,75.5268181870455,707.087104053432,721.529878277308,746.810600751816,0.113992643226744,35.0844760405599,21.838830125613,31.4717639863892,34.5751281018124,35.803399595281,3.30082743188132,37.0168325290381,37.5711667440538,41.0781925317592,0.0940822781011565,62,"2_ECA2666_7.5",NA,NA,NA,NA,NA,"2",743.777729533843,-72.0700896667925
"20250529-CbDRC3-p039-m2x_A09_roi_0.png",20250529,"CbDRC3","p039","m2x","A09",0,665.704524641591,37.3145868547264,"","48h",10,"15hHB101","DMSO",1,"Albendazole",15,NA,NA,"ECA2666",2,NA,NA,NA,650.199166223775,209.841333399639,603.503742783069,640.012606641281,669.949975820185,86.4453878841064,686.049350749563,721.061683423994,745.372920641813,0.132952166620212,35.8417483386524,12.462845425067,32.912069143346,35.5141487333928,36.7095171803678,4.71582175470307,38.2767266743467,39.340018355134,41.4355466159006,0.13157342968165,64,"2_ECA2666_15",NA,NA,NA,NA,NA,"2",743.777729533843,-73.8277537136585
"20250529-CbDRC3-p039-m2x_A10_roi_0.png",20250529,"CbDRC3","p039","m2x","A10",0,701.874810066271,37.4743182171566,"","48h",10,"15hHB101","DMSO",1,"Albendazole",30,NA,NA,"ECA2666",2,NA,NA,NA,656.775859289863,459.738709392314,605.493686334187,636.351316587297,661.204209773612,45.2389993742707,685.545071908935,712.800331744589,731.724674180852,0.0688804235636573,36.45311453484,24.9508859816529,33.9004884356419,35.1993734054502,36.748516709034,2.79385885292807,37.9332036607917,40.2722602255174,40.9964165667104,0.076642528041269,52,"2_ECA2666_30",NA,NA,NA,NA,NA,"2",743.777729533843,-82.5735197602312
"20250529-CbDRC3-p039-m2x_A11_roi_0.png",20250529,"CbDRC3","p039","m2x","A11",0,676.937970820881,35.1487997358625,"","48h",10,"15hHB101","DMSO",1,"Albendazole",60,NA,NA,"ECA2666",2,NA,NA,NA,639.554024631908,519.064316059412,587.757175706208,622.818896347406,642.70483667933,38.2849497734348,667.132868898414,677.045463378782,700.527310025037,0.0598619480120847,36.3769913386749,28.526912697166,33.1663174749265,35.1235093113978,36.2824386678695,2.509038490897,37.8285626698937,39.4653348681446,41.4378683115381,0.0689732272671344,64,"2_ECA2666_60",NA,NA,NA,NA,NA,"2",743.777729533843,-101.072892854513
"20250529-CbDRC3-p039-m2x_A12_roi_0.png",20250529,"CbDRC3","p039","m2x","A12",0,579.579360814978,31.4404400748163,"","48h",10,"15hHB101","DMSO",1,"Albendazole",120,NA,NA,"ECA2666",2,NA,NA,NA,634.62062933597,232.777306481963,600.712281995096,617.461440517345,641.905282960914,64.0738584503227,663.48613201313,682.915903623593,704.973718903671,0.100964033453129,35.9371065135503,14.8084256590139,33.1963790256059,35.2920653714969,36.6462964956354,3.5524096099083,37.8224228016329,38.4144542979211,39.6406472416742,0.0988507410458557,54,"2_ECA2666_120",NA,NA,NA,NA,NA,"2",743.777729533843,-101.872446572929
"20250529-CbDRC3-p039-m2x_B01_roi_0.png",20250529,"CbDRC3","p039","m2x","B01",0,825.343442887551,37.6253883884526,"","48h",10,"15hHB101","DMSO",1,"Albendazole",0,NA,NA,"JU3237",2,NA,NA,NA,768.668710778047,600.589508781009,690.37040718578,732.93951546889,782.415584017888,59.3445314223193,811.700324769983,828.261293885424,853.161515977661,0.0772043021788291,33.9686935593895,26.9481448055242,29.3984336359421,31.8959992780755,34.2500214516654,3.10399122339002,36.1374995520014,36.9804387552992,40.9742149676462,0.0913779983314087,40,"2_JU3237_0",NA,NA,NA,"outlier","outlier","2",770.21703995553,12.1985440623577
"20250529-CbDRC3-p039-m2x_B02_roi_0.png",20250529,"CbDRC3","p039","m2x","B02",0,810.716923604729,39.6566805958495,"","48h",10,"15hHB101","DMSO",1,"Albendazole",0.117,NA,NA,"JU3237",2,NA,NA,NA,781.662290944127,593.613540457822,716.458625582843,757.796298949808,792.348450915431,60.605592333099,822.215779890631,843.756153901944,864.986146749741,0.0775342408547007,37.9261761239377,29.0157134090681,32.2457655892115,36.2657454022835,38.5748281520374,3.51211381651413,40.1625947495728,41.5180089638617,44.5184098369091,0.0926039526114369,52,"2_JU3237_0.117",NA,NA,NA,NA,NA,"2",770.21703995553,22.1314109599003
"20250529-CbDRC3-p039-m2x_B03_roi_0.png",20250529,"CbDRC3","p039","m2x","B03",0,738.273919898299,35.2231614343387,"","48h",10,"15hHB101","DMSO",1,"Albendazole",0.234,NA,NA,"JU3237",2,NA,NA,NA,784.112883072237,682.414072317925,722.291947713808,747.860140323957,784.132656670113,49.4489859420695,822.505344032086,843.1891841517,920.389745362199,0.0630636060312172,37.7443535695269,32.390594546273,34.11617153005,35.5768439776714,37.9489541062253,2.76614862138595,39.7530966034997,40.9496770766926,44.5200292907547,0.0732864219356829,60,"2_JU3237_0.234",NA,NA,NA,NA,NA,"2",770.21703995553,13.9156167145831
"20250529-CbDRC3-p039-m2x_B04_roi_0.png",20250529,"CbDRC3","p039","m2x","B04",0,812.514804994553,37.6133750038541,"","48h",10,"15hHB101","DMSO",1,"Albendazole",0.468,NA,NA,"JU3237",2,NA,NA,NA,770.528387235382,394.079641366368,716.310789675515,753.345975234051,776.455968285311,76.8891061998912,813.583988230215,831.172136509224,853.497926563701,0.0997875061758147,37.5365810317278,27.5392846022446,32.5521585503735,35.6118589556369,38.6000203606166,3.42018323065045,39.9107777775154,40.8891998765128,43.795101306913,0.0911160030200816,45,"2_JU3237_0.468",NA,NA,NA,NA,NA,"2",770.21703995553,6.23892832978072
"20250529-CbDRC3-p039-m2x_B05_roi_0.png",20250529,"CbDRC3","p039","m2x","B05",0,804.314027946899,38.8492535157382,"","48h",10,"15hHB101","DMSO",1,"Albendazole",0.9375,NA,NA,"JU3237",2,NA,NA,NA,761.408709130541,409.953996801989,712.727419967606,742.715893924871,775.904779404851,62.9569834078934,799.492156732933,809.438972059667,834.469336126854,0.0826848743032956,38.0368560626343,25.451478411347,35.3487969102763,36.5351582195302,37.9445147243762,3.30548463269274,40.0748820014301,41.4089969075067,44.4886097976553,0.0869021516197261,64,"2_JU3237_0.9375",NA,NA,NA,NA,NA,"2",770.21703995553,5.6877394493207
"20250529-CbDRC3-p039-m2x_B06_roi_0.png",20250529,"CbDRC3","p039","m2x","B06",0,760.883544000307,38.6036106474179,"","48h",10,"15hHB101","DMSO",1,"Albendazole",1.875,NA,NA,"JU3237",2,NA,NA,NA,743.058884594993,426.998205075194,706.921929459208,723.688965021326,754.581971180767,56.1906133091753,773.06721935725,781.271907179123,822.038781063055,0.0756206735079982,38.6404148688437,23.847680832398,36.3695540728579,37.734297072721,39.14565562059,2.79010079034447,40.1608742739741,40.9901430615485,42.7473004074438,0.0722068021219454,51,"2_JU3237_1.875",NA,NA,NA,NA,NA,"2",770.21703995553,-15.6350687747638
"20250529-CbDRC3-p039-m2x_B07_roi_0.png",20250529,"CbDRC3","p039","m2x","B07",0,695.373750616742,36.3264793524366,"","48h",10,"15hHB101","DMSO",1,"Albendazole",3.75,NA,NA,"JU3237",2,NA,NA,NA,693.953585081268,599.951307572732,654.14068704443,685.206549222361,698.051231766752,29.9938255866312,711.048536413975,720.792052464229,741.65078738212,0.0432216595337838,37.7357331257368,32.5289033910588,34.7180653899004,36.1599459501464,37.8184788793185,2.46624646832413,39.0117874056354,41.6082365209164,42.6426217764814,0.0653557321943768,41,"2_JU3237_3.75",NA,NA,NA,NA,NA,"2",770.21703995553,-72.1658081887781
"20250529-CbDRC3-p039-m2x_B08_roi_0.png",20250529,"CbDRC3","p039","m2x","B08",0,718.795529386261,37.7488754995174,"","48h",10,"15hHB101","DMSO",1,"Albendazole",7.5,NA,NA,"JU3237",2,NA,NA,NA,679.934267472626,506.342046419442,643.334807379648,656.85307173739,685.690837200751,40.3113223897957,702.602879098186,724.160866400416,760.345555613972,0.0592870874704349,38.1010344902026,31.5423155777861,36.0059643710212,37.158237059055,38.3402543606984,2.1464090436575,39.2689712730006,40.0185454324104,43.0439679692244,0.0563346657742177,54,"2_JU3237_7.5",NA,NA,NA,NA,NA,"2",770.21703995553,-84.5262027547794
"20250529-CbDRC3-p039-m2x_B09_roi_0.png",20250529,"CbDRC3","p039","m2x","B09",0,642.523829031169,38.1096692885927,"","48h",10,"15hHB101","DMSO",1,"Albendazole",15,NA,NA,"JU3237",2,NA,NA,NA,655.985524548894,565.194703027848,610.871957806694,640.114582399159,658.412752939415,34.1470979320958,682.291819721814,692.429703243664,703.893350417158,0.052054651595518,38.304309328377,31.2265957824213,35.505789764783,37.0588859253255,38.732340498609,2.43150726488343,39.6664258161569,41.2326812462352,42.7026767069544,0.0634786870594244,39,"2_JU3237_15",NA,NA,NA,NA,NA,"2",770.21703995553,-111.804287016115
"20250529-CbDRC3-p039-m2x_B10_roi_0.png",20250529,"CbDRC3","p039","m2x","B10",0,705.466030882979,38.0819210198088,"","48h",10,"15hHB101","DMSO",1,"Albendazole",30,NA,NA,"JU3237",2,NA,NA,NA,654.619142841904,551.899292506049,612.167012556313,631.889495574937,653.47340850416,35.470512448341,679.85997398871,703.070902029879,729.331255329189,0.0541849605777682,38.4369643165141,33.4516950404415,36.063395347517,36.9590220978468,38.503396236431,2.0358784366088,40.1976588561286,40.8236814083626,42.6758923467279,0.0529666812353885,60,"2_JU3237_30",NA,NA,NA,NA,NA,"2",770.21703995553,-116.74363145137
"20250529-CbDRC3-p039-m2x_B11_roi_0.png",20250529,"CbDRC3","p039","m2x","B11",0,647.499965326611,39.3342756242249,"","48h",10,"15hHB101","DMSO",1,"Albendazole",60,NA,NA,"JU3237",2,NA,NA,NA,629.907486933212,394.427711616763,595.40142059423,617.469126181295,632.857492571747,46.0278625826414,652.239244607769,678.894886969512,690.267729752174,0.073070829506622,37.0155801411925,22.8824691196631,34.1544846955552,36.2252583179266,37.6828538014137,2.82295512528585,38.4911705887142,39.3536176447261,40.5369941743733,0.0762639708608631,50,"2_JU3237_60",NA,NA,NA,NA,NA,"2",770.21703995553,-137.359547383783
"20250529-CbDRC3-p039-m2x_B12_roi_0.png",20250529,"CbDRC3","p039","m2x","B12",0,614.363614914851,36.7787371701174,"","48h",10,"15hHB101","DMSO",1,"Albendazole",120,NA,NA,"JU3237",2,NA,NA,NA,620.066274457852,539.020622490493,582.134919212762,597.447016892066,616.974584076639,36.5090128552896,639.207250327135,663.798116864879,740.086510166009,0.0588792107540615,36.5373980395781,29.5938469041323,33.2592225287599,35.2360192572003,36.8556300720225,2.35150850444813,38.2206057816416,38.955747256942,41.0813747124213,0.0643589481084811,49,"2_JU3237_120",NA,NA,NA,NA,NA,"2",770.21703995553,-153.242455878892
"20250529-CbDRC3-p039-m2x_C01_roi_0.png",20250529,"CbDRC3","p039","m2x","C01",0,792.123041179403,33.2030684193158,"","48h",10,"15hHB101","DMSO",1,"Albendazole",0,NA,NA,"VX34",2,NA,NA,NA,828.847090904004,722.155402819399,782.254433913541,803.914185202844,834.631090756544,38.3816048129622,852.256584185362,864.340300880777,968.193772254451,0.0463072202752142,38.6711253054335,32.762789213658,35.7906121216977,37.1944329910812,38.5714126157787,2.40205456083257,40.15219186691,41.8994573768839,43.95256097167,0.0621149382610563,61,"2_VX34_0",NA,NA,NA,NA,NA,"2",817.980026430563,16.6510643259813
"20250529-CbDRC3-p039-m2x_C02_roi_0.png",20250529,"CbDRC3","p039","m2x","C02",0,848.666067279255,37.9326354131198,"","48h",10,"15hHB101","DMSO",1,"Albendazole",0.117,NA,NA,"VX34",2,NA,NA,NA,808.687198124952,256.908245425763,761.673565082207,792.619689720676,822.062771022038,103.63597876623,857.850968071727,874.113534904319,951.209723300705,0.128153356460352,37.0028810669677,13.3159320783149,35.4809827278328,36.5102984206451,37.8276714088195,4.16436647521775,38.9167635083214,39.7119923932812,41.6064149764972,0.112541682029599,57,"2_VX34_0.117",NA,NA,NA,NA,NA,"2",817.980026430563,4.0827445914756
"20250529-CbDRC3-p039-m2x_C03_roi_0.png",20250529,"CbDRC3","p039","m2x","C03",0,818.47415337099,38.489564944897,"","48h",10,"15hHB101","DMSO",1,"Albendazole",0.234,NA,NA,"VX34",2,NA,NA,NA,807.323114494978,331.035766724767,726.148637317847,806.944791151135,827.734418426333,90.58318403544,849.481442965975,869.961047246782,900.790838198193,0.112201895881681,36.9639719331469,17.1798440747657,32.4416207470015,36.2638281999483,37.7241746189719,4.20780929944304,39.2040444835258,40.8497087522264,43.7575375105761,0.113835420799834,54,"2_VX34_0.234",NA,NA,NA,NA,NA,"2",817.980026430563,9.75439199577022
"20250529-CbDRC3-p039-m2x_C04_roi_0.png",20250529,"CbDRC3","p039","m2x","C04",0,913.681596222937,37.6493615970982,"","48h",10,"15hHB101","DMSO",1,"Albendazole",0.468,NA,NA,"VX34",2,NA,NA,NA,829.276168134401,714.170569054293,790.047745489519,807.075890993299,828.444924705289,36.8711317395398,852.200346603466,875.372466090119,913.681596222937,0.0444618248496008,38.393970501664,31.2888102976619,35.8063379988442,36.9830702149373,38.5554356415039,2.12479333471471,39.7445410563044,40.7229610728224,43.5778370124952,0.0553418494349945,63,"2_VX34_0.468",NA,NA,NA,NA,NA,"2",817.980026430563,10.4648982747262
"20250529-CbDRC3-p039-m2x_C05_roi_0.png",20250529,"CbDRC3","p039","m2x","C05",0,805.994995893591,37.2001707913069,"","48h",10,"15hHB101","DMSO",1,"Albendazole",0.9375,NA,NA,"VX34",2,NA,NA,NA,819.280091206234,723.05600381502,776.976745285614,800.62438268039,822.124381149131,39.6106673987609,839.052095279829,855.468271938283,991.454703405221,0.0483481385962178,38.3803962742473,33.2562753667111,36.2120094061603,37.0428427633059,38.4934329256415,1.99343336167772,39.9058930475885,40.9621687491586,41.9418615436928,0.0519388426172996,71,"2_VX34_0.9375",NA,NA,NA,NA,NA,"2",817.980026430563,4.14435471856814
"20250529-CbDRC3-p039-m2x_C06_roi_0.png",20250529,"CbDRC3","p039","m2x","C06",0,815.867616519899,39.3911593047986,"","48h",10,"15hHB101","DMSO",1,"Albendazole",1.875,NA,NA,"VX34",2,NA,NA,NA,793.974491705588,590.181929221481,739.009381973668,771.21879678855,807.449310323582,46.8217967063026,822.668221201388,836.898331769754,895.037038896676,0.0589714117965196,38.8286401212762,30.703952310697,36.6952628074873,37.3937749895929,38.847629746484,2.2717908412053,40.1372808333197,41.3499486681519,44.4508928626125,0.0585081227184279,55,"2_VX34_1.875",NA,NA,NA,NA,NA,"2",817.980026430563,-10.5307161069802
"20250529-CbDRC3-p039-m2x_C07_roi_0.png",20250529,"CbDRC3","p039","m2x","C07",0,719.41369089677,38.746056242241,"","48h",10,"15hHB101","DMSO",1,"Albendazole",3.75,NA,NA,"VX34",2,NA,NA,NA,709.773444643567,591.207472223033,670.172851586889,695.629548781798,719.428199922661,32.4648136783186,729.108862279326,739.568683664156,765.286220106655,0.0457396848576404,38.0435625232269,30.0291671162495,35.2071653683324,36.9846275228492,38.6750724673056,2.30941366271947,39.3482837490317,40.6314434127889,42.736646338065,0.0607044532517031,49,"2_VX34_3.75",NA,NA,NA,NA,NA,"2",817.980026430563,-98.5518265079013
"20250529-CbDRC3-p039-m2x_C08_roi_0.png",20250529,"CbDRC3","p039","m2x","C08",0,744.269461771039,36.8970362190215,"","48h",10,"15hHB101","DMSO",1,"Albendazole",7.5,NA,NA,"VX34",2,NA,NA,NA,708.003639385609,532.812300228355,676.285350560586,693.426437148888,712.356826021684,37.5602798075938,728.194706266853,739.658914343394,841.216666321285,0.053050969964205,38.2971383502469,28.7275596595362,36.3639431413511,36.8665679470255,38.4367619235862,2.69098268956408,39.7681152423961,40.7178338946048,44.4949853292185,0.0702658946721729,66,"2_VX34_7.5",NA,NA,NA,NA,NA,"2",817.980026430563,-105.623200408879
"20250529-CbDRC3-p039-m2x_C09_roi_0.png",20250529,"CbDRC3","p039","m2x","C09",0,675.82505617301,39.7623587605688,"","48h",10,"15hHB101","DMSO",1,"Albendazole",15,NA,NA,"VX34",2,NA,NA,NA,686.756841197536,583.856174467188,636.871392328665,670.003423661487,689.723876922564,39.3276381073931,705.047597860882,731.120100496481,805.993289373028,0.0572657391207276,38.6466312366166,33.0647917451796,35.5401059133895,36.93788475854,38.8890040046224,2.34543877963095,40.0017280522661,41.4213262784828,44.635901871491,0.0606893461236207,59,"2_VX34_15",NA,NA,NA,NA,NA,"2",817.980026430563,-128.256149507999
"20250529-CbDRC3-p039-m2x_C10_roi_0.png",20250529,"CbDRC3","p039","m2x","C10",0,683.91858157552,38.777604669421,"","48h",10,"15hHB101","DMSO",1,"Albendazole",30,NA,NA,"VX34",2,NA,NA,NA,674.949144992231,537.506255897623,648.170969868754,663.137078369244,681.019866922649,31.8343072707254,690.72124521259,706.333208397216,730.272709431252,0.0471654901808814,38.1412459812258,31.8236685511185,35.6810050866108,36.9055572925652,38.3163450426921,1.96528712167906,39.3837262598815,40.6090665392317,41.9458351519657,0.0515265579589725,55,"2_VX34_30",NA,NA,NA,NA,NA,"2",817.980026430563,-136.960159507914
"20250529-CbDRC3-p039-m2x_C11_roi_0.png",20250529,"CbDRC3","p039","m2x","C11",0,736.551194043377,40.3035820170957,"","48h",10,"15hHB101","DMSO",1,"Albendazole",60,NA,NA,"VX34",2,NA,NA,NA,661.005204915707,326.741564645065,632.02595889907,651.896187993982,671.829800839431,58.0509896506607,685.585409242384,699.868529594451,741.16731977822,0.0878222882648306,38.0004625693387,18.9674783022684,35.6701524745508,37.5779152694153,38.7500222733921,3.57957124777744,39.7178374552896,40.8173245750203,41.7048722883221,0.094198096700688,69,"2_VX34_60",NA,NA,NA,NA,NA,"2",817.980026430563,-146.150225591132
"20250529-CbDRC3-p039-m2x_C12_roi_0.png",20250529,"CbDRC3","p039","m2x","C12",0,690.901978621991,38.289461847971,"","48h",10,"15hHB101","DMSO",1,"Albendazole",120,NA,NA,"VX34",2,NA,NA,NA,651.464808690829,482.361147200655,604.871274087648,633.606431423547,658.706630312488,38.0157614605893,674.55613229087,690.509190515177,698.572851081271,0.0583542824622946,37.0306349417274,19.6692763574374,34.5050959738983,36.056560807714,37.7538187353746,3.09534070492825,38.9583252347699,39.6406787448116,40.6349490040388,0.0835886478803072,60,"2_VX34_120",NA,NA,NA,NA,NA,"2",817.980026430563,-159.273396118075
"20250529-CbDRC3-p039-m2x_D01_roi_0.png",20250529,"CbDRC3","p039","m2x","D01",0,764.747058376757,35.154342328468,"","48h",10,"15hHB101","DMSO",1,"Albendazole",0,NA,NA,"NIC1667",2,NA,NA,NA,713.769146063391,148.208760689867,644.176934029569,697.620961003781,729.769807279683,90.0810177278121,755.717830926421,787.3272188629,817.220949622203,0.126204695488213,33.9212610271912,17.7397543955521,30.4679463080007,32.3803164144413,34.5110742586312,3.60387554493551,35.6323483394692,37.7245944697984,44.8303347692426,0.106242381202947,64,"2_NIC1667_0",NA,NA,NA,NA,NA,"2",729.921952611189,-0.152145331506063
"20250529-CbDRC3-p039-m2x_D02_roi_0.png",20250529,"CbDRC3","p039","m2x","D02",0,734.589670987134,36.0064984807697,"","48h",10,"15hHB101","DMSO",1,"Albendazole",0.117,NA,NA,"NIC1667",2,NA,NA,NA,722.893842869257,562.936656748851,629.254096669695,687.461648857719,737.259672631183,55.9892811453577,765.021809270811,778.73127933695,839.0309460297,0.0774515949992453,34.3090338209944,25.8120950834286,30.3535226158426,31.8898959470748,34.8663016296406,3.11288959388062,36.71507190113,38.0713437123502,39.779056405408,0.0907309022493014,66,"2_NIC1667_0.117",NA,NA,NA,NA,NA,"2",729.921952611189,7.33772001999375
"20250529-CbDRC3-p039-m2x_D03_roi_0.png",20250529,"CbDRC3","p039","m2x","D03",0,763.205594016819,35.9011541825798,"","48h",10,"15hHB101","DMSO",1,"Albendazole",0.234,NA,NA,"NIC1667",2,NA,NA,NA,731.217404920237,593.926572312245,653.622760913401,709.121316809457,734.896949634887,49.3666500553191,765.428893725229,776.79056650549,819.944028407759,0.0675129581477949,34.470215347234,28.572526536516,31.3876497311297,32.6442874807168,34.6196143878475,2.57539026971233,36.1744048064521,37.2509942874231,40.5451871077428,0.074713495223899,64,"2_NIC1667_0.234",NA,NA,NA,"outlier","outlier","2",729.921952611189,4.97499702369851
"20250529-CbDRC3-p039-m2x_D04_roi_0.png",20250529,"CbDRC3","p039","m2x","D04",0,750.06985608667,33.9237569527653,"","48h",10,"15hHB101","DMSO",1,"Albendazole",0.468,NA,NA,"NIC1667",2,NA,NA,NA,724.513689429472,250.637669405405,641.680673508269,707.04719776008,734.773674794172,84.6268422863378,755.499200732852,785.225173437176,1046.68650075049,0.1168050286986,33.3974858788912,15.3712474494961,30.7800120082586,31.8656900600929,33.966528445864,3.2132130282334,34.9851076087392,36.2238202998428,39.1649806380562,0.0962112249971575,68,"2_NIC1667_0.468",NA,NA,NA,NA,NA,"2",729.921952611189,4.85172218298305
"20250529-CbDRC3-p039-m2x_D05_roi_0.png",20250529,"CbDRC3","p039","m2x","D05",0,734.342865394718,35.7370003599951,"","48h",10,"15hHB101","DMSO",1,"Albendazole",0.9375,NA,NA,"NIC1667",2,NA,NA,NA,721.117746861592,601.770311408194,651.46578746018,692.558536125615,731.816527574874,48.9025566000446,752.159031644596,777.251837092262,805.850847591445,0.0678149398109748,34.4886740451213,27.9437650703211,30.2398414926801,32.583222903546,34.7770259048408,3.01722497447177,36.3469121734052,38.1142960965333,40.9127866320629,0.0874845165263343,68,"2_NIC1667_0.9375",NA,NA,NA,NA,NA,"2",729.921952611189,1.89457496368493
"20250529-CbDRC3-p039-m2x_D06_roi_0.png",20250529,"CbDRC3","p039","m2x","D06",0,770.863981733299,35.9804366342379,"","48h",10,"15hHB101","DMSO",1,"Albendazole",1.875,NA,NA,"NIC1667",2,NA,NA,NA,699.023497021338,208.720014085021,653.926851130079,695.975683435764,715.209248117616,88.536655472891,732.406084879698,763.209727671305,784.53208162057,0.126657624314721,35.6636301217047,13.0002266982238,31.5637786328804,34.6603482894382,36.2494249861681,4.2971451228793,37.8183345998814,39.6005165234299,43.1608683343094,0.120490962591721,68,"2_NIC1667_1.875",NA,NA,NA,NA,NA,"2",729.921952611189,-14.7127044935734
"20250529-CbDRC3-p039-m2x_D07_roi_0.png",20250529,"CbDRC3","p039","m2x","D07",0,699.898060512175,39.7300053433794,"","48h",10,"15hHB101","DMSO",1,"Albendazole",3.75,NA,NA,"NIC1667",2,NA,NA,NA,666.259175872214,503.640125667153,612.530723709334,637.369275177487,669.675724781804,49.0277103746772,706.523687594927,718.544941097556,735.403864131989,0.0735865443211255,35.6109743694243,28.8463063675677,31.2433315664997,33.9479964975101,36.106051911081,2.94824189573687,37.8764374168513,38.5721688849053,40.5096423701187,0.082790261933081,62,"2_NIC1667_3.75",NA,NA,NA,NA,NA,"2",729.921952611189,-60.2462278293854
"20250529-CbDRC3-p039-m2x_D08_roi_0.png",20250529,"CbDRC3","p039","m2x","D08",0,703.567574340052,38.605637980698,"","48h",10,"15hHB101","DMSO",1,"Albendazole",7.5,NA,NA,"NIC1667",2,NA,NA,NA,655.599894645745,530.395025225104,602.235007196868,633.035249183895,661.048103728386,45.1083899220928,690.668386869159,698.26750718342,738.083895401205,0.0688047546842076,35.9966692870483,27.4881857905277,31.5254286845196,34.6577550420189,36.2069811836998,3.38274632043835,38.033913659146,40.3897289531498,42.7737123074535,0.0939738700117865,56,"2_NIC1667_7.5",NA,NA,NA,NA,NA,"2",729.921952611189,-68.8738488828034
"20250529-CbDRC3-p039-m2x_D09_roi_0.png",20250529,"CbDRC3","p039","m2x","D09",0,681.486082114249,37.5599336264792,"","48h",10,"15hHB101","DMSO",1,"Albendazole",15,NA,NA,"NIC1667",2,NA,NA,NA,632.101357628961,508.845588164435,572.336249172658,619.607445505324,634.730023155951,44.0602119360124,662.439048483864,679.993289326745,715.162248792036,0.0697043463113006,35.3947840291011,28.7636543774089,31.2700620176588,34.2947324817576,35.7050422914133,2.59906194763241,37.0812031864599,38.5817983873215,39.9136457043085,0.0734306485807483,64,"2_NIC1667_15",NA,NA,NA,NA,NA,"2",729.921952611189,-95.1919294552382
"20250529-CbDRC3-p039-m2x_D10_roi_0.png",20250529,"CbDRC3","p039","m2x","D10",0,650.487592048671,34.8734998956778,"","48h",10,"15hHB101","DMSO",1,"Albendazole",30,NA,NA,"NIC1667",2,NA,NA,NA,621.13462208055,501.263830030894,558.996193986649,589.251135987696,630.643678626246,45.33421941435,651.027965954568,669.172023907392,705.035988886304,0.0729861414945744,35.1912853478354,27.517690958097,30.2657671305349,33.1796055539636,35.7853499409364,3.26355469834621,37.1460637615126,39.1494692942272,43.0386809067369,0.0927375816509343,83,"2_NIC1667_30",NA,"n>75",NA,NA,NA,"2",729.921952611189,-99.2782739849424
"20250529-CbDRC3-p039-m2x_D11_roi_0.png",20250529,"CbDRC3","p039","m2x","D11",0,664.415320679828,35.2566680428655,"","48h",10,"15hHB101","DMSO",1,"Albendazole",60,NA,NA,"NIC1667",2,NA,NA,NA,627.657632528509,497.640162951279,569.566450383816,603.982302369292,632.285396804946,45.2705004491229,661.697860963964,677.132445605464,712.80447609049,0.072126105225155,35.6173707197271,27.2882781946768,31.1005220409727,33.5906526583732,36.159654248476,3.21362106720981,38.1990615545181,39.2937524753683,40.9039054580537,0.0902262295692115,75,"2_NIC1667_60",NA,NA,NA,NA,NA,"2",729.921952611189,-97.6365558062429
"20250529-CbDRC3-p039-m2x_D12_roi_0.png",20250529,"CbDRC3","p039","m2x","D12",0,627.917258967836,34.0621864741971,"","48h",10,"15hHB101","DMSO",1,"Albendazole",120,NA,NA,"NIC1667",2,NA,NA,NA,614.856031740376,252.881892680491,561.38335730091,595.019154693192,627.316787581346,60.9490815779666,647.435037635993,666.34516087601,695.968805930033,0.0991274028904745,34.7991307820613,28.0169296111768,30.800748242669,33.8978638425481,35.5055190349917,2.51581110400381,36.573155118882,37.0509062357753,38.6888057062538,0.0722952282848596,71,"2_NIC1667_120",NA,NA,NA,NA,NA,"2",729.921952611189,-102.605165029843
"20250529-CbDRC3-p039-m2x_E01_roi_0.png",20250529,"CbDRC3","p039","m2x","E01",0,815.936942807658,38.432076127284,"","48h",10,"15hHB101","DMSO",1,"Albendazole",0,NA,NA,"PB420",2,NA,NA,NA,760.244064075903,571.519872940465,715.886378550575,741.050475295418,765.452171515252,46.2115666620816,786.27675647938,805.518564967389,888.57206439611,0.0607851726119729,37.8086090311831,29.594472693519,34.4168250554934,36.1844607807822,37.749575238102,2.9174178300614,39.1354549059484,41.0769987546543,47.3289764071705,0.0771627918830663,75,"2_PB420_0",NA,NA,NA,NA,NA,"2",759.904978691765,5.54719282348719
"20250529-CbDRC3-p039-m2x_E02_roi_0.png",20250529,"CbDRC3","p039","m2x","E02",0,798.64533177015,36.6545567637089,"","48h",10,"15hHB101","DMSO",1,"Albendazole",0.117,NA,NA,"PB420",2,NA,NA,NA,761.665943105175,487.425166116553,719.144594556145,750.380290314025,766.314162364744,48.0173580127788,787.246531690556,808.815760981624,832.906176100442,0.0630425430563702,35.9224761359519,26.4008517497849,32.2075267806467,34.4729470172789,36.1017634937588,3.34926124298207,37.9846433076358,38.8673462386337,44.6682861756741,0.0932358123172378,77,"2_PB420_0.117",NA,"n>75",NA,NA,NA,"2",759.904978691765,6.40918367297922
"20250529-CbDRC3-p039-m2x_E03_roi_0.png",20250529,"CbDRC3","p039","m2x","E03",0,784.670855498916,37.1273166865034,"","48h",10,"15hHB101","DMSO",1,"Albendazole",0.234,NA,NA,"PB420",2,NA,NA,NA,762.656702014352,338.590339314408,720.005360099352,752.25092147411,779.251818088524,65.4408200280961,790.747965114981,808.864230622291,825.109765621201,0.0858063921227622,36.670609402765,30.093282102892,34.5688179232057,35.702880676256,36.78761522582,1.90345089200757,37.8985182323871,38.9830049922214,39.808304284234,0.0519067155689005,85,"2_PB420_0.234",NA,"n>75",NA,NA,NA,"2",759.904978691765,19.3468393967597
"20250529-CbDRC3-p039-m2x_E04_roi_0.png",20250529,"CbDRC3","p039","m2x","E04",0,795.03366737561,38.4444373657866,"","48h",10,"15hHB101","DMSO",1,"Albendazole",0.468,NA,NA,"PB420",2,NA,NA,NA,755.507098291801,564.391297442558,702.584206051639,734.850348880761,762.151833409524,42.1583956361226,783.318985852801,798.68230203571,819.742069200677,0.0558014553820111,37.1355397182639,27.3032055122923,34.0933562311558,36.0604126258364,37.1999052540725,2.44479915612233,38.7778957929715,39.7260509592532,41.9393984589182,0.0658344856347931,80,"2_PB420_0.468",NA,"n>75",NA,NA,NA,"2",759.904978691765,2.24685471775922
"20250529-CbDRC3-p039-m2x_E05_roi_0.png",20250529,"CbDRC3","p039","m2x","E05",0,755.459535218458,38.782887286779,"","48h",10,"15hHB101","DMSO",1,"Albendazole",0.9375,NA,NA,"PB420",2,NA,NA,NA,739.101104213753,165.555242345451,695.231371823721,731.015961886528,759.845028640198,77.261123410982,772.608960188361,782.901253523477,798.679771431038,0.104533903373303,36.7296391346917,21.4450570947611,34.3680862940257,35.9364090288829,37.1316424319741,2.86642638453097,38.238821003623,39.0481065648534,41.438150169702,0.0780412346012838,81,"2_PB420_0.9375",NA,"n>75",NA,NA,NA,"2",759.904978691765,-0.0599500515668296
"20250529-CbDRC3-p039-m2x_E06_roi_0.png",20250529,"CbDRC3","p039","m2x","E06",0,744.739751685517,37.8152047870141,"","48h",10,"15hHB101","DMSO",1,"Albendazole",1.875,NA,NA,"PB420",2,NA,NA,NA,727.060397269353,538.199362653343,693.604933086136,714.476922133618,729.633468351747,35.1024488447836,748.313337771594,755.563797110026,817.491433371173,0.0482799626779552,38.1602389394637,29.8000315857381,35.649932338183,36.9309174427188,37.809186946389,2.40555506337394,39.4377636316065,40.6305330580394,46.0073319157786,0.0630382599854799,81,"2_PB420_1.875",NA,"n>75",NA,NA,NA,"2",759.904978691765,-30.2715103400176
"20250529-CbDRC3-p039-m2x_E07_roi_0.png",20250529,"CbDRC3","p039","m2x","E07",0,648.285421194488,36.8630108576173,"","48h",10,"15hHB101","DMSO",1,"Albendazole",3.75,NA,NA,"PB420",2,NA,NA,NA,658.43278997904,166.489419533346,614.095372659183,655.878308670445,673.610732713015,74.8504879112082,692.570176025452,705.485727362487,719.56821517253,0.113679769674883,36.7951128909303,24.1797378357694,33.9731220490494,35.7166567539642,36.9598425250757,2.59630517234793,38.4204508385268,38.9918423098891,42.1002791567987,0.0705611416397611,74,"2_PB420_3.75",NA,NA,NA,NA,NA,"2",759.904978691765,-86.2942459787499
"20250529-CbDRC3-p039-m2x_E08_roi_0.png",20250529,"CbDRC3","p039","m2x","E08",0,656.78470942863,36.0546591750471,"","48h",10,"15hHB101","DMSO",1,"Albendazole",7.5,NA,NA,"PB420",2,NA,NA,NA,663.221281638427,440.978999931685,636.936098549953,655.268955377235,672.634391077219,34.7047949986148,681.858903179055,688.201200059143,708.9101302053,0.0523276257252779,36.9831411661912,24.9965110994037,34.828741708172,36.2693849787713,37.5117067147134,2.18391142303105,38.2835680957576,38.7881207887271,40.8730624567226,0.059051539543848,69,"2_PB420_7.5",NA,NA,NA,NA,NA,"2",759.904978691765,-87.2705876145454
"20250529-CbDRC3-p039-m2x_E09_roi_0.png",20250529,"CbDRC3","p039","m2x","E09",0,650.866109309589,37.1718221252552,"","48h",10,"15hHB101","DMSO",1,"Albendazole",15,NA,NA,"PB420",2,NA,NA,NA,627.049027830448,372.295306071889,593.010819561692,616.209379629911,635.873324939501,50.8501824888812,650.240290169948,660.932670438184,826.265458549837,0.0810944283971221,37.5478645995394,23.7819589761047,34.8474999109948,36.4062416832668,37.9668052714173,2.96998923566593,39.1858251903539,40.449443309424,43.1554968146724,0.0790987521485406,93,"2_PB420_15",NA,"n>75",NA,NA,NA,"2",759.904978691765,-124.031653752263
"20250529-CbDRC3-p039-m2x_E10_roi_0.png",20250529,"CbDRC3","p039","m2x","E10",0,636.78457302857,36.2788291074797,"","48h",10,"15hHB101","DMSO",1,"Albendazole",30,NA,NA,"PB420",2,NA,NA,NA,616.711840757177,154.907866281581,588.33024868423,610.319005542277,627.996130691455,69.9777243730433,644.757103457438,655.777736084132,691.191336374432,0.11346907866586,37.2543558077539,13.6710522481012,35.053828477924,36.812409837967,37.7934942841321,3.74688643740518,38.8592324134023,39.8549926116893,41.5317735753786,0.100575794592731,107,"2_PB420_30",NA,"n>75",NA,NA,NA,"2",759.904978691765,-131.908848000309
"20250529-CbDRC3-p039-m2x_E11_roi_0.png",20250529,"CbDRC3","p039","m2x","E11",0,646.194627279567,37.5468144230157,"","48h",10,"15hHB101","DMSO",1,"Albendazole",60,NA,NA,"PB420",2,NA,NA,NA,610.129338400434,390.531092175075,569.609966972711,602.458554417324,620.436720407121,46.0878854304921,634.633658889536,646.299874920571,672.554656715206,0.0755378942296398,37.1598438659519,26.0461951668469,34.0323365179606,35.8799968876307,37.7219746580769,3.20183702236644,39.0819581522402,39.7376404877633,46.0516861453728,0.0861638986944228,88,"2_PB420_60",NA,"n>75",NA,NA,NA,"2",759.904978691765,-139.468258284644
"20250529-CbDRC3-p039-m2x_E12_roi_0.png",20250529,"CbDRC3","p039","m2x","E12",0,625.320282053432,39.3458587061052,"","48h",10,"15hHB101","DMSO",1,"Albendazole",120,NA,NA,"PB420",2,NA,NA,NA,625.851310978237,625.320282053432,625.426487838393,625.585796515834,625.851310978237,0.750988307471653,626.116825440639,626.276134118081,626.382339903042,0.00119994684727563,41.212408704131,39.3458587061052,39.7191687057103,40.2791337051181,41.212408704131,2.63970032205558,42.1456837031439,42.7056487025516,43.0789587021568,0.0640511051175466,2,"2_PB420_120",NA,"n<5",NA,NA,NA,"2",759.904978691765,-134.053667713528
"20250529-CbDRC3-p039-m2x_F01_roi_0.png",20250529,"CbDRC3","p039","m2x","F01",0,772.527895563121,34.7330622292935,"","48h",10,"15hHB101","DMSO",1,"Albendazole",0,NA,NA,"ED3102",2,NA,NA,NA,767.816607869831,644.145039617697,729.443774390918,752.408523386445,773.183212316296,38.2416064955214,781.927124780028,802.134933538083,947.530368289163,0.0498056516407165,36.5591685584589,31.8734437713771,34.0968494152248,35.0634803486356,36.7216046214922,2.11922564321818,38.1653464477079,38.9987989620384,41.4987473672313,0.0579670087362489,71,"2_ED3102_0",NA,NA,NA,NA,NA,"2",761.147715732595,12.0354965837012
"20250529-CbDRC3-p039-m2x_F02_roi_0.png",20250529,"CbDRC3","p039","m2x","F02",0,771.6069269132,35.6483800450371,"","48h",10,"15hHB101","DMSO",1,"Albendazole",0.117,NA,NA,"ED3102",2,NA,NA,NA,751.69054657037,371.487672540397,714.369159943086,756.778030758684,768.889667816544,72.4465547512267,781.678057507077,794.821063806476,826.124879600803,0.096378163968894,35.3948831955147,26.9435291897876,32.4251466092907,34.1819887738469,35.7179152159041,2.83698757372447,37.072981314923,38.6825620500699,39.5634421717903,0.0801524773525449,53,"2_ED3102_0.117",NA,NA,NA,NA,NA,"2",761.147715732595,7.74195208394963
"20250529-CbDRC3-p039-m2x_F03_roi_0.png",20250529,"CbDRC3","p039","m2x","F03",0,817.339685311952,37.5834914719295,"","48h",10,"15hHB101","DMSO",1,"Albendazole",0.234,NA,NA,"ED3102",2,NA,NA,NA,774.885112472314,713.698752885477,743.551086736145,764.092249266847,776.614808699962,25.4259274416594,786.518713550382,798.562565975275,884.237857079569,0.0328125125033524,36.4992378201842,28.7685491602232,33.4005529866743,35.2679609274974,36.6359075062775,2.34027562840904,37.7455663323069,39.1474868753984,42.1032186205023,0.064118479403284,61,"2_ED3102_0.234",NA,NA,NA,NA,NA,"2",761.147715732595,15.4670929673674
"20250529-CbDRC3-p039-m2x_F04_roi_0.png",20250529,"CbDRC3","p039","m2x","F04",0,766.056604612521,34.0139499685026,"","48h",10,"15hHB101","DMSO",1,"Albendazole",0.468,NA,NA,"ED3102",2,NA,NA,NA,761.255757243771,585.738815009796,730.717388376783,745.481383590692,766.263102632969,31.9361765141157,779.195453746805,788.914575603932,825.751727607393,0.0419519671414308,36.8209080965514,27.4669090126133,35.1440590728104,35.7243076651297,36.8125520873022,1.92934859720107,37.7103084295431,38.6027179274897,42.2326889985347,0.0523981807331299,78,"2_ED3102_0.468",NA,"n>75",NA,NA,NA,"2",761.147715732595,5.11538690037469
"20250529-CbDRC3-p039-m2x_F05_roi_0.png",20250529,"CbDRC3","p039","m2x","F05",0,733.463993680006,36.8204319332794,"","48h",10,"15hHB101","DMSO",1,"Albendazole",0.9375,NA,NA,"ED3102",2,NA,NA,NA,740.255926737308,591.712233393895,703.870559753156,729.545968383972,743.982171748324,35.4748051056154,761.561024220407,771.800222027677,823.195836698895,0.0479223520194851,38.6763493973947,31.006557272637,36.0343507627999,37.5310895090464,38.7092374572854,2.37294410475115,40.2583848565416,41.4450910307386,43.2520457128407,0.0613538801288985,64,"2_ED3102_0.9375",NA,NA,NA,NA,NA,"2",761.147715732595,-17.165543984271
"20250529-CbDRC3-p039-m2x_F06_roi_1.png",20250529,"CbDRC3","p039","m2x","F06",1,753.133130477417,39.2281670460592,"","48h",10,"15hHB101","DMSO",1,"Albendazole",1.875,NA,NA,"ED3102",2,NA,NA,NA,721.173978328189,334.155185724336,689.692845271978,709.537256420162,727.476058537383,52.8092419062717,741.767814934141,763.969069574669,785.46146228669,0.0732267711997776,38.2675056912452,19.29619714101,36.4777697995462,37.5669114847962,38.5286648778324,2.80140611515902,39.5235018160097,40.6859600761106,43.2000512754543,0.0732058717848424,73,"2_ED3102_1.875",NA,NA,NA,NA,NA,"2",761.147715732595,-33.6716571952119
"20250529-CbDRC3-p039-m2x_F07_roi_0.png",20250529,"CbDRC3","p039","m2x","F07",0,657.451874755597,35.0287566047215,"","48h",10,"15hHB101","DMSO",1,"Albendazole",3.75,NA,NA,"ED3102",2,NA,NA,NA,660.459060613633,228.392898536546,633.075598095675,649.775832463373,669.131232116698,56.990122432749,679.806159160474,699.575857546668,719.837414173187,0.086288652592334,37.1359415734854,24.0105973072256,35.0400116941051,35.9860366372299,37.3604619727732,2.5885529871075,38.7617207422717,39.7968806272663,41.5307646437259,0.0697047894149987,73,"2_ED3102_3.75",NA,NA,NA,NA,NA,"2",761.147715732595,-92.0164836158971
"20250529-CbDRC3-p039-m2x_F08_roi_0.png",20250529,"CbDRC3","p039","m2x","F08",0,679.947280807681,39.7840502652797,"","48h",10,"15hHB101","DMSO",1,"Albendazole",7.5,NA,NA,"ED3102",2,NA,NA,NA,662.159360525545,543.842163084186,623.996394125476,644.793343423639,663.877602880025,34.1428493769352,682.092186000244,701.155731247891,737.681461496749,0.0515628886524183,37.7575198082151,28.125517027892,34.7156742078313,36.3515708729375,38.2586766191321,2.67542346406059,39.7527883028136,40.6253177992019,42.124579513395,0.0708580298083691,79,"2_ED3102_7.5",NA,"n>75",NA,NA,NA,"2",761.147715732595,-97.2701128525695
"20250529-CbDRC3-p039-m2x_F09_roi_0.png",20250529,"CbDRC3","p039","m2x","F09",0,658.921733891095,38.1156793750495,"","48h",10,"15hHB101","DMSO",1,"Albendazole",15,NA,NA,"ED3102",2,NA,NA,NA,638.597313462962,417.343885036844,607.958869826945,625.198798124965,639.030638493852,40.1658217740772,662.510156904371,678.992192506039,697.785311558735,0.0628969476183158,37.2458449291174,23.0085261915683,34.5520231990849,36.11708537217,37.5961754270318,2.74501088943217,38.8631300992647,39.8304036408709,43.2676570470202,0.0736997883832736,74,"2_ED3102_15",NA,NA,NA,NA,NA,"2",761.147715732595,-122.117077238743
"20250529-CbDRC3-p039-m2x_F10_roi_0.png",20250529,"CbDRC3","p039","m2x","F10",0,628.741344700731,36.0890693405605,"","48h",10,"15hHB101","DMSO",1,"Albendazole",30,NA,NA,"ED3102",2,NA,NA,NA,640.753128813004,246.274145097882,604.883059398187,628.741344700731,648.343775033158,60.0057972001958,665.322652005425,679.427045087059,715.273686875105,0.0936488555449688,37.4256761791343,15.3453462206813,35.459160019204,36.3588066506577,37.7053635510831,3.55835174278834,39.5098142465613,40.1285240272694,41.737408225663,0.0950778210594417,57,"2_ED3102_30",NA,NA,NA,NA,NA,"2",761.147715732595,-112.803940699437
"20250529-CbDRC3-p039-m2x_F11_roi_0.png",20250529,"CbDRC3","p039","m2x","F11",0,664.894286476119,38.0608683072766,"","48h",10,"15hHB101","DMSO",1,"Albendazole",60,NA,NA,"ED3102",2,NA,NA,NA,625.453758018792,460.294128018769,581.738976923377,596.94253071377,636.235398046083,40.5372095344008,655.260630669865,665.405506909298,678.259037962922,0.0648124805626044,37.6701384499963,28.6886999687384,34.3189901742098,36.01778211185,37.8394207381931,2.92414155994938,40.1220223129356,40.9505306531946,43.0901943514903,0.0776249220275873,69,"2_ED3102_60",NA,NA,NA,NA,NA,"2",761.147715732595,-124.912317686512
"20250529-CbDRC3-p039-m2x_F12_roi_0.png",20250529,"CbDRC3","p039","m2x","F12",0,633.285249435298,35.7965210903151,"","48h",10,"15hHB101","DMSO",1,"Albendazole",120,NA,NA,"ED3102",2,NA,NA,NA,620.455908773915,349.083023215679,579.411326360122,602.117251629155,629.319527468671,44.0999186097009,647.414825701461,660.21449731543,682.46519204296,0.0710766357223463,37.084696613409,31.3428987188058,34.4361047086692,35.713959012615,37.2648613738003,2.24291794952713,38.7629731645043,39.6971026639948,41.3196471182659,0.0604809572236365,74,"2_ED3102_120",NA,NA,NA,NA,NA,"2",761.147715732595,-131.828188263924
"20250529-CbDRC3-p040-m2x_A01_roi_0.png",20250529,"CbDRC3","p040","m2x","A01",0,778.546411806842,33.2587910825581,"","48h",10,"15hHB101","DMSO",1,"Albendazole",0,NA,NA,"ECA2666",2,NA,NA,NA,705.311854761078,318.732015607321,617.255862969357,686.327132283155,737.897508796314,88.3091654479468,757.457084696117,769.742177917561,788.379188487195,0.125205843134256,33.0892002175431,21.5096351582219,29.3546670771156,31.408977648949,33.8120965149236,3.25011135579572,35.2074497218601,36.4944781072358,38.5965714255355,0.098222723257983,62,"2_ECA2666_0",NA,NA,NA,NA,NA,"2",743.777729533843,-5.88022073752973
"20250529-CbDRC3-p040-m2x_A02_roi_0.png",20250529,"CbDRC3","p040","m2x","A02",0,763.009287501243,32.921226998987,"","48h",10,"15hHB101","DMSO",1,"Albendazole",0.117,NA,NA,"ECA2666",2,NA,NA,NA,719.516898182119,577.048377739124,632.186392462842,694.135457104188,740.534152211625,55.3850279083253,760.069674225695,770.713536986909,792.781055421551,0.0769752983540168,32.626715313582,26.4399549674398,29.4660400638649,31.255001787455,32.8070510189915,2.44744492473311,34.3544054460054,35.5452728590396,37.3289196931205,0.0750135249966237,62,"2_ECA2666_0.117",NA,NA,NA,NA,NA,"2",743.777729533843,-3.24357732221847
"20250529-CbDRC3-p040-m2x_A03_roi_0.png",20250529,"CbDRC3","p040","m2x","A03",0,733.233973871492,31.293612629499,"","48h",10,"15hHB101","DMSO",1,"Albendazole",0.234,NA,NA,"ECA2666",2,NA,NA,NA,718.339592081342,178.424582400682,664.826640989352,705.569483322118,738.532773150287,90.2417430302265,761.416098571543,779.573476167264,807.946750397839,0.125625461863736,32.4823925787578,14.6314873173607,28.6040243008086,30.4818550492216,32.7909495382037,3.97508051233104,34.9632272725623,36.0870573442784,39.3533654619457,0.122376469119168,62,"2_ECA2666_0.234",NA,NA,NA,NA,NA,"2",743.777729533843,-5.2449563835562
"20250529-CbDRC3-p040-m2x_A04_roi_0.png",20250529,"CbDRC3","p040","m2x","A04",0,762.008997932358,32.7097812618106,"","48h",10,"15hHB101","DMSO",1,"Albendazole",0.468,NA,NA,"ECA2666",2,NA,NA,NA,721.343723712446,434.094437401753,661.76258348946,692.248598014151,736.40452984116,52.5167815422079,752.873571130728,768.111479174357,793.924415977355,0.0728041013123766,32.2688012651929,22.183946023108,28.9113356138698,30.4930570318108,32.4433078423169,2.82493538506842,34.0297667727587,35.7343640572133,38.0032734303981,0.0875438589073209,84,"2_ECA2666_0.468",NA,"n>75",NA,NA,NA,"2",743.777729533843,-7.37319969268378
"20250529-CbDRC3-p040-m2x_A05_roi_0.png",20250529,"CbDRC3","p040","m2x","A05",0,728.027098957306,31.0132660812903,"","48h",10,"15hHB101","DMSO",1,"Albendazole",0.9375,NA,NA,"ECA2666",2,NA,NA,NA,708.922476528447,197.115592054033,657.85019548813,695.671586666692,728.027098957306,82.0153459843682,746.293273428932,766.892162263306,820.396706518635,0.115690147653369,32.5281904715563,13.4115853374567,28.523477604828,30.9876982239305,32.7285657352338,3.90390659537172,35.0854655241379,36.8215373973983,38.2451015611483,0.12001610107348,73,"2_ECA2666_0.9375",NA,NA,NA,NA,NA,"2",743.777729533843,-15.7506305765377
"20250529-CbDRC3-p040-m2x_A06_roi_0.png",20250529,"CbDRC3","p040","m2x","A06",0,717.513258373949,35.1041707297623,"","48h",10,"15hHB101","DMSO",1,"Albendazole",1.875,NA,NA,"ECA2666",2,NA,NA,NA,697.994398913306,561.411989775854,664.072611299293,680.650132032634,702.161823973457,37.2131979306082,717.513258373949,737.924095344913,787.08180159003,0.0533144649706999,34.44903698883,26.7879215170756,31.0377965910096,32.5662021608667,34.7582827503158,2.86290159904259,36.1427365717924,38.0805429089673,41.8845031650099,0.0831054174307073,73,"2_ECA2666_1.875",NA,NA,NA,NA,NA,"2",743.777729533843,-41.6159055603865
"20250529-CbDRC3-p040-m2x_A07_roi_0.png",20250529,"CbDRC3","p040","m2x","A07",0,631.347514850906,33.9433052587977,"","48h",10,"15hHB101","DMSO",1,"Albendazole",3.75,NA,NA,"ECA2666",2,NA,NA,NA,671.891974104111,581.084919561906,637.130847781644,654.008351506549,674.377207811417,29.7413223389575,686.352946527968,708.568240496591,747.637213337406,0.0442650358766586,35.6977800093528,31.3466332404974,33.3964153446742,34.4266442904545,35.7626378000171,1.69565571506789,37.0133043776503,38.0078617810725,38.6841960318965,0.0475003127540041,75,"2_ECA2666_3.75",NA,NA,NA,NA,NA,"2",743.777729533843,-69.4005217224266
"20250529-CbDRC3-p040-m2x_A08_roi_0.png",20250529,"CbDRC3","p040","m2x","A08",0,682.185249037609,36.0568931461688,"","48h",10,"15hHB101","DMSO",1,"Albendazole",7.5,NA,NA,"ECA2666",2,NA,NA,NA,663.124997518448,483.821096826549,632.897903231243,646.205908848746,668.784081215022,43.3801036128777,681.909205023235,703.279175378,747.054436619291,0.0654176871256777,35.3154818257318,29.6164182528155,32.5784529651253,34.3695689353683,35.5210566080336,2.16679219342081,36.5159281785153,37.7843802614859,38.8300522508373,0.0613553059848678,66,"2_ECA2666_7.5",NA,NA,NA,NA,NA,"2",743.777729533843,-74.9936483188209
"20250529-CbDRC3-p040-m2x_A09_roi_0.png",20250529,"CbDRC3","p040","m2x","A09",0,619.756525327777,32.4179560785598,"","48h",10,"15hHB101","DMSO",1,"Albendazole",15,NA,NA,"ECA2666",2,NA,NA,NA,644.673805661072,214.47178349108,612.77515178448,632.463962136385,653.310572795355,63.4401156237495,675.943175819262,692.360969467147,724.632680960612,0.0984065353154775,35.4678181232565,12.7721303810037,32.5010062071697,33.9920771770293,36.158971786321,3.77986142582812,37.8777631157629,38.4765833671352,40.8115220665189,0.106571580261647,75,"2_ECA2666_15",NA,NA,NA,NA,NA,"2",743.777729533843,-90.4671567384887
"20250529-CbDRC3-p040-m2x_A10_roi_0.png",20250529,"CbDRC3","p040","m2x","A10",0,686.817884584674,39.0691274750505,"","48h",10,"15hHB101","DMSO",1,"Albendazole",30,NA,NA,"ECA2666",2,NA,NA,NA,634.745418223972,496.279254488316,588.820785393416,604.791989789993,642.665067601244,42.0399017666284,657.302692310251,686.774006100169,724.860344054652,0.0662311228401722,35.750615286594,28.1341783110019,33.1779754468802,34.5102028295158,35.9187450626741,2.45147439099714,37.6424996670627,38.7188590532793,40.2871598634245,0.068571530065845,72,"2_ECA2666_30",NA,NA,NA,NA,NA,"2",743.777729533843,-101.112661932599
"20250529-CbDRC3-p040-m2x_A11_roi_0.png",20250529,"CbDRC3","p040","m2x","A11",0,629.171872551682,35.3201755970906,"","48h",10,"15hHB101","DMSO",1,"Albendazole",60,NA,NA,"ECA2666",2,NA,NA,NA,618.243616296783,303.149544295818,586.507771753927,602.709465269161,625.72925739147,59.9111884459015,651.523302152734,665.186954847325,692.572848784568,0.0969054703787538,34.9625647983439,23.5422704264013,32.3570855338758,34.0184317257846,35.5480153027555,2.72744126736579,36.5822551457817,37.8693064536782,38.6122796866627,0.0780103314243977,62,"2_ECA2666_60",NA,NA,NA,NA,NA,"2",743.777729533843,-118.048472142373
"20250529-CbDRC3-p040-m2x_A12_roi_0.png",20250529,"CbDRC3","p040","m2x","A12",0,656.803500677411,35.9067376508395,"","48h",10,"15hHB101","DMSO",1,"Albendazole",120,NA,NA,"ECA2666",2,NA,NA,NA,629.413035468267,544.249592762408,588.764031870151,611.420198836625,628.121919188149,30.8271775794935,648.839377107868,665.159016539141,708.530595077586,0.0489776598868164,35.3994656255184,25.7128916042872,32.1914051366593,34.2347129857904,35.7741255059983,2.53559867118923,37.1494483263031,38.1468611742259,39.3088083252054,0.0716281623573829,68,"2_ECA2666_120",NA,NA,NA,NA,NA,"2",743.777729533843,-115.655810345695
"20250529-CbDRC3-p040-m2x_B01_roi_0.png",20250529,"CbDRC3","p040","m2x","B01",0,759.478752893967,35.1524665225332,"","48h",10,"15hHB101","DMSO",1,"Albendazole",0,NA,NA,"JU3237",2,NA,NA,NA,763.056715763279,587.433105636599,698.151395005662,742.872808979977,772.861308996549,52.8238909292817,795.63338443732,816.286899027151,848.563583131056,0.0692266902813933,37.3713902057546,28.5952441878194,33.7270153136599,36.4261038487247,37.8285511306927,2.94247414834476,39.2040360141437,40.342757539972,44.3117072398309,0.0787360098766588,62,"2_JU3237_0",NA,NA,NA,NA,NA,"2",770.21703995553,2.6442690410189
"20250529-CbDRC3-p040-m2x_B02_roi_0.png",20250529,"CbDRC3","p040","m2x","B02",0,758.899554376027,35.9010326382657,"","48h",10,"15hHB101","DMSO",1,"Albendazole",0.117,NA,NA,"JU3237",2,NA,NA,NA,740.329686464405,487.059541377842,629.324601629676,712.542076861324,760.086314652706,75.9392889243019,781.485824959085,816.621504199788,873.809234593754,0.102574961281055,36.9797212195032,28.4852848141328,32.0184851404669,34.4990547016484,37.4502980577292,3.55919017245283,39.4447041981195,40.8022885769662,44.3100377421999,0.0962470796176719,69,"2_JU3237_0.117",NA,NA,NA,NA,NA,"2",770.21703995553,-10.1307253028247
"20250529-CbDRC3-p040-m2x_B03_roi_0.png",20250529,"CbDRC3","p040","m2x","B03",0,720.344932650632,34.5448665924845,"","48h",10,"15hHB101","DMSO",1,"Albendazole",0.234,NA,NA,"JU3237",2,NA,NA,NA,743.052784227442,411.958035197422,687.590235590551,720.946436054129,752.492132767169,94.6186592112666,798.826319094205,831.940942285138,854.20140400155,0.12733773591824,36.3685321380994,21.2879709509089,32.7759310896453,35.0185016048618,36.6210269215742,4.02970960241445,38.8610266755261,40.1555554831835,43.0395884771265,0.110802096359368,55,"2_JU3237_0.234",NA,NA,NA,NA,NA,"2",770.21703995553,-17.724907188361
"20250529-CbDRC3-p040-m2x_B04_roi_0.png",20250529,"CbDRC3","p040","m2x","B04",0,828.101210897194,38.6693940806465,"","48h",10,"15hHB101","DMSO",1,"Albendazole",0.468,NA,NA,"JU3237",2,NA,NA,NA,763.121499588787,573.120522302394,697.038412123148,733.47064590295,761.818563697479,55.8892029592339,805.310419515906,828.251312845264,873.491107508001,0.0732376207318889,36.8655402120974,29.7210486800197,32.6750076903307,35.0057779525398,37.1266018319977,2.97715633542528,38.9147947752024,40.6066815764472,42.1283596474195,0.0807571601635808,70,"2_JU3237_0.468",NA,NA,NA,NA,NA,"2",770.21703995553,-8.3984762580518
"20250529-CbDRC3-p040-m2x_B05_roi_0.png",20250529,"CbDRC3","p040","m2x","B05",0,839.135782579211,38.9379376789239,"","48h",10,"15hHB101","DMSO",1,"Albendazole",0.9375,NA,NA,"JU3237",2,NA,NA,NA,757.795934307162,500.166946552817,700.098607170601,731.240528359226,764.929488374495,58.6596894583276,798.538435239293,815.147253569785,840.221776822971,0.0774082926585757,37.4717748009533,24.3023810493363,32.6210998893317,35.2758025711889,38.2307436721645,3.64246367275133,40.0808955477325,41.1194726623754,42.7393857966299,0.0972055284837658,54,"2_JU3237_0.9375",NA,NA,NA,NA,NA,"2",770.21703995553,-5.28755158103525
"20250529-CbDRC3-p040-m2x_B06_roi_0.png",20250529,"CbDRC3","p040","m2x","B06",0,762.80772779698,37.9833285820469,"","48h",10,"15hHB101","DMSO",1,"Albendazole",1.875,NA,NA,"JU3237",2,NA,NA,NA,726.411265218526,596.317920955365,683.699327453264,701.260038475383,727.824511718833,38.6822425739376,755.340700662564,767.112435539097,792.329818081765,0.0532511600880815,37.3252401636212,29.9966647765498,33.7470774839525,35.9694332310516,37.7106307653269,2.71819406630786,38.9856967112874,40.2936955583212,44.4993176849929,0.0728245566376054,54,"2_JU3237_1.875",NA,NA,NA,NA,NA,"2",770.21703995553,-42.3925282366978
"20250529-CbDRC3-p040-m2x_B07_roi_0.png",20250529,"CbDRC3","p040","m2x","B07",0,705.106466082929,39.218435330522,"","48h",10,"15hHB101","DMSO",1,"Albendazole",3.75,NA,NA,"JU3237",2,NA,NA,NA,672.572887743594,201.228112814727,641.899236508587,662.412569944109,683.220292750847,83.5959767798307,705.75483765482,727.807075030295,736.099308200205,0.124292813913873,37.3568344251273,28.916666066064,35.2260196954702,36.3626753243396,37.451604392689,2.54920348407191,39.049042461828,39.8230183570715,41.1725382863764,0.0682392799952352,38,"2_JU3237_3.75",NA,NA,NA,NA,NA,"2",770.21703995553,-86.9967472046832
"20250529-CbDRC3-p040-m2x_B08_roi_0.png",20250529,"CbDRC3","p040","m2x","B08",0,708.590869865224,38.2887570448844,"","48h",10,"15hHB101","DMSO",1,"Albendazole",7.5,NA,NA,"JU3237",2,NA,NA,NA,668.625273716322,492.235386993109,616.576147655768,645.396208059321,671.632292758841,49.0960758076899,700.49685346993,718.77181244113,750.277282486955,0.0734283876749174,37.5209180334295,24.8484615908738,34.7829338825901,37.2049722453954,37.9719931692913,2.72680251198912,38.6607648907046,39.6833587044037,42.5591197718787,0.0726741949533233,57,"2_JU3237_7.5",NA,NA,NA,NA,NA,"2",770.21703995553,-98.5847471966897
"20250529-CbDRC3-p040-m2x_B09_roi_0.png",20250529,"CbDRC3","p040","m2x","B09",0,668.253405876364,38.8164634558273,"","48h",10,"15hHB101","DMSO",1,"Albendazole",15,NA,NA,"JU3237",2,NA,NA,NA,648.669098620639,498.731849703931,603.701141845722,630.052131875773,651.584669004664,39.9983079035674,674.3468271067,693.792651604776,711.884745709777,0.061662113994056,38.0987184622432,29.0034662211002,35.1510750714693,37.0253200316855,38.4441257998219,2.908409029073,39.8382919175835,41.2671438953961,45.20951060688,0.0763387627317519,62,"2_JU3237_15",NA,NA,NA,NA,NA,"2",770.21703995553,-118.632370950866
"20250529-CbDRC3-p040-m2x_B10_roi_0.png",20250529,"CbDRC3","p040","m2x","B10",0,654.184161835728,39.9689854882543,"","48h",10,"15hHB101","DMSO",1,"Albendazole",30,NA,NA,"JU3237",2,NA,NA,NA,637.159341162628,511.677233733128,593.991620414893,612.102482288999,637.296103560978,39.7655213247209,665.754848127351,687.712464096091,716.068080051187,0.0624106385259306,37.8004005412912,28.7786315449938,34.6438745370048,36.1039576369667,38.1953003021839,2.75467380259369,39.663632168504,40.7394786475305,43.7355094321155,0.0728741961235204,63,"2_JU3237_30",NA,NA,NA,NA,NA,"2",770.21703995553,-132.920936394553
"20250529-CbDRC3-p040-m2x_B11_roi_0.png",20250529,"CbDRC3","p040","m2x","B11",0,663.415863463626,38.7293905580158,"","48h",10,"15hHB101","DMSO",1,"Albendazole",60,NA,NA,"JU3237",2,NA,NA,NA,625.390442712701,551.578222391069,588.952083474263,601.725017727308,623.493942934503,32.667119209971,648.963573911494,669.019264844085,703.784846426317,0.0522347592461978,37.4445675931813,33.0778620395972,34.9065079922879,35.8210369509502,37.1797829151151,2.32441715870883,38.8373575422345,40.0655641776183,43.0692019112024,0.0620762184774731,55,"2_JU3237_60",NA,NA,NA,NA,NA,"2",770.21703995553,-146.723097021028
"20250529-CbDRC3-p040-m2x_B12_roi_0.png",20250529,"CbDRC3","p040","m2x","B12",0,603.406717710561,36.4712022249109,"","48h",10,"15hHB101","DMSO",1,"Albendazole",120,NA,NA,"JU3237",2,NA,NA,NA,618.626130341875,464.642673807323,574.164885140055,604.281432865654,624.982276011137,45.186116084159,645.676770751835,661.405678659356,731.033566938041,0.0730426890619501,37.1115618270558,23.9535909057868,33.1112373311786,35.6811725958976,37.5109508277823,3.47968493652385,39.5821263624085,40.6859340318735,43.4037000266393,0.0937628266021136,46,"2_JU3237_120",NA,NA,NA,NA,NA,"2",770.21703995553,-145.234763944393
"20250529-CbDRC3-p040-m2x_C01_roi_0.png",20250529,"CbDRC3","p040","m2x","C01",0,799.737881150964,36.330147340161,"","48h",10,"15hHB101","DMSO",1,"Albendazole",0,NA,NA,"VX34",2,NA,NA,NA,792.739352892395,255.173721317845,740.627506992159,777.03708188953,799.722422408792,103.468978616573,850.454023348808,869.259269417986,992.222134028861,0.130520805153744,36.6932248499051,16.2706626310287,33.1199996512222,36.330147340161,37.8353832273085,4.36127659294981,38.7506596505798,39.9100688000811,42.2797939832392,0.118857816689314,65,"2_VX34_0",NA,NA,NA,NA,NA,"2",817.980026430563,-18.2576040217707
"20250529-CbDRC3-p040-m2x_C03_roi_0.png",20250529,"CbDRC3","p040","m2x","C03",0,809.750164579324,37.219595085039,"","48h",10,"15hHB101","DMSO",1,"Albendazole",0.234,NA,NA,"VX34",2,NA,NA,NA,768.889609671698,219.270528776753,660.691525202536,756.192085228619,795.125652352843,103.260968510044,819.947757241539,853.25532852863,872.049619943227,0.134298821587842,35.6427597025127,20.8250670517902,30.8779938867894,34.9863734771628,36.4436594563414,3.84183807393786,37.8545835966218,39.0814528054506,40.4365993732682,0.107787334819279,68,"2_VX34_0.234",NA,NA,NA,NA,NA,"2",817.980026430563,-22.8543740777193
"20250529-CbDRC3-p040-m2x_C04_roi_0.png",20250529,"CbDRC3","p040","m2x","C04",0,871.515881123863,36.107382512526,"","48h",10,"15hHB101","DMSO",1,"Albendazole",0.468,NA,NA,"VX34",2,NA,NA,NA,795.129011249905,88.9812856506305,757.631292989437,787.821618890352,807.122689502017,96.9477464839965,830.152900864372,855.732233656759,889.747082397423,0.12192706480625,36.4753027416024,24.9706551145709,33.4527519938189,35.3055203568362,36.8771638875826,2.84790779453748,38.1046722880273,39.6072588109765,41.3132305885347,0.078077701361729,66,"2_VX34_0.468",NA,NA,NA,NA,NA,"2",817.980026430563,-10.8573369285455
"20250529-CbDRC3-p040-m2x_C05_roi_0.png",20250529,"CbDRC3","p040","m2x","C05",0,862.681671006956,38.1076024204024,"","48h",10,"15hHB101","DMSO",1,"Albendazole",0.9375,NA,NA,"VX34",2,NA,NA,NA,782.236679797128,225.213039205823,750.528661828055,772.252107687401,801.19497915252,109.359670531551,827.674683116632,846.276610026478,866.755243962995,0.139803813035095,36.9134057850095,17.4757462786076,33.5977574507136,36.4278772290461,37.7008737153116,4.44293257489871,38.7068734901139,40.4994678019444,42.5602970273774,0.120360949644559,61,"2_VX34_0.9375",NA,NA,NA,NA,NA,"2",817.980026430563,-16.7850472780423
"20250529-CbDRC3-p040-m2x_C06_roi_0.png",20250529,"CbDRC3","p040","m2x","C06",0,799.6179295738,38.002707644979,"","48h",10,"15hHB101","DMSO",1,"Albendazole",1.875,NA,NA,"VX34",2,NA,NA,NA,767.908610978357,422.883637047258,737.324575361047,759.672688563897,775.234324073506,71.8208478227499,802.312243528903,821.868958416979,876.453925842461,0.0935278583883129,37.7899614620932,29.5492994550198,35.6181356142255,36.9151450777786,38.4652369520999,2.4709163741201,39.1390661093374,40.2569944782547,41.5654266665935,0.0653855224647067,58,"2_VX34_1.875",NA,NA,NA,NA,NA,"2",817.980026430563,-42.7457023570566
"20250529-CbDRC3-p040-m2x_C07_roi_0.png",20250529,"CbDRC3","p040","m2x","C07",0,730.545391351387,39.2751757230393,"","48h",10,"15hHB101","DMSO",1,"Albendazole",3.75,NA,NA,"VX34",2,NA,NA,NA,707.551945311729,300.255184959059,671.146920100298,692.104218961923,716.033952105701,61.0080463184239,736.607681630803,749.110641020912,795.534768747631,0.0862241235045227,37.9692587268592,19.1261798979159,34.8026317194692,37.0747397742797,38.4418094611529,3.23785343973819,39.431024950187,41.4070324241514,42.1927762105321,0.085275655841228,63,"2_VX34_3.75",NA,NA,NA,NA,NA,"2",817.980026430563,-101.946074324862
"20250529-CbDRC3-p040-m2x_C08_roi_0.png",20250529,"CbDRC3","p040","m2x","C08",0,732.946788986259,36.5204671700958,"","48h",10,"15hHB101","DMSO",1,"Albendazole",7.5,NA,NA,"VX34",2,NA,NA,NA,708.830657724687,657.495791512132,675.302204821826,691.947009497457,707.92878644464,26.4441080725095,727.393616030629,741.758289012705,761.471457638499,0.0373066652582351,38.16415974539,33.1413737518575,36.117977639522,36.9835601840994,38.2849365697418,1.82876731844146,39.237170549247,40.7439681211986,41.6544034649027,0.0479184483725562,54,"2_VX34_7.5",NA,NA,NA,NA,NA,"2",817.980026430563,-110.051239985922
"20250529-CbDRC3-p040-m2x_C09_roi_0.png",20250529,"CbDRC3","p040","m2x","C09",0,700.662262197815,38.9499886705511,"","48h",10,"15hHB101","DMSO",1,"Albendazole",15,NA,NA,"VX34",2,NA,NA,NA,687.576569127446,526.141869058293,635.234681357286,678.331590652472,694.255361784106,37.6120377072645,707.705320173321,727.84970613628,744.118067826447,0.054702326106015,38.3841960305552,31.9062677656388,35.0422118844562,37.0790556376259,38.3187051373698,2.63566030701961,40.1663934992575,41.8886478922196,43.6366034277823,0.0686652471481108,59,"2_VX34_15",NA,NA,NA,NA,NA,"2",817.980026430563,-123.724664646456
"20250529-CbDRC3-p040-m2x_C10_roi_0.png",20250529,"CbDRC3","p040","m2x","C10",0,687.951226152052,37.6043977576334,"","48h",10,"15hHB101","DMSO",1,"Albendazole",30,NA,NA,"VX34",2,NA,NA,NA,671.087248432117,279.089654624432,632.887189119995,658.106851880714,678.074121639999,57.8524699180298,697.074454518723,711.136276017331,781.968605602413,0.0862070767298774,37.5659297359541,19.4937913661742,34.5758029832001,37.239434498499,37.8768764101171,3.00613252950123,39.1135599158053,39.8951666520928,41.391791176127,0.0800228438542831,72,"2_VX34_30",NA,NA,NA,NA,NA,"2",817.980026430563,-139.905904790563
"20250529-CbDRC3-p040-m2x_C11_roi_0.png",20250529,"CbDRC3","p040","m2x","C11",0,697.296557512715,36.7526056346865,"","48h",10,"15hHB101","DMSO",1,"Albendazole",60,NA,NA,"VX34",2,NA,NA,NA,664.781325278222,175.750199089012,636.464073529269,656.729595812626,674.789775310378,62.312745848731,683.868528890546,704.778127731276,724.004047295378,0.0937342002238888,37.4879742298659,16.105629206794,35.2593361261181,36.4827091997348,37.9316715850677,3.04244976946575,39.067007894705,39.9881366439457,41.2696936485175,0.0811580201909628,76,"2_VX34_60",NA,"n>75",NA,NA,NA,"2",817.980026430563,-143.190251120185
"20250529-CbDRC3-p040-m2x_C12_roi_0.png",20250529,"CbDRC3","p040","m2x","C12",0,673.769086530572,38.5787955100694,"","48h",10,"15hHB101","DMSO",1,"Albendazole",120,NA,NA,"VX34",2,NA,NA,NA,659.606787339833,322.557059882583,613.957266144167,637.890191562326,669.891120525927,56.6339480149482,687.734103424393,705.90792499567,782.242751180926,0.0858601656349696,36.582683721081,19.238863718361,32.7241543698189,34.9952394130882,37.0685098431384,3.48609311550356,38.9730483399133,39.9638817113696,41.4336537168726,0.0952935312806117,68,"2_VX34_120",NA,NA,NA,NA,NA,"2",817.980026430563,-148.088905904636
"20250529-CbDRC3-p040-m2x_D01_roi_0.png",20250529,"CbDRC3","p040","m2x","D01",0,714.459903185575,34.2307176895464,"","48h",10,"15hHB101","DMSO",1,"Albendazole",0,NA,NA,"NIC1667",2,NA,NA,NA,714.142810492467,250.451088188,633.959524527277,699.425575954799,734.293892849744,94.310932606743,758.311804107315,777.878758997993,857.465345399164,0.132061726619788,33.7798695488777,14.6927036093365,31.1891151343426,32.0370896146738,34.2307176895464,3.79753765620528,35.3782318140735,37.2100147306421,39.8266484971044,0.1124201397732,61,"2_NIC1667_0",NA,NA,NA,NA,NA,"2",729.921952611189,4.37194023855534
"20250529-CbDRC3-p040-m2x_D02_roi_0.png",20250529,"CbDRC3","p040","m2x","D02",0,763.390995314966,34.9159812684778,"","48h",10,"15hHB101","DMSO",1,"Albendazole",0.117,NA,NA,"NIC1667",2,NA,NA,NA,713.955237971868,567.048679577077,647.302764699132,685.34352770568,718.790533270397,51.5706931606547,749.990061405798,771.001931208971,856.641348790562,0.072232389956479,33.4497984090155,27.8998532719906,30.1610969053691,31.7457896501338,33.4294994772184,2.54283562953287,35.4515401569757,36.2537829819708,41.2213718108297,0.0760194605193054,92,"2_NIC1667_0.117",NA,"n>75",NA,NA,NA,"2",729.921952611189,-11.1314193407917
"20250529-CbDRC3-p040-m2x_D03_roi_0.png",20250529,"CbDRC3","p040","m2x","D03",0,825.802588356502,35.1111567522476,"","48h",10,"15hHB101","DMSO",1,"Albendazole",0.234,NA,NA,"NIC1667",2,NA,NA,NA,705.19445490648,214.08570444544,636.80660046169,690.242696178422,731.932380774476,91.8250334735216,747.851823648526,775.975669940163,825.802588356502,0.130212358924035,32.8310849801332,13.2002856890272,29.2608453477467,31.7010533602892,33.0337333407575,4.03117072821364,35.1111567522476,36.7927411764613,42.3921731300125,0.122785181502621,73,"2_NIC1667_0.234",NA,NA,NA,NA,NA,"2",729.921952611189,2.0104281632872
"20250529-CbDRC3-p040-m2x_D04_roi_0.png",20250529,"CbDRC3","p040","m2x","D04",0,740.31770457787,30.0817116721909,"","48h",10,"15hHB101","DMSO",1,"Albendazole",0.468,NA,NA,"NIC1667",2,NA,NA,NA,708.308133537651,207.042862180495,655.963405600307,689.174595171336,720.633739663078,67.2290344658309,743.312669906235,760.195182713241,800.798115697275,0.0949149547811275,33.0133407260681,12.0073377292416,30.0535642465877,31.8455772715407,33.3136472018112,3.0562823203858,34.9601802400087,35.7414215486028,37.9804000022506,0.09257719010462,97,"2_NIC1667_0.468",NA,"n>75",NA,NA,NA,"2",729.921952611189,-9.28821294811121
"20250529-CbDRC3-p040-m2x_D05_roi_0.png",20250529,"CbDRC3","p040","m2x","D05",0,768.683159149765,34.2051212855899,"","48h",10,"15hHB101","DMSO",1,"Albendazole",0.9375,NA,NA,"NIC1667",2,NA,NA,NA,711.91030305619,423.124998443672,668.409159973685,694.305122513981,722.34259228112,53.8652260022285,745.172447482695,763.8267950058,788.039786854847,0.0756629392368508,33.8535049857324,25.3477816363975,30.7770141496185,32.3958484701296,33.6954917193129,2.58176431168179,36.0936962334575,37.269950106482,39.0200834808676,0.0762628363819308,80,"2_NIC1667_0.9375",NA,"n>75",NA,NA,NA,"2",729.921952611189,-7.57936033006933
"20250529-CbDRC3-p040-m2x_D06_roi_0.png",20250529,"CbDRC3","p040","m2x","D06",0,672.077516698445,32.1778930449862,"","48h",10,"15hHB101","DMSO",1,"Albendazole",1.875,NA,NA,"NIC1667",2,NA,NA,NA,688.114971746341,226.121943112757,621.26436551599,673.248484320448,706.079241564221,70.4374076503732,723.088309284136,742.140275422346,779.271030019493,0.102362847114942,34.1904981274686,13.5563693875673,30.1819017081945,33.0275658670468,34.9874770217295,3.5391738834491,36.3034082986968,37.3039771652523,40.3186330875254,0.10351337585824,87,"2_NIC1667_1.875",NA,"n>75",NA,NA,NA,"2",729.921952611189,-23.8427110469675
"20250529-CbDRC3-p040-m2x_D07_roi_0.png",20250529,"CbDRC3","p040","m2x","D07",0,660.408663419674,34.7238361126144,"","48h",10,"15hHB101","DMSO",1,"Albendazole",3.75,NA,NA,"NIC1667",2,NA,NA,NA,652.702869161242,540.719959211796,616.12669280528,629.16888769483,653.724139817078,37.7329530657097,678.571157492638,702.260800893416,722.912468762313,0.0578103067237909,35.6413110067829,28.952351270023,32.3785687971624,34.5014972372715,35.956521271889,2.30657486604488,37.2945608182099,38.1825885616293,40.3366335003419,0.0647163305975451,82,"2_NIC1667_3.75",NA,"n>75",NA,NA,NA,"2",729.921952611189,-76.1978127941112
"20250529-CbDRC3-p040-m2x_D08_roi_0.png",20250529,"CbDRC3","p040","m2x","D08",0,690.338395179455,35.4685419215513,"","48h",10,"15hHB101","DMSO",1,"Albendazole",7.5,NA,NA,"NIC1667",2,NA,NA,NA,645.538566152223,343.161470814577,600.467919355502,626.30260216139,656.336196461565,50.1207943237558,672.360043927547,692.078298706714,710.332086528925,0.0776418280049544,35.3422517530857,18.8654952186956,31.1835197429253,34.1862722700029,35.9034757332477,3.36533175440337,37.6055285467241,38.626933719496,39.7549940122803,0.0952212037284679,87,"2_NIC1667_7.5",NA,"n>75",NA,NA,NA,"2",729.921952611189,-73.5857561496239
"20250529-CbDRC3-p040-m2x_D09_roi_0.png",20250529,"CbDRC3","p040","m2x","D09",0,682.4556554003,37.6863172952684,"","48h",10,"15hHB101","DMSO",1,"Albendazole",15,NA,NA,"NIC1667",2,NA,NA,NA,611.064022583688,234.431152670716,533.295247775785,596.617084236022,629.479028783283,68.4153711871985,649.040099264922,660.962096490525,702.96230313529,0.111961052620847,34.3566498797191,18.0953463948468,29.8970238897111,32.8060665366024,35.3669557140289,3.49406780923274,36.1425077843293,37.5024943862912,40.950778039703,0.101699898606683,77,"2_NIC1667_15",NA,"n>75",NA,NA,NA,"2",729.921952611189,-100.442923827906
"20250529-CbDRC3-p040-m2x_D10_roi_0.png",20250529,"CbDRC3","p040","m2x","D10",0,669.803749070619,37.3578592864134,"","48h",10,"15hHB101","DMSO",1,"Albendazole",30,NA,NA,"NIC1667",2,NA,NA,NA,622.437198671847,477.107546460209,582.748640133233,608.868792663733,624.299964009584,38.6521113038845,646.260283604521,664.469614180952,717.169177184915,0.0620980098656702,35.483127033354,27.2868348244498,31.9025456176779,33.8829892809641,35.5424808269696,2.92994116713178,37.1577294522339,39.1349690292804,42.2063874805738,0.0825728004292759,81,"2_NIC1667_30",NA,"n>75",NA,NA,NA,"2",729.921952611189,-105.621988601604
"20250529-CbDRC3-p040-m2x_D11_roi_0.png",20250529,"CbDRC3","p040","m2x","D11",0,658.15149447659,37.7831086568181,"","48h",10,"15hHB101","DMSO",1,"Albendazole",60,NA,NA,"NIC1667",2,NA,NA,NA,605.996379580756,348.7935048426,540.37249201553,584.642930573412,618.352933575417,53.365092574655,639.684624692295,658.70404482854,692.137487065665,0.0880617349753382,34.5418018044807,23.6864114595335,29.667173206462,32.9393414046884,34.8762117579127,3.3822115399831,36.9057658846821,38.2962762176314,41.6475233268486,0.0979164769437235,88,"2_NIC1667_60",NA,"n>75",NA,NA,NA,"2",729.921952611189,-111.569019035772
"20250529-CbDRC3-p040-m2x_D12_roi_0.png",20250529,"CbDRC3","p040","m2x","D12",0,629.163565620462,33.5431140556748,"","48h",10,"15hHB101","DMSO",1,"Albendazole",120,NA,NA,"NIC1667",2,NA,NA,NA,613.854432027795,489.835390933758,571.227766434433,589.164498194707,620.892812069429,37.9497762889773,645.532108552132,654.242530846976,680.630552270967,0.0618221101110481,34.5779710320834,25.8551288101566,30.3885334001113,33.5247703721914,35.1801424895665,2.57337318524613,36.1816170728149,37.489050109295,38.9260922340164,0.0744223304154663,68,"2_NIC1667_120",NA,NA,NA,NA,NA,"2",729.921952611189,-109.02914054176
"20250529-CbDRC3-p040-m2x_E01_roi_0.png",20250529,"CbDRC3","p040","m2x","E01",0,810.903119631783,37.3227220146711,"","48h",10,"15hHB101","DMSO",1,"Albendazole",0,NA,NA,"PB420",2,NA,NA,NA,745.22546797616,208.136463305185,709.67545526313,730.140362733476,753.523653392561,67.3194279887038,780.836490977371,790.864076894183,811.719366736491,0.0903343093889772,36.2913545934192,13.7466478805405,33.1194027068065,35.0374084448344,36.5716873964808,3.37795807512313,38.129269867495,39.7161342495922,41.9136677870549,0.0930788644559347,90,"2_PB420_0",NA,"n>75",NA,NA,NA,"2",759.904978691765,-6.38132529920324
"20250529-CbDRC3-p040-m2x_E02_roi_0.png",20250529,"CbDRC3","p040","m2x","E02",0,786.433390129363,38.9901084935712,"","48h",10,"15hHB101","DMSO",1,"Albendazole",0.117,NA,NA,"PB420",2,NA,NA,NA,740.489877805389,300.665484813146,688.317373145221,736.27729784002,761.671499062483,79.4615309336358,778.192175190378,792.441110486734,810.566834738807,0.107309408697305,37.2795600900898,22.1936658844442,33.3525256548667,36.0035336387723,37.8645528690724,3.20279792170821,39.1366347121928,40.2347458931996,42.7273103224745,0.0859129752059392,77,"2_PB420_0.117",NA,"n>75",NA,NA,NA,"2",759.904978691765,1.76652037071813
"20250529-CbDRC3-p040-m2x_E03_roi_0.png",20250529,"CbDRC3","p040","m2x","E03",0,791.338956272,37.6803605461463,"","48h",10,"15hHB101","DMSO",1,"Albendazole",0.234,NA,NA,"PB420",2,NA,NA,NA,749.167906305869,484.06560552508,715.041313243609,732.260391086158,749.769679205482,40.755463129543,772.26983878763,791.267989125203,827.751097442811,0.0544009731149688,36.673174373553,31.3441454985729,34.0869585326427,35.2889779433312,36.6487551341907,1.96928620656399,38.0568184235384,38.9950872321057,41.2587583121426,0.0536982751071624,86,"2_PB420_0.234",NA,"n>75",NA,NA,NA,"2",759.904978691765,-10.1352994862822
"20250529-CbDRC3-p040-m2x_E04_roi_0.png",20250529,"CbDRC3","p040","m2x","E04",0,813.513904564254,36.6154709071892,"","48h",10,"15hHB101","DMSO",1,"Albendazole",0.468,NA,NA,"PB420",2,NA,NA,NA,746.553921771447,489.729215235716,701.099245155892,732.360220679411,758.067173859858,59.8247485501606,781.779628437051,796.292840037415,813.513904564254,0.080134531218062,36.3120989183408,26.8294084847382,32.5494605327675,35.249320038989,36.6574786200762,3.01336789653297,38.0455577373876,39.4661842581515,42.9079940119638,0.0829852304409471,83,"2_PB420_0.468",NA,"n>75",NA,NA,NA,"2",759.904978691765,-1.83780483190606
"20250529-CbDRC3-p040-m2x_E05_roi_0.png",20250529,"CbDRC3","p040","m2x","E05",0,755.688362529176,37.3430663605886,"","48h",10,"15hHB101","DMSO",1,"Albendazole",0.9375,NA,NA,"PB420",2,NA,NA,NA,734.015929861279,339.323247119207,695.613287562466,723.887008525786,745.473684132475,64.5646026977022,762.897881992955,777.859785215283,812.147620328827,0.0879607649794524,36.5294992575011,21.908487089486,34.3330349280675,35.2094456833106,36.8718558778207,2.62169146905729,38.0650823148492,39.4332319097321,40.6851500448226,0.071769159784443,96,"2_PB420_0.9375",NA,"n>75",NA,NA,NA,"2",759.904978691765,-14.43129455929
"20250529-CbDRC3-p040-m2x_E06_roi_0.png",20250529,"CbDRC3","p040","m2x","E06",0,688.22059641894,34.910777933113,"","48h",10,"15hHB101","DMSO",1,"Albendazole",1.875,NA,NA,"PB420",2,NA,NA,NA,709.755465002994,521.398720193538,674.30540687935,697.542332630638,720.468632578014,42.9759504731928,737.767441493318,744.607031012397,762.603487806359,0.0605503621913098,37.2184921721675,24.1503393882428,33.955949366971,36.3066797602871,37.7752919424981,2.8570459011351,38.8081040734994,40.137396621424,42.6732507650171,0.0767641496038799,83,"2_PB420_1.875",NA,"n>75",NA,NA,NA,"2",759.904978691765,-39.4363461137507
"20250529-CbDRC3-p040-m2x_E07_roi_0.png",20250529,"CbDRC3","p040","m2x","E07",0,678.699030567591,36.7397926842293,"","48h",10,"15hHB101","DMSO",1,"Albendazole",3.75,NA,NA,"PB420",2,NA,NA,NA,661.185584709848,420.944612926384,615.510939768426,650.556147922956,673.353075627757,47.5426696922766,687.685938342343,697.279519073414,732.949455266744,0.0719051818305144,36.6669279244989,24.7091679239684,33.5920164867255,35.7582114690912,37.0808732406347,2.81926245416438,38.1959747305103,39.5812810674815,41.9413364126794,0.0768884281761903,96,"2_PB420_3.75",NA,"n>75",NA,NA,NA,"2",759.904978691765,-86.5519030640077
"20250529-CbDRC3-p040-m2x_E08_roi_0.png",20250529,"CbDRC3","p040","m2x","E08",0,686.369381081879,37.5189939677714,"","48h",10,"15hHB101","DMSO",1,"Albendazole",7.5,NA,NA,"PB420",2,NA,NA,NA,644.077324122613,227.39194859825,616.383374173098,636.098634688765,657.108701412091,60.1815254497741,670.857352028126,682.015985125267,698.9964599495,0.0934383546754355,37.1576332279854,15.2742672465198,35.2080884262178,36.1094369842923,37.2967341394143,3.47304155867959,38.4905151554596,39.9819373180609,45.0611325610706,0.0934677819055455,97,"2_PB420_7.5",NA,"n>75",NA,NA,NA,"2",759.904978691765,-102.796277279674
"20250529-CbDRC3-p040-m2x_E09_roi_0.png",20250529,"CbDRC3","p040","m2x","E09",0,674.258404843957,37.5563465623113,"","48h",10,"15hHB101","DMSO",1,"Albendazole",15,NA,NA,"PB420",2,NA,NA,NA,619.954595933647,162.777947413361,574.828902975828,614.075644809257,635.979317851061,70.258615134601,649.987319735219,664.373937948723,679.820975551502,0.113328646316094,37.0977571316499,15.5281931049026,34.3781157083554,36.1279100623622,37.9881406235584,3.80912082738708,38.9809789421694,39.9442782049799,41.2449517138435,0.102677927775244,80,"2_PB420_15",NA,"n>75",NA,NA,NA,"2",759.904978691765,-123.925660840703
"20250529-CbDRC3-p040-m2x_E10_roi_0.png",20250529,"CbDRC3","p040","m2x","E10",0,665.962691632402,36.0442549269315,"","48h",10,"15hHB101","DMSO",1,"Albendazole",30,NA,NA,"PB420",2,NA,NA,NA,630.880191196956,530.90216749483,597.620222901865,618.515456192873,632.715470580264,26.1711310633102,647.120803251859,661.899320638097,677.820852667421,0.0414835200541901,38.0830259024388,30.3751681290999,36.1554451625538,37.1213873328445,38.0342669014272,1.95999689084419,39.2676253078616,40.5112309038001,42.5147737148759,0.0514664169770887,93,"2_PB420_30",NA,"n>75",NA,NA,NA,"2",759.904978691765,-127.1895081115
"20250529-CbDRC3-p040-m2x_E11_roi_0.png",20250529,"CbDRC3","p040","m2x","E11",0,629.561978182336,38.012979524542,"","48h",10,"15hHB101","DMSO",1,"Albendazole",60,NA,NA,"PB420",2,NA,NA,NA,603.644557532714,359.789757537841,546.777245259093,590.591581396347,615.954761841318,45.1019044223971,629.615746623653,638.961555485733,670.521388820095,0.0747159961265001,36.9815652733725,23.1877360198945,34.1160901709564,36.1309758944964,37.5391052255773,2.89578152942003,38.5051728757094,39.7187437446067,42.9262526250312,0.0783033792110756,79,"2_PB420_60",NA,"n>75",NA,NA,NA,"2",759.904978691765,-143.950216850447
"20250529-CbDRC3-p040-m2x_E12_roi_0.png",20250529,"CbDRC3","p040","m2x","E12",0,640.449242549209,38.3338735676728,"","48h",10,"15hHB101","DMSO",1,"Albendazole",120,NA,NA,"PB420",2,NA,NA,NA,611.473353972156,356.021867038618,587.624576375478,606.465261473302,617.826233558979,53.4020417180358,636.420494676984,647.106811908262,677.122484796116,0.0873333913426219,37.7851584713473,24.9194020804421,35.7615764039593,37.1121919829656,37.8484658461073,2.29934414632061,38.8282191680131,39.7978450095154,42.8989151626961,0.0608531031585912,84,"2_PB420_120",NA,"n>75",NA,NA,NA,"2",759.904978691765,-142.078745132786
"20250529-CbDRC3-p040-m2x_F01_roi_0.png",20250529,"CbDRC3","p040","m2x","F01",0,798.103402909095,36.8258096231135,"","48h",10,"15hHB101","DMSO",1,"Albendazole",0,NA,NA,"ED3102",2,NA,NA,NA,749.829076776335,176.423595678573,726.052415292,743.531814401771,754.856177101153,69.6949629380812,773.53363173499,788.143514532321,806.392260694967,0.0929477998342153,35.870702331805,14.7110712895949,33.3497211197812,34.8623303955151,36.4849952427326,3.06190512329256,37.5027485864204,38.4127156358448,39.9566102367906,0.0853594974241054,83,"2_ED3102_0",NA,"n>75",NA,NA,NA,"2",761.147715732595,-6.29153863144211
"20250529-CbDRC3-p040-m2x_F02_roi_0.png",20250529,"CbDRC3","p040","m2x","F02",0,799.389252945236,34.5675580383536,"","48h",10,"15hHB101","DMSO",1,"Albendazole",0.117,NA,NA,"ED3102",2,NA,NA,NA,756.402489143773,704.510749680263,717.885149377079,737.978382412587,763.407077135709,24.3294699413213,773.90833088023,783.767495394378,808.500801306171,0.0321647142764715,36.212979672861,30.1182231068144,33.5869701392958,35.1165466430584,36.4568322310706,1.98604572157999,37.6191572161584,38.5480816072134,40.4217734625013,0.0548434771046577,76,"2_ED3102_0.117",NA,"n>75",NA,NA,NA,"2",761.147715732595,2.2593614031141
"20250529-CbDRC3-p040-m2x_F03_roi_0.png",20250529,"CbDRC3","p040","m2x","F03",0,687.726644440652,32.7751288829218,"","48h",10,"15hHB101","DMSO",1,"Albendazole",0.234,NA,NA,"ED3102",2,NA,NA,NA,749.973820287508,637.704025716081,714.848418724491,740.379456174163,754.444238303004,30.159643775904,766.983492065735,777.306757620112,804.454438892407,0.0402142620982984,35.7289053820725,28.0029307840476,32.7673185754943,34.6824197077534,35.9175246991972,2.17089236393565,36.9492405951468,38.1302437775973,40.5619831751516,0.0607601139951219,89,"2_ED3102_0.234",NA,"n>75",NA,NA,NA,"2",761.147715732595,-6.70347742959041
"20250529-CbDRC3-p040-m2x_F04_roi_0.png",20250529,"CbDRC3","p040","m2x","F04",0,755.88523448449,33.5104777501798,"","48h",10,"15hHB101","DMSO",1,"Albendazole",0.468,NA,NA,"ED3102",2,NA,NA,NA,752.71071842369,644.731262937388,730.013706351135,737.563360799001,754.252318231736,26.3566364701999,769.966494788806,785.064867858682,807.582282992354,0.0350156252928022,35.9949685991323,31.9659953337555,33.5522107750431,34.8226202715609,36.0273912842387,1.82862603532672,37.1791108423566,38.2552096243117,39.5891102813903,0.0508022678305878,66,"2_ED3102_0.468",NA,NA,NA,NA,NA,"2",761.147715732595,-6.89539750085862
"20250529-CbDRC3-p040-m2x_F05_roi_0.png",20250529,"CbDRC3","p040","m2x","F05",0,723.247182787499,34.8292972718583,"","48h",10,"15hHB101","DMSO",1,"Albendazole",0.9375,NA,NA,"ED3102",2,NA,NA,NA,723.521912394873,238.039890433715,682.100200738055,720.185586126019,734.938646297594,65.1104951286485,750.169153098155,761.072345835413,792.648576050071,0.0899910479741122,36.0554968734107,15.9200543480243,33.5647907943209,35.0519661910854,36.5562307905421,3.39360100682458,37.664721850661,38.7198590919595,41.4556976343628,0.094121598677155,73,"2_ED3102_0.9375",NA,NA,NA,NA,NA,"2",761.147715732595,-26.2090694350007
"20250529-CbDRC3-p040-m2x_F06_roi_0.png",20250529,"CbDRC3","p040","m2x","F06",0,723.452764232135,38.0952081658736,"","48h",10,"15hHB101","DMSO",1,"Albendazole",1.875,NA,NA,"ED3102",2,NA,NA,NA,714.985814922862,577.73135388526,688.827176602621,702.670773844214,714.233208570304,29.2024721400854,730.802447974409,748.779799593592,790.444767074627,0.0408434286814991,37.7977761147533,29.2368474751853,35.1998712848144,36.6724460969984,38.2573743681685,2.21440860420046,39.1933548201209,40.1714607275414,41.7525118254289,0.058585684974628,81,"2_ED3102_1.875",NA,"n>75",NA,NA,NA,"2",761.147715732595,-46.914507162291
"20250529-CbDRC3-p040-m2x_F07_roi_0.png",20250529,"CbDRC3","p040","m2x","F07",0,682.136266898359,35.6629556742771,"","48h",10,"15hHB101","DMSO",1,"Albendazole",3.75,NA,NA,"ED3102",2,NA,NA,NA,659.944846110337,588.696393955484,627.630771255108,643.899807566035,667.418474566233,26.6398583312746,678.961865592868,686.757859942904,715.219524219356,0.0403667950258083,36.9264045185383,32.617616709183,34.3544453358243,35.6128519946304,37.1961714023425,1.95754653430963,38.2429068805634,39.4691797764834,41.7687570159538,0.0530121077270569,87,"2_ED3102_3.75",NA,"n>75",NA,NA,NA,"2",761.147715732595,-93.7292411663614
"20250529-CbDRC3-p040-m2x_F09_roi_0.png",20250529,"CbDRC3","p040","m2x","F09",0,678.643509660056,36.5212928952362,"","48h",10,"15hHB101","DMSO",1,"Albendazole",15,NA,NA,"ED3102",2,NA,NA,NA,632.177942186932,154.833082802634,597.599821842997,614.874516830312,641.539163636682,60.8189722871788,660.430371296999,672.289872051187,712.480782158592,0.0962054640451137,36.6732765915774,13.5723087614971,33.9694442060771,35.4231585002822,36.8515440404479,3.36923068445499,38.1839285658273,39.5713020067575,42.9354255659806,0.0918715478297021,83,"2_ED3102_15",NA,"n>75",NA,NA,NA,"2",761.147715732595,-119.608552095913
"20250529-CbDRC3-p040-m2x_F10_roi_0.png",20250529,"CbDRC3","p040","m2x","F10",0,647.748512586576,40.0598888538268,"","48h",10,"15hHB101","DMSO",1,"Albendazole",30,NA,NA,"ED3102",2,NA,NA,NA,636.560073768193,564.331120316819,599.376154028973,616.552918774725,641.022033306959,27.1612252442489,651.917718187329,672.047603759254,684.703945183687,0.0426687540791944,37.9389503242223,32.9940629317357,35.374887216475,36.8770051182288,38.1338243110931,1.9606978334808,39.3247031368821,40.2744823307494,42.6970838488241,0.0516803395118969,79,"2_ED3102_30",NA,"n>75",NA,NA,NA,"2",761.147715732595,-120.125682425635
"20250529-CbDRC3-p040-m2x_F12_roi_0.png",20250529,"CbDRC3","p040","m2x","F12",0,627.130319437327,34.0305173089935,"","48h",10,"15hHB101","DMSO",1,"Albendazole",120,NA,NA,"ED3102",2,NA,NA,NA,614.360201837453,495.857413527249,569.651508434036,591.707227815545,616.253140302859,37.7420247725601,641.336048101449,659.513142463868,685.304921819114,0.0614330561447173,36.5126803132375,28.6006310834709,34.0630613461969,35.2911741613844,36.9284721768674,2.43264007776407,37.9239546739385,39.0779648598443,41.5987930103515,0.0666245276132775,88,"2_ED3102_120",NA,"n>75",NA,NA,NA,"2",761.147715732595,-144.894575429736
"20250529-CbDRC3-p041-m2x_A01_roi_0.png",20250529,"CbDRC3","p041","m2x","A01",0,785.738031828629,35.9394873108597,"","48h",10,"15hHB101","DMSO",1,"Albendazole",0,NA,NA,"ECA2666",2,NA,NA,NA,736.979219268098,588.417083687101,651.56114515041,716.52573951812,746.512284683429,49.3415960338166,773.665539171708,785.812238332517,802.325871618681,0.0669511361294803,33.519023960354,25.7805271434463,29.8661385644266,31.4785784564279,33.960060858284,3.12825544596227,35.5304446153404,37.7744642299026,39.6543976125987,0.0933277606669677,70,"2_ECA2666_0",NA,NA,NA,NA,NA,"2",743.777729533843,2.73455514958619
"20250529-CbDRC3-p041-m2x_A02_roi_0.png",20250529,"CbDRC3","p041","m2x","A02",0,781.783540960202,36.7384620229809,"","48h",10,"15hHB101","DMSO",1,"Albendazole",0.117,NA,NA,"ECA2666",2,NA,NA,NA,738.088108451263,300.203970097111,715.987412962802,727.44990606719,744.93603822665,78.4247962814666,774.48797135823,793.060908262938,821.032693912325,0.106253976162854,33.680433981452,21.351146194743,29.5395899252525,32.0431416061286,34.3342701654101,3.09723775670475,35.7896084801282,36.7128708839384,38.7781265012285,0.0919595560559111,52,"2_ECA2666_0.117",NA,NA,NA,NA,NA,"2",743.777729533843,1.15830869280649
"20250529-CbDRC3-p041-m2x_A03_roi_0.png",20250529,"CbDRC3","p041","m2x","A03",0,731.695577080252,35.2089315869037,"","48h",10,"15hHB101","DMSO",1,"Albendazole",0.234,NA,NA,"ECA2666",2,NA,NA,NA,738.069398707972,360.935995443785,678.65335469989,722.841275877431,750.550026696334,76.6663672604727,779.604789059574,793.886596572046,839.132333158369,0.10387419854377,34.6330868182137,26.8195379722003,30.8400783768354,32.7720109803822,34.3496512559435,3.10572213333258,36.4244114535646,38.2235863217188,45.6444447053105,0.0896750021051911,84,"2_ECA2666_0.234",NA,"n>75",NA,NA,NA,"2",743.777729533843,6.77229716249121
"20250529-CbDRC3-p041-m2x_A04_roi_0.png",20250529,"CbDRC3","p041","m2x","A04",0,821.903052801765,35.8160920301623,"","48h",10,"15hHB101","DMSO",1,"Albendazole",0.468,NA,NA,"ECA2666",2,NA,NA,NA,740.321093986375,471.495343047611,669.141232902979,721.79012149942,750.36725570293,64.6529201236788,777.189033996033,798.85733657302,876.653946026718,0.0873309171504827,33.5858448194486,22.9769419068415,30.4108110951328,31.7018692975949,33.6867645377019,2.68788838612566,35.5060252962561,37.2723872962862,39.0140076802625,0.0800303937737836,79,"2_ECA2666_0.468",NA,"n>75",NA,NA,NA,"2",743.777729533843,6.58952616908721
"20250529-CbDRC3-p041-m2x_A05_roi_0.png",20250529,"CbDRC3","p041","m2x","A05",0,770.435100877052,34.4996097596351,"","48h",10,"15hHB101","DMSO",1,"Albendazole",0.9375,NA,NA,"ECA2666",2,NA,NA,NA,713.880031090545,514.417697838603,634.702331951308,690.135214815092,725.899440969004,59.6540192622818,749.275564640465,770.507301776342,829.019332885711,0.0835630871634726,34.3789011251893,24.7448309294399,29.0037622136217,31.9692185524702,34.9048401509734,3.77487142797631,37.1966935195822,38.9498543275653,41.6309763234442,0.109801980413227,87,"2_ECA2666_0.9375",NA,"n>75",NA,NA,NA,"2",743.777729533843,-17.8782885648388
"20250529-CbDRC3-p041-m2x_A06_roi_0.png",20250529,"CbDRC3","p041","m2x","A06",0,742.047395975229,37.3241705156008,"","48h",10,"15hHB101","DMSO",1,"Albendazole",1.875,NA,NA,"ECA2666",2,NA,NA,NA,713.897260162283,533.295083270489,673.553813518675,699.467474873842,717.197468767592,49.655767736025,739.577911885224,768.582606166013,803.119058600839,0.0695559018180533,35.2289997701519,23.5016606459415,32.0039833141265,33.6981641359242,35.9003288968084,3.22551099547845,37.3219909630672,38.5435148461663,40.1896668474293,0.0915584040569694,70,"2_ECA2666_1.875",NA,NA,NA,NA,NA,"2",743.777729533843,-26.5802607662511
"20250529-CbDRC3-p041-m2x_A07_roi_0.png",20250529,"CbDRC3","p041","m2x","A07",0,693.772118105902,36.3853519964422,"","48h",10,"15hHB101","DMSO",1,"Albendazole",3.75,NA,NA,"ECA2666",2,NA,NA,NA,690.604323013733,634.212787237761,660.144842592375,669.807205586573,689.85825332666,27.8824110378136,711.290780215986,731.039078354898,757.400640416036,0.0403739306411192,36.582547293841,32.2437544005414,34.5647064071044,35.5314284723936,36.8212348379987,1.48569123977971,37.4479826878645,38.2761962491195,39.7542853103731,0.0406120226633272,62,"2_ECA2666_3.75",NA,NA,NA,NA,NA,"2",743.777729533843,-53.9194762071832
"20250529-CbDRC3-p041-m2x_A08_roi_0.png",20250529,"CbDRC3","p041","m2x","A08",0,662.98434198072,35.4426405126126,"","48h",10,"15hHB101","DMSO",1,"Albendazole",7.5,NA,NA,"ECA2666",2,NA,NA,NA,668.491697818497,216.046764626952,635.06608727071,656.387872467103,676.581771738403,78.2609394641592,702.197444558582,716.119232749031,770.533204912881,0.117070922076594,35.5923937399699,13.046404012945,32.5529932852067,34.0928315762225,36.2543340147948,4.38895807786087,37.8491802208378,39.2618468940602,41.3988580042701,0.123311685915975,66,"2_ECA2666_7.5",NA,NA,NA,NA,NA,"2",743.777729533843,-67.1959577954401
"20250529-CbDRC3-p041-m2x_A09_roi_0.png",20250529,"CbDRC3","p041","m2x","A09",0,671.731907526585,37.9361241515027,"","48h",10,"15hHB101","DMSO",1,"Albendazole",15,NA,NA,"ECA2666",2,NA,NA,NA,665.514280655488,595.313326667439,628.417445198966,643.970945351108,662.390461887835,33.2452872250611,691.058162526155,710.042312373091,722.74623890039,0.0499542807591096,36.7564282174465,31.4828989472735,34.6359769749941,35.9897326817,37.0150374010223,1.6323900044982,37.8406602775616,38.4408824249678,40.178184965386,0.0444110073710423,65,"2_ECA2666_15",NA,NA,NA,NA,NA,"2",743.777729533843,-81.3872676460081
"20250529-CbDRC3-p041-m2x_A10_roi_0.png",20250529,"CbDRC3","p041","m2x","A10",0,667.253085032091,36.6704008617253,"","48h",10,"15hHB101","DMSO",1,"Albendazole",30,NA,NA,"ECA2666",2,NA,NA,NA,655.732328513343,484.819468060087,611.204765507737,640.469109275789,663.307713496172,36.0634843121097,680.128249296676,691.587931825175,720.451602966219,0.0549972644994822,37.0169982919804,26.9834059170717,33.9765574808474,35.6818365972569,37.1502769783722,2.56301394048665,38.7795667797387,39.7551630209606,41.8978405843145,0.0692388377974428,78,"2_ECA2666_30",NA,"n>75",NA,NA,NA,"2",743.777729533843,-80.4700160376708
"20250529-CbDRC3-p041-m2x_A11_roi_0.png",20250529,"CbDRC3","p041","m2x","A11",0,662.340539180309,37.0681151031055,"","48h",10,"15hHB101","DMSO",1,"Albendazole",60,NA,NA,"ECA2666",2,NA,NA,NA,640.678382595698,519.007594804199,599.774168189417,619.526396818394,641.014263049296,34.7140214288332,667.136388923481,680.855526225111,714.513383564513,0.0541832257367416,36.1963311499279,29.8303596176159,33.5540045165916,34.6826181343968,36.5589198593246,2.14550750719699,37.6299227353867,38.5525446707425,40.3904220375789,0.0592741705867961,80,"2_ECA2666_60",NA,"n>75",NA,NA,NA,"2",743.777729533843,-102.763466484548
"20250529-CbDRC3-p041-m2x_A12_roi_0.png",20250529,"CbDRC3","p041","m2x","A12",0,630.155594889378,37.1516228021267,"","48h",10,"15hHB101","DMSO",1,"Albendazole",120,NA,NA,"ECA2666",2,NA,NA,NA,641.324106513447,208.891362282251,598.165551966849,623.944548896927,649.85441409697,62.3928851747506,674.769520823996,683.792807843917,708.009645982341,0.0972876031651905,36.6884786617207,14.5500517496105,34.6040713701519,35.6385398156725,37.0406495522126,3.2396822767287,38.0369690226145,39.2967501442596,41.5562455056226,0.0883024424806378,70,"2_ECA2666_120",NA,NA,NA,NA,NA,"2",743.777729533843,-93.9233154368735
"20250529-CbDRC3-p041-m2x_B01_roi_0.png",20250529,"CbDRC3","p041","m2x","B01",0,786.211354575677,40.6091587507389,"","48h",10,"15hHB101","DMSO",1,"Albendazole",0,NA,NA,"JU3237",2,NA,NA,NA,751.482453689154,443.637697793516,700.974818755001,734.330895787966,763.458966631476,81.7111033990322,802.263019833784,825.854453487039,845.190820239518,0.108733215257254,37.2871673312484,27.7846700753903,32.6225661029318,35.1799224510117,38.1422783828874,3.82590365479053,40.565364196337,41.5228323108312,42.4868407095393,0.102606444217184,40,"2_JU3237_0",NA,NA,NA,NA,NA,"2",770.21703995553,-6.75807332405395
"20250529-CbDRC3-p041-m2x_B02_roi_0.png",20250529,"CbDRC3","p041","m2x","B02",0,810.448581864071,38.5460983081233,"","48h",10,"15hHB101","DMSO",1,"Albendazole",0.117,NA,NA,"JU3237",2,NA,NA,NA,782.654380454499,640.559878980847,725.721720953054,747.179887599333,792.408955361739,57.2593616086481,810.823974526343,831.540437021351,1040.61750824965,0.0731604690890463,39.1433267750365,31.5822263457043,35.0273214429184,37.2030543638966,39.2330030647786,3.12906904952965,40.8534314383222,42.7042238856117,50.5525734360832,0.0799387611460045,60,"2_JU3237_0.117",NA,NA,NA,NA,NA,"2",770.21703995553,22.1919154062083
"20250529-CbDRC3-p041-m2x_B03_roi_0.png",20250529,"CbDRC3","p041","m2x","B03",0,759.954063326967,37.5046229380455,"","48h",10,"15hHB101","DMSO",1,"Albendazole",0.234,NA,NA,"JU3237",2,NA,NA,NA,754.053155870072,316.416794691837,689.835098925789,726.354135391958,769.460945350177,94.0259019166222,808.849231513625,836.753137900872,869.337454560915,0.124693996947907,36.9463612783435,18.3304323032988,31.1873801416397,34.5647896506516,37.8199819465021,4.91648811925043,40.3813276284737,41.4603556397485,44.887146736978,0.133070969620282,54,"2_JU3237_0.234",NA,NA,NA,NA,NA,"2",770.21703995553,-0.756094605353383
"20250529-CbDRC3-p041-m2x_B04_roi_0.png",20250529,"CbDRC3","p041","m2x","B04",0,792.967884610317,41.3854696273395,"","48h",10,"15hHB101","DMSO",1,"Albendazole",0.468,NA,NA,"JU3237",2,NA,NA,NA,759.78588956415,604.124165644448,703.225468500139,732.711584135969,761.630364622889,55.5600870732842,793.767019512008,830.047690121377,871.173242455875,0.0731259790901831,37.3836093995763,28.9851732720843,33.6960664584968,35.7462334656353,37.906334499006,3.18168542581417,39.376289628461,40.2453684179685,44.1142065497977,0.0851091020079571,47,"2_JU3237_0.468",NA,NA,NA,NA,NA,"2",770.21703995553,-8.58667533264168
"20250529-CbDRC3-p041-m2x_B05_roi_0.png",20250529,"CbDRC3","p041","m2x","B05",0,798.217400960346,39.0810572638863,"","48h",10,"15hHB101","DMSO",1,"Albendazole",0.9375,NA,NA,"JU3237",2,NA,NA,NA,745.454078873853,192.776419401532,700.826098992394,713.7212534316,759.504779509733,87.5737206326557,790.336093347881,810.962290216632,863.14900725825,0.117477015841072,37.7594537890652,31.4066905423776,34.2698534047408,35.8873144574087,38.0569285186109,2.7011830832914,39.5216910660074,41.1010029591176,42.5207142770448,0.0715366037438189,57,"2_JU3237_0.9375",NA,NA,NA,NA,NA,"2",770.21703995553,-10.7122604457973
"20250529-CbDRC3-p041-m2x_B06_roi_0.png",20250529,"CbDRC3","p041","m2x","B06",0,743.26016437559,38.4868638291494,"","48h",10,"15hHB101","DMSO",1,"Albendazole",1.875,NA,NA,"JU3237",2,NA,NA,NA,747.092113844887,612.189749054918,710.793451737455,730.48318088687,751.753782212029,38.9856181622458,772.537791428606,786.467620281841,823.46131146135,0.0521831477535045,38.8852668075635,32.7138530095325,35.9338613570968,37.3545259403593,39.0009301285477,2.31086250951568,40.5872496214492,41.6125058310147,43.6651299132974,0.0594277138678702,50,"2_JU3237_1.875",NA,NA,NA,NA,NA,"2",770.21703995553,-18.4632577435015
"20250529-CbDRC3-p041-m2x_B07_roi_0.png",20250529,"CbDRC3","p041","m2x","B07",0,670.388473774772,36.728215364195,"","48h",10,"15hHB101","DMSO",1,"Albendazole",3.75,NA,NA,"JU3237",2,NA,NA,NA,685.339894711977,418.729873520993,657.482681623155,670.563488840986,690.420667072794,43.1989816483712,706.744197693662,722.945665197904,737.301492190389,0.0630329300565906,38.385295060736,21.4353726204959,35.359666730131,37.378204871691,38.8534305531232,2.97494212789715,40.0862673307097,41.1846670314473,42.1866817020878,0.077502130000303,62,"2_JU3237_3.75",NA,NA,NA,NA,NA,"2",770.21703995553,-79.7963728827364
"20250529-CbDRC3-p041-m2x_B08_roi_0.png",20250529,"CbDRC3","p041","m2x","B08",0,712.831333578305,38.4206114603572,"","48h",10,"15hHB101","DMSO",1,"Albendazole",7.5,NA,NA,"JU3237",2,NA,NA,NA,670.1668896011,502.136782758146,638.132368844525,652.939817012892,672.85103477268,36.7620503006385,693.88544325182,705.935720941254,734.781036765167,0.0548550680003307,38.1375248292577,28.4660065347251,35.5005872898167,37.185514869912,38.3599441504191,2.37725949493494,39.1532700993893,40.5033081630261,45.3330278815269,0.0623338694783671,54,"2_JU3237_7.5",NA,NA,NA,NA,NA,"2",770.21703995553,-97.3660051828502
"20250529-CbDRC3-p041-m2x_B09_roi_0.png",20250529,"CbDRC3","p041","m2x","B09",0,646.954050630726,39.2076639262252,"","48h",10,"15hHB101","DMSO",1,"Albendazole",15,NA,NA,"JU3237",2,NA,NA,NA,640.090327331143,155.775010284929,594.195586399392,632.890093758014,660.81336589148,90.5721017760559,677.496685829356,693.981989603431,732.539488363383,0.141498938366553,37.7236858413855,11.0363178604768,34.9025714644127,36.8750290613258,38.8627969265495,5.14900740667654,39.9207359806883,41.3895863834111,43.7740550643876,0.136492691311402,59,"2_JU3237_15",NA,NA,NA,NA,NA,"2",770.21703995553,-109.403674064051
"20250529-CbDRC3-p041-m2x_B10_roi_0.png",20250529,"CbDRC3","p041","m2x","B10",0,752.239439443002,40.8404997484829,"","48h",10,"15hHB101","DMSO",1,"Albendazole",30,NA,NA,"JU3237",2,NA,NA,NA,643.427501256341,328.67521181444,597.727323790893,629.827115382181,658.150278758928,61.4788026560335,672.099963678,685.407576731833,752.239439443002,0.0955489197088895,38.3099667824755,26.9514719933354,35.4695009696321,37.4738521988054,38.8028729356175,2.87336743670036,40.0016215113894,41.2191528526998,42.8233614111053,0.0750031304651185,53,"2_JU3237_30",NA,NA,NA,NA,NA,"2",770.21703995553,-112.066761196602
"20250529-CbDRC3-p041-m2x_B11_roi_0.png",20250529,"CbDRC3","p041","m2x","B11",0,573.082284744854,30.4850292987334,"","48h",10,"15hHB101","DMSO",1,"Albendazole",60,NA,NA,"JU3237",2,NA,NA,NA,619.649355517876,479.356329323595,579.425001923704,601.185096349886,626.827198842822,40.5528063485817,643.711478133817,662.453114899981,693.357980993206,0.0654447648294405,37.6262532613574,28.8462877563638,34.1027507159345,36.1609906400696,37.8437131377486,3.08641257460513,39.6554014044984,40.7878427779631,44.0519581009318,0.0820281666943148,59,"2_JU3237_60",NA,NA,NA,NA,NA,"2",770.21703995553,-143.389841112708
"20250529-CbDRC3-p041-m2x_B12_roi_0.png",20250529,"CbDRC3","p041","m2x","B12",0,614.443724913254,36.4660718504206,"","48h",10,"15hHB101","DMSO",1,"Albendazole",120,NA,NA,"JU3237",2,NA,NA,NA,613.768610082766,355.935577319073,567.343138302849,601.439456845017,624.947220238643,53.4974042830231,642.284290533888,658.786935552154,705.318621686979,0.0871621705707775,37.0629666119622,28.8955511522262,34.3087036305639,36.0135262745526,37.3053134035524,2.42470830712878,38.6483244832475,39.6141182963498,41.7265012953161,0.0654213229209288,61,"2_JU3237_120",NA,NA,NA,NA,NA,"2",770.21703995553,-145.269819716888
"20250529-CbDRC3-p041-m2x_C01_roi_0.png",20250529,"CbDRC3","p041","m2x","C01",0,809.932618610791,37.0887841348273,"","48h",10,"15hHB101","DMSO",1,"Albendazole",0,NA,NA,"VX34",2,NA,NA,NA,801.815558884776,427.81372174322,773.321839927224,794.213985873095,823.576458692645,87.7211237302942,840.691945697447,856.443206529051,919.314931871206,0.109403119904911,37.7408913256205,20.6527601682501,35.3701559021487,37.028823814469,38.4692193034502,4.26204763332354,39.9438837877065,40.8054827142888,46.764569074966,0.11292917267246,75,"2_VX34_0",NA,NA,NA,NA,NA,"2",817.980026430563,5.59643226208186
"20250529-CbDRC3-p041-m2x_C02_roi_0.png",20250529,"CbDRC3","p041","m2x","C02",0,785.488051656717,36.6504200279318,"","48h",10,"15hHB101","DMSO",1,"Albendazole",0.117,NA,NA,"VX34",2,NA,NA,NA,816.359187185995,625.373428388922,747.590632632762,785.884487006549,825.893411889198,58.5291450881933,843.312998365801,859.682696861045,1041.8637874255,0.0716953346111586,37.1494003736267,30.1674870894899,33.0383265560728,36.003900021421,37.6650236229889,2.65657997684959,38.7411411131253,39.7437108004489,44.157972562116,0.0715107094631751,55,"2_VX34_0.117",NA,NA,NA,NA,NA,"2",817.980026430563,7.91338545863482
"20250529-CbDRC3-p041-m2x_C03_roi_0.png",20250529,"CbDRC3","p041","m2x","C03",0,747.028669692398,33.8044446573303,"","48h",10,"15hHB101","DMSO",1,"Albendazole",0.234,NA,NA,"VX34",2,NA,NA,NA,802.774421126378,291.719989892603,757.86684239664,782.397501376664,820.116926185584,87.7937646677534,838.345760676571,851.20300437438,1038.60541536554,0.109362932297431,37.1163879656592,17.7104501869724,33.9190343753104,35.8264005728687,37.5622198830477,3.53719670432912,39.4746416397671,40.2376923559746,41.3976086985279,0.0953001328578039,67,"2_VX34_0.234",NA,NA,NA,NA,NA,"2",817.980026430563,2.13689975502109
"20250529-CbDRC3-p041-m2x_C04_roi_0.png",20250529,"CbDRC3","p041","m2x","C04",0,919.068580211313,37.9527205808217,"","48h",10,"15hHB101","DMSO",1,"Albendazole",0.468,NA,NA,"VX34",2,NA,NA,NA,816.088377788505,664.957839017827,771.442587331998,796.296314572964,821.130424851205,42.0317274480239,843.465099551552,856.518752017431,919.068580211313,0.0515038917254581,37.9515443801182,31.4700075552726,35.3884854728232,36.7816522386511,38.110342624774,1.99223538379276,39.3286578175506,40.1511770744991,43.4297787783261,0.0524941847909736,80,"2_VX34_0.468",NA,"n>75",NA,NA,NA,"2",817.980026430563,3.15039842064232
"20250529-CbDRC3-p041-m2x_C05_roi_0.png",20250529,"CbDRC3","p041","m2x","C05",0,841.267220968786,37.7605670309732,"","48h",10,"15hHB101","DMSO",1,"Albendazole",0.9375,NA,NA,"VX34",2,NA,NA,NA,805.868939646641,626.830453229867,745.202867447368,775.657019794345,815.425762105834,49.2668031159663,839.433834812086,853.367924546538,932.429780701606,0.0611350068133521,37.8140690546812,31.0492502183731,33.4893189133914,37.4030491847096,38.2447678258861,2.59455285972422,39.5073891663796,40.7126071889452,41.797311204714,0.0686134268166791,58,"2_VX34_0.9375",NA,NA,NA,NA,NA,"2",817.980026430563,-2.55426432472836
"20250529-CbDRC3-p041-m2x_C06_roi_0.png",20250529,"CbDRC3","p041","m2x","C06",0,813.374578551305,38.1000571052336,"","48h",10,"15hHB101","DMSO",1,"Albendazole",1.875,NA,NA,"VX34",2,NA,NA,NA,778.13902641864,280.833870893391,742.283358502174,765.696301261885,785.902501268471,66.115073094016,805.07047360975,819.65615694012,903.914868181828,0.084965630625556,38.160171293183,16.6449422775003,36.1673337025826,37.4470292896291,38.523698157414,3.2448685383858,39.9099705544665,41.099046009505,42.0345631437758,0.0850328609233855,83,"2_VX34_1.875",NA,"n>75",NA,NA,NA,"2",817.980026430563,-32.0775251620913
"20250529-CbDRC3-p041-m2x_C07_roi_0.png",20250529,"CbDRC3","p041","m2x","C07",0,716.252048764579,39.2091775346088,"","48h",10,"15hHB101","DMSO",1,"Albendazole",3.75,NA,NA,"VX34",2,NA,NA,NA,716.118510822932,618.693164109223,685.295151845134,704.572386980524,716.252048764579,26.4994872834973,734.544217399831,744.477889703981,763.702006751987,0.037004332220159,38.0542681631941,33.2897381938737,35.5833819022072,36.6205159410802,38.1492708633925,1.88416759715697,39.4012488874316,40.2906591553414,42.984480088762,0.0495126483336059,79,"2_VX34_3.75",NA,"n>75",NA,NA,NA,"2",817.980026430563,-101.727977665984
"20250529-CbDRC3-p041-m2x_C08_roi_0.png",20250529,"CbDRC3","p041","m2x","C08",0,700.643380323006,34.9265821715302,"","48h",10,"15hHB101","DMSO",1,"Albendazole",7.5,NA,NA,"VX34",2,NA,NA,NA,703.005359854441,266.327393006974,679.569965505338,697.738729460315,709.76860655692,57.7858231662156,721.303510062964,733.504426932095,754.166026018001,0.0821982682723504,37.7931331934296,17.3270854362462,35.7078622725488,36.8017266086336,38.0191878820074,3.16914119241622,38.9476475495843,40.413143580802,43.8820214430191,0.0838549473047442,67,"2_VX34_7.5",NA,NA,NA,NA,NA,"2",817.980026430563,-108.211419873643
"20250529-CbDRC3-p041-m2x_C09_roi_0.png",20250529,"CbDRC3","p041","m2x","C09",0,689.221634073649,35.979545366281,"","48h",10,"15hHB101","DMSO",1,"Albendazole",15,NA,NA,"VX34",2,NA,NA,NA,674.542440849131,423.89446293778,641.005662771388,663.692602834917,683.074439447348,44.4205756489495,694.838519668814,705.663259375031,773.723994199901,0.0658528996233829,38.3563941442286,27.5468098811068,35.912127150163,37.2328444082264,38.4488570166232,2.51491738441285,39.288067855816,41.7075474981657,43.8187204369229,0.0655670961914773,66,"2_VX34_15",NA,NA,NA,NA,NA,"2",817.980026430563,-134.905586983214
"20250529-CbDRC3-p041-m2x_C10_roi_0.png",20250529,"CbDRC3","p041","m2x","C10",0,675.778714965789,37.1843324632821,"","48h",10,"15hHB101","DMSO",1,"Albendazole",30,NA,NA,"VX34",2,NA,NA,NA,659.322323915203,331.277708168998,613.995198003751,655.32224114797,673.72543459876,64.7085429655756,687.257407566685,701.619287584915,766.80828963656,0.098144019424857,37.6266341306441,19.9810361680412,35.5094898041912,37.248873046406,38.3990984412624,3.75116360906477,39.5558494795757,40.6139418269778,41.7718766208383,0.0996943706428881,67,"2_VX34_30",NA,NA,NA,NA,NA,"2",817.980026430563,-144.254591831802
"20250529-CbDRC3-p041-m2x_C11_roi_0.png",20250529,"CbDRC3","p041","m2x","C11",0,704.693878457479,38.1748982049105,"","48h",10,"15hHB101","DMSO",1,"Albendazole",60,NA,NA,"VX34",2,NA,NA,NA,653.653120373147,356.345798640091,624.07536634765,643.851047142218,662.720283653781,50.5505039179443,677.689865502518,691.766844429972,710.447351021873,0.0773353669436885,38.090475463727,27.3574291871165,36.0287825805991,37.1233450326972,38.4038865133971,2.40894128845289,39.5086063531243,40.7206731381726,41.7973079188204,0.0632426153552975,68,"2_VX34_60",NA,NA,NA,NA,NA,"2",817.980026430563,-155.259742776782
"20250529-CbDRC3-p041-m2x_C12_roi_0.png",20250529,"CbDRC3","p041","m2x","C12",0,713.843434507641,39.3206477004575,"","48h",10,"15hHB101","DMSO",1,"Albendazole",120,NA,NA,"VX34",2,NA,NA,NA,651.277663389503,296.004104971061,624.204563075646,639.466409819817,654.566591929143,54.940144200757,676.799652435557,684.196958489011,713.843434507641,0.0843574826669582,37.4468739806372,18.2664468357606,35.5707844787386,36.6517473207708,37.6759143071572,3.16853150473752,39.1099187725881,39.9889505809209,40.8488185805619,0.0846140456577468,53,"2_VX34_120",NA,NA,NA,NA,NA,"2",817.980026430563,-163.413434501419
"20250529-CbDRC3-p041-m2x_D02_roi_0.png",20250529,"CbDRC3","p041","m2x","D02",0,747.7360709558,32.5473576321208,"","48h",10,"15hHB101","DMSO",1,"Albendazole",0.117,NA,NA,"NIC1667",2,NA,NA,NA,729.068552841469,571.503732746996,634.531547289635,701.826433368121,750.374727951547,59.3335587229865,766.480152553243,780.158570545072,839.312304683236,0.0813826882146269,34.1695951600653,25.3219449865907,29.3215159906302,32.9081720019927,34.7401288078348,3.21726557948868,36.6820122465431,37.4881154046674,38.8829103687957,0.0941558003370422,57,"2_NIC1667_0.117",NA,NA,NA,NA,NA,"2",729.921952611189,20.4527753403577
"20250529-CbDRC3-p041-m2x_D04_roi_0.png",20250529,"CbDRC3","p041","m2x","D04",0,775.997634106603,34.6590549873434,"","48h",10,"15hHB101","DMSO",1,"Albendazole",0.468,NA,NA,"NIC1667",2,NA,NA,NA,721.515009235961,241.925701514462,665.102052739553,701.964505238369,736.470936044683,68.8520953010261,756.33599632482,775.109743864708,799.186699009004,0.0954271143630625,33.8801991642254,24.7294028995576,31.062795532836,32.4540740909286,34.0303247942893,2.40099819787844,35.3510794571615,36.6989353580375,39.3918149888282,0.0708672988089661,80,"2_NIC1667_0.468",NA,"n>75",NA,NA,NA,"2",729.921952611189,6.54898343349407
"20250529-CbDRC3-p041-m2x_D05_roi_0.png",20250529,"CbDRC3","p041","m2x","D05",0,773.127006424417,33.4639138084653,"","48h",10,"15hHB101","DMSO",1,"Albendazole",0.9375,NA,NA,"NIC1667",2,NA,NA,NA,706.001603729785,570.404234376679,635.91998481949,679.239718746555,723.399727088402,55.7971670491948,745.599113167866,764.808777718741,821.620766733533,0.0790326349889576,33.7701763065859,26.6104117070398,29.6271957723368,31.0168844656092,33.6327400469371,3.30628992761508,36.8100827902827,38.110481941138,40.4788369169622,0.0979056164113151,70,"2_NIC1667_0.9375",NA,NA,NA,NA,NA,"2",729.921952611189,-6.52222552278647
"20250529-CbDRC3-p041-m2x_D06_roi_0.png",20250529,"CbDRC3","p041","m2x","D06",0,705.310105432756,34.5909983364309,"","48h",10,"15hHB101","DMSO",1,"Albendazole",1.875,NA,NA,"NIC1667",2,NA,NA,NA,698.277945088346,521.989959094213,647.610359920441,678.810811988303,708.096711089002,44.8878830305331,725.961540185431,741.742979732218,783.592015855889,0.0642836901068871,34.8689158321195,26.2303742155757,31.5066660833314,33.5623224414246,35.0737463470355,2.99213631495863,37.101772519109,38.3034991730832,40.5943537534185,0.0858109936473109,68,"2_NIC1667_1.875",NA,NA,NA,NA,NA,"2",729.921952611189,-21.8252415221868
"20250529-CbDRC3-p041-m2x_D07_roi_0.png",20250529,"CbDRC3","p041","m2x","D07",0,686.98697803667,37.5173963862549,"","48h",10,"15hHB101","DMSO",1,"Albendazole",3.75,NA,NA,"NIC1667",2,NA,NA,NA,664.89397265667,557.356883957139,623.399605963197,650.804457459801,668.503397032981,35.7974497699455,688.980958103576,707.025563679584,719.978789273467,0.0538393356566494,35.9599047283685,28.6452643942805,33.0698662533387,34.9572441678841,36.1574320337714,2.58898673979626,37.6187466481445,39.1545442848172,40.1507367147782,0.0719964849560301,69,"2_NIC1667_3.75",NA,NA,NA,NA,NA,"2",729.921952611189,-61.4185555782082
"20250529-CbDRC3-p041-m2x_D08_roi_0.png",20250529,"CbDRC3","p041","m2x","D08",0,696.373656065514,41.0266983589837,"","48h",10,"15hHB101","DMSO",1,"Albendazole",7.5,NA,NA,"NIC1667",2,NA,NA,NA,653.363639720855,502.241551957496,604.726157228364,632.135890418894,660.779638511415,39.4071461907972,677.35165561517,699.213829442396,719.49613685938,0.0603142626786418,36.2239873365686,28.7042761537875,31.7673795857522,34.854027977255,36.9128069352947,2.89278401820555,38.3142571420744,39.3483501076673,41.0266983589837,0.0798582439676718,64,"2_NIC1667_7.5",NA,NA,NA,NA,NA,"2",729.921952611189,-69.142314099774
"20250529-CbDRC3-p041-m2x_D09_roi_0.png",20250529,"CbDRC3","p041","m2x","D09",0,641.606433848152,34.6774442664551,"","48h",10,"15hHB101","DMSO",1,"Albendazole",15,NA,NA,"NIC1667",2,NA,NA,NA,616.109282374433,157.945305919112,578.671817714166,600.354934610006,625.101143067307,63.050896440926,641.426251761758,656.23872164281,692.516681500672,0.102337196086274,34.7435589430233,14.9148905499689,30.274529878178,33.5117556759676,35.4149370305143,3.58231041811625,36.9639131036034,37.9643421290419,41.1685152175817,0.103107180930743,76,"2_NIC1667_15",NA,"n>75",NA,NA,NA,"2",729.921952611189,-104.820809543882
"20250529-CbDRC3-p041-m2x_D10_roi_0.png",20250529,"CbDRC3","p041","m2x","D10",0,652.440656472841,38.0917355189149,"","48h",10,"15hHB101","DMSO",1,"Albendazole",30,NA,NA,"NIC1667",2,NA,NA,NA,623.689083683917,493.747146176064,577.223507723612,604.779879246013,628.313925130655,43.8295634486254,651.458696312319,669.74426421603,725.507692896026,0.070274700319812,35.0214439396592,26.9616398128888,30.980240884517,33.3202575297882,35.1458035815934,3.21382563551714,37.5184583420588,38.8957316874555,40.7158722109029,0.091767365190723,88,"2_NIC1667_30",NA,"n>75",NA,NA,NA,"2",729.921952611189,-101.608027480534
"20250529-CbDRC3-p041-m2x_D12_roi_0.png",20250529,"CbDRC3","p041","m2x","D12",0,647.055659610761,36.3768566041654,"","48h",10,"15hHB101","DMSO",1,"Albendazole",120,NA,NA,"NIC1667",2,NA,NA,NA,606.436307846906,469.169234745429,544.763106944394,578.808696920837,611.920627462094,45.4178011556937,641.757933586649,654.287383262457,686.246478427863,0.0748929451749768,34.3068182838958,26.9674118872398,29.7527497441673,31.4528109501161,34.9331094325647,3.18906557193679,36.9704350935903,37.8995919251582,39.3772886052902,0.0929571942681082,74,"2_NIC1667_120",NA,NA,NA,NA,NA,"2",729.921952611189,-118.001325149095
"20250529-CbDRC3-p041-m2x_E01_roi_0.png",20250529,"CbDRC3","p041","m2x","E01",0,756.055084198323,35.8178118765117,"","48h",10,"15hHB101","DMSO",1,"Albendazole",0,NA,NA,"PB420",2,NA,NA,NA,741.140060593254,304.189985747645,679.796091795932,730.919906825276,756.582593924898,77.2538911994624,781.211481567091,794.248260758717,805.814500413177,0.104236561086205,36.728034064994,23.6915852283462,33.1207312422465,35.8184054966949,37.4603056616174,2.89280843940211,38.5800855548687,39.2555277076824,40.9931499257904,0.0787629535052977,82,"2_PB420_0",NA,"n>75",NA,NA,NA,"2",759.904978691765,-3.32238476686666
"20250529-CbDRC3-p041-m2x_E02_roi_0.png",20250529,"CbDRC3","p041","m2x","E02",0,774.86073500052,37.5857701025867,"","48h",10,"15hHB101","DMSO",1,"Albendazole",0.117,NA,NA,"PB420",2,NA,NA,NA,746.915807641741,189.132508813349,706.657846850411,733.553588816851,757.584664869014,73.0004619224837,778.38586649599,797.453643371141,824.94996797539,0.0977358641705149,36.8349943289063,23.9713067284932,34.3626329927355,35.7478706160461,37.3292455248905,2.4976725154368,38.2945578490234,38.9534632431366,42.1061603601015,0.0678070557887056,82,"2_PB420_0.117",NA,"n>75",NA,NA,NA,"2",759.904978691765,-2.32031382275034
"20250529-CbDRC3-p041-m2x_E03_roi_0.png",20250529,"CbDRC3","p041","m2x","E03",0,748.316889161452,37.0335043849086,"","48h",10,"15hHB101","DMSO",1,"Albendazole",0.234,NA,NA,"PB420",2,NA,NA,NA,730.162924714526,271.949397768551,696.716827146802,719.985416677502,739.756936742476,73.9338248237278,765.266273897559,779.856446740528,798.718559494071,0.101256613176619,36.45432532639,18.5843862872991,32.8516351298637,35.5908098165941,36.9563463234269,3.59527560151523,38.7054470185942,39.9324925789437,40.7225314363245,0.0986241157757083,83,"2_PB420_0.234",NA,"n>75",NA,NA,NA,"2",759.904978691765,-20.1480419492887
"20250529-CbDRC3-p041-m2x_E04_roi_0.png",20250529,"CbDRC3","p041","m2x","E04",0,718.963804394324,37.6225262295904,"","48h",10,"15hHB101","DMSO",1,"Albendazole",0.468,NA,NA,"PB420",2,NA,NA,NA,750.398913802328,227.743325926892,715.204576346116,743.698611212205,767.040739658978,81.9483619757357,783.694185270015,797.892232587048,818.549236580572,0.109206397382023,37.4119009715752,14.7380212246731,35.1841922159882,36.4401209722518,37.816398710912,3.96543604128529,39.0330516812896,40.2412089741958,43.057223015932,0.105993973529924,85,"2_PB420_0.468",NA,"n>75",NA,NA,NA,"2",759.904978691765,7.13576096721386
"20250529-CbDRC3-p041-m2x_E05_roi_0.png",20250529,"CbDRC3","p041","m2x","E05",0,783.746517070236,36.8639398465271,"","48h",10,"15hHB101","DMSO",1,"Albendazole",0.9375,NA,NA,"PB420",2,NA,NA,NA,721.430425383957,50.4862335586738,685.513077153415,720.935349270826,747.00296956796,119.125815874819,769.767065879455,783.755407171109,800.408240038177,0.165124468948504,36.7546749879518,14.8389110809173,34.1229258421144,35.9153853679836,37.3762881933645,3.93033804919318,38.5564131621557,39.8154268235396,43.6770210851575,0.106934370946867,79,"2_PB420_0.9375",NA,"n>75",NA,NA,NA,"2",759.904978691765,-12.9020091238043
"20250529-CbDRC3-p041-m2x_E06_roi_0.png",20250529,"CbDRC3","p041","m2x","E06",0,747.660911073582,35.3663478120969,"","48h",10,"15hHB101","DMSO",1,"Albendazole",1.875,NA,NA,"PB420",2,NA,NA,NA,714.054852370933,201.16592965934,687.672830326456,702.044678695104,718.611830864169,59.4550977972353,736.993130770914,756.927869815157,781.679067411168,0.083264048412838,37.4505459646307,15.9228013574251,34.1485530764355,36.6170611684352,37.9625814170291,3.2872412603811,38.9007908027505,40.217807758964,45.0744719599812,0.0877755230453958,98,"2_PB420_1.875",NA,"n>75",NA,NA,NA,"2",759.904978691765,-41.2931478275952
"20250529-CbDRC3-p041-m2x_E07_roi_0.png",20250529,"CbDRC3","p041","m2x","E07",0,661.960045763227,37.3135980071512,"","48h",10,"15hHB101","DMSO",1,"Albendazole",3.75,NA,NA,"PB420",2,NA,NA,NA,666.257210408721,536.463843108982,626.139993392683,654.212742506843,668.261036899034,34.8140902021023,690.828933010594,702.602075359517,731.992893775877,0.0522532284202151,37.4491920042598,27.4479171605469,35.1071397866023,36.6899549380094,37.5551170001965,2.49557488294332,39.0596620929393,39.8931732317763,43.3626918690543,0.0666389513199498,84,"2_PB420_3.75",NA,"n>75",NA,NA,NA,"2",759.904978691765,-91.6439417927301
"20250529-CbDRC3-p041-m2x_E08_roi_0.png",20250529,"CbDRC3","p041","m2x","E08",0,651.565028860863,35.9926202481802,"","48h",10,"15hHB101","DMSO",1,"Albendazole",7.5,NA,NA,"PB420",2,NA,NA,NA,646.535171496315,273.341207651973,608.939290759383,637.493566017862,666.695132171529,61.6470225201664,676.515475773005,684.483184011573,706.344898600632,0.0953498359222949,37.2115448490603,15.6832283146219,34.8678080473732,36.4014193968819,37.6440374656515,3.8972896201806,38.5455630346448,40.5113578804944,52.4770825885896,0.104733346492037,92,"2_PB420_7.5",NA,"n>75",NA,NA,NA,"2",759.904978691765,-93.2098465202351
"20250529-CbDRC3-p041-m2x_E09_roi_0.png",20250529,"CbDRC3","p041","m2x","E09",0,638.339747125449,37.63955382858,"","48h",10,"15hHB101","DMSO",1,"Albendazole",15,NA,NA,"PB420",2,NA,NA,NA,620.196884518731,315.711651383778,581.827871481629,605.506426745854,631.295462439318,50.5742749668832,649.965226698177,661.477719451151,679.447838575988,0.0815455159955028,37.1348757970356,19.8956880741476,33.967723723327,36.5562304968999,37.8727192600312,2.98689145460206,38.7046878599057,39.4034977245789,41.5372661668931,0.0804335921554502,72,"2_PB420_15",NA,NA,NA,NA,NA,"2",759.904978691765,-128.609516252446
"20250529-CbDRC3-p041-m2x_E10_roi_0.png",20250529,"CbDRC3","p041","m2x","E10",0,651.505846182698,37.5023765975104,"","48h",10,"15hHB101","DMSO",1,"Albendazole",30,NA,NA,"PB420",2,NA,NA,NA,628.310847011833,377.806741135866,602.474586077208,618.719415663571,634.410315782203,39.9529869290743,650.491311722254,660.21700605996,675.49954460647,0.0635879312271716,38.3005048755608,30.3358429218995,36.5681498044606,37.3805200360967,38.5195742170379,1.97912409289677,39.486715103194,40.6591104066269,42.2460131218847,0.05167357713239,83,"2_PB420_30",NA,"n>75",NA,NA,NA,"2",759.904978691765,-125.494662909562
"20250529-CbDRC3-p041-m2x_E11_roi_0.png",20250529,"CbDRC3","p041","m2x","E11",0,633.435061099396,36.2069037658513,"","48h",10,"15hHB101","DMSO",1,"Albendazole",60,NA,NA,"PB420",2,NA,NA,NA,608.838138762106,430.153984533808,570.461797966095,601.839100670715,614.343037539874,35.2100149040964,625.581926507499,640.078741665852,660.264532946098,0.0578314869953542,37.3706109307183,25.6034582765706,34.5786617136141,36.3966857146428,37.6303018448478,2.86071306561337,38.9727879854993,40.4611955171448,42.3468513402223,0.0765498073049132,80,"2_PB420_60",NA,"n>75",NA,NA,NA,"2",759.904978691765,-145.56194115189
"20250529-CbDRC3-p041-m2x_E12_roi_0.png",20250529,"CbDRC3","p041","m2x","E12",0,629.08134874703,38.2230180082533,"","48h",10,"15hHB101","DMSO",1,"Albendazole",120,NA,NA,"PB420",2,NA,NA,NA,611.992158121364,227.135507250645,590.6128650413,601.87856105347,617.104447054737,50.1147826305283,632.724523620492,644.239699179489,717.358753874606,0.0818879489965459,37.5470956991113,15.2351054581083,36.0645426327196,36.9702388678433,37.8208902229067,2.88148253747329,38.7516659854303,39.6649010467439,42.0249878149508,0.0767431537332325,86,"2_PB420_120",NA,"n>75",NA,NA,NA,"2",759.904978691765,-142.800531637028
"20250529-CbDRC3-p041-m2x_F01_roi_0.png",20250529,"CbDRC3","p041","m2x","F01",0,811.643540512948,37.2324740478155,"","48h",10,"15hHB101","DMSO",1,"Albendazole",0,NA,NA,"ED3102",2,NA,NA,NA,743.875342663304,151.15180934998,723.937531524312,752.331393274794,764.713857143485,116.800634659269,782.527846016218,799.569845950783,835.220723236904,0.157016408476569,36.2750135224447,16.9277758329515,33.287686474412,36.4380198725146,37.494451439549,4.49239609921204,38.1299155057671,39.0236265086413,41.3033689545879,0.123842713288926,47,"2_ED3102_0",NA,NA,NA,NA,NA,"2",761.147715732595,3.56614141089085
"20250529-CbDRC3-p041-m2x_F02_roi_0.png",20250529,"CbDRC3","p041","m2x","F02",0,790.712195322905,36.5820308937184,"","48h",10,"15hHB101","DMSO",1,"Albendazole",0.117,NA,NA,"ED3102",2,NA,NA,NA,755.15618819516,598.012962382568,719.910356507953,738.951687882444,761.066245365074,31.7226673948286,772.597080845355,786.775870050065,812.958376011494,0.0420080877184447,36.8788806393215,26.7372301572167,33.6676799123725,35.2709510003712,37.179109584629,2.56443275471012,38.3307713627,39.473617160214,42.5518308473823,0.069536621238331,69,"2_ED3102_0.117",NA,NA,NA,NA,NA,"2",761.147715732595,-0.0814703675205237
"20250529-CbDRC3-p041-m2x_F03_roi_0.png",20250529,"CbDRC3","p041","m2x","F03",0,787.381220527721,32.9617083144977,"","48h",10,"15hHB101","DMSO",1,"Albendazole",0.234,NA,NA,"ED3102",2,NA,NA,NA,736.216374793694,229.060453778338,729.54702806786,744.346626290102,762.860753073006,119.518400758501,780.030916128975,792.712096377466,867.905108774779,0.162341405122907,36.0971809601366,13.6395198314752,33.355101193346,35.6090296155902,37.2973104618403,5.50729145094943,38.5014638944902,39.5678281727667,42.6187463918786,0.152568463920529,76,"2_ED3102_0.234",NA,"n>75",NA,NA,NA,"2",761.147715732595,1.71303734041135
"20250529-CbDRC3-p041-m2x_F04_roi_0.png",20250529,"CbDRC3","p041","m2x","F04",0,778.146746490826,37.1987534109611,"","48h",10,"15hHB101","DMSO",1,"Albendazole",0.468,NA,NA,"ED3102",2,NA,NA,NA,764.466517806173,680.440639706346,734.697093572609,750.03975103073,768.680278045396,26.4793632440474,781.829990370505,791.4688337501,823.38717069179,0.0346377017531605,36.9903076761095,31.3136186293108,34.8262827656819,35.7228584700061,37.184178840901,1.88513841508286,38.1221880186021,39.5106322386265,40.7338833669398,0.0509630369011609,63,"2_ED3102_0.468",NA,NA,NA,NA,NA,"2",761.147715732595,7.53256231280091
"20250529-CbDRC3-p041-m2x_F05_roi_0.png",20250529,"CbDRC3","p041","m2x","F05",0,692.404042558816,34.8640172035079,"","48h",10,"15hHB101","DMSO",1,"Albendazole",0.9375,NA,NA,"ED3102",2,NA,NA,NA,745.860725289407,692.404042558816,717.900123917389,730.378926728765,742.785950678033,23.718501311753,760.364217682119,779.86250527112,804.315573852541,0.0318001746271729,37.5675644182839,32.6639448753558,34.989975704865,36.5848859445517,38.0776101111124,1.71741021392113,38.8005761346372,39.5497904179225,40.0037415716845,0.0457152397424326,65,"2_ED3102_0.9375",NA,NA,NA,NA,NA,"2",761.147715732595,-18.3617650545611
"20250529-CbDRC3-p041-m2x_F06_roi_0.png",20250529,"CbDRC3","p041","m2x","F06",0,759.325084479674,40.5132947092427,"","48h",10,"15hHB101","DMSO",1,"Albendazole",1.875,NA,NA,"ED3102",2,NA,NA,NA,727.613865268996,472.41978598855,694.800710234835,714.172539339769,732.189322139785,41.5848869270391,750.503086971842,770.574256090846,786.852577858169,0.0571524113434333,38.7878318352959,26.6836378929782,36.1171524471887,37.7447258136191,39.1703831309617,2.35524395542489,40.1308127110016,41.109778322378,43.7230903347025,0.0607212067285925,68,"2_ED3102_1.875",NA,NA,NA,NA,NA,"2",761.147715732595,-28.9583935928097
"20250529-CbDRC3-p041-m2x_F07_roi_0.png",20250529,"CbDRC3","p041","m2x","F07",0,706.915799010535,40.4018280545785,"","48h",10,"15hHB101","DMSO",1,"Albendazole",3.75,NA,NA,"ED3102",2,NA,NA,NA,673.383680776739,606.995341458559,645.861326002731,654.103315502317,674.916527045628,26.62205159861,691.939745575946,707.064074481477,752.366163597611,0.0395347442455122,38.1527978108598,34.4087462750415,35.784780173851,36.8159489819562,37.9858456989646,1.85886859976061,39.7452967822488,40.5153738198662,42.3899606470256,0.0487216850773523,58,"2_ED3102_3.75",NA,NA,NA,NA,NA,"2",761.147715732595,-86.2311886869663
"20250529-CbDRC3-p041-m2x_F08_roi_0.png",20250529,"CbDRC3","p041","m2x","F08",0,628.299150901731,35.4001255383713,"","48h",10,"15hHB101","DMSO",1,"Albendazole",7.5,NA,NA,"ED3102",2,NA,NA,NA,654.4289325014,372.960503932298,618.905633467823,637.839799819619,662.820572231086,44.9118861409677,680.580729739253,696.622301610593,722.300342577223,0.0686275986749281,37.5644670027381,20.5910119386537,35.2359133563568,36.0343057960944,37.9687891936566,2.91209549202356,39.1395916668489,40.6062689551254,42.2351797311205,0.0775226091138546,78,"2_ED3102_7.5",NA,"n>75",NA,NA,NA,"2",761.147715732595,-98.3271435015083
"20250529-CbDRC3-p041-m2x_F09_roi_0.png",20250529,"CbDRC3","p041","m2x","F09",0,634.371929719632,35.8439997489943,"","48h",10,"15hHB101","DMSO",1,"Albendazole",15,NA,NA,"ED3102",2,NA,NA,NA,636.606626032165,309.851963640442,604.370098800488,620.876264079149,646.456554963984,49.047033003352,662.856072185617,673.920642996255,695.784023303946,0.0770444902671714,37.7138521006364,20.0524041779881,35.1119135193794,36.3830437838653,38.0745071233751,3.30259637589177,39.8699886401725,40.654079283689,42.4216723078948,0.0875698501197663,85,"2_ED3102_15",NA,"n>75",NA,NA,NA,"2",761.147715732595,-114.691160768611
"20250529-CbDRC3-p041-m2x_F10_roi_0.png",20250529,"CbDRC3","p041","m2x","F10",0,670.446076371418,36.8404764291731,"","48h",10,"15hHB101","DMSO",1,"Albendazole",30,NA,NA,"ED3102",2,NA,NA,NA,634.125208118256,419.562833258732,601.228527295803,614.867778198275,635.939863246519,42.3850538651995,655.127004231244,674.82852640676,766.438368142811,0.0668401970503202,37.4014301004594,22.229676257983,34.9908711505153,36.0416361966908,37.7741476228817,2.86806375477507,38.9515884970679,40.6014945565896,42.8371564763031,0.0766832644385928,83,"2_ED3102_30",NA,"n>75",NA,NA,NA,"2",761.147715732595,-125.207852486075
"20250529-CbDRC3-p041-m2x_F11_roi_0.png",20250529,"CbDRC3","p041","m2x","F11",0,675.909153618057,39.7402905587038,"","48h",10,"15hHB101","DMSO",1,"Albendazole",60,NA,NA,"ED3102",2,NA,NA,NA,638.654710987332,547.002154515426,600.531334976205,626.428056668926,644.518335247488,32.6467595373419,652.755911559578,676.378626586044,714.82086596222,0.0511180125593554,37.874642515866,30.6495021000356,35.5009248520798,36.2160282805567,38.1254337585871,2.3018662515419,39.764505592011,40.6128548062698,42.057161867685,0.0607759202104056,59,"2_ED3102_60",NA,NA,NA,NA,NA,"2",761.147715732595,-116.629380485106
"20250529-CbDRC3-p041-m2x_F12_roi_0.png",20250529,"CbDRC3","p041","m2x","F12",0,641.803581889025,38.2835472528554,"","48h",10,"15hHB101","DMSO",1,"Albendazole",120,NA,NA,"ED3102",2,NA,NA,NA,627.557709174953,515.919029689209,585.238581190545,604.334021911112,627.568250473715,44.9909092136406,644.716654408557,659.85336608,926.412783973467,0.0716920668105407,37.3410009346297,28.3324419160875,33.8989221800048,36.0843133144151,37.4512591629658,2.51791489907929,39.100461682513,40.1368372100766,42.3331560451311,0.0674303001006114,89,"2_ED3102_120",NA,"n>75",NA,NA,NA,"2",761.147715732595,-133.57946525888
"20250529-CbDRC3-p042-m2x_A01_roi_0.png",20250529,"CbDRC3","p042","m2x","A01",0,801.381517137829,38.5765729824592,"","48h",10,"15hHB101","DMSO",1,"Albendazole",0,NA,NA,"ECA2666",2,NA,NA,NA,738.230865943101,504.420923131601,659.771190457333,724.94199975628,752.089571064867,59.9708008268578,773.041667939848,798.349456297587,821.665245827085,0.081235835012458,34.2541129528046,26.2536743966299,30.2354651459178,31.9665600482281,34.5425694260326,3.28538588797436,36.5208378833363,38.6273798463392,39.9090175721526,0.0959121578334543,47,"2_ECA2666_0",NA,NA,NA,NA,NA,"2",743.777729533843,8.31184153102345
"20250529-CbDRC3-p042-m2x_A02_roi_0.png",20250529,"CbDRC3","p042","m2x","A02",0,806.102932701883,35.7894154727504,"","48h",10,"15hHB101","DMSO",1,"Albendazole",0.117,NA,NA,"ECA2666",2,NA,NA,NA,741.647951388496,596.180916809951,695.31481944345,726.351605006909,750.224206212939,40.6552254265772,766.689718994015,777.749629306602,814.578176685603,0.0548174175502857,33.9637460716238,25.3639635665075,30.1560839292223,32.0001310574546,34.912811048364,2.98585363369281,35.8771241125372,36.9006665299833,39.8069178922537,0.0879129654130659,67,"2_ECA2666_0.117",NA,NA,NA,NA,NA,"2",743.777729533843,6.44647667909589
"20250529-CbDRC3-p042-m2x_A03_roi_0.png",20250529,"CbDRC3","p042","m2x","A03",0,852.689525293551,34.4171938561597,"","48h",10,"15hHB101","DMSO",1,"Albendazole",0.234,NA,NA,"ECA2666",2,NA,NA,NA,740.931276008752,573.594895037537,663.473666641881,716.646345068301,738.533614930478,77.6345741375896,767.462478122106,797.892639441121,1243.96154972612,0.104779723371635,34.2053153827424,27.2050188433674,30.8841063359351,32.4181817894939,34.2221361185466,3.07182984888291,35.855746904025,37.3570668102988,46.9727040217234,0.0898056285846363,78,"2_ECA2666_0.234",NA,"n>75",NA,NA,NA,"2",743.777729533843,-5.24411460336546
"20250529-CbDRC3-p042-m2x_A04_roi_0.png",20250529,"CbDRC3","p042","m2x","A04",0,785.926858072083,33.5634618896324,"","48h",10,"15hHB101","DMSO",1,"Albendazole",0.468,NA,NA,"ECA2666",2,NA,NA,NA,749.722920642385,515.795089843231,706.558553686697,730.484706621727,756.89874580686,54.5004637046426,777.963253646792,796.779075639151,855.735968140032,0.0726941410007113,35.1998746525896,27.6660306332509,31.8832856135425,33.5634618896324,35.2807883994549,2.72584073608196,36.9935219294077,38.969490573384,41.9074875437542,0.0774389330355591,65,"2_ECA2666_0.468",NA,NA,NA,NA,NA,"2",743.777729533843,13.1210162730164
"20250529-CbDRC3-p042-m2x_A05_roi_0.png",20250529,"CbDRC3","p042","m2x","A05",0,710.846177546036,32.345718128447,"","48h",10,"15hHB101","DMSO",1,"Albendazole",0.9375,NA,NA,"ECA2666",2,NA,NA,NA,723.274628145256,546.497370391028,658.668750403614,711.092738086873,735.852705448923,51.1120240587692,753.104095596777,768.922029793407,803.581613606424,0.0706675197356769,34.3835339830784,27.4475589606363,30.4864708231706,32.4369955160188,34.8140552128702,2.77686148081182,36.3357262826507,37.6841894426126,39.8308034669795,0.0807613749703108,75,"2_ECA2666_0.9375",NA,NA,NA,NA,NA,"2",743.777729533843,-7.92502408492078
"20250529-CbDRC3-p042-m2x_A06_roi_0.png",20250529,"CbDRC3","p042","m2x","A06",0,717.346378619122,34.0134989878405,"","48h",10,"15hHB101","DMSO",1,"Albendazole",1.875,NA,NA,"ECA2666",2,NA,NA,NA,698.552284341018,172.279788414291,657.154542493596,692.004431014767,717.346378619122,112.802467448535,751.617881201313,766.430641553248,803.495699110161,0.161480350114305,34.1851058678905,11.5257001366163,30.7464594888575,33.1175953042541,34.9203763264306,5.23249645142939,36.7776152002717,38.5663585149327,40.63835134795,0.153063631619295,53,"2_ECA2666_1.875",NA,NA,NA,NA,NA,"2",743.777729533843,-26.431350914721
"20250529-CbDRC3-p042-m2x_A07_roi_0.png",20250529,"CbDRC3","p042","m2x","A07",0,704.363339316258,34.1155387421185,"","48h",10,"15hHB101","DMSO",1,"Albendazole",3.75,NA,NA,"ECA2666",2,NA,NA,NA,694.259501496083,429.71709632571,659.6528480794,672.28273116122,700.177519317065,47.2500499136641,721.478135283666,735.117793281061,772.590924823684,0.0680581969880763,36.1517451824478,22.0791392094779,32.805354067407,34.7839604264796,36.2003413034322,3.12751459128929,37.6700512125706,40.0285090401638,41.5022142217155,0.0865107500483196,59,"2_ECA2666_3.75",NA,NA,NA,NA,NA,"2",743.777729533843,-43.6002102167784
"20250529-CbDRC3-p042-m2x_A08_roi_0.png",20250529,"CbDRC3","p042","m2x","A08",0,699.68779436977,38.351163263123,"","48h",10,"15hHB101","DMSO",1,"Albendazole",7.5,NA,NA,"ECA2666",2,NA,NA,NA,672.07542339274,193.019059331697,631.620521736469,653.984006722174,683.907522847019,69.9007185843314,706.858072210582,723.908060337401,761.134688068299,0.1040072529828,36.1696153264409,14.4449723595119,33.6696082736868,34.8944482121069,36.5448104832176,3.60711260682671,37.7957679851948,39.1591857551841,42.3168396420479,0.0997277016709053,66,"2_ECA2666_7.5",NA,NA,NA,NA,NA,"2",743.777729533843,-59.870206686824
"20250529-CbDRC3-p042-m2x_A09_roi_0.png",20250529,"CbDRC3","p042","m2x","A09",0,709.830110198811,38.0319271147799,"","48h",10,"15hHB101","DMSO",1,"Albendazole",15,NA,NA,"ECA2666",2,NA,NA,NA,672.719883478987,570.540765195238,619.111940217367,651.695590663114,674.49770491638,37.9559803062138,708.504952239772,717.043108196299,738.329544643802,0.0564216715431741,36.9147869135683,30.0962334905678,34.8055007798925,36.0585253951747,37.1173912122874,2.16918885169141,38.1525290723899,39.1994220592636,41.1454315211204,0.0587620580546845,70,"2_ECA2666_15",NA,NA,NA,NA,NA,"2",743.777729533843,-69.2800246174628
"20250529-CbDRC3-p042-m2x_A10_roi_0.png",20250529,"CbDRC3","p042","m2x","A10",0,682.229389507774,38.5135912590118,"","48h",10,"15hHB101","DMSO",1,"Albendazole",30,NA,NA,"ECA2666",2,NA,NA,NA,662.9300538296,580.726908687215,620.138211766119,644.865846574264,666.936012547352,32.42544373025,684.503728323517,701.372575099924,723.919625699437,0.0489123151725215,37.4086774043861,23.9012344238954,34.6259677645071,36.3178187104789,37.8836964773222,2.49636579891024,38.9165164282522,39.8030525730027,41.6863134800493,0.0667322656699312,76,"2_ECA2666_30",NA,"n>75",NA,NA,NA,"2",743.777729533843,-76.8417169864908
"20250529-CbDRC3-p042-m2x_A11_roi_0.png",20250529,"CbDRC3","p042","m2x","A11",0,657.933034625026,38.0554067207455,"","48h",10,"15hHB101","DMSO",1,"Albendazole",60,NA,NA,"ECA2666",2,NA,NA,NA,658.02382105498,557.519863019692,614.698893711397,639.907614062839,666.104546458918,31.3529526628822,679.58899703715,694.244548924226,708.206883404708,0.0476471392975036,37.6025365638202,31.6181552603324,34.2272517948418,36.1723165291024,37.9447540123037,2.60818323488932,39.2116689994862,40.3239458196024,43.2960469218571,0.0693618961173704,78,"2_ECA2666_60",NA,"n>75",NA,NA,NA,"2",743.777729533843,-77.6731830749258
"20250529-CbDRC3-p042-m2x_A12_roi_0.png",20250529,"CbDRC3","p042","m2x","A12",0,653.454999878675,36.0596731908471,"","48h",10,"15hHB101","DMSO",1,"Albendazole",120,NA,NA,"ECA2666",2,NA,NA,NA,655.201533026599,502.99546720866,615.384635746905,640.035291785847,663.548145874572,38.4501672206476,679.475777688794,692.123993699621,712.811630324951,0.0586844890961002,36.7570315472759,25.3396052829043,34.2937937366558,35.9213481867288,36.9220088351672,2.33310553453191,37.8295990198824,39.1263365421854,40.8397890955681,0.06347372016511,51,"2_ECA2666_120",NA,NA,NA,NA,NA,"2",743.777729533843,-80.2295836592709
"20250529-CbDRC3-p042-m2x_B01_roi_0.png",20250529,"CbDRC3","p042","m2x","B01",0,850.913756452249,38.6577677995833,"","48h",10,"15hHB101","DMSO",1,"Albendazole",0,NA,NA,"JU3237",2,NA,NA,NA,757.54235462145,562.326372078418,655.334243183726,736.664491808816,774.172005688309,63.2067676550602,800.176798835012,819.061487678451,850.913756452249,0.0834366121834139,37.7552228269301,27.6460469989111,32.8570581349525,35.865556843935,38.3222029594074,3.49415210473708,40.0870653309197,41.3862844132368,44.8856150533292,0.0925475164258538,53,"2_JU3237_0",NA,NA,NA,NA,NA,"2",770.21703995553,3.95496573277853
"20250529-CbDRC3-p042-m2x_B02_roi_0.png",20250529,"CbDRC3","p042","m2x","B02",0,782.219878730548,35.9553428613483,"","48h",10,"15hHB101","DMSO",1,"Albendazole",0.117,NA,NA,"JU3237",2,NA,NA,NA,767.734931456637,633.588673828121,703.173716166472,742.042539583909,772.020746428264,54.2366042655314,808.177722090135,828.712645106972,859.709382193623,0.0706449609667068,36.0441496284834,28.3908837727136,30.9648219100567,34.1133102585105,36.0127292052818,3.55611769273936,38.2864898597523,40.872870695281,43.4063619092622,0.0986600524466026,47,"2_JU3237_0.117",NA,NA,NA,NA,NA,"2",770.21703995553,1.80370647273355
"20250529-CbDRC3-p042-m2x_B03_roi_0.png",20250529,"CbDRC3","p042","m2x","B03",0,757.502701648245,36.9109558537642,"","48h",10,"15hHB101","DMSO",1,"Albendazole",0.234,NA,NA,"JU3237",2,NA,NA,NA,772.876254064928,646.859411964927,722.185223349636,740.249454413029,779.444559203701,47.0482808878916,812.154619039723,827.408612155578,834.956167841038,0.0608742740386214,37.4587704185316,27.8398025273022,33.2407860111069,36.0511413362411,37.6890283128179,3.14218444442979,39.0748165611027,41.0444416670033,44.7002806313288,0.0838838117034214,42,"2_JU3237_0.234",NA,NA,NA,NA,NA,"2",770.21703995553,9.22751924817032
"20250529-CbDRC3-p042-m2x_B04_roi_0.png",20250529,"CbDRC3","p042","m2x","B04",0,803.029639496182,38.0203462930554,"","48h",10,"15hHB101","DMSO",1,"Albendazole",0.468,NA,NA,"JU3237",2,NA,NA,NA,770.339626603506,433.610212179045,726.54469080622,748.758834280629,776.231779713274,65.2479139966606,807.866806644031,820.567110261954,845.349637211653,0.0847001916341035,38.295657773282,24.3464178074,35.4993436423833,37.2323453837419,38.1620397511737,3.44319182497852,40.124945486774,41.2129437939161,45.1986678957047,0.089910763391581,52,"2_JU3237_0.468",NA,NA,NA,NA,NA,"2",770.21703995553,6.01473975774377
"20250529-CbDRC3-p042-m2x_B05_roi_0.png",20250529,"CbDRC3","p042","m2x","B05",0,742.426555423966,36.5131588001812,"","48h",10,"15hHB101","DMSO",1,"Albendazole",0.9375,NA,NA,"JU3237",2,NA,NA,NA,759.343291155843,464.129514641249,704.54936815197,732.133712443307,762.495046385063,56.331828145295,794.281579733355,816.028779173781,848.658512065227,0.0741849290056265,37.9237410467313,21.3165206514424,35.5359691370091,36.20265361606,38.0934152407207,3.17728203552097,39.6386510391552,41.5725992208338,43.4320958390272,0.0837808177100932,56,"2_JU3237_0.9375",NA,NA,NA,NA,NA,"2",770.21703995553,-7.72199357046759
"20250529-CbDRC3-p042-m2x_B06_roi_0.png",20250529,"CbDRC3","p042","m2x","B06",0,791.689622618664,37.1623572374058,"","48h",10,"15hHB101","DMSO",1,"Albendazole",1.875,NA,NA,"JU3237",2,NA,NA,NA,738.150472781386,301.522609067262,703.203127938362,727.767908887324,748.463839476265,81.5172623566947,767.546219454803,778.963331078357,909.079438743499,0.110434478283992,37.8502739707234,19.7458073931238,35.4400552328005,37.1135085113108,38.2566641277447,3.84106048249112,39.6836240056227,40.6475527267783,43.6085615202941,0.101480387842427,44,"2_JU3237_1.875",NA,NA,NA,NA,NA,"2",770.21703995553,-21.7532004792657
"20250529-CbDRC3-p042-m2x_B07_roi_0.png",20250529,"CbDRC3","p042","m2x","B07",0,683.872887373399,36.4188966888956,"","48h",10,"15hHB101","DMSO",1,"Albendazole",3.75,NA,NA,"JU3237",2,NA,NA,NA,692.296407851922,469.197420245735,665.966079282669,683.644960324626,694.513891668538,41.3681479488106,711.011014640083,722.964300300121,803.474776881329,0.0597549654737757,38.00969155395,29.3907070822827,36.4385817929464,36.9450928671992,38.1133846223436,2.00735312987154,39.2411518978296,39.8687535969474,42.8042172143882,0.0528116132440159,58,"2_JU3237_3.75",NA,NA,NA,NA,NA,"2",770.21703995553,-75.7031482869922
"20250529-CbDRC3-p042-m2x_B08_roi_0.png",20250529,"CbDRC3","p042","m2x","B08",0,709.661540699028,37.1815813686663,"","48h",10,"15hHB101","DMSO",1,"Albendazole",7.5,NA,NA,"JU3237",2,NA,NA,NA,676.778164872973,509.310323613223,638.331072205572,662.186263179686,687.213096880346,41.155071756135,699.370345159287,709.661540699028,749.542698893433,0.0608102830324905,37.9526436134778,31.3131799535979,35.9959079820288,37.0299010327371,38.1375695346968,2.14057224965827,39.4337388773041,40.322583793981,41.3285320189587,0.0564011369394596,51,"2_JU3237_7.5",NA,NA,NA,NA,NA,"2",770.21703995553,-83.0039430751841
"20250529-CbDRC3-p042-m2x_B09_roi_0.png",20250529,"CbDRC3","p042","m2x","B09",0,692.673258994796,36.9377639957412,"","48h",10,"15hHB101","DMSO",1,"Albendazole",15,NA,NA,"JU3237",2,NA,NA,NA,656.041934748508,400.322716987281,607.387249573859,643.046335098165,662.632719590129,55.9892961269211,684.102300371251,696.993401850078,770.755595375756,0.0853440811651537,38.7466101853408,24.9403680347286,36.3295269434561,37.6483416212449,38.9088407150508,3.47001941766589,40.5229372959491,42.2988096764029,44.4449897351409,0.0895567225382395,56,"2_JU3237_15",NA,NA,NA,NA,NA,"2",770.21703995553,-107.584320365401
"20250529-CbDRC3-p042-m2x_B10_roi_0.png",20250529,"CbDRC3","p042","m2x","B10",0,710.319591263742,40.55509709098,"","48h",10,"15hHB101","DMSO",1,"Albendazole",30,NA,NA,"JU3237",2,NA,NA,NA,636.262677842691,286.930862250679,589.788701071686,618.158944627097,647.073019377354,62.7151090547001,670.796190264219,689.304990495664,710.319591263742,0.0985679519461076,38.2074067248673,30.9292972136111,34.755771788352,37.5488154251432,38.7615420384502,2.69186801223512,39.8319704055784,41.1907207043082,42.0141899924039,0.0704540884341966,48,"2_JU3237_30",NA,NA,NA,NA,NA,"2",770.21703995553,-123.144020578177
"20250529-CbDRC3-p042-m2x_B11_roi_0.png",20250529,"CbDRC3","p042","m2x","B11",0,615.757033812666,35.7245496453161,"","48h",10,"15hHB101","DMSO",1,"Albendazole",60,NA,NA,"JU3237",2,NA,NA,NA,624.629785605659,173.371733593133,591.879281555084,610.964375679143,634.023639565128,71.6133433991733,651.925097034302,665.414978507402,741.699854138337,0.11464926112951,38.0013570163319,15.4885957812376,35.7903889120931,37.1903889807607,38.5356511553356,3.69127729172167,39.7518315083935,40.5891370100428,42.6732911975286,0.0971354072996728,54,"2_JU3237_60",NA,NA,NA,NA,NA,"2",770.21703995553,-136.193400390402
"20250529-CbDRC3-p042-m2x_B12_roi_0.png",20250529,"CbDRC3","p042","m2x","B12",0,626.109920779946,36.7195605831675,"","48h",10,"15hHB101","DMSO",1,"Albendazole",120,NA,NA,"JU3237",2,NA,NA,NA,612.01768719355,155.734348546139,589.016536959838,604.280034158623,617.439335107456,94.8893203936592,645.040059959022,674.275182435947,809.563512161833,0.155043428285187,37.2859175240023,13.0910287388746,35.289766233405,37.064060702855,38.7328208808686,5.65548457455539,40.000204510854,40.324410145312,42.7422665339279,0.151678836142754,54,"2_JU3237_120",NA,NA,NA,"outlier","outlier","2",770.21703995553,-152.777704848074
"20250529-CbDRC3-p042-m2x_C01_roi_0.png",20250529,"CbDRC3","p042","m2x","C01",0,884.428834711738,39.6697672363077,"","48h",10,"15hHB101","DMSO",1,"Albendazole",0,NA,NA,"VX34",2,NA,NA,NA,813.38737635778,649.162390348934,757.241020641,790.775590831649,820.856122551544,45.6887908858406,848.468007651467,861.607612096466,884.428834711738,0.0561710105342768,37.4332669473256,29.6063997170183,34.5318924529291,36.3681707162,37.7241117144961,2.48034277264853,38.9576494439788,40.1327562242246,41.6181665594486,0.0662603874820426,61,"2_VX34_0",NA,NA,NA,NA,NA,"2",817.980026430563,2.87609612098106
"20250529-CbDRC3-p042-m2x_C02_roi_0.png",20250529,"CbDRC3","p042","m2x","C02",0,838.765702544984,37.9995822204213,"","48h",10,"15hHB101","DMSO",1,"Albendazole",0.117,NA,NA,"VX34",2,NA,NA,NA,819.288490830395,696.86534415687,762.771979891524,796.160594628455,825.112773534859,45.5645473573306,847.791960208966,861.56395019354,965.407644281519,0.0556147777825469,37.5557199175722,30.7006099488128,34.1576359220669,35.9688172104105,37.510845760479,2.74314430275073,39.4145076366185,40.9068848393562,44.1921604990712,0.0730419842509057,67,"2_VX34_0.117",NA,NA,NA,NA,NA,"2",817.980026430563,7.13274710429653
"20250529-CbDRC3-p042-m2x_C03_roi_0.png",20250529,"CbDRC3","p042","m2x","C03",0,783.023953427889,36.056285953919,"","48h",10,"15hHB101","DMSO",1,"Albendazole",0.234,NA,NA,"VX34",2,NA,NA,NA,825.178759374736,499.258966441685,776.419686581311,792.86365874493,838.232726912715,56.1325160285098,853.067152537107,873.209032896401,952.21895630729,0.0680246739155564,37.5964173484684,27.6801838703252,35.2262494310512,36.8244018188558,37.7664538749092,2.57646931518861,39.293168787266,40.3864519553298,42.6496390767296,0.068529649814986,66,"2_VX34_0.234",NA,NA,NA,NA,NA,"2",817.980026430563,20.2527004821521
"20250529-CbDRC3-p042-m2x_C04_roi_0.png",20250529,"CbDRC3","p042","m2x","C04",0,816.73001510095,36.5146404412806,"","48h",10,"15hHB101","DMSO",1,"Albendazole",0.468,NA,NA,"VX34",2,NA,NA,NA,814.829152257759,278.478940259581,780.698402543763,807.93546873561,825.54452165907,72.7696432984747,846.965201704598,857.023196078139,884.418351714718,0.0893066271583949,37.0812043279042,16.8595475792663,34.7104082746989,36.0229437450814,37.4222869540974,3.15011572230778,39.0114730465614,39.6819817506536,41.116939722144,0.0849518180275842,78,"2_VX34_0.468",NA,"n>75",NA,NA,NA,"2",817.980026430563,7.56449522850721
"20250529-CbDRC3-p042-m2x_C05_roi_0.png",20250529,"CbDRC3","p042","m2x","C05",0,779.825601293045,37.7400476508329,"","48h",10,"15hHB101","DMSO",1,"Albendazole",0.9375,NA,NA,"VX34",2,NA,NA,NA,805.403311889947,384.541743616495,754.507843984912,785.150930654435,817.483513728982,77.3723087255418,837.462828282187,853.990695704334,944.375960577434,0.0960665390659757,37.5367535234097,25.8675202929175,33.9781877422083,36.6292668576688,37.8697989585984,2.83852954178797,39.1829944478452,39.938641853738,41.9465029688009,0.0756200064029972,69,"2_VX34_0.9375",NA,NA,NA,NA,NA,"2",817.980026430563,-0.496512701581082
"20250529-CbDRC3-p042-m2x_C06_roi_0.png",20250529,"CbDRC3","p042","m2x","C06",0,745.975107988051,36.259168111514,"","48h",10,"15hHB101","DMSO",1,"Albendazole",1.875,NA,NA,"VX34",2,NA,NA,NA,791.110603881756,542.254608386183,749.89312391769,770.87396016257,801.258497538653,48.0975074815317,815.568402135471,829.495201554118,871.267651361306,0.0607974501233213,38.7556671010343,29.4319861716777,36.3928871207997,37.8539316799472,38.678330783307,2.25238846597953,40.0608639313194,41.4760729394973,43.9976027464283,0.0581176543834908,58,"2_VX34_1.875",NA,NA,NA,NA,NA,"2",817.980026430563,-16.7215288919095
"20250529-CbDRC3-p042-m2x_C07_roi_0.png",20250529,"CbDRC3","p042","m2x","C07",0,725.41386512861,37.531215770089,"","48h",10,"15hHB101","DMSO",1,"Albendazole",3.75,NA,NA,"VX34",2,NA,NA,NA,722.127659319131,635.185942011566,687.445919329466,707.038982234617,724.068833638674,27.517080884438,737.223899448069,750.29465613769,813.27450735143,0.0381055628174981,38.212301871029,35.0861305776082,36.5110994981699,37.2971994599924,38.232499818112,1.36517235049283,39.235355190823,39.9432295685863,40.7461471184882,0.0357259909413582,66,"2_VX34_3.75",NA,NA,NA,NA,NA,"2",817.980026430563,-93.9111927918887
"20250529-CbDRC3-p042-m2x_C08_roi_0.png",20250529,"CbDRC3","p042","m2x","C08",0,700.675297606919,36.4447211098207,"","48h",10,"15hHB101","DMSO",1,"Albendazole",7.5,NA,NA,"VX34",2,NA,NA,NA,704.49487131987,430.276724642256,661.628597273783,697.772149694688,715.743286875376,47.5107443310612,721.304842050022,741.387851461441,762.112691262334,0.067439446708888,37.7928517362935,22.5893155935714,35.1164263235577,37.0121535939145,38.3148592012051,3.10944965117659,39.3157804308289,40.1766330599934,43.8152778990581,0.0822761318164963,56,"2_VX34_7.5",NA,NA,NA,NA,NA,"2",817.980026430563,-102.236739555187
"20250529-CbDRC3-p042-m2x_C09_roi_0.png",20250529,"CbDRC3","p042","m2x","C09",0,680.690567761805,36.4532394818882,"","48h",10,"15hHB101","DMSO",1,"Albendazole",15,NA,NA,"VX34",2,NA,NA,NA,659.774885032452,176.002614511564,627.922885871404,660.696052091208,681.119756959382,100.581369509766,693.245219431892,718.619855999036,771.316340419647,0.152448011877291,37.2996110283951,13.4059979386676,35.482848600174,37.2209463260233,38.1819763865175,5.3593375910954,39.1085723675415,40.6525901852077,45.8328385054315,0.143683471310612,59,"2_VX34_15",NA,NA,NA,NA,NA,"2",817.980026430563,-136.86026947118
"20250529-CbDRC3-p042-m2x_C10_roi_0.png",20250529,"CbDRC3","p042","m2x","C10",0,650.323632641718,38.141385991528,"","48h",10,"15hHB101","DMSO",1,"Albendazole",30,NA,NA,"VX34",2,NA,NA,NA,672.048977562927,590.393177527943,639.50794907555,658.092534600131,676.672756424413,26.2765742403146,684.238263258128,700.783908296563,736.18375574936,0.0390991953229394,38.8409260722179,33.1885649017539,36.8571971639707,37.7809977811004,38.9459259943843,1.7088670076304,39.8849449912475,40.8661861322907,43.7311761738409,0.0439965567363934,78,"2_VX34_30",NA,"n>75",NA,NA,NA,"2",817.980026430563,-141.30727000615
"20250529-CbDRC3-p042-m2x_C11_roi_0.png",20250529,"CbDRC3","p042","m2x","C11",0,664.931847645428,36.6284322424187,"","48h",10,"15hHB101","DMSO",1,"Albendazole",60,NA,NA,"VX34",2,NA,NA,NA,652.614542058797,289.101058011,628.420659489323,644.514855886808,660.800747943417,71.1640478447043,682.349090634445,696.563431295017,795.125445522999,0.109044532811365,37.1527475477102,17.6770187435315,34.4495474946188,35.9225998927706,37.9993416660324,4.14127477217349,39.1033756697867,40.059347800251,42.5150796825948,0.111466178022377,62,"2_VX34_60",NA,NA,NA,NA,NA,"2",817.980026430563,-157.179278487145
"20250529-CbDRC3-p042-m2x_C12_roi_0.png",20250529,"CbDRC3","p042","m2x","C12",0,660.728912418712,38.027520802861,"","48h",10,"15hHB101","DMSO",1,"Albendazole",120,NA,NA,"VX34",2,NA,NA,NA,653.50630729227,483.655661554303,607.178751720021,643.654751716125,661.506158235867,42.7111012687336,676.934515701332,686.77275073348,782.247742036042,0.065356830977963,37.4448842153457,27.8135632231021,34.0270128943067,36.3197223778886,37.7175156192764,2.38474779924618,38.8922175804028,39.9500704418839,41.6669677914337,0.0636868787076891,67,"2_VX34_120",NA,NA,NA,NA,NA,"2",817.980026430563,-156.473868194696
"20250529-CbDRC3-p042-m2x_D01_roi_0.png",20250529,"CbDRC3","p042","m2x","D01",0,758.74142754058,36.9307079803385,"","48h",10,"15hHB101","DMSO",1,"Albendazole",0,NA,NA,"NIC1667",2,NA,NA,NA,722.512155313044,509.011796503006,645.356877228987,711.925494517319,730.622099548738,50.336239144114,756.530413419367,766.033439060863,806.894699001263,0.0696683630496219,33.9623277689118,29.3634693800794,30.3292046898587,32.2061818500383,33.9195066042819,2.48123392408545,35.8206560352283,37.1863843023476,38.514918694147,0.0730584175786884,60,"2_NIC1667_0",NA,NA,NA,NA,NA,"2",729.921952611189,0.700146937549448
"20250529-CbDRC3-p042-m2x_D02_roi_0.png",20250529,"CbDRC3","p042","m2x","D02",0,779.703720908408,33.8611547430839,"","48h",10,"15hHB101","DMSO",1,"Albendazole",0.117,NA,NA,"NIC1667",2,NA,NA,NA,712.08336753046,128.933182691988,633.560535896237,686.239204125393,726.735301033619,92.7909047810097,767.988379559355,783.164318752084,799.755169509326,0.13030904668201,33.0797768546008,12.3946881909494,29.179776449378,31.5098495556689,33.3364798007583,3.94598627217347,35.7172273487044,36.9174158287867,39.3128166271381,0.119286967669634,63,"2_NIC1667_0.117",NA,NA,NA,NA,NA,"2",729.921952611189,-3.18665157757016
"20250529-CbDRC3-p042-m2x_D03_roi_0.png",20250529,"CbDRC3","p042","m2x","D03",0,754.89134242934,33.4249604261946,"","48h",10,"15hHB101","DMSO",1,"Albendazole",0.234,NA,NA,"NIC1667",2,NA,NA,NA,726.366963046051,512.732588618788,648.752544890754,698.625379493991,738.578178897438,53.3535314845888,765.55524567472,774.981894750434,812.222582678385,0.0734525855372724,33.7144874229837,23.5575249241671,30.1099959201693,31.944503266912,33.6123549061415,3.09847320804868,35.1906088756593,37.303100448927,41.5190495610643,0.0919033164934432,64,"2_NIC1667_0.234",NA,NA,NA,NA,NA,"2",729.921952611189,8.65622628624897
"20250529-CbDRC3-p042-m2x_D04_roi_0.png",20250529,"CbDRC3","p042","m2x","D04",0,702.566401551391,32.7093328038448,"","48h",10,"15hHB101","DMSO",1,"Albendazole",0.468,NA,NA,"NIC1667",2,NA,NA,NA,715.220118859198,594.946330410984,634.761882128798,687.199192558322,721.887918103616,52.9735600969324,754.995802372251,776.157928875196,797.833410576968,0.0740660933607784,32.5067580769243,27.7624224714112,29.0282886119391,30.722116555366,32.5584027946884,2.52823704238882,34.1861342087112,36.0208363875604,37.6771771451258,0.0777757362455516,77,"2_NIC1667_0.468",NA,"n>75",NA,NA,NA,"2",729.921952611189,-8.03403450757321
"20250529-CbDRC3-p042-m2x_D05_roi_0.png",20250529,"CbDRC3","p042","m2x","D05",0,744.076674988655,33.314390200482,"","48h",10,"15hHB101","DMSO",1,"Albendazole",0.9375,NA,NA,"NIC1667",2,NA,NA,NA,719.682796267838,549.170372846304,624.723173878707,703.373405171502,737.356873538366,60.1719325177695,760.177069351447,772.356193984977,829.433189799912,0.0836089633235805,34.3176208141878,26.7965510097744,30.1174198468445,32.189731743072,34.8580988207972,3.3323560825457,36.6280942865604,38.1918281425134,40.7168957506436,0.097103354005474,60,"2_NIC1667_0.9375",NA,NA,NA,NA,NA,"2",729.921952611189,7.43492092717702
"20250529-CbDRC3-p042-m2x_D06_roi_0.png",20250529,"CbDRC3","p042","m2x","D06",0,743.669872702306,36.6642572786398,"","48h",10,"15hHB101","DMSO",1,"Albendazole",1.875,NA,NA,"NIC1667",2,NA,NA,NA,700.394495237496,586.659190696296,638.466655315429,675.132389767032,711.673006223191,44.1429282537884,728.169084019063,747.470448785587,780.7947975892,0.0630258069615754,35.0168257728846,27.4267395939224,31.4135294448929,33.2390717166539,35.752896735291,2.90534700582715,36.7979524213248,38.6020475829109,41.206725855829,0.0829700277424037,73,"2_NIC1667_1.875",NA,NA,NA,NA,NA,"2",729.921952611189,-18.2489463879975
"20250529-CbDRC3-p042-m2x_D08_roi_0.png",20250529,"CbDRC3","p042","m2x","D08",0,637.010947981612,30.496668426143,"","48h",10,"15hHB101","DMSO",1,"Albendazole",7.5,NA,NA,"NIC1667",2,NA,NA,NA,650.457190930179,278.866499709207,616.669271404415,639.384018502039,662.235822142779,76.1498987789813,685.133956215598,709.984734294883,728.073258191214,0.117071345879172,35.0561115716813,15.8854794634832,31.3740746893812,34.0617160338125,35.6863417017148,3.8899321376823,37.4569114230616,38.1504594890248,39.8198154601927,0.110963023657896,68,"2_NIC1667_7.5",NA,NA,NA,NA,NA,"2",729.921952611189,-67.6861304684095
"20250529-CbDRC3-p042-m2x_D09_roi_0.png",20250529,"CbDRC3","p042","m2x","D09",0,668.555753115403,38.7087065400259,"","48h",10,"15hHB101","DMSO",1,"Albendazole",15,NA,NA,"NIC1667",2,NA,NA,NA,627.576524949296,486.043853218095,580.156993006366,606.170072510591,626.545719028222,41.296149932218,655.518345787136,676.793781633468,696.163476485199,0.0658025727389253,35.3215518992765,25.3622049280863,30.2950721786572,33.8835853528905,35.7805641961111,3.20553696219382,37.4807028683774,39.0533141229744,40.7934630036556,0.0907530046056522,64,"2_NIC1667_15",NA,NA,NA,NA,NA,"2",729.921952611189,-103.376233582967
"20250529-CbDRC3-p042-m2x_D10_roi_0.png",20250529,"CbDRC3","p042","m2x","D10",0,635.507426174461,36.888204821485,"","48h",10,"15hHB101","DMSO",1,"Albendazole",30,NA,NA,"NIC1667",2,NA,NA,NA,627.822293649957,496.664870241868,541.168417482543,610.450404746871,640.581111564105,49.6608326261997,657.9668316517,674.231883555484,705.610046054661,0.0791001420760126,35.7201684381577,26.4852954778281,30.1880956940118,34.2081507238482,36.6960931787843,3.48651846461679,38.0038527531197,39.3030204042625,41.8132312176273,0.0976064396407592,72,"2_NIC1667_30",NA,NA,NA,NA,NA,"2",729.921952611189,-89.3408410470839
"20250529-CbDRC3-p042-m2x_D11_roi_0.png",20250529,"CbDRC3","p042","m2x","D11",0,662.159197792547,37.6904505774491,"","48h",10,"15hHB101","DMSO",1,"Albendazole",60,NA,NA,"NIC1667",2,NA,NA,NA,623.783139644145,492.4830431821,553.442185324547,592.970865575775,630.548118437841,52.1901151408947,665.523670193956,684.091081036953,703.30103166985,0.0836670820738567,35.5359081355466,28.4098619547465,30.0913854826364,33.6754415944513,36.5233018271105,3.19727332068736,37.7051410494188,38.7691322024768,41.0259007577346,0.0899730297729221,47,"2_NIC1667_60",NA,NA,NA,NA,NA,"2",729.921952611189,-99.3738341733476
"20250529-CbDRC3-p042-m2x_D12_roi_0.png",20250529,"CbDRC3","p042","m2x","D12",0,652.957658435429,37.2180191998443,"","48h",10,"15hHB101","DMSO",1,"Albendazole",120,NA,NA,"NIC1667",2,NA,NA,NA,604.445416778456,301.852380186975,502.963553688374,592.536946015086,620.773962282899,63.7359195608654,642.375609079477,666.754902700915,705.06508277282,0.105445285532252,34.5798275137813,19.4605321264823,29.2245367799381,32.9355667568535,35.5569252859585,3.74159244449235,37.2767903415986,38.1022180080017,40.6709768134603,0.108201593631466,85,"2_NIC1667_120",NA,"n>75",NA,NA,NA,"2",729.921952611189,-109.14799032829
"20250529-CbDRC3-p042-m2x_E01_roi_0.png",20250529,"CbDRC3","p042","m2x","E01",0,794.491343479864,36.3925228697962,"","48h",10,"15hHB101","DMSO",1,"Albendazole",0,NA,NA,"PB420",2,NA,NA,NA,748.20857604558,572.950918208433,685.757074318446,725.488317927044,757.641582628092,47.0880978761654,777.093085833255,800.130921795847,819.461653581901,0.0629344535517552,36.8567268010824,28.8785679455386,34.4409199193319,35.166808806275,37.0123153191252,2.60927336036071,38.5126658130207,40.0798612815026,41.414931636998,0.0707950376180471,85,"2_PB420_0",NA,"n>75",NA,NA,NA,"2",759.904978691765,-2.26339606367287
"20250529-CbDRC3-p042-m2x_E02_roi_0.png",20250529,"CbDRC3","p042","m2x","E02",0,784.979434592068,37.4478102425392,"","48h",10,"15hHB101","DMSO",1,"Albendazole",0.117,NA,NA,"PB420",2,NA,NA,NA,752.523029052194,407.9710571031,707.292333462997,736.110303208892,758.203351863262,48.5934264392856,782.309091495994,794.471665090233,817.624537778411,0.0645740057955292,36.9380033667012,24.6332153890979,34.6335792899466,36.0593248664808,37.3386292172144,2.41102001001081,38.3324492574287,39.549690149556,44.12098108007,0.0652720718571458,101,"2_PB420_0.117",NA,"n>75",NA,NA,NA,"2",759.904978691765,-1.7016268285023
"20250529-CbDRC3-p042-m2x_E03_roi_0.png",20250529,"CbDRC3","p042","m2x","E03",0,811.636614174755,38.2483322832972,"","48h",10,"15hHB101","DMSO",1,"Albendazole",0.234,NA,NA,"PB420",2,NA,NA,NA,753.242140904306,377.305940204288,722.537068573957,739.800413980725,766.297858444774,67.9451269497561,783.110672336663,800.321856675177,821.978956245902,0.090203565706221,36.7031046971609,21.8723702313152,33.7615897978757,35.8262766753753,36.9260387878883,2.80707757351336,38.4635757288163,39.2360869788673,41.1387648285514,0.0764806573360672,86,"2_PB420_0.234",NA,"n>75",NA,NA,NA,"2",759.904978691765,6.39287975300954
"20250529-CbDRC3-p042-m2x_E04_roi_0.png",20250529,"CbDRC3","p042","m2x","E04",0,778.740852887331,37.1676757575342,"","48h",10,"15hHB101","DMSO",1,"Albendazole",0.468,NA,NA,"PB420",2,NA,NA,NA,762.183817905481,620.791311410456,695.339740818141,748.290205619436,778.183279311263,43.7608164136129,793.323140341465,800.457418748288,821.020759403913,0.057415042651876,37.5716765623254,30.0761967030062,33.8656841038241,36.3492213105236,37.8008533010381,2.56070709431116,39.5317140722257,40.2520116420369,42.0473776295349,0.0681552522699741,83,"2_PB420_0.468",NA,"n>75",NA,NA,NA,"2",759.904978691765,18.2783006194984
"20250529-CbDRC3-p042-m2x_E05_roi_0.png",20250529,"CbDRC3","p042","m2x","E05",0,770.736393086326,37.1638922641644,"","48h",10,"15hHB101","DMSO",1,"Albendazole",0.9375,NA,NA,"PB420",2,NA,NA,NA,758.033980771731,625.661299231834,718.421366331864,743.481409636127,759.330844423448,33.3090873144771,775.661349115841,790.338757697226,834.348181379581,0.0439414170860338,37.2682843894018,32.0551555779222,34.6320208500991,36.350030539354,37.2915983166499,1.97796993046737,38.5765201688341,39.3111658877912,41.9391182096606,0.0530738123011064,77,"2_PB420_0.9375",NA,"n>75",NA,NA,NA,"2",759.904978691765,-0.574134268316129
"20250529-CbDRC3-p042-m2x_E06_roi_0.png",20250529,"CbDRC3","p042","m2x","E06",0,723.54578567361,37.3063498020383,"","48h",10,"15hHB101","DMSO",1,"Albendazole",1.875,NA,NA,"PB420",2,NA,NA,NA,720.581072971016,556.759564283057,690.771823454643,707.50997580728,724.759787858816,32.30153964244,738.639077836385,748.474846836451,783.599587582519,0.0448270720035125,37.9637067704987,31.1743171553139,36.2317506388715,37.1419430151768,37.9247723795003,1.64589878539764,39.0169662553336,39.8906086324575,41.8504145809505,0.0433545331952847,82,"2_PB420_1.875",NA,"n>75",NA,NA,NA,"2",759.904978691765,-35.145190832949
"20250529-CbDRC3-p042-m2x_E07_roi_0.png",20250529,"CbDRC3","p042","m2x","E07",0,688.047512024121,38.3516752885909,"","48h",10,"15hHB101","DMSO",1,"Albendazole",3.75,NA,NA,"PB420",2,NA,NA,NA,673.215001420453,574.772844188802,645.571056762424,660.692264990399,676.812153767898,27.6527498468658,688.253759175079,706.74176218357,719.343272705127,0.0410756590220357,37.3446800480886,28.0590237727974,35.4029173855048,36.6613625528295,37.5016848405184,1.8730338793088,38.4020741505478,39.168083833547,42.1596523487423,0.0501553066433265,81,"2_PB420_3.75",NA,"n>75",NA,NA,NA,"2",759.904978691765,-83.0928249238661
"20250529-CbDRC3-p042-m2x_E08_roi_0.png",20250529,"CbDRC3","p042","m2x","E08",0,682.870630461736,36.6331995307363,"","48h",10,"15hHB101","DMSO",1,"Albendazole",7.5,NA,NA,"PB420",2,NA,NA,NA,658.07151009506,543.359363658136,621.824935394484,645.750575006948,664.099037705094,29.800689443371,677.372681097109,688.300677155646,711.487140382898,0.0452848801174605,37.1172552020101,30.0978351900948,34.6456355767572,36.1240967986714,37.2215727632065,2.04978294056107,38.3645724903583,39.1289463254106,42.2025998092584,0.0552245291146976,81,"2_PB420_7.5",NA,"n>75",NA,NA,NA,"2",759.904978691765,-95.8059409866705
"20250529-CbDRC3-p042-m2x_E09_roi_0.png",20250529,"CbDRC3","p042","m2x","E09",0,661.963598874476,39.0332436987543,"","48h",10,"15hHB101","DMSO",1,"Albendazole",15,NA,NA,"PB420",2,NA,NA,NA,617.027923238771,140.059389774749,582.521741207006,603.557019383766,626.487735792647,65.0935109346482,649.742889504627,661.666394497717,682.146985329316,0.105495243380515,36.8832009518979,13.851638832759,33.6105498055978,35.9317290901338,37.6298003717009,3.58988995539575,38.4708687990063,39.7987067335421,41.781250069065,0.0973313015884273,84,"2_PB420_15",NA,"n>75",NA,NA,NA,"2",759.904978691765,-133.417242899118
"20250529-CbDRC3-p042-m2x_E10_roi_0.png",20250529,"CbDRC3","p042","m2x","E10",0,636.693818523577,38.14508075436,"","48h",10,"15hHB101","DMSO",1,"Albendazole",30,NA,NA,"PB420",2,NA,NA,NA,622.047878027468,207.283926393454,598.098010497228,616.237049534238,628.014977624098,48.6060680449117,640.265962938833,656.919290531147,677.376157475076,0.0781387892505042,38.024900999126,14.7239931179076,36.1533377975073,37.3853908277655,38.3662502725892,3.20050337682988,39.3802794395229,40.1941477512431,44.0371826759253,0.0841686182668415,108,"2_PB420_30",NA,"n>75",NA,NA,NA,"2",759.904978691765,-131.890001067667
"20250529-CbDRC3-p042-m2x_E11_roi_0.png",20250529,"CbDRC3","p042","m2x","E11",0,630.160563352713,37.1525322455424,"","48h",10,"15hHB101","DMSO",1,"Albendazole",60,NA,NA,"PB420",2,NA,NA,NA,612.193263951645,554.397166661532,576.708776311194,599.78093857412,613.148105221352,25.1459292575847,632.511065544886,641.439847930312,657.097396512635,0.0410751485491203,38.0839700192343,32.8937256737053,35.5383885982467,37.0428359959918,38.0808285251063,1.98008265533336,39.2492038689526,40.2652687789362,46.3315963911972,0.0519925484221662,91,"2_PB420_60",NA,"n>75",NA,NA,NA,"2",759.904978691765,-146.756873470413
"20250529-CbDRC3-p042-m2x_E12_roi_0.png",20250529,"CbDRC3","p042","m2x","E12",0,583.824805377083,36.5583260626976,"","48h",10,"15hHB101","DMSO",1,"Albendazole",120,NA,NA,"PB420",2,NA,NA,NA,607.051550472554,173.671851537733,583.899115138626,595.4691239049,615.851454403211,54.8102420263151,629.810497689282,637.361024736902,666.069715811178,0.0902892711231008,37.687748519384,13.9919336028113,36.2926514483893,36.7484548821042,37.7903211667721,3.24867187742321,39.0245298955768,40.2076325359681,43.038406581262,0.0861996804015055,86,"2_PB420_120",NA,"n>75",NA,NA,NA,"2",759.904978691765,-144.053524288554
"20250529-CbDRC3-p042-m2x_F01_roi_0.png",20250529,"CbDRC3","p042","m2x","F01",0,802.163538497411,37.0356133987739,"","48h",10,"15hHB101","DMSO",1,"Albendazole",0,NA,NA,"ED3102",2,NA,NA,NA,744.082355735787,312.726456063249,702.532190611736,736.030030590187,760.141047613235,72.6556486892998,778.600904788135,792.911409248574,820.132047894261,0.0976446331904405,35.9644750489756,18.9936548004274,32.6856147790717,34.5218506444925,36.6723760411591,3.65138025805644,38.186544974124,39.2044286818485,41.5674079738271,0.101527417071543,74,"2_ED3102_0",NA,NA,NA,NA,NA,"2",761.147715732595,-1.00666811935946
"20250529-CbDRC3-p042-m2x_F02_roi_0.png",20250529,"CbDRC3","p042","m2x","F02",0,739.082932375639,36.2451033654647,"","48h",10,"15hHB101","DMSO",1,"Albendazole",0.117,NA,NA,"ED3102",2,NA,NA,NA,755.950632327054,573.987354219285,733.377670651183,745.564827512394,760.045458821853,37.0347792787184,776.170420082116,791.335637334438,803.432748099281,0.0489910024477573,35.8806532124451,25.3556122917812,33.364995032079,34.434668202324,35.829131698093,2.65361753568323,37.7722856984972,38.8201784984142,40.8726117462099,0.0739567788794556,81,"2_ED3102_0.117",NA,"n>75",NA,NA,NA,"2",761.147715732595,-1.10225691074129
"20250529-CbDRC3-p042-m2x_F03_roi_0.png",20250529,"CbDRC3","p042","m2x","F03",0,759.189221373109,37.6729685735441,"","48h",10,"15hHB101","DMSO",1,"Albendazole",0.234,NA,NA,"ED3102",2,NA,NA,NA,764.915977463311,689.289101207159,732.691898368288,749.255922927271,763.918676724749,29.9950858571488,781.709225772894,792.455150761188,898.142410436294,0.0392135695172971,36.8910053209179,28.292023976336,34.7353212818186,35.9935304009994,37.1011670200466,2.07519280836417,38.4156601706904,38.8810155875439,40.8563724780449,0.0562519993779485,70,"2_ED3102_0.234",NA,NA,NA,NA,NA,"2",761.147715732595,2.77096099215407
"20250529-CbDRC3-p042-m2x_F04_roi_0.png",20250529,"CbDRC3","p042","m2x","F04",0,795.370496935069,37.2265625065008,"","48h",10,"15hHB101","DMSO",1,"Albendazole",0.468,NA,NA,"ED3102",2,NA,NA,NA,761.579002356228,635.794482125516,729.185607726165,745.873775422303,761.938032857182,31.7661958269887,780.61296190789,792.53366263354,857.379059516323,0.0417109659388036,36.8065098698805,31.5830271522791,34.2659032133721,35.1551782062801,36.6936959367082,2.29597468058357,38.1275533838143,39.3031275101683,44.506866383171,0.0623795814572033,74,"2_ED3102_0.468",NA,NA,NA,NA,NA,"2",761.147715732595,0.790317124587659
"20250529-CbDRC3-p042-m2x_F05_roi_0.png",20250529,"CbDRC3","p042","m2x","F05",0,769.498662158051,38.1704729123107,"","48h",10,"15hHB101","DMSO",1,"Albendazole",0.9375,NA,NA,"ED3102",2,NA,NA,NA,749.476982775379,671.977811755949,721.323580002997,734.319799095605,750.755271407269,26.352941509786,766.608664709056,782.813518568743,814.972886719167,0.0351617756321199,37.4224374790629,29.6807870816767,34.6905506557512,36.5398931014282,37.6503302697814,2.17750267221276,38.8688858097294,40.1323952882516,40.8172768108403,0.0581870882523628,69,"2_ED3102_0.9375",NA,NA,NA,NA,NA,"2",761.147715732595,-10.3924443253256
"20250529-CbDRC3-p042-m2x_F06_roi_0.png",20250529,"CbDRC3","p042","m2x","F06",0,712.644325850239,36.3841395732568,"","48h",10,"15hHB101","DMSO",1,"Albendazole",1.875,NA,NA,"ED3102",2,NA,NA,NA,711.603630537964,168.835443471312,693.809974917411,712.644325850239,728.360505862983,94.7109780921863,740.565193377903,756.172201503561,771.553022166751,0.13309513053016,38.0092831093974,11.545423834907,36.0535478207435,37.5296736171492,38.8133494314629,4.78735396906517,39.6050936530795,40.9354442076027,44.1979288853258,0.125952230019343,69,"2_ED3102_1.875",NA,NA,NA,NA,NA,"2",761.147715732595,-32.7872098696113
"20250529-CbDRC3-p042-m2x_F07_roi_0.png",20250529,"CbDRC3","p042","m2x","F07",0,667.646136373046,38.420002332925,"","48h",10,"15hHB101","DMSO",1,"Albendazole",3.75,NA,NA,"ED3102",2,NA,NA,NA,664.353133306904,583.420887188178,626.473344598827,646.607129060307,667.182212491479,29.5808682558812,683.128064816465,698.541305328462,734.976667264172,0.0445258203399125,37.7884795969598,32.3463275785855,34.2737450283151,36.3355947670616,37.9904720411574,2.2811483859624,39.0802364400825,40.7872200454625,42.7447174474961,0.0603662388720694,78,"2_ED3102_3.75",NA,"n>75",NA,NA,NA,"2",761.147715732595,-93.965503241116
"20250529-CbDRC3-p042-m2x_F08_roi_0.png",20250529,"CbDRC3","p042","m2x","F08",0,670.472210338318,38.21768139272,"","48h",10,"15hHB101","DMSO",1,"Albendazole",7.5,NA,NA,"ED3102",2,NA,NA,NA,654.859047903769,157.78087754555,617.176024652608,639.225743354975,665.14501717445,80.5246489433504,685.094163515481,704.294246658302,743.240270671804,0.122964856637643,37.588700586139,15.0786494881285,35.8982543199526,36.7271597659443,38.1854336271287,3.73383847973149,39.3819155377289,40.0602865087618,41.2930988760929,0.0993340663951645,48,"2_ED3102_7.5",NA,NA,NA,NA,NA,"2",761.147715732595,-96.002698558145
"20250529-CbDRC3-p042-m2x_F09_roi_0.png",20250529,"CbDRC3","p042","m2x","F09",0,654.658811257368,38.620188026424,"","48h",10,"15hHB101","DMSO",1,"Albendazole",15,NA,NA,"ED3102",2,NA,NA,NA,647.844661203978,480.496293201179,620.480566794626,633.918721531963,649.011632890484,30.9619084112337,660.944722736751,681.054682686129,703.476075916136,0.047792179615547,38.3183881784729,27.9798072721586,35.3686412643181,37.2072689455809,38.4552958726219,2.37706310702085,39.8481955330491,40.8882069477487,42.7197809663113,0.0620345275471756,77,"2_ED3102_15",NA,"n>75",NA,NA,NA,"2",761.147715732595,-112.13608284211
"20250529-CbDRC3-p042-m2x_F10_roi_0.png",20250529,"CbDRC3","p042","m2x","F10",0,652.395782051588,37.0936422197314,"","48h",10,"15hHB101","DMSO",1,"Albendazole",30,NA,NA,"ED3102",2,NA,NA,NA,639.238455613533,577.974185926298,598.990168165652,621.71027692886,641.60153552288,28.1690960719792,660.995032439186,670.973311948958,688.210546788707,0.044066648094478,38.0892474693126,31.4446880706154,35.4633172914309,36.6090699460549,37.9873459023925,2.38944021820233,39.3086013813471,41.2945382667791,43.6516077011286,0.0627326706868502,68,"2_ED3102_30",NA,NA,NA,NA,NA,"2",761.147715732595,-119.546180209715
"20250529-CbDRC3-p042-m2x_F11_roi_0.png",20250529,"CbDRC3","p042","m2x","F11",0,643.156310206107,36.6452345830291,"","48h",10,"15hHB101","DMSO",1,"Albendazole",60,NA,NA,"ED3102",2,NA,NA,NA,627.923096205916,471.256875657366,595.94414087904,615.521106028145,634.036796580702,32.1398959215724,646.636513938244,658.361686764747,677.903635890781,0.0511844461778369,37.9611590779829,28.1856674647024,34.6342218922751,36.6304487517426,37.8840201183515,2.6993989952837,39.9224480224535,41.0671287003377,43.7185239562408,0.0711094987837009,77,"2_ED3102_60",NA,"n>75",NA,NA,NA,"2",761.147715732595,-127.110919151892
"20250529-CbDRC3-p042-m2x_F12_roi_0.png",20250529,"CbDRC3","p042","m2x","F12",0,638.43863078508,35.0106714884015,"","48h",10,"15hHB101","DMSO",1,"Albendazole",120,NA,NA,"ED3102",2,NA,NA,NA,614.525198083743,462.405433519704,565.299234573047,592.576119861959,622.73291469386,42.6843813669234,641.120267027315,659.446345854955,700.093055879372,0.0694591230758722,36.8768035974323,24.7352157988808,33.9647338605439,35.2441111237359,36.9856580446039,3.11685572233971,38.9195831016654,40.0541137198396,42.5378739127989,0.0845207669397014,65,"2_ED3102_120",NA,NA,NA,NA,NA,"2",761.147715732595,-138.414801038734
